#%yanny
#
# confSummaryFS-24941.par
#
# Created by pydl.pydlutils.yanny.yanny
#
# 2026-02-25 15:03:54 UTC
#
configuration_id 24941
robostrategy_run iota-1
fps_calibrations_version 2025.12.04
jaeger_version 1.11.0
coordio_version 1.18.1
kaiju_version 1.4.1
design_id 768725
field_id 101289
focal_scale 0.9998077
instruments BOSS APOGEE
epoch 2461096.747901897
obstime Wed Feb 25 05:55:30 2026
MJD 61096
observatory APO
temperature 9.91821039460433
raCen 142.144087756039
decCen -0.743567540286175
pa 39.03232
is_dithered 0
parent_configuration -999
dither_radius -999.0
cloned_from -999
rotator_angle 226.45
fvc_centroid_method flex
fvc_rms 0.00826
fvc_90_perc 0.0093
fvc_percent_reached 63.0
fvc_image_path /data/fcam/61096/proc-fimg-fvc1n-0031.fits

typedef enum {
    BOSS,
    APOGEE,
    METROLOGY,
    NONE
} FIBERTYPE;

typedef struct {
    short positionerId;
    char holeId[28];
    FIBERTYPE fiberType;
    short assigned;
    short on_target;
    short disabled;
    short valid;
    short decollided;
    short too;
    double xwok;
    double ywok;
    double zwok;
    double xFocal;
    double yFocal;
    float alpha;
    float beta;
    double racat;
    double deccat;
    float pmra;
    float pmdec;
    float parallax;
    double ra;
    double dec;
    double ra_observed;
    double dec_observed;
    double alt_observed;
    double az_observed;
    float lambda_design;
    float lambda_eff;
    float coord_epoch;
    short spectrographId;
    short fiberId;
    float mag[5];
    char optical_prov[96];
    float bp_mag;
    float gaia_g_mag;
    float rp_mag;
    float h_mag;
    long catalogid;
    long carton_to_target_pk;
    char cadence[76];
    char firstcarton[208];
    char program[48];
    char category[60];
    long sdssv_boss_target0;
    long sdssv_apogee_target0;
    double delta_ra;
    double delta_dec;
    long too_id;
    char too_program[4];
} FIBERMAP;

FIBERMAP 3 R-1C14 APOGEE 0 0 0 1 0 0 2.390995971514336 0.17890803641116904 143.1 1.9695938408546494 -1.3665134908275036 183.42142 28.068914 -999.0 -999.0 -999.0 -999.0 -999.0 142.1530614264996 -0.7496822576251475 142.1562681424502 -0.858510862105964 56.152246311588414 172.61594996349075 -999.0 16600.0 -999.0 2 214 {-999.0 -999.0 -999.0 -999.0 -999.0} "" -999.0 -999.0 -999.0 -999.0 -999 -999 "" ops_sky_apogee_best_unassigned ops_sky sky_apogee 0 0 0.0 0.0 -999 ""
FIBERMAP 3 R-1C14 BOSS 1 1 0 1 0 0 3.0033930271876272 0.5894070790213952 143.1 2.703672407999262 -1.4332911053615027 183.42142 28.068914 142.1563544220943 -0.7500737791659822 10.945981 -12.718242 0.43310717 142.15642333882414 -0.750118226515468 142.15961401148883 -0.8588158727240559 56.151581358104075 172.61003803729196 5400.0 5400.0 2016.0 1 263 {-999.0 16.140526 15.872563 15.771046 -999.0} sdss_psfmag 16.104235 15.850059 15.441301 14.744 63050395170984496 976488895 "" ops_std_boss ops_std standard_boss 0 0 0.0 0.0 -999 ""
FIBERMAP 3 R-1C14 METROLOGY 0 0 0 1 0 0 3.0576476075467127 -0.15896894804424733 143.1 2.274603102597459 -2.048671683232574 183.42142 28.068914 -999.0 -999.0 -999.0 -999.0 -999.0 142.1544680335795 -0.7528868599892069 142.15765877699306 -0.8616192382101717 56.14900584450554 172.6140714946871 -999.0 6231.0 -999.0 -1 -999 {-999.0 -999.0 -999.0 -999.0 -999.0} "" -999.0 -999.0 -999.0 -999.0 -999 -999 "" "" "" "" 0 0 0.0 0.0 -999 ""
FIBERMAP 16 R+7C7 APOGEE 0 0 0 1 0 0 -83.78793868748633 120.61601715565085 143.1 10.871188163188648 146.43143456815932 271.15115 95.53473 -999.0 -999.0 -999.0 -999.0 -999.0 142.1924390843755 -0.077510090429073 142.19671669098256 -0.18658129420485214 56.815698702246955 172.40979916742606 -999.0 16600.0 -999.0 2 102 {-999.0 -999.0 -999.0 -999.0 -999.0} "" -999.0 -999.0 -999.0 -999.0 -999 -999 "" ops_sky_apogee_best_unassigned ops_sky sky_apogee 0 0 0.0 0.0 -999 ""
FIBERMAP 16 R+7C7 BOSS 1 1 0 1 0 0 -84.51877831005808 120.52317112820751 143.1 10.24512845931345 146.81949057637758 271.15115 95.53473 142.1896359106833 -0.07584437608828172 -9.702131 0.8485774 0.31481466 142.18960810217575 -0.07583207612976224 142.19387407892577 -0.18476651171576186 56.81781789114269 172.41459256555598 5400.0 5400.0 2016.0 1 76 {-999.0 16.943007 16.555439 16.396772 -999.0} sdss_psfmag 16.887949 16.574533 16.098131 15.249 63050395170990617 977051829 "" ops_std_boss ops_std standard_boss 0 0 0.0 0.0 -999 ""
FIBERMAP 16 R+7C7 METROLOGY 0 0 0 1 0 0 -84.24364958806287 121.20881404953646 143.1 10.89051137579195 147.178757921228 271.15115 95.53473 -999.0 -999.0 -999.0 -999.0 -999.0 142.19253458373782 -0.07417463284540991 142.19680688749662 -0.18315176383146448 56.81909699166196 172.4089393658066 -999.0 6231.0 -999.0 -1 -999 {-999.0 -999.0 -999.0 -999.0 -999.0} "" -999.0 -999.0 -999.0 -999.0 -999 -999 "" "" "" "" 0 0 0.0 0.0 -999 ""
FIBERMAP 37 R-9C9 APOGEE 1 1 0 1 0 0 -12.091992755154076 -186.0584641834472 143.1 -126.54054205779013 -136.88714571544392 251.24022 132.23752 141.5702814065042 -1.365977552018537 -1.6959051 -2.9646916 0.1974323 141.57029399931236 -1.3660014295624576 141.57259187337542 -1.4737332035569621 55.59828665159708 173.76038455178895 16000.0 16600.0 2016.0 2 167 {-999.0 13.652877 12.91905 12.632822 -999.0} sdss_psfmag_from_g3xp 13.446575 12.943309 12.281915 10.921 63050395170936644 1151939694 bright_1x1 mwm_galactic_core_dist_apogee_sparse mwm_galactic science 0 0 0.0 0.0 -999 ""
FIBERMAP 37 R-9C9 BOSS 0 0 0 1 0 0 -12.7702106653856 -186.35308198574512 143.1 -127.25277664757026 -136.68892664154828 251.24022 132.23752 -999.0 -999.0 -999.0 -999.0 -999.0 141.56704150334141 -1.3652764237239237 141.56932821902387 -1.4728639252110705 55.59945043328438 173.76599443127859 -999.0 5400.0 -999.0 1 376 {-999.0 -999.0 -999.0 -999.0 -999.0} "" -999.0 -999.0 -999.0 -999.0 -999 -999 "" "" "" "" 0 0 0.0 0.0 -999 ""
FIBERMAP 37 R-9C9 METROLOGY 0 0 0 1 0 0 -12.682471096194213 -185.60116340177376 143.1 -126.71119827058821 -136.16019961820433 251.24022 132.23752 -999.0 -999.0 -999.0 -999.0 -999.0 141.56948497060014 -1.3628425218601596 141.57177891768157 -1.4704740824354994 55.60160641884115 173.76128964399902 -999.0 6231.0 -999.0 -1 -999 {-999.0 -999.0 -999.0 -999.0 -999.0} "" -999.0 -999.0 -999.0 -999.0 -999 -999 "" "" "" "" 0 0 0.0 0.0 -999 ""
FIBERMAP 40 R+12C6 APOGEE 0 0 0 1 0 0 -53.80135036944603 238.22482582561338 143.1 108.21094048727366 218.89062973917393 122.823456 138.65378 -999.0 -999.0 -999.0 -999.0 -999.0 142.63257155261073 0.24879664102418916 142.63728860210654 0.13894540811712686 57.08725128507687 171.53742547471322 -999.0 16600.0 -999.0 2 -999 {-999.0 -999.0 -999.0 -999.0 -999.0} "" -999.0 -999.0 -999.0 -999.0 -999 -999 "" "" "" "" 0 0 0.0 0.0 -999 ""
FIBERMAP 40 R+12C6 BOSS 1 1 0 1 0 0 -53.7120557230576 238.97500317474334 143.1 108.75263025481944 219.41702531230985 122.823456 138.65378 142.63505963689667 0.25105413691267603 -0.4175259 -0.11246843 -0.052679658 142.63503026285082 0.2510389826520386 142.63973403960733 0.1413144653462029 57.08929941812064 171.53241969154922 5400.0 5400.0 2016.0 1 156 {-999.0 18.947927 18.831594 18.705376 18.666489} sdss_psfmag_from_gaiadr2 18.77993 18.828442 18.419756 -999.0 63050395170991720 1057663139 bright_flexible_2x1 bhm_gua_bright bhm_filler science 0 0 0.0 0.0 -999 ""
FIBERMAP 40 R+12C6 METROLOGY 0 0 0 1 0 0 -53.11761565096026 238.52343730437633 143.1 108.92997422785189 218.69203873029096 122.823456 138.65378 -999.0 -999.0 -999.0 -999.0 -999.0 142.63584646850578 0.2478187348441851 142.64054961078415 0.1380566304585176 57.08596566732779 171.53167268657214 -999.0 6231.0 -999.0 -1 -999 {-999.0 -999.0 -999.0 -999.0 -999.0} "" -999.0 -999.0 -999.0 -999.0 -999 -999 "" "" "" "" 0 0 0.0 0.0 -999 ""
FIBERMAP 52 R+5C17 APOGEE 0 0 0 1 0 0 115.21835642351783 91.67910889232066 143.1 147.2079646404061 -1.3440081750601918 176.44398 148.93488 -999.0 -999.0 -999.0 -999.0 -999.0 142.81349297434906 -0.7484709174260397 142.81659772219172 -0.8583377967170663 56.07540599175636 171.43976245035984 -999.0 16600.0 -999.0 2 -999 {-999.0 -999.0 -999.0 -999.0 -999.0} "" -999.0 -999.0 -999.0 -999.0 -999 -999 "" "" "" "" 0 0 0.0 0.0 -999 ""
FIBERMAP 52 R+5C17 BOSS 1 1 0 1 0 0 114.61941725738798 92.09595368220926 143.1 147.00526478768057 -0.6431546253032657 176.44398 148.93488 142.81268100242787 -0.7453858500601312 -13.04346 0.10692905 1.9327911 142.81264427463185 -0.7454219916131303 142.81573678708742 -0.8551521106075828 56.07867437580577 171.44057830067274 5400.0 5400.0 2016.0 1 206 {-999.0 21.29166 19.723652 18.208502 -999.0} sdss_psfmag 20.486237 18.916052 17.68645 15.302 63050395170962921 1094234620 bright_1x1 mwm_bin_vis_boss mwm_filler science 0 0 0.0 0.0 -999 ""
FIBERMAP 52 R+5C17 METROLOGY 0 0 0 1 0 0 115.27409440572737 92.42312183431225 143.1 147.71971156872021 -0.8012715996756862 176.44398 148.93488 -999.0 -999.0 -999.0 -999.0 -999.0 142.81586491956418 -0.7460967145607285 142.8189607196075 -0.8558702853466083 56.07755823863964 171.4350085168926 -999.0 6231.0 -999.0 -1 -999 {-999.0 -999.0 -999.0 -999.0 -999.0} "" -999.0 -999.0 -999.0 -999.0 -999 -999 "" "" "" "" 0 0 0.0 0.0 -999 ""
FIBERMAP 56 R-8C4 APOGEE 0 0 0 1 0 0 -132.02261837309413 -136.19959131972664 143.1 -188.29061962043318 -22.651849983592076 128.17413 62.88931 -999.0 -999.0 -999.0 -999.0 -999.0 141.28921624390426 -0.8475992966734694 141.29239801177323 -0.9550194691162703 56.1397310801823 174.17598985286546 -999.0 16600.0 -999.0 2 -999 {-999.0 -999.0 -999.0 -999.0 -999.0} "" -999.0 -999.0 -999.0 -999.0 -999 -999 "" "" "" "" 0 0 0.0 0.0 -999 ""
FIBERMAP 56 R-8C4 BOSS 1 1 0 1 0 0 -131.27136749070783 -136.06902605270315 143.1 -187.6249582354752 -23.023463362243152 128.17413 62.88931 141.29221205574711 -0.8493895118051612 -14.326788 -9.989841 1.2060608 141.29218035005476 -0.8494281112506643 141.2953469769322 -0.9567160399992272 56.13778896962054 174.17097724248825 5400.0 5400.0 2016.0 1 452 {-999.0 16.143827 15.333818 15.091213 -999.0} sdss_psfmag 15.90937 15.405094 14.742033 13.505 63050395170939738 1095415125 bright_1x1 mwm_bin_vis_boss mwm_filler science 0 0 0.0 0.0 -999 ""
FIBERMAP 56 R-8C4 METROLOGY 0 0 0 1 0 0 -131.52531641561242 -136.75578619888023 143.1 -188.25459549000027 -23.39693398618885 128.17413 62.88931 -999.0 -999.0 -999.0 -999.0 -999.0 141.2893526205975 -0.8510852397050988 141.29252029903842 -0.958406841090319 56.136345630618884 174.17629000470635 -999.0 6231.0 -999.0 -1 -999 {-999.0 -999.0 -999.0 -999.0 -999.0} "" -999.0 -999.0 -999.0 -999.0 -999 -999 "" "" "" "" 0 0 0.0 0.0 -999 ""
FIBERMAP 59 R+4C8 APOGEE 0 0 0 1 0 0 -81.00329578672061 90.62758209176367 143.1 -5.847988036961799 121.38785657023006 75.94277 91.284325 -999.0 -999.0 -999.0 -999.0 -999.0 142.11658309483127 -0.1911553032228997 142.12069185138006 -0.30007603554886825 56.7112465935625 172.57042222630642 -999.0 16600.0 -999.0 2 -999 {-999.0 -999.0 -999.0 -999.0 -999.0} "" -999.0 -999.0 -999.0 -999.0 -999 -999 "" "" "" "" 0 0 0.0 0.0 -999 ""
FIBERMAP 59 R+4C8 BOSS 1 1 0 1 0 0 -80.25443308657456 90.52527219328643 143.1 -5.330808366425588 120.83688637059421 75.94277 91.284325 142.11896235503085 -0.1936923177959505 -2.8376653 -13.786371 2.3347838 142.11895223960667 -0.19373078020570508 142.12304185868044 -0.3025212680926766 56.70856028017482 172.56665073852164 5400.0 5400.0 2016.0 1 33 {-999.0 -999.0 -999.0 -999.0 -999.0} "" -999.0 17.425766 -999.0 11.768 63050395170987728 1094404668 bright_1x1 mwm_bin_vis_boss mwm_filler science 0 0 0.0 0.0 -999 ""
FIBERMAP 59 R+4C8 METROLOGY 0 0 0 1 0 0 -80.71307326926978 89.94024456850723 143.1 -6.055362722304811 120.67130674727427 75.94277 91.284325 -999.0 -999.0 -999.0 -999.0 -999.0 142.1156526541942 -0.19446022377719885 142.11974582216237 -0.30328306160866336 56.70816142405347 172.5727707601941 -999.0 6231.0 -999.0 -1 -999 {-999.0 -999.0 -999.0 -999.0 -999.0} "" -999.0 -999.0 -999.0 -999.0 -999 -999 "" "" "" "" 0 0 0.0 0.0 -999 ""
FIBERMAP 63 R+5C19 APOGEE 0 0 0 1 0 0 181.18550970144503 93.09037099208707 143.1 199.32937499686457 -41.78336152405715 350.39716 111.7892 -999.0 -999.0 -999.0 -999.0 -999.0 143.04904198670187 -0.9315642911067115 143.05182124356105 -1.0417474691084005 55.863420553242236 171.06487305669262 -999.0 16600.0 -999.0 2 -999 {-999.0 -999.0 -999.0 -999.0 -999.0} "" -999.0 -999.0 -999.0 -999.0 -999 -999 "" "" "" "" 0 0 0.0 0.0 -999 ""
FIBERMAP 63 R+5C19 BOSS 1 1 0 1 0 0 181.35469328483293 92.35759406999192 143.1 198.99938610354712 -42.45899080821739 350.39716 111.7892 143.047595443719 -0.9348073519770304 -0.05708887 0.5674735 -0.30501294 143.04762281568435 -0.9347819257669477 143.05037913814192 -1.0448247333819631 55.860557953803195 171.06813650523765 5400.0 5400.0 2016.0 1 204 {-999.0 20.535412 20.610973 20.196587 -999.0} sdss_psfmag 20.384878 20.269249 19.818056 -999.0 63050395170960879 1117136689 bright_1x1 openfibertargets_bhm_quaia_boss open_fiber science 0 0 0.0 0.0 -999 ""
FIBERMAP 63 R+5C19 METROLOGY 0 0 0 1 0 0 180.6338695454022 92.58802139394564 143.1 198.5846501969143 -41.82617368632518 350.39716 111.7892 -999.0 -999.0 -999.0 -999.0 -999.0 143.0457411569275 -0.9318767531419319 143.04850747020112 -1.0419563561566085 55.86364609979121 171.070775291802 -999.0 6231.0 -999.0 -1 -999 {-999.0 -999.0 -999.0 -999.0 -999.0} "" -999.0 -999.0 -999.0 -999.0 -999 -999 "" "" "" "" 0 0 0.0 0.0 -999 ""
FIBERMAP 65 R+5C14 APOGEE 0 0 0 1 0 0 75.61870879963726 93.79933028274691 143.1 117.78820724491631 25.236069535798016 42.787075 54.26826 -999.0 -999.0 -999.0 -999.0 -999.0 142.67986945712903 -0.6277544098793096 142.6831867940689 -0.7374453144789819 56.21186517511118 171.65053916558313 -999.0 16600.0 -999.0 2 41 {-999.0 -999.0 -999.0 -999.0 -999.0} "" -999.0 -999.0 -999.0 -999.0 -999 -999 "" ops_sky_apogee_best_unassigned ops_sky sky_apogee 0 0 0.0 0.0 -999 ""
FIBERMAP 65 R+5C14 BOSS 1 1 0 1 0 0 75.70729032581701 93.0619351829581 143.1 117.39271167344123 24.60760366668594 42.787075 54.26826 142.6781587117372 -0.6307351562329906 0.65480185 0.09293461 -0.5096951 142.67815056886948 -0.6307404337542192 142.6814467628197 -0.7402921917751742 56.20925201334314 171.65426921692966 5400.0 5400.0 2016.0 1 159 {-999.0 20.311045 20.415726 20.126554 -999.0} sdss_psfmag 20.450449 20.313019 19.806875 -999.0 63050395170985006 1117136915 bright_1x1 openfibertargets_bhm_quaia_boss open_fiber science 0 0 0.0 0.0 -999 ""
FIBERMAP 65 R+5C14 METROLOGY 0 0 0 1 0 0 75.02974377789512 93.34184773225434 143.1 117.04274438530575 25.251604120950134 42.787075 54.26826 -999.0 -999.0 -999.0 -999.0 -999.0 142.6765407609304 -0.6277754956798585 142.67984665134344 -0.7373639900776519 56.21235359439035 171.656482057288 -999.0 6231.0 -999.0 -1 -999 {-999.0 -999.0 -999.0 -999.0 -999.0} "" -999.0 -999.0 -999.0 -999.0 -999 -999 "" "" "" "" 0 0 0.0 0.0 -999 ""
FIBERMAP 71 R-4C9 APOGEE 1 1 0 1 0 0 -52.841452398157706 -90.42074706131741 143.1 -97.97116248513288 -36.953538051906584 2.9973714 64.64278 141.69847011754817 -0.9123385305872759 -30.210682 -11.486335 3.9202561 141.69836769179443 -0.9123644294122649 141.70138224729538 -1.0204250332570441 56.037548759153495 173.45666397692173 16000.0 16600.0 2016.0 2 270 {-999.0 11.247938 10.932558 10.848543 -999.0} sdss_psfmag_from_g3xp 11.205336 10.944947 10.522764 9.837 63050395170937665 975012145 "" ops_std_apogee ops_std standard_apogee 0 0 0.0 0.0 -999 ""
FIBERMAP 71 R-4C9 BOSS 0 0 0 1 0 0 -53.1319127283656 -91.10993454067132 143.1 -98.63068435120819 -37.305904890980315 2.9973714 64.64278 -999.0 -999.0 -999.0 -999.0 -999.0 141.69534067658094 -0.9141251707242156 141.69833966438347 -1.0220435199252016 56.03622913712037 173.46236182384905 -999.0 5400.0 -999.0 1 462 {-999.0 -999.0 -999.0 -999.0 -999.0} "" -999.0 -999.0 -999.0 -999.0 -999 -999 "" "" "" "" 0 0 0.0 0.0 -999 ""
FIBERMAP 71 R-4C9 METROLOGY 0 0 0 1 0 0 -53.58000932142062 -90.51467421992962 143.1 -98.60389648554168 -36.56146259254006 2.9973714 64.64278 -999.0 -999.0 -999.0 -999.0 -999.0 141.69546007411338 -0.9106948730524181 141.69846832888004 -1.0186531606960596 56.039591596646844 173.46155144213776 -999.0 6231.0 -999.0 -1 -999 {-999.0 -999.0 -999.0 -999.0 -999.0} "" -999.0 -999.0 -999.0 -999.0 -999 -999 "" "" "" "" 0 0 0.0 0.0 -999 ""
FIBERMAP 78 R-5C11 APOGEE 0 0 0 1 0 0 -2.7347202005443147 -97.34530723299473 143.1 -63.41615969907994 -73.8805196706995 308.83295 157.21307 -999.0 -999.0 -999.0 -999.0 -999.0 141.85588369862802 -1.080265469168442 141.8586036357172 -1.1885320776304389 55.85489314336485 173.20661003727028 -999.0 16600.0 -999.0 2 160 {-999.0 -999.0 -999.0 -999.0 -999.0} "" -999.0 -999.0 -999.0 -999.0 -999 -999 "" "" "" "" 0 0 0.0 0.0 -999 ""
FIBERMAP 78 R-5C11 BOSS 1 1 0 1 0 0 -2.5255489956586175 -98.05179889213127 143.1 -63.69854235829431 -74.56091243845164 308.83295 157.21307 141.85456484835058 -1.0835572503481592 -1.2390127 -2.7705975 1.7645999 141.8545891843472 -1.0835351368686563 141.857290256716 -1.1916609562761633 55.8519103923273 173.20949222367616 5400.0 5400.0 2016.0 1 366 {-999.0 14.232044 13.722191 13.566715 -999.0} sdss_psfmag_from_g3xp 14.122254 13.759462 13.232986 12.305 63050395170937057 1095791379 bright_1x1 mwm_bin_vis_boss mwm_filler science 0 0 0.0 0.0 -999 ""
FIBERMAP 78 R-5C11 METROLOGY 0 0 0 1 0 0 -3.250152458354272 -97.88273220505789 143.1 -64.15484871698112 -73.97337067585627 308.83295 157.21307 -999.0 -999.0 -999.0 -999.0 -999.0 141.8525084974832 -1.0808182059525973 141.85521816615125 -1.1889805192586698 55.854783518459435 173.21268986941942 -999.0 6231.0 -999.0 -1 -999 {-999.0 -999.0 -999.0 -999.0 -999.0} "" -999.0 -999.0 -999.0 -999.0 -999 -999 "" "" "" "" 0 0 0.0 0.0 -999 ""
FIBERMAP 86 R-12C11 APOGEE 0 0 0 1 0 0 66.34285366041048 -242.5776114104811 143.1 -101.21136630215031 -230.16778516531804 233.44415 145.45323 -999.0 -999.0 -999.0 -999.0 -999.0 141.68732894326573 -1.78631284605719 141.68893047374092 -1.894116192259134 55.16895524649097 173.62494835305066 -999.0 16600.0 -999.0 2 -999 {-999.0 -999.0 -999.0 -999.0 -999.0} "" -999.0 -999.0 -999.0 -999.0 -999 -999 "" "" "" "" 0 0 0.0 0.0 -999 ""
FIBERMAP 86 R-12C11 BOSS 1 1 0 1 0 0 65.63217216607856 -242.81050260973964 143.1 -101.90994806924772 -229.90118635969247 233.44415 145.45323 141.68422006556779 -1.7852644118890622 -13.496227 1.5576321 1.923522 141.6841693471716 -1.7852682895279612 141.68575968612515 -1.8929254001990257 55.17043676320586 173.63027799346324 5400.0 5400.0 2016.0 1 407 {-999.0 21.221695 19.666788 18.62708 -999.0} sdss_psfmag_ps1 20.485714 19.35015 18.161062 16.165 63050395170907924 1096616005 bright_1x1 mwm_bin_vis_boss mwm_filler science 0 0 0.0 0.0 -999 ""
FIBERMAP 86 R-12C11 METROLOGY 0 0 0 1 0 0 65.78035459843525 -242.0874514510915 143.1 -101.33960327382677 -229.43293607333086 233.44415 145.45323 -999.0 -999.0 -999.0 -999.0 -999.0 141.6867311920395 -1.7831376809998398 141.68832842036022 -1.8908395796867976 55.172273741575225 173.62546137977398 -999.0 6231.0 -999.0 -1 -999 {-999.0 -999.0 -999.0 -999.0 -999.0} "" -999.0 -999.0 -999.0 -999.0 -999 -999 "" "" "" "" 0 0 0.0 0.0 -999 ""
FIBERMAP 97 R-4C15 APOGEE 0 0 0 1 0 0 49.44168150590724 -77.8801735374107 143.1 -10.637823058224289 -91.6153123993854 212.70729 80.610565 -999.0 -999.0 -999.0 -999.0 -999.0 142.09630673401924 -1.1606721678427097 142.09886253933604 -1.2692990592758253 55.74993470742162 172.79621440737634 -999.0 16600.0 -999.0 2 191 {-999.0 -999.0 -999.0 -999.0 -999.0} "" -999.0 -999.0 -999.0 -999.0 -999 -999 "" ops_sky_apogee_best_unassigned ops_sky sky_apogee 0 0 0.0 0.0 -999 ""
FIBERMAP 97 R-4C15 BOSS 1 1 0 1 0 0 49.14117645740998 -77.20489070219077 143.1 -10.44602429735041 -90.90165047918461 212.70729 80.610565 142.09716796875 -1.1576045735102554 -999.0 -999.0 -999.0 142.0971840773118 -1.1576104555155198 142.099730000016 -1.2661013152290852 55.75302312696695 172.79408262928868 5400.0 5400.0 2015.5 1 314 {-999.0 -999.0 -999.0 -999.0 -999.0} "" -999.0 -999.0 -999.0 -999.0 27021603143399191 812260924 "" ops_sky_boss_good ops_sky sky_boss 0 0 0.0 0.0 -999 ""
FIBERMAP 97 R-4C15 METROLOGY 0 0 0 1 0 0 49.88506701680765 -77.27806278297338 143.1 -9.914359932804699 -91.42686039471761 212.70729 80.610565 -999.0 -999.0 -999.0 -999.0 -999.0 142.0996061671583 -1.1599471576071259 142.1021521425899 -1.2684803903497808 55.75040178951225 172.79024993611466 -999.0 6231.0 -999.0 -1 -999 {-999.0 -999.0 -999.0 -999.0 -999.0} "" -999.0 -999.0 -999.0 -999.0 -999 -999 "" "" "" "" 0 0 0.0 0.0 -999 ""
FIBERMAP 103 R-8C3 APOGEE 0 0 0 1 0 0 -171.5840090458437 -150.91678895053556 143.1 -228.2821366602932 -9.17249810153071 179.4826 99.7208 -999.0 -999.0 -999.0 -999.0 -999.0 141.109290060125 -0.7865690955653984 141.1125991059967 -0.8937144073619742 56.215755702708336 174.48870477736574 -999.0 16600.0 -999.0 2 267 {-999.0 -999.0 -999.0 -999.0 -999.0} "" -999.0 -999.0 -999.0 -999.0 -999 -999 "" ops_sky_apogee_best_unassigned ops_sky sky_apogee 0 0 0.0 0.0 -999 ""
FIBERMAP 103 R-8C3 BOSS 1 1 0 1 0 0 -171.72411031712102 -150.1915191453147 143.1 -227.9342880002423 -8.521010471930522 179.4826 99.7208 141.11078061775333 -0.7837282446599113 6.0165687 -9.160902 0.5476353 141.11081854218506 -0.7837521597779527 141.11412092172407 -0.8907645325090275 56.21857299735875 174.48554859346442 5400.0 5400.0 2016.0 1 476 {-999.0 15.718141 15.451433 15.350212 -999.0} sdss_psfmag 15.675268 15.4250765 15.009752 14.243 63050395170939691 944389743 bright_1x1 openfibertargets_nov2020_6c open_fiber science 0 0 0.0 0.0 -999 ""
FIBERMAP 103 R-8C3 METROLOGY 0 0 0 1 0 0 -171.01009014937642 -150.42587624400704 143.1 -227.52731036331977 -9.152595835505831 179.4826 99.7208 -999.0 -999.0 -999.0 -999.0 -999.0 141.11265267111412 -0.7865746600529488 141.11595327209125 -0.893627829542171 56.21557096752416 174.48268072487207 -999.0 6231.0 -999.0 -1 -999 {-999.0 -999.0 -999.0 -999.0 -999.0} "" -999.0 -999.0 -999.0 -999.0 -999 -999 "" "" "" "" 0 0 0.0 0.0 -999 ""
FIBERMAP 107 R-3C24 APOGEE 0 0 0 1 0 0 255.04146974065011 -70.352852900316 143.1 153.77898203016963 -215.2226338844457 252.9257 123.78215 -999.0 -999.0 -999.0 -999.0 -999.0 142.84161435189387 -1.7160453277485428 142.84318464810235 -1.8256896200416548 55.11222326175833 171.60536820250445 -999.0 16600.0 -999.0 2 222 {-999.0 -999.0 -999.0 -999.0 -999.0} "" -999.0 -999.0 -999.0 -999.0 -999 -999 "" ops_sky_apogee_best_unassigned ops_sky sky_apogee 0 0 0.0 0.0 -999 ""
FIBERMAP 107 R-3C24 BOSS 1 1 0 1 0 0 254.32910235055496 -70.56499594946447 143.1 153.0921547413073 -214.93885970176404 252.9257 123.78215 142.83853161893865 -1.7149164777891668 4.616496 -8.654301 0.8707926 142.8385525494739 -1.7149522471439564 142.84010747413055 -1.8244507638983922 55.113830386107985 171.61043888777476 5400.0 5400.0 2016.0 1 253 {-999.0 15.093626 14.712379 14.5922985 -999.0} sdss_psfmag_from_g3xp 15.0298 14.727903 14.261705 13.456 63050395170952926 979134847 "" ops_std_boss ops_std standard_boss 0 0 0.0 0.0 -999 ""
FIBERMAP 107 R-3C24 METROLOGY 0 0 0 1 0 0 254.5044751616863 -69.83407299338018 143.1 153.68857309179822 -214.48161593507996 252.9257 123.78215 -999.0 -999.0 -999.0 -999.0 -999.0 142.84124185474644 -1.7128369051029098 142.84280473421404 -1.822380252760176 55.11555421098416 171.60531641319412 -999.0 6231.0 -999.0 -1 -999 {-999.0 -999.0 -999.0 -999.0 -999.0} "" -999.0 -999.0 -999.0 -999.0 -999 -999 "" "" "" "" 0 0 0.0 0.0 -999 ""
FIBERMAP 110 R-1C13 APOGEE 0 0 0 1 0 0 -6.362848076631107 -5.663217255853937 143.1 -8.507426011892715 -0.3920011652946414 81.46295 104.80253 -999.0 -999.0 -999.0 -999.0 -999.0 142.10531618162807 -0.7453173803870249 142.10853738522286 -0.8540714984786247 56.16178891813399 172.70029248754307 -999.0 16600.0 -999.0 2 162 {-999.0 -999.0 -999.0 -999.0 -999.0} "" -999.0 -999.0 -999.0 -999.0 -999 -999 "" ops_sky_apogee_best_unassigned ops_sky sky_apogee 0 0 0.0 0.0 -999 ""
FIBERMAP 110 R-1C13 BOSS 1 1 0 1 0 0 -5.628843575610736 -5.575327594944612 143.1 -7.882029046750234 -0.7858992196628768 81.46295 104.80253 142.108154296875 -0.7472256627843592 -999.0 -999.0 -999.0 142.10817889993996 -0.7472442924256493 142.11138191970883 -0.8558662868141854 56.15970039823052 172.69555869720278 5400.0 5400.0 2015.5 1 346 {-999.0 -999.0 -999.0 -999.0 -999.0} "" -999.0 -999.0 -999.0 -999.0 27021603143413305 812262961 "" ops_sky_boss_good ops_sky sky_boss 0 0 0.0 0.0 -999 ""
FIBERMAP 110 R-1C13 METROLOGY 0 0 0 1 0 0 -5.906436279799603 -6.262662344119011 143.1 -8.530390832346727 -1.1449290924154822 81.46295 104.80253 -999.0 -999.0 -999.0 -999.0 -999.0 142.10522364434513 -0.7488463562247625 142.108428712788 -0.8575018071355246 56.15838985675435 172.70114467092284 -999.0 6231.0 -999.0 -1 -999 {-999.0 -999.0 -999.0 -999.0 -999.0} "" -999.0 -999.0 -999.0 -999.0 -999 -999 "" "" "" "" 0 0 0.0 0.0 -999 ""
FIBERMAP 114 R-12C15 APOGEE 0 0 0 1 0 0 177.8287828487803 -227.5245942925004 143.1 -5.148825565323861 -288.67271728312085 85.05644 26.794611 -999.0 -999.0 -999.0 -999.0 -999.0 142.1228981927042 -2.0476075096127766 142.1240267712385 -2.1560309899950747 54.86543755083986 172.915267745372 -999.0 16600.0 -999.0 2 236 {-999.0 -999.0 -999.0 -999.0 -999.0} "" -999.0 -999.0 -999.0 -999.0 -999 -999 "" ops_sky_apogee_best_unassigned ops_sky sky_apogee 0 0 0.0 0.0 -999 ""
FIBERMAP 114 R-12C15 BOSS 1 1 0 1 0 0 178.09462783357827 -228.2192057709556 143.1 -5.379712808864432 -289.3795673509204 85.05644 26.794611 142.12188720703122 -2.050878923632098 -999.0 -999.0 -999.0 142.12187623816283 -2.05086672240843 142.12298477958592 -2.1591447218409043 54.86244867742688 172.91762863317885 5400.0 5400.0 2015.5 1 258 {-999.0 -999.0 -999.0 -999.0 -999.0} "" -999.0 -999.0 -999.0 -999.0 27021603143369744 820298340 "" ops_sky_boss_good ops_sky sky_boss 0 0 0.0 0.0 -999 ""
FIBERMAP 114 R-12C15 METROLOGY 0 0 0 1 0 0 177.35089333071292 -228.10116493961337 143.1 -5.883004922414097 -288.8196087621701 85.05644 26.794611 -999.0 -999.0 -999.0 -999.0 -999.0 142.11959243222284 -2.0483483492822705 142.12070951361426 -2.15666396028209 54.86515189374165 172.9211108101383 -999.0 6231.0 -999.0 -1 -999 {-999.0 -999.0 -999.0 -999.0 -999.0} "" -999.0 -999.0 -999.0 -999.0 -999 -999 "" "" "" "" 0 0 0.0 0.0 -999 ""
FIBERMAP 115 R-11C13 APOGEE 0 0 0 1 0 0 105.07551780980315 -203.71845533267359 143.1 -46.662788620440594 -224.37569366087465 45.854286 136.17845 -999.0 -999.0 -999.0 -999.0 -999.0 141.9341139860375 -1.760904839809076 141.93572614313615 -1.8691088062877208 55.17002175408751 173.1908683597036 -999.0 16600.0 -999.0 2 166 {-999.0 -999.0 -999.0 -999.0 -999.0} "" -999.0 -999.0 -999.0 -999.0 -999 -999 "" ops_sky_apogee_best_unassigned ops_sky sky_apogee 0 0 0.0 0.0 -999 ""
FIBERMAP 115 R-11C13 BOSS 1 1 0 1 0 0 105.81438820061092 -203.68605694371644 143.1 -46.0685519930806 -224.81575228513339 45.854286 136.17845 141.9368382578009 -1.7630259337893974 -3.9529612 -7.1789207 0.1657385 141.9368220086534 -1.763056711014108 141.93841617232596 -1.871122989266557 55.16774935095335 173.18653646849376 5400.0 5400.0 2016.0 1 395 {-999.0 17.81163 17.545774 17.432299 -999.0} sdss_psfmag 17.79413 17.520294 17.103455 16.161 63050395170907446 944389495 bright_1x1 openfibertargets_nov2020_6c open_fiber science 0 0 0.0 0.0 -999 ""
FIBERMAP 115 R-11C13 METROLOGY 0 0 0 1 0 0 105.47544907368673 -204.34813715001735 143.1 -46.748656745468665 -225.1165424201798 45.854286 136.17845 -999.0 -999.0 -999.0 -999.0 -999.0 141.93374204646668 -1.7643552469767743 141.9353385287905 -1.8724563328291002 55.16672956048567 173.19212781829464 -999.0 6231.0 -999.0 -1 -999 {-999.0 -999.0 -999.0 -999.0 -999.0} "" -999.0 -999.0 -999.0 -999.0 -999 -999 "" "" "" "" 0 0 0.0 0.0 -999 ""
FIBERMAP 117 R-1C9 APOGEE 0 0 0 1 0 0 -85.3488621742769 -33.09244627527673 143.1 -87.1217129775838 28.037884054010508 15.538295 47.745865 -999.0 -999.0 -999.0 -999.0 -999.0 141.7472138697547 -0.616424025361716 141.75069949797444 -0.7246426375497484 56.327164873322616 173.31700610337577 -999.0 16600.0 -999.0 2 244 {-999.0 -999.0 -999.0 -999.0 -999.0} "" -999.0 -999.0 -999.0 -999.0 -999 -999 "" ops_sky_apogee_best_unassigned ops_sky sky_apogee 0 0 0.0 0.0 -999 ""
FIBERMAP 117 R-1C9 BOSS 1 1 0 1 0 0 -85.66344341727302 -33.76493293737464 143.1 -87.78945268278518 27.71367519504402 15.538295 47.745865 141.74412422488172 -0.6180261684160765 -3.3259149 -4.0242243 -0.017670149 141.74414912888463 -0.6180274796322599 141.74761934986736 -0.726105341394208 56.32601047346029 173.32279232176498 5400.0 5400.0 2016.0 1 481 {-999.0 18.075027 17.752565 17.642351 -999.0} sdss_psfmag 18.031948 17.766867 17.317842 15.737 63050395170986155 944390157 bright_1x1 openfibertargets_nov2020_6c open_fiber science 0 0 0.0 0.0 -999 ""
FIBERMAP 117 R-1C9 METROLOGY 0 0 0 1 0 0 -86.09674568362784 -33.155534671398335 143.1 -87.74227314805503 28.45978254411966 15.538295 47.745865 -999.0 -999.0 -999.0 -999.0 -999.0 141.74436444085518 -0.6145944460460178 141.74784394848285 -0.7227119637736634 56.329365625587656 173.32179070296522 -999.0 6231.0 -999.0 -1 -999 {-999.0 -999.0 -999.0 -999.0 -999.0} "" -999.0 -999.0 -999.0 -999.0 -999 -999 "" "" "" "" 0 0 0.0 0.0 -999 ""
FIBERMAP 119 R0C6 APOGEE 0 0 0 1 0 0 -188.57225513426036 0.8488104793483388 143.1 -145.91858996290853 119.39139770037416 132.48608 150.99245 -999.0 -999.0 -999.0 -999.0 -999.0 141.48064212233675 -0.20231793066304715 141.4848435169742 -0.3102194529255782 56.76494440770369 173.725745573868 -999.0 16600.0 -999.0 2 -999 {-999.0 -999.0 -999.0 -999.0 -999.0} "" -999.0 -999.0 -999.0 -999.0 -999 -999 "" "" "" "" 0 0 0.0 0.0 -999 ""
FIBERMAP 119 R0C6 BOSS 1 1 0 1 0 0 -188.7753775505716 1.550745464909264 143.1 -145.6343786165324 120.06444302194149 132.48608 150.99245 141.48193359375 -0.19933264284173902 -999.0 -999.0 -999.0 141.48190469500005 -0.19936359611661103 141.48609837033501 -0.30713469163429613 56.76790076530525 173.72294826828212 5400.0 5400.0 2015.5 1 494 {-999.0 -999.0 -999.0 -999.0 -999.0} "" -999.0 -999.0 -999.0 -999.0 27021603143418179 812263688 "" ops_sky_boss_good ops_sky sky_boss 0 0 0.0 0.0 -999 ""
FIBERMAP 119 R0C6 METROLOGY 0 0 0 1 0 0 -188.04014418983374 1.37180180177464 143.1 -145.17603555342754 119.46253740700399 132.48608 150.99245 -999.0 -999.0 -999.0 -999.0 -999.0 141.4839756929581 -0.20204719349175765 141.48816812828665 -0.30985866017623237 56.76499799916114 173.71964484862454 -999.0 6231.0 -999.0 -1 -999 {-999.0 -999.0 -999.0 -999.0 -999.0} "" -999.0 -999.0 -999.0 -999.0 -999 -999 "" "" "" "" 0 0 0.0 0.0 -999 ""
FIBERMAP 120 R-7C13 APOGEE 0 0 0 1 0 0 68.6218446403702 -133.5231378572576 143.1 -30.77661379797974 -146.90649714366873 11.509484 117.19128 -999.0 -999.0 -999.0 -999.0 -999.0 142.0051808125325 -1.411670868786502 142.00734595738294 -1.5200843159312947 55.51002006773364 173.0035831954913 -999.0 16600.0 -999.0 2 163 {-999.0 -999.0 -999.0 -999.0 -999.0} "" -999.0 -999.0 -999.0 -999.0 -999 -999 "" ops_sky_apogee_best_unassigned ops_sky sky_apogee 0 0 0.0 0.0 -999 ""
FIBERMAP 120 R-7C13 BOSS 1 1 0 1 0 0 69.0882093233692 -134.11052563081032 143.1 -30.784257055993308 -147.65632757124905 11.509484 117.19128 142.00515747070312 -1.415286261324212 -999.0 -999.0 -999.0 142.00515731608886 -1.4152617554089455 142.00730230672633 -1.5235345920496213 55.506592419469314 173.0042840929316 5400.0 5400.0 2015.5 1 354 {-999.0 -999.0 -999.0 -999.0 -999.0} "" -999.0 -999.0 -999.0 -999.0 27021603143371897 812257086 "" ops_sky_boss_good ops_sky sky_boss 0 0 0.0 0.0 -999 ""
FIBERMAP 120 R-7C13 METROLOGY 0 0 0 1 0 0 68.36229454241462 -134.22564876856651 143.1 -31.420518429227894 -147.2886737559756 11.509484 117.19128 -999.0 -999.0 -999.0 -999.0 -999.0 142.00225805132297 -1.4135487416359238 142.00441027221734 -1.5218570086443255 55.50855726940877 173.00905896775856 -999.0 6231.0 -999.0 -1 -999 {-999.0 -999.0 -999.0 -999.0 -999.0} "" -999.0 -999.0 -999.0 -999.0 -999 -999 "" "" "" "" 0 0 0.0 0.0 -999 ""
FIBERMAP 124 R-6C12 APOGEE 0 0 0 1 0 0 18.513941621076658 -101.56580966503638 143.1 -49.570954693478846 -90.53729264417126 121.66204 98.611755 -999.0 -999.0 -999.0 -999.0 -999.0 141.91906157268556 -1.1559566238430405 141.9216503589467 -1.264303236045606 55.7731871768276 173.10850670120254 -999.0 16600.0 -999.0 2 -999 {-999.0 -999.0 -999.0 -999.0 -999.0} "" -999.0 -999.0 -999.0 -999.0 -999 -999 "" "" "" "" 0 0 0.0 0.0 -999 ""
FIBERMAP 124 R-6C12 BOSS 1 1 0 1 0 0 19.076085420226732 -101.08516257329192 143.1 -48.83173704209995 -90.51794903662724 121.66204 98.611755 141.92238129236148 -1.1560329430095235 -1.1311749 -3.1082127 1.5836653 141.92241602126288 -1.1560482505614391 141.92499014279355 -1.2642619557361345 55.77289112843007 173.1025933871002 5400.0 5400.0 2016.0 1 378 {-999.0 17.1191 15.75829 15.087031 -999.0} sdss_psfmag 16.550592 15.83559 14.675288 12.77 63050395170936912 1094586096 bright_1x1 mwm_bin_vis_boss mwm_filler science 0 0 0.0 0.0 -999 ""
FIBERMAP 124 R-6C12 METROLOGY 0 0 0 1 0 0 19.218811005408824 -101.81039325308552 143.1 -49.177522916310146 -91.1710586464252 121.66204 98.611755 -999.0 -999.0 -999.0 -999.0 -999.0 141.92084978237173 -1.1589706235669615 141.92342340155795 -1.267220197480463 55.770106185630915 173.10589490412082 -999.0 6231.0 -999.0 -1 -999 {-999.0 -999.0 -999.0 -999.0 -999.0} "" -999.0 -999.0 -999.0 -999.0 -999 -999 "" "" "" "" 0 0 0.0 0.0 -999 ""
FIBERMAP 126 R-7C19 APOGEE 0 0 0 1 0 0 209.28958190156914 -128.0446984607637 143.1 81.9212153407754 -231.22140604337392 78.81435 47.49278 -999.0 -999.0 -999.0 -999.0 -999.0 142.51693026610224 -1.7901318578176755 142.51842355283475 -1.8992481709382107 55.07768722176066 172.1838615424824 -999.0 16600.0 -999.0 2 -999 {-999.0 -999.0 -999.0 -999.0 -999.0} "" -999.0 -999.0 -999.0 -999.0 -999 -999 "" "" "" "" 0 0 0.0 0.0 -999 ""
FIBERMAP 126 R-7C19 BOSS 1 1 0 1 0 0 209.7473757034005 -128.62795435680908 143.1 81.90951716634397 -231.96263093476233 78.81435 47.49278 142.51690105763436 -1.793560942477667 -1.2556175 -8.40946 1.4526875 142.51689413325707 -1.7936150388603354 142.51836555480986 -1.902588659403118 55.07437530134687 172.18462973197913 5400.0 5400.0 2016.0 1 320 {-999.0 14.893919 14.343983 14.177643 -999.0} sdss_psfmag_from_g3xp 14.769954 14.386495 13.841176 12.842 63050395170906369 1096092982 bright_1x1 mwm_bin_vis_boss mwm_filler science 0 0 0.0 0.0 -999 ""
FIBERMAP 126 R-7C19 METROLOGY 0 0 0 1 0 0 209.00088484026037 -128.73267810239815 143.1 81.26382340245053 -231.57394504593182 78.81435 47.49278 -999.0 -999.0 -999.0 -999.0 -999.0 142.51397049309296 -1.7918468269057257 142.51544972491035 -1.9008565082550999 55.07642939433514 172.18934064722197 -999.0 6231.0 -999.0 -1 -999 {-999.0 -999.0 -999.0 -999.0 -999.0} "" -999.0 -999.0 -999.0 -999.0 -999 -999 "" "" "" "" 0 0 0.0 0.0 -999 ""
FIBERMAP 129 R-6C21 APOGEE 0 0 0 1 0 0 208.24068851995494 -117.9348627614576 143.1 87.47213361744211 -222.70926573233288 204.0264 97.05558 -999.0 -999.0 -999.0 -999.0 -999.0 142.54213884394667 -1.751855722372058 142.54368992981688 -1.861022237325512 55.11276166163777 172.1323531038676 -999.0 16600.0 -999.0 2 194 {-999.0 -999.0 -999.0 -999.0 -999.0} "" -999.0 -999.0 -999.0 -999.0 -999 -999 "" ops_sky_apogee_best_unassigned ops_sky sky_apogee 0 0 0.0 0.0 -999 ""
FIBERMAP 129 R-6C21 BOSS 1 1 0 1 0 0 207.83149457905537 -117.31733422483626 143.1 87.5431558012727 -221.97202358536333 204.0264 97.05558 142.54250171460274 -1.7487123177707757 0.79843664 -0.9654398 2.5595157 142.54249617151683 -1.748718748012362 142.54403579649727 -1.8577452648813362 55.115977012998854 172.13109282101288 5400.0 5400.0 2016.0 1 333 {-999.0 20.289366 19.855444 19.451014 19.109259} sdss_psfmag_from_gaiadr2 19.46318 19.994938 18.264442 -999.0 63050395170906418 1057663025 bright_flexible_2x1 bhm_gua_bright bhm_filler science 0 0 0.0 0.0 -999 ""
FIBERMAP 129 R-6C21 METROLOGY 0 0 0 1 0 0 208.57852959412122 -117.27267936704696 143.1 88.15145054763558 -222.4077040818525 204.0264 97.05558 -999.0 -999.0 -999.0 -999.0 -999.0 142.54523629118316 -1.7506084378788143 142.54677720939856 -1.8596787963850994 55.11374067208701 172.12672351300617 -999.0 6231.0 -999.0 -1 -999 {-999.0 -999.0 -999.0 -999.0 -999.0} "" -999.0 -999.0 -999.0 -999.0 -999 -999 "" "" "" "" 0 0 0.0 0.0 -999 ""
FIBERMAP 130 R-9C15 APOGEE 0 0 0 1 0 0 121.45261846320889 -195.85140464264805 143.1 -28.99026246712966 -228.57745371022523 326.74078 40.032665 -999.0 -999.0 -999.0 -999.0 -999.0 142.01428824670387 -1.7797664302353142 142.01586013871486 -1.8880925309432426 55.14306602060293 173.05474709739516 -999.0 16600.0 -999.0 2 -999 {-999.0 -999.0 -999.0 -999.0 -999.0} "" -999.0 -999.0 -999.0 -999.0 -999 -999 "" "" "" "" 0 0 0.0 0.0 -999 ""
FIBERMAP 130 R-9C15 BOSS 1 1 0 1 0 0 120.72770486027693 -195.95299729505126 143.1 -29.61722698209204 -228.19992193824942 326.74078 40.032665 142.0114452202179 -1.7782509886743714 3.797809 -1.2646916 1.0008094 142.01145098161808 -1.7782514496960768 142.0130111926373 -1.8864319782834864 55.145007547810536 173.0594079632603 5400.0 5400.0 2016.0 1 265 {-999.0 19.699423 18.301474 17.446733 -999.0} sdss_psfmag 19.13616 18.096075 17.070246 15.212 63050395170907412 1095318123 bright_1x1 mwm_bin_vis_boss mwm_filler science 0 0 0.0 0.0 -999 ""
FIBERMAP 130 R-9C15 METROLOGY 0 0 0 1 0 0 120.99356645244359 -195.26324375315934 143.1 -28.976453101783836 -227.83162718191736 326.74078 40.032665 -999.0 -999.0 -999.0 -999.0 -999.0 142.01434791052148 -1.7765528050544692 142.01591458920154 -1.8847785068895824 55.1463573113622 173.05406240021165 -999.0 6231.0 -999.0 -1 -999 {-999.0 -999.0 -999.0 -999.0 -999.0} "" -999.0 -999.0 -999.0 -999.0 -999 -999 "" "" "" "" 0 0 0.0 0.0 -999 ""
FIBERMAP 136 R-10C12 APOGEE 0 0 0 1 0 0 80.35413045589634 -202.54271336874208 143.1 -65.12215185816618 -207.89704946349954 346.15637 98.1028 -999.0 -999.0 -999.0 -999.0 -999.0 141.85014044965433 -1.6868395724755714 141.8518825164918 -1.7949304071688634 55.25211492886312 173.3241840727198 -999.0 16600.0 -999.0 2 -999 {-999.0 -999.0 -999.0 -999.0 -999.0} "" -999.0 -999.0 -999.0 -999.0 -999 -999 "" "" "" "" 0 0 0.0 0.0 -999 ""
FIBERMAP 136 R-10C12 BOSS 1 1 0 1 0 0 80.29666039790128 -203.25369611233174 143.1 -65.61444693453795 -208.41304283714345 346.15637 98.1028 141.84794497189023 -1.6893263021510259 0.06341721 -0.38777798 -0.14115489 141.84792069133107 -1.689336438874419 141.8496451548757 -1.797282050671207 55.24999319235991 173.32849205278885 5400.0 5400.0 2016.0 1 369 {-999.0 18.728666 18.293827 17.888666 17.546232} sdss_psfmag_from_gaiadr2 18.60345 18.43381 17.403 15.56 63050395170907585 1057663027 bright_flexible_2x1 bhm_gua_bright bhm_filler science 0 0 0.0 0.0 -999 ""
FIBERMAP 136 R-10C12 METROLOGY 0 0 0 1 0 0 79.67582049396238 -202.85345051819954 143.1 -65.8446072856733 -207.71129138382454 346.15637 98.1028 -999.0 -999.0 -999.0 -999.0 -999.0 141.8468620466507 -1.6861333441585586 141.84859574186345 -1.7941181246527063 55.25324448100481 173.32978100291734 -999.0 6231.0 -999.0 -1 -999 {-999.0 -999.0 -999.0 -999.0 -999.0} "" -999.0 -999.0 -999.0 -999.0 -999 -999 "" "" "" "" 0 0 0.0 0.0 -999 ""
FIBERMAP 138 R-2C24 APOGEE 0 0 0 1 0 0 238.0212032534184 -25.08572206397297 143.1 169.0622235015271 -169.3497037558354 142.17058 93.662964 -999.0 -999.0 -999.0 -999.0 -999.0 142.91145916219259 -1.5094475245352812 142.91334689858053 -1.6192579411486154 55.308363050369486 171.43852981049977 -999.0 16600.0 -999.0 2 -999 {-999.0 -999.0 -999.0 -999.0 -999.0} "" -999.0 -999.0 -999.0 -999.0 -999 -999 "" "" "" "" 0 0 0.0 0.0 -999 ""
FIBERMAP 138 R-2C24 BOSS 1 1 0 1 0 0 238.4277716301665 -24.467748817519908 143.1 169.76708053476435 -169.1257508312512 142.17058 93.662964 142.91476837408433 -1.5085304368705628 -31.595922 -1.7032783 4.1890154 142.9146766951426 -1.5085745505703654 142.9165476594627 -1.6182499627594764 55.308962274476634 171.43273077316587 5400.0 5400.0 2016.0 1 260 {-999.0 16.980831 15.561805 14.736061 -999.0} sdss_psfmag 16.393808 15.345824 14.325463 12.305 63050395170958968 1075831060 bright_1x1 mwm_erosita_stars_boss mwm_erosita science 0 0 0.0 0.0 -999 ""
FIBERMAP 138 R-2C24 METROLOGY 0 0 0 1 0 0 238.76623011378538 -25.125684018923963 143.1 169.61568070741635 -169.84983676829137 142.17058 93.662964 -999.0 -999.0 -999.0 -999.0 -999.0 142.913970518885 -1.5117954985596331 142.91584151478042 -1.6215086519474673 55.30581771468832 171.43467854686108 -999.0 6231.0 -999.0 -1 -999 {-999.0 -999.0 -999.0 -999.0 -999.0} "" -999.0 -999.0 -999.0 -999.0 -999 -999 "" "" "" "" 0 0 0.0 0.0 -999 ""
FIBERMAP 140 R-4C12 APOGEE 0 0 0 1 0 0 -5.424802088408818 -85.72830458221348 143.1 -58.19088753686176 -63.164497065741116 201.32478 146.68877 -999.0 -999.0 -999.0 -999.0 -999.0 141.87954873027252 -1.0314993774689087 141.88234385288547 -1.139816983747614 55.90099458783652 173.15583745688014 -999.0 16600.0 -999.0 2 -999 {-999.0 -999.0 -999.0 -999.0 -999.0} "" -999.0 -999.0 -999.0 -999.0 -999 -999 "" "" "" "" 0 0 0.0 0.0 -999 ""
FIBERMAP 140 R-4C12 BOSS 1 1 0 1 0 0 -6.149130755404505 -85.59980604656411 143.1 -58.672523710050186 -62.608635233491974 201.32478 146.68877 141.8773631534989 -1.0291243449678806 -11.628743 -4.188846 2.2820034 141.87733541516596 -1.0291415524156284 141.88012081324177 -1.137318716572782 55.903702989699084 173.15933561385174 5400.0 5400.0 2016.0 1 365 {-999.0 16.243795 15.090843 14.696091 -999.0} sdss_psfmag 15.824557 15.153345 14.34508 12.702 63050395170983775 1095366961 bright_1x1 mwm_bin_vis_boss mwm_filler science 0 0 0.0 0.0 -999 ""
FIBERMAP 140 R-4C12 METROLOGY 0 0 0 1 0 0 -5.6731836519458785 -85.02476454823766 143.1 -57.940815722216314 -62.46170833758804 201.32478 146.68877 -999.0 -999.0 -999.0 -999.0 -999.0 141.88066583708894 -1.0284251615824485 141.88345581681222 -1.1366468123557987 55.90403734276701 173.15329744037265 -999.0 6231.0 -999.0 -1 -999 {-999.0 -999.0 -999.0 -999.0 -999.0} "" -999.0 -999.0 -999.0 -999.0 -999 -999 "" "" "" "" 0 0 0.0 0.0 -999 ""
FIBERMAP 142 R0C2 APOGEE 1 1 0 1 0 0 -276.56022037119914 -14.999886829475068 143.1 -224.2326276376641 162.48317069080517 267.5469 89.963234 141.12931235304094 -0.010466387335037762 -16.369596 15.107932 5.677275 141.12926446112624 -0.010420063765039733 141.1338407282625 -0.11780438323434796 56.98732102803855 174.33481961308968 16000.0 16600.0 2016.0 2 295 {-999.0 13.864227 12.925186 12.598201 -999.0} sdss_psfmag_from_g3xp 13.556078 12.970255 12.246645 10.791 63050395170994818 1093943502 bright_1x1 mwm_bin_vis_apogee mwm_filler science 0 0 0.0 0.0 -999 ""
FIBERMAP 142 R0C2 BOSS 0 0 0 1 0 0 -277.29724587324006 -14.913551337356662 143.1 -224.75067213567897 163.01428135940895 267.5469 89.963234 -999.0 -999.0 -999.0 -999.0 -999.0 141.1269802141889 -0.008190815421299976 141.1315495326324 -0.11543978900526469 56.98986758997656 174.33865047310152 -999.0 5400.0 -999.0 1 423 {-999.0 -999.0 -999.0 -999.0 -999.0} "" -999.0 -999.0 -999.0 -999.0 -999 -999 "" "" "" "" 0 0 0.0 0.0 -999 ""
FIBERMAP 142 R0C2 METROLOGY 0 0 0 1 0 0 -276.8519338103059 -14.31437408345389 143.1 -224.02755981220585 163.1992420563782 267.5469 89.963234 -999.0 -999.0 -999.0 -999.0 -999.0 141.13021519303763 -0.007291316813229547 141.1347885162238 -0.11458325208172922 56.99045234933226 174.33259505098727 -999.0 6231.0 -999.0 -1 -999 {-999.0 -999.0 -999.0 -999.0 -999.0} "" -999.0 -999.0 -999.0 -999.0 -999 -999 "" "" "" "" 0 0 0.0 0.0 -999 ""
FIBERMAP 144 R-4C4 APOGEE 0 0 0 1 0 0 -181.94165085062093 -68.14468633804658 143.1 -184.2098853284418 61.63330953281234 76.37856 142.756 -999.0 -999.0 -999.0 -999.0 -999.0 141.30735095918075 -0.46490817928071415 141.311154071286 -0.5724603402853333 56.51925936692665 174.0829362889638 -999.0 16600.0 -999.0 2 -999 {-999.0 -999.0 -999.0 -999.0 -999.0} "" -999.0 -999.0 -999.0 -999.0 -999 -999 "" "" "" "" 0 0 0.0 0.0 -999 ""
FIBERMAP 144 R-4C4 BOSS 1 1 0 1 0 0 -181.35941338228122 -67.66619867786943 143.1 -183.4564217595812 61.63832430723649 76.37856 142.756 141.3107323156732 -0.46500289695490393 -2.3477764 5.371756 0.6932702 141.3107106510246 -0.4649907892507732 141.3145013531185 -0.5724137854341874 56.519015437836295 174.07688446608904 5400.0 5400.0 2016.0 1 455 {-999.0 14.607539 14.280955 14.1737585 -999.0} sdss_psfmag_from_g3xp 14.561687 14.285126 13.845598 13.044 63050395170992279 979135058 "" ops_std_boss ops_std standard_boss 0 0 0.0 0.0 -999 ""
FIBERMAP 144 R-4C4 METROLOGY 0 0 0 1 0 0 -181.24233875343393 -68.40473358613758 143.1 -183.83050607223103 60.991032887700605 76.37856 142.756 -999.0 -999.0 -999.0 -999.0 -999.0 141.3090278240933 -0.46789881957550217 141.31281738661534 -0.57535644618409 56.51622995235109 174.08038797417376 -999.0 6231.0 -999.0 -1 -999 {-999.0 -999.0 -999.0 -999.0 -999.0} "" -999.0 -999.0 -999.0 -999.0 -999 -999 "" "" "" "" 0 0 0.0 0.0 -999 ""
FIBERMAP 146 R-8C5 APOGEE 0 0 0 1 0 0 -124.99022639201067 -153.689999706755 143.1 -193.84159060906822 -40.663484608402236 171.51761 118.87271 -999.0 -999.0 -999.0 -999.0 -999.0 141.26441622493846 -0.9293577190952688 141.26746832449572 -1.0367157405582859 56.06044674044362 174.23295837526464 -999.0 16600.0 -999.0 2 265 {-999.0 -999.0 -999.0 -999.0 -999.0} "" -999.0 -999.0 -999.0 -999.0 -999 -999 "" ops_sky_apogee_best_unassigned ops_sky sky_apogee 0 0 0.0 0.0 -999 ""
FIBERMAP 146 R-8C5 BOSS 1 1 0 1 0 0 -125.25934300525554 -152.99163293559337 143.1 -193.6108797744751 -39.9516580843832 171.51761 118.87271 141.26544392631243 -0.9261400167321745 -8.376832 -44.38553 2.8821015 141.26540813748272 -0.9262751624517319 141.26845349990043 -1.0334986887639235 56.06356902079114 174.23071330563496 5400.0 5400.0 2016.0 1 480 {-999.0 19.464119 18.087051 16.833094 -999.0} sdss_psfmag 18.92139 17.542313 16.39659 14.258 63050395170939478 1094557232 bright_1x1 mwm_bin_vis_boss mwm_filler science 0 0 0.0 0.0 -999 ""
FIBERMAP 146 R-8C5 METROLOGY 0 0 0 1 0 0 -124.51887266836472 -153.1105509714295 143.1 -193.11067506848252 -40.51024270499012 171.51761 118.87271 -999.0 -999.0 -999.0 -999.0 -999.0 141.26767529805605 -0.9287697641318294 141.27071953667553 -1.03603507632552 56.06085011546891 174.22705383898975 -999.0 6231.0 -999.0 -1 -999 {-999.0 -999.0 -999.0 -999.0 -999.0} "" -999.0 -999.0 -999.0 -999.0 -999 -999 "" "" "" "" 0 0 0.0 0.0 -999 ""
FIBERMAP 147 R-3C3 APOGEE 0 0 0 1 0 0 -206.6338161321147 -62.86180635530186 143.1 -200.06054509567883 81.28332811310852 252.28563 169.50575 -999.0 -999.0 -999.0 -999.0 -999.0 141.23610261052585 -0.37614169547828347 141.24006241321092 -0.48360231117243596 56.61389244833732 174.19763912705955 -999.0 16600.0 -999.0 2 278 {-999.0 -999.0 -999.0 -999.0 -999.0} "" -999.0 -999.0 -999.0 -999.0 -999 -999 "" ops_sky_apogee_best_unassigned ops_sky sky_apogee 0 0 0.0 0.0 -999 ""
FIBERMAP 147 R-3C3 BOSS 1 1 0 1 0 0 -206.98572418650645 -63.52558290379447 143.1 -200.75179013569888 80.98938625233511 252.28563 169.50575 141.23300622934423 -0.37758341062488954 -18.622122 -3.6294675 1.6273835 141.2329631164827 -0.3776062862695894 141.23690962032413 -0.48492731676733053 56.61284012020575 174.20355217104077 5400.0 5400.0 2016.0 1 442 {-999.0 20.950876 19.428682 18.469496 -999.0} sdss_psfmag 20.346312 19.12106 18.051796 16.196 63050395170992784 1094247391 bright_1x1 mwm_bin_vis_boss mwm_filler science 0 0 0.0 0.0 -999 ""
FIBERMAP 147 R-3C3 METROLOGY 0 0 0 1 0 0 -207.38163185012618 -62.86422036999388 143.1 -200.64284974656704 81.75230615986769 252.28563 169.50575 -999.0 -999.0 -999.0 -999.0 -999.0 141.23346486210758 -0.3741136389202401 141.23742022531525 -0.4814744305892256 56.616237160109016 174.20209465895286 -999.0 6231.0 -999.0 -1 -999 {-999.0 -999.0 -999.0 -999.0 -999.0} "" -999.0 -999.0 -999.0 -999.0 -999 -999 "" "" "" "" 0 0 0.0 0.0 -999 ""
FIBERMAP 148 R-10C10 APOGEE 0 0 0 1 0 0 42.04195271501922 -187.5488459113058 143.1 -85.43627554207255 -172.1294037881351 77.91219 44.140892 -999.0 -999.0 -999.0 -999.0 -999.0 141.75731992629653 -1.5256085870928433 141.75933433569526 -1.633595887845555 55.42164786368285 173.45860547973592 -999.0 16600.0 -999.0 2 -999 {-999.0 -999.0 -999.0 -999.0 -999.0} "" -999.0 -999.0 -999.0 -999.0 -999 -999 "" "" "" "" 0 0 0.0 0.0 -999 ""
FIBERMAP 148 R-10C10 BOSS 1 1 0 1 0 0 42.43577632998658 -188.18987309456952 143.1 -85.53403058913311 -172.87521822386068 77.91219 44.140892 141.75691555906783 -1.5291161824995938 -9.163233 -17.409256 0.3223252 141.75688245476246 -1.5291603837784726 141.75887768508443 -1.6370058679663444 55.41829731483414 173.45998176308007 5400.0 5400.0 2016.0 1 370 {-999.0 17.383585 16.989626 16.833382 16.770634} sdss_psfmag_from_gaia 17.3208 17.0026 16.5057 15.475 63050395170908932 968887286 "" ops_std_boss_gdr2 ops_std standard_boss 0 0 0.0 0.0 -999 ""
FIBERMAP 148 R-10C10 METROLOGY 0 0 0 1 0 0 41.69558940191016 -188.20967450923715 143.1 -86.1213581656621 -172.42454732568035 77.91219 44.140892 -999.0 -999.0 -999.0 -999.0 -999.0 141.75421045713043 -1.5270735972217575 141.7562132426009 -1.6349551107965943 55.42059374375067 173.46430671171663 -999.0 6231.0 -999.0 -1 -999 {-999.0 -999.0 -999.0 -999.0 -999.0} "" -999.0 -999.0 -999.0 -999.0 -999 -999 "" "" "" "" 0 0 0.0 0.0 -999 ""
FIBERMAP 153 R-7C3 APOGEE 1 1 0 1 0 0 -158.32544317102312 -119.2400889749463 143.1 -198.0401442409587 7.080849463934286 104.94638 62.490532 141.24502095364412 -0.7127415763668946 8.032259 38.868084 6.3789616 141.24506018137424 -0.7126634880856105 141.24846899132655 -0.820048601376558 56.277944195903586 174.23407364486803 16000.0 16600.0 2016.0 2 300 {-999.0 12.944133 12.214353 11.96551 -999.0} sdss_psfmag_from_g3xp 12.74115 12.261114 11.620359 10.378 63050395170939924 1103678974 bright_1x1 mwm_tess_2min_apogee mwm_planet science 0 0 0.0 0.0 -999 ""
FIBERMAP 153 R-7C3 BOSS 0 0 0 1 0 0 -157.6064180212585 -119.38541729534892 143.1 -197.57322366393186 6.5152562166551276 104.94638 62.490532 -999.0 -999.0 -999.0 -999.0 -999.0 141.24712668125028 -0.7153615696454266 141.25051923654104 -0.8226134570429624 56.27521526440543 174.23078475479232 -999.0 5400.0 -999.0 1 446 {-999.0 -999.0 -999.0 -999.0 -999.0} "" -999.0 -999.0 -999.0 -999.0 -999 -999 "" "" "" "" 0 0 0.0 0.0 -999 ""
FIBERMAP 153 R-7C3 METROLOGY 0 0 0 1 0 0 -158.0812985538347 -119.94817644111666 143.1 -198.29636987798517 6.377196751967463 104.94638 62.490532 -999.0 -999.0 -999.0 -999.0 -999.0 141.24387812335743 -0.7159554769040342 141.24727349162754 -0.823240445134417 56.274864730754786 174.2367046762678 -999.0 6231.0 -999.0 -1 -999 {-999.0 -999.0 -999.0 -999.0 -999.0} "" -999.0 -999.0 -999.0 -999.0 -999 -999 "" "" "" "" 0 0 0.0 0.0 -999 ""
FIBERMAP 155 R-11C15 APOGEE 0 0 0 1 0 0 134.95826429337146 -228.68494054973456 143.1 -39.17444559887431 -262.5810012223893 273.0457 72.86547 -999.0 -999.0 -999.0 -999.0 -999.0 141.96867972575916 -1.9317011479185382 141.97001261755616 -2.0399125051063973 54.99664804901052 173.16113427213594 -999.0 16600.0 -999.0 2 -999 {-999.0 -999.0 -999.0 -999.0 -999.0} "" -999.0 -999.0 -999.0 -999.0 -999 -999 "" "" "" "" 0 0 0.0 0.0 -999 ""
FIBERMAP 155 R-11C15 BOSS 1 1 0 1 0 0 134.23332783776763 -228.52337812165524 143.1 -39.6357355370513 -261.99907791366536 273.0457 72.86547 141.96648131161714 -1.9292584654102678 40.101166 6.99003 13.657503 141.9665958891682 -1.9292579790015205 141.96791863158785 -2.037324428717425 54.99943273066799 173.1643122229272 5400.0 5400.0 2016.0 1 267 {-999.0 19.392153 17.776405 16.10002 -999.0} sdss_psfmag_ps1 18.78217 16.864464 15.571018 13.132 63050395170905797 1157791036 bright_1x1 mwm_snc_100pc_bright_boss_single mwm_snc science 0 0 0.0 0.0 -999 ""
FIBERMAP 155 R-11C15 METROLOGY 0 0 0 1 0 0 134.73985297631046 -227.9715272914533 143.1 -38.89488109507991 -261.88941493195466 273.0457 72.86547 -999.0 -999.0 -999.0 -999.0 -999.0 141.96994248576738 -1.9287282915744715 141.97126973703035 -2.0368405276988772 54.99957866166334 173.15841836675625 -999.0 6231.0 -999.0 -1 -999 {-999.0 -999.0 -999.0 -999.0 -999.0} "" -999.0 -999.0 -999.0 -999.0 -999 -999 "" "" "" "" 0 0 0.0 0.0 -999 ""
FIBERMAP 159 R-8C14 APOGEE 0 0 0 1 0 0 101.89837311020997 -161.6956601549553 143.1 -22.67116034796486 -189.73859868708092 338.7391 111.807365 -999.0 -999.0 -999.0 -999.0 -999.0 142.04248984179512 -1.6051688687066925 142.04433892380194 -1.7135881457057058 55.31374202745313 172.97378941178627 -999.0 16600.0 -999.0 2 -999 {-999.0 -999.0 -999.0 -999.0 -999.0} "" -999.0 -999.0 -999.0 -999.0 -999 -999 "" "" "" "" 0 0 0.0 0.0 -999 ""
FIBERMAP 159 R-8C14 BOSS 1 1 0 1 0 0 101.91613656485373 -162.44038226217947 143.1 -23.126269529581645 -190.328165295603 338.7391 111.807365 142.0407141179028 -1.6082780000420247 -104.48468 89.84746 11.783676 142.04043811055092 -1.6080200867748997 142.04226832998881 -1.7162947196862108 55.31126273222483 172.9778961158704 5400.0 5400.0 2016.0 1 327 {-999.0 18.186455 16.766184 15.184405 -999.0} sdss_psfmag 17.646542 15.903641 14.642487 12.24 63050395170908434 1151026969 bright_1x1 mwm_snc_100pc_boss_single mwm_snc science 0 0 0.0 0.0 -999 ""
FIBERMAP 159 R-8C14 METROLOGY 0 0 0 1 0 0 101.26413147320167 -162.08859720639845 143.1 -23.411146633387773 -189.64442753287193 338.7391 111.807365 -999.0 -999.0 -999.0 -999.0 -999.0 142.03913370868577 -1.6048893565419495 142.0409732542879 -1.7132026427861826 55.314471534075366 172.9795999875282 -999.0 6231.0 -999.0 -1 -999 {-999.0 -999.0 -999.0 -999.0 -999.0} "" -999.0 -999.0 -999.0 -999.0 -999 -999 "" "" "" "" 0 0 0.0 0.0 -999 ""
FIBERMAP 160 R+8C5 APOGEE 0 0 0 1 0 0 -90.52978098065664 160.2083131599632 143.1 30.563990875168255 181.42537062419166 96.23972 8.272285 -999.0 -999.0 -999.0 -999.0 -999.0 142.28155599993053 0.08075978994630788 142.2860708604743 -0.02849439986317047 56.96273107608277 172.21470900678887 -999.0 16600.0 -999.0 2 92 {-999.0 -999.0 -999.0 -999.0 -999.0} "" -999.0 -999.0 -999.0 -999.0 -999 -999 "" ops_sky_apogee_best_unassigned ops_sky sky_apogee 0 0 0.0 0.0 -999 ""
FIBERMAP 160 R+8C5 BOSS 1 1 0 1 0 0 -90.31914655049223 159.4929401822445 143.1 30.277152605540724 180.7371589545366 96.23972 8.272285 142.28028638554414 0.07757501896039608 -0.048370995 0.10124531 -0.12093077 142.28028624914774 0.07757530445139174 142.2847810867037 -0.031544063811542115 56.959848135329686 172.21769624150187 5400.0 5400.0 2016.0 1 68 {-999.0 18.875484 18.726942 18.596497 18.522263} sdss_psfmag_from_gaiadr2 18.884617 18.717804 18.378658 -999.0 63050395170990822 1057663138 bright_flexible_2x1 bhm_gua_bright bhm_filler science 0 0 0.0 0.0 -999 ""
FIBERMAP 160 R+8C5 METROLOGY 0 0 0 1 0 0 -91.04832620260578 159.6707907788159 143.1 29.822822867811265 181.33440400627347 96.23972 8.272285 -999.0 -999.0 -999.0 -999.0 -999.0 142.27820986093897 0.08029636560086949 142.2827137625858 -0.028857850433691008 56.96275223445847 172.22090259692942 -999.0 6231.0 -999.0 -1 -999 {-999.0 -999.0 -999.0 -999.0 -999.0} "" -999.0 -999.0 -999.0 -999.0 -999 -999 "" "" "" "" 0 0 0.0 0.0 -999 ""
FIBERMAP 162 R-9C14 APOGEE 0 0 0 1 0 0 118.55489869436249 -170.20494013259707 143.1 -15.092774235469541 -206.83483265011506 53.91202 71.17519 -999.0 -999.0 -999.0 -999.0 -999.0 142.07707709291927 -1.6821143485966115 142.07879811434748 -1.7905671570112314 55.23361833810863 172.9276013021699 -999.0 16600.0 -999.0 2 192 {-999.0 -999.0 -999.0 -999.0 -999.0} "" -999.0 -999.0 -999.0 -999.0 -999 -999 "" ops_sky_apogee_best_unassigned ops_sky sky_apogee 0 0 0.0 0.0 -999 ""
FIBERMAP 162 R-9C14 BOSS 1 1 0 1 0 0 118.99665166572628 -170.78940742038307 143.1 -15.117693121763406 -207.5668984490637 53.91202 71.17519 142.07697767117384 -1.6855994854480856 -3.314882 1.0879419 0.35274097 142.07698294406606 -1.685594189077791 142.07868369630444 -1.7939048693272 55.230310423176384 172.92840700659292 5400.0 5400.0 2016.0 1 328 {-999.0 18.051222 17.52451 17.353655 -999.0} sdss_psfmag 17.942884 17.555561 17.014809 15.745 63050395170908268 944389503 bright_1x1 openfibertargets_nov2020_6c open_fiber science 0 0 0.0 0.0 -999 ""
FIBERMAP 162 R-9C14 METROLOGY 0 0 0 1 0 0 118.25655062465648 -170.88549557237178 143.1 -15.752986990707496 -207.17552907218203 53.91202 71.17519 -999.0 -999.0 -999.0 -999.0 -999.0 142.07409192460136 -1.6837876221012338 142.07580011549078 -1.7921341898990457 55.2323699971694 172.93311245329497 -999.0 6231.0 -999.0 -1 -999 {-999.0 -999.0 -999.0 -999.0 -999.0} "" -999.0 -999.0 -999.0 -999.0 -999 -999 "" "" "" "" 0 0 0.0 0.0 -999 ""
FIBERMAP 167 R-6C5 APOGEE 0 0 0 1 0 0 -138.3683707530393 -135.47341696193325 143.1 -192.76176740301756 -18.092348763469186 302.63074 63.881565 -999.0 -999.0 -999.0 -999.0 -999.0 141.2690198503639 -0.8269110432256835 141.27223845577294 -0.9343041557302676 56.16208656318722 174.20888144178704 -999.0 16600.0 -999.0 2 251 {-999.0 -999.0 -999.0 -999.0 -999.0} "" -999.0 -999.0 -999.0 -999.0 -999 -999 "" ops_sky_apogee_best_unassigned ops_sky sky_apogee 0 0 0.0 0.0 -999 ""
FIBERMAP 167 R-6C5 BOSS 1 1 0 1 0 0 -139.09857341429458 -135.58797111099662 143.1 -193.40100066524343 -17.72155323745416 302.63074 63.881565 141.26611307378752 -0.8253652155142168 -6.3531647 -0.19399919 0.33478755 141.26609663046824 -0.8253708989316199 141.2693065873666 -0.9326232895961024 56.164010024319296 174.21387099690165 5400.0 5400.0 2016.0 1 457 {-999.0 17.04098 16.64932 16.515705 -999.0} sdss_psfmag 16.97766 16.66616 16.191488 15.353 63050395170939748 977051680 "" ops_std_boss ops_std standard_boss 0 0 0.0 0.0 -999 ""
FIBERMAP 167 R-6C5 METROLOGY 0 0 0 1 0 0 -138.8304510731818 -134.89407070294135 143.1 -192.75585997082678 -17.35146130537038 302.63074 63.881565 -999.0 -999.0 -999.0 -999.0 -999.0 141.2690063876886 -0.8236491601953212 141.27222199210826 -0.9309453821714658 56.16543461778805 174.20839900972916 -999.0 6231.0 -999.0 -1 -999 {-999.0 -999.0 -999.0 -999.0 -999.0} "" -999.0 -999.0 -999.0 -999.0 -999 -999 "" "" "" "" 0 0 0.0 0.0 -999 ""
FIBERMAP 170 R-2C20 APOGEE 0 0 0 1 0 0 160.1475104728808 -28.594198659222307 143.1 106.37321579827032 -123.04232956356331 52.102417 133.93544 -999.0 -999.0 -999.0 -999.0 -999.0 142.62854028109493 -1.3019283137299846 142.63079524265243 -1.4113548401636458 55.54916422613277 171.88790316531149 -999.0 16600.0 -999.0 2 -999 {-999.0 -999.0 -999.0 -999.0 -999.0} "" -999.0 -999.0 -999.0 -999.0 -999 -999 "" "" "" "" 0 0 0.0 0.0 -999 ""
FIBERMAP 170 R-2C20 BOSS 1 1 0 1 0 0 160.89648739458772 -28.504740524690284 143.1 107.01122853610329 -123.44443667483728 52.102417 133.93544 142.631647599555 -1.30386878010241 -54.187283 -24.639475 1.8170217 142.63148693203976 -1.3039202048923986 142.63372167397864 -1.4132116742419905 55.546973183193906 171.8831580303936 5400.0 5400.0 2016.0 1 298 {-999.0 18.31469 17.123053 16.400732 -999.0} sdss_psfmag 17.798481 16.933992 16.022621 14.238 63050395170959647 1072601989 bright_1x1 mwm_halo_local_high_boss_single mwm_halo science 0 0 0.0 0.0 -999 ""
FIBERMAP 170 R-2C20 METROLOGY 0 0 0 1 0 0 160.59616519744074 -29.190328610358662 143.1 106.34631384870723 -123.7877986735932 52.102417 133.93544 -999.0 -999.0 -999.0 -999.0 -999.0 142.62845773070322 -1.3054416676084768 142.6306952034344 -1.4147673967482286 55.545787660019215 171.88879463802536 -999.0 6231.0 -999.0 -1 -999 {-999.0 -999.0 -999.0 -999.0 -999.0} "" -999.0 -999.0 -999.0 -999.0 -999 -999 "" "" "" "" 0 0 0.0 0.0 -999 ""
FIBERMAP 171 R-12C7 APOGEE 0 0 0 1 0 0 -23.070191072014353 -213.62647133983586 143.1 -152.424519112779 -151.38531714628732 136.53639 63.54952 -999.0 -999.0 -999.0 -999.0 -999.0 141.45362618114018 -1.4311965929873334 141.45583389236407 -1.5387230666141576 55.54404646462886 173.97631787416745 -999.0 16600.0 -999.0 2 -999 {-999.0 -999.0 -999.0 -999.0 -999.0} "" -999.0 -999.0 -999.0 -999.0 -999 -999 "" "" "" "" 0 0 0.0 0.0 -999 ""
FIBERMAP 171 R-12C7 BOSS 1 1 0 1 0 0 -22.377968299674688 -213.36548691476176 143.1 -151.7225846042101 -151.61847528295263 136.53639 63.54952 141.45674399833055 -1.4323701459945783 22.990473 -24.4783 3.9684148 141.45678349019315 -1.4324309025293502 141.45897638630464 -1.539822529706961 55.542673875410756 173.97095894194382 5400.0 5400.0 2016.0 1 404 {-999.0 14.831752 13.800087 13.439047 -999.0} sdss_psfmag_from_g3xp 14.475792 13.844049 13.083853 11.564 63050395170935908 1095599128 bright_1x1 mwm_bin_vis_boss mwm_filler science 0 0 0.0 0.0 -999 ""
FIBERMAP 171 R-12C7 METROLOGY 0 0 0 1 0 0 -22.488679879988247 -214.09391835721877 143.1 -152.2672156109347 -152.1144971770113 136.53639 63.54952 -999.0 -999.0 -999.0 -999.0 -999.0 141.4543414087654 -1.4346152069821032 141.45653459542297 -1.5420418562892162 55.54067879726841 173.97560253555818 -999.0 6231.0 -999.0 -1 -999 {-999.0 -999.0 -999.0 -999.0 -999.0} "" -999.0 -999.0 -999.0 -999.0 -999 -999 "" "" "" "" 0 0 0.0 0.0 -999 ""
FIBERMAP 177 R-4C3 APOGEE 1 1 0 1 0 0 -189.15259189972147 -64.40855688821337 143.1 -187.45779370193486 69.07522198256876 85.41972 72.85311 141.29250444857405 -0.43118266730732996 -0.93349326 -11.221277 1.8633188 141.29274767987616 -0.43121372075012077 141.2966081624735 -0.5387512748379835 56.55410067007988 174.10392566014124 16000.0 16600.0 2016.0 2 286 {-999.0 9.663509 8.903897 8.620334 -999.0} sdss_psfmag_from_g3xp 9.450255 8.944985 8.273067 6.957 63050395170992380 1104463130 bright_1x1 mwm_tess_rgb_apogee mwm_tessrgb science 0 0 0.8918642401695251 0.0 -999 ""
FIBERMAP 177 R-4C3 BOSS 0 0 0 1 0 0 -188.46681531365007 -64.67684906256352 143.1 -187.09411800026382 68.43506445214148 85.41972 72.85311 -999.0 -999.0 -999.0 -999.0 -999.0 141.29434771645924 -0.4342270905282337 141.2981913586329 -0.5416320155639451 56.55109391909797 174.10151568627955 -999.0 5400.0 -999.0 1 443 {-999.0 -999.0 -999.0 -999.0 -999.0} "" -999.0 -999.0 -999.0 -999.0 -999 -999 "" "" "" "" 0 0 0.0 0.0 -999 ""
FIBERMAP 177 R-4C3 METROLOGY 0 0 0 1 0 0 -189.04569307438032 -65.1539104147488 143.1 -187.84407422378024 68.42904200951762 85.41972 72.85311 -999.0 -999.0 -999.0 -999.0 -999.0 141.29097458622354 -0.43423363094776973 141.2948220888082 -0.541671193645928 56.55134589036839 174.10761141413852 -999.0 6231.0 -999.0 -1 -999 {-999.0 -999.0 -999.0 -999.0 -999.0} "" -999.0 -999.0 -999.0 -999.0 -999 -999 "" "" "" "" 0 0 0.0 0.0 -999 ""
FIBERMAP 179 R-4C8 APOGEE 0 0 0 1 0 0 -100.42671581848896 -82.93327988851593 143.1 -130.21346066440907 -1.1769909847551583 197.18187 126.34794 -999.0 -999.0 -999.0 -999.0 -999.0 141.55169199997724 -0.7497242086128552 141.55499260942622 -0.8575935875857076 56.21343519419015 173.69060477393222 -999.0 16600.0 -999.0 2 -999 {-999.0 -999.0 -999.0 -999.0 -999.0} "" -999.0 -999.0 -999.0 -999.0 -999 -999 "" "" "" "" 0 0 0.0 0.0 -999 ""
FIBERMAP 179 R-4C8 BOSS 1 1 0 1 0 0 -101.0274143685925 -82.49408215379135 143.1 -130.40345267384131 -0.45766943687322226 197.18187 126.34794 141.5508894497303 -0.7463554721859151 -39.555088 -62.514328 11.570032 141.550782715416 -0.7465893609677594 141.55407592742068 -0.8543220762367885 56.21677740980029 173.69170233429776 5400.0 5400.0 2016.0 1 461 {-999.0 17.921604 16.385445 15.127038 -999.0} sdss_psfmag 17.26007 15.825126 14.656403 12.521 63050395170985915 1151026388 bright_1x1 mwm_snc_100pc_boss_single mwm_snc science 0 0 0.0 0.0 -999 ""
FIBERMAP 179 R-4C8 METROLOGY 0 0 0 1 0 0 -100.34875381407063 -82.19126647463524 143.1 -129.6857126168949 -0.6498004051313953 197.18187 126.34794 -999.0 -999.0 -999.0 -999.0 -999.0 141.55404576725053 -0.7474202069789313 141.55734069210263 -0.8551964904923854 56.21560495770965 173.68600226375332 -999.0 6231.0 -999.0 -1 -999 {-999.0 -999.0 -999.0 -999.0 -999.0} "" -999.0 -999.0 -999.0 -999.0 -999 -999 "" "" "" "" 0 0 0.0 0.0 -999 ""
FIBERMAP 187 R-7C8 APOGEE 0 0 0 1 0 0 -49.95491554448049 -116.699639538695 143.1 -112.27553624028938 -59.18028771303623 125.5928 52.24641 -999.0 -999.0 -999.0 -999.0 -999.0 141.6336465912472 -1.0135042342662623 141.63650702179092 -1.1214337523517914 55.94314939277472 173.58924033201504 -999.0 16600.0 -999.0 2 288 {-999.0 -999.0 -999.0 -999.0 -999.0} "" -999.0 -999.0 -999.0 -999.0 -999 -999 "" ops_sky_apogee_best_unassigned ops_sky sky_apogee 0 0 0.0 0.0 -999 ""
FIBERMAP 187 R-7C8 BOSS 1 1 0 1 0 0 -49.21330831467324 -116.717633143856 143.1 -111.71090276294139 -59.661206066203846 125.5928 52.24641 141.63619766082078 -1.015842957550908 -6.377535 5.1983895 0.65042764 141.63618019282075 -1.0158538271776707 141.6390234674032 -1.1236493185862426 55.94070728139176 173.58513929832992 5400.0 5400.0 2016.0 1 400 {-999.0 15.150731 14.833733 14.743922 -999.0} sdss_psfmag_from_g3xp 15.108028 14.841637 14.417529 13.71 63050395170937552 977816211 "" ops_std_boss ops_std standard_boss 0 0 0.0 0.0 -999 ""
FIBERMAP 187 R-7C8 METROLOGY 0 0 0 1 0 0 -49.59699592430191 -117.3562942935995 143.1 -112.4110155247622 -59.91563266493958 125.5928 52.24641 -999.0 -999.0 -999.0 -999.0 -999.0 141.63301066811042 -1.016967348926724 141.63585629064045 -1.1247964063069904 55.93986268293932 173.59096068881485 -999.0 6231.0 -999.0 -1 -999 {-999.0 -999.0 -999.0 -999.0 -999.0} "" -999.0 -999.0 -999.0 -999.0 -999 -999 "" "" "" "" 0 0 0.0 0.0 -999 ""
FIBERMAP 188 R-1C2 APOGEE 0 0 0 1 0 0 -254.54192859883776 -39.6022805719258 143.1 -222.62290059201283 129.5123878114486 333.7696 51.09697 -999.0 -999.0 -999.0 -999.0 -999.0 141.1355995422917 -0.1587847423512248 141.13993185321164 -0.26614017705493404 56.838991028321686 174.34623286951995 -999.0 16600.0 -999.0 2 -999 {-999.0 -999.0 -999.0 -999.0 -999.0} "" -999.0 -999.0 -999.0 -999.0 -999 -999 "" "" "" "" 0 0 0.0 0.0 -999 ""
FIBERMAP 188 R-1C2 BOSS 1 1 0 1 0 0 -255.22551795587788 -39.9226128092733 143.1 -223.3554976444944 129.6940180534852 333.7696 51.09697 141.13216399269575 -0.15778932930433048 31.035568 -110.90928 2.9491541 141.13232319859367 -0.15811729094462057 141.13664612872543 -0.2653346010264568 56.84006589007624 174.3520972009266 5400.0 5400.0 2016.0 1 434 {-999.0 20.12994 18.615301 17.909658 -999.0} sdss_psfmag 19.511084 18.506569 17.533785 15.623 63050395170994456 1072698280 bright_1x1 mwm_halo_local_high_boss_single mwm_halo science 0 0 0.0 0.0 -999 ""
FIBERMAP 188 R-1C2 METROLOGY 0 0 0 1 0 0 -255.15370914102786 -39.17521318999482 143.1 -222.82913706188324 130.22926606289334 333.7696 51.09697 -999.0 -999.0 -999.0 -999.0 -999.0 141.13469158027291 -0.15564973511686897 141.13902126040676 -0.2629092360495925 56.84228629253343 174.3474026316379 -999.0 6231.0 -999.0 -1 -999 {-999.0 -999.0 -999.0 -999.0 -999.0} "" -999.0 -999.0 -999.0 -999.0 -999 -999 "" "" "" "" 0 0 0.0 0.0 -999 ""
FIBERMAP 189 R-5C5 APOGEE 1 1 0 1 0 0 -150.93160226704086 -112.81768690006183 143.1 -188.25399516300337 7.413313223709322 275.83536 90.654274 141.289149896252 -0.7110603030417818 -10.591011 -3.0922232 1.0777864 141.28914981704665 -0.7110799673442103 141.29255431016605 -0.8185367849658226 56.275700717940964 174.15473079372947 16000.0 16600.0 2016.0 2 263 {-999.0 13.635028 12.892497 12.63906 -999.0} sdss_psfmag_from_g3xp 13.429421 12.938339 12.29295 11.001 63050395170939942 1164888480 bright_1x1 openfibertargets_mwm_rvscnn24_apogee open_fiber science 0 0 0.0 0.0 -999 ""
FIBERMAP 189 R-5C5 BOSS 0 0 0 1 0 0 -151.67008848909674 -112.89726170192671 143.1 -188.87763747091265 7.816490802343939 275.83536 90.654274 -999.0 -999.0 -999.0 -999.0 -999.0 141.28629515865754 -0.7093876775994414 141.28969119307862 -0.816704518753805 56.27777134554083 174.15958587349616 -999.0 5400.0 -999.0 1 458 {-999.0 -999.0 -999.0 -999.0 -999.0} "" -999.0 -999.0 -999.0 -999.0 -999 -999 "" "" "" "" 0 0 0.0 0.0 -999 ""
FIBERMAP 189 R-5C5 METROLOGY 0 0 0 1 0 0 -151.36768400102932 -112.2082452457639 143.1 -188.2089469591773 8.161204327198403 275.83536 90.654274 -999.0 -999.0 -999.0 -999.0 -999.0 141.28931479640505 -0.7077790728987122 141.29271628064294 -0.8151397209556461 56.27907142645357 174.15391604889425 -999.0 6231.0 -999.0 -1 -999 {-999.0 -999.0 -999.0 -999.0 -999.0} "" -999.0 -999.0 -999.0 -999.0 -999 -999 "" "" "" "" 0 0 0.0 0.0 -999 ""
FIBERMAP 192 R+4C10 APOGEE 0 0 0 1 0 0 -65.1159984253293 78.0142605711754 143.1 -1.45107519987499 101.5885887493098 230.06151 53.802765 -999.0 -999.0 -999.0 -999.0 -999.0 142.1367300767768 -0.28102505651059434 142.14069113837553 -0.38995376236032886 56.619725837481006 172.55205140232462 -999.0 16600.0 -999.0 2 -999 {-999.0 -999.0 -999.0 -999.0 -999.0} "" -999.0 -999.0 -999.0 -999.0 -999 -999 "" "" "" "" 0 0 0.0 0.0 -999 ""
FIBERMAP 192 R+4C10 BOSS 1 1 0 1 0 0 -65.30001324346532 78.75961436432435 143.1 -1.1246859879603162 102.2833240556505 230.06151 53.802765 142.13818410183413 -0.2779184417493377 5.7185 -17.138172 1.9477499 142.13822502503572 -0.27795053097583844 142.1421760886197 -0.3867486806265595 56.62274991838341 172.5487333399005 5400.0 5400.0 2016.0 1 74 {-999.0 19.35798 17.889757 16.861464 -999.0} sdss_psfmag 18.779093 17.54121 16.442486 14.338 63050395170987327 1094573958 bright_1x1 mwm_bin_vis_boss mwm_filler science 0 0 0.0 0.0 -999 ""
FIBERMAP 192 R+4C10 METROLOGY 0 0 0 1 0 0 -64.58699335790371 78.54039327225932 143.1 -0.7089550132445182 101.66412375771402 230.06151 53.802765 -999.0 -999.0 -999.0 -999.0 -999.0 142.14011788481793 -0.28073232405366366 142.1440683134765 -0.3895706236686178 56.61973842865387 172.54587404838804 -999.0 6231.0 -999.0 -1 -999 {-999.0 -999.0 -999.0 -999.0 -999.0} "" -999.0 -999.0 -999.0 -999.0 -999 -999 "" "" "" "" 0 0 0.0 0.0 -999 ""
FIBERMAP 194 R-10C1 APOGEE 0 0 0 1 0 0 -177.08034707388347 -178.8843316413156 143.1 -250.16023627930932 -27.43255058135036 98.33689 99.47698 -999.0 -999.0 -999.0 -999.0 -999.0 141.0115915618483 -0.8693207082471613 141.0147799038802 -0.976285078521598 56.14121197598856 174.67564777151054 -999.0 16600.0 -999.0 2 291 {-999.0 -999.0 -999.0 -999.0 -999.0} "" -999.0 -999.0 -999.0 -999.0 -999 -999 "" ops_sky_apogee_best_unassigned ops_sky sky_apogee 0 0 0.0 0.0 -999 ""
FIBERMAP 194 R-10C1 BOSS 1 1 0 1 0 0 -176.37472538871316 -178.6430913182969 143.1 -249.46032724783694 -27.689479265308094 98.33689 99.47698 141.0147372568316 -0.8706336889162599 -8.557911 2.4402661 1.1118755 141.01471069870772 -0.8706233938114769 141.01788572666487 -0.9774558731490807 56.13980229027858 174.6702552699518 5400.0 5400.0 2016.0 1 420 {-999.0 14.310928 13.96194 13.862191 -999.0} sdss_psfmag_from_g3xp 14.257526 13.974926 13.533124 12.794 63050395170939595 1095788580 bright_1x1 mwm_bin_vis_boss mwm_filler science 0 0 0.0 0.0 -999 ""
FIBERMAP 194 R-10C1 METROLOGY 0 0 0 1 0 0 -176.5148890919491 -179.37664168118764 143.1 -250.03105505914186 -28.17093256216795 98.33689 99.47698 -999.0 -999.0 -999.0 -999.0 -999.0 141.01217089493792 -0.8727628515187601 141.01534583783723 -0.9796293320084951 56.13783376146129 174.67510372641118 -999.0 6231.0 -999.0 -1 -999 {-999.0 -999.0 -999.0 -999.0 -999.0} "" -999.0 -999.0 -999.0 -999.0 -999 -999 "" "" "" "" 0 0 0.0 0.0 -999 ""
FIBERMAP 199 R+10C9 APOGEE 0 0 0 1 0 0 -5.410401314186461 203.94498054216785 143.1 124.20947972172694 161.79872087781774 101.46309 132.42041 -999.0 -999.0 -999.0 -999.0 -999.0 142.7065294850388 -0.008269813404372354 142.71082478196212 -0.11816869311314943 56.82299090015391 171.4622213868132 -999.0 16600.0 -999.0 2 -999 {-999.0 -999.0 -999.0 -999.0 -999.0} "" -999.0 -999.0 -999.0 -999.0 -999 -999 "" "" "" "" 0 0 0.0 0.0 -999 ""
FIBERMAP 199 R+10C9 BOSS 1 1 0 1 0 0 -4.976055691151974 204.55672268705305 143.1 124.93198638063633 162.00034487271463 101.46309 132.42041 142.70995740160245 -0.0074421017133805435 -35.896965 -7.3044405 2.2661462 142.70983837007162 -0.007462373139705649 142.71411766384915 -0.11723416376336725 56.82350688709841 171.4560378020912 5400.0 5400.0 2016.0 1 121 {-999.0 17.774883 16.487816 15.713137 -999.0} sdss_psfmag 17.232265 16.278793 15.2675085 13.285 63050395170990423 1094554848 bright_1x1 mwm_bin_vis_boss mwm_filler science 0 0 0.0 0.0 -999 ""
FIBERMAP 199 R+10C9 METROLOGY 0 0 0 1 0 0 -4.667488502976393 203.8761144732242 143.1 124.74309595331144 161.2774708166296 101.46309 132.42041 -999.0 -999.0 -999.0 -999.0 -999.0 142.70899267352814 -0.01069281098172681 142.7132717278085 -0.12049995066501878 56.820372345770544 171.45831694548707 -999.0 6231.0 -999.0 -1 -999 {-999.0 -999.0 -999.0 -999.0 -999.0} "" -999.0 -999.0 -999.0 -999.0 -999 -999 "" "" "" "" 0 0 0.0 0.0 -999 ""
FIBERMAP 200 R+7C19 APOGEE 0 0 0 1 0 0 208.90552519922306 127.06917445862024 143.1 242.25221971681515 -32.84757690871398 32.410408 47.589367 -999.0 -999.0 -999.0 -999.0 -999.0 143.24163145998727 -0.8903712918316413 143.24444594148292 -1.0008635810359516 55.87829468273185 170.7149582143601 -999.0 16600.0 -999.0 2 -999 {-999.0 -999.0 -999.0 -999.0 -999.0} "" -999.0 -999.0 -999.0 -999.0 -999 -999 "" "" "" "" 0 0 0.0 0.0 -999 ""
FIBERMAP 200 R+7C19 BOSS 1 1 0 1 0 0 208.76982807094512 126.33292931916844 143.1 241.68326410027694 -33.33393540419426 32.410408 47.589367 143.23911551920335 -0.8927176463260749 -2.9803188 -5.0384297 0.15833731 143.23913254225684 -0.8927234914856833 143.24192494812348 -1.0030741666051834 55.87644647210194 170.7199445944421 5400.0 5400.0 2016.0 1 238 {-999.0 15.195852 14.631119 14.38857 -999.0} sdss_psfmag_from_g3xp 15.053719 14.6392765 14.043576 12.898 63050395170963794 1061921995 bright_1x1 manual_mwm_halo_vmp_wise_boss_single mwm_halo science 0 0 0.0 0.0 -999 ""
FIBERMAP 200 R+7C19 METROLOGY 0 0 0 1 0 0 208.20418135296603 126.81465768151276 143.1 241.5472736781574 -32.60365275763448 32.410408 47.589367 -999.0 -999.0 -999.0 -999.0 -999.0 143.238512434941 -0.8893789772205356 143.2413155027275 -0.9997684797903285 55.87980425772182 170.72022163416497 -999.0 6231.0 -999.0 -1 -999 {-999.0 -999.0 -999.0 -999.0 -999.0} "" -999.0 -999.0 -999.0 -999.0 -999 -999 "" "" "" "" 0 0 0.0 0.0 -999 ""
FIBERMAP 202 R-10C6 APOGEE 0 0 0 1 0 0 -57.93408677130589 -184.73672139611955 143.1 -161.31119430571874 -106.99672082814594 45.9372 117.12272 -999.0 -999.0 -999.0 -999.0 -999.0 141.41237571050848 -1.2303442243952099 141.41491582745425 -1.337859247185039 55.74773001968046 174.01721124396155 -999.0 16600.0 -999.0 2 -999 {-999.0 -999.0 -999.0 -999.0 -999.0} "" -999.0 -999.0 -999.0 -999.0 -999 -999 "" "" "" "" 0 0 0.0 0.0 -999 ""
FIBERMAP 202 R-10C6 BOSS 1 1 0 1 0 0 -57.21902522231213 -184.9535983517152 143.1 -160.8924017341314 -107.61538608049507 45.9372 117.12272 141.41429834086333 -1.233290110414835 -18.055426 -8.681419 0.5961016 141.41425039200126 -1.2333179436117077 141.4167732047627 -1.340696631432213 55.744740737353354 174.01436700176131 5400.0 5400.0 2016.0 1 391 {-999.0 17.226793 16.648485 16.420055 -999.0} sdss_psfmag 17.092707 16.671782 16.091059 14.968 63050395170937227 1072698255 bright_1x1 mwm_halo_local_high_boss_single mwm_halo science 0 0 0.0 0.0 -999 ""
FIBERMAP 202 R-10C6 METROLOGY 0 0 0 1 0 0 -57.759370947328904 -185.46207397339757 143.1 -161.63221198516604 -107.67006736476831 45.9372 117.12272 -999.0 -999.0 -999.0 -999.0 -999.0 141.41091521761547 -1.2335132014892032 141.41344164626548 -1.3409257262798249 55.74480451262439 174.02029704868443 -999.0 6231.0 -999.0 -1 -999 {-999.0 -999.0 -999.0 -999.0 -999.0} "" -999.0 -999.0 -999.0 -999.0 -999 -999 "" "" "" "" 0 0 0.0 0.0 -999 ""
FIBERMAP 204 R-3C18 APOGEE 1 1 0 1 0 0 132.06059166493515 -43.1973500737849 143.1 75.3650572069342 -116.69916323010412 91.55518 76.16416 142.48776152568806 -1.2736665983215607 5.563453 -18.070414 4.490085 142.4877687702049 -1.2737058015041813 142.49008831308817 -1.3829193865108493 55.59385391772237 172.1291135469055 16000.0 16600.0 2016.0 2 224 {-999.0 13.062028 12.311813 12.037105 -999.0} sdss_psfmag_gaia 11.969261 12.354929 10.808783 9.455 63050395170961228 1076275030 bright_1x1 mwm_snc_ext_main_apogee mwm_snc science 0 0 0.0 0.0 -999 ""
FIBERMAP 204 R-3C18 BOSS 0 0 0 1 0 0 132.78922307210496 -43.277639076804526 143.1 75.88038959948776 -117.22029270705414 91.55518 76.16416 -999.0 -999.0 -999.0 -999.0 -999.0 142.4901577809326 -1.276248529968504 142.49245681457484 -1.3853262189527922 55.5911903130878 172.12544191206095 -999.0 5400.0 -999.0 1 293 {-999.0 -999.0 -999.0 -999.0 -999.0} "" -999.0 -999.0 -999.0 -999.0 -999 -999 "" "" "" "" 0 0 0.0 0.0 -999 ""
FIBERMAP 204 R-3C18 METROLOGY 0 0 0 1 0 0 132.34857196371954 -43.88482319790047 143.1 75.15585574220069 -117.41440658120004 91.55518 76.16416 -999.0 -999.0 -999.0 -999.0 -999.0 142.48685481481843 -1.2770919599645916 142.4891575459696 -1.3862036037204504 55.59069871718863 172.13141861063778 -999.0 6231.0 -999.0 -1 -999 {-999.0 -999.0 -999.0 -999.0 -999.0} "" -999.0 -999.0 -999.0 -999.0 -999 -999 "" "" "" "" 0 0 0.0 0.0 -999 ""
FIBERMAP 208 R-7C5 APOGEE 1 1 0 1 0 0 -126.87049076760681 -129.1069070195791 143.1 -179.82344317721655 -20.387350341419193 42.111633 169.56969 141.32751461601526 -0.8372754052084517 -42.990227 -8.560891 7.293516 141.32738498861502 -0.8372939143975273 141.33057774471922 -0.9447785065590278 56.14665700904247 174.10614353313434 16000.0 16600.0 2016.0 2 253 {-999.0 7.9567366 8.00408 8.058693 -999.0} sdss_psfmag_from_g3xp 8.0430975 7.9493155 7.744281 7.482 63050395170939720 975012185 "" ops_std_apogee ops_std standard_apogee 0 0 0.0 0.0 -999 ""
FIBERMAP 208 R-7C5 BOSS 0 0 0 1 0 0 -126.25489637346455 -128.6883934899811 143.1 -179.08183520232882 -20.449916737439466 42.111633 169.56969 -999.0 -999.0 -999.0 -999.0 -999.0 141.33068991250954 -0.8377187221470573 141.33386962765007 -0.945072050176461 56.14608017968186 174.10030271329364 -999.0 5400.0 -999.0 1 451 {-999.0 -999.0 -999.0 -999.0 -999.0} "" -999.0 -999.0 -999.0 -999.0 -999 -999 "" "" "" "" 0 0 0.0 0.0 -999 ""
FIBERMAP 208 R-7C5 METROLOGY 0 0 0 1 0 0 -126.2039342072344 -129.440534386337 143.1 -179.51583203621797 -21.066148241292577 42.111633 169.56969 -999.0 -999.0 -999.0 -999.0 -999.0 141.32874449242476 -0.8404790725222372 141.33192336605333 -0.9478671841340035 56.14346366528142 174.10421632435228 -999.0 6231.0 -999.0 -1 -999 {-999.0 -999.0 -999.0 -999.0 -999.0} "" -999.0 -999.0 -999.0 -999.0 -999 -999 "" "" "" "" 0 0 0.0 0.0 -999 ""
FIBERMAP 214 R-11C5 APOGEE 1 1 0 1 0 0 -86.28653835300803 -207.62159393106495 143.1 -197.74005941261743 -106.91829312770057 111.57927 143.81688 141.2478753084549 -1.2295036627260298 19.146986 -17.611261 2.0499105 141.24818397357512 -1.229549375718785 141.2507483808199 -1.3367996985974873 55.7628261368086 174.30763630026206 16000.0 16600.0 2016.0 2 153 {-999.0 9.814441 9.007493 8.708375 -999.0} sdss_psfmag_from_g3xp 9.580867 9.047569 8.360435 6.934 63050395170938044 1104692603 bright_1x1 mwm_tess_rgb_apogee mwm_tessrgb science 0 0 0.9030253291130066 0.0 -999 ""
FIBERMAP 214 R-11C5 BOSS 0 0 0 1 0 0 -86.12424092226627 -206.9018199938783 143.1 -197.16081578589277 -106.46147540069182 111.57927 143.81688 -999.0 -999.0 -999.0 -999.0 -999.0 141.25075426048204 -1.227648684875377 141.25330980385098 -1.3347651904472446 55.76463982134716 174.30279882263986 -999.0 5400.0 -999.0 1 392 {-999.0 -999.0 -999.0 -999.0 -999.0} "" -999.0 -999.0 -999.0 -999.0 -999 -999 "" "" "" "" 0 0 0.0 0.0 -999 ""
FIBERMAP 214 R-11C5 METROLOGY 0 0 0 1 0 0 -85.57293219055188 -207.39197484409377 143.1 -197.0412664718023 -107.18927467234188 111.57927 143.81688 -999.0 -999.0 -999.0 -999.0 -999.0 141.25131504873627 -1.2308990400663307 141.25386849461364 -1.3380548009631772 55.76131506042797 174.30229777144453 -999.0 6231.0 -999.0 -1 -999 {-999.0 -999.0 -999.0 -999.0 -999.0} "" -999.0 -999.0 -999.0 -999.0 -999 -999 "" "" "" "" 0 0 0.0 0.0 -999 ""
FIBERMAP 215 R-10C15 APOGEE 0 0 0 1 0 0 134.87185628473682 -209.1289126880162 143.1 -26.928343801354146 -247.3385733197738 286.1233 102.349174 -999.0 -999.0 -999.0 -999.0 -999.0 142.02388447273617 -1.8637206765353131 142.02532016475527 -1.9720386392741254 55.05859358198763 173.05323667091628 -999.0 16600.0 -999.0 2 237 {-999.0 -999.0 -999.0 -999.0 -999.0} "" -999.0 -999.0 -999.0 -999.0 -999 -999 "" ops_sky_apogee_best_unassigned ops_sky sky_apogee 0 0 0.0 0.0 -999 ""
FIBERMAP 215 R-10C15 BOSS 1 1 0 1 0 0 134.23628066198603 -209.51140787114988 143.1 -27.662791522844454 -247.23545265009918 286.1233 102.349174 142.020542597435 -1.86337702937511 -4.2802567 -1.1657714 0.5154209 142.02056871052957 -1.8634246138798896 142.02199076227873 -1.9715954573366241 55.05937293429788 173.05893756744928 5400.0 5400.0 2016.0 1 266 {-999.0 15.610871 15.2195215 15.087893 -999.0} sdss_psfmag 15.5274105 15.222816 14.754265 14.002 63050395170905870 978211520 "" ops_std_boss ops_std standard_boss 0 0 0.0 0.0 -999 ""
FIBERMAP 215 R-10C15 METROLOGY 0 0 0 1 0 0 134.22180216691652 -208.76598356566603 143.1 -27.20468897499859 -246.64740901925057 286.1233 102.349174 -999.0 -999.0 -999.0 -999.0 -999.0 142.022632092404 -1.8607516130117114 142.02406230304177 -1.9689667098205081 55.06177748025127 173.0548745226962 -999.0 6231.0 -999.0 -1 -999 {-999.0 -999.0 -999.0 -999.0 -999.0} "" -999.0 -999.0 -999.0 -999.0 -999 -999 "" "" "" "" 0 0 0.0 0.0 -999 ""
FIBERMAP 222 R-12C12 APOGEE 0 0 0 1 0 0 105.85009836148208 -245.76871539410922 143.1 -72.53764076077651 -257.5213743530471 20.066273 45.226166 -999.0 -999.0 -999.0 -999.0 -999.0 141.81768513128975 -1.9088937805981085 141.81907270785717 -2.0168711958485845 55.03440780362068 173.419001663852 -999.0 16600.0 -999.0 2 -999 {-999.0 -999.0 -999.0 -999.0 -999.0} "" -999.0 -999.0 -999.0 -999.0 -999 -999 "" "" "" "" 0 0 0.0 0.0 -999 ""
FIBERMAP 222 R-12C12 BOSS 1 1 0 1 0 0 105.53950998455335 -246.46093123145127 143.1 -73.21470167055345 -257.8634197661085 20.066273 45.226166 141.8146712067766 -1.9105363580457506 2.558146 -2.3532841 0.30632675 141.8146460373189 -1.9105572098015122 141.8160175195094 -2.018387162050675 55.03319320573287 173.4245595774997 5400.0 5400.0 2016.0 1 343 {-999.0 16.97182 16.5861 16.426147 -999.0} sdss_psfmag 16.888748 16.579147 16.103043 15.188 63050395170907133 977051560 "" ops_std_boss ops_std standard_boss 0 0 0.0 0.0 -999 ""
FIBERMAP 222 R-12C12 METROLOGY 0 0 0 1 0 0 105.10794145617102 -245.84529938989738 143.1 -73.16225074964811 -257.1135627903115 20.066273 45.226166 -999.0 -999.0 -999.0 -999.0 -999.0 141.8148606776297 -1.9071734377706324 141.81624150110753 -2.0150449729499265 55.03649827421106 173.42360884345345 -999.0 6231.0 -999.0 -1 -999 {-999.0 -999.0 -999.0 -999.0 -999.0} "" -999.0 -999.0 -999.0 -999.0 -999 -999 "" "" "" "" 0 0 0.0 0.0 -999 ""
FIBERMAP 228 R+13C11 APOGEE 1 1 0 1 0 0 88.39140478607239 265.07749755156425 143.1 235.5511814421751 150.21562743986314 76.921906 89.063934 143.20764261447658 -0.06271607759224497 -7.2054987 7.2855477 1.5541524 143.20762911535505 -0.06267924125630425 143.21174758479776 -0.17334291210852423 56.70251418856187 170.56943585722695 16000.0 16600.0 2016.0 2 53 {-999.0 12.680841 12.095137 11.891782 -999.0} sdss_psfmag_from_g3xp 12.540798 12.128449 11.551746 10.458 63050395170989356 1113930772 bright_1x1 openfibertargets_mwm_subgiant_nataf24_apogee open_fiber science 0 0 0.0 0.0 -999 ""
FIBERMAP 228 R+13C11 BOSS 0 0 0 1 0 0 89.11925451159158 264.9295643456184 143.1 236.02331541686408 149.64245484602876 76.921906 89.063934 -999.0 -999.0 -999.0 -999.0 -999.0 143.20977487829924 -0.06540632262952241 143.21387018898213 -0.17593970343492296 56.69964966995319 170.56625831027708 -999.0 5400.0 -999.0 1 163 {-999.0 -999.0 -999.0 -999.0 -999.0} "" -999.0 -999.0 -999.0 -999.0 -999 -999 "" "" "" "" 0 0 0.0 0.0 -999 ""
FIBERMAP 228 R+13C11 METROLOGY 0 0 0 1 0 0 88.62924841559891 264.368432362975 143.1 235.28944658607824 149.51518272667533 76.921906 89.063934 -999.0 -999.0 -999.0 -999.0 -999.0 143.20649911839584 -0.06592072686535473 143.2105994636206 -0.17648656134185267 56.69955867685875 170.57229599774422 -999.0 6231.0 -999.0 -1 -999 {-999.0 -999.0 -999.0 -999.0 -999.0} "" -999.0 -999.0 -999.0 -999.0 -999 -999 "" "" "" "" 0 0 0.0 0.0 -999 ""
FIBERMAP 233 R+4C4 APOGEE 0 0 0 1 0 0 -161.4550032166074 89.46060662790038 143.1 -69.06489174041143 171.1369525133885 102.397705 29.286299 -999.0 -999.0 -999.0 -999.0 -999.0 141.82918998353412 0.03330306755661991 141.8337112484785 -0.0752197688806104 56.965060157880075 173.04888041220042 -999.0 16600.0 -999.0 2 -999 {-999.0 -999.0 -999.0 -999.0 -999.0} "" -999.0 -999.0 -999.0 -999.0 -999 -999 "" "" "" "" 0 0 0.0 0.0 -999 ""
FIBERMAP 233 R+4C4 BOSS 1 1 0 1 0 0 -160.95630341786443 88.9234285649572 143.1 -69.01580828656336 170.40575762546436 102.397705 29.286299 141.82942795625206 0.02995262948137602 0.32966742 2.6969717 0.31926212 141.8294032400068 0.029920757876269823 141.8339054892142 -0.07846938923757812 56.96180764099082 173.04913255510155 5400.0 5400.0 2016.0 1 36 {-999.0 17.13391 16.72804 16.613665 -999.0} sdss_psfmag 17.074654 16.763437 16.288538 15.553 63050395170993790 977051842 "" ops_std_boss ops_std standard_boss 0 0 0.0 0.0 -999 ""
FIBERMAP 233 R+4C4 METROLOGY 0 0 0 1 0 0 -161.6765030032684 88.74814622547724 143.1 -69.68550949545946 170.72309080820403 102.397705 29.286299 -999.0 -999.0 -999.0 -999.0 -999.0 141.8263660700898 0.031369141543982425 141.83087504713075 -0.07705398865184115 56.96352396692115 173.0543981761108 -999.0 6231.0 -999.0 -1 -999 {-999.0 -999.0 -999.0 -999.0 -999.0} "" -999.0 -999.0 -999.0 -999.0 -999 -999 "" "" "" "" 0 0 0.0 0.0 -999 ""
FIBERMAP 238 R-5C3 APOGEE 1 1 0 1 0 0 -207.71627531358266 -92.35677795086221 143.1 -219.4723699928431 59.05786706104051 198.49016 77.33955 141.14891895014952 -0.47718223827330924 -65.94663 -2.1645555 11.596497 141.14873584754332 -0.4772142982344024 141.15254489937723 -0.5845064516604813 56.52067170325051 174.37125820797274 16000.0 16600.0 2016.0 2 290 {-999.0 9.651493 9.240695 9.103829 -999.0} sdss_psfmag_from_g3xp 9.581645 9.264825 8.775668 7.983 63050395170946890 984774953 bright_1x1 mwm_snc_100pc_apogee mwm_snc science 0 0 0.0 0.0 -999 ""
FIBERMAP 238 R-5C3 BOSS 0 0 0 1 0 0 -207.80261869739638 -91.6261537457328 143.1 -219.07939939684934 59.67966515407084 198.49016 77.33955 -999.0 -999.0 -999.0 -999.0 -999.0 141.15047798651798 -0.47451506537039195 141.15428002149264 -0.5816761663663415 56.5233491888656 174.36770024482348 -999.0 5400.0 -999.0 1 444 {-999.0 -999.0 -999.0 -999.0 -999.0} "" -999.0 -999.0 -999.0 -999.0 -999 -999 "" "" "" "" 0 0 0.0 0.0 -999 ""
FIBERMAP 238 R-5C3 METROLOGY 0 0 0 1 0 0 -207.11530424976786 -91.91096885104692 143.1 -218.72493278620524 59.02570693488261 198.49016 77.33955 -999.0 -999.0 -999.0 -999.0 -999.0 141.152068664256 -0.47743472323052116 141.15586881690865 -0.5846357570220679 56.52026855201573 174.3652728864891 -999.0 6231.0 -999.0 -1 -999 {-999.0 -999.0 -999.0 -999.0 -999.0} "" -999.0 -999.0 -999.0 -999.0 -999 -999 "" "" "" "" 0 0 0.0 0.0 -999 ""
FIBERMAP 240 R-13C13 APOGEE 0 0 0 1 0 0 103.07873096592489 -260.5024512435285 143.1 -83.96691322243808 -267.21924755327564 271.32675 30.279884 -999.0 -999.0 -999.0 -999.0 -999.0 141.7663187950664 -1.9519020372213365 141.7676429489477 -2.05978552402582 54.99661077595774 173.51539807672205 -999.0 16600.0 -999.0 2 176 {-999.0 -999.0 -999.0 -999.0 -999.0} "" -999.0 -999.0 -999.0 -999.0 -999 -999 "" ops_sky_apogee_best_unassigned ops_sky sky_apogee 0 0 0.0 0.0 -999 ""
FIBERMAP 240 R-13C13 BOSS 1 1 0 1 0 0 102.6940539185565 -259.8629901838724 143.1 -83.86304066195706 -266.48040845667344 271.32675 30.279884 141.76677251846246 -1.9487689535898738 0.0072004343 0.35945898 0.5812648 141.7667817645897 -1.948754578777161 141.76809735234326 -2.056497334150315 54.99984092536263 173.51406517554452 5400.0 5400.0 2016.0 1 345 {-999.0 19.488743 19.120253 18.773214 18.483135} sdss_psfmag_from_gaiadr2 19.02939 19.223133 17.957024 15.768 63050395170907118 1057663026 bright_flexible_2x1 bhm_gua_bright bhm_filler science 0 0 0.0 0.0 -999 ""
FIBERMAP 240 R-13C13 METROLOGY 0 0 0 1 0 0 103.4363105500057 -259.8507274754767 143.1 -83.27885232065336 -266.93823738975476 271.32675 30.279884 -999.0 -999.0 -999.0 -999.0 -999.0 141.76942932250782 -1.950758245626491 141.77074520694822 -2.0585449999864363 54.99755094610968 173.50981222294874 -999.0 6231.0 -999.0 -1 -999 {-999.0 -999.0 -999.0 -999.0 -999.0} "" -999.0 -999.0 -999.0 -999.0 -999 -999 "" "" "" "" 0 0 0.0 0.0 -999 ""
FIBERMAP 245 R-9C16 APOGEE 1 1 0 1 0 0 158.28707552325997 -157.51707658535966 143.1 23.753637436444755 -221.99778291274956 121.039795 31.20145 142.25345164312324 -1.74988913180239 -4.6712246 -1.763433 1.9111992 142.25343407986105 -1.749912874215254 142.25502425174176 -1.8586257981537269 55.14731836756856 172.63338403283225 16000.0 16600.0 2016.0 2 193 {-999.0 11.421885 11.265449 11.255424 -999.0} sdss_psfmag_from_g3xp 11.435282 11.253346 10.931128 10.432 63050395170906697 946401413 bright_1x1 openfibertargets_nov2020_9 open_fiber science 0 0 0.0 0.0 -999 ""
FIBERMAP 245 R-9C16 BOSS 0 0 0 1 0 0 158.9432317146505 -157.86340028866346 143.1 24.045177129139528 -222.67989285102655 121.039795 31.20145 -999.0 -999.0 -999.0 -999.0 -999.0 142.25477767926148 -1.7531499720473644 142.25634714764414 -1.8617227149072528 55.14409688063069 172.6316685744237 -999.0 5400.0 -999.0 1 308 {-999.0 -999.0 -999.0 -999.0 -999.0} "" -999.0 -999.0 -999.0 -999.0 -999 -999 "" "" "" "" 0 0 0.0 0.0 -999 ""
FIBERMAP 245 R-9C16 METROLOGY 0 0 0 1 0 0 158.31627467801795 -158.26121084653974 143.1 23.30777982369897 -222.59409332207593 121.039795 31.20145 -999.0 -999.0 -999.0 -999.0 -999.0 142.25142786368895 -1.7527260250511916 142.253002787615 -1.8613336722736964 55.14484417295855 172.63740975209362 -999.0 6231.0 -999.0 -1 -999 {-999.0 -999.0 -999.0 -999.0 -999.0} "" -999.0 -999.0 -999.0 -999.0 -999 -999 "" "" "" "" 0 0 0.0 0.0 -999 ""
FIBERMAP 251 R-9C13 APOGEE 0 0 0 1 0 0 66.73100659178117 -158.43635505389076 143.1 -47.931414543657944 -165.06459203165986 176.03267 55.209137 -999.0 -999.0 -999.0 -999.0 -999.0 141.92743871317901 -1.4938364825596635 141.92948198582826 -1.6021037227540853 55.43631249163989 173.15486933138922 -999.0 16600.0 -999.0 2 172 {-999.0 -999.0 -999.0 -999.0 -999.0} "" -999.0 -999.0 -999.0 -999.0 -999 -999 "" ops_sky_apogee_best_unassigned ops_sky sky_apogee 0 0 0.0 0.0 -999 ""
FIBERMAP 251 R-9C13 BOSS 1 1 0 1 0 0 67.19434225077332 -157.86215333362864 143.1 -47.2100298823788 -164.9103767029899 176.03267 55.209137 141.930697508793 -1.4933119806335986 1.0577002 -4.1345267 0.101155154 141.93071261226984 -1.4933339037337772 141.93274213805552 -1.6014665105515857 55.436619614971946 173.14904129891278 5400.0 5400.0 2016.0 1 397 {-999.0 16.360128 15.799984 15.560013 -999.0} sdss_psfmag 16.216888 15.798495 15.209873 13.952 63050395170908892 1076102834 bright_1x1 mwm_halo_mp_xp_boss_single mwm_halo science 0 0 0.0 0.0 -999 ""
FIBERMAP 251 R-9C13 METROLOGY 0 0 0 1 0 0 67.46582164354126 -158.56077120406107 143.1 -47.43906378595054 -165.62388593586982 176.03267 55.209137 -999.0 -999.0 -999.0 -999.0 -999.0 141.92968102425672 -1.4965081282957702 141.93170957764096 -1.604677876257877 55.4335280069762 173.15141930801718 -999.0 6231.0 -999.0 -1 -999 {-999.0 -999.0 -999.0 -999.0 -999.0} "" -999.0 -999.0 -999.0 -999.0 -999 -999 "" "" "" "" 0 0 0.0 0.0 -999 ""
FIBERMAP 256 R-3C17 APOGEE 0 0 0 1 0 0 105.49349120842443 -67.58049994961297 143.1 39.37939811519786 -118.90848398427731 272.24356 139.05212 -999.0 -999.0 -999.0 -999.0 -999.0 142.3241464063078 -1.2842116531103354 142.32647208786346 -1.3931648820359723 55.602170176803824 172.4188109422414 -999.0 16600.0 -999.0 2 -999 {-999.0 -999.0 -999.0 -999.0 -999.0} "" -999.0 -999.0 -999.0 -999.0 -999 -999 "" "" "" "" 0 0 0.0 0.0 -999 ""
FIBERMAP 256 R-3C17 BOSS 1 1 0 1 0 0 105.04266685161768 -68.17840189945684 143.1 38.65280769507033 -119.08898347991799 272.24356 139.05212 142.32082971573618 -1.2852120833795473 -4.5259657 -6.02838 1.447729 142.32087431174216 -1.2852301642912778 142.32318331339872 -1.3940389909450126 55.601666171110885 172.4247664022665 5400.0 5400.0 2016.0 1 302 {-999.0 14.929993 14.372712 14.207436 -999.0} sdss_psfmag_from_g3xp 14.798317 14.42013 13.855179 12.837 63050395170961134 1095830195 bright_1x1 mwm_bin_vis_boss mwm_filler science 0 0 0.0 0.0 -999 ""
FIBERMAP 256 R-3C17 METROLOGY 0 0 0 1 0 0 104.75192537915505 -67.498389649578 143.1 38.8551670711105 -118.37779601445497 272.24356 139.05212 -999.0 -999.0 -999.0 -999.0 -999.0 142.3217848176234 -1.2819512217471332 142.3241033257067 -1.3908017779256499 55.60478141532989 172.4225128522768 -999.0 6231.0 -999.0 -1 -999 {-999.0 -999.0 -999.0 -999.0 -999.0} "" -999.0 -999.0 -999.0 -999.0 -999 -999 "" "" "" "" 0 0 0.0 0.0 -999 ""
FIBERMAP 260 R+3C9 APOGEE 0 0 0 1 0 0 -90.97116276448833 45.1225347466407 143.1 -42.24113425588994 92.3228933591073 259.7927 79.43778 -999.0 -999.0 -999.0 -999.0 -999.0 141.95112606286304 -0.3234951290040761 141.95505061529133 -0.43211761058114045 56.59757233894123 172.89559470260744 -999.0 16600.0 -999.0 2 121 {-999.0 -999.0 -999.0 -999.0 -999.0} "" -999.0 -999.0 -999.0 -999.0 -999 -999 "" ops_sky_apogee_best_unassigned ops_sky sky_apogee 0 0 0.0 0.0 -999 ""
FIBERMAP 260 R+3C9 BOSS 1 1 0 1 0 0 -91.65558007835631 45.37432308564337 143.1 -42.61414572516804 92.94937747778772 259.7927 79.43778 141.949474434554 -0.32073495549546144 -23.995094 8.019914 1.1434189 141.94941988541964 -0.3207407204370637 141.9533351630888 -0.4292272879780071 56.60062536574093 172.89814797560817 5400.0 5400.0 2016.0 1 32 {-999.0 19.646633 18.208313 17.426758 -999.0} sdss_psfmag 19.02343 18.028404 17.03834 15.171 63050395170987504 1094396774 bright_1x1 mwm_bin_vis_boss mwm_filler science 0 0 0.0 0.0 -999 ""
FIBERMAP 260 R+3C9 METROLOGY 0 0 0 1 0 0 -91.09823499335792 45.864240764024046 143.1 -41.872817844557424 92.97894245805242 259.7927 79.43778 -999.0 -999.0 -999.0 -999.0 -999.0 141.9527931822818 -0.3205690781503903 141.95671212081066 -0.4290990179217179 56.60040171697002 172.89202253835728 -999.0 6231.0 -999.0 -1 -999 {-999.0 -999.0 -999.0 -999.0 -999.0} "" -999.0 -999.0 -999.0 -999.0 -999 -999 "" "" "" "" 0 0 0.0 0.0 -999 ""
FIBERMAP 261 R+4C15 APOGEE 1 1 0 1 0 0 74.5270684844608 56.42331716129318 143.1 93.40705207185572 -3.1043543845036132 14.05546 5.3527565 142.56938133907502 -0.7569100728150744 -2.5330741 0.19089209 3.0168757 142.56937419570224 -0.7569095345385455 142.57250376192687 -0.8663924998147721 56.097191096121485 171.8756952310695 16000.0 16600.0 2016.0 2 65 {-999.0 9.984395 9.659671 9.5564995 -999.0} sdss_psfmag_from_g3xp 9.943078 9.669016 9.228892 8.513 63050395170962825 1103528185 bright_1x1 mwm_tess_2min_apogee mwm_planet science 0 0 0.0 0.0 -999 ""
FIBERMAP 261 R+4C15 BOSS 0 0 0 1 0 0 73.83892286714195 56.15276121433124 143.1 92.70225746117272 -2.8811970186174034 14.05546 5.3527565 -999.0 -999.0 -999.0 -999.0 -999.0 142.56623134971028 -0.7560368529749232 142.5693467559277 -0.8653787132605942 56.098572743537204 171.88109861643616 -999.0 5400.0 -999.0 1 212 {-999.0 -999.0 -999.0 -999.0 -999.0} "" -999.0 -999.0 -999.0 -999.0 -999 -999 "" "" "" "" 0 0 0.0 0.0 -999 ""
FIBERMAP 261 R+4C15 METROLOGY 0 0 0 1 0 0 73.9370101545175 56.889338373637564 143.1 93.24221276785957 -2.3709000939577236 14.05546 5.3527565 -999.0 -999.0 -999.0 -999.0 -999.0 142.56866877993406 -0.753670194850708 142.57179217980035 -0.8630551465388958 56.100589359365365 171.87625079382727 -999.0 6231.0 -999.0 -1 -999 {-999.0 -999.0 -999.0 -999.0 -999.0} "" -999.0 -999.0 -999.0 -999.0 -999 -999 "" "" "" "" 0 0 0.0 0.0 -999 ""
FIBERMAP 264 R+10C3 APOGEE 0 0 0 1 0 0 -150.83242039231638 191.8177961205274 143.1 3.63297852260947 243.9434131301999 209.77689 91.73406 -999.0 -999.0 -999.0 -999.0 -999.0 142.15875805477563 0.3615200132116937 142.1637458030454 0.25238617943775665 57.255608714556956 172.38023860569703 -999.0 16600.0 -999.0 2 136 {-999.0 -999.0 -999.0 -999.0 -999.0} "" -999.0 -999.0 -999.0 -999.0 -999 -999 "" ops_sky_apogee_best_unassigned ops_sky sky_apogee 0 0 0.0 0.0 -999 ""
FIBERMAP 264 R+10C3 BOSS 1 1 0 1 0 0 -151.23185640799989 192.44427301548296 143.1 3.7172133383853594 244.681460987006 209.77689 91.73406 142.15914965043805 0.3647467690554181 0.14373145 -0.20913018 0.02506271 142.15914880498434 0.36471522093999764 142.16412695749267 0.25571043420629086 57.258869734411775 172.37885293868294 5400.0 5400.0 2016.0 1 16 {-999.0 19.449846 19.38067 19.120722 -999.0} sdss_psfmag 19.59046 19.33275 18.956045 -999.0 63050395170997103 1117136986 bright_1x1 openfibertargets_bhm_quaia_boss open_fiber science 0 0 0.0 0.0 -999 ""
FIBERMAP 264 R+10C3 METROLOGY 0 0 0 1 0 0 -150.48626439292835 192.48283882482423 143.1 4.320553497453563 244.2419600500037 209.77689 91.73406 -999.0 -999.0 -999.0 -999.0 -999.0 142.16188060565457 0.36278529675665616 142.16685927865973 0.2537397085298513 57.25660651029676 172.37423918790114 -999.0 6231.0 -999.0 -1 -999 {-999.0 -999.0 -999.0 -999.0 -999.0} "" -999.0 -999.0 -999.0 -999.0 -999 -999 "" "" "" "" 0 0 0.0 0.0 -999 ""
FIBERMAP 285 R-8C18 APOGEE 0 0 0 1 0 0 188.063513020383 -175.5689271389204 143.1 35.513130250123545 -254.7659623312146 10.206853 18.813942 -999.0 -999.0 -999.0 -999.0 -999.0 142.30673346748756 -1.8963638816552513 142.3080828126736 -2.005120040370371 54.99594107526987 172.5690332078592 -999.0 16600.0 -999.0 2 -999 {-999.0 -999.0 -999.0 -999.0 -999.0} "" -999.0 -999.0 -999.0 -999.0 -999 -999 "" "" "" "" 0 0 0.0 0.0 -999 ""
FIBERMAP 285 R-8C18 BOSS 1 1 0 1 0 0 187.42816406143083 -175.93303719346505 143.1 34.79043453280709 -254.64870572433827 10.206853 18.813942 142.30343351933084 -1.896001996561247 -0.44365174 0.15290861 0.060258012 142.30348005501557 -1.896010427478024 142.30481479497416 -2.004619393291921 54.99679402434329 172.57459809471376 5400.0 5400.0 2016.0 1 319 {-999.0 19.675894 19.595676 19.354584 -999.0} sdss_psfmag 19.60822 19.69812 18.943827 -999.0 63050395170906110 1117136490 bright_1x1 openfibertargets_bhm_quaia_boss open_fiber science 0 0 0.0 0.0 -999 ""
FIBERMAP 285 R-8C18 METROLOGY 0 0 0 1 0 0 187.42105790900078 -175.18956792871106 143.1 35.25303178056604 -254.06682236308743 10.206853 18.813942 -999.0 -999.0 -999.0 -999.0 -999.0 142.30557001491727 -1.8933621151527134 142.30691314414378 -2.002015412675852 54.99915446209378 172.57047007394115 -999.0 6231.0 -999.0 -1 -999 {-999.0 -999.0 -999.0 -999.0 -999.0} "" -999.0 -999.0 -999.0 -999.0 -999 -999 "" "" "" "" 0 0 0.0 0.0 -999 ""
FIBERMAP 288 R-1C7 APOGEE 0 0 0 1 0 0 -160.84124884775082 -17.905219115829862 143.1 -136.18978215070524 87.36575725547966 187.99307 101.68333 -999.0 -999.0 -999.0 -999.0 -999.0 141.5244574984881 -0.3473088345293531 141.52841583094323 -0.45524228524774074 56.61651904098687 173.67111657114054 -999.0 16600.0 -999.0 2 247 {-999.0 -999.0 -999.0 -999.0 -999.0} "" -999.0 -999.0 -999.0 -999.0 -999 -999 "" "" "" "" 0 0 0.0 0.0 -999 ""
FIBERMAP 288 R-1C7 BOSS 1 1 0 1 0 0 -161.13085672675382 -17.220039873855264 143.1 -135.98328904663552 88.08024386823573 187.99307 101.68333 141.52549225165595 -0.34417603209678027 -35.852684 15.022525 5.7668023 141.52535995571344 -0.3441656327858382 141.5293107618126 -0.4519673865335266 56.619696864416774 173.66894528897257 5400.0 5400.0 2016.0 1 483 {-999.0 19.20866 17.742699 16.378326 -999.0} sdss_psfmag 18.65928 17.05915 15.861375 13.605 63050395170992553 1095399703 bright_1x1 mwm_bin_vis_boss mwm_filler science 0 0 0.0 0.0 -999 ""
FIBERMAP 288 R-1C7 METROLOGY 0 0 0 1 0 0 -160.3868827957301 -17.313822925392582 143.1 -135.4645373737464 87.53897412422425 187.99307 101.68333 -999.0 -999.0 -999.0 -999.0 -999.0 141.5277125821751 -0.3465810960416426 141.53166259880805 -0.454423949733014 56.61703274846509 173.66510357811265 -999.0 6231.0 -999.0 -1 -999 {-999.0 -999.0 -999.0 -999.0 -999.0} "" -999.0 -999.0 -999.0 -999.0 -999 -999 "" "" "" "" 0 0 0.0 0.0 -999 ""
FIBERMAP 289 R-11C12 APOGEE 0 0 0 1 0 0 90.47944862196181 -209.4394623097351 143.1 -61.60086213675557 -219.62863139539078 15.205395 119.70772 -999.0 -999.0 -999.0 -999.0 -999.0 141.8663300665162 -1.7395402581449992 141.86798507616714 -1.84764227615859 55.19808017190939 173.3051531810639 -999.0 16600.0 -999.0 2 175 {-999.0 -999.0 -999.0 -999.0 -999.0} "" -999.0 -999.0 -999.0 -999.0 -999 -999 "" ops_sky_apogee_best_unassigned ops_sky sky_apogee 0 0 0.0 0.0 -999 ""
FIBERMAP 289 R-11C12 BOSS 1 1 0 1 0 0 90.99916092371825 -209.96002346169857 143.1 -61.524996870302516 -220.36015116250266 15.205395 119.70772 141.86669519681993 -1.7429956208287745 -0.56283593 0.32822114 -0.6605188 141.86669271217986 -1.7429989163504653 141.86832816572115 -1.850959273027933 55.19474553509283 173.3051252917326 5400.0 5400.0 2016.0 1 394 {-999.0 19.398968 19.351892 19.330849 -999.0} sdss_psfmag 19.635048 19.437468 19.24552 -999.0 63050395170907534 1117136516 bright_1x1 openfibertargets_bhm_quaia_boss open_fiber science 0 0 0.0 0.0 -999 ""
FIBERMAP 289 R-11C12 METROLOGY 0 0 0 1 0 0 90.28762263452367 -210.15864986998784 143.1 -62.20266966013463 -220.06640142910584 15.205395 119.70772 -999.0 -999.0 -999.0 -999.0 -999.0 141.8636143639268 -1.7416292036469143 141.86525636603784 -1.8496250797978762 55.19637431875124 173.31024917237383 -999.0 6231.0 -999.0 -1 -999 {-999.0 -999.0 -999.0 -999.0 -999.0} "" -999.0 -999.0 -999.0 -999.0 -999 -999 "" "" "" "" 0 0 0.0 0.0 -999 ""
FIBERMAP 293 R-11C16 APOGEE 0 0 0 1 0 0 184.10065216776786 -222.39069970991002 143.1 2.9546611295787972 -288.634526411709 11.126121 70.25034 -999.0 -999.0 -999.0 -999.0 -999.0 142.15952298875968 -2.0473830219762674 142.16064772427563 -2.155864506528092 54.86178822825678 172.8519985274321 -999.0 16600.0 -999.0 2 218 {-999.0 -999.0 -999.0 -999.0 -999.0} "" -999.0 -999.0 -999.0 -999.0 -999 -999 "" "" "" "" 0 0 0.0 0.0 -999 ""
FIBERMAP 293 R-11C16 BOSS 1 1 0 1 0 0 184.00022227655762 -223.11955589912773 143.1 2.4177478724484933 -289.1373519194463 11.126121 70.25034 142.15691613172743 -2.049740024050772 -38.99807 0.14336844 7.6797047 142.15711465559454 -2.049741546764013 142.1582208323863 -2.1580756112437824 54.859843122471716 172.85659105239222 5400.0 5400.0 2016.0 1 259 {-999.0 14.70042 13.46829 12.785538 -999.0} sdss_psfmag_from_g3xp 14.215379 13.439764 12.397352 10.526 63050395170905221 1075907468 bright_1x1 mwm_erosita_stars_boss mwm_erosita science 0 0 1.101333498954773 0.0 -999 ""
FIBERMAP 293 R-11C16 METROLOGY 0 0 0 1 0 0 183.40860738806785 -222.66192188305993 143.1 2.2464187866653424 -288.4094314055846 11.126121 70.25034 -999.0 -999.0 -999.0 -999.0 -999.0 142.15633130753872 -2.046477396104371 142.15744707855993 -2.1548516600530707 54.86313028080183 172.8573409776963 -999.0 6231.0 -999.0 -1 -999 {-999.0 -999.0 -999.0 -999.0 -999.0} "" -999.0 -999.0 -999.0 -999.0 -999 -999 "" "" "" "" 0 0 0.0 0.0 -999 ""
FIBERMAP 296 R+3C13 APOGEE 1 1 0 1 0 0 -1.518966093852896 62.22789402582662 143.1 38.001327856021064 49.28516104509009 162.26788 116.901024 142.31687085300845 -0.518653536490838 -20.022675 -4.141036 1.5537364 142.3168016083271 -0.5187026969650168 142.32035179916272 -0.6278525124354152 56.363353789425084 172.2764755732047 16000.0 16600.0 2016.0 2 5 {-999.0 10.339591 9.529294 9.231373 -999.0} sdss_psfmag_from_g3xp 10.100732 9.568429 8.880754 7.489 63050395170985525 1110692932 bright_1x1 mwm_tess_rgb_apogee mwm_tessrgb science 0 0 0.0 0.0 -999 ""
FIBERMAP 296 R+3C13 BOSS 0 0 0 1 0 0 -1.6296106755406967 62.94795281481162 143.1 38.368772751103904 49.914054544973546 162.26788 116.901024 -999.0 -999.0 -999.0 -999.0 -999.0 142.31850544615517 -0.5159451915305172 142.32204440087952 -0.6249634448905382 56.366033015483 172.27284997242185 -999.0 5400.0 -999.0 1 106 {-999.0 -999.0 -999.0 -999.0 -999.0} "" -999.0 -999.0 -999.0 -999.0 -999 -999 "" "" "" "" 0 0 0.0 0.0 -999 ""
FIBERMAP 296 R+3C13 METROLOGY 0 0 0 1 0 0 -0.9267320934510614 62.72337469454564 143.1 38.77325458279739 49.29707910245794 162.26788 116.901024 -999.0 -999.0 -999.0 -999.0 -999.0 142.32034469000885 -0.5187189278207709 142.32388325768824 -0.6277775826178749 56.363028990401894 172.27012621891538 -999.0 6231.0 -999.0 -1 -999 {-999.0 -999.0 -999.0 -999.0 -999.0} "" -999.0 -999.0 -999.0 -999.0 -999 -999 "" "" "" "" 0 0 0.0 0.0 -999 ""
FIBERMAP 298 R-12C13 APOGEE 0 0 0 1 0 0 129.45688644631593 -234.55874982892175 143.1 -47.14541475718899 -263.6789709067257 27.924795 79.25234 -999.0 -999.0 -999.0 -999.0 -999.0 141.93264064700426 -1.9365543151957385 141.9339699820771 -2.0447070408438437 54.995469742590984 173.22444712576944 -999.0 16600.0 -999.0 2 -999 {-999.0 -999.0 -999.0 -999.0 -999.0} "" -999.0 -999.0 -999.0 -999.0 -999 -999 "" "" "" "" 0 0 0.0 0.0 -999 ""
FIBERMAP 298 R-12C13 BOSS 1 1 0 1 0 0 129.68301401934244 -235.261064433122 143.1 -47.41199836705427 -264.36679596681637 27.924795 79.25234 141.93151289134698 -1.9397703551464562 -17.28316 8.700574 2.2135026 141.93146173674313 -1.939762851544241 141.93277183832384 -2.047770479066677 54.99254027255464 173.22705409416 5400.0 5400.0 2016.0 1 344 {-999.0 21.445759 19.983076 18.712185 -999.0} sdss_psfmag 20.78331 19.40465 18.220667 15.738 63050395170905809 1095020693 bright_1x1 mwm_bin_vis_boss mwm_filler science 0 0 0.0 0.0 -999 ""
FIBERMAP 298 R-12C13 METROLOGY 0 0 0 1 0 0 128.95654409187588 -235.11221121769714 143.1 -47.88248146082726 -263.79377762816165 27.924795 79.25234 -999.0 -999.0 -999.0 -999.0 -999.0 141.9293189943655 -1.93716557171967 141.93063756491892 -2.0452108615261246 54.995298866595604 173.2303111481814 -999.0 6231.0 -999.0 -1 -999 {-999.0 -999.0 -999.0 -999.0 -999.0} "" -999.0 -999.0 -999.0 -999.0 -999 -999 "" "" "" "" 0 0 0.0 0.0 -999 ""
FIBERMAP 302 R-2C21 APOGEE 0 0 0 1 0 0 192.57228795708795 -26.174952092121266 143.1 133.07889108927924 -141.57930042698783 82.07566 71.19081 -999.0 -999.0 -999.0 -999.0 -999.0 142.74940683387217 -1.3852412343680354 142.7515129248771 -1.4948336729920155 55.4517956156922 171.6940836421655 -999.0 16600.0 -999.0 2 228 {-999.0 -999.0 -999.0 -999.0 -999.0} "" -999.0 -999.0 -999.0 -999.0 -999 -999 "" ops_sky_apogee_best_unassigned ops_sky sky_apogee 0 0 0.0 0.0 -999 ""
FIBERMAP 302 R-2C21 BOSS 1 1 0 1 0 0 193.23716185879937 -26.50202792179637 143.1 133.38932050166758 -142.2519506663792 82.07566 71.19081 142.7508544921875 -1.3884674646941448 -999.0 -999.0 -999.0 142.75085756531868 -1.388451544042419 142.75294127364862 -1.497905774252561 55.448572760497996 171.69224288548963 5400.0 5400.0 2015.5 1 284 {-999.0 -999.0 -999.0 -999.0 -999.0} "" -999.0 -999.0 -999.0 -999.0 27021603143398011 820299930 "" ops_sky_boss_good ops_sky sky_boss 0 0 0.0 0.0 -999 ""
FIBERMAP 302 R-2C21 METROLOGY 0 0 0 1 0 0 192.61953859715342 -26.9210507684025 143.1 132.64581613902195 -142.18850237586483 82.07566 71.19081 -999.0 -999.0 -999.0 -999.0 -999.0 142.74748249523765 -1.3881369644152406 142.7495720182543 -1.49762557339837 55.449260104368314 171.69807760648533 -999.0 6231.0 -999.0 -1 -999 {-999.0 -999.0 -999.0 -999.0 -999.0} "" -999.0 -999.0 -999.0 -999.0 -999 -999 "" "" "" "" 0 0 0.0 0.0 -999 ""
FIBERMAP 307 R0C7 APOGEE 1 1 0 1 0 0 -143.76354067899766 0.9481189838880026 143.1 -111.0557558527922 91.25527476804244 4.825287 117.97517 141.63843250954298 -0.32912233470762475 -15.617284 -40.867435 2.3542328 141.6383924230053 -0.32923758452067053 141.64236080874542 -0.43735880648536 56.623586983361875 173.46187975768407 16000.0 16600.0 2016.0 2 250 {-999.0 13.372321 12.909283 12.746657 -999.0} sdss_psfmag_from_g3xp 13.276155 12.927047 12.411001 11.454 63050395170992583 1103537702 bright_flexible_4x1 mwm_tess_2min_apogee mwm_planet science 0 0 0.0 0.0 -999 ""
FIBERMAP 307 R0C7 BOSS 0 0 0 1 0 0 -143.365927838246 0.32738883476038216 143.1 -111.13778825475023 90.52283801178041 4.825287 117.97517 -999.0 -999.0 -999.0 -999.0 -999.0 141.63798767069673 -0.3326624834225831 141.64193769357104 -0.4406481991326902 56.620353208361905 173.46321770101974 -999.0 5400.0 -999.0 1 493 {-999.0 -999.0 -999.0 -999.0 -999.0} "" -999.0 -999.0 -999.0 -999.0 -999 -999 "" "" "" "" 0 0 0.0 0.0 -999 ""
FIBERMAP 307 R0C7 METROLOGY 0 0 0 1 0 0 -144.11204063530903 0.2875747037330272 143.1 -111.74231886494012 90.96169735430377 4.825287 117.97517 -999.0 -999.0 -999.0 -999.0 -999.0 141.63525067213476 -0.33064812450538583 141.6392080804663 -0.43866795382675616 56.62258557131316 173.4678117604869 -999.0 6231.0 -999.0 -1 -999 {-999.0 -999.0 -999.0 -999.0 -999.0} "" -999.0 -999.0 -999.0 -999.0 -999 -999 "" "" "" "" 0 0 0.0 0.0 -999 ""
FIBERMAP 310 R+1C8 APOGEE 0 0 0 1 0 0 -134.08581652420412 11.431598996999677 143.1 -96.93884109553609 93.30372135911237 217.05481 117.29589 -999.0 -999.0 -999.0 -999.0 -999.0 141.7024653490375 -0.3197214208348866 141.70643827378763 -0.42794785832889587 56.62676380582417 173.3442948270446 -999.0 16600.0 -999.0 2 -999 {-999.0 -999.0 -999.0 -999.0 -999.0} "" -999.0 -999.0 -999.0 -999.0 -999 -999 "" "" "" "" 0 0 0.0 0.0 -999 ""
FIBERMAP 310 R+1C8 BOSS 1 1 0 1 0 0 -134.76156180062293 11.746355191112526 143.1 -97.26547057371447 93.97364868460475 217.05481 117.29589 141.7010088244848 -0.316715480861133 -18.668966 -28.612593 1.0022644 141.70095570926986 -0.31677876340675737 141.70492054647036 -0.42486969495733445 56.62997521354732 173.34649547326447 5400.0 5400.0 2016.0 1 46 {-999.0 14.560425 14.159325 14.031746 -999.0} sdss_psfmag_from_g3xp 14.490025 14.17591 13.698587 12.857 63050395170987581 1072495206 bright_1x1 mwm_halo_local_high_boss_single mwm_halo science 0 0 0.0 0.0 -999 ""
FIBERMAP 310 R+1C8 METROLOGY 0 0 0 1 0 0 -134.14453450180417 12.175382688416988 143.1 -96.51612975657005 93.91834566127477 217.05481 117.29589 -999.0 -999.0 -999.0 -999.0 -999.0 141.70436195113015 -0.3169882041829295 141.70832957582013 -0.42512247161490424 56.629391351772895 173.34037225988163 -999.0 6231.0 -999.0 -1 -999 {-999.0 -999.0 -999.0 -999.0 -999.0} "" -999.0 -999.0 -999.0 -999.0 -999 -999 "" "" "" "" 0 0 0.0 0.0 -999 ""
FIBERMAP 322 R+11C6 APOGEE 0 0 0 1 0 0 -67.96660981750075 224.356572061664 143.1 88.47763901931543 217.03894830798384 158.33658 93.19406 -999.0 -999.0 -999.0 -999.0 -999.0 142.54341630666295 0.24076309919471633 142.5481375239225 0.13105391974644454 57.090344923787846 171.70204834437536 -999.0 16600.0 -999.0 2 4 {-999.0 -999.0 -999.0 -999.0 -999.0} "" -999.0 -999.0 -999.0 -999.0 -999 -999 "" ops_sky_apogee_best_unassigned ops_sky sky_apogee 0 0 0.0 0.0 -999 ""
FIBERMAP 322 R+11C6 BOSS 1 1 0 1 0 0 -67.73598632031168 225.05858888855906 143.1 89.09876695878957 217.43895446842959 158.33658 93.19406 142.54623413085938 0.24246333228778383 -999.0 -999.0 -999.0 142.54624412670285 0.2424491987674224 142.55095144014132 0.13286632043001778 57.09180231896527 171.69650244241717 5400.0 5400.0 2015.5 1 143 {-999.0 -999.0 -999.0 -999.0 -999.0} "" -999.0 -999.0 -999.0 -999.0 27021603143417579 812263603 "" ops_sky_boss_good ops_sky sky_boss 0 0 0.0 0.0 -999 ""
FIBERMAP 322 R+11C6 METROLOGY 0 0 0 1 0 0 -67.2242201491623 224.50894082883886 143.1 89.1501467208215 216.68984778495434 158.33658 93.19406 -999.0 -999.0 -999.0 -999.0 -999.0 142.54648897171415 0.2391191811727936 142.5511954872327 0.12949963222447206 57.088430910599676 171.69680906626604 -999.0 6231.0 -999.0 -1 -999 {-999.0 -999.0 -999.0 -999.0 -999.0} "" -999.0 -999.0 -999.0 -999.0 -999 -999 "" "" "" "" 0 0 0.0 0.0 -999 ""
FIBERMAP 325 R+6C4 APOGEE 0 0 0 1 0 0 -161.84496637904545 100.20086156990943 143.1 -62.605285292078875 179.72381532885515 279.98917 87.68647 -999.0 -999.0 -999.0 -999.0 -999.0 141.85852551516817 0.07216820137805466 141.86310416244208 -0.036411748072118284 57.00066070524493 172.9879405449498 -999.0 16600.0 -999.0 2 -999 {-999.0 -999.0 -999.0 -999.0 -999.0} "" -999.0 -999.0 -999.0 -999.0 -999 -999 "" "" "" "" 0 0 0.0 0.0 -999 ""
FIBERMAP 325 R+6C4 BOSS 1 1 0 1 0 0 -162.592684908369 100.09394286366805 143.1 -63.25331454212737 180.11156950497497 279.98917 87.68647 141.8554487386191 0.07377741954862835 -40.134552 15.756203 1.2391987 141.85558334501036 0.07382356257321622 141.86015159741487 -0.03462020906598602 57.00274576869336 172.99299575055858 5400.0 5400.0 2016.0 1 38 {-999.0 13.641469 13.262265 13.132468 -999.0} sdss_psfmag_from_g3xp 13.57321 13.270168 12.800098 11.964 63050395170993797 1072565935 bright_1x1 mwm_halo_local_high_boss_single mwm_halo science 0 0 0.9607205986976624 0.0 -999 ""
FIBERMAP 325 R+6C4 METROLOGY 0 0 0 1 0 0 -162.30638899167178 100.78716452322699 143.1 -62.59448686085487 180.46969152688146 279.98917 87.68647 -999.0 -999.0 -999.0 -999.0 -999.0 141.85857294358618 0.07547815880692968 141.86314716662105 -0.033008212263598284 57.004041844223885 172.98722042757086 -999.0 6231.0 -999.0 -1 -999 {-999.0 -999.0 -999.0 -999.0 -999.0} "" -999.0 -999.0 -999.0 -999.0 -999 -999 "" "" "" "" 0 0 0.0 0.0 -999 ""
FIBERMAP 333 R+12C2 APOGEE 1 1 0 1 0 0 -155.55221614239525 236.20416871658617 143.1 27.914717159206063 281.387471395461 233.30461 37.143547 142.268219816762 0.5284031280111864 -21.492405 0.55083907 2.251033 142.26817566758874 0.5284005602839186 142.27340940243823 0.419049672856164 57.40878442373965 172.14342019568213 16000.0 16600.0 2016.0 2 132 {-999.0 13.021493 12.600486 12.465689 -999.0} sdss_psfmag_gaia 12.447993 12.627278 11.636775 10.813 63050395170998191 1093913590 bright_1x1 mwm_bin_vis_apogee mwm_filler science 0 0 0.0 0.0 -999 ""
FIBERMAP 333 R+12C2 BOSS 0 0 0 1 0 0 -155.5583307893255 236.94108919651524 143.1 28.37396109029488 281.9636444097436 233.30461 37.143547 -999.0 -999.0 -999.0 -999.0 -999.0 142.27025587316504 0.5308169315703369 142.27547804646832 0.4215918150622177 57.411071864083425 172.13906250491698 -999.0 5400.0 -999.0 1 6 {-999.0 -999.0 -999.0 -999.0 -999.0} "" -999.0 -999.0 -999.0 -999.0 -999 -999 "" "" "" "" 0 0 0.0 0.0 -999 ""
FIBERMAP 333 R+12C2 METROLOGY 0 0 0 1 0 0 -154.90477872176672 236.585365292101 143.1 28.657559592661496 281.27587353968124 233.30461 37.143547 -999.0 -999.0 -999.0 -999.0 -999.0 142.27154333412207 0.5278010535517642 142.27676467631358 0.4185379468378104 57.40789027749489 172.13734186058912 -999.0 6231.0 -999.0 -1 -999 {-999.0 -999.0 -999.0 -999.0 -999.0} "" -999.0 -999.0 -999.0 -999.0 -999 -999 "" "" "" "" 0 0 0.0 0.0 -999 ""
FIBERMAP 343 R+11C1 APOGEE 0 0 0 1 0 0 -175.06799784878532 218.89024062408245 143.1 1.8564522259858687 280.2286262247894 98.94335 152.38495 -999.0 -999.0 -999.0 -999.0 -999.0 142.15043489216868 0.5231808373605225 142.15568361704538 0.41401782902104234 57.41713004196646 172.36165005662477 -999.0 16600.0 -999.0 2 139 {-999.0 -999.0 -999.0 -999.0 -999.0} "" -999.0 -999.0 -999.0 -999.0 -999 -999 "" ops_sky_apogee_best_unassigned ops_sky sky_apogee 0 0 0.0 0.0 -999 ""
FIBERMAP 343 R+11C1 BOSS 1 1 0 1 0 0 -174.83137041403185 219.5798043153267 143.1 2.474402110283621 280.6151804590383 98.94335 152.38495 142.15323529455145 0.5247724498688536 -3.9033942 -6.1051683 0.7493261 142.15323941692512 0.5247638453379001 142.15847552616373 0.41572567829367285 57.418515018796214 172.35614357450865 5400.0 5400.0 2016.0 1 9 {-999.0 14.502513 14.104255 13.9778185 -999.0} sdss_psfmag_from_g3xp 14.431162 14.121434 13.644541 12.816 63050395170998212 977816379 "" ops_std_boss ops_std standard_boss 0 0 0.0 0.0 -999 ""
FIBERMAP 343 R+11C1 METROLOGY 0 0 0 1 0 0 -174.33922859614907 219.0236861029159 143.1 2.5064669345882167 279.87340501676545 98.94335 152.38495 -999.0 -999.0 -999.0 -999.0 -999.0 142.153385945472 0.521507087100479 142.15862093714384 0.4124327943660351 57.41522653354729 172.35655918133637 -999.0 6231.0 -999.0 -1 -999 {-999.0 -999.0 -999.0 -999.0 -999.0} "" -999.0 -999.0 -999.0 -999.0 -999 -999 "" "" "" "" 0 0 0.0 0.0 -999 ""
FIBERMAP 361 R+13C14 APOGEE 0 0 0 1 0 0 128.51109289368782 263.5285879761841 143.1 265.7345432243436 123.75181714945165 199.77933 50.30598 -999.0 -999.0 -999.0 -999.0 -999.0 143.34318097537218 -0.18255798877013646 143.34708728120194 -0.2933986926033543 56.56477313437841 170.35617423120428 -999.0 16600.0 -999.0 2 98 {-999.0 -999.0 -999.0 -999.0 -999.0} "" -999.0 -999.0 -999.0 -999.0 -999 -999 "" ops_sky_apogee_best_unassigned ops_sky sky_apogee 0 0 0.0 0.0 -999 ""
FIBERMAP 361 R+13C14 BOSS 1 1 0 1 0 0 128.7627297696315 264.22005263830977 143.1 266.3653469857558 124.13039724845379 199.77933 50.30598 143.3459638966081 -0.18099416905265947 0.13618743 0.3603942 0.4407457 143.34596624850755 -0.18101402465883315 143.34985547005164 -0.29172594005058794 56.566039143002136 170.35077256024675 5400.0 5400.0 2016.0 1 90 {-999.0 18.99827 18.809166 18.647522 18.529219} sdss_psfmag_from_gaiadr2 18.981186 18.811508 18.337524 -999.0 63050395170967204 1057663108 bright_flexible_2x1 bhm_gua_bright bhm_filler science 0 0 0.0 0.0 -999 ""
FIBERMAP 361 R+13C14 METROLOGY 0 0 0 1 0 0 129.24865016418698 263.658278481066 143.1 266.38901879936407 123.3881464067454 199.77933 50.30598 -999.0 -999.0 -999.0 -999.0 -999.0 143.34609818607217 -0.1843162354028736 143.34998760262204 -0.29506528567893175 56.56271450858002 170.3513893368232 -999.0 6231.0 -999.0 -1 -999 {-999.0 -999.0 -999.0 -999.0 -999.0} "" -999.0 -999.0 -999.0 -999.0 -999 -999 "" "" "" "" 0 0 0.0 0.0 -999 ""
FIBERMAP 368 R-8C2 APOGEE 0 0 0 1 0 0 -164.2033945548953 -171.7784168815783 143.1 -235.68531008581311 -30.021615594320696 34.51273 11.581953 -999.0 -999.0 -999.0 -999.0 -999.0 141.07634542575744 -0.8810589101672787 141.07950475025098 -0.988125314475917 56.12430428061374 174.56155623046953 -999.0 16600.0 -999.0 2 -999 {-999.0 -999.0 -999.0 -999.0 -999.0} "" -999.0 -999.0 -999.0 -999.0 -999 -999 "" "" "" "" 0 0 0.0 0.0 -999 ""
FIBERMAP 368 R-8C2 BOSS 1 1 0 1 0 0 -164.82809927315256 -172.3404303153843 143.1 -236.52434644701205 -30.064760972141944 34.51273 11.581953 141.07289937390587 -0.8809667768614122 -121.210396 -166.93112 10.923573 141.07257119659482 -0.8813940626026483 141.07571962466363 -0.9883175754260222 56.12441410070195 174.56835189694067 5400.0 5400.0 2016.0 1 489 {-999.0 19.669495 18.188448 16.484331 -999.0} sdss_psfmag 19.140488 17.207636 15.905067 13.585 63050395170939598 1157791010 bright_1x1 mwm_snc_100pc_bright_boss_single mwm_snc science 0 0 0.0 0.0 -999 ""
FIBERMAP 368 R-8C2 METROLOGY 0 0 0 1 0 0 -164.92677930157885 -171.5957245479203 143.1 -236.1320907201178 -29.42425893895526 34.51273 11.581953 -999.0 -999.0 -999.0 -999.0 -999.0 141.074322162157 -0.8784534138595894 141.07747823299894 -0.9854193047804117 56.12716314237446 174.56479311306526 -999.0 6231.0 -999.0 -1 -999 {-999.0 -999.0 -999.0 -999.0 -999.0} "" -999.0 -999.0 -999.0 -999.0 -999 -999 "" "" "" "" 0 0 0.0 0.0 -999 ""
FIBERMAP 372 R+12C4 APOGEE 0 0 0 1 0 0 -100.21648094961375 252.18977846680409 143.1 80.95588419686348 258.96110102848706 194.95944 16.837898 -999.0 -999.0 -999.0 -999.0 -999.0 142.50827720777872 0.42827589757489537 142.51330372322627 0.3185725427117097 57.28070299165772 171.72391442791658 -999.0 16600.0 -999.0 2 -999 {-999.0 -999.0 -999.0 -999.0 -999.0} "" -999.0 -999.0 -999.0 -999.0 -999 -999 "" "" "" "" 0 0 0.0 0.0 -999 ""
FIBERMAP 372 R+12C4 BOSS 1 1 0 1 0 0 -99.60331813974415 252.59618511457535 143.1 81.68798075493336 258.89066294280985 194.95944 16.837898 142.51176056398907 0.4278205304452241 -21.40107 3.470571 1.5706959 142.51160159029408 0.42782371130225205 142.51661083996134 0.31824549958794834 57.27997792010411 171.7179145040757 5400.0 5400.0 2016.0 1 93 {-999.0 18.570723 17.278574 16.588236 -999.0} sdss_psfmag_ps1 18.054834 17.199352 16.212128 14.267 63050395170997724 1095574318 bright_1x1 mwm_bin_vis_boss mwm_filler science 0 0 0.0 0.0 -999 ""
FIBERMAP 372 R+12C4 METROLOGY 0 0 0 1 0 0 -99.55172430104405 251.85101515902983 143.1 81.25886367030294 258.27944763593825 194.95944 16.837898 -999.0 -999.0 -999.0 -999.0 -999.0 142.50967624732775 0.4251419823184448 142.51468611196867 0.3155306006092881 57.27751607859034 171.72205712328085 -999.0 6231.0 -999.0 -1 -999 {-999.0 -999.0 -999.0 -999.0 -999.0} "" -999.0 -999.0 -999.0 -999.0 -999 -999 "" "" "" "" 0 0 0.0 0.0 -999 ""
FIBERMAP 373 R-8C13 APOGEE 0 0 0 1 0 0 81.0361821800626 -141.32315980227332 143.1 -26.046311329738842 -160.7808509403937 93.74359 57.59839 -999.0 -999.0 -999.0 -999.0 -999.0 142.0268379539115 -1.474437856393468 142.02889925426473 -1.5828684023807584 55.44535591362146 172.97713938739486 -999.0 16600.0 -999.0 2 -999 {-999.0 -999.0 -999.0 -999.0 -999.0} "" -999.0 -999.0 -999.0 -999.0 -999 -999 "" "" "" "" 0 0 0.0 0.0 -999 ""
FIBERMAP 373 R-8C13 BOSS 1 1 0 1 0 0 81.68931276331 -141.67254607350887 143.1 -25.75904975761908 -161.46343435936737 93.74359 57.59839 142.02815657981296 -1.4776977373673308 0.086379424 0.06684632 -0.926002 142.0281568773129 -1.4777198068598612 142.0301982492664 -1.5860116261261687 55.44209579610451 172.97543229182506 5400.0 5400.0 2016.0 1 353 {-999.0 20.201601 20.08714 19.742678 -999.0} sdss_psfmag 19.736769 19.78719 19.072023 -999.0 63050395170909077 1117136562 bright_1x1 openfibertargets_bhm_quaia_boss open_fiber science 0 0 0.0 0.0 -999 ""
FIBERMAP 373 R-8C13 METROLOGY 0 0 0 1 0 0 81.07175471239196 -142.06840914004928 143.1 -26.487921207292548 -161.3820402824034 93.74359 57.59839 -999.0 -999.0 -999.0 -999.0 -999.0 142.02484024044688 -1.4773036780320805 142.0268868337319 -1.5856300001024324 55.4428157919069 172.9811677679767 -999.0 6231.0 -999.0 -1 -999 {-999.0 -999.0 -999.0 -999.0 -999.0} "" -999.0 -999.0 -999.0 -999.0 -999 -999 "" "" "" "" 0 0 0.0 0.0 -999 ""
FIBERMAP 375 R+2C25 APOGEE 0 0 0 1 0 0 283.6335392798592 39.52851266958828 143.1 245.1702047562998 -147.8868500478642 18.446558 100.19742 -999.0 -999.0 -999.0 -999.0 -999.0 143.25310846145467 -1.4097311457748471 143.2551069608474 -1.5200980654049645 55.36237101291916 170.8203398216208 -999.0 16600.0 -999.0 2 57 {-999.0 -999.0 -999.0 -999.0 -999.0} "" -999.0 -999.0 -999.0 -999.0 -999 -999 "" ops_sky_apogee_best_unassigned ops_sky sky_apogee 0 0 0.0 0.0 -999 ""
FIBERMAP 375 R+2C25 BOSS 1 1 0 1 0 0 283.99754880458414 38.888506531925294 143.1 245.04993773911542 -148.6130994259371 18.446558 100.19742 143.2525810145611 -1.413072846244799 -5.212503 -17.742704 0.51398647 143.2525589279108 -1.4131340357506172 143.25453322971157 -1.523359342677463 55.35921618453892 170.82210958145774 5400.0 5400.0 2016.0 1 176 {-999.0 16.010946 15.628149 15.485291 -999.0} sdss_psfmag 15.932385 15.62929 15.153849 14.244 63050395170953993 1072601985 bright_1x1 mwm_halo_local_high_boss_single mwm_halo science 0 0 0.0 0.0 -999 ""
FIBERMAP 375 R+2C25 METROLOGY 0 0 0 1 0 0 283.2566882854106 38.88554750213289 143.1 244.47269162207556 -148.1489239149927 18.446558 100.19742 -999.0 -999.0 -999.0 -999.0 -999.0 143.2499939940871 -1.411034426382768 143.25197731276774 -1.5212959940173008 55.36160361386636 170.8260770309015 -999.0 6231.0 -999.0 -1 -999 {-999.0 -999.0 -999.0 -999.0 -999.0} "" -999.0 -999.0 -999.0 -999.0 -999 -999 "" "" "" "" 0 0 0.0 0.0 -999 ""
FIBERMAP 380 R-1C10 APOGEE 0 0 0 1 0 0 -67.08713867644414 -1.3509945714224365 143.1 -52.953290759746956 41.191344494166295 123.71518 31.903206 -999.0 -999.0 -999.0 -999.0 -999.0 141.902601682283 -0.5562336520449169 141.9061593783677 -0.6647164955740819 56.371249358039414 173.02707212164844 -999.0 16600.0 -999.0 2 -999 {-999.0 -999.0 -999.0 -999.0 -999.0} "" -999.0 -999.0 -999.0 -999.0 -999 -999 "" "" "" "" 0 0 0.0 0.0 -999 ""
FIBERMAP 380 R-1C10 BOSS 1 1 0 1 0 0 -66.38004623266448 -1.6328833052516387 143.1 -52.58162118372325 40.52720604700787 123.71518 31.903206 141.90428723381373 -0.5593451143832449 -2.8783686 1.6518865 -0.17032243 141.90428290878776 -0.5593678108468585 141.90782140528938 -0.6677173476956232 56.368094495720996 173.0246403073451 5400.0 5400.0 2016.0 1 441 {-999.0 21.019094 20.785357 20.72006 -999.0} sdss_psfmag 20.460133 20.232796 20.081871 -999.0 63050395170986137 1117136812 bright_1x1 openfibertargets_bhm_quaia_boss open_fiber science 0 0 0.0 0.0 -999 ""
FIBERMAP 380 R-1C10 METROLOGY 0 0 0 1 0 0 -66.98483419763046 -2.0900451611160413 143.1 -53.33917087579098 40.552952416410854 123.71518 31.903206 -999.0 -999.0 -999.0 -999.0 -999.0 141.9008352605844 -0.5592229959673362 141.90437849165846 -0.6676053770697681 56.36855731291938 173.03080308396665 -999.0 6231.0 -999.0 -1 -999 {-999.0 -999.0 -999.0 -999.0 -999.0} "" -999.0 -999.0 -999.0 -999.0 -999 -999 "" "" "" "" 0 0 0.0 0.0 -999 ""
FIBERMAP 382 R+9C5 APOGEE 1 1 0 1 0 0 -103.11297455800249 184.46980465677453 143.1 36.0673074751397 208.19070239345538 76.288895 140.81387 142.3061767422177 0.20130742816740135 -9.625924 0.04892348 1.6305554 142.30617195107877 0.20131238266364518 142.31087504613504 0.09198741377362178 57.079583538179705 172.14411419154095 16000.0 16600.0 2016.0 2 112 {-999.0 11.504483 11.204537 11.12765 -999.0} sdss_psfmag_from_g3xp 11.467442 11.213206 10.800637 10.153 63050395170991061 996648782 bright_1x1 mwm_bin_gaia_sb_apogee mwm_bin science 0 0 0.0 0.0 -999 ""
FIBERMAP 382 R+9C5 BOSS 0 0 0 1 0 0 -102.47691972525041 184.85812048803837 143.1 36.80579226972663 208.0918005518653 76.288895 140.81387 -999.0 -999.0 -999.0 -999.0 -999.0 142.30954566804598 0.20078120499389143 142.3142320699086 0.09158240201254378 57.078795231031386 172.13806393642264 -999.0 5400.0 -999.0 1 80 {-999.0 -999.0 -999.0 -999.0 -999.0} "" -999.0 -999.0 -999.0 -999.0 -999 -999 "" "" "" "" 0 0 0.0 0.0 -999 ""
FIBERMAP 382 R+9C5 METROLOGY 0 0 0 1 0 0 -102.45478202757873 184.09951906789053 143.1 36.345341369786375 207.48870050564247 76.288895 140.81387 -999.0 -999.0 -999.0 -999.0 -999.0 142.30746024440103 0.198098177102163 142.31214706334384 0.08886616175434237 57.07633676195399 172.14244939878293 -999.0 6231.0 -999.0 -1 -999 {-999.0 -999.0 -999.0 -999.0 -999.0} "" -999.0 -999.0 -999.0 -999.0 -999 -999 "" "" "" "" 0 0 0.0 0.0 -999 ""
FIBERMAP 383 R+6C1 APOGEE 0 0 0 1 0 0 -211.75128718056575 121.68972004202003 143.1 -87.83441090281812 227.83584840645142 27.673292 113.92855 -999.0 -999.0 -999.0 -999.0 -999.0 141.74462179470487 0.2879001278767877 141.74957016014054 0.17944545988196653 57.226920761901106 173.15563516816724 -999.0 16600.0 -999.0 2 119 {-999.0 -999.0 -999.0 -999.0 -999.0} "" -999.0 -999.0 -999.0 -999.0 -999 -999 "" ops_sky_apogee_best_unassigned ops_sky sky_apogee 0 0 0.0 0.0 -999 ""
FIBERMAP 383 R+6C1 BOSS 1 1 0 1 0 0 -211.17071425265655 121.25591434753277 143.1 -87.65665425503185 227.1333863884424 27.673292 113.92855 141.74544015706726 0.2846632551268015 -1.8608719 -0.8762825 0.5166135 141.74542043646852 0.284652920462079 141.75035021884844 0.1763286661359955 57.2237414845907 173.15477845097243 5400.0 5400.0 2016.0 1 83 {-999.0 16.8977 16.570862 16.411846 -999.0} sdss_psfmag 16.867977 16.570274 16.114635 15.201 63050395170997292 944390025 bright_1x1 openfibertargets_nov2020_6c open_fiber science 0 0 0.0 0.0 -999 ""
FIBERMAP 383 R+6C1 METROLOGY 0 0 0 1 0 0 -211.8456538596705 120.94588689920286 143.1 -88.3760452706558 227.31757354936434 27.673292 113.92855 -999.0 -999.0 -999.0 -999.0 -999.0 141.7421686309246 0.28548952507642883 141.74710412609898 0.17713317484733992 57.22486714061755 173.1605956514337 -999.0 6231.0 -999.0 -1 -999 {-999.0 -999.0 -999.0 -999.0 -999.0} "" -999.0 -999.0 -999.0 -999.0 -999 -999 "" "" "" "" 0 0 0.0 0.0 -999 ""
FIBERMAP 386 R-4C2 APOGEE 0 0 0 1 0 0 -235.44133912431195 -95.14098160354487 143.1 -242.75784345245955 74.35228082611671 295.1103 45.784206 -999.0 -999.0 -999.0 -999.0 -999.0 141.04460986493314 -0.4084943049377679 141.04854862280712 -0.5156357317287081 56.597757173550306 174.5491966106868 -999.0 16600.0 -999.0 2 -999 {-999.0 -999.0 -999.0 -999.0 -999.0} "" -999.0 -999.0 -999.0 -999.0 -999 -999 "" "" "" "" 0 0 0.0 0.0 -999 ""
FIBERMAP 386 R-4C2 BOSS 1 1 0 1 0 0 -236.15336805498438 -94.90602736103693 143.1 -243.16289862792019 74.98307619867195 295.1103 45.784206 141.0420496826667 -0.40585152548398096 44.673836 20.773212 15.466686 141.042801293673 -0.40578113170267655 141.04673404798757 -0.512786108449647 56.60074259902859 174.55206884331295 5400.0 5400.0 2016.0 1 486 {-999.0 10.861836 10.12502 9.8755 -999.0} sdss_psfmag_from_g3xp 10.6569395 10.176216 9.533053 8.289 63050395170947334 1150991892 bright_1x1 mwm_snc_100pc_boss_single mwm_snc science 0 0 2.1639134883880615 0.0 -999 ""
FIBERMAP 386 R-4C2 METROLOGY 0 0 0 1 0 0 -235.58531245666842 -94.40890670294934 143.1 -242.40871725189902 75.01149157009863 295.1103 45.784206 -999.0 -999.0 -999.0 -999.0 -999.0 141.0461724473223 -0.40559756749753073 141.05010798128575 -0.5126461129230259 56.600612640679394 174.5459391824074 -999.0 6231.0 -999.0 -1 -999 {-999.0 -999.0 -999.0 -999.0 -999.0} "" -999.0 -999.0 -999.0 -999.0 -999 -999 "" "" "" "" 0 0 0.0 0.0 -999 ""
FIBERMAP 388 R+2C3 APOGEE 0 0 0 1 0 0 -216.31579606416506 56.54930138082953 143.1 -132.39425262269788 180.1190843500995 113.188805 58.228394 -999.0 -999.0 -999.0 -999.0 -999.0 141.54252804598417 0.07230959234891299 141.54716460179674 -0.03576413173809845 57.03240861491433 173.56535365346602 -999.0 16600.0 -999.0 2 116 {-999.0 -999.0 -999.0 -999.0 -999.0} "" -999.0 -999.0 -999.0 -999.0 -999 -999 "" "" "" "" 0 0 0.0 0.0 -999 ""
FIBERMAP 388 R+2C3 BOSS 1 1 0 1 0 0 -215.5723076434609 56.46148996699199 143.1 -131.87211804981214 179.58275812309103 113.188805 58.228394 141.54462505098212 0.06980126346438499 -8.946741 2.0891898 0.8664348 141.5448670726168 0.06981014546366629 141.54948665189568 -0.03813479003888915 57.029829623835674 173.56151627370363 5400.0 5400.0 2016.0 1 60 {-999.0 13.358431 13.137331 13.083002 -999.0} sdss_psfmag_from_g3xp 13.347249 13.125494 12.756806 12.105 63050395170994076 946401606 bright_1x1 openfibertargets_nov2020_9 open_fiber science 0 0 0.9776691794395447 0.0 -999 ""
FIBERMAP 388 R+2C3 METROLOGY 0 0 0 1 0 0 -216.00724113205294 55.86363456955043 143.1 -132.58633765159047 179.39228929434603 113.188805 58.228394 -999.0 -999.0 -999.0 -999.0 -999.0 141.54163928502584 0.06896173838010516 141.5462616229438 -0.03901515728733138 57.02925713213957 173.56756847320534 -999.0 6231.0 -999.0 -1 -999 {-999.0 -999.0 -999.0 -999.0 -999.0} "" -999.0 -999.0 -999.0 -999.0 -999 -999 "" "" "" "" 0 0 0.0 0.0 -999 ""
FIBERMAP 394 R-1C26 APOGEE 1 1 0 1 0 0 286.76316203203874 -23.185940971748206 143.1 208.11342343737064 -198.5640234093755 263.7928 166.74747 143.08600702111565 -1.6389428900577179 -4.260671 3.8790526 0.6813337 143.08601223183314 -1.6389326577911782 143.08767295514048 -1.7489777491646494 55.15752780893202 171.16438082794176 16000.0 16600.0 2016.0 2 240 {-999.0 11.935665 11.164445 10.895153 -999.0} sdss_psfmag_from_g3xp 11.717426 11.210221 10.547573 9.209 63050395170953160 1106310100 bright_1x1 mwm_tess_rgb_apogee mwm_tessrgb science 0 0 0.0 0.0 -999 ""
FIBERMAP 394 R-1C26 BOSS 0 0 0 1 0 0 286.52204531335866 -23.88859141902782 143.1 207.48374707576198 -198.957914739217 263.7928 166.74747 -999.0 -999.0 -999.0 -999.0 -999.0 143.08318915965637 -1.6408588556218706 143.0848288480217 -1.7507580638329994 55.15612964503049 171.16971738098843 -999.0 5400.0 -999.0 1 262 {-999.0 -999.0 -999.0 -999.0 -999.0} "" -999.0 -999.0 -999.0 -999.0 -999 -999 "" "" "" "" 0 0 0.0 0.0 -999 ""
FIBERMAP 394 R-1C26 METROLOGY 0 0 0 1 0 0 286.02046585705926 -23.32845705168122 143.1 207.44688131213923 -198.20707789277284 263.7928 166.74747 -999.0 -999.0 -999.0 -999.0 -999.0 143.08304437407764 -1.6374593270997817 143.08469463719632 -1.7473992236846296 55.15947768154484 171.16919095559126 -999.0 6231.0 -999.0 -1 -999 {-999.0 -999.0 -999.0 -999.0 -999.0} "" -999.0 -999.0 -999.0 -999.0 -999 -999 "" "" "" "" 0 0 0.0 0.0 -999 ""
FIBERMAP 396 R+11C2 APOGEE 0 0 0 1 0 0 -141.91710896337847 223.27124992431845 143.1 30.361255259128576 262.75805463162584 48.664722 135.46169 -999.0 -999.0 -999.0 -999.0 -999.0 142.2795181412743 0.44556460371045353 142.284617064837 0.3362174821365048 57.325212983301604 172.14043443658795 -999.0 16600.0 -999.0 2 -999 {-999.0 -999.0 -999.0 -999.0 -999.0} "" -999.0 -999.0 -999.0 -999.0 -999 -999 "" "" "" "" 0 0 0.0 0.0 -999 ""
FIBERMAP 396 R+11C2 BOSS 1 1 0 1 0 0 -141.1742222327278 223.34127033446714 143.1 30.98229938051755 262.34468599065553 48.664722 135.46169 142.28235523246096 0.4435785976316596 -999.0 -999.0 -999.0 142.28234974875792 0.4436017085301704 142.28742990360695 0.33438075649719734 57.32306491136163 172.13565035984084 5400.0 5400.0 2016.0 1 17 {-999.0 19.824804 18.781494 18.442268 -999.0} sdss_psfmag_ps1 -999.0 -999.0 -999.0 15.031 63050397536889013 1115986363 bright_1x1 openfibertargets_bhm_racsradio_boss open_fiber science 0 0 0.0 0.0 -999 ""
FIBERMAP 396 R+11C2 METROLOGY 0 0 0 1 0 0 -141.48251759054438 222.66479108880694 143.1 30.31692767379781 262.01341849626994 48.664722 135.46169 -999.0 -999.0 -999.0 -999.0 -999.0 142.27934056432701 0.4421599364643854 142.28442328046702 0.33290724769807495 57.321946984511015 172.141495959817 -999.0 6231.0 -999.0 -1 -999 {-999.0 -999.0 -999.0 -999.0 -999.0} "" -999.0 -999.0 -999.0 -999.0 -999 -999 "" "" "" "" 0 0 0.0 0.0 -999 ""
FIBERMAP 402 R+12C13 APOGEE 0 0 0 1 0 0 97.59234563569404 227.76059342485368 143.1 219.20088885154559 115.44051423369255 213.7764 102.39168 -999.0 -999.0 -999.0 -999.0 -999.0 143.1358391560656 -0.2190192274443023 143.13972492966707 -0.329529942789352 56.557625726731885 170.7379254491749 -999.0 16600.0 -999.0 2 -999 {-999.0 -999.0 -999.0 -999.0 -999.0} "" -999.0 -999.0 -999.0 -999.0 -999 -999 "" "" "" "" 0 0 0.0 0.0 -999 ""
FIBERMAP 402 R+12C13 BOSS 1 1 0 1 0 0 97.04697929333706 228.28373960311148 143.1 219.10672722302846 116.19019438717491 213.7764 102.39168 143.1354309724511 -0.21573278753381697 -0.29319042 -2.545615 0.060042292 143.13543151304935 -0.21575544801346253 143.13930423412785 -0.3261327843158977 56.56104856454627 170.73784748434733 5400.0 5400.0 2016.0 1 100 {-999.0 18.41041 17.805809 17.554169 -999.0} sdss_psfmag 18.30533 17.82645 17.220776 15.518 63050395170989063 944389995 bright_1x1 openfibertargets_nov2020_6c open_fiber science 0 0 0.0 0.0 -999 ""
FIBERMAP 402 R+12C13 METROLOGY 0 0 0 1 0 0 97.76364328160747 228.48676082774114 143.1 219.79114798478832 115.89663051768441 213.7764 102.39168 -999.0 -999.0 -999.0 -999.0 -999.0 143.1384970829789 -0.21705783663147774 143.14237238252912 -0.32747743171576255 56.55930093349881 170.73266146542605 -999.0 6231.0 -999.0 -1 -999 {-999.0 -999.0 -999.0 -999.0 -999.0} "" -999.0 -999.0 -999.0 -999.0 -999 -999 "" "" "" "" 0 0 0.0 0.0 -999 ""
FIBERMAP 404 R+1C23 APOGEE 0 0 0 1 0 0 223.2601502398913 29.935325156829478 143.1 192.24149603970375 -117.32396337316086 59.552578 102.38113 -999.0 -999.0 -999.0 -999.0 -999.0 143.016664057629 -1.2739217228981503 143.01890887469602 -1.3839606495493744 55.528360993112365 171.20148468732944 -999.0 16600.0 -999.0 2 -999 {-999.0 -999.0 -999.0 -999.0 -999.0} "" -999.0 -999.0 -999.0 -999.0 -999 -999 "" "" "" "" 0 0 0.0 0.0 -999 ""
FIBERMAP 404 R+1C23 BOSS 1 1 0 1 0 0 223.97763752375477 29.7158822053181 143.1 192.6605568901495 -117.94614881814937 59.552578 102.38113 143.0186027280013 -1.2769089170401466 0.0012625019 0.11982043 0.023031108 143.01859180134664 -1.2768805116572843 143.02081363297435 -1.3867825518342924 55.525317521151344 171.19878999125396 5400.0 5400.0 2016.0 1 182 {-999.0 19.042788 18.843325 18.671818 18.542503} sdss_psfmag_from_gaiadr2 18.924273 18.850134 18.249714 -999.0 63050395170960003 1057663091 bright_flexible_2x1 bhm_gua_bright bhm_filler science 0 0 0.0 0.0 -999 ""
FIBERMAP 404 R+1C23 METROLOGY 0 0 0 1 0 0 223.42294707698315 29.20720485746634 143.1 191.90947891898756 -117.99195479559856 59.552578 102.38113 -999.0 -999.0 -999.0 -999.0 -999.0 143.0152004572972 -1.2770667987497704 143.01742759800555 -1.3870029364342487 55.52553447026249 171.20477059722268 -999.0 6231.0 -999.0 -1 -999 {-999.0 -999.0 -999.0 -999.0 -999.0} "" -999.0 -999.0 -999.0 -999.0 -999 -999 "" "" "" "" 0 0 0.0 0.0 -999 ""
FIBERMAP 409 R+9C6 APOGEE 1 1 0 1 0 0 -75.11469565766527 189.37742852813722 143.1 60.90195624708903 194.37339833801562 92.78687 100.408035 142.4186753614988 0.139109559344453 -6.3708434 -3.2628784 0.69342047 142.41901982730195 0.13909842050505 142.42360244336152 0.029611850021112586 57.00451758539426 171.95164874139377 16000.0 16600.0 2016.0 2 17 {-999.0 10.430846 9.073482 8.423316 -999.0} sdss_psfmag_from_g3xp 9.892529 8.976085 8.035453 5.913 63050395170990976 1151939712 bright_1x1 mwm_galactic_core_dist_apogee_sparse mwm_galactic science 0 0 1.2479405403137207 0.0 -999 ""
FIBERMAP 409 R+9C6 BOSS 0 0 0 1 0 0 -74.39018394877078 189.54976221650776 143.1 61.57314984838413 194.05106003560027 92.78687 100.408035 -999.0 -999.0 -999.0 -999.0 -999.0 142.42209959118026 0.13755903875134842 142.42666355480821 0.028199717769867284 57.00275477581735 171.9463722483592 -999.0 5400.0 -999.0 1 147 {-999.0 -999.0 -999.0 -999.0 -999.0} "" -999.0 -999.0 -999.0 -999.0 -999 -999 "" "" "" "" 0 0 0.0 0.0 -999 ""
FIBERMAP 409 R+9C6 METROLOGY 0 0 0 1 0 0 -74.59243604685726 188.82430578364267 143.1 60.95929785742102 193.6149860064226 92.78687 100.408035 -999.0 -999.0 -999.0 -999.0 -999.0 142.41931681573237 0.13562606880460806 142.42388264808392 0.026234329614286338 57.001130564877585 171.95186794293724 -999.0 6231.0 -999.0 -1 -999 {-999.0 -999.0 -999.0 -999.0 -999.0} "" -999.0 -999.0 -999.0 -999.0 -999 -999 "" "" "" "" 0 0 0.0 0.0 -999 ""
FIBERMAP 410 R-2C2 APOGEE 0 0 0 1 0 0 -238.3141197572484 -56.77660340694531 143.1 -220.8333101986496 105.956458416515 341.51196 60.113277 -999.0 -999.0 -999.0 -999.0 -999.0 141.14315959992322 -0.2650530537857716 141.14731670625923 -0.3723926039585372 56.73249202967645 174.3488631358806 -999.0 16600.0 -999.0 2 -999 {-999.0 -999.0 -999.0 -999.0 -999.0} "" -999.0 -999.0 -999.0 -999.0 -999 -999 "" "" "" "" 0 0 0.0 0.0 -999 ""
FIBERMAP 410 R-2C2 BOSS 1 1 0 1 0 0 -238.86197647053444 -57.29490771172537 143.1 -221.58514230276603 105.89887296977254 341.51196 60.113277 141.13983897376275 -0.2654624714881212 -5.6033053 1.0649415 0.43690223 141.1397787523571 -0.26545816473300077 141.14392468958243 -0.37265859252702516 56.73250766753487 174.3550655433793 5400.0 5400.0 2016.0 1 435 {-999.0 16.646994 16.294836 16.17991 -999.0} sdss_psfmag 16.587526 16.2953 15.844175 15.141 63050395170992966 977051838 "" ops_std_boss ops_std standard_boss 0 0 0.0 0.0 -999 ""
FIBERMAP 410 R-2C2 METROLOGY 0 0 0 1 0 0 -239.0283324204754 -56.56082052486717 143.1 -221.25213236013917 106.5737394756317 341.51196 60.113277 -999.0 -999.0 -999.0 -999.0 -999.0 141.14128426096795 -0.26236408511544307 141.1454381415287 -0.36960562817777654 56.73542494845577 174.3518554478615 -999.0 6231.0 -999.0 -1 -999 {-999.0 -999.0 -999.0 -999.0 -999.0} "" -999.0 -999.0 -999.0 -999.0 -999 -999 "" "" "" "" 0 0 0.0 0.0 -999 ""
FIBERMAP 415 R-2C4 APOGEE 0 0 0 1 0 0 -210.16458053349197 -35.55104741596045 143.1 -185.60680327794006 104.71709792432077 117.296005 151.34583 -999.0 -999.0 -999.0 -999.0 -999.0 141.3013925281663 -0.2696994249776944 141.30551503398044 -0.3772939359068521 56.7141781787041 174.06234429819557 -999.0 16600.0 -999.0 2 -999 {-999.0 -999.0 -999.0 -999.0 -999.0} "" -999.0 -999.0 -999.0 -999.0 -999 -999 "" "" "" "" 0 0 0.0 0.0 -999 ""
FIBERMAP 415 R-2C4 BOSS 1 1 0 1 0 0 -210.16084755756034 -34.813449889276 143.1 -185.1394849805088 105.28759632787076 117.296005 151.34583 141.30348200918687 -0.2670935952562284 1.7318376 -40.046055 1.2349252 141.30347673188143 -0.2672173060039461 141.3075912594627 -0.37468228225132544 56.716599259536785 174.05816140039326 5400.0 5400.0 2016.0 1 474 {-999.0 18.516752 17.306067 16.77823 -999.0} sdss_psfmag 18.03593 17.267857 16.413368 14.566 63050395170993042 1072698277 bright_1x1 mwm_halo_local_high_boss_single mwm_halo science 0 0 0.0 0.0 -999 ""
FIBERMAP 415 R-2C4 METROLOGY 0 0 0 1 0 0 -209.50885924711773 -35.19510981594111 143.1 -184.8734312507604 104.58066706765919 117.296005 151.34583 -999.0 -999.0 -999.0 -999.0 -999.0 141.30467091855792 -0.2703767456546528 141.3087833928442 -0.377880651357894 56.71330924853775 174.05650484054112 -999.0 6231.0 -999.0 -1 -999 {-999.0 -999.0 -999.0 -999.0 -999.0} "" -999.0 -999.0 -999.0 -999.0 -999 -999 "" "" "" "" 0 0 0.0 0.0 -999 ""
FIBERMAP 417 R+13C12 APOGEE 0 0 0 1 0 0 108.17432581412304 270.2392682744224 143.1 254.1654630270783 141.76840232641854 116.1143 57.481407 -999.0 -999.0 -999.0 -999.0 -999.0 143.29095872117358 -0.101199121057898 143.2950017410787 -0.2119811520025771 56.652694564766506 170.4291153160491 -999.0 16600.0 -999.0 2 93 {-999.0 -999.0 -999.0 -999.0 -999.0} "" -999.0 -999.0 -999.0 -999.0 -999 -999 "" ops_sky_apogee_best_unassigned ops_sky sky_apogee 0 0 0.0 0.0 -999 ""
FIBERMAP 417 R+13C12 BOSS 1 1 0 1 0 0 108.91801288667587 270.1688605174441 143.1 254.69870987742203 141.24546742234347 116.1143 57.481407 143.2933412281014 -0.10368125348996184 -0.99949056 -1.6913314 0.0969632 143.29335697148122 -0.1037082908948659 143.29737682947354 -0.21436025925096228 56.650006706369766 170.42544254079797 5400.0 5400.0 2016.0 1 92 {-999.0 17.519567 17.255484 17.134277 -999.0} sdss_psfmag 17.213652 17.035227 16.60743 16.058 63050395170989305 1070854164 bright_1x1 mwm_halo_distant_rrl_boss_single mwm_halo science 0 0 0.0 0.0 -999 ""
FIBERMAP 417 R+13C12 METROLOGY 0 0 0 1 0 0 108.49454405974734 269.5616558332112 143.1 253.98750754509456 141.04051896808812 116.1143 57.481407 -999.0 -999.0 -999.0 -999.0 -999.0 143.2901972025796 -0.10457064887477495 143.2942216142356 -0.2152552258050318 56.64956169942466 170.43135305383515 -999.0 6231.0 -999.0 -1 -999 {-999.0 -999.0 -999.0 -999.0 -999.0} "" -999.0 -999.0 -999.0 -999.0 -999 -999 "" "" "" "" 0 0 0.0 0.0 -999 ""
FIBERMAP 422 R+8C8 APOGEE 0 0 0 1 0 0 -65.22543686775442 145.89624586236226 143.1 41.2049785582699 154.3774599675401 280.82187 16.740889 -999.0 -999.0 -999.0 -999.0 -999.0 142.33023338112065 -0.041427237186387446 142.33454401416412 -0.15072590144740802 56.83575802591618 172.15212776336762 -999.0 16600.0 -999.0 2 -999 {-999.0 -999.0 -999.0 -999.0 -999.0} "" -999.0 -999.0 -999.0 -999.0 -999 -999 "" "" "" "" 0 0 0.0 0.0 -999 ""
FIBERMAP 422 R+8C8 BOSS 1 1 0 1 0 0 -65.5898175622687 146.5593664580873 143.1 41.3395110407851 155.12189469468316 280.82187 16.740889 142.3309379829462 -0.03808048059702562 -30.953129 -20.104673 3.207589 142.3308651289668 -0.038136300499862726 142.33516558155713 -0.14730427164975188 56.839085647234796 172.1502807235039 5400.0 5400.0 2016.0 1 132 {-999.0 16.830797 15.470272 14.792768 -999.0} sdss_psfmag 16.29133 15.376775 14.431178 12.54 63050395170990658 1096111231 bright_1x1 mwm_bin_vis_boss mwm_filler science 0 0 0.0 0.0 -999 ""
FIBERMAP 422 R+8C8 METROLOGY 0 0 0 1 0 0 -64.84400817772396 146.53747447598883 143.1 41.9049535211769 154.63530286583747 280.82187 16.740889 -999.0 -999.0 -999.0 -999.0 -999.0 142.33343359494538 -0.04030981160259085 142.33773444776455 -0.14951881891244861 56.83659066392319 172.14608070054993 -999.0 6231.0 -999.0 -1 -999 {-999.0 -999.0 -999.0 -999.0 -999.0} "" -999.0 -999.0 -999.0 -999.0 -999 -999 "" "" "" "" 0 0 0.0 0.0 -999 ""
FIBERMAP 423 R-11C2 APOGEE 0 0 0 1 0 0 -129.19518993087877 -217.6254495007877 143.1 -237.36350083672193 -87.67080313241458 14.165847 86.14064 -999.0 -999.0 -999.0 -999.0 -999.0 141.06997054012953 -1.1419394484418492 141.07270340730486 -1.2489249259840696 55.86486663844966 174.6106801210765 -999.0 16600.0 -999.0 2 -999 {-999.0 -999.0 -999.0 -999.0 -999.0} "" -999.0 -999.0 -999.0 -999.0 -999 -999 "" "" "" "" 0 0 0.0 0.0 -999 ""
FIBERMAP 423 R-11C2 BOSS 1 1 0 1 0 0 -129.09455202298147 -218.46276090290561 143.1 -237.81254397990062 -88.38445929605437 14.165847 86.14064 141.06803624055476 -1.1451529854062588 -26.52361 -55.487507 1.3089764 141.0679753816245 -1.145302459864758 141.07069208991078 -1.2521457483132414 55.86181466456043 174.6147054677932 5400.0 5400.0 2016.0 1 428 {-999.0 16.175446 15.605724 15.398541 -999.0} sdss_psfmag 16.030476 15.625295 15.04989 13.914 63050395170938193 1072698212 bright_1x1 mwm_halo_local_high_boss_single mwm_halo science 0 0 0.0 0.0 -999 ""
FIBERMAP 423 R-11C2 METROLOGY 0 0 0 1 0 0 -129.75716310076893 -218.11621231196574 143.1 -238.10895520733385 -87.69811046173523 14.165847 86.14064 -999.0 -999.0 -999.0 -999.0 -999.0 141.06663342652033 -1.1421552816207197 141.0693585846226 -1.2490363764910355 55.86501955738085 174.61663648737343 -999.0 6231.0 -999.0 -1 -999 {-999.0 -999.0 -999.0 -999.0 -999.0} "" -999.0 -999.0 -999.0 -999.0 -999 -999 "" "" "" "" 0 0 0.0 0.0 -999 ""
FIBERMAP 425 R-10C2 APOGEE 0 0 0 1 0 0 -137.03720019397812 -191.8652960899977 143.1 -227.23437082646714 -62.72677551088996 57.095764 56.648212 -999.0 -999.0 -999.0 -999.0 -999.0 141.114737452779 -1.0292179392974121 141.11764845788502 -1.1363066094403134 55.97354559563834 174.5147284126068 -999.0 16600.0 -999.0 2 -999 {-999.0 -999.0 -999.0 -999.0 -999.0} "" -999.0 -999.0 -999.0 -999.0 -999 -999 "" "" "" "" 0 0 0.0 0.0 -999 ""
FIBERMAP 425 R-10C2 BOSS 1 1 0 1 0 0 -136.73739798433914 -192.52512627816736 143.1 -227.41698587402146 -63.42799373086106 57.095764 56.648212 141.11407638284908 -1.032526931824639 -57.628746 -11.4923725 19.240427 141.11391376473387 -1.0325371964222416 141.11680837143757 -1.1394861724107124 55.97044383511932 174.51668120803518 5400.0 5400.0 2016.0 1 427 {-999.0 17.550547 16.03093 14.327873 -999.0} sdss_psfmag 16.942627 15.055612 13.747114 11.218 63050395170938676 1151035539 bright_1x1 mwm_snc_100pc_boss_single mwm_snc science 0 0 0.0 0.0 -999 ""
FIBERMAP 425 R-10C2 METROLOGY 0 0 0 1 0 0 -137.47566506671342 -192.4689603475855 143.1 -227.95499052418882 -62.91953224917577 57.095764 56.648212 -999.0 -999.0 -999.0 -999.0 -999.0 141.1114966269353 -1.0301898658249424 141.11439857730852 -1.1371745209158535 55.97294157482832 174.5206408352038 -999.0 6231.0 -999.0 -1 -999 {-999.0 -999.0 -999.0 -999.0 -999.0} "" -999.0 -999.0 -999.0 -999.0 -999 -999 "" "" "" "" 0 0 0.0 0.0 -999 ""
FIBERMAP 428 R+3C23 APOGEE 0 0 0 1 0 0 230.1791648547079 41.4238654585837 143.1 204.8487062885668 -112.75795811669667 285.7794 82.77322 -999.0 -999.0 -999.0 -999.0 -999.0 143.07339872381246 -1.252899974031053 143.07566861808226 -1.363032620229686 55.541769622648374 171.09727110586846 -999.0 16600.0 -999.0 2 -999 {-999.0 -999.0 -999.0 -999.0 -999.0} "" -999.0 -999.0 -999.0 -999.0 -999 -999 "" "" "" "" 0 0 0.0 0.0 -999 ""
FIBERMAP 428 R+3C23 BOSS 1 1 0 1 0 0 229.46331231742818 41.319176241299445 143.1 204.22682925934473 -112.38853645276271 285.7794 82.77322 143.07072006203435 -1.2513514830250407 -26.174162 -14.35938 3.9009511 143.07065856144305 -1.25140463470394 143.07291296102653 -1.361394512216888 55.54375231232275 171.10172199304375 5400.0 5400.0 2016.0 1 186 {-999.0 16.181408 14.867845 14.168508 -999.0} sdss_psfmag_from_g3xp 15.666456 14.732951 13.76607 11.808 63050395170960017 1095919627 bright_1x1 mwm_bin_vis_boss mwm_filler science 0 0 0.0 0.0 -999 ""
FIBERMAP 428 R+3C23 METROLOGY 0 0 0 1 0 0 229.72187807876526 42.0133998384631 143.1 204.86475140962605 -112.01217633695863 285.7794 82.77322 -999.0 -999.0 -999.0 -999.0 -999.0 143.07351733365743 -1.2496409470480034 143.0757792640087 -1.3596751181061797 55.545084155838914 171.09630475899937 -999.0 6231.0 -999.0 -1 -999 {-999.0 -999.0 -999.0 -999.0 -999.0} "" -999.0 -999.0 -999.0 -999.0 -999 -999 "" "" "" "" 0 0 0.0 0.0 -999 ""
FIBERMAP 432 R+11C15 APOGEE 0 0 0 1 0 0 146.75378888729807 221.96827474227462 143.1 253.73464282209733 79.9880677402618 35.85845 153.70938 -999.0 -999.0 -999.0 -999.0 -999.0 143.29130588636193 -0.37966404906057855 143.29491265527565 -0.4903717280971996 56.3770307788162 170.49956633104352 -999.0 16600.0 -999.0 2 -999 {-999.0 -999.0 -999.0 -999.0 -999.0} "" -999.0 -999.0 -999.0 -999.0 -999 -999 "" "" "" "" 0 0 0.0 0.0 -999 ""
FIBERMAP 432 R+11C15 BOSS 1 1 0 1 0 0 147.46381833876512 222.10650111528238 143.1 254.37311365460678 79.64835885575437 35.85845 153.70938 143.29418633289964 -0.3813326521051031 0.17155723 -0.35027954 -0.12861179 143.2941879384511 -0.38133891433301825 143.2977727303557 -0.4919160832390669 56.375104326337556 170.49483871061517 5400.0 5400.0 2016.0 1 178 {-999.0 18.766308 18.498991 18.25632 18.05799} sdss_psfmag_from_gaiadr2 18.874016 18.541876 18.021618 -999.0 63050395170966812 1057663107 bright_flexible_2x1 bhm_gua_bright bhm_filler science 0 0 0.0 0.0 -999 ""
FIBERMAP 432 R+11C15 METROLOGY 0 0 0 1 0 0 147.23283352205394 221.39627979612263 143.1 253.74653924284522 79.24220824674279 35.85845 153.70938 -999.0 -999.0 -999.0 -999.0 -999.0 143.29139788619756 -0.3831285565001328 143.29498570364734 -0.4937390506194878 56.373685908478876 170.50027968184497 -999.0 6231.0 -999.0 -1 -999 {-999.0 -999.0 -999.0 -999.0 -999.0} "" -999.0 -999.0 -999.0 -999.0 -999 -999 "" "" "" "" 0 0 0.0 0.0 -999 ""
FIBERMAP 436 R+4C3 APOGEE 0 0 0 1 0 0 -194.35667110982746 61.02432868574108 143.1 -112.52224028335532 169.768286071274 330.39203 76.62747 -999.0 -999.0 -999.0 -999.0 -999.0 141.63223952453026 0.02619942188318348 141.6367849893942 -0.08200623498391192 56.97782991086879 173.40962985518436 -999.0 16600.0 -999.0 2 149 {-999.0 -999.0 -999.0 -999.0 -999.0} "" -999.0 -999.0 -999.0 -999.0 -999 -999 "" ops_sky_apogee_best_unassigned ops_sky sky_apogee 0 0 0.0 0.0 -999 ""
FIBERMAP 436 R+4C3 BOSS 1 1 0 1 0 0 -194.8603981094767 60.48733219959277 143.1 -113.25156872155307 169.66839777575524 330.39203 76.62747 141.62887573242188 0.025645084459952727 -999.0 -999.0 -999.0 141.62892377660697 0.025638740460641466 141.63345613345 -0.08242932173101129 56.977729909523845 173.41578464598868 5400.0 5400.0 2015.5 1 29 {-999.0 -999.0 -999.0 -999.0 -999.0} "" -999.0 -999.0 -999.0 -999.0 27021603143418898 812263755 "" ops_sky_boss_good ops_sky sky_boss 0 0 0.0 0.0 -999 ""
FIBERMAP 436 R+4C3 METROLOGY 0 0 0 1 0 0 -195.0763671363357 61.199053564518096 143.1 -112.97117271353194 170.35713231398609 330.39203 76.62747 -999.0 -999.0 -999.0 -999.0 -999.0 141.63020219144184 0.028781967571965692 141.63474303590294 -0.07932643049111056 56.98069422938355 173.4128849966404 -999.0 6231.0 -999.0 -1 -999 {-999.0 -999.0 -999.0 -999.0 -999.0} "" -999.0 -999.0 -999.0 -999.0 -999 -999 "" "" "" "" 0 0 0.0 0.0 -999 ""
FIBERMAP 440 R+8C4 APOGEE 0 0 0 1 0 0 -119.20230724554864 144.06386269525564 143.1 -1.8694345377004205 186.9402206572358 5.849444 68.046234 -999.0 -999.0 -999.0 -999.0 -999.0 142.13422629497077 0.10547762515372591 142.13880790160096 -0.003549825969670056 57.00401096204778 172.47814761919926 -999.0 16600.0 -999.0 2 -999 {-999.0 -999.0 -999.0 -999.0 -999.0} "" -999.0 -999.0 -999.0 -999.0 -999 -999 "" "" "" "" 0 0 0.0 0.0 -999 ""
FIBERMAP 440 R+8C4 BOSS 1 1 0 1 0 0 -119.41879840893819 143.3200476363299 143.1 -2.505904457915395 186.49885400823658 5.849444 68.046234 142.13138406772134 0.10341390205182788 -8.46054 -1.795826 1.1051611 142.13135320669454 0.10340445695190408 142.13591742944095 -0.005486073754632243 57.002404521117704 172.48381419714764 5400.0 5400.0 2016.0 1 57 {-999.0 20.181038 18.792751 17.968641 -999.0} sdss_psfmag 19.685886 18.590796 17.587547 15.716 63050395170996677 1095444614 bright_1x1 mwm_bin_vis_boss mwm_filler science 0 0 0.0 0.0 -999 ""
FIBERMAP 440 R+8C4 METROLOGY 0 0 0 1 0 0 -119.9232587527875 143.8717926436552 143.1 -2.5502898945205894 187.24498924483686 5.849444 68.046234 -999.0 -999.0 -999.0 -999.0 -999.0 142.13114254533082 0.10679532193874366 142.13571638295923 -0.00213313849269473 57.005759225374305 172.4835039043681 -999.0 6231.0 -999.0 -1 -999 {-999.0 -999.0 -999.0 -999.0 -999.0} "" -999.0 -999.0 -999.0 -999.0 -999 -999 "" "" "" "" 0 0 0.0 0.0 -999 ""
FIBERMAP 448 R+7C8 APOGEE 0 0 0 1 0 0 -41.83600019298066 142.78084464693276 143.1 57.40861133050943 137.23104215041653 48.098545 93.47899 -999.0 -999.0 -999.0 -999.0 -999.0 142.4040943843105 -0.11904137238243427 142.40826786591464 -0.22843587272815136 56.7500420439124 172.03483039351536 -999.0 16600.0 -999.0 2 27 {-999.0 -999.0 -999.0 -999.0 -999.0} "" -999.0 -999.0 -999.0 -999.0 -999 -999 "" ops_sky_apogee_best_unassigned ops_sky sky_apogee 0 0 0.0 0.0 -999 ""
FIBERMAP 448 R+7C8 BOSS 1 1 0 1 0 0 -41.26884825962663 142.3063008970312 143.1 57.550294467218386 136.50539163165735 48.098545 93.47899 142.40478515624997 -0.12239708301953556 -999.0 -999.0 -999.0 142.40478656658127 -0.1224091111087877 142.40893894606546 -0.23167079950544572 56.746750956769404 172.03430232657138 5400.0 5400.0 2015.5 1 104 {-999.0 -999.0 -999.0 -999.0 -999.0} "" -999.0 -999.0 -999.0 -999.0 27021603143416714 820300970 "" ops_sky_boss_good ops_sky sky_boss 0 0 0.0 0.0 -999 ""
FIBERMAP 448 R+7C8 METROLOGY 0 0 0 1 0 0 -41.97470598424168 142.04450832763172 143.1 56.8372616512787 136.74650720813062 48.098545 93.47899 -999.0 -999.0 -999.0 -999.0 -999.0 142.40153426703316 -0.12128926968453393 142.40569344204914 -0.23058382855908363 56.748208591470934 172.0399499501358 -999.0 6231.0 -999.0 -1 -999 {-999.0 -999.0 -999.0 -999.0 -999.0} "" -999.0 -999.0 -999.0 -999.0 -999 -999 "" "" "" "" 0 0 0.0 0.0 -999 ""
FIBERMAP 450 R+2C17 APOGEE 1 1 0 1 0 0 103.97153117691172 47.12783283202747 143.1 110.4220566279479 -28.86295288090104 56.860912 87.54555 142.64706999155467 -0.8739801382345511 -81.552055 -3.7448242 13.271374 142.6468441666845 -0.8740022041775091 142.64977592686898 -0.9835745837396054 55.971605440014 171.76349755419102 16000.0 16600.0 2016.0 2 61 {-999.0 16.069033 14.621478 13.386229 -999.0} sdss_psfmag 15.482931 14.708119 12.930953 10.835 63050395170962675 984734740 bright_1x1 mwm_snc_100pc_apogee mwm_snc science 0 0 0.0 0.0 -999 ""
FIBERMAP 450 R+2C17 BOSS 0 0 0 1 0 0 104.59247208022231 46.70997544420885 143.1 110.64120637242283 -29.578445976510164 56.860912 87.54555 -999.0 -999.0 -999.0 -999.0 -999.0 142.6479107093149 -0.8774060614867608 142.65082028098038 -0.9868422712491514 55.968235743213164 171.7623488141414 -999.0 5400.0 -999.0 1 199 {-999.0 -999.0 -999.0 -999.0 -999.0} "" -999.0 -999.0 -999.0 -999.0 -999 -999 "" "" "" "" 0 0 0.0 0.0 -999 ""
FIBERMAP 450 R+2C17 METROLOGY 0 0 0 1 0 0 103.92225596429726 46.37576368190464 143.1 109.91025646319297 -29.41601544412609 56.860912 87.54555 -999.0 -999.0 -999.0 -999.0 -999.0 142.64457623324103 -0.8766332562893235 142.64749226240633 -0.986103259927918 55.969370197465416 171.7680922432201 -999.0 6231.0 -999.0 -1 -999 {-999.0 -999.0 -999.0 -999.0 -999.0} "" -999.0 -999.0 -999.0 -999.0 -999 -999 "" "" "" "" 0 0 0.0 0.0 -999 ""
FIBERMAP 452 R+12C9 APOGEE 0 0 0 1 0 0 6.464509875742756 232.93761558901622 143.1 151.6868804197827 176.8387132905422 197.53494 96.94108 -999.0 -999.0 -999.0 -999.0 -999.0 142.83018185366376 0.059116450006036166 142.83456122260395 -0.05099355365591096 56.873963248497226 171.22222339645901 -999.0 16600.0 -999.0 2 -999 {-999.0 -999.0 -999.0 -999.0 -999.0} "" -999.0 -999.0 -999.0 -999.0 -999 -999 "" "" "" "" 0 0 0.0 0.0 -999 ""
FIBERMAP 452 R+12C9 BOSS 1 1 0 1 0 0 6.133957588318907 233.59540478866194 143.1 151.8443285987526 177.5577077984111 197.53494 96.94108 142.83091738529018 0.06228584172809354 -0.61050326 -22.417257 0.5544344 142.83090661607727 0.062243211585820364 142.8352736937448 -0.047736601696077505 56.87710183265537 171.22016549104097 5400.0 5400.0 2016.0 1 154 {-999.0 14.744681 14.519733 14.45217 -999.0} sdss_psfmag_from_g3xp 14.729661 14.502475 14.122349 13.498 63050395170989749 1072530634 bright_1x1 mwm_halo_local_high_boss_single mwm_halo science 0 0 0.0 0.0 -999 ""
FIBERMAP 452 R+12C9 METROLOGY 0 0 0 1 0 0 6.880864078787418 233.55673686802288 143.1 152.40006037594026 177.05739630093439 197.53494 96.94108 -999.0 -999.0 -999.0 -999.0 -999.0 142.83341966503912 0.06001260461910478 142.83778759102898 -0.05000797824676593 56.87452651813799 171.21613680953578 -999.0 6231.0 -999.0 -1 -999 {-999.0 -999.0 -999.0 -999.0 -999.0} "" -999.0 -999.0 -999.0 -999.0 -999 -999 "" "" "" "" 0 0 0.0 0.0 -999 ""
FIBERMAP 455 R-2C17 APOGEE 0 0 0 1 0 0 75.44130285875072 -35.04242497367788 143.1 36.52681688257245 -74.7160788775899 176.16594 102.304726 -999.0 -999.0 -999.0 -999.0 -999.0 142.310968137564 -1.0834356161825631 142.3136166002809 -1.1924230787949366 55.803097215436736 172.4019025462996 -999.0 16600.0 -999.0 2 238 {-999.0 -999.0 -999.0 -999.0 -999.0} "" -999.0 -999.0 -999.0 -999.0 -999 -999 "" ops_sky_apogee_best_unassigned ops_sky sky_apogee 0 0 0.0 0.0 -999 ""
FIBERMAP 455 R-2C17 BOSS 1 1 0 1 0 0 75.26000834925165 -34.32792585511776 143.1 36.835891536681366 -74.04701939951339 176.16594 102.304726 142.31243379302924 -1.0805528452924467 -6.2044663 -3.2453873 0.37893203 142.3124065390613 -1.0805650562879638 142.31504393898376 -1.1894176734428388 55.8059252409709 172.39878437482068 5400.0 5400.0 2016.0 1 303 {-999.0 17.849451 17.569477 17.485641 -999.0} sdss_psfmag 17.857765 17.569412 17.15916 16.484 63050395170961885 944389897 bright_1x1 openfibertargets_nov2020_6c open_fiber science 0 0 0.0 0.0 -999 ""
FIBERMAP 455 R-2C17 METROLOGY 0 0 0 1 0 0 75.9862984993298 -34.53497432997941 143.1 37.269593086206505 -74.66512139525234 176.16594 102.304726 -999.0 -999.0 -999.0 -999.0 -999.0 142.31437653056489 -1.0833266284421947 142.31701359869834 -1.1922206670119917 55.80292052845783 172.39585724938988 -999.0 6231.0 -999.0 -1 -999 {-999.0 -999.0 -999.0 -999.0 -999.0} "" -999.0 -999.0 -999.0 -999.0 -999 -999 "" "" "" "" 0 0 0.0 0.0 -999 ""
FIBERMAP 463 R+8C11 APOGEE 0 0 0 1 0 0 36.69860394209164 166.51354088185252 143.1 133.34483868470647 106.21450095664635 78.00506 71.03564 -999.0 -999.0 -999.0 -999.0 -999.0 142.74917550672907 -0.25983381120171595 142.75306448843236 -0.3697321685266268 56.56812081914362 171.44315668946146 -999.0 16600.0 -999.0 2 -999 {-999.0 -999.0 -999.0 -999.0 -999.0} "" -999.0 -999.0 -999.0 -999.0 -999 -999 "" "" "" "" 0 0 0.0 0.0 -999 ""
FIBERMAP 463 R+8C11 BOSS 1 1 0 1 0 0 37.34730800964195 166.12812299557962 143.1 133.6059755826844 105.50672099188112 78.00506 71.03564 142.75042471429455 -0.26314453509860275 6.4581566 -2.3955433 1.8042065 142.75043364498381 -0.26314279624328235 142.75430029102466 -0.37290844652885147 56.56481487385359 171.44165275741216 5400.0 5400.0 2016.0 1 134 {-999.0 14.927632 14.260065 13.984579 -999.0} sdss_psfmag_from_g3xp 14.75566 14.278526 13.6328945 12.332 63050395170988748 1075907476 bright_1x1 mwm_erosita_stars_boss mwm_erosita science 0 0 0.0 0.0 -999 ""
FIBERMAP 463 R+8C11 METROLOGY 0 0 0 1 0 0 36.693160661782144 165.76746290254255 143.1 132.87085248239927 105.63849315381601 78.00506 71.03564 -999.0 -999.0 -999.0 -999.0 -999.0 142.74708915314505 -0.26251028421325734 142.7509621730798 -0.3723087943559879 56.56582739542703 171.44752733674812 -999.0 6231.0 -999.0 -1 -999 {-999.0 -999.0 -999.0 -999.0 -999.0} "" -999.0 -999.0 -999.0 -999.0 -999 -999 "" "" "" "" 0 0 0.0 0.0 -999 ""
FIBERMAP 466 R+5C5 APOGEE 1 1 0 1 0 0 -160.3408636536966 81.39010186131813 143.1 -73.28109775643978 164.16755972338555 289.1603 38.51031 141.8100581409343 0.0017983746852127235 -6.6230145 -15.125461 3.3558013 141.81003462825814 0.0017512570653333119 141.81450841304127 -0.1067326321947907 56.93565840547822 173.08977270888792 16000.0 16600.0 2016.0 2 128 {-999.0 11.469622 11.185497 11.117862 -999.0} sdss_psfmag_from_g3xp 11.438217 11.193429 10.79315 10.154 63050395170993734 975012227 "" ops_std_apogee ops_std standard_apogee 0 0 0.0 0.0 -999 ""
FIBERMAP 466 R+5C5 BOSS 0 0 0 1 0 0 -160.96439465114355 81.79775738135987 143.1 -73.50868255465062 164.8767604460099 289.1603 38.51031 -999.0 -999.0 -999.0 -999.0 -999.0 141.80899605220444 0.004869001134729151 141.8134616125961 -0.10348179424382847 56.93899846171138 173.09107884826278 -999.0 5400.0 -999.0 1 42 {-999.0 -999.0 -999.0 -999.0 -999.0} "" -999.0 -999.0 -999.0 -999.0 -999 -999 "" "" "" "" 0 0 0.0 0.0 -999 ""
FIBERMAP 466 R+5C5 METROLOGY 0 0 0 1 0 0 -160.29821721712275 82.13999392640666 143.1 -72.7758165485641 164.72310519852596 289.1603 38.51031 -999.0 -999.0 -999.0 -999.0 -999.0 141.8123210787194 0.0042159680180830555 141.81678878627747 -0.10417744592969941 56.937969690683005 173.08514033262747 -999.0 6231.0 -999.0 -1 -999 {-999.0 -999.0 -999.0 -999.0 -999.0} "" -999.0 -999.0 -999.0 -999.0 -999 -999 "" "" "" "" 0 0 0.0 0.0 -999 ""
FIBERMAP 469 R+1C6 APOGEE 0 0 0 1 0 0 -156.87480946238335 34.214238106513434 143.1 -100.29291250857072 125.34646973851368 93.57478 68.08127 -999.0 -999.0 -999.0 -999.0 -999.0 141.68732345491833 -0.17441001430035608 141.6915341808844 -0.28265086520361926 56.772821624534345 173.34552090820557 -999.0 16600.0 -999.0 2 -999 {-999.0 -999.0 -999.0 -999.0 -999.0} "" -999.0 -999.0 -999.0 -999.0 -999 -999 "" "" "" "" 0 0 0.0 0.0 -999 ""
FIBERMAP 469 R+1C6 BOSS 1 1 0 1 0 0 -156.15535420474296 33.995593373726315 143.1 -99.87182065958612 124.72366511306186 93.57478 68.08127 141.6892119435739 -0.17731154488413345 -999.0 -999.0 -999.0 141.68920839018824 -0.17731319307428098 141.6934010437579 -0.28542313029769656 56.769880606683955 173.34262345145635 5400.0 5400.0 2016.0 1 20 {-999.0 21.264206 19.576971 18.971207 -999.0} sdss_psfmag 20.793247 21.406677 18.470505 15.966 63050395170993378 1116002407 bright_1x1 openfibertargets_bhm_racsradio_boss open_fiber science 0 0 0.0 0.0 -999 ""
FIBERMAP 469 R+1C6 METROLOGY 0 0 0 1 0 0 -156.70018516910264 33.48886348832775 143.1 -100.6140151523358 124.67316371517352 93.57478 68.08127 -999.0 -999.0 -999.0 -999.0 -999.0 141.68584440935712 -0.17752631978893227 141.6900410098271 -0.2856685473407615 56.769963759826695 173.34876925773113 -999.0 6231.0 -999.0 -1 -999 {-999.0 -999.0 -999.0 -999.0 -999.0} "" -999.0 -999.0 -999.0 -999.0 -999 -999 "" "" "" "" 0 0 0.0 0.0 -999 ""
FIBERMAP 481 R+7C10 APOGEE 1 1 0 1 0 0 4.834204116061706 144.37191141576304 143.1 94.65642269903853 109.08141659933925 65.44721 72.37289 142.5737558413048 -0.24667491212414594 -11.365345 -10.233897 2.7062294 142.57371260604674 -0.24670149623995202 142.57765293239254 -0.35632861841433633 56.60297095054537 171.75627776530928 16000.0 16600.0 2016.0 2 30 {-999.0 11.280199 10.998137 10.936841 -999.0} sdss_psfmag_from_g3xp 11.250588 11.009406 10.612843 10.025 63050395170988683 975012585 "" ops_std_apogee ops_std standard_apogee 0 0 0.0 0.0 -999 ""
FIBERMAP 481 R+7C10 BOSS 0 0 0 1 0 0 5.406661507834322 143.90086821465061 143.1 94.80443035178806 108.35514423598762 65.44721 72.37289 -999.0 -999.0 -999.0 -999.0 -999.0 142.574450509026 -0.25008767250176084 142.57836908461996 -0.3595813609442226 56.59965559071826 171.75569877534085 -999.0 5400.0 -999.0 1 127 {-999.0 -999.0 -999.0 -999.0 -999.0} "" -999.0 -999.0 -999.0 -999.0 -999 -999 "" "" "" "" 0 0 0.0 0.0 -999 ""
FIBERMAP 481 R+7C10 METROLOGY 0 0 0 1 0 0 4.7169171563160095 143.62269200284578 143.1 94.09359609280045 108.57339001131928 65.44721 72.37289 -999.0 -999.0 -999.0 -999.0 -999.0 142.5712080732855 -0.2490664931398516 142.57513344640182 -0.35859325616389 56.60102650407299 171.7613173286796 -999.0 6231.0 -999.0 -1 -999 {-999.0 -999.0 -999.0 -999.0 -999.0} "" -999.0 -999.0 -999.0 -999.0 -999 -999 "" "" "" "" 0 0 0.0 0.0 -999 ""
FIBERMAP 483 R+13C1 APOGEE 1 1 0 1 0 0 -152.07838557259194 256.73206056927876 143.1 43.53776995098757 295.14302921087307 71.19673 168.1528 142.33848844290742 0.5893275945800094 -2.7722788 -11.309492 1.2041057 142.3384714462084 0.5892989443200415 142.3437885573532 0.4798210116269423 57.46098288611937 172.0004577520209 16000.0 16600.0 2016.0 2 135 {-999.0 10.817449 10.044076 9.75607 -999.0} sdss_psfmag_from_g3xp 10.597336 10.0804825 9.406064 8.004 63050395170998256 1103726666 bright_1x1 mwm_tess_2min_apogee mwm_planet science 0 0 0.0 0.0 -999 ""
FIBERMAP 483 R+13C1 BOSS 0 0 0 1 0 0 -151.661713361002 257.3502593408232 143.1 44.25061604041251 295.36079553358877 71.19673 168.1528 -999.0 -999.0 -999.0 -999.0 -999.0 142.34169469404867 0.5901005185635295 142.34699717793035 0.48074669631796313 57.46152658522998 171.99433207822855 -999.0 5400.0 -999.0 1 7 {-999.0 -999.0 -999.0 -999.0 -999.0} "" -999.0 -999.0 -999.0 -999.0 -999 -999 "" "" "" "" 0 0 0.0 0.0 -999 ""
FIBERMAP 483 R+13C1 METROLOGY 0 0 0 1 0 0 -151.320722350664 256.6968563197937 143.1 44.10403670936462 294.6386349017984 71.19673 168.1528 -999.0 -999.0 -999.0 -999.0 -999.0 142.3410441787459 0.586945626243622 142.3463460767622 0.4775569937372929 57.458435069482995 171.9962285968982 -999.0 6231.0 -999.0 -1 -999 {-999.0 -999.0 -999.0 -999.0 -999.0} "" -999.0 -999.0 -999.0 -999.0 -999 -999 "" "" "" "" 0 0 0.0 0.0 -999 ""
FIBERMAP 488 R+13C8 APOGEE 1 1 0 1 0 0 25.631501698451597 264.07711876391875 143.1 186.1793621494293 188.9546845946272 81.18264 66.53589 142.9850012113139 0.11281072916524672 -27.283161 -18.361034 6.057132 142.9849135049789 0.11277824832767062 142.9893489188724 0.0024130131169226 56.906721447664076 170.92852266250793 16000.0 16600.0 2016.0 2 37 {-999.0 11.159338 10.755479 10.631106 -999.0} sdss_psfmag_from_g3xp 11.088925 10.780173 10.3026495 9.468 63050395170989971 1103662786 bright_1x1 mwm_tess_2min_apogee mwm_planet science 0 0 0.0 0.0 -999 ""
FIBERMAP 488 R+13C8 BOSS 0 0 0 1 0 0 26.258872639606803 263.6898255496977 143.1 186.42275007989033 188.25888031025292 81.18264 66.53589 -999.0 -999.0 -999.0 -999.0 -999.0 142.9860597513873 0.10952283142073854 142.99047216721976 -0.0007113743525825539 56.9034757153202 170.92724237015983 -999.0 5400.0 -999.0 1 166 {-999.0 -999.0 -999.0 -999.0 -999.0} "" -999.0 -999.0 -999.0 -999.0 -999 -999 "" "" "" "" 0 0 0.0 0.0 -999 ""
FIBERMAP 488 R+13C8 METROLOGY 0 0 0 1 0 0 25.602603605302527 263.32435691614126 143.1 185.68295155216916 188.3882538537179 81.18264 66.53589 -999.0 -999.0 -999.0 -999.0 -999.0 142.98272595416728 0.11015909191062903 142.9871450056782 -0.00010749568882066447 56.90451529611693 170.9331352238034 -999.0 6231.0 -999.0 -1 -999 {-999.0 -999.0 -999.0 -999.0 -999.0} "" -999.0 -999.0 -999.0 -999.0 -999 -999 "" "" "" "" 0 0 0.0 0.0 -999 ""
FIBERMAP 489 R-5C2 APOGEE 0 0 0 1 0 0 -225.44781868157725 -104.48014712198035 143.1 -240.87675054434533 60.80680169773685 221.57613 106.53132 -999.0 -999.0 -999.0 -999.0 -999.0 141.0528838633761 -0.46971862342803633 141.05672089851862 -0.5768571902263024 56.5360784369873 174.54329283218192 -999.0 16600.0 -999.0 2 -999 {-999.0 -999.0 -999.0 -999.0 -999.0} "" -999.0 -999.0 -999.0 -999.0 -999 -999 "" "" "" "" 0 0 0.0 0.0 -999 ""
FIBERMAP 489 R-5C2 BOSS 1 1 0 1 0 0 -226.0751740983068 -104.09650898662782 143.1 -241.12242779286657 61.49975752153376 221.57613 106.53132 141.05176967061334 -0.4667217693528112 -0.6636003 1.2692252 0.19868249 141.0517803842933 -0.46671746900133965 141.05561172838492 -0.5737204982688964 56.539293766115634 174.54484304370354 5400.0 5400.0 2016.0 1 487 {-999.0 17.850603 17.47226 17.333534 -999.0} sdss_psfmag 17.789696 17.486784 17.021524 16.044 63050395170947292 977051718 "" ops_std_boss ops_std standard_boss 0 0 0.0 0.0 -999 ""
FIBERMAP 489 R-5C2 METROLOGY 0 0 0 1 0 0 -225.42440389265963 -103.73441678990866 143.1 -240.38902581498414 61.37122396631649 221.57613 106.53132 -999.0 -999.0 -999.0 -999.0 -999.0 141.05506007733084 -0.46724689616088955 141.05889306533038 -0.5742932398845845 56.538460409941486 174.5389942642778 -999.0 6231.0 -999.0 -1 -999 {-999.0 -999.0 -999.0 -999.0 -999.0} "" -999.0 -999.0 -999.0 -999.0 -999 -999 "" "" "" "" 0 0 0.0 0.0 -999 ""
FIBERMAP 493 R+8C15 APOGEE 1 1 0 1 0 0 119.73318986476882 174.66709946806142 143.1 202.9667281428435 60.265197846454434 128.99031 41.589867 143.06441085604226 -0.4685322370573076 4.573849 0.06100491 1.357077 143.0643926244296 -0.4685209353888688 143.06789828313265 -0.5788537667019391 56.320172004718046 170.92709880194576 16000.0 16600.0 2016.0 2 78 {-999.0 12.65124 12.324585 12.236431 -999.0} sdss_psfmag_from_g3xp 12.607839 12.336374 11.908159 11.193 63050395170966041 946401489 bright_1x1 openfibertargets_nov2020_9 open_fiber science 0 0 0.0 0.0 -999 ""
FIBERMAP 493 R+8C15 BOSS 0 0 0 1 0 0 120.46700523900019 174.54171814489237 143.1 203.4576948003476 59.70578378339935 128.99031 41.589867 -999.0 -999.0 -999.0 -999.0 -999.0 143.06667309138535 -0.47118073080797546 143.07015612479177 -0.5813814674115287 56.31736719027724 170.92366817688648 -999.0 5400.0 -999.0 1 230 {-999.0 -999.0 -999.0 -999.0 -999.0} "" -999.0 -999.0 -999.0 -999.0 -999 -999 "" "" "" "" 0 0 0.0 0.0 -999 ""
FIBERMAP 493 R+8C15 METROLOGY 0 0 0 1 0 0 119.99408334576243 173.96580308570677 143.1 202.7277862894831 59.55627365789906 128.99031 41.589867 -999.0 -999.0 -999.0 -999.0 -999.0 143.0633797103207 -0.4718201348609598 143.06686741466126 -0.5820538235914391 56.317136873277335 170.92970621465298 -999.0 6231.0 -999.0 -1 -999 {-999.0 -999.0 -999.0 -999.0 -999.0} "" -999.0 -999.0 -999.0 -999.0 -999 -999 "" "" "" "" 0 0 0.0 0.0 -999 ""
FIBERMAP 495 R+5C10 APOGEE 0 0 0 1 0 0 -41.72332979472997 110.51995544809131 143.1 37.18344798831535 112.10495630926705 140.3042 96.351585 -999.0 -999.0 -999.0 -999.0 -999.0 142.31245397779904 -0.23304347297645828 142.31646149829606 -0.3422630147096189 56.64754256000912 172.22480003272884 -999.0 16600.0 -999.0 2 7 {-999.0 -999.0 -999.0 -999.0 -999.0} "" -999.0 -999.0 -999.0 -999.0 -999 -999 "" "" "" "" 0 0 0.0 0.0 -999 ""
FIBERMAP 495 R+5C10 BOSS 1 1 0 1 0 0 -41.300342217402275 111.14205241216507 143.1 37.903653301121025 112.321773738419 140.3042 96.351585 142.315734880394 -0.23213182302655008 -999.0 -999.0 -999.0 142.31576042557975 -0.23213921433904228 142.31975351250247 -0.3412306720596479 56.648193547987006 172.21863750176442 5400.0 5400.0 2016.0 1 129 {-999.0 21.042385 19.454105 18.833809 -999.0} sdss_psfmag 20.419767 21.67757 18.369802 15.614 63050395170990143 1116002401 bright_1x1 openfibertargets_bhm_racsradio_boss open_fiber science 0 0 0.0 0.0 -999 ""
FIBERMAP 495 R+5C10 METROLOGY 0 0 0 1 0 0 -40.97857475660144 110.46830317400587 143.1 37.72933342166304 111.59591525969806 140.3042 96.351585 -999.0 -999.0 -999.0 -999.0 -999.0 142.31496779254138 -0.23540707789451104 142.31896013248956 -0.3445342451373812 56.645001763628244 172.22075512988144 -999.0 6231.0 -999.0 -1 -999 {-999.0 -999.0 -999.0 -999.0 -999.0} "" -999.0 -999.0 -999.0 -999.0 -999 -999 "" "" "" "" 0 0 0.0 0.0 -999 ""
FIBERMAP 501 R+6C19 APOGEE 0 0 0 1 0 0 188.78161182187827 129.9823600211848 143.1 228.45740517790418 -17.914304303123426 81.43793 88.054184 -999.0 -999.0 -999.0 -999.0 -999.0 143.17983162790375 -0.8229116921016894 143.18276153630052 -0.9333269839768609 55.95354031603939 170.8077333821524 -999.0 16600.0 -999.0 2 34 {-999.0 -999.0 -999.0 -999.0 -999.0} "" -999.0 -999.0 -999.0 -999.0 -999 -999 "" ops_sky_apogee_best_unassigned ops_sky sky_apogee 0 0 0.0 0.0 -999 ""
FIBERMAP 501 R+6C19 BOSS 1 1 0 1 0 0 189.5072571241343 129.83514989033063 143.1 228.9282823813182 -18.48552733915341 81.43793 88.054184 143.1820158460232 -0.8256554451746982 -0.52840817 -0.88729805 0.26625103 143.18199927891857 -0.8256345582067331 143.18490602435855 -0.9359157005120965 55.95068695948927 170.8045596772058 5400.0 5400.0 2016.0 1 195 {-999.0 18.561241 18.13855 18.029219 -999.0} sdss_psfmag 18.45761 18.146765 17.681435 -999.0 63050395170963878 944389797 bright_1x1 openfibertargets_nov2020_6c open_fiber science 0 0 0.0 0.0 -999 ""
FIBERMAP 501 R+6C19 METROLOGY 0 0 0 1 0 0 189.0111299018565 129.27289090224676 143.1 228.18895002506682 -18.6098206465927 81.43793 88.054184 -999.0 -999.0 -999.0 -999.0 -999.0 143.17867320213367 -0.8261676851138706 143.18158489489014 -0.936482295791279 55.95057163337868 170.81057264406937 -999.0 6231.0 -999.0 -1 -999 {-999.0 -999.0 -999.0 -999.0 -999.0} "" -999.0 -999.0 -999.0 -999.0 -999 -999 "" "" "" "" 0 0 0.0 0.0 -999 ""
FIBERMAP 506 R+6C10 APOGEE 0 0 0 1 0 0 -2.186104231825915 111.90685153726803 143.1 68.76293874646703 88.28795473866667 46.852577 41.648674 -999.0 -999.0 -999.0 -999.0 -999.0 142.4563699115307 -0.34113929471411303 142.46018011324583 -0.4505567414408086 56.52337663267089 171.98828383118203 -999.0 16600.0 -999.0 2 -999 {-999.0 -999.0 -999.0 -999.0 -999.0} "" -999.0 -999.0 -999.0 -999.0 -999 -999 "" "" "" "" 0 0 0.0 0.0 -999 ""
FIBERMAP 506 R+6C10 BOSS 1 1 0 1 0 0 -2.1773458478552605 111.15042740976577 143.1 68.29346782194997 87.69496978675117 46.852577 41.648674 142.45435611034534 -0.34393698034919495 -17.718405 5.226564 1.4134456 142.45429053007226 -0.3439285409483955 142.45808081837976 -0.45320782792656794 56.520989775053316 171.9926263575662 5400.0 5400.0 2016.0 1 128 {-999.0 15.311252 14.627392 14.426605 -999.0} sdss_psfmag_from_g3xp 15.131039 14.689652 14.086492 12.967 63050395170988603 1095965971 bright_1x1 mwm_bin_vis_boss mwm_filler science 0 0 0.0 0.0 -999 ""
FIBERMAP 506 R+6C10 METROLOGY 0 0 0 1 0 0 -2.826256490758656 111.52361914576764 143.1 68.02447244545307 88.39338448383295 46.852577 41.648674 -999.0 -999.0 -999.0 -999.0 -999.0 142.4530479255894 -0.3407245209889148 142.45684802011203 -0.4500407377032691 56.52427945606546 171.99417332859204 -999.0 6231.0 -999.0 -1 -999 {-999.0 -999.0 -999.0 -999.0 -999.0} "" -999.0 -999.0 -999.0 -999.0 -999 -999 "" "" "" "" 0 0 0.0 0.0 -999 ""
FIBERMAP 507 R+1C26 APOGEE 0 0 0 1 0 0 262.8678914381216 5.243341053089173 143.1 207.4555094401183 -161.4393040169135 294.43082 20.269445 -999.0 -999.0 -999.0 -999.0 -999.0 143.08415372075234 -1.4723398844321667 143.08607682493755 -1.58242845079814 55.32288191936042 171.12933513877653 -999.0 16600.0 -999.0 2 42 {-999.0 -999.0 -999.0 -999.0 -999.0} "" -999.0 -999.0 -999.0 -999.0 -999 -999 "" "" "" "" 0 0 0.0 0.0 -999 ""
FIBERMAP 507 R+1C26 BOSS 1 1 0 1 0 0 262.3780605570222 5.77999565779262 143.1 207.41298436650928 -160.71409987210856 294.43082 20.269445 143.0840461541369 -1.4691944476076049 -14.525211 -23.236109 0.52611524 143.08400840272523 -1.469226042394596 143.0859180928207 -1.5791751706328512 55.32612829423202 171.1288699020805 5400.0 5400.0 2016.0 1 175 {-999.0 14.926976 14.40953 14.202116 -999.0} sdss_psfmag_from_g3xp 14.808215 14.421769 13.862261 12.749 63050395170959746 1072530604 bright_1x1 mwm_halo_local_high_boss_single mwm_halo science 0 0 0.0 0.0 -999 ""
FIBERMAP 507 R+1C26 METROLOGY 0 0 0 1 0 0 263.09613949289405 5.9677398200332785 143.1 208.0888850228281 -161.02041944591758 294.43082 20.269445 -999.0 -999.0 -999.0 -999.0 -999.0 143.08702149813297 -1.470533191658187 143.08893391292833 -1.580526311770783 55.32439739322678 171.12392390368635 -999.0 6231.0 -999.0 -1 -999 {-999.0 -999.0 -999.0 -999.0 -999.0} "" -999.0 -999.0 -999.0 -999.0 -999 -999 "" "" "" "" 0 0 0.0 0.0 -999 ""
FIBERMAP 514 R+11C3 APOGEE 1 1 0 1 0 0 -137.08570719632593 225.0412870364394 143.1 35.22800408099882 261.0907067886808 173.91302 75.239174 142.3015735056454 0.43815808508598175 -7.0745068 -4.800533 0.47790563 142.3015562072404 0.43812922852207076 142.30663892032493 0.3287492169317294 57.315256049051484 172.10151587080193 16000.0 16600.0 2016.0 2 133 {-999.0 12.887295 12.057933 11.762417 -999.0} sdss_psfmag_from_g3xp 12.642031 12.100062 11.410274 9.976 63050395170997801 1068762338 bright_12x1 mwm_bin_rv_long_apogee mwm_bin science 0 0 0.0 0.0 -999 ""
FIBERMAP 514 R+11C3 BOSS 0 0 0 1 0 0 -136.85541905596963 225.74525877299004 143.1 35.850102453013214 261.4924423662909 173.91302 75.239174 -999.0 -999.0 -999.0 -999.0 -999.0 142.30437982599958 0.43979721807991295 142.30944950181856 0.33054246131606874 57.316712389003726 172.09596225330523 -999.0 5400.0 -999.0 1 5 {-999.0 -999.0 -999.0 -999.0 -999.0} "" -999.0 -999.0 -999.0 -999.0 -999 -999 "" "" "" "" 0 0 0.0 0.0 -999 ""
FIBERMAP 514 R+11C3 METROLOGY 0 0 0 1 0 0 -136.3535156225955 225.1955384797782 143.1 35.893776922987215 260.7494895335262 173.91302 75.239174 -999.0 -999.0 -999.0 -999.0 -999.0 142.3045849031344 0.4365203809004276 142.30965359105664 0.32722928702293774 57.31339784035884 172.0962963055642 -999.0 6231.0 -999.0 -1 -999 {-999.0 -999.0 -999.0 -999.0 -999.0} "" -999.0 -999.0 -999.0 -999.0 -999 -999 "" "" "" "" 0 0 0.0 0.0 -999 ""
FIBERMAP 515 R+3C19 APOGEE 0 0 0 1 0 0 133.8519306252659 49.3211159759008 143.1 135.00938736722983 -45.97338030805953 227.36633 106.46903 -999.0 -999.0 -999.0 -999.0 -999.0 142.75845729503362 -0.9515355563260751 142.7612491090864 -1.0612612584620285 55.88092234488843 171.5829314050311 -999.0 16600.0 -999.0 2 -999 {-999.0 -999.0 -999.0 -999.0 -999.0} "" -999.0 -999.0 -999.0 -999.0 -999 -999 "" "" "" "" 0 0 0.0 0.0 -999 ""
FIBERMAP 515 R+3C19 BOSS 1 1 0 1 0 0 133.1829372586352 49.62691041003391 143.1 134.68235904141005 -45.31466431305229 227.36633 106.46903 142.7570902180366 -0.9486942344036866 -8.9592085 -5.882272 0.41089782 142.7570446801798 -0.9487007075224902 142.75982416634952 -1.0582876766062483 55.88404868442602 171.584799562238 5400.0 5400.0 2016.0 1 217 {-999.0 16.10225 15.7287035 15.575938 -999.0} sdss_psfmag 16.038172 15.737999 15.2543335 14.306 63050395170962255 979529540 "" ops_std_boss ops_std standard_boss 0 0 0.0 0.0 -999 ""
FIBERMAP 515 R+3C19 METROLOGY 0 0 0 1 0 0 133.785033922978 50.06420871017748 143.1 135.42531171687898 -45.354142999535576 227.36633 106.46903 -999.0 -999.0 -999.0 -999.0 -999.0 142.7603969398943 -0.9488279760733194 142.76318053524483 -1.058459052279663 55.88346543679492 171.57889954768666 -999.0 6231.0 -999.0 -1 -999 {-999.0 -999.0 -999.0 -999.0 -999.0} "" -999.0 -999.0 -999.0 -999.0 -999 -999 "" "" "" "" 0 0 0.0 0.0 -999 ""
FIBERMAP 533 R+1C3 APOGEE 0 0 0 1 0 0 -254.34664999155652 10.70095733214858 143.1 -190.79843070633504 168.45701356234144 262.98712 45.009594 -999.0 -999.0 -999.0 -999.0 -999.0 141.27921176346575 0.017816437114920817 141.28380729023746 -0.0898182702334545 57.00245227304899 174.0561354160392 -999.0 16600.0 -999.0 2 104 {-999.0 -999.0 -999.0 -999.0 -999.0} "" -999.0 -999.0 -999.0 -999.0 -999 -999 "" ops_sky_apogee_best_unassigned ops_sky sky_apogee 0 0 0.0 0.0 -999 ""
FIBERMAP 533 R+1C3 BOSS 1 1 0 1 0 0 -254.81623900725057 11.269697317103518 143.1 -190.80503294707498 169.1943915050217 262.98712 45.009594 141.27929433997298 0.021105143285039065 -38.2007 -28.002747 3.6097846 141.2791993814691 0.021012611797305167 141.28378857953493 -0.08649081884083712 57.00576871373672 174.0556375703208 5400.0 5400.0 2016.0 1 61 {-999.0 19.286528 17.836714 16.35522 -999.0} sdss_psfmag 18.706036 17.096582 15.875585 13.517 63050395170994755 938614988 bright_1x1 openfibertargets_nov2020_34a open_fiber science 0 0 0.0 0.0 -999 ""
FIBERMAP 533 R+1C3 METROLOGY 0 0 0 1 0 0 -254.07575125435025 11.397054772985204 143.1 -190.14975041320312 168.82706367790175 262.98712 45.009594 -999.0 -999.0 -999.0 -999.0 -999.0 141.28213240878438 0.019420161095802364 141.28672174455994 -0.08812502342790576 57.00388518200052 174.0505332804545 -999.0 6231.0 -999.0 -1 -999 {-999.0 -999.0 -999.0 -999.0 -999.0} "" -999.0 -999.0 -999.0 -999.0 -999 -999 "" "" "" "" 0 0 0.0 0.0 -999 ""
FIBERMAP 544 R-6C19 APOGEE 0 0 0 1 0 0 195.57442391252945 -114.04380385275402 143.1 80.0849441585586 -211.7121519774921 33.800224 88.37075 -999.0 -999.0 -999.0 -999.0 -999.0 142.50880687992853 -1.70270851033708 142.51044038926096 -1.8118364399229927 55.165437782195944 172.18022938570948 -999.0 16600.0 -999.0 2 229 {-999.0 -999.0 -999.0 -999.0 -999.0} "" -999.0 -999.0 -999.0 -999.0 -999 -999 "" ops_sky_apogee_best_unassigned ops_sky sky_apogee 0 0 0.0 0.0 -999 ""
FIBERMAP 544 R-6C19 BOSS 1 1 0 1 0 0 195.98561644578817 -114.65519845476773 143.1 80.0193363201046 -212.44588864532153 33.800224 88.37075 142.50851790639402 -1.7061502144464342 6.1465387 -9.144489 0.8862193 142.5085332613354 -1.706180886205048 142.51014500027048 -1.8151662180328891 55.162163679073366 172.18141002105753 5400.0 5400.0 2016.0 1 277 {-999.0 14.86087 14.479625 14.365193 -999.0} sdss_psfmag_from_g3xp 14.793902 14.495407 14.036171 13.26 63050395170906453 979134658 "" ops_std_boss ops_std standard_boss 0 0 0.0 0.0 -999 ""
FIBERMAP 544 R-6C19 METROLOGY 0 0 0 1 0 0 195.24241934640875 -114.7072417439289 143.1 79.40937022424505 -212.0183628069169 33.800224 88.37075 -999.0 -999.0 -999.0 -999.0 -999.0 142.50576702300455 -1.704228797005991 142.5073868397144 -1.8132503549075834 55.16438238090119 172.18582054686354 -999.0 6231.0 -999.0 -1 -999 {-999.0 -999.0 -999.0 -999.0 -999.0} "" -999.0 -999.0 -999.0 -999.0 -999 -999 "" "" "" "" 0 0 0.0 0.0 -999 ""
FIBERMAP 546 R-12C1 APOGEE 0 0 0 1 0 0 -169.1823319697736 -247.25240598385685 143.1 -287.0734183588925 -85.50291918812107 272.83017 65.83139 -999.0 -999.0 -999.0 -999.0 -999.0 140.84864432865388 -1.1312857943892838 140.85142623500025 -1.2379140163225486 55.8926883248385 175.00242035537067 -999.0 16600.0 -999.0 2 296 {-999.0 -999.0 -999.0 -999.0 -999.0} "" -999.0 -999.0 -999.0 -999.0 -999 -999 "" "" "" "" 0 0 0.0 0.0 -999 ""
FIBERMAP 546 R-12C1 BOSS 1 1 0 1 0 0 -169.87263318497205 -247.00638184537692 143.1 -287.45462886713744 -84.87720706126342 272.83017 65.83139 140.84684649182253 -1.1285654261064904 -67.35293 -5.964462 9.470881 140.8469753581414 -1.1285881065172638 140.84975181160507 -1.235076414487547 55.89564092712801 175.0050271333716 5400.0 5400.0 2016.0 1 429 {-999.0 14.805087 13.4161215 12.729371 -999.0} sdss_psfmag_from_g3xp 14.242673 13.308886 12.352704 10.483 63050395170938522 1075907484 bright_1x1 mwm_erosita_stars_boss mwm_erosita science 0 0 1.1152185201644897 0.0 -999 ""
FIBERMAP 546 R-12C1 METROLOGY 0 0 0 1 0 0 -169.31582877416628 -246.5163204018298 143.1 -286.7136303765753 -84.84718999822468 272.83017 65.83139 -999.0 -999.0 -999.0 -999.0 -999.0 140.850250886503 -1.1284291709926186 140.8530299964138 -1.2349619514959933 55.89551493281148 174.99918268309 -999.0 6231.0 -999.0 -1 -999 {-999.0 -999.0 -999.0 -999.0 -999.0} "" -999.0 -999.0 -999.0 -999.0 -999 -999 "" "" "" "" 0 0 0.0 0.0 -999 ""
FIBERMAP 548 R+1C14 APOGEE 0 0 0 1 0 0 6.084680397509283 35.1455470930176 143.1 26.854571941504847 23.4643458922494 130.49348 89.57634 -999.0 -999.0 -999.0 -999.0 -999.0 142.26625129553972 -0.6363714006404527 142.26962154317619 -0.7454096792848055 56.25222932166276 172.39111546338137 -999.0 16600.0 -999.0 2 13 {-999.0 -999.0 -999.0 -999.0 -999.0} "" -999.0 -999.0 -999.0 -999.0 -999 -999 "" ops_sky_apogee_best_unassigned ops_sky sky_apogee 0 0 0.0 0.0 -999 ""
FIBERMAP 548 R+1C14 BOSS 1 1 0 1 0 0 6.654896735837456 35.61218824645012 143.1 27.591240396607443 23.46772913336826 130.49348 89.57634 142.26967248784902 -0.6364854717886301 0.28550464 0.20349948 -0.03644908 142.26963805008057 -0.6364732293571617 142.27299238361957 -0.7453812293763074 56.2518821330827 172.38508035432284 5400.0 5400.0 2016.0 1 96 {-999.0 19.082676 18.838028 18.61976 18.443853} sdss_psfmag_from_gaiadr2 19.168293 18.867983 18.371513 -999.0 63050395170985285 1057663133 bright_flexible_2x1 bhm_gua_bright bhm_filler science 0 0 0.0 0.0 -999 ""
FIBERMAP 548 R+1C14 METROLOGY 0 0 0 1 0 0 6.785365412035569 34.88812258378909 143.1 27.236668837173788 22.823241734560497 130.49348 89.57634 -999.0 -999.0 -999.0 -999.0 -999.0 142.26802055040145 -0.6393759982628241 142.27137481321046 -0.7483190771530553 56.24914277911555 172.38856272929846 -999.0 6231.0 -999.0 -1 -999 {-999.0 -999.0 -999.0 -999.0 -999.0} "" -999.0 -999.0 -999.0 -999.0 -999 -999 "" "" "" "" 0 0 0.0 0.0 -999 ""
FIBERMAP 550 R+1C1 APOGEE 1 1 0 1 0 0 -274.3585463338257 13.770941231486042 143.1 -204.4075220471835 183.44153212464178 245.39055 168.86577 141.21855312554095 0.08462627034728851 16.460346 -16.043156 1.4029384 141.21860659854318 0.08457339209422524 141.22332211775046 -0.022980787871957238 57.074262787063056 174.1562831381812 16000.0 16600.0 2016.0 2 141 {-999.0 12.947735 12.339008 12.118704 -999.0} sdss_psfmag_from_g3xp 12.798363 12.36988 11.776014 10.622 63050395170994894 1113930784 bright_1x1 openfibertargets_mwm_subgiant_nataf24_apogee open_fiber science 0 0 0.0 0.0 -999 ""
FIBERMAP 550 R+1C1 BOSS 0 0 0 1 0 0 -274.7715405277835 13.171699987799318 143.1 -205.10557526384508 183.23617318609854 245.39055 168.86577 -999.0 -999.0 -999.0 -999.0 -999.0 141.2154867340639 0.08348790894677402 141.22018973506027 -0.023929156761478162 57.07358593997524 174.16217405542764 -999.0 5400.0 -999.0 1 12 {-999.0 -999.0 -999.0 -999.0 -999.0} "" -999.0 -999.0 -999.0 -999.0 -999 -999 "" "" "" "" 0 0 0.0 0.0 -999 ""
FIBERMAP 550 R+1C1 METROLOGY 0 0 0 1 0 0 -275.1011038304371 13.850235609271746 143.1 -204.93429627168973 183.97065752349087 245.39055 168.86577 -999.0 -999.0 -999.0 -999.0 -999.0 141.21627537474077 0.08682687606656928 141.2209868929114 -0.020629700836681225 57.076805110272865 174.16019354665053 -999.0 6231.0 -999.0 -1 -999 {-999.0 -999.0 -999.0 -999.0 -999.0} "" -999.0 -999.0 -999.0 -999.0 -999 -999 "" "" "" "" 0 0 0.0 0.0 -999 ""
FIBERMAP 554 R-2C23 APOGEE 0 0 0 1 0 0 213.30892484030403 -46.86244514750801 143.1 136.158200352261 -170.70263102363424 218.14514 116.64944 -999.0 -999.0 -999.0 -999.0 -999.0 142.7629919295219 -1.5166372061831206 142.76488803453287 -1.6262144657126467 55.31976364792577 171.6988181472713 -999.0 16600.0 -999.0 2 197 {-999.0 -999.0 -999.0 -999.0 -999.0} "" -999.0 -999.0 -999.0 -999.0 -999 -999 "" ops_sky_apogee_best_unassigned ops_sky sky_apogee 0 0 0.0 0.0 -999 ""
FIBERMAP 554 R-2C23 BOSS 1 1 0 1 0 0 212.65086400934888 -46.51983806946863 143.1 135.86284131060395 -170.0222083380311 218.14514 116.64944 142.76168813008834 -1.5136410781073677 3.4364223 -30.614237 3.2443883 142.7617107308653 -1.5137524484820308 142.76359441214544 -1.6231882670006554 55.322924484114964 171.7004281136848 5400.0 5400.0 2016.0 1 310 {-999.0 20.591175 19.142965 17.684366 -999.0} sdss_psfmag 19.940414 18.408077 17.18887 14.858 63050395170959064 1094584579 bright_1x1 mwm_bin_vis_boss mwm_filler science 0 0 0.0 0.0 -999 ""
FIBERMAP 554 R-2C23 METROLOGY 0 0 0 1 0 0 213.2612861749027 -46.09220342646644 143.1 136.6061753139607 -170.07443426971906 218.14514 116.64944 -999.0 -999.0 -999.0 -999.0 -999.0 142.7650584531707 -1.5139186461685914 142.76694628165438 -1.623399382493307 55.322307939983865 171.6946278844748 -999.0 6231.0 -999.0 -1 -999 {-999.0 -999.0 -999.0 -999.0 -999.0} "" -999.0 -999.0 -999.0 -999.0 -999 -999 "" "" "" "" 0 0 0.0 0.0 -999 ""
FIBERMAP 565 R+8C3 APOGEE 1 1 0 1 0 0 -169.5831529913021 138.2247031678017 143.1 -44.67384271344788 214.12696046806275 294.53836 40.866665 141.93994476779915 0.22728324949149895 -4.8565845 5.0822983 1.0513206 141.93993591285096 0.22733649766297095 141.94474963453587 0.11858579070853391 57.14633092583893 172.80890654678328 16000.0 16600.0 2016.0 2 137 {-999.0 12.414871 12.21089 12.168085 -999.0} sdss_psfmag_from_g3xp 12.411215 12.199056 11.8419285 11.211 63050395170997186 946401541 bright_1x1 openfibertargets_nov2020_9 open_fiber science 0 0 0.0 0.0 -999 ""
FIBERMAP 565 R+8C3 BOSS 0 0 0 1 0 0 -170.26823020596606 138.5100859832732 143.1 -45.026214344556294 214.7799509485758 294.53836 40.866665 -999.0 -999.0 -999.0 -999.0 -999.0 141.93834555145335 0.23017290653113331 141.94315026490227 0.1215551317606715 57.14945209988583 172.81126238844917 -999.0 5400.0 -999.0 1 25 {-999.0 -999.0 -999.0 -999.0 -999.0} "" -999.0 -999.0 -999.0 -999.0 -999 -999 "" "" "" "" 0 0 0.0 0.0 -999 ""
FIBERMAP 565 R+8C3 METROLOGY 0 0 0 1 0 0 -169.67689027893908 138.97319966530122 143.1 -44.27536146305037 214.76729440409233 294.53836 40.866665 -999.0 -999.0 -999.0 -999.0 -999.0 141.9417467673769 0.23015713964377632 141.94655473939076 0.1214967844601462 57.14903568170351 172.80503252190067 -999.0 6231.0 -999.0 -1 -999 {-999.0 -999.0 -999.0 -999.0 -999.0} "" -999.0 -999.0 -999.0 -999.0 -999 -999 "" "" "" "" 0 0 0.0 0.0 -999 ""
FIBERMAP 566 R+8C7 APOGEE 0 0 0 1 0 0 -79.68009755456266 141.1968237806182 143.1 27.019956977603183 159.82889132033728 267.47897 71.97378 -999.0 -999.0 -999.0 -999.0 -999.0 142.26571162790844 -0.01680417622001066 142.27007327863174 -0.12600744835467723 56.86766517191719 172.26410907715825 -999.0 16600.0 -999.0 2 -999 {-999.0 -999.0 -999.0 -999.0 -999.0} "" -999.0 -999.0 -999.0 -999.0 -999 -999 "" "" "" "" 0 0 0.0 0.0 -999 ""
FIBERMAP 566 R+8C7 BOSS 1 1 0 1 0 0 -80.35217051062413 141.44874412921374 143.1 26.65661576668461 160.44770549170272 267.47897 71.97378 142.2640428552215 -0.014064864838737487 2.5236182 8.889246 2.6170647 142.2640782375529 -0.014083029307970708 142.26842945602294 -0.12315200993710733 56.870688298683454 172.26650610968892 5400.0 5400.0 2016.0 1 103 {-999.0 21.640236 20.079391 18.611385 -999.0} sdss_psfmag 21.035206 19.339893 18.105064 15.876 63050395170990693 1094502936 bright_1x1 mwm_bin_vis_boss mwm_filler science 0 0 0.0 0.0 -999 ""
FIBERMAP 566 R+8C7 METROLOGY 0 0 0 1 0 0 -79.81018045992047 141.9314940592095 143.1 27.381505207261764 160.48137180780782 267.47897 71.97378 -999.0 -999.0 -999.0 -999.0 -999.0 142.26736589666692 -0.01390158842346351 142.2717210765132 -0.12301334514647713 56.8704534694878 172.26049337570092 -999.0 6231.0 -999.0 -1 -999 {-999.0 -999.0 -999.0 -999.0 -999.0} "" -999.0 -999.0 -999.0 -999.0 -999 -999 "" "" "" "" 0 0 0.0 0.0 -999 ""
FIBERMAP 572 R+10C5 APOGEE 0 0 1 1 0 0 -88.95391668414737 201.6189647008912 143.1 57.86157439743559 212.59437643642542 9.323963 170.35168 -999.0 -999.0 -999.0 -999.0 -999.0 142.40489674393956 0.22105393657706615 142.40961277516362 0.11156795592616921 57.087550502644575 171.95945870638988 -999.0 16600.0 -999.0 2 -999 {-999.0 -999.0 -999.0 -999.0 -999.0} "" -999.0 -999.0 -999.0 -999.0 -999 -999 "" "" "" "" 0 0 0.0 0.0 -999 ""
FIBERMAP 572 R+10C5 BOSS 1 0 1 1 0 0 -88.20386310063643 201.62318312335614 143.1 58.44675319039248 212.12539072337407 9.323963 170.35168 142.33659599045208 0.1552802797585919 2.0996847 -17.436485 0.7359151 142.40758393279725 0.2188533280594072 142.41228038724103 0.10949497534921979 57.08517807552461 171.95503229943944 5400.0 5400.0 2016.0 1 146 {-999.0 15.691521 15.310716 15.176516 -999.0} sdss_psfmag 15.621874 15.319918 14.8415785 13.997 63050395170991028 978211702 "" ops_std_boss ops_std standard_boss 0 0 0.0 0.0 -999 ""
FIBERMAP 572 R+10C5 METROLOGY 0 0 1 1 0 0 -88.57359100742067 200.97708125342257 143.1 57.752797155701245 211.85639579943026 9.323963 170.35168 -999.0 -999.0 -999.0 -999.0 -999.0 142.4044377893215 0.2176773228851141 142.40913737771814 0.10828703955412251 57.08434826423636 171.96103762437576 -999.0 6231.0 -999.0 -1 -999 {-999.0 -999.0 -999.0 -999.0 -999.0} "" -999.0 -999.0 -999.0 -999.0 -999 -999 "" "" "" "" 0 0 0.0 0.0 -999 ""
FIBERMAP 575 R+3C14 APOGEE 0 0 0 1 0 0 44.54051393093566 58.56488777592787 143.1 71.46666365795838 17.439539468770086 345.2371 133.26828 -999.0 -999.0 -999.0 -999.0 -999.0 142.46942306292664 -0.663518088976404 142.47271739137165 -0.7728692536599171 56.201807803225165 172.0338116558438 -999.0 16600.0 -999.0 2 24 {-999.0 -999.0 -999.0 -999.0 -999.0} "" -999.0 -999.0 -999.0 -999.0 -999 -999 "" ops_sky_apogee_best_unassigned ops_sky sky_apogee 0 0 0.0 0.0 -999 ""
FIBERMAP 575 R+3C14 BOSS 1 1 0 1 0 0 44.89636850793021 57.9226140829156 143.1 71.33863543216496 16.716663674646888 345.2371 133.26828 142.46890037614116 -0.666958875708518 -5.0525813 -2.891749 0.39844152 142.46890064396817 -0.666937824393364 142.47217367418818 -0.7761514479916323 56.198611328398314 172.03546987444903 5400.0 5400.0 2016.0 1 97 {-999.0 17.660154 17.267529 17.102167 -999.0} sdss_psfmag 17.579153 17.26332 16.77293 15.906 63050395170985079 944390126 bright_1x1 openfibertargets_nov2020_6c open_fiber science 0 0 0.0 0.0 -999 ""
FIBERMAP 575 R+3C14 METROLOGY 0 0 0 1 0 0 44.149869799430746 57.92178897357122 143.1 70.75835405997697 17.1860464925194 345.2371 133.26828 -999.0 -999.0 -999.0 -999.0 -999.0 142.46624441571888 -0.66476698204565 142.46952585229224 -0.7740155074703604 56.20104114883301 172.0397494746124 -999.0 6231.0 -999.0 -1 -999 {-999.0 -999.0 -999.0 -999.0 -999.0} "" -999.0 -999.0 -999.0 -999.0 -999 -999 "" "" "" "" 0 0 0.0 0.0 -999 ""
FIBERMAP 577 R+6C15 APOGEE 0 0 0 1 0 0 101.50266346168397 105.8666471498318 143.1 145.48879582985563 18.310537927612163 339.75314 93.98124 -999.0 -999.0 -999.0 -999.0 -999.0 142.80552985682993 -0.659108803143371 142.8087772586403 -0.7689875141865039 56.16503217168485 171.43360859780108 -999.0 16600.0 -999.0 2 36 {-999.0 -999.0 -999.0 -999.0 -999.0} "" -999.0 -999.0 -999.0 -999.0 -999 -999 "" ops_sky_apogee_best_unassigned ops_sky sky_apogee 0 0 0.0 0.0 -999 ""
FIBERMAP 577 R+6C15 BOSS 1 1 0 1 0 0 101.31236167223318 105.14747397608036 143.1 144.88818112011973 17.87181937473534 339.75314 93.98124 142.80282159317906 -0.6611698086381578 13.669738 -22.868929 1.338302 142.80288841484403 -0.6612357341808585 142.80611573482594 -0.7709739179225856 56.163394670569225 171.43879719495112 5400.0 5400.0 2016.0 1 188 {-999.0 17.72649 16.372046 15.757706 -999.0} sdss_psfmag 17.179346 16.302 15.3747 13.518 63050395170963059 938614358 bright_1x1 openfibertargets_nov2020_34a open_fiber science 0 0 0.0 0.0 -999 ""
FIBERMAP 577 R+6C15 METROLOGY 0 0 0 1 0 0 100.7721780386914 105.67235024012012 143.1 144.79913392518745 18.619579956399328 339.75314 93.98124 -999.0 -999.0 -999.0 -999.0 -999.0 142.80246175278907 -0.6577986672438149 142.80569943931624 -0.7675756228084657 56.16681834190464 171.43877483656632 -999.0 6231.0 -999.0 -1 -999 {-999.0 -999.0 -999.0 -999.0 -999.0} "" -999.0 -999.0 -999.0 -999.0 -999 -999 "" "" "" "" 0 0 0.0 0.0 -999 ""
FIBERMAP 580 R+9C7 APOGEE 0 0 0 1 0 0 -44.28406771734661 167.00188163074637 143.1 70.75781541886235 157.58349913888023 336.83624 108.76501 -999.0 -999.0 -999.0 -999.0 -999.0 142.4643944743664 -0.026941622431047314 142.46870401201699 -0.13645559128679305 56.834286693304776 171.9055176922638 -999.0 16600.0 -999.0 2 29 {-999.0 -999.0 -999.0 -999.0 -999.0} "" -999.0 -999.0 -999.0 -999.0 -999 -999 "" ops_sky_apogee_best_unassigned ops_sky sky_apogee 0 0 0.0 0.0 -999 ""
FIBERMAP 580 R+9C7 BOSS 1 1 0 1 0 0 -44.33271481102668 166.26477732685066 143.1 70.25592550671568 157.04166340850895 336.83624 108.76501 142.46215559936468 -0.029469218237491032 -5.273752 -0.81455475 0.12431347 142.46216487537217 -0.029471207192721262 142.46645498895435 -0.13884844953529937 56.83217686895051 171.91011748295017 5400.0 5400.0 2016.0 1 118 {-999.0 18.604885 18.156525 18.001118 -999.0} sdss_psfmag 18.5558 18.199898 17.729641 -999.0 63050395170990468 978211698 "" ops_std_boss ops_std standard_boss 0 0 0.0 0.0 -999 ""
FIBERMAP 580 R+9C7 METROLOGY 0 0 0 1 0 0 -44.954030353785 166.68003531891048 143.1 70.03484812448416 157.7553735926528 336.83624 108.76501 -999.0 -999.0 -999.0 -999.0 -999.0 142.46113996264177 -0.02621606954675836 142.4654399289215 -0.1356301384740951 56.83549267855332 171.91126380161344 -999.0 6231.0 -999.0 -1 -999 {-999.0 -999.0 -999.0 -999.0 -999.0} "" -999.0 -999.0 -999.0 -999.0 -999 -999 "" "" "" "" 0 0 0.0 0.0 -999 ""
FIBERMAP 581 R-1C19 APOGEE 0 0 0 1 0 0 117.13575966780085 -26.584583397646668 143.1 74.23383580729859 -94.39976480707729 190.55078 149.55965 -999.0 -999.0 -999.0 -999.0 -999.0 142.48260584467792 -1.1724869205955357 142.4850873475291 -1.2817201922973993 55.69495485177355 172.11724308734227 -999.0 16600.0 -999.0 2 -999 {-999.0 -999.0 -999.0 -999.0 -999.0} "" -999.0 -999.0 -999.0 -999.0 -999 -999 "" "" "" "" 0 0 0.0 0.0 -999 ""
FIBERMAP 581 R-1C19 BOSS 1 1 0 1 0 0 116.42207998580274 -26.33649142061847 143.1 73.8357706011303 -93.75772675005497 190.55078 149.55965 142.48086879165848 -1.1697594922394519 -6.054777 2.475403 1.1012884 142.48084456081676 -1.169756139081693 142.48331459645152 -1.278848999718657 55.69801129205837 172.11977927160763 5400.0 5400.0 2016.0 1 296 {-999.0 13.899864 13.492149 13.376351 -999.0} sdss_psfmag_from_g3xp 13.828336 13.515878 13.043374 12.213 63050395170961379 979134873 "" ops_std_boss ops_std standard_boss 0 0 0.0 0.0 -999 ""
FIBERMAP 581 R-1C19 METROLOGY 0 0 0 1 0 0 116.98480402110343 -25.853916323500066 143.1 74.5766528325811 -93.73725111206751 190.55078 149.55965 -999.0 -999.0 -999.0 -999.0 -999.0 142.48420216895474 -1.1696058350271372 142.4866765071484 -1.2787432306423117 55.69772862491964 172.11383340059112 -999.0 6231.0 -999.0 -1 -999 {-999.0 -999.0 -999.0 -999.0 -999.0} "" -999.0 -999.0 -999.0 -999.0 -999 -999 "" "" "" "" 0 0 0.0 0.0 -999 ""
FIBERMAP 587 R-10C13 APOGEE 0 0 0 1 0 0 104.93543716705298 -194.67897258725668 143.1 -41.07998311646185 -217.26705648200908 16.69411 96.50836 -999.0 -999.0 -999.0 -999.0 -999.0 141.95930886984954 -1.7290237176146956 141.96096924423472 -1.8372765890926421 55.19916828981644 173.14131820939386 -999.0 16600.0 -999.0 2 -999 {-999.0 -999.0 -999.0 -999.0 -999.0} "" -999.0 -999.0 -999.0 -999.0 -999 -999 "" "" "" "" 0 0 0.0 0.0 -999 ""
FIBERMAP 587 R-10C13 BOSS 1 1 0 1 0 0 105.24929056907123 -195.35642466853216 143.1 -41.26278083128319 -217.99080775350924 16.69411 96.50836 141.95846557617188 -1.7324728160956226 -999.0 -999.0 -999.0 141.9584982124202 -1.73245332669879 141.96013889976695 -1.8405627184648699 55.19598215323232 173.14334332182952 5400.0 5400.0 2015.5 1 396 {-999.0 -999.0 -999.0 -999.0 -999.0} "" -999.0 -999.0 -999.0 -999.0 27021603143371005 812256970 "" ops_sky_boss_good ops_sky sky_boss 0 0 0.0 0.0 -999 ""
FIBERMAP 587 R-10C13 METROLOGY 0 0 0 1 0 0 104.50586440989555 -195.28899654319608 143.1 -41.79770113350226 -217.47035123578945 16.69411 96.50836 -999.0 -999.0 -999.0 -999.0 -999.0 141.95606184935176 -1.7300678643650311 141.95771073134586 -1.838214080894678 55.1985626150129 173.14716076675748 -999.0 6231.0 -999.0 -1 -999 {-999.0 -999.0 -999.0 -999.0 -999.0} "" -999.0 -999.0 -999.0 -999.0 -999 -999 "" "" "" "" 0 0 0.0 0.0 -999 ""
FIBERMAP 588 R+8C1 APOGEE 1 1 0 1 0 0 -218.43319740870174 142.65352924867292 143.1 -79.82425760341965 248.32439366165204 273.61377 46.422115 141.78110697196394 0.37974562973486364 -2.195524 -4.7046714 2.233623 141.78108731688903 0.37971770135024024 141.78617717129583 0.2711806064946586 57.31449752219534 173.07116687663367 16000.0 16600.0 2016.0 2 94 {-999.0 11.164918 10.986723 10.969741 -999.0} sdss_psfmag_from_g3xp 11.17002 10.979191 10.64721 10.179 63050395170997356 975012394 "" ops_std_apogee ops_std standard_apogee 0 0 0.0 0.0 -999 ""
FIBERMAP 588 R+8C1 BOSS 0 0 0 1 0 0 -218.97561824462394 143.14519377763665 143.1 -79.93595365862356 249.04776925932114 273.61377 46.422115 -999.0 -999.0 -999.0 -999.0 -999.0 141.78060181933526 0.382823932272234 141.7856834966737 0.2744171536211339 57.31776745187668 173.07146837016595 -999.0 5400.0 -999.0 1 81 {-999.0 -999.0 -999.0 -999.0 -999.0} "" -999.0 -999.0 -999.0 -999.0 -999 -999 "" "" "" "" 0 0 0.0 0.0 -999 ""
FIBERMAP 588 R+8C1 METROLOGY 0 0 0 1 0 0 -218.26121413569493 143.3794289211686 143.1 -79.23363455685801 248.77987031854332 273.61377 46.422115 -999.0 -999.0 -999.0 -999.0 -999.0 141.7837689885641 0.38168064725739026 141.78885196598094 0.2732321653647241 57.31626705268029 173.06585377767183 -999.0 6231.0 -999.0 -1 -999 {-999.0 -999.0 -999.0 -999.0 -999.0} "" -999.0 -999.0 -999.0 -999.0 -999 -999 "" "" "" "" 0 0 0.0 0.0 -999 ""
FIBERMAP 589 R-2C25 APOGEE 0 0 0 1 0 0 255.1001561966626 -53.49556716809692 143.1 164.43854077211992 -202.16751795527327 276.17264 58.465706 -999.0 -999.0 -999.0 -999.0 -999.0 142.889915244932 -1.6571017623705955 142.8915725688018 -1.7668376267005403 55.164650472564894 171.50868560712732 -999.0 16600.0 -999.0 2 216 {-999.0 -999.0 -999.0 -999.0 -999.0} "" -999.0 -999.0 -999.0 -999.0 -999 -999 "" ops_sky_apogee_best_unassigned ops_sky sky_apogee 0 0 0.0 0.0 -999 ""
FIBERMAP 589 R-2C25 BOSS 1 1 0 1 0 0 254.4242486581944 -53.20204969273519 143.1 164.09841257926445 -201.51398333319415 276.17264 58.465706 142.88844079500578 -1.6543211844581214 -6.1493 -5.851382 2.7840214 142.8884272657893 -1.6543363753220266 142.8900714927932 -1.7639296902567034 55.16772224857073 171.51065962228213 5400.0 5400.0 2016.0 1 254 {-999.0 17.969364 16.556044 15.674095 -999.0} sdss_psfmag 17.362251 16.756094 15.206569 13.163 63050395170958679 1095269850 bright_1x1 mwm_bin_vis_boss mwm_filler science 0 0 0.0 0.0 -999 ""
FIBERMAP 589 R-2C25 METROLOGY 0 0 0 1 0 0 255.03067558318287 -52.76080159135738 143.1 164.84721525796203 -201.5531209350368 276.17264 58.465706 -999.0 -999.0 -999.0 -999.0 -999.0 142.89178758317763 -1.6544372070497437 142.8934362143827 -1.7640756772731165 55.167159569309085 171.504848959927 -999.0 6231.0 -999.0 -1 -999 {-999.0 -999.0 -999.0 -999.0 -999.0} "" -999.0 -999.0 -999.0 -999.0 -999 -999 "" "" "" "" 0 0 0.0 0.0 -999 ""
FIBERMAP 592 R0C5 APOGEE 1 1 0 1 0 0 -183.46558330449503 -7.548682606009216 143.1 -147.23991399084332 109.65420391242448 27.012098 57.08967 141.47466316621444 -0.24637135734870025 -31.761837 -37.063755 2.3208573 141.47458458398322 -0.24645005363096142 141.47871528390044 -0.3543301048777669 56.721582214864235 173.7442543694265 16000.0 16600.0 2016.0 2 243 {-999.0 12.4542465 11.94803 11.788158 -999.0} sdss_psfmag_from_g3xp 12.346541 11.9833555 11.454164 10.542 63050395170992735 1076220440 bright_1x1 mwm_snc_ext_main_apogee mwm_snc science 0 0 0.0 0.0 -999 ""
FIBERMAP 592 R0C5 BOSS 0 0 0 1 0 0 -183.5207982273198 -8.28682413808453 143.1 -147.74755782928366 109.11569797961339 27.012098 57.08967 -999.0 -999.0 -999.0 -999.0 -999.0 141.47225374082586 -0.24900213266786195 141.47636841751364 -0.3567442595227075 56.71939316746929 173.74891624400468 -999.0 5400.0 -999.0 1 495 {-999.0 -999.0 -999.0 -999.0 -999.0} "" -999.0 -999.0 -999.0 -999.0 -999 -999 "" "" "" "" 0 0 0.0 0.0 -999 ""
FIBERMAP 592 R0C5 METROLOGY 0 0 0 1 0 0 -184.15015831389155 -7.896226253731535 143.1 -147.99040986809192 109.81532124853229 27.012098 57.08967 -999.0 -999.0 -999.0 -999.0 -999.0 141.47116640371596 -0.24580592271681687 141.47528994505143 -0.35358499082244066 56.72263790203503 173.7503462864982 -999.0 6231.0 -999.0 -1 -999 {-999.0 -999.0 -999.0 -999.0 -999.0} "" -999.0 -999.0 -999.0 -999.0 -999 -999 "" "" "" "" 0 0 0.0 0.0 -999 ""
FIBERMAP 594 R+1C22 APOGEE 0 0 0 1 0 0 172.83819746088793 20.25887049931946 143.1 146.98905726050518 -93.09154355032798 209.59216 81.3064 -999.0 -999.0 -999.0 -999.0 -999.0 142.8126758438454 -1.1653155991713942 142.81512123408646 -1.2750673077007773 55.66210229643108 171.53483831878884 -999.0 16600.0 -999.0 2 86 {-999.0 -999.0 -999.0 -999.0 -999.0} "" -999.0 -999.0 -999.0 -999.0 -999 -999 "" ops_sky_apogee_best_unassigned ops_sky sky_apogee 0 0 0.0 0.0 -999 ""
FIBERMAP 594 R+1C22 BOSS 1 1 0 1 0 0 172.59841988096113 20.954625680809475 143.1 147.24090965001338 -92.40021825275583 209.59216 81.3064 142.81387832277696 -1.1623435655344154 0.16892889 0.056956623 -0.22489342 142.81388323662856 -1.1623430096793708 142.8163158742389 -1.2719589962318358 55.66503878046772 171.53205475818237 5400.0 5400.0 2016.0 1 235 {-999.0 20.961805 21.009615 20.641546 -999.0} sdss_psfmag 20.539236 20.202024 19.835627 -999.0 63050395170960552 1117136683 bright_1x1 openfibertargets_bhm_quaia_boss open_fiber science 0 0 0.0 0.0 -999 ""
FIBERMAP 594 R+1C22 METROLOGY 0 0 0 1 0 0 173.3280745862353 20.83064770026161 143.1 147.72952855670977 -92.95592270825121 209.59216 81.3064 -999.0 -999.0 -999.0 -999.0 -999.0 142.8160773183822 -1.164808574199999 142.81851062987982 -1.2744665201978258 55.66227875312545 171.52874533217314 -999.0 6231.0 -999.0 -1 -999 {-999.0 -999.0 -999.0 -999.0 -999.0} "" -999.0 -999.0 -999.0 -999.0 -999 -999 "" "" "" "" 0 0 0.0 0.0 -999 ""
FIBERMAP 597 R+1C2 APOGEE 0 0 0 1 0 0 -266.80844093652314 15.521348901623721 143.1 -197.44167468274648 180.04714129876905 170.41014 145.1082 -999.0 -999.0 -999.0 -999.0 -999.0 141.24971842274414 0.06964021115568933 141.25440389093092 -0.03796041899673736 57.05666522802281 174.10169567696676 -999.0 16600.0 -999.0 2 -999 {-999.0 -999.0 -999.0 -999.0 -999.0} "" -999.0 -999.0 -999.0 -999.0 -999 -999 "" "" "" "" 0 0 0.0 0.0 -999 ""
FIBERMAP 597 R+1C2 BOSS 1 1 0 1 0 0 -267.3602107943169 16.055636877406602 143.1 -197.53379425258183 180.80950652812223 170.41014 145.1082 141.2493246168318 0.0729513125804991 0.42349693 -0.215206 1.4194729 141.24933491721947 0.07293176701356027 141.25401439636863 -0.034537275533068776 57.06010922402257 174.1018653077163 5400.0 5400.0 2016.0 1 11 {-999.0 20.767073 20.327713 20.184284 -999.0} sdss_psfmag 20.460184 20.31823 20.050198 -999.0 63050395170995550 1117136948 bright_1x1 openfibertargets_bhm_quaia_boss open_fiber science 0 0 0.0 0.0 -999 ""
FIBERMAP 597 R+1C2 METROLOGY 0 0 0 1 0 0 -266.62855466290415 16.245436540708425 143.1 -196.84605476250456 180.49623462928068 170.41014 145.1082 -999.0 -999.0 -999.0 -999.0 -999.0 141.2524080191764 0.07158995168507969 141.25708798113658 -0.03592106703875881 57.05846490583831 174.0964541122843 -999.0 6231.0 -999.0 -1 -999 {-999.0 -999.0 -999.0 -999.0 -999.0} "" -999.0 -999.0 -999.0 -999.0 -999 -999 "" "" "" "" 0 0 0.0 0.0 -999 ""
FIBERMAP 598 R+11C9 APOGEE 0 0 0 1 0 0 18.97240596136457 220.87984803472207 143.1 153.8090077400091 159.59870972080193 25.237753 134.11726 -999.0 -999.0 -999.0 -999.0 -999.0 142.84031112256386 -0.018600875898127728 142.844565720503 -0.12870598716910953 56.7956095025139 171.22231533545363 -999.0 16600.0 -999.0 2 21 {-999.0 -999.0 -999.0 -999.0 -999.0} "" -999.0 -999.0 -999.0 -999.0 -999 -999 "" ops_sky_apogee_best_unassigned ops_sky sky_apogee 0 0 0.0 0.0 -999 ""
FIBERMAP 598 R+11C9 BOSS 1 1 0 1 0 0 19.659557394181306 220.6220308088094 143.1 154.1803466257423 158.96582181453726 25.237753 134.11726 142.84206528892312 -0.021556057873071455 -1.306553 -9.2812195 0.1902124 142.84205161565134 -0.0215646358669652 142.84628405120884 -0.1315390930084776 56.792579299332445 171.21986755941796 5400.0 5400.0 2016.0 1 110 {-999.0 18.425203 18.107132 18.013779 -999.0} sdss_psfmag 18.373516 18.127363 17.69835 -999.0 63050395170989695 976488890 "" ops_std_boss ops_std standard_boss 0 0 0.0 0.0 -999 ""
FIBERMAP 598 R+11C9 METROLOGY 0 0 0 1 0 0 19.092514252469876 220.14167679570087 143.1 153.4375084750873 158.94979063415462 25.237753 134.11726 -999.0 -999.0 -999.0 -999.0 -999.0 142.83869007232033 -0.021593407222195545 142.84292794489846 -0.13160018584807776 56.79294933565333 171.22595918674602 -999.0 6231.0 -999.0 -1 -999 {-999.0 -999.0 -999.0 -999.0 -999.0} "" -999.0 -999.0 -999.0 -999.0 -999 -999 "" "" "" "" 0 0 0.0 0.0 -999 ""
FIBERMAP 599 R+2C11 APOGEE 0 0 0 1 0 0 -55.7369462828578 30.35268190386335 143.1 -24.176434903449955 58.667226767211766 220.33572 113.87007 -999.0 -999.0 -999.0 -999.0 -999.0 142.03353428794932 -0.4764225795924121 142.03719897590508 -0.5851351910851604 56.43678396016645 172.7766044041748 -999.0 16600.0 -999.0 2 142 {-999.0 -999.0 -999.0 -999.0 -999.0} "" -999.0 -999.0 -999.0 -999.0 -999 -999 "" "" "" "" 0 0 0.0 0.0 -999 ""
FIBERMAP 599 R+2C11 BOSS 1 1 0 1 0 0 -56.40687676700297 30.671747000892516 143.1 -24.495835325667738 59.336839353716954 220.33572 113.87007 142.03185286641045 -0.47346892738107565 -24.424557 -7.787569 20.607277 142.032076910594 -0.47347984351808065 142.03573224771264 -0.5820562031604906 56.44000074955718 172.7786536965123 5400.0 5400.0 2016.0 1 23 {-999.0 15.646497 14.223902 12.956981 -999.0} sdss_psfmag_from_g3xp 15.080225 13.663011 12.49691 10.352 63050395170986887 1151006702 bright_1x1 mwm_snc_100pc_boss_single mwm_snc science 0 0 1.0693542957305908 0.0 -999 ""
FIBERMAP 599 R+2C11 METROLOGY 0 0 0 1 0 0 -55.795095406466224 31.10057840084663 143.1 -23.750692191987266 59.284687072879514 220.33572 113.87007 -999.0 -999.0 -999.0 -999.0 -999.0 142.03546937206383 -0.4736788791095156 142.0391278778754 -0.5822987542339708 56.43940048647942 172.772592410529 -999.0 6231.0 -999.0 -1 -999 {-999.0 -999.0 -999.0 -999.0 -999.0} "" -999.0 -999.0 -999.0 -999.0 -999 -999 "" "" "" "" 0 0 0.0 0.0 -999 ""
FIBERMAP 600 R+1C17 APOGEE 0 0 0 1 0 0 90.08656165763152 23.58093838218091 143.1 84.8124041498601 -38.40794908571095 14.766817 122.216034 -999.0 -999.0 -999.0 -999.0 -999.0 142.53051873916087 -0.9177094226425785 142.5333987955059 -1.0270875659231586 55.94223819821659 171.97911840983943 -999.0 16600.0 -999.0 2 -999 {-999.0 -999.0 -999.0 -999.0 -999.0} "" -999.0 -999.0 -999.0 -999.0 -999 -999 "" "" "" "" 0 0 0.0 0.0 -999 ""
FIBERMAP 600 R+1C17 BOSS 1 1 0 1 0 0 90.67384727295052 23.074490249303217 143.1 84.94963574073928 -39.17105479384511 14.766817 122.216034 142.53075377924836 -0.9210413566180389 57.17438 -111.899734 3.4489949 142.53120534786711 -0.9213379535634144 142.53406331980733 -1.0305790696466641 55.93869284832663 171.97867187228601 5400.0 5400.0 2016.0 1 191 {-999.0 13.9416895 13.240112 13.001114 -999.0} sdss_psfmag_from_g3xp 13.751622 13.285877 12.6570425 11.423 63050395170962616 1072530606 bright_1x1 mwm_halo_local_high_boss_single mwm_halo science 0 0 1.014601707458496 0.0 -999 ""
FIBERMAP 600 R+1C17 METROLOGY 0 0 0 1 0 0 89.93839184032295 22.849701289473934 143.1 84.23691498018866 -38.8825648508199 14.766817 122.216034 -999.0 -999.0 -999.0 -999.0 -999.0 142.52795026150258 -0.9199896655179697 142.5308154744382 -1.0292649026268563 55.94037890685336 171.9841546436687 -999.0 6231.0 -999.0 -1 -999 {-999.0 -999.0 -999.0 -999.0 -999.0} "" -999.0 -999.0 -999.0 -999.0 -999 -999 "" "" "" "" 0 0 0.0 0.0 -999 ""
FIBERMAP 604 R+7C14 APOGEE 0 0 0 1 0 0 78.56225204778062 121.60713118531582 143.1 137.58312114904143 44.97939541793105 277.51407 110.46963 -999.0 -999.0 -999.0 -999.0 -999.0 142.7694038003561 -0.537887455319019 142.7728489619857 -0.6477425890329541 56.289816755025974 171.47046550037038 -999.0 16600.0 -999.0 2 43 {-999.0 -999.0 -999.0 -999.0 -999.0} "" -999.0 -999.0 -999.0 -999.0 -999 -999 "" ops_sky_apogee_best_unassigned ops_sky sky_apogee 0 0 0.0 0.0 -999 ""
FIBERMAP 604 R+7C14 BOSS 1 1 0 1 0 0 77.9063123150865 121.28519041599601 143.1 136.8709851492232 45.14236716508226 277.51407 110.46963 142.76636537534412 -0.5373102044195857 -37.12566 17.76745 1.8769228 142.76624639146752 -0.5372654769818855 142.7696760738561 -0.6469806609492855 56.29096832955518 171.47596642354534 5400.0 5400.0 2016.0 1 160 {-999.0 17.870413 16.521217 15.928414 -999.0} sdss_psfmag 17.268806 16.556646 15.450547 13.619 63050395170987950 1094486840 bright_1x1 mwm_bin_vis_boss mwm_filler science 0 0 0.0 0.0 -999 ""
FIBERMAP 604 R+7C14 METROLOGY 0 0 0 1 0 0 77.93934403724462 122.03013970051624 143.1 137.36568701084627 45.700127657279666 277.51407 110.46963 -999.0 -999.0 -999.0 -999.0 -999.0 142.76846533396716 -0.5346938418838977 142.77190353081892 -0.6444515050598653 56.29320004878098 171.47141605267717 -999.0 6231.0 -999.0 -1 -999 {-999.0 -999.0 -999.0 -999.0 -999.0} "" -999.0 -999.0 -999.0 -999.0 -999 -999 "" "" "" "" 0 0 0.0 0.0 -999 ""
FIBERMAP 605 R+13C13 APOGEE 0 0 0 1 0 0 113.27830218757799 271.9222084194736 143.1 259.189065068624 139.8617881546481 193.25345 16.524677 -999.0 -999.0 -999.0 -999.0 -999.0 143.3133884896045 -0.10991854850333463 143.31741381646862 -0.2207328318890281 56.640889536424886 170.39098335683713 -999.0 16600.0 -999.0 2 103 {-999.0 -999.0 -999.0 -999.0 -999.0} "" -999.0 -999.0 -999.0 -999.0 -999 -999 "" ops_sky_apogee_best_unassigned ops_sky sky_apogee 0 0 0.0 0.0 -999 ""
FIBERMAP 605 R+13C13 BOSS 1 1 0 1 0 0 113.93504147843547 272.26068924031534 143.1 259.9122362762972 139.71115866552287 193.25345 16.524677 143.316650390625 -0.11074020269077778 -999.0 -999.0 -999.0 143.31660820629526 -0.11076164638282861 143.32061274917066 -0.2214475369308603 56.639732769437906 170.3854061410386 5400.0 5400.0 2015.5 1 91 {-999.0 -999.0 -999.0 -999.0 -999.0} "" -999.0 -999.0 -999.0 -999.0 27021603143402542 812261404 "" ops_sky_boss_good ops_sky sky_boss 0 0 0.0 0.0 -999 ""
FIBERMAP 605 R+13C13 METROLOGY 0 0 0 1 0 0 113.9107567276227 271.5185195793731 143.1 259.42607783076676 139.15004952248665 193.25345 16.524677 -999.0 -999.0 -999.0 -999.0 -999.0 143.31446858398294 -0.11323092294577446 143.31847500249808 -0.2239505723388958 56.637554695560446 170.38989410437813 -999.0 6231.0 -999.0 -1 -999 {-999.0 -999.0 -999.0 -999.0 -999.0} "" -999.0 -999.0 -999.0 -999.0 -999 -999 "" "" "" "" 0 0 0.0 0.0 -999 ""
FIBERMAP 610 R-4C21 APOGEE 0 0 0 1 0 0 202.64246664483886 -97.59204274719028 143.1 95.93292610407852 -203.3853373347547 323.80865 56.17661 -999.0 -999.0 -999.0 -999.0 -999.0 142.58064208886853 -1.6649002345292785 142.58232663714983 -1.7741512943168731 55.19457737305605 172.04761864565214 -999.0 16600.0 -999.0 2 232 {-999.0 -999.0 -999.0 -999.0 -999.0} "" -999.0 -999.0 -999.0 -999.0 -999 -999 "" ops_sky_apogee_best_unassigned ops_sky sky_apogee 0 0 0.0 0.0 -999 ""
FIBERMAP 610 R-4C21 BOSS 1 1 0 1 0 0 201.9405553446649 -97.84700755622472 143.1 95.2272572594448 -203.14140385354366 323.80865 56.17661 142.5775159717806 -1.6639744320150613 -4.1903257 -8.8809595 0.89375985 142.57748385725301 -1.6639989735930887 142.5791537222496 -1.7731043432283846 55.19598621506003 172.05292372287212 5400.0 5400.0 2016.0 1 279 {-999.0 17.46557 16.57143 16.22926 -999.0} sdss_psfmag 17.174809 16.600718 15.873315 14.412 63050395170906466 943255123 bright_1x1 openfibertargets_nov2020_46 open_fiber science 0 0 0.0 0.0 -999 ""
FIBERMAP 610 R-4C21 METROLOGY 0 0 0 1 0 0 202.08820812562354 -97.09499174143727 143.1 95.81542794130229 -202.65032492571802 323.80865 56.17661 -999.0 -999.0 -999.0 -999.0 -999.0 142.58014342047704 -1.6617289363645098 142.58182123024642 -1.7708790676903148 55.19788615646525 172.047830425002 -999.0 6231.0 -999.0 -1 -999 {-999.0 -999.0 -999.0 -999.0 -999.0} "" -999.0 -999.0 -999.0 -999.0 -999 -999 "" "" "" "" 0 0 0.0 0.0 -999 ""
FIBERMAP 613 R0C25 APOGEE 0 0 0 1 0 0 258.3087991379223 -5.037860540160004 143.1 197.4412985297778 -166.55353571617368 337.42606 117.988014 -999.0 -999.0 -999.0 -999.0 -999.0 143.03911262532264 -1.4957628184556273 143.04100490236556 -1.6057751303580998 55.305547629043666 171.21314067298192 -999.0 16600.0 -999.0 2 35 {-999.0 -999.0 -999.0 -999.0 -999.0} "" -999.0 -999.0 -999.0 -999.0 -999 -999 "" ops_sky_apogee_best_unassigned ops_sky sky_apogee 0 0 0.0 0.0 -999 ""
FIBERMAP 613 R0C25 BOSS 1 1 0 1 0 0 258.3791582454978 -5.779497558336855 143.1 197.02897980119795 -167.17382251565766 337.42606 117.988014 143.03724807730586 -1.4987218250333216 0.2798822 -0.49849352 -0.2653641 143.03727664366087 -1.4987195523996193 143.0391463407858 -1.6085879766075926 55.30299677799813 171.2170123237751 5400.0 5400.0 2016.0 1 172 {-999.0 20.32493 20.165073 20.121588 -999.0} sdss_psfmag 20.377897 20.24975 19.904919 -999.0 63050395170958983 1117136795 bright_1x1 openfibertargets_bhm_quaia_boss open_fiber science 0 0 0.0 0.0 -999 ""
FIBERMAP 613 R0C25 METROLOGY 0 0 0 1 0 0 257.6946306932181 -5.472193103918409 143.1 196.69083774814297 -166.5041528693934 337.42606 117.988014 -999.0 -999.0 -999.0 -999.0 -999.0 143.03576694606554 -1.4956789227754212 143.03764678752634 -1.6055856011334224 55.30616680442875 171.218946475953 -999.0 6231.0 -999.0 -1 -999 {-999.0 -999.0 -999.0 -999.0 -999.0} "" -999.0 -999.0 -999.0 -999.0 -999 -999 "" "" "" "" 0 0 0.0 0.0 -999 ""
FIBERMAP 614 R+1C11 APOGEE 0 0 0 1 0 0 -60.400907054612304 1.3284683908374468 143.1 -46.07339547639664 39.062423917441016 294.448 72.91489 -999.0 -999.0 -999.0 -999.0 -999.0 141.9339350404265 -0.5658682937032817 141.93747212321563 -0.6743984606848283 56.35840944886796 172.972633929018 -999.0 16600.0 -999.0 2 134 {-999.0 -999.0 -999.0 -999.0 -999.0} "" -999.0 -999.0 -999.0 -999.0 -999 -999 "" ops_sky_apogee_best_unassigned ops_sky sky_apogee 0 0 0.0 0.0 -999 ""
FIBERMAP 614 R+1C11 BOSS 1 1 0 1 0 0 -61.13984316154665 1.2303187929582649 143.1 -46.7090825729633 39.451458803664465 294.448 72.91489 141.93099975585938 -0.5642009573490299 -999.0 -999.0 -999.0 141.93102726976207 -0.5642158982631015 141.93455351378503 -0.6726067061214375 56.360491853432805 172.97754141607035 5400.0 5400.0 2015.5 1 31 {-999.0 -999.0 -999.0 -999.0 -999.0} "" -999.0 -999.0 -999.0 -999.0 27021603143414296 812263119 "" ops_sky_boss_good ops_sky sky_boss 0 0 0.0 0.0 -999 ""
FIBERMAP 614 R+1C11 METROLOGY 0 0 0 1 0 0 -60.85559902497825 1.9318032038507411 143.1 -46.046645850558676 39.81728989874322 294.448 72.91489 -999.0 -999.0 -999.0 -999.0 -999.0 141.9340423443803 -0.5625098950410005 141.93757479868344 -0.6709442752534115 56.36183473875711 172.97180803283084 -999.0 6231.0 -999.0 -1 -999 {-999.0 -999.0 -999.0 -999.0 -999.0} "" -999.0 -999.0 -999.0 -999.0 -999 -999 "" "" "" "" 0 0 0.0 0.0 -999 ""
FIBERMAP 615 R-10C5 APOGEE 0 0 0 1 0 0 -75.06896160285828 -201.803606997713 143.1 -185.36480099664254 -109.46281097262164 357.84457 88.68547 -999.0 -999.0 -999.0 -999.0 -999.0 141.30394315494223 -1.2412310464407554 141.3064807044463 -1.3485682611165037 55.74641153168144 174.21073633424484 -999.0 16600.0 -999.0 2 -999 {-999.0 -999.0 -999.0 -999.0 -999.0} "" -999.0 -999.0 -999.0 -999.0 -999 -999 "" "" "" "" 0 0 0.0 0.0 -999 ""
FIBERMAP 615 R-10C5 BOSS 1 1 0 1 0 0 -75.0878604815542 -202.545800399649 143.1 -185.84679149877078 -110.02732970132413 357.84457 88.68547 141.30178879559298 -1.243966981195145 -11.839412 10.041536 1.4122202 141.30176160036038 -1.243939341353726 141.30428324246384 -1.3511337138694948 55.74404164161299 174.21501174718702 5400.0 5400.0 2016.0 1 348 {-999.0 14.952857 14.485968 14.318624 -999.0} sdss_psfmag_from_g3xp 14.855536 14.50914 13.981215 12.989 63050395170936507 1095629714 bright_1x1 mwm_bin_vis_boss mwm_filler science 0 0 0.0 0.0 -999 ""
FIBERMAP 615 R-10C5 METROLOGY 0 0 0 1 0 0 -75.72824195583027 -202.15290829558765 143.1 -186.0967586773783 -109.31898516648448 357.84457 88.68547 -999.0 -999.0 -999.0 -999.0 -999.0 141.30062191924446 -1.2406874074082785 141.30315237027742 -1.3479201114567712 55.747339513936126 174.21652910941467 -999.0 6231.0 -999.0 -1 -999 {-999.0 -999.0 -999.0 -999.0 -999.0} "" -999.0 -999.0 -999.0 -999.0 -999 -999 "" "" "" "" 0 0 0.0 0.0 -999 ""
FIBERMAP 619 R+7C12 APOGEE 0 0 0 1 0 0 13.728016727109775 138.09004158973957 143.1 97.60842513026182 98.6027774492873 220.11067 59.995422 -999.0 -999.0 -999.0 -999.0 -999.0 142.58728410527732 -0.2942628790950371 142.59114647128598 -0.40389855420114235 56.55412037305857 171.74238100070437 -999.0 16600.0 -999.0 2 6 {-999.0 -999.0 -999.0 -999.0 -999.0} "" -999.0 -999.0 -999.0 -999.0 -999 -999 "" ops_sky_apogee_best_unassigned ops_sky sky_apogee 0 0 0.0 0.0 -999 ""
FIBERMAP 619 R+7C12 BOSS 1 1 0 1 0 0 13.609410740475404 138.8173254645275 143.1 97.97423605358478 99.24229505006603 220.11067 59.995422 142.5890502248126 -0.2914008502779206 -6.01457 -2.475386 0.39505106 142.5889908571897 -0.2914533901815321 142.5928410961847 -0.40095859695052943 56.55683409334596 171.73868436833584 5400.0 5400.0 2016.0 1 138 {-999.0 15.778914 15.49745 15.405365 -999.0} sdss_psfmag 15.73897 15.483138 15.070708 14.329 63050395170988569 978211689 "" ops_std_boss ops_std standard_boss 0 0 0.0 0.0 -999 ""
FIBERMAP 619 R+7C12 METROLOGY 0 0 0 1 0 0 14.315016490302607 138.55995488622824 143.1 98.36018855327747 98.59813449756112 220.11067 59.995422 -999.0 -999.0 -999.0 -999.0 -999.0 142.59074120411955 -0.2943479478070685 142.5945911545527 -0.4038930588494048 56.553709655199825 171.7361757650747 -999.0 6231.0 -999.0 -1 -999 {-999.0 -999.0 -999.0 -999.0 -999.0} "" -999.0 -999.0 -999.0 -999.0 -999 -999 "" "" "" "" 0 0 0.0 0.0 -999 ""
FIBERMAP 623 R+6C11 APOGEE 0 0 0 1 0 0 21.39224544795959 111.84478508235463 143.1 87.0357834677615 73.39393658506235 63.565273 18.557667 -999.0 -999.0 -999.0 -999.0 -999.0 142.539625568612 -0.40880250299589166 142.543313907597 -0.5183326438805625 56.446250994556046 171.85328941285135 -999.0 16600.0 -999.0 2 -999 {-999.0 -999.0 -999.0 -999.0 -999.0} "" -999.0 -999.0 -999.0 -999.0 -999 -999 "" "" "" "" 0 0 0.0 0.0 -999 ""
FIBERMAP 623 R+6C11 BOSS 1 1 0 1 0 0 21.300823192468137 111.08304473954378 143.1 86.48516081552958 72.8599003341703 63.565273 18.557667 142.53723985576295 -0.41128994303936706 4.7695894 -23.651451 0.66523325 142.53718652854715 -0.41133243794996427 142.5408551196827 -0.5207235696692947 56.44416999591365 171.85822127131152 5400.0 5400.0 2016.0 1 136 {-999.0 17.183739 16.588594 16.320198 -999.0} sdss_psfmag 17.02718 16.594868 15.988016 14.839 63050395170988476 1072645760 bright_1x1 mwm_halo_local_high_boss_single mwm_halo science 0 0 0.0 0.0 -999 ""
FIBERMAP 623 R+6C11 METROLOGY 0 0 0 1 0 0 20.711463751323556 111.5395011783617 143.1 86.31484195680534 73.58548617832554 63.565273 18.557667 -999.0 -999.0 -999.0 -999.0 -999.0 142.53639084482973 -0.4080018643850927 142.54006944393797 -0.5174307698984871 56.44753292387598 171.85892310252802 -999.0 6231.0 -999.0 -1 -999 {-999.0 -999.0 -999.0 -999.0 -999.0} "" -999.0 -999.0 -999.0 -999.0 -999 -999 "" "" "" "" 0 0 0.0 0.0 -999 ""
FIBERMAP 624 R-5C1 APOGEE 0 0 0 1 0 0 -247.888183463271 -111.71296687276929 143.1 -262.85892342049976 69.31879067969349 272.38013 65.085464 -999.0 -999.0 -999.0 -999.0 -999.0 140.95489861135562 -0.4317326525511144 140.9588140811282 -0.5387219374887309 56.58180149937546 174.7149501855863 -999.0 16600.0 -999.0 2 241 {-999.0 -999.0 -999.0 -999.0 -999.0} "" -999.0 -999.0 -999.0 -999.0 -999 -999 "" ops_sky_apogee_best_unassigned ops_sky sky_apogee 0 0 0.0 0.0 -999 ""
FIBERMAP 624 R-5C1 BOSS 1 1 0 1 0 0 -248.58441881088527 -111.45442505624203 143.1 -263.2368610216776 69.9579609071055 272.38013 65.085464 140.95321655273438 -0.42897631531702984 -999.0 -999.0 -999.0 140.95323339576282 -0.42898882053851256 140.95714321407985 -0.5358417843591263 56.58480238755403 174.71756990357477 5400.0 5400.0 2015.5 1 498 {-999.0 -999.0 -999.0 -999.0 -999.0} "" -999.0 -999.0 -999.0 -999.0 27021603143391064 820299555 "" ops_sky_boss_good ops_sky sky_boss 0 0 0.0 0.0 -999 ""
FIBERMAP 624 R-5C1 METROLOGY 0 0 0 1 0 0 -248.0251051512872 -110.9727083966999 143.1 -262.49916793396534 69.97991714754053 272.38013 65.085464 -999.0 -999.0 -999.0 -999.0 -999.0 140.95651655775217 -0.42883380338688887 140.9604290366267 -0.5357302260930593 56.584659092284376 174.71160580571865 -999.0 6231.0 -999.0 -1 -999 {-999.0 -999.0 -999.0 -999.0 -999.0} "" -999.0 -999.0 -999.0 -999.0 -999 -999 "" "" "" "" 0 0 0.0 0.0 -999 ""
FIBERMAP 627 R+5C4 APOGEE 0 0 0 1 0 0 -184.83503441718597 102.02405463509824 143.1 -79.31237461857533 195.61519321458644 192.04489 83.54574 -999.0 -999.0 -999.0 -999.0 -999.0 141.78286863936341 0.1434447176769839 141.78757629663602 0.03496684331064091 57.079353471387975 173.11269585095843 -999.0 16600.0 -999.0 2 -999 {-999.0 -999.0 -999.0 -999.0 -999.0} "" -999.0 -999.0 -999.0 -999.0 -999 -999 "" "" "" "" 0 0 0.0 0.0 -999 ""
FIBERMAP 627 R+5C4 BOSS 1 1 0 1 0 0 -184.92482164166975 102.77462184425787 143.1 -78.90952178747878 196.25464824299735 192.04489 83.54574 141.78470488383184 0.1462326796858091 -4.840307 0.99584633 0.6027622 141.7846951015479 0.14624168287529335 141.78939360107677 0.03789169270077727 57.08208010394721 173.1088260903398 5400.0 5400.0 2016.0 1 37 {-999.0 14.953502 14.6203375 14.519316 -999.0} sdss_psfmag_from_g3xp 14.909051 14.628169 14.188078 13.388 63050395170994193 979135162 "" ops_std_boss ops_std standard_boss 0 0 0.0 0.0 -999 ""
FIBERMAP 627 R+5C4 METROLOGY 0 0 0 1 0 0 -184.23754003412012 102.47089067070475 143.1 -78.56699094902082 195.5860196981629 192.04489 83.54574 -999.0 -999.0 -999.0 -999.0 -999.0 141.78624137335174 0.14326907076707057 141.79093855922304 0.034880124455959456 57.07892800785157 173.10655696688352 -999.0 6231.0 -999.0 -1 -999 {-999.0 -999.0 -999.0 -999.0 -999.0} "" -999.0 -999.0 -999.0 -999.0 -999 -999 "" "" "" "" 0 0 0.0 0.0 -999 ""
FIBERMAP 630 R+11C4 APOGEE 0 0 0 1 1 0 -85.86297279384227 229.31539601908983 143.1 77.70084327822603 232.15839909915 122.66448 18.063042 -999.0 -999.0 -999.0 -999.0 -999.0 142.49428309211632 0.3086308604429339 142.49912174338596 0.19898101393670978 57.163696325993946 171.77657203402796 -999.0 16600.0 -999.0 2 26 {-999.0 -999.0 -999.0 -999.0 -999.0} "" -999.0 -999.0 -999.0 -999.0 -999 -999 "" ops_sky_apogee_best_unassigned ops_sky sky_apogee 0 0 0.0 0.0 -999 ""
FIBERMAP 630 R+11C4 BOSS 1 0 0 1 1 0 -85.29636218161926 228.83417966701128 143.1 77.83790468148455 231.42790719696592 122.66448 18.063042 142.393798828125 0.217983736497672 -999.0 -999.0 -999.0 142.49494565637684 0.3052534653618776 142.49976294455308 0.19573433129593115 57.16039609143287 171.7761183134818 5400.0 5400.0 2015.5 1 145 {-999.0 -999.0 -999.0 -999.0 -999.0} "" -999.0 -999.0 -999.0 -999.0 27021603143417207 812263743 "" ops_sky_boss_good ops_sky sky_boss 0 0 0.0 0.0 -999 ""
FIBERMAP 630 R+11C4 METROLOGY 0 0 0 1 1 0 -85.98432618478317 228.5728817189134 143.1 77.13908030378295 231.65814035757967 122.66448 18.063042 -999.0 -999.0 -999.0 -999.0 -999.0 142.4917724783904 0.3063225296435518 142.49659657988377 0.19677101569754107 57.16180597970684 171.78168504659158 -999.0 6231.0 -999.0 -1 -999 {-999.0 -999.0 -999.0 -999.0 -999.0} "" -999.0 -999.0 -999.0 -999.0 -999 -999 "" "" "" "" 0 0 0.0 0.0 -999 ""
FIBERMAP 631 R-5C16 APOGEE 0 0 0 1 0 0 92.05922415629449 -111.25167990269908 143.1 1.448773662485528 -144.366614017471 262.21948 90.46145 -999.0 -999.0 -999.0 -999.0 -999.0 142.15172004079108 -1.3999999465014825 142.15388409048688 -1.5086489454688552 55.50610697306477 172.7442098626317 -999.0 16600.0 -999.0 2 202 {-999.0 -999.0 -999.0 -999.0 -999.0} "" -999.0 -999.0 -999.0 -999.0 -999 -999 "" ops_sky_apogee_best_unassigned ops_sky sky_apogee 0 0 0.0 0.0 -999 ""
FIBERMAP 631 R-5C16 BOSS 1 1 0 1 0 0 91.31835006948033 -111.16645966745583 143.1 0.9270379863175922 -143.83394629004292 262.21948 90.46145 142.14935302734375 -1.3977957069729428 -999.0 -999.0 -999.0 142.14935866147042 -1.3977876901170456 142.15151167540802 -1.5062940413867347 55.50870044913874 172.74793237732186 5400.0 5400.0 2015.5 1 304 {-999.0 -999.0 -999.0 -999.0 -999.0} "" -999.0 -999.0 -999.0 -999.0 27021603143371691 820298446 "" ops_sky_boss_good ops_sky sky_boss 0 0 0.0 0.0 -999 ""
FIBERMAP 631 R-5C16 METROLOGY 0 0 0 1 0 0 91.75456206129772 -110.56831338179103 143.1 1.6424336808705697 -143.644056539104 262.21948 90.46145 -999.0 -999.0 -999.0 -999.0 -999.0 142.1526072644943 -1.396871909214205 142.15476552144492 -1.5054231959446795 55.50922083715517 172.74205747180739 -999.0 6231.0 -999.0 -1 -999 {-999.0 -999.0 -999.0 -999.0 -999.0} "" -999.0 -999.0 -999.0 -999.0 -999 -999 "" "" "" "" 0 0 0.0 0.0 -999 ""
FIBERMAP 635 R+9C12 APOGEE 1 1 0 1 0 0 44.61556785099447 171.88287060796907 143.1 142.87421286725856 105.39972716519279 180.33594 129.11829 142.79227166604485 -0.263516991606381 18.816938 -15.857902 1.7116175 142.792320491919 -0.2635808010927823 142.7961960425489 -0.37354553645228883 56.55891723898636 171.36637174353157 16000.0 16600.0 2016.0 2 25 {-999.0 10.252958 9.441272 9.138092 -999.0} sdss_psfmag_from_g3xp 10.016132 9.479153 8.788977 7.389 63050395170988395 1107121721 bright_1x1 mwm_tess_rgb_apogee mwm_tessrgb science 0 0 0.0 0.0 -999 ""
FIBERMAP 635 R+9C12 BOSS 0 0 0 1 0 0 44.13816033188586 172.4555912906488 143.1 142.86404484939217 106.1451195062775 180.33594 129.11829 -999.0 -999.0 -999.0 -999.0 -999.0 142.7923201707206 -0.26030286903331773 142.7961838844368 -0.37013470316413105 56.56230232048237 171.36561226339336 -999.0 5400.0 -999.0 1 140 {-999.0 -999.0 -999.0 -999.0 -999.0} "" -999.0 -999.0 -999.0 -999.0 -999 -999 "" "" "" "" 0 0 0.0 0.0 -999 ""
FIBERMAP 635 R+9C12 METROLOGY 0 0 0 1 0 0 44.87014706363335 172.5878641297906 143.1 143.515820047688 105.78696173191712 180.33594 129.11829 -999.0 -999.0 -999.0 -999.0 -999.0 142.79526296460614 -0.26189886488804015 142.79912845763857 -0.3717727700935981 56.5603055370159 171.3606869134162 -999.0 6231.0 -999.0 -1 -999 {-999.0 -999.0 -999.0 -999.0 -999.0} "" -999.0 -999.0 -999.0 -999.0 -999 -999 "" "" "" "" 0 0 0.0 0.0 -999 ""
FIBERMAP 637 R-13C10 APOGEE 1 1 0 1 0 0 45.03326223071746 -258.916187336369 143.1 -128.0486598840224 -229.43968140487834 209.19502 119.980835 141.566157467875 -1.782477273157703 -1.7397496 -1.6177249 0.72187424 141.56614196723072 -1.7825185968418091 141.56776451336464 -1.8901289067434008 55.18405269502677 173.83547501369793 16000.0 16600.0 2016.0 2 181 {-999.0 11.741984 11.001927 10.739899 -999.0} sdss_psfmag_from_g3xp 11.537558 11.045934 10.392712 9.067 63050395170907712 1107216238 bright_1x1 mwm_tess_rgb_apogee mwm_tessrgb science 0 0 0.0 0.0 -999 ""
FIBERMAP 637 R-13C10 BOSS 0 0 0 1 0 0 44.40662834280697 -258.5111051202811 143.1 -128.28027476448148 -228.73052552040465 209.19502 119.980835 -999.0 -999.0 -999.0 -999.0 -999.0 141.56507976207084 -1.7794930293717377 141.56669451516683 -1.886961051655736 55.187304204842306 173.8368392577521 -999.0 5400.0 -999.0 1 335 {-999.0 -999.0 -999.0 -999.0 -999.0} "" -999.0 -999.0 -999.0 -999.0 -999 -999 "" "" "" "" 0 0 0.0 0.0 -999 ""
FIBERMAP 637 R-13C10 METROLOGY 0 0 0 1 0 0 45.06436774416012 -258.1702591156325 143.1 -127.55483762094329 -228.87994781684878 209.19502 119.980835 -999.0 -999.0 -999.0 -999.0 -999.0 141.5683550697767 -1.780134693146554 141.56997200775197 -1.8876478654702338 55.18632418435571 173.83123366545843 -999.0 6231.0 -999.0 -1 -999 {-999.0 -999.0 -999.0 -999.0 -999.0} "" -999.0 -999.0 -999.0 -999.0 -999 -999 "" "" "" "" 0 0 0.0 0.0 -999 ""
FIBERMAP 640 R-5C17 APOGEE 0 0 0 1 0 0 129.69062846893019 -108.9770195901572 143.1 32.10709431566932 -166.29416442020187 302.8904 113.34069 -999.0 -999.0 -999.0 -999.0 -999.0 142.29122419797037 -1.4989160705594693 142.29321111193866 -1.6077582169252609 55.39255061730326 172.51891854693258 -999.0 16600.0 -999.0 2 -999 {-999.0 -999.0 -999.0 -999.0 -999.0} "" -999.0 -999.0 -999.0 -999.0 -999 -999 "" "" "" "" 0 0 0.0 0.0 -999 ""
FIBERMAP 640 R-5C17 BOSS 1 1 0 1 0 0 129.27127722345378 -109.61551509728643 143.1 31.379387990185514 -166.52600720904138 302.8904 113.34069 142.28794581753516 -1.5001847349383013 -10.121858 5.033878 1.3054516 142.28794411929334 -1.5001683627311964 142.28991403676116 -1.608864909384751 55.39181140356459 172.52489986715003 5400.0 5400.0 2016.0 1 300 {-999.0 18.10723 16.86228 16.379644 -999.0} sdss_psfmag 17.643959 16.869074 16.025427 14.321 63050395170908590 1095110572 bright_1x1 mwm_bin_vis_boss mwm_filler science 0 0 0.0 0.0 -999 ""
FIBERMAP 640 R-5C17 METROLOGY 0 0 0 1 0 0 128.9450822820725 -108.9483339879542 143.1 31.54613376396199 -165.8024621034214 302.8904 113.34069 -999.0 -999.0 -999.0 -999.0 -999.0 142.28869350269224 -1.4968460748583947 142.29067300525088 -1.6055844312149876 55.39498913486719 172.52293985403375 -999.0 6231.0 -999.0 -1 -999 {-999.0 -999.0 -999.0 -999.0 -999.0} "" -999.0 -999.0 -999.0 -999.0 -999 -999 "" "" "" "" 0 0 0.0 0.0 -999 ""
FIBERMAP 641 R-8C16 APOGEE 0 0 0 1 0 0 127.70773123431769 -162.95351853714163 143.1 -3.4185374767894983 -206.96604517080368 201.00699 141.76729 -999.0 -999.0 -999.0 -999.0 -999.0 142.13006668679657 -1.6826424096012709 142.13178015738453 -1.791179011284351 55.2274888801152 172.83535853277493 -999.0 16600.0 -999.0 2 -999 {-999.0 -999.0 -999.0 -999.0 -999.0} "" -999.0 -999.0 -999.0 -999.0 -999 -999 "" "" "" "" 0 0 0.0 0.0 -999 ""
FIBERMAP 641 R-8C16 BOSS 1 1 0 1 0 0 126.98147162406534 -162.73640093982033 143.1 -3.845875410033099 -206.3401423060444 201.00699 141.76729 142.12768928411577 -1.6800075946070394 -999.0 -999.0 -999.0 142.12813631953955 -1.680018725547665 142.12983936732087 -1.7884120056149173 55.23044411872708 172.83823222949164 5400.0 5400.0 2016.0 1 307 {-999.0 11.542733 11.314894 11.18911 -999.0} sdss_psfmag_from_g3xp 11.470363 11.747145 10.863681 10.263 63050395170908306 1114287925 bright_1x1 openfibertargets_mwm_tessperiodic_boss open_fiber science 0 0 1.5852177143096924 0.0 -999 ""
FIBERMAP 641 R-8C16 METROLOGY 0 0 0 1 0 0 127.5320458921931 -162.2284001736489 143.1 -3.0984202351373535 -206.29227008926975 201.00699 141.76729 -999.0 -999.0 -999.0 -999.0 -999.0 142.13152477956243 -1.6797491314656832 142.13323203818226 -1.7881878073703132 55.230311265988675 172.83227754884098 -999.0 6231.0 -999.0 -1 -999 {-999.0 -999.0 -999.0 -999.0 -999.0} "" -999.0 -999.0 -999.0 -999.0 -999 -999 "" "" "" "" 0 0 0.0 0.0 -999 ""
FIBERMAP 647 R-6C1 APOGEE 0 0 1 1 0 0 -223.5460378957082 -108.75184899530566 143.1 -242.08937270679777 56.29178825615204 10.3800745 169.88132 -999.0 -999.0 -999.0 -999.0 -999.0 141.0474285593474 -0.4901727515267192 141.05123296011413 -0.5972969995365981 56.5161422439352 174.55617037562357 -999.0 16600.0 -999.0 2 261 {-999.0 -999.0 -999.0 -999.0 -999.0} "" -999.0 -999.0 -999.0 -999.0 -999 -999 "" ops_sky_apogee_best_unassigned ops_sky sky_apogee 0 0 0.0 0.0 -999 ""
FIBERMAP 647 R-6C1 BOSS 1 0 1 1 0 0 -222.8086661355579 -108.70663459476573 143.1 -241.4882305357747 55.86262667209842 10.3800745 169.88132 141.03845549097332 -0.5882621260927245 -5.80074 13.477574 1.4992474 141.05010106608077 -0.49223247999643704 141.05389086628526 -0.5992258471913064 56.51400742890621 174.5516475211317 5400.0 5400.0 2016.0 1 499 {-999.0 13.828722 13.436639 13.312314 -999.0} sdss_psfmag_from_g3xp 13.762063 13.452909 12.980001 12.128 63050395170946779 1075907442 bright_1x1 mwm_erosita_stars_boss mwm_erosita science 0 0 0.8804506063461304 0.0 -999 ""
FIBERMAP 647 R-6C1 METROLOGY 0 0 1 1 0 0 -223.10478884696974 -109.38646520711289 143.1 -242.1462586069023 55.52109201188206 10.3800745 169.88132 -999.0 -999.0 -999.0 -999.0 -999.0 141.04716001749736 -0.49375408563062473 141.0509508681439 -0.6007804276994992 56.51269241839144 174.55718365758264 -999.0 6231.0 -999.0 -1 -999 {-999.0 -999.0 -999.0 -999.0 -999.0} "" -999.0 -999.0 -999.0 -999.0 -999 -999 "" "" "" "" 0 0 0.0 0.0 -999 ""
FIBERMAP 648 R+10C6 APOGEE 0 0 0 1 0 0 -53.330249367366264 188.76392061307925 143.1 77.43437294732824 180.18061684863784 354.6201 102.43003 -999.0 -999.0 -999.0 -999.0 -999.0 142.49425397723962 0.07506601905709463 142.49872058749975 -0.03452201572245628 56.93192574420129 171.82877315887683 -999.0 16600.0 -999.0 2 -999 {-999.0 -999.0 -999.0 -999.0 -999.0} "" -999.0 -999.0 -999.0 -999.0 -999 -999 "" "" "" "" 0 0 0.0 0.0 -999 ""
FIBERMAP 648 R+10C6 BOSS 1 1 0 1 0 0 -53.2437811258399 187.9936913178475 143.1 77.01656246836365 179.52798118520911 354.6201 102.43003 142.49243082022292 0.0720670048868467 -4.4624367 -5.3643436 0.2608208 142.49240923966326 0.072040393924963 142.49685548372594 -0.037411899119929315 56.92927941988005 171.8327995981068 5400.0 5400.0 2016.0 1 119 {-999.0 17.081707 16.710281 16.564018 -999.0} sdss_psfmag 17.008844 16.712051 16.241186 15.34 63050395170990551 977051828 "" ops_std_boss ops_std standard_boss 0 0 0.0 0.0 -999 ""
FIBERMAP 648 R+10C6 METROLOGY 0 0 0 1 0 0 -53.922596059142556 188.310282676776 143.1 76.68870445607179 180.2012665470945 354.6201 102.43003 -999.0 -999.0 -999.0 -999.0 -999.0 142.4909004974133 0.07510652073645786 142.49535640974466 -0.03438164220227864 56.93246703678188 171.83486392357267 -999.0 6231.0 -999.0 -1 -999 {-999.0 -999.0 -999.0 -999.0 -999.0} "" -999.0 -999.0 -999.0 -999.0 -999 -999 "" "" "" "" 0 0 0.0 0.0 -999 ""
FIBERMAP 650 R-2C1 APOGEE 0 0 0 1 0 0 -278.03556024527376 -23.95506053661819 143.1 -231.01695156432743 156.45714085409585 154.25337 80.57693 -999.0 -999.0 -999.0 -999.0 -999.0 141.09877555775807 -0.03779901446251625 141.10331243025104 -0.14512662099435997 56.962612800581034 174.3947822657074 -999.0 16600.0 -999.0 2 275 {-999.0 -999.0 -999.0 -999.0 -999.0} "" -999.0 -999.0 -999.0 -999.0 -999 -999 "" ops_sky_apogee_best_unassigned ops_sky sky_apogee 0 0 0.0 0.0 -999 ""
FIBERMAP 650 R-2C1 BOSS 1 1 0 1 0 0 -277.6130455046536 -23.33764217826021 143.1 -230.3000593020448 156.6706223997945 154.25337 80.57693 141.10202190338703 -0.036933567512995744 -7.3046002 1.6118823 0.44957983 141.10199861371726 -0.03694358339171891 141.1065253937552 -0.14414428161457415 56.963327789504305 174.3887607578929 5400.0 5400.0 2016.0 1 426 {-999.0 15.814458 15.503269 15.464609 -999.0} sdss_psfmag 15.793025 15.530651 15.114703 14.461 63050395170994802 979529601 "" ops_std_boss ops_std standard_boss 0 0 0.0 0.0 -999 ""
FIBERMAP 650 R-2C1 METROLOGY 0 0 0 1 0 0 -277.2908827693372 -24.006640800188187 143.1 -230.4710810284684 155.94820456694922 154.25337 80.57693 -999.0 -999.0 -999.0 -999.0 -999.0 141.10121117778075 -0.04016173310526289 141.10573592360709 -0.14739780446298678 56.96015017760469 174.39069446395013 -999.0 6231.0 -999.0 -1 -999 {-999.0 -999.0 -999.0 -999.0 -999.0} "" -999.0 -999.0 -999.0 -999.0 -999 -999 "" "" "" "" 0 0 0.0 0.0 -999 ""
FIBERMAP 654 R+12C14 APOGEE 0 0 0 1 0 0 144.11920002356388 230.04391387954482 143.1 256.7732376547758 87.9187800968516 320.0348 139.30734 -999.0 -999.0 -999.0 -999.0 -999.0 143.30461272318271 -0.3438925476915525 143.30827323277185 -0.45463039447423087 56.41056745940941 170.46668422886293 -999.0 16600.0 -999.0 2 91 {-999.0 -999.0 -999.0 -999.0 -999.0} "" -999.0 -999.0 -999.0 -999.0 -999 -999 "" ops_sky_apogee_best_unassigned ops_sky sky_apogee 0 0 0.0 0.0 -999 ""
FIBERMAP 654 R+12C14 BOSS 1 1 0 1 0 0 144.2281936273393 229.31026282414763 143.1 256.39595234020493 87.2803697969562 320.0348 139.30734 143.30296987176243 -0.34691278648409807 -5.4703712 0.06870249 0.45707825 143.30297325582282 -0.34690243060867176 143.30661044869225 -0.45750260990061486 56.407954752990456 170.47038318959991 5400.0 5400.0 2016.0 1 89 {-999.0 15.800669 15.406112 15.273117 -999.0} sdss_psfmag 15.72086 15.42026 14.955066 14.157 63050395170966816 979529552 "" ops_std_boss ops_std standard_boss 0 0 0.0 0.0 -999 ""
FIBERMAP 654 R+12C14 METROLOGY 0 0 0 1 0 0 143.52703292850666 229.57730338408567 143.1 256.01954063516945 87.92924168708849 320.0348 139.30734 -999.0 -999.0 -999.0 -999.0 -999.0 143.30126815581318 -0.34393027739117377 143.30491565335103 -0.45456670800091636 56.411097982373924 170.47267790500678 -999.0 6231.0 -999.0 -1 -999 {-999.0 -999.0 -999.0 -999.0 -999.0} "" -999.0 -999.0 -999.0 -999.0 -999 -999 "" "" "" "" 0 0 0.0 0.0 -999 ""
FIBERMAP 660 R+8C18 APOGEE 0 0 0 1 0 0 197.93455172553607 160.41463787991944 143.1 254.72726330225305 -0.042370201215300565 63.798195 59.899574 -999.0 -999.0 -999.0 -999.0 -999.0 143.29721087736442 -0.7416866579578418 143.3002496592116 -0.8523052489728677 56.01783354109172 170.57998743201375 -999.0 16600.0 -999.0 2 -999 {-999.0 -999.0 -999.0 -999.0 -999.0} "" -999.0 -999.0 -999.0 -999.0 -999 -999 "" "" "" "" 0 0 0.0 0.0 -999 ""
FIBERMAP 660 R+8C18 BOSS 1 1 0 1 0 0 198.36034477015656 159.7889716593865 143.1 254.6640088791785 -0.796383830271501 63.798195 59.899574 143.29697347274413 -0.7452365246555254 -0.81580967 2.0343454 1.460807 143.29697190289056 -0.7452367410272652 143.29998621294288 -0.8557176286789986 56.01448989115069 170.58129444638385 5400.0 5400.0 2016.0 1 239 {-999.0 19.156862 17.710817 16.961666 -999.0} sdss_psfmag 18.540373 17.563957 16.583141 14.702 63050395170964080 1094322873 bright_1x1 mwm_bin_vis_boss mwm_filler science 0 0 0.0 0.0 -999 ""
FIBERMAP 660 R+8C18 METROLOGY 0 0 0 1 0 0 197.60845636809444 159.74357618501588 143.1 254.05147847119343 -0.35822265254156616 63.798195 59.899574 -999.0 -999.0 -999.0 -999.0 -999.0 143.29422491155316 -0.7432197366379844 143.2972481948088 -0.8537355935145997 56.016829763505505 170.5856577900651 -999.0 6231.0 -999.0 -1 -999 {-999.0 -999.0 -999.0 -999.0 -999.0} "" -999.0 -999.0 -999.0 -999.0 -999 -999 "" "" "" "" 0 0 0.0 0.0 -999 ""
FIBERMAP 661 R-11C8 APOGEE 1 1 0 1 0 0 -3.8390424574204705 -197.68898829884023 143.1 -127.45397355758072 -151.11626059220387 97.20443 80.63387 141.56653855993864 -1.430308427896291 -19.179623 -5.596348 4.961085 141.56649104352 -1.4303231797613634 141.56868506619793 -1.5380312095304567 55.534613741520396 173.77764415752654 16000.0 16600.0 2016.0 2 158 {-999.0 11.187232 10.77331 10.661551 -999.0} sdss_psfmag_from_g3xp 11.112028 10.805396 10.333198 9.607 63050395170935896 1103675970 bright_1x1 mwm_tess_2min_apogee mwm_planet science 0 0 0.0 0.0 -999 ""
FIBERMAP 661 R-11C8 BOSS 0 0 0 1 0 0 -3.0931623927673133 -197.68426886593403 143.1 -126.87172063743735 -151.5822293955036 97.20443 80.63387 -999.0 -999.0 -999.0 -999.0 -999.0 141.56911779854025 -1.4326136255118183 141.5712949581868 -1.5401856363097042 55.53223034548144 173.77340051898477 -999.0 5400.0 -999.0 1 360 {-999.0 -999.0 -999.0 -999.0 -999.0} "" -999.0 -999.0 -999.0 -999.0 -999 -999 "" "" "" "" 0 0 0.0 0.0 -999 ""
FIBERMAP 661 R-11C8 METROLOGY 0 0 0 1 0 0 -3.46616360591734 -198.33599756511782 143.1 -127.5717617206773 -151.85353335171044 97.20443 80.63387 -999.0 -999.0 -999.0 -999.0 -999.0 141.56595934010295 -1.433783753149957 141.56813865792702 -1.5413899338315926 55.53131879706258 173.77914632975262 -999.0 6231.0 -999.0 -1 -999 {-999.0 -999.0 -999.0 -999.0 -999.0} "" -999.0 -999.0 -999.0 -999.0 -999 -999 "" "" "" "" 0 0 0.0 0.0 -999 ""
FIBERMAP 663 R0C1 APOGEE 0 0 0 1 0 0 -305.32252508806727 -13.61651221990297 143.1 -245.69960155138833 181.66738439529027 269.0855 61.929768 -999.0 -999.0 -999.0 -999.0 -999.0 141.0342128296202 0.07460297867981187 141.03894552014185 -0.03264927269184975 57.07995605843313 174.49582122545968 -999.0 16600.0 -999.0 2 277 {-999.0 -999.0 -999.0 -999.0 -999.0} "" -999.0 -999.0 -999.0 -999.0 -999 -999 "" "" "" "" 0 0 0.0 0.0 -999 ""
FIBERMAP 663 R0C1 BOSS 1 1 0 1 0 0 -305.9803639560083 -13.271432375627182 143.1 -245.99323126084283 182.3495877774391 269.0855 61.929768 141.03255005427172 0.07745024107891846 5.1688333 -5.9356565 2.450954 141.032974857795 0.0774877859269662 141.03770184405056 -0.029631428305364107 57.08306436720472 174.49765445211463 5400.0 5400.0 2016.0 1 424 {-999.0 12.043602 11.752125 11.675935 -999.0} sdss_psfmag_from_g3xp 12.012844 11.75948 11.349065 10.652 63050395170995249 996702937 bright_1x1 mwm_bin_gaia_sb_boss mwm_bin science 0 0 1.4210213422775269 0.0 -999 ""
FIBERMAP 663 R0C1 METROLOGY 0 0 0 1 0 0 -305.35891088107593 -12.860686632663954 143.1 -245.25196408180196 182.27729975067905 269.0855 61.929768 -999.0 -999.0 -999.0 -999.0 -999.0 141.0362635205763 0.07724303188266383 141.04099252139628 -0.029918811560157316 57.08251245192272 174.49166143115298 -999.0 6231.0 -999.0 -1 -999 {-999.0 -999.0 -999.0 -999.0 -999.0} "" -999.0 -999.0 -999.0 -999.0 -999 -999 "" "" "" "" 0 0 0.0 0.0 -999 ""
FIBERMAP 664 R+7C5 APOGEE 0 0 0 1 0 0 -114.24770096387368 140.6475105285868 143.1 -0.17254551766073203 181.16733364348238 5.1722975 138.17816 -999.0 -999.0 -999.0 -999.0 -999.0 142.14197315411192 0.07945054244179371 142.14651157585723 -0.02958231081556063 56.97728837880746 172.46935572052047 -999.0 16600.0 -999.0 2 117 {-999.0 -999.0 -999.0 -999.0 -999.0} "" -999.0 -999.0 -999.0 -999.0 -999 -999 "" ops_sky_apogee_best_unassigned ops_sky sky_apogee 0 0 0.0 0.0 -999 ""
FIBERMAP 664 R+7C5 BOSS 1 1 0 1 0 0 -113.65836791756183 140.19956878443475 143.1 0.0031140133912260764 180.44837728346482 5.1722975 138.17816 142.1427737418169 0.07611519859386259 0.7020511 -0.14316584 0.34547186 142.14279092902805 0.0761305806013856 142.14730924197107 -0.032770736450846036 56.97403146576571 172.46854577914036 5400.0 5400.0 2016.0 1 56 {-999.0 20.228016 19.729942 19.482075 -999.0} sdss_psfmag 20.091436 20.217615 19.013626 -999.0 63050395170990815 1116357970 bright_1x1 openfibertargets_bhm_morexray_boss open_fiber science 0 0 0.0 0.0 -999 ""
FIBERMAP 664 R+7C5 METROLOGY 0 0 0 1 0 0 -114.34287006228683 139.90972790197122 143.1 -0.7109934452957708 180.65426310151892 5.1722975 138.17816 -999.0 -999.0 -999.0 -999.0 -999.0 142.1395416745328 0.0770812185387228 142.1440662642094 -0.031852595744909507 56.97530130600732 172.47427426501338 -999.0 6231.0 -999.0 -1 -999 {-999.0 -999.0 -999.0 -999.0 -999.0} "" -999.0 -999.0 -999.0 -999.0 -999 -999 "" "" "" "" 0 0 0.0 0.0 -999 ""
FIBERMAP 665 R-5C18 APOGEE 0 0 0 1 0 0 127.69004654659453 -101.65251864623737 143.1 35.16514040366074 -159.34601172152682 231.82759 73.25539 -999.0 -999.0 -999.0 -999.0 -999.0 142.30510406225312 -1.46746682107284 142.3071394174405 -1.57633954616141 55.42225152920432 172.48846979799308 -999.0 16600.0 -999.0 2 220 {-999.0 -999.0 -999.0 -999.0 -999.0} "" -999.0 -999.0 -999.0 -999.0 -999 -999 "" "" "" "" 0 0 0.0 0.0 -999 ""
FIBERMAP 665 R-5C18 BOSS 1 1 0 1 0 0 127.24746913406184 -101.06022759417303 143.1 35.19434513067529 -158.60735056367554 231.82759 73.25539 142.30528171252593 -1.4643563878484622 -10.054028 4.838194 1.6090363 142.30526313798822 -1.464321518514031 142.30728801542944 -1.5730554678913944 55.42549935260065 172.48757323431127 5400.0 5400.0 2016.0 1 292 {-999.0 18.532593 17.103117 16.306232 -999.0} sdss_psfmag_ps1 17.908228 16.93991 15.970561 14.093 63050395170908636 1095549286 bright_1x1 mwm_bin_vis_boss mwm_filler science 0 0 0.0 0.0 -999 ""
FIBERMAP 665 R-5C18 METROLOGY 0 0 0 1 0 0 127.99341460279382 -100.97836801622734 143.1 35.82521917972545 -159.0134503124051 231.82759 73.25539 -999.0 -999.0 -999.0 -999.0 -999.0 142.3081248107654 -1.4660999447167156 142.3101508427008 -1.574877553478324 55.42337349663903 172.4829142786144 -999.0 6231.0 -999.0 -1 -999 {-999.0 -999.0 -999.0 -999.0 -999.0} "" -999.0 -999.0 -999.0 -999.0 -999 -999 "" "" "" "" 0 0 0.0 0.0 -999 ""
FIBERMAP 667 R0C9 APOGEE 1 1 0 1 0 0 -131.1844985884452 3.6220083675275547 143.1 -99.60276893467278 85.41169066154215 215.84836 60.417145 141.69042108315688 -0.3555636937146674 -8.714499 -7.217477 3.4145472 141.6903652293638 -0.355606544622436 141.69428212425674 -0.4638040311334783 56.592259852668015 173.37261434393437 16000.0 16600.0 2016.0 2 246 {-999.0 9.477096 9.197761 9.10968 -999.0} sdss_psfmag_from_g3xp 9.451374 9.200425 8.784193 8.127 63050395170986809 975012516 "" ops_std_apogee ops_std standard_apogee 0 0 0.0 0.0 -999 ""
FIBERMAP 667 R0C9 BOSS 0 0 0 1 0 0 -131.28436395626727 4.357442884329395 143.1 -99.21727131923375 86.04573859122586 215.84836 60.417145 -999.0 -999.0 -999.0 -999.0 -999.0 141.69208684661382 -0.3528182171448564 141.69599488475342 -0.46088515016729664 56.594998682641304 173.3690036142148 -999.0 5400.0 -999.0 1 492 {-999.0 -999.0 -999.0 -999.0 -999.0} "" -999.0 -999.0 -999.0 -999.0 -999 -999 "" "" "" "" 0 0 0.0 0.0 -999 ""
FIBERMAP 667 R0C9 METROLOGY 0 0 0 1 0 0 -130.59301629333942 4.078363851363983 143.1 -98.85606069969273 85.39369577980746 215.84836 60.417145 -999.0 -999.0 -999.0 -999.0 -999.0 141.69373087990152 -0.3557442943547165 141.69763760667513 -0.4638510587134034 56.59188725703218 173.36655735994464 -999.0 6231.0 -999.0 -1 -999 {-999.0 -999.0 -999.0 -999.0 -999.0} "" -999.0 -999.0 -999.0 -999.0 -999 -999 "" "" "" "" 0 0 0.0 0.0 -999 ""
FIBERMAP 669 R+3C3 APOGEE 0 0 0 1 0 0 -212.3541973477222 68.13367196675259 143.1 -122.0235558495708 186.62161553554728 60.25072 141.13823 -999.0 -999.0 -999.0 -999.0 -999.0 141.58948455717956 0.1018867759213353 141.59416053523682 -0.006270206038535604 57.05730941734059 173.47420571884948 -999.0 16600.0 -999.0 2 107 {-999.0 -999.0 -999.0 -999.0 -999.0} "" -999.0 -999.0 -999.0 -999.0 -999 -999 "" ops_sky_apogee_best_unassigned ops_sky sky_apogee 0 0 0.0 0.0 -999 ""
FIBERMAP 669 R+3C3 BOSS 1 1 0 1 0 0 -211.65844010826024 68.38469843645812 143.1 -121.32514623007921 186.37849820452647 60.25072 141.13823 141.59263764845622 0.10070943573949014 5.868517 -2.2229533 0.9067596 141.59262846569632 0.10071435878113655 141.59728930692842 -0.007315622109296497 57.0559696575813 173.46866243762094 5400.0 5400.0 2016.0 1 59 {-999.0 14.799544 14.416983 14.297475 -999.0} sdss_psfmag_from_g3xp 14.734182 14.432039 13.966919 13.135 63050395170994230 977816583 "" ops_std_boss ops_std standard_boss 0 0 0.0 0.0 -999 ""
FIBERMAP 669 R+3C3 METROLOGY 0 0 0 1 0 0 -211.7761059552458 67.6511718200376 143.1 -121.8783863216238 185.88289785464517 60.25072 141.13823 -999.0 -999.0 -999.0 -999.0 -999.0 141.59012149954557 0.09849808844793675 141.59478279846212 -0.009564608456349674 57.05397062444128 173.47364567304032 -999.0 6231.0 -999.0 -1 -999 {-999.0 -999.0 -999.0 -999.0 -999.0} "" -999.0 -999.0 -999.0 -999.0 -999 -999 "" "" "" "" 0 0 0.0 0.0 -999 ""
FIBERMAP 671 R+1C15 APOGEE 0 0 0 1 0 0 42.152428267826295 29.75955627785759 143.1 51.47505840867453 -3.4282470022491527 53.978672 112.715294 -999.0 -999.0 -999.0 -999.0 -999.0 142.37859265232714 -0.7587093319998751 142.3817495671509 -0.8678917675514577 56.117898950720026 172.2157219139566 -999.0 16600.0 -999.0 2 -999 {-999.0 -999.0 -999.0 -999.0 -999.0} "" -999.0 -999.0 -999.0 -999.0 -999 -999 "" "" "" "" 0 0 0.0 0.0 -999 ""
FIBERMAP 671 R+1C15 BOSS 1 1 0 1 0 0 42.90264747229476 29.599666215222 143.1 51.9570369621408 -4.024790451151129 53.978672 112.715294 142.3807766853772 -0.7613910816180658 21.119358 -60.29503 5.9877906 142.3808362705582 -0.7615616073035307 142.38397264926135 -0.8706105401414701 56.11494463407109 172.21231639158063 5400.0 5400.0 2016.0 1 189 {-999.0 15.5666 14.234318 13.66615 -999.0} sdss_psfmag_from_g3xp 15.032297 14.197266 13.2911825 11.519 63050395170984750 1096057099 bright_1x1 mwm_bin_vis_boss mwm_filler science 0 0 0.0 0.0 -999 ""
FIBERMAP 671 R+1C15 METROLOGY 0 0 0 1 0 0 42.39000510419925 29.052294496527068 143.1 51.21425184291354 -4.12712313158469 53.978672 112.715294 -999.0 -999.0 -999.0 -999.0 -999.0 142.37744474716456 -0.7619944595908832 142.3805854050703 -0.8710765466825214 56.114867457938054 172.2184468171714 -999.0 6231.0 -999.0 -1 -999 {-999.0 -999.0 -999.0 -999.0 -999.0} "" -999.0 -999.0 -999.0 -999.0 -999 -999 "" "" "" "" 0 0 0.0 0.0 -999 ""
FIBERMAP 673 R-11C1 APOGEE 0 0 0 1 0 0 -175.8667182895029 -227.17421392168302 143.1 -279.6228059207258 -65.70062189123068 260.0634 95.27336 -999.0 -999.0 -999.0 -999.0 -999.0 140.88112737591567 -1.0421050079328347 140.88405129795592 -1.1488103461468844 55.979142657783534 174.93260844051667 -999.0 16600.0 -999.0 2 271 {-999.0 -999.0 -999.0 -999.0 -999.0} "" -999.0 -999.0 -999.0 -999.0 -999 -999 "" ops_sky_apogee_best_unassigned ops_sky sky_apogee 0 0 0.0 0.0 -999 ""
FIBERMAP 673 R-11C1 BOSS 1 1 0 1 0 0 -176.6127380473706 -227.1230203379893 143.1 -280.16996239657067 -65.19114076457863 260.0634 95.27336 140.8786850465143 -1.039914694267018 0.73308825 -0.058419116 0.7797442 140.87871218448606 -1.0399324101383716 140.8816297961439 -1.1464969309645328 55.98162946669552 174.93661672375052 5400.0 5400.0 2016.0 1 421 {-999.0 20.220001 19.999805 19.859455 -999.0} sdss_psfmag 19.898268 19.678957 19.170334 -999.0 63050395170938752 1117136647 bright_1x1 openfibertargets_bhm_quaia_boss open_fiber science 0 0 0.0 0.0 -999 ""
FIBERMAP 673 R-11C1 METROLOGY 0 0 0 1 0 0 -176.19627544514933 -226.49950334754493 143.1 -279.4539305480543 -64.96911211459945 260.0634 95.27336 -999.0 -999.0 -999.0 -999.0 -999.0 140.88188071862928 -1.0389009350384715 140.88480245754738 -1.1455098608137135 55.982378219615335 174.9308314738427 -999.0 6231.0 -999.0 -1 -999 {-999.0 -999.0 -999.0 -999.0 -999.0} "" -999.0 -999.0 -999.0 -999.0 -999 -999 "" "" "" "" 0 0 0.0 0.0 -999 ""
FIBERMAP 674 R+4C1 APOGEE 1 1 0 1 0 0 -254.2461741326686 82.29632460772295 143.1 -145.64126399216372 223.99768128341398 105.525604 151.4822 141.48374841913937 0.2688127839156082 -14.612583 0.15684031 0.9887602 141.4837030427601 0.2687996668091434 141.48866975383675 0.16076895342962902 57.23355813786337 173.6387320683059 16000.0 16600.0 2016.0 2 144 {-999.0 12.154949 11.426411 11.171444 -999.0} sdss_psfmag_from_g3xp 11.955794 11.470353 10.823751 9.499 63050395170995865 1110435982 bright_1x1 mwm_tess_rgb_apogee mwm_tessrgb science 0 0 0.0 0.0 -999 ""
FIBERMAP 674 R+4C1 BOSS 0 0 0 1 0 0 -254.07596808395894 83.01054154010446 143.1 -145.0593771037716 224.44520364706617 105.525604 151.4822 -999.0 -999.0 -999.0 -999.0 -999.0 141.48634305299657 0.27069893021520935 141.49130009802218 0.1627943385339001 57.235329544781855 173.63354425229576 -999.0 5400.0 -999.0 1 2 {-999.0 -999.0 -999.0 -999.0 -999.0} "" -999.0 -999.0 -999.0 -999.0 -999 -999 "" "" "" "" 0 0 0.0 0.0 -999 ""
FIBERMAP 674 R+4C1 METROLOGY 0 0 0 1 0 0 -253.52763786167256 82.49817155617215 143.1 -144.95612850639998 223.70202656280398 105.525604 151.4822 -999.0 -999.0 -999.0 -999.0 -999.0 141.48678667032104 0.26741368033840773 141.49174176262653 0.1594721597925856 57.23198065726913 173.6333041221192 -999.0 6231.0 -999.0 -1 -999 {-999.0 -999.0 -999.0 -999.0 -999.0} "" -999.0 -999.0 -999.0 -999.0 -999 -999 "" "" "" "" 0 0 0.0 0.0 -999 ""
FIBERMAP 675 R-1C20 APOGEE 0 0 0 1 0 0 146.861264577989 -33.508573523831004 143.1 92.96029124844422 -118.49351730450745 282.80612 109.43805 -999.0 -999.0 -999.0 -999.0 -999.0 142.56768631467966 -1.2815560408966964 142.56998216109315 -1.3908928576831296 55.576654005687345 171.99039122095377 -999.0 16600.0 -999.0 2 227 {-999.0 -999.0 -999.0 -999.0 -999.0} "" -999.0 -999.0 -999.0 -999.0 -999 -999 "" ops_sky_apogee_best_unassigned ops_sky sky_apogee 0 0 0.0 0.0 -999 ""
FIBERMAP 675 R-1C20 BOSS 1 1 0 1 0 0 146.24702541630444 -33.93490346240994 143.1 92.2148142985328 -118.43787476109753 282.80612 109.43805 142.56434441251437 -1.281515066209472 2.2076535 -4.294641 1.0635576 142.56435388850295 -1.2815009344195634 142.5666338936398 -1.3906935522446227 55.57724410541172 171.9962303936677 5400.0 5400.0 2016.0 1 271 {-999.0 14.411784 14.0821 13.9850445 -999.0} sdss_psfmag_from_g3xp 14.365181 14.088947 13.65466 12.909 63050395170961188 977816328 "" ops_std_boss ops_std standard_boss 0 0 0.0 0.0 -999 ""
FIBERMAP 675 R-1C20 METROLOGY 0 0 0 1 0 0 146.1888330013811 -33.17594764998274 143.1 92.64748674865494 -117.81179807461723 282.80612 109.43805 -999.0 -999.0 -999.0 -999.0 -999.0 142.56630811812252 -1.2786062563688043 142.5685970944209 -1.3878421332233528 55.57984597651001 171.9921914024447 -999.0 6231.0 -999.0 -1 -999 {-999.0 -999.0 -999.0 -999.0 -999.0} "" -999.0 -999.0 -999.0 -999.0 -999 -999 "" "" "" "" 0 0 0.0 0.0 -999 ""
FIBERMAP 676 R-9C12 APOGEE 0 0 0 1 0 0 40.29627030118705 -172.99002687318594 143.1 -77.62526546830863 -159.72327397632776 192.67596 96.78051 -999.0 -999.0 -999.0 -999.0 -999.0 141.79251888767251 -1.4696237207446559 141.79461911919196 -1.5776826386574643 55.47390253234862 173.38720692823316 -999.0 16600.0 -999.0 2 152 {-999.0 -999.0 -999.0 -999.0 -999.0} "" -999.0 -999.0 -999.0 -999.0 -999 -999 "" ops_sky_apogee_best_unassigned ops_sky sky_apogee 0 0 0.0 0.0 -999 ""
FIBERMAP 676 R-9C12 BOSS 1 1 0 1 0 0 40.045102730383725 -172.28081006919433 143.1 -77.37378307476257 -159.01432225833773 192.67596 96.78051 141.79367065429688 -1.466592654501639 -999.0 -999.0 -999.0 141.7936371205444 -1.4666104138485903 141.79572845226403 -1.5745321279928943 55.47693077780046 173.3847209570725 5400.0 5400.0 2015.5 1 368 {-999.0 -999.0 -999.0 -999.0 -999.0} "" -999.0 -999.0 -999.0 -999.0 27021603143371849 812257116 "" ops_sky_boss_good ops_sky sky_boss 0 0 0.0 0.0 -999 ""
FIBERMAP 676 R-9C12 METROLOGY 0 0 0 1 0 0 40.783075108091694 -172.4150874849509 143.1 -76.88518923008807 -159.58326280135663 192.67596 96.78051 -999.0 -999.0 -999.0 -999.0 -999.0 141.79586574075594 -1.4691349276571155 141.79795655141544 -1.5770991169438466 55.474159981875914 173.3812486783566 -999.0 6231.0 -999.0 -1 -999 {-999.0 -999.0 -999.0 -999.0 -999.0} "" -999.0 -999.0 -999.0 -999.0 -999 -999 "" "" "" "" 0 0 0.0 0.0 -999 ""
FIBERMAP 677 R-11C3 APOGEE 1 1 0 1 0 0 -115.74052207440167 -209.6136004395528 143.1 -221.86948668463037 -89.92003328075535 337.8625 156.64493 141.13941557576052 -1.1523220005047414 -7.6631327 -3.1364062 0.57328576 141.1394005349475 -1.1523300803411543 141.1421065035085 -1.2594253428991322 55.84885674292408 174.48894402820625 16000.0 16600.0 2016.0 2 206 {-999.0 12.57384 11.645567 11.327022 -999.0} sdss_psfmag_from_g3xp 12.278048 11.693964 10.971499 9.489 63050395170938204 1105284195 bright_1x1 mwm_tess_rgb_apogee mwm_tessrgb science 0 0 0.0 0.0 -999 ""
FIBERMAP 677 R-11C3 BOSS 0 0 0 1 0 0 -115.19791816911173 -210.11706717444065 143.1 -221.76507956240977 -90.65269022830302 337.8625 156.64493 -999.0 -999.0 -999.0 -999.0 -999.0 141.1398714374009 -1.1557942013426183 141.1425604758703 -1.2627511842729786 55.845505107837404 174.48861677065366 -999.0 5400.0 -999.0 1 338 {-999.0 -999.0 -999.0 -999.0 -999.0} "" -999.0 -999.0 -999.0 -999.0 -999 -999 "" "" "" "" 0 0 0.0 0.0 -999 ""
FIBERMAP 677 R-11C3 METROLOGY 0 0 0 1 0 0 -115.90179981660648 -210.33870527737477 143.1 -222.4512949142695 -90.38163324046725 337.8625 156.64493 -999.0 -999.0 -999.0 -999.0 -999.0 141.13679175558545 -1.1545170184190061 141.1394865024094 -1.261508498995437 55.84699187512531 174.4938942451008 -999.0 6231.0 -999.0 -1 -999 {-999.0 -999.0 -999.0 -999.0 -999.0} "" -999.0 -999.0 -999.0 -999.0 -999 -999 "" "" "" "" 0 0 0.0 0.0 -999 ""
FIBERMAP 678 R+11C16 APOGEE 0 0 0 1 0 0 161.6073510005119 232.0281370773636 143.1 271.60460236123146 78.44861324713008 157.20781 57.116486 -999.0 -999.0 -999.0 -999.0 -999.0 143.370891273098 -0.3868498091075767 143.37447319567582 -0.49767814974879465 56.35867293533846 170.35917920633574 -999.0 16600.0 -999.0 2 58 {-999.0 -999.0 -999.0 -999.0 -999.0} "" -999.0 -999.0 -999.0 -999.0 -999 -999 "" ops_sky_apogee_best_unassigned ops_sky sky_apogee 0 0 0.0 0.0 -999 ""
FIBERMAP 678 R+11C16 BOSS 1 1 0 1 0 0 162.2251342939487 232.45406615733265 143.1 272.35257943518684 78.39042786180082 157.20781 57.116486 143.37432617708976 -0.3872799919019602 -32.95555 7.036754 3.2115037 143.37422560187886 -0.3872601892611347 143.3777871613717 -0.4979590002911248 56.35792806113659 170.35332858331003 5400.0 5400.0 2016.0 1 171 {-999.0 18.81969 17.390518 16.27828 -999.0} sdss_psfmag 18.240208 16.953135 15.835919 13.749 63050395170966470 1094442141 bright_1x1 mwm_bin_vis_boss mwm_filler science 0 0 0.0 0.0 -999 ""
FIBERMAP 678 R+11C16 METROLOGY 0 0 0 1 0 0 162.28387182722446 231.71102922082187 143.1 271.93035346891344 77.77637120747667 157.20781 57.116486 -999.0 -999.0 -999.0 -999.0 -999.0 143.37236231502965 -0.3899872785170309 143.3759253603767 -0.500720605919981 56.35545628812869 170.357357723925 -999.0 6231.0 -999.0 -1 -999 {-999.0 -999.0 -999.0 -999.0 -999.0} "" -999.0 -999.0 -999.0 -999.0 -999 -999 "" "" "" "" 0 0 0.0 0.0 -999 ""
FIBERMAP 681 R+6C17 APOGEE 1 1 0 1 0 0 132.051548294378 125.05766760683912 143.1 181.2977140375295 13.980354636771809 61.46251 152.74388 142.96746103799273 -0.6785244578169036 -1.3772689 -20.618464 2.2065372 142.9674579609659 -0.6785897309950191 142.97064857689645 -0.7887152303442936 56.12485681551581 171.14994478437512 16000.0 16600.0 2016.0 2 71 {-999.0 12.460717 11.948637 11.795354 -999.0} sdss_psfmag_from_g3xp 12.351778 11.988814 11.460559 10.529 63050395170965746 1094108858 bright_1x1 mwm_bin_vis_apogee mwm_filler science 0 0 0.0 0.0 -999 ""
FIBERMAP 681 R+6C17 BOSS 0 0 0 1 0 0 132.66800774561784 125.46026503626125 143.1 182.02997247700978 13.904882464908516 61.46251 152.74388 -999.0 -999.0 -999.0 -999.0 -999.0 142.97083493183308 -0.6790601050427829 142.97400651117215 -0.7890547663065677 56.12408557950071 171.14405047531568 -999.0 5400.0 -999.0 1 207 {-999.0 -999.0 -999.0 -999.0 -999.0} "" -999.0 -999.0 -999.0 -999.0 -999 -999 "" "" "" "" 0 0 0.0 0.0 -999 ""
FIBERMAP 681 R+6C17 METROLOGY 0 0 0 1 0 0 132.72600990646538 124.72204773794597 143.1 181.61021001529102 13.29503195957256 61.46251 152.74388 -999.0 -999.0 -999.0 -999.0 -999.0 142.96893185653497 -0.6817947581694214 142.9721044644374 -0.791824239490287 56.12158557702057 171.14807681675185 -999.0 6231.0 -999.0 -1 -999 {-999.0 -999.0 -999.0 -999.0 -999.0} "" -999.0 -999.0 -999.0 -999.0 -999 -999 "" "" "" "" 0 0 0.0 0.0 -999 ""
FIBERMAP 683 R-1C25 APOGEE 0 0 0 1 0 0 271.8784092831825 -32.82467013464801 143.1 190.48440122392265 -196.67786063544543 4.731306 60.617264 -999.0 -999.0 -999.0 -999.0 -999.0 143.00708777305073 -1.6313420109316574 143.0087706522017 -1.7412669721097842 55.17528855677436 171.29958114790486 -999.0 16600.0 -999.0 2 -999 {-999.0 -999.0 -999.0 -999.0 -999.0} "" -999.0 -999.0 -999.0 -999.0 -999 -999 "" "" "" "" 0 0 0.0 0.0 -999 ""
FIBERMAP 683 R-1C25 BOSS 1 1 0 1 0 0 271.558824786308 -33.5117828855447 143.1 189.80356664929386 -197.01027848486964 4.731306 60.617264 143.00409841627084 -1.6329993764594057 -19.139544 -4.3666353 1.4223105 143.00404198373514 -1.6330046347672564 143.00570455963538 -1.7427834913151585 55.1741742358166 171.30524187061556 5400.0 5400.0 2016.0 1 261 {-999.0 17.056639 16.15768 15.823715 -999.0} sdss_psfmag 16.764614 16.194868 15.472461 14.059 63050395170953144 1094783366 bright_1x1 mwm_bin_vis_boss mwm_filler science 0 0 0.0 0.0 -999 ""
FIBERMAP 683 R-1C25 METROLOGY 0 0 0 1 0 0 271.13571321717234 -32.89583567437616 143.1 189.86278416399537 -196.26550139921275 4.731306 60.617264 -999.0 -999.0 -999.0 -999.0 -999.0 143.0043229174473 -1.629622046758014 143.00599591123034 -1.7394422292102254 55.17745132571794 171.30399190103216 -999.0 6231.0 -999.0 -1 -999 {-999.0 -999.0 -999.0 -999.0 -999.0} "" -999.0 -999.0 -999.0 -999.0 -999 -999 "" "" "" "" 0 0 0.0 0.0 -999 ""
FIBERMAP 685 R+6C6 APOGEE 0 0 0 1 0 0 -111.40888086033536 97.31810853005913 143.1 -25.24961944301701 145.7284955072796 313.87122 68.04977 -999.0 -999.0 -999.0 -999.0 -999.0 142.0282097293689 -0.08098640933519456 142.0325110594622 -0.18979610755487197 56.830384165451946 172.7087218497456 -999.0 16600.0 -999.0 2 -999 {-999.0 -999.0 -999.0 -999.0 -999.0} "" -999.0 -999.0 -999.0 -999.0 -999 -999 "" "" "" "" 0 0 0.0 0.0 -999 ""
FIBERMAP 685 R+6C6 BOSS 1 1 0 1 0 0 -112.20817681072407 97.04585301157583 143.1 -26.04180812555305 146.0203173409418 313.87122 68.04977 142.02460941635826 -0.0797521385707923 0.03840663 -0.058434255 0.08820737 142.02461146607587 -0.07974947496495509 142.0289011932175 -0.1884210587973367 56.83213644539673 172.7150141642468 5400.0 5400.0 2016.0 1 55 {-999.0 20.736845 20.642042 20.224941 -999.0} sdss_psfmag 20.50186 20.2051 19.925009 -999.0 63050395170987913 1117136849 bright_1x1 openfibertargets_bhm_quaia_boss open_fiber science 0 0 0.0 0.0 -999 ""
FIBERMAP 685 R+6C6 METROLOGY 0 0 0 1 0 0 -112.0095766607514 97.76063145135737 143.1 -25.437515654537563 146.45039780163478 313.87122 68.04977 -999.0 -999.0 -999.0 -999.0 -999.0 142.0273550081719 -0.07776865606167474 142.0316514579418 -0.18648274657128458 56.83377033697786 172.70963779538985 -999.0 6231.0 -999.0 -1 -999 {-999.0 -999.0 -999.0 -999.0 -999.0} "" -999.0 -999.0 -999.0 -999.0 -999 -999 "" "" "" "" 0 0 0.0 0.0 -999 ""
FIBERMAP 687 R-7C16 APOGEE 1 1 0 1 0 0 133.51080116955384 -120.01900581412043 143.1 28.121549485572427 -177.27515305566274 101.40207 65.86638 142.27348811491902 -1.5486911432075825 -112.81486 37.836918 7.084954 142.27314574323816 -1.5485612204483594 142.27505562726066 -1.6573611164099336 55.34522673410846 172.5601957570204 16000.0 16600.0 2016.0 2 186 {-999.0 10.982455 10.553075 10.411213 -999.0} sdss_psfmag_from_g3xp 10.901288 10.576623 10.07924 9.235 63050395170908529 1103537767 bright_1x1 mwm_tess_2min_apogee mwm_planet science 0 0 0.0 0.0 -999 ""
FIBERMAP 687 R-7C16 BOSS 0 0 0 1 0 0 134.21351144493087 -120.2102266090342 143.1 28.546903628533364 -177.86611584384048 101.40207 65.86638 -999.0 -999.0 -999.0 -999.0 -999.0 142.27510422648064 -1.551418265928835 142.2769938916503 -1.6600801164185177 55.3423128381366 172.5573298691152 -999.0 5400.0 -999.0 1 306 {-999.0 -999.0 -999.0 -999.0 -999.0} "" -999.0 -999.0 -999.0 -999.0 -999 -999 "" "" "" "" 0 0 0.0 0.0 -999 ""
FIBERMAP 687 R-7C16 METROLOGY 0 0 0 1 0 0 133.70112686152362 -120.7404223206781 143.1 27.81513337490761 -177.95527123587908 101.40207 65.86638 -999.0 -999.0 -999.0 -999.0 -999.0 142.27177380675494 -1.5517791954094646 142.27366770095978 -1.660475462201316 55.342282000337704 172.5632173968564 -999.0 6231.0 -999.0 -1 -999 {-999.0 -999.0 -999.0 -999.0 -999.0} "" -999.0 -999.0 -999.0 -999.0 -999 -999 "" "" "" "" 0 0 0.0 0.0 -999 ""
FIBERMAP 688 R-7C2 APOGEE 0 0 0 1 1 0 -192.20322705112656 -148.14032549567008 143.1 -242.54771068773897 5.96645284751523 256.0129 120.763885 -999.0 -999.0 -999.0 -999.0 -999.0 141.0453195405057 -0.7180508104679013 141.0487507420312 -0.8251106692368753 56.289247127596475 174.59337515311788 -999.0 16600.0 -999.0 2 -999 {-999.0 -999.0 -999.0 -999.0 -999.0} "" -999.0 -999.0 -999.0 -999.0 -999 -999 "" "" "" "" 0 0 0.0 0.0 -999 ""
FIBERMAP 688 R-7C2 BOSS 1 0 0 1 1 0 -192.92613445567713 -148.40128723425525 143.1 -243.27346186982757 6.21894880067636 256.0129 120.763885 141.02485685717167 -0.6273163089839164 1.4853 -1.77905 0.5112368 141.04205736258854 -0.7170477366230524 141.04547993108605 -0.8239667394371066 56.290646476600905 174.59908624931919 5400.0 5400.0 2016.0 1 488 {-999.0 15.713254 15.364628 15.2604475 -999.0} sdss_psfmag 15.6653805 15.381393 14.942425 14.109 63050395170946774 978211598 "" ops_std_boss ops_std standard_boss 0 0 0.0 0.0 -999 ""
FIBERMAP 688 R-7C2 METROLOGY 0 0 0 1 1 0 -192.7812258471651 -147.66854231211033 143.1 -242.69955610407965 6.696788988230817 256.0129 120.763885 -999.0 -999.0 -999.0 -999.0 -999.0 141.04462426765733 -0.7148406240044876 141.04805310385194 -0.8218028891372656 56.29259977880023 174.59415588382225 -999.0 6231.0 -999.0 -1 -999 {-999.0 -999.0 -999.0 -999.0 -999.0} "" -999.0 -999.0 -999.0 -999.0 -999 -999 "" "" "" "" 0 0 0.0 0.0 -999 ""
FIBERMAP 689 R+5C20 APOGEE 0 0 0 1 0 0 210.3459612111785 102.30620166683919 143.1 227.77922406748542 -52.98648106247049 75.85955 43.72582 -999.0 -999.0 -999.0 -999.0 -999.0 143.17681336961513 -0.9818370154664647 143.17949421555778 -1.092204176458095 55.796534553313016 170.8514627738172 -999.0 16600.0 -999.0 2 45 {-999.0 -999.0 -999.0 -999.0 -999.0} "" -999.0 -999.0 -999.0 -999.0 -999 -999 "" "" "" "" 0 0 0.0 0.0 -999 ""
FIBERMAP 689 R+5C20 BOSS 1 1 0 1 0 0 210.7027118656032 101.65194910160942 143.1 227.64434942460105 -53.71922434950459 75.85955 43.72582 143.17630308781804 -0.9853058638642277 -19.026285 -9.386936 1.3391806 143.1762576763237 -0.9853034837878302 143.17891459962158 -1.0955312563913178 55.793314831887194 170.8532757204009 5400.0 5400.0 2016.0 1 194 {-999.0 15.2951565 14.533299 14.215363 -999.0} sdss_psfmag_from_g3xp 14.890647 14.626183 13.696602 12.283 63050395170960744 1095728776 bright_1x1 mwm_bin_vis_boss mwm_filler science 0 0 0.0 0.0 -999 ""
FIBERMAP 689 R+5C20 METROLOGY 0 0 0 1 0 0 209.95090429473044 101.67709462968752 143.1 227.07629705875888 -53.22632899847784 75.85955 43.72582 -999.0 -999.0 -999.0 -999.0 -999.0 143.17370128359138 -0.9830419306524382 143.17636741126216 -1.0933053702896423 55.795861151896084 170.85723605545596 -999.0 6231.0 -999.0 -1 -999 {-999.0 -999.0 -999.0 -999.0 -999.0} "" -999.0 -999.0 -999.0 -999.0 -999 -999 "" "" "" "" 0 0 0.0 0.0 -999 ""
FIBERMAP 690 R-4C17 APOGEE 1 1 0 1 0 0 90.64979507060886 -71.81978380666997 143.1 25.181955784156987 -112.85473886988676 241.92703 17.891811 142.25929265138882 -1.2569075376129137 -63.971687 0.9933953 10.973941 142.25951890065448 -1.2568843179593296 142.2618973350464 -1.365743080978767 55.63653797978608 172.52708587104505 16000.0 16600.0 2016.0 2 201 {-999.0 6.296915 6.2667985 6.291758 -999.0} sdss_psfmag_from_g3xp 6.35537 6.2381754 5.958116 5.522 63050395170961494 984764425 bright_1x1 mwm_snc_100pc_apogee mwm_snc science 0 0 1.3664343357086182 0.0 -999 ""
FIBERMAP 690 R-4C17 BOSS 0 0 0 1 0 0 90.7796448379803 -71.09280348624885 143.1 25.74053661960984 -112.37189409894759 241.92703 17.891811 -999.0 -999.0 -999.0 -999.0 -999.0 142.26208601236544 -1.2548769526701191 142.2644520087822 -1.3636015254207614 55.63838719634119 172.52217299579888 -999.0 5400.0 -999.0 1 301 {-999.0 -999.0 -999.0 -999.0 -999.0} "" -999.0 -999.0 -999.0 -999.0 -999 -999 "" "" "" "" 0 0 0.0 0.0 -999 ""
FIBERMAP 690 R-4C17 METROLOGY 0 0 0 1 0 0 91.35281990032612 -71.57489754362496 143.1 25.882143610814335 -113.10720088787835 241.92703 17.891811 -999.0 -999.0 -999.0 -999.0 -999.0 142.26272752078717 -1.258165077858393 142.2650924965044 -1.3669290817382795 55.63500954428517 172.5216907581251 -999.0 6231.0 -999.0 -1 -999 {-999.0 -999.0 -999.0 -999.0 -999.0} "" -999.0 -999.0 -999.0 -999.0 -999 -999 "" "" "" "" 0 0 0.0 0.0 -999 ""
FIBERMAP 691 R+10C2 APOGEE 0 0 0 1 0 0 -144.67357333870476 188.75333344659882 143.1 6.486693707542089 237.6855828564254 340.82108 115.017746 -999.0 -999.0 -999.0 -999.0 -999.0 142.171737053841 0.33354447137680326 142.17667743670592 0.22439741211270198 57.22635132440401 172.3622638234512 -999.0 16600.0 -999.0 2 -999 {-999.0 -999.0 -999.0 -999.0 -999.0} "" -999.0 -999.0 -999.0 -999.0 -999 -999 "" "" "" "" 0 0 0.0 0.0 -999 ""
FIBERMAP 691 R+10C2 BOSS 1 1 0 1 0 0 -144.60811935476977 187.99179176550405 143.1 6.058032732971122 237.0529257204499 340.82108 115.017746 142.16981439347074 0.33060315562832127 -999.0 -999.0 -999.0 142.1698161084554 0.33061076426585195 142.1747374664398 0.22159820015347254 57.22378639436832 172.36640275157592 5400.0 5400.0 2016.0 1 18 {-999.0 -999.0 -999.0 -999.0 -999.0} "" -999.0 -999.0 -999.0 -999.0 63050398251810877 1116316679 bright_1x1 openfibertargets_bhm_morexray_boss open_fiber science 0 0 0.0 0.0 -999 ""
FIBERMAP 691 R+10C2 METROLOGY 0 0 0 1 0 0 -145.27484382590842 188.3115916875023 143.1 5.741584906806165 237.72109037626205 340.82108 115.017746 -999.0 -999.0 -999.0 -999.0 -999.0 142.1683722767071 0.3336291897499944 142.1733029191774 0.22458107681190026 57.22691082738099 172.36842074491202 -999.0 6231.0 -999.0 -1 -999 {-999.0 -999.0 -999.0 -999.0 -999.0} "" -999.0 -999.0 -999.0 -999.0 -999 -999 "" "" "" "" 0 0 0.0 0.0 -999 ""
FIBERMAP 692 R+8C17 APOGEE 1 1 0 1 0 0 160.84212332121 144.65465725057493 143.1 215.996669389296 11.07256176234344 277.7791 131.3761 143.12383080286202 -0.6916006674530986 -43.058475 4.134626 4.20457 143.1237023166306 -0.6915901518699572 143.12684740268895 -0.8019544066755638 56.091214177183154 170.87540545541117 16000.0 16600.0 2016.0 2 81 {-999.0 12.253394 11.75583 11.613265 -999.0} sdss_psfmag_from_g3xp 12.148575 11.797623 11.279877 10.375 63050395170965449 1103763274 bright_1x1 mwm_tess_2min_apogee mwm_planet science 0 0 0.0 0.0 -999 ""
FIBERMAP 692 R+8C17 BOSS 0 0 0 1 0 0 160.32982837234903 144.13049292899754 143.1 215.26876633935433 10.988034160658456 277.7791 131.3761 -999.0 -999.0 -999.0 -999.0 -999.0 143.1204958781533 -0.69211151909018 143.123622360578 -0.8023346136175026 56.091267283202434 170.88122512072243 -999.0 5400.0 -999.0 1 226 {-999.0 -999.0 -999.0 -999.0 -999.0} "" -999.0 -999.0 -999.0 -999.0 -999 -999 "" "" "" "" 0 0 0.0 0.0 -999 ""
FIBERMAP 692 R+8C17 METROLOGY 0 0 0 1 0 0 160.1005592923245 144.83277225282663 143.1 215.53288791076787 11.677809831378852 277.7791 131.3761 -999.0 -999.0 -999.0 -999.0 -999.0 143.12166064776818 -0.6889432653190924 143.12479710665787 -0.7992075923067636 56.094209823244626 170.87839107342515 -999.0 6231.0 -999.0 -1 -999 {-999.0 -999.0 -999.0 -999.0 -999.0} "" -999.0 -999.0 -999.0 -999.0 -999 -999 "" "" "" "" 0 0 0.0 0.0 -999 ""
FIBERMAP 693 R+2C15 APOGEE 0 0 0 1 0 0 55.381220796837425 55.01478759462826 143.1 77.65072969794377 7.856668138541585 102.68479 59.822617 -999.0 -999.0 -999.0 -999.0 -999.0 142.49763808819552 -0.7071165594502731 142.5008584753952 -0.8165002709266003 56.15518779244048 171.99276385590406 -999.0 16600.0 -999.0 2 54 {-999.0 -999.0 -999.0 -999.0 -999.0} "" -999.0 -999.0 -999.0 -999.0 -999 -999 "" ops_sky_apogee_best_unassigned ops_sky sky_apogee 0 0 0.0 0.0 -999 ""
FIBERMAP 693 R+2C15 BOSS 1 1 0 1 0 0 56.08924014757847 54.80074800951657 143.1 78.06583952140029 7.244640538356038 102.68479 59.822617 142.4996063832458 -0.7100533993995806 -3.019026 1.4658682 0.3277935 142.49958838623294 -0.710032933899187 142.5027877680232 -0.8192828978117019 56.152198306949806 171.9899095038577 5400.0 5400.0 2016.0 1 198 {-999.0 16.960201 16.654564 16.531296 -999.0} sdss_psfmag 16.930283 16.638536 16.209816 15.409 63050395170984789 976113540 "" ops_std_boss ops_std standard_boss 0 0 0.0 0.0 -999 ""
FIBERMAP 693 R+2C15 METROLOGY 0 0 0 1 0 0 55.55272724980683 54.281316820804996 143.1 77.3221079663513 7.179037414400946 102.68479 59.822617 -999.0 -999.0 -999.0 -999.0 -999.0 142.4961932046584 -0.7102991586331607 142.49939725883632 -0.8195822628165887 56.152298134618505 171.9960171579475 -999.0 6231.0 -999.0 -1 -999 {-999.0 -999.0 -999.0 -999.0 -999.0} "" -999.0 -999.0 -999.0 -999.0 -999 -999 "" "" "" "" 0 0 0.0 0.0 -999 ""
FIBERMAP 694 R+3C15 APOGEE 0 0 0 1 0 0 48.55278007496029 46.19195317054012 143.1 66.79229145840563 5.303931880684173 245.39087 109.501274 -999.0 -999.0 -999.0 -999.0 -999.0 142.44825266716018 -0.7188200437669134 142.45146223524955 -0.8281229478911968 56.14939769566882 172.08326646276808 -999.0 16600.0 -999.0 2 -999 {-999.0 -999.0 -999.0 -999.0 -999.0} "" -999.0 -999.0 -999.0 -999.0 -999 -999 "" "" "" "" 0 0 0.0 0.0 -999 ""
FIBERMAP 694 R+3C15 BOSS 1 1 0 1 0 0 47.77182694523763 46.27420629474874 143.1 66.23756053096464 5.859530497785141 245.39087 109.501274 142.44614949213667 -0.7165063813287357 -133.19887 34.919537 11.725302 142.4457753798784 -0.7164263384209449 142.44897329706157 -0.8255899493806175 56.15220184581729 172.08717773034954 5400.0 5400.0 2016.0 1 197 {-999.0 18.06294 16.54831 15.217068 -999.0} sdss_psfmag 17.445938 15.938113 14.749798 12.612 63050395170984792 1151026818 bright_1x1 mwm_snc_100pc_boss_single mwm_snc science 0 0 0.0 0.0 -999 ""
FIBERMAP 694 R+3C15 METROLOGY 0 0 0 1 0 0 48.232620694545034 46.865867075756434 143.1 66.96796392033941 6.028905738845402 245.39087 109.501274 -999.0 -999.0 -999.0 -999.0 -999.0 142.44908715185568 -0.7156116168831342 142.45229032900937 -0.8248192141982936 56.152583265034735 172.08110283180872 -999.0 6231.0 -999.0 -1 -999 {-999.0 -999.0 -999.0 -999.0 -999.0} "" -999.0 -999.0 -999.0 -999.0 -999 -999 "" "" "" "" 0 0 0.0 0.0 -999 ""
FIBERMAP 695 R-4C1 APOGEE 0 0 0 1 0 0 -255.93017163673906 -70.24529151868714 143.1 -242.9950586182189 106.58784479705731 132.76607 125.81037 -999.0 -999.0 -999.0 -999.0 -999.0 141.0440514498239 -0.2628874006480531 141.04822900882965 -0.37006659229834454 56.74288498141693 174.52857399244712 -999.0 16600.0 -999.0 2 248 {-999.0 -999.0 -999.0 -999.0 -999.0} "" -999.0 -999.0 -999.0 -999.0 -999 -999 "" ops_sky_apogee_best_unassigned ops_sky sky_apogee 0 0 0.0 0.0 -999 ""
FIBERMAP 695 R-4C1 BOSS 1 1 0 1 0 0 -255.8017097951843 -69.51597809012594 143.1 -242.43608669097162 107.07337544676294 132.76607 125.81037 141.04653893297473 -0.2607584098572047 12.1350565 -13.637821 0.5393789 141.0465595206274 -0.2608084405372356 141.05072931222435 -0.3678587651869063 56.744885137080495 174.5237064135538 5400.0 5400.0 2016.0 1 497 {-999.0 16.250704 15.815711 15.646044 -999.0} sdss_psfmag 16.158121 15.817129 15.312511 14.366 63050395170992947 1072645771 bright_1x1 mwm_halo_local_high_boss_single mwm_halo science 0 0 0.0 0.0 -999 ""
FIBERMAP 695 R-4C1 METROLOGY 0 0 0 1 0 0 -255.2234809126779 -69.99640629067642 143.1 -242.28950580742006 106.33618035628209 132.76607 125.81037 -999.0 -999.0 -999.0 -999.0 -999.0 141.04719943117448 -0.26409383243385254 141.05136677161596 -0.37118214555898316 56.74152131841141 174.52303413687218 -999.0 6231.0 -999.0 -1 -999 {-999.0 -999.0 -999.0 -999.0 -999.0} "" -999.0 -999.0 -999.0 -999.0 -999 -999 "" "" "" "" 0 0 0.0 0.0 -999 ""
FIBERMAP 698 R+7C18 APOGEE 1 1 0 1 0 0 178.83038063933506 147.75430401663516 143.1 231.9187500021942 2.1537933685325625 71.35544 91.60775 143.19493855482696 -0.7319221864192278 -6.8749704 -7.5802894 2.3823707 143.19520995226037 -0.7319200795177099 143.19828027118677 -0.8423839384680585 56.04156434146628 170.7583335856039 16000.0 16600.0 2016.0 2 40 {-999.0 9.115697 8.310666 8.019078 -999.0} sdss_psfmag_from_g3xp 8.882326 8.354636 7.6711764 6.293 63050395170965329 1076220429 bright_1x1 mwm_snc_ext_main_apogee mwm_snc science 0 0 1.133785605430603 0.0 -999 ""
FIBERMAP 698 R+7C18 BOSS 0 0 0 1 0 0 179.54599638768687 147.54415992192546 143.1 232.34221225014414 1.540008190404875 71.35544 91.60775 -999.0 -999.0 -999.0 -999.0 -999.0 143.19716543684783 -0.734834567697969 143.20021228515566 -0.8451643622441048 56.03854845398586 170.75557940559054 -999.0 5400.0 -999.0 1 196 {-999.0 -999.0 -999.0 -999.0 -999.0} "" -999.0 -999.0 -999.0 -999.0 -999 -999 "" "" "" "" 0 0 0.0 0.0 -999 ""
FIBERMAP 698 R+7C18 METROLOGY 0 0 0 1 0 0 179.01091290205127 147.03063662037573 143.1 231.60331066354382 1.4780933650218089 71.35544 91.60775 -999.0 -999.0 -999.0 -999.0 -999.0 143.19384329239662 -0.7350823810176231 143.19689555560097 -0.8454455988675994 56.03871769037821 170.7615295767138 -999.0 6231.0 -999.0 -1 -999 {-999.0 -999.0 -999.0 -999.0 -999.0} "" -999.0 -999.0 -999.0 -999.0 -999 -999 "" "" "" "" 0 0 0.0 0.0 -999 ""
FIBERMAP 704 R+5C16 APOGEE 1 1 0 1 0 0 104.54533884563399 83.21684077821861 143.1 133.5906946849125 -1.1960236597975562 296.19012 108.410225 142.7518578159542 -0.7478886254849028 -7.7044044 -8.082136 1.9811332 142.7517926905916 -0.747906546336299 142.75490807202863 -0.8576772992524435 56.08373368294172 171.54929125841286 16000.0 16600.0 2016.0 2 79 {-999.0 11.267276 10.9783945 10.905436 -999.0} sdss_psfmag_from_g3xp 11.236388 10.9876175 10.579542 9.908 63050395170962934 1109775046 bright_1x1 mwm_tess_rgb_apogee mwm_tessrgb science 0 0 0.0 0.0 -999 ""
FIBERMAP 704 R+5C16 BOSS 0 0 0 1 0 0 104.02806188928426 82.68793878229896 143.1 132.85593938360932 -1.2810938767520885 296.19012 108.410225 -999.0 -999.0 -999.0 -999.0 -999.0 142.74853544261097 -0.7484360857064046 142.75163353801992 -0.8580653402379667 56.083753123931785 171.55520010913557 -999.0 5400.0 -999.0 1 214 {-999.0 -999.0 -999.0 -999.0 -999.0} "" -999.0 -999.0 -999.0 -999.0 -999 -999 "" "" "" "" 0 0 0.0 0.0 -999 ""
FIBERMAP 704 R+5C16 METROLOGY 0 0 0 1 0 0 103.8236080202146 83.39846138608897 143.1 133.14452375562584 -0.6005407220843547 296.19012 108.410225 -999.0 -999.0 -999.0 -999.0 -999.0 142.749823082019 -0.7452990100313234 142.75293074745053 -0.854969755756534 56.08666478178819 171.5522079354145 -999.0 6231.0 -999.0 -1 -999 {-999.0 -999.0 -999.0 -999.0 -999.0} "" -999.0 -999.0 -999.0 -999.0 -999 -999 "" "" "" "" 0 0 0.0 0.0 -999 ""
FIBERMAP 706 R+6C21 APOGEE 1 1 0 1 0 0 208.73443599929857 119.98685792445403 143.1 237.660052184805 -38.24027342616387 184.62273 98.18031 143.22118869338925 -0.9147325500757686 -33.823147 -47.53355 3.0914814 143.22109000858504 -0.914868334706249 143.2238692252492 -1.025322219733104 55.85684665571806 170.75718806010966 16000.0 16600.0 2016.0 2 67 {-999.0 11.773559 11.315086 11.173315 -999.0} sdss_psfmag_from_g3xp 11.682132 11.346294 10.841199 9.996 63050395170963786 975012109 "" ops_std_apogee ops_std standard_apogee 0 0 0.0 0.0 -999 ""
FIBERMAP 706 R+6C21 BOSS 0 0 0 1 0 0 208.55900937664444 120.70887533794466 143.1 237.9784178841057 -37.56906957048812 184.62273 98.18031 -999.0 -999.0 -999.0 -999.0 -999.0 143.22256198125095 -0.9119648110693936 143.22532681103206 -1.022284552304008 55.85965957250367 170.7538839600669 -999.0 5400.0 -999.0 1 249 {-999.0 -999.0 -999.0 -999.0 -999.0} "" -999.0 -999.0 -999.0 -999.0 -999 -999 "" "" "" "" 0 0 0.0 0.0 -999 ""
FIBERMAP 706 R+6C21 METROLOGY 0 0 0 1 0 0 209.27302645503053 120.50577975245784 143.1 238.4050765448791 -38.176374001399644 184.62273 98.18031 -999.0 -999.0 -999.0 -999.0 -999.0 143.22445867844502 -0.914667860260301 143.2272242761852 -1.025028663270642 55.8566842364765 170.75119548496417 -999.0 6231.0 -999.0 -1 -999 {-999.0 -999.0 -999.0 -999.0 -999.0} "" -999.0 -999.0 -999.0 -999.0 -999 -999 "" "" "" "" 0 0 0.0 0.0 -999 ""
FIBERMAP 709 R+2C18 APOGEE 0 0 0 1 0 0 120.88756636887629 53.172119918819426 143.1 127.36546124827825 -34.81968016235791 86.569695 84.41127 -999.0 -999.0 -999.0 -999.0 -999.0 142.72376375514048 -0.900913918410124 142.7266410473718 -1.0105992540275348 55.93544845178097 171.63310332098342 -999.0 16600.0 -999.0 2 -999 {-999.0 -999.0 -999.0 -999.0 -999.0} "" -999.0 -999.0 -999.0 -999.0 -999 -999 "" "" "" "" 0 0 0.0 0.0 -999 ""
FIBERMAP 709 R+2C18 BOSS 1 1 0 1 0 0 121.61148758388164 53.08289709345921 143.1 127.8715104400982 -35.344782302256114 86.569695 84.41127 142.72613525390625 -0.90344379125996 -999.0 -999.0 -999.0 142.72613209865807 -0.9034480902792636 142.7289881023355 -1.0129993728605504 55.93277913817525 171.62946987398567 5400.0 5400.0 2015.5 1 200 {-999.0 -999.0 -999.0 -999.0 -999.0} "" -999.0 -999.0 -999.0 -999.0 27021603143399567 812260979 "" ops_sky_boss_good ops_sky sky_boss 0 0 0.0 0.0 -999 ""
FIBERMAP 709 R+2C18 METROLOGY 0 0 0 1 0 0 121.17214385403418 52.48242604799484 143.1 127.1522187518177 -35.53450569813732 86.569695 84.41127 -999.0 -999.0 -999.0 -999.0 -999.0 142.722855557619 -0.9042778602011449 142.72571554701386 -1.0138626369247503 55.932322817082344 171.6354557476773 -999.0 6231.0 -999.0 -1 -999 {-999.0 -999.0 -999.0 -999.0 -999.0} "" -999.0 -999.0 -999.0 -999.0 -999 -999 "" "" "" "" 0 0 0.0 0.0 -999 ""
FIBERMAP 710 R+8C6 APOGEE 0 0 0 1 0 0 -82.58943347136575 158.3239582561511 143.1 35.544333375502816 174.96236136473232 318.34653 165.66707 -999.0 -999.0 -999.0 -999.0 -999.0 142.30425263827425 0.05160052584687353 142.3087166966601 -0.057681802725613684 56.93114919499848 172.1795694255201 -999.0 16600.0 -999.0 2 -999 {-999.0 -999.0 -999.0 -999.0 -999.0} "" -999.0 -999.0 -999.0 -999.0 -999 -999 "" "" "" "" 0 0 0.0 0.0 -999 ""
FIBERMAP 710 R+8C6 BOSS 1 1 0 1 0 0 -82.1689174606601 157.69886455033148 143.1 35.47734106583763 174.21211499314828 318.34653 165.66707 142.30352337429971 0.04815661881136741 13.852405 -12.03233 1.6375448 142.30398453850907 0.04813529617518166 142.30842789018703 -0.06101356613542431 56.92787235084765 172.1807937790508 5400.0 5400.0 2016.0 1 77 {-999.0 11.894251 11.606576 11.52282 -999.0} sdss_psfmag_from_g3xp 11.861991 11.608775 11.195021 10.479 63050395170990721 996702911 bright_1x1 mwm_bin_gaia_sb_boss mwm_bin science 0 0 1.4711123704910278 0.0 -999 ""
FIBERMAP 710 R+8C6 METROLOGY 0 0 0 1 0 0 -82.91767319018776 157.65394283282157 143.1 34.8675419163645 174.64867166178294 318.34653 165.66707 -999.0 -999.0 -999.0 -999.0 -999.0 142.30120301027077 0.05013230520389528 142.30565438340818 -0.05905014252621613 56.93014008737043 172.18543160337944 -999.0 6231.0 -999.0 -1 -999 {-999.0 -999.0 -999.0 -999.0 -999.0} "" -999.0 -999.0 -999.0 -999.0 -999 -999 "" "" "" "" 0 0 0.0 0.0 -999 ""
FIBERMAP 714 R-3C22 APOGEE 0 0 0 1 0 0 198.98191584680413 -44.74666133984933 143.1 126.36342803773243 -160.03860247041715 180.02586 63.09553 -999.0 -999.0 -999.0 -999.0 -999.0 142.71883762165555 -1.4688138605564391 142.72081540622042 -1.5783354636293105 55.37262028518469 171.76554172571332 -999.0 16600.0 -999.0 2 209 {-999.0 -999.0 -999.0 -999.0 -999.0} "" -999.0 -999.0 -999.0 -999.0 -999 -999 "" ops_sky_apogee_best_unassigned ops_sky sky_apogee 0 0 0.0 0.0 -999 ""
FIBERMAP 714 R-3C22 BOSS 1 1 0 1 0 0 199.29188305764583 -44.081428058012754 143.1 127.02301729351697 -159.7171217193516 180.02586 63.09553 142.72200214384878 -1.4675504277765732 -33.713215 16.426912 3.0888083 142.7218725689641 -1.467522637708846 142.72383498499215 -1.576909344711435 55.37367222490301 171.75996596927249 5400.0 5400.0 2016.0 1 309 {-999.0 18.71259 17.346766 16.284126 -999.0} sdss_psfmag 18.17736 16.947762 15.849946 13.792 63050395170959465 943255156 bright_1x1 openfibertargets_nov2020_46 open_fiber science 0 0 0.0 0.0 -999 ""
FIBERMAP 714 R-3C22 METROLOGY 0 0 0 1 0 0 199.72448092512244 -44.698881818374815 143.1 126.97021865150711 -160.46904178341 180.02586 63.09553 -999.0 -999.0 -999.0 -999.0 -999.0 142.72161439497475 -1.4708709748084803 142.72357635762864 -1.5802960115193905 55.37034142376644 171.76113608948242 -999.0 6231.0 -999.0 -1 -999 {-999.0 -999.0 -999.0 -999.0 -999.0} "" -999.0 -999.0 -999.0 -999.0 -999 -999 "" "" "" "" 0 0 0.0 0.0 -999 ""
FIBERMAP 715 R-6C17 APOGEE 1 1 0 1 0 0 147.25630917948234 -102.24533446855094 143.1 49.98785221232015 -172.12607110821324 93.899895 62.496136 142.3724530059504 -1.5246452516745648 8.007514 -124.373436 10.642967 142.372462994824 -1.5250153256324042 142.37439745425314 -1.6339782787372072 55.35752191503709 172.3820679707853 16000.0 16600.0 2016.0 2 205 {-999.0 14.845966 13.465716 12.681522 -999.0} sdss_psfmag_from_g3xp 14.287775 13.285649 12.290256 10.404 63050395170907027 984759710 bright_1x1 mwm_snc_100pc_apogee mwm_snc science 0 0 0.0 0.0 -999 ""
FIBERMAP 715 R-6C17 BOSS 0 0 0 1 0 0 147.92488862855305 -102.56881799907669 143.1 50.30342135295014 -172.79826457095282 93.899895 62.496136 -999.0 -999.0 -999.0 -999.0 -999.0 142.37392738547203 -1.5282387984398464 142.37584075675585 -1.6370629226859479 55.35429560760947 172.38015113683483 -999.0 5400.0 -999.0 1 299 {-999.0 -999.0 -999.0 -999.0 -999.0} "" -999.0 -999.0 -999.0 -999.0 -999 -999 "" "" "" "" 0 0 0.0 0.0 -999 ""
FIBERMAP 715 R-6C17 METROLOGY 0 0 0 1 0 0 147.32510266191528 -103.01045318537733 143.1 49.55953259468093 -172.76360899218375 93.899895 62.496136 -999.0 -999.0 -999.0 -999.0 -999.0 142.37054145525315 -1.5280439068968998 142.37246005585308 -1.636902498883253 55.3548318370763 172.38602691814583 -999.0 6231.0 -999.0 -1 -999 {-999.0 -999.0 -999.0 -999.0 -999.0} "" -999.0 -999.0 -999.0 -999.0 -999 -999 "" "" "" "" 0 0 0.0 0.0 -999 ""
FIBERMAP 717 R+6C9 APOGEE 0 0 0 1 0 0 -58.56570352527536 125.10082564570116 143.1 33.283625804141 134.03365598498357 168.87874 92.43445 -999.0 -999.0 -999.0 -999.0 -999.0 142.29447372061708 -0.13357811527178343 142.29864342500673 -0.24279579010633381 56.74839049255902 172.23644775693487 -999.0 16600.0 -999.0 2 -999 {-999.0 -999.0 -999.0 -999.0 -999.0} "" -999.0 -999.0 -999.0 -999.0 -999 -999 "" "" "" "" 0 0 0.0 0.0 -999 ""
FIBERMAP 717 R+6C9 BOSS 1 1 0 1 0 0 -58.466429965522096 125.8511357633571 143.1 33.83314920565698 134.55387157291102 168.87874 92.43445 142.29703441644028 -0.13122569328713216 -16.495935 -23.191584 0.6193341 142.29699571607316 -0.13129630068286177 142.30115340309305 -0.24038553660684175 56.750499933213476 172.23140021680263 5400.0 5400.0 2016.0 1 130 {-999.0 14.793804 14.441558 14.313815 -999.0} sdss_psfmag_from_g3xp 14.733954 14.441466 13.979254 13.151 63050395170990273 1072530635 bright_1x1 mwm_halo_local_high_boss_single mwm_halo science 0 0 0.0 0.0 -999 ""
FIBERMAP 717 R+6C9 METROLOGY 0 0 0 1 0 0 -57.87688951778106 125.38752626235805 143.1 33.999104804927995 133.822616395494 168.87874 92.43445 -999.0 -999.0 -999.0 -999.0 -999.0 142.2977517182252 -0.13458309768939322 142.30190832633502 -0.24371033991557325 56.747110868021515 172.23072159994632 -999.0 6231.0 -999.0 -1 -999 {-999.0 -999.0 -999.0 -999.0 -999.0} "" -999.0 -999.0 -999.0 -999.0 -999 -999 "" "" "" "" 0 0 0.0 0.0 -999 ""
FIBERMAP 719 R+3C18 APOGEE 0 0 0 1 1 0 109.2547069178463 43.05967988289068 143.1 111.96372805487604 -35.34893508631445 281.62695 51.059193 -999.0 -999.0 -999.0 -999.0 -999.0 142.65387560854217 -0.9034968863667473 142.65675947351878 -1.0130722357337292 55.94148124844496 171.75746645266287 -999.0 16600.0 -999.0 2 87 {-999.0 -999.0 -999.0 -999.0 -999.0} "" -999.0 -999.0 -999.0 -999.0 -999 -999 "" ops_sky_apogee_best_unassigned ops_sky sky_apogee 0 0 0.0 0.0 -999 ""
FIBERMAP 719 R+3C18 BOSS 1 0 0 1 1 0 108.59340039902783 43.424233961434645 143.1 111.67966693347658 -34.64942384301976 281.62695 51.059193 142.6761590770605 -0.8854382808606042 -3.5903966 -4.7663665 0.23204634 142.65265043186469 -0.9004701915065554 142.65552264505652 -1.0099074161599841 55.94477207248684 171.75897724318656 5400.0 5400.0 2016.0 1 218 {-999.0 17.212347 16.985687 16.898472 -999.0} sdss_psfmag 17.204367 16.965603 16.577423 15.83 63050395170962650 944389948 bright_1x1 openfibertargets_nov2020_6c open_fiber science 0 0 0.0 0.0 -999 ""
FIBERMAP 719 R+3C18 METROLOGY 0 0 0 1 1 0 109.23715845552698 43.80841062697822 143.1 112.42152819681642 -34.75639057142119 281.62695 51.059193 -999.0 -999.0 -999.0 -999.0 -999.0 142.65600493821796 -0.900906862252144 142.6588806538782 -1.0103880490593582 55.94389006397089 171.7531289651259 -999.0 6231.0 -999.0 -1 -999 {-999.0 -999.0 -999.0 -999.0 -999.0} "" -999.0 -999.0 -999.0 -999.0 -999 -999 "" "" "" "" 0 0 0.0 0.0 -999 ""
FIBERMAP 721 R+9C9 APOGEE 0 0 0 1 0 0 -28.409642149766494 170.1631269495265 143.1 85.07699140226163 150.0435186199113 226.32304 81.0991 -999.0 -999.0 -999.0 -999.0 -999.0 142.52950869998827 -0.06108802110583428 142.53375211164064 -0.17069528874788586 56.792537123873444 171.7949839895408 -999.0 16600.0 -999.0 2 9 {-999.0 -999.0 -999.0 -999.0 -999.0} "" -999.0 -999.0 -999.0 -999.0 -999 -999 "" ops_sky_apogee_best_unassigned ops_sky sky_apogee 0 0 0.0 0.0 -999 ""
FIBERMAP 721 R+9C9 BOSS 1 1 0 1 0 0 -28.86878126258813 170.7458994506051 143.1 85.08734038875983 150.7852151450647 226.32304 81.0991 142.52965154567553 -0.057842692092788965 -24.35921 6.715289 1.5733014 142.52958530908688 -0.057817069214248965 142.53381786998096 -0.16729262691727806 56.79590730019191 171.79411911064005 5400.0 5400.0 2016.0 1 125 {-999.0 19.7552 18.320522 17.355457 -999.0} sdss_psfmag 19.116804 18.020664 16.957743 14.814 63050395170990385 1094665164 bright_1x1 mwm_bin_vis_boss mwm_filler science 0 0 0.0 0.0 -999 ""
FIBERMAP 721 R+9C9 METROLOGY 0 0 0 1 0 0 -28.138668853516236 170.86143459908294 143.1 85.72712123148398 150.41523833003976 226.32304 81.0991 -999.0 -999.0 -999.0 -999.0 -999.0 142.5324850490263 -0.059465051210770205 142.53671900407056 -0.16898232573060348 56.79388152706445 171.78923033058092 -999.0 6231.0 -999.0 -1 -999 {-999.0 -999.0 -999.0 -999.0 -999.0} "" -999.0 -999.0 -999.0 -999.0 -999 -999 "" "" "" "" 0 0 0.0 0.0 -999 ""
FIBERMAP 723 R-2C19 APOGEE 0 0 0 1 0 0 128.0247472201089 -24.254469670448273 143.1 84.15780222036125 -99.44621751307255 134.5858 94.30252 -999.0 -999.0 -999.0 -999.0 -999.0 142.52771708826214 -1.195265882057467 142.5301558629335 -1.304563729875895 55.667043303031775 172.04256068990603 -999.0 16600.0 -999.0 2 212 {-999.0 -999.0 -999.0 -999.0 -999.0} "" -999.0 -999.0 -999.0 -999.0 -999 -999 "" ops_sky_apogee_best_unassigned ops_sky sky_apogee 0 0 0.0 0.0 -999 ""
FIBERMAP 723 R-2C19 BOSS 1 1 0 1 0 0 128.5195228950853 -23.70246077257506 143.1 84.88963106705206 -99.32903386577783 134.5858 94.30252 142.53112792968747 -1.1949143760590601 -999.0 -999.0 -999.0 142.5310950350174 -1.1949037008336607 142.53351764562268 -1.3040684150286599 55.66714375547908 172.03653989872998 5400.0 5400.0 2015.5 1 297 {-999.0 -999.0 -999.0 -999.0 -999.0} "" -999.0 -999.0 -999.0 -999.0 27021603143399009 812260877 "" ops_sky_boss_good ops_sky sky_boss 0 0 0.0 0.0 -999 ""
FIBERMAP 723 R-2C19 METROLOGY 0 0 0 1 0 0 128.75455114595255 -24.400623434506194 143.1 84.63257431152199 -100.01923855648948 134.5858 94.30252 -999.0 -999.0 -999.0 -999.0 -999.0 142.5299157607263 -1.1979945352174084 142.53233823105563 -1.3071957982776348 55.66417504525919 172.03926221190494 -999.0 6231.0 -999.0 -1 -999 {-999.0 -999.0 -999.0 -999.0 -999.0} "" -999.0 -999.0 -999.0 -999.0 -999 -999 "" "" "" "" 0 0 0.0 0.0 -999 ""
FIBERMAP 724 R+1C21 APOGEE 0 0 0 1 0 0 173.6358776495911 11.537532780176548 143.1 142.11728689372603 -100.3671454885787 274.62762 144.58946 -999.0 -999.0 -999.0 -999.0 -999.0 142.7905982802438 -1.1984107422891639 142.79299446943298 -1.3081189360264764 55.6320351542291 171.58097265565183 -999.0 16600.0 -999.0 2 -999 {-999.0 -999.0 -999.0 -999.0 -999.0} "" -999.0 -999.0 -999.0 -999.0 -999 -999 "" "" "" "" 0 0 0.0 0.0 -999 ""
FIBERMAP 724 R+1C21 BOSS 1 1 0 1 0 0 173.28067289068048 10.887329753625469 143.1 141.43202789562767 -100.64846986033568 274.62762 144.58946 142.78759819403672 -1.1998742558130322 -17.018118 0.64433116 1.7569236 142.78755877166907 -1.1998717329414312 142.78993589007717 -1.3094361750483192 55.63110436530923 171.5866353886558 5400.0 5400.0 2016.0 1 234 {-999.0 21.470274 19.978258 18.884293 -999.0} sdss_psfmag 20.81446 19.58095 18.441053 16.257 63050395170960535 1095540953 bright_1x1 mwm_bin_vis_boss mwm_filler science 0 0 0.0 0.0 -999 ""
FIBERMAP 724 R+1C21 METROLOGY 0 0 0 1 0 0 172.8898798351955 11.52531633925409 143.1 141.53022212634855 -99.90692503292394 274.62762 144.58946 -999.0 -999.0 -999.0 -999.0 -999.0 142.787993072909 -1.1964615723180971 142.79038039911796 -1.3060669227865616 55.63439330815874 171.58511954342194 -999.0 6231.0 -999.0 -1 -999 {-999.0 -999.0 -999.0 -999.0 -999.0} "" -999.0 -999.0 -999.0 -999.0 -999 -999 "" "" "" "" 0 0 0.0 0.0 -999 ""
FIBERMAP 730 R+6C13 APOGEE 0 0 0 1 0 0 55.152149982838196 101.22582688047208 143.1 106.56903023698088 43.890309087848905 343.3859 73.01846 -999.0 -999.0 -999.0 -999.0 -999.0 142.62873000821818 -0.5429332527134683 142.63219031071503 -0.6525670177457776 56.30231380553517 171.72308044235552 -999.0 16600.0 -999.0 2 -999 {-999.0 -999.0 -999.0 -999.0 -999.0} "" -999.0 -999.0 -999.0 -999.0 -999 -999 "" "" "" "" 0 0 0.0 0.0 -999 ""
FIBERMAP 730 R+6C13 BOSS 1 1 0 1 0 0 54.72915547848013 100.60222234457846 143.1 105.84787032050058 43.67232517742523 343.3859 73.01846 142.6255715972702 -0.5440385231551425 1.1607366 -0.88186693 -0.25846255 142.62552295097103 -0.5440426211337019 142.62896554159522 -0.6535358677384825 56.3017422984019 171.72906100749358 5400.0 5400.0 2016.0 1 149 {-999.0 20.602734 20.372889 20.101767 -999.0} sdss_psfmag 20.244308 20.218342 19.814438 -999.0 63050395170985072 1117136922 bright_1x1 openfibertargets_bhm_quaia_boss open_fiber science 0 0 0.0 0.0 -999 ""
FIBERMAP 730 R+6C13 METROLOGY 0 0 0 1 0 0 54.40718489726859 101.26692434747524 143.1 106.01633596900888 44.39128509031805 343.3859 73.01846 -999.0 -999.0 -999.0 -999.0 -999.0 142.62626571722342 -0.5407364458357725 142.62971810450927 -0.6502700732280193 56.304893058015885 171.7270024037751 -999.0 6231.0 -999.0 -1 -999 {-999.0 -999.0 -999.0 -999.0 -999.0} "" -999.0 -999.0 -999.0 -999.0 -999 -999 "" "" "" "" 0 0 0.0 0.0 -999 ""
FIBERMAP 733 R+2C2 APOGEE 0 0 0 1 0 0 -235.03565653498504 23.946277973495242 143.1 -167.46096092429397 166.58495184781657 348.40665 70.35495 -999.0 -999.0 -999.0 -999.0 -999.0 141.38411532062864 0.010236614961652143 141.3886796132025 -0.09756557334866155 56.98545758949843 173.86562614640428 -999.0 16600.0 -999.0 2 -999 {-999.0 -999.0 -999.0 -999.0 -999.0} "" -999.0 -999.0 -999.0 -999.0 -999 -999 "" "" "" "" 0 0 0.0 0.0 -999 ""
FIBERMAP 733 R+2C2 BOSS 1 1 0 1 0 0 -235.38833216288407 23.3253658317698 143.1 -168.12581305285994 166.32478355592912 348.40665 70.35495 141.38147464211067 0.009038965832721959 -130.39653 -42.0258 12.490984 141.38110567153493 0.008932156338618978 141.38565646688124 -0.09873265713391695 56.984566747626516 173.87134459699274 5400.0 5400.0 2016.0 1 10 {-999.0 16.97943 15.566556 14.35445 -999.0} sdss_psfmag 16.398653 15.049782 13.90645 11.895 63050395170994040 1151028825 bright_1x1 mwm_snc_100pc_boss_single mwm_snc science 0 0 0.0 0.0 -999 ""
FIBERMAP 733 R+2C2 METROLOGY 0 0 0 1 0 0 -235.78170107432882 23.95519569894197 143.1 -168.03475511507042 167.06161539323438 348.40665 70.35495 -999.0 -999.0 -999.0 -999.0 -999.0 141.38153262341396 0.012286300276539602 141.38609218087822 -0.09541755574546391 56.98782934039872 173.87000182856707 -999.0 6231.0 -999.0 -1 -999 {-999.0 -999.0 -999.0 -999.0 -999.0} "" -999.0 -999.0 -999.0 -999.0 -999 -999 "" "" "" "" 0 0 0.0 0.0 -999 ""
FIBERMAP 741 R+5C9 APOGEE 1 1 0 1 0 0 -49.33915780109402 86.97758038889657 143.1 16.44551635200674 98.61618302937981 296.64117 125.57011 142.21823819009612 -0.2944407445460173 -15.1866665 9.372556 2.630513 142.2182168115183 -0.2944129193366763 142.22214241590376 -0.4034671088930032 56.59733083426002 172.40765877983972 16000.0 16600.0 2016.0 2 101 {-999.0 10.459922 10.174962 10.102605 -999.0} sdss_psfmag_from_g3xp 10.433123 10.184711 9.775093 9.121 63050395170987248 975012580 "" ops_std_apogee ops_std standard_apogee 0 0 0.0 0.0 -999 ""
FIBERMAP 741 R+5C9 BOSS 0 0 0 1 0 0 -49.66452176828831 86.31342082399263 143.1 15.774645389295195 98.30523054764707 296.64117 125.57011 -999.0 -999.0 -999.0 -999.0 -999.0 142.21518862375845 -0.29591584025880296 142.21909738773064 -0.4048309840011757 56.596313573159904 172.4134306829964 -999.0 5400.0 -999.0 1 75 {-999.0 -999.0 -999.0 -999.0 -999.0} "" -999.0 -999.0 -999.0 -999.0 -999 -999 "" "" "" "" 0 0 0.0 0.0 -999 ""
FIBERMAP 741 R+5C9 METROLOGY 0 0 0 1 0 0 -50.08895317840351 86.91866658203924 143.1 15.8260998238343 99.04252746251424 296.64117 125.57011 -999.0 -999.0 -999.0 -999.0 -999.0 142.2154107346412 -0.2925359879854459 142.21932911120803 -0.40149033152539865 56.59960784459241 172.4123386262409 -999.0 6231.0 -999.0 -1 -999 {-999.0 -999.0 -999.0 -999.0 -999.0} "" -999.0 -999.0 -999.0 -999.0 -999 -999 "" "" "" "" 0 0 0.0 0.0 -999 ""
FIBERMAP 742 R-5C19 APOGEE 0 0 0 1 0 0 159.23882814859888 -108.83732000928796 143.1 55.14341157700793 -184.790324544321 243.52452 107.05346 -999.0 -999.0 -999.0 -999.0 -999.0 142.39585699635384 -1.5820751243774436 142.39769730364094 -1.6910590951117797 55.29819623562451 172.35259544572966 -999.0 16600.0 -999.0 2 -999 {-999.0 -999.0 -999.0 -999.0 -999.0} "" -999.0 -999.0 -999.0 -999.0 -999 -999 "" "" "" "" 0 0 0.0 0.0 -999 ""
FIBERMAP 742 R-5C19 BOSS 1 1 0 1 0 0 158.50469520817146 -108.73110469389397 143.1 54.64013064588638 -184.24559564606 243.52452 107.05346 142.39362710249264 -1.5798160830242083 -7.598317 -5.2220445 1.7352525 142.3936046776647 -1.579818188123062 142.3954330502363 -1.6886587241731508 55.30083484037727 172.3560741626577 5400.0 5400.0 2016.0 1 287 {-999.0 14.331949 13.907601 13.750299 -999.0} sdss_psfmag_from_g3xp 14.248301 13.947647 13.414816 12.512 63050395170906982 1075907470 bright_1x1 mwm_erosita_stars_boss mwm_erosita science 0 0 0.0 0.0 -999 ""
FIBERMAP 742 R-5C19 METROLOGY 0 0 0 1 0 0 158.96871623843163 -108.14183346269083 143.1 55.371535925146176 -184.0801082457995 243.52452 107.05346 -999.0 -999.0 -999.0 -999.0 -999.0 142.39691734697286 -1.5790099414421708 142.39875105569644 -1.6878957371938763 55.30122176638949 172.350134694001 -999.0 6231.0 -999.0 -1 -999 {-999.0 -999.0 -999.0 -999.0 -999.0} "" -999.0 -999.0 -999.0 -999.0 -999 -999 "" "" "" "" 0 0 0.0 0.0 -999 ""
FIBERMAP 743 R-1C3 APOGEE 0 0 0 1 0 0 -237.9272099415534 -5.766223707017344 143.1 -188.41476852887183 145.3296216011759 107.59832 109.182014 -999.0 -999.0 -999.0 -999.0 -999.0 141.28939965427637 -0.08627468640866139 141.29382349405995 -0.19389840173393869 56.897895291793446 174.05445973856817 -999.0 16600.0 -999.0 2 281 {-999.0 -999.0 -999.0 -999.0 -999.0} "" -999.0 -999.0 -999.0 -999.0 -999 -999 "" ops_sky_apogee_best_unassigned ops_sky sky_apogee 0 0 0.0 0.0 -999 ""
FIBERMAP 743 R-1C3 BOSS 1 1 0 1 0 0 -237.33603567240547 -5.31008408797708 143.1 -187.6684354362091 145.31165301460442 107.59832 109.182014 141.29271312706507 -0.08645821712919882 1.9650997 5.140893 2.7631612 141.29274202349822 -0.08644457189808753 141.29715338619127 -0.19394100260954475 56.89756266812835 174.04839257339006 5400.0 5400.0 2016.0 1 433 {-999.0 17.958858 16.56946 15.801056 -999.0} sdss_psfmag 17.40694 16.406183 15.416927 13.591 63050395170993278 1094426169 bright_1x1 mwm_bin_vis_boss mwm_filler science 0 0 0.0 0.0 -999 ""
FIBERMAP 743 R-1C3 METROLOGY 0 0 0 1 0 0 -237.23076924835408 -6.048071110211605 143.1 -188.0513455207282 144.67222199544233 107.59832 109.182014 -999.0 -999.0 -999.0 -999.0 -999.0 141.29100985289168 -0.08930811707094115 141.29542014336897 -0.19683857012202438 56.894827203856394 174.052016433915 -999.0 6231.0 -999.0 -1 -999 {-999.0 -999.0 -999.0 -999.0 -999.0} "" -999.0 -999.0 -999.0 -999.0 -999 -999 "" "" "" "" 0 0 0.0 0.0 -999 ""
FIBERMAP 748 R-1C24 APOGEE 0 0 0 1 0 0 228.78069361633067 -32.10311507310926 143.1 157.4672462636192 -168.98153013617875 249.9101 109.76941 -999.0 -999.0 -999.0 -999.0 -999.0 142.85921201577398 -1.5081969033005098 142.86110868547507 -1.6179264124730888 55.31618911184511 171.52927738044784 -999.0 16600.0 -999.0 2 210 {-999.0 -999.0 -999.0 -999.0 -999.0} "" -999.0 -999.0 -999.0 -999.0 -999 -999 "" ops_sky_apogee_best_unassigned ops_sky sky_apogee 0 0 0.0 0.0 -999 ""
FIBERMAP 748 R-1C24 BOSS 1 1 0 1 0 0 228.03487527541856 -32.10762302405883 143.1 156.88517443767765 -168.51543595080818 249.9101 109.76941 142.85659790039062 -1.5062393072933702 -999.0 -999.0 -999.0 142.85663716840855 -1.5062831153905842 142.85851969738832 -1.615868925383222 55.31855135848259 171.53334241775568 5400.0 5400.0 2015.5 1 311 {-999.0 -999.0 -999.0 -999.0 -999.0} "" -999.0 -999.0 -999.0 -999.0 27021603143397749 820299937 "" ops_sky_boss_good ops_sky sky_boss 0 0 0.0 0.0 -999 ""
FIBERMAP 748 R-1C24 METROLOGY 0 0 0 1 0 0 228.39659090119255 -31.45958283839927 143.1 157.5741282390897 -168.23989081735812 249.9101 109.76941 -999.0 -999.0 -999.0 -999.0 -999.0 142.85973862387752 -1.5049729030264014 142.86162776493194 -1.614603645342913 55.319421963112234 171.5276488874288 -999.0 6231.0 -999.0 -1 -999 {-999.0 -999.0 -999.0 -999.0 -999.0} "" -999.0 -999.0 -999.0 -999.0 -999 -999 "" "" "" "" 0 0 0.0 0.0 -999 ""
FIBERMAP 751 R-10C16 APOGEE 0 0 0 1 0 0 139.82704325349283 -207.25396775792893 143.1 -21.89940435533372 -249.00238521450265 283.2705 34.32033 -999.0 -999.0 -999.0 -999.0 -999.0 142.04668425788583 -1.8711481825689376 142.04810526092882 -1.9795002421177132 55.04884729066424 173.01501916962053 -999.0 16600.0 -999.0 2 -999 {-999.0 -999.0 -999.0 -999.0 -999.0} "" -999.0 -999.0 -999.0 -999.0 -999 -999 "" "" "" "" 0 0 0.0 0.0 -999 ""
FIBERMAP 751 R-10C16 BOSS 1 1 0 1 0 0 139.2651939076779 -206.7546280875953 143.1 -22.02135683961608 -248.26081586404172 283.2705 34.32033 142.0461240037244 -1.8680190242208567 -0.46519506 -0.37578446 -0.1936121 142.04613559187914 -1.8680000919870827 142.0475471109093 -1.9762101899040823 55.05217715040318 173.01540017665116 5400.0 5400.0 2016.0 1 268 {-999.0 19.000622 18.732563 18.745014 -999.0} sdss_psfmag 19.54043 19.401161 19.036268 -999.0 63050395170905858 1117136488 bright_1x1 openfibertargets_bhm_quaia_boss open_fiber science 0 0 0.0 0.0 -999 ""
FIBERMAP 751 R-10C16 METROLOGY 0 0 0 1 0 0 139.9750574164703 -206.52269914239162 143.1 -21.324016225312114 -248.52764696164186 283.2705 34.32033 -999.0 -999.0 -999.0 -999.0 -999.0 142.0492938825752 -1.8691448514053846 142.0507073131501 -1.9773998665999546 55.05067045904878 173.01012826356714 -999.0 6231.0 -999.0 -1 -999 {-999.0 -999.0 -999.0 -999.0 -999.0} "" -999.0 -999.0 -999.0 -999.0 -999 -999 "" "" "" "" 0 0 0.0 0.0 -999 ""
FIBERMAP 753 R-2C22 APOGEE 0 0 0 1 0 0 193.77737388820645 -46.452790468280426 143.1 121.24712193745572 -158.08667795418137 203.71564 135.1873 -999.0 -999.0 -999.0 -999.0 -999.0 142.69570517254465 -1.46013621042862 142.69769982590697 -1.5696240840066287 55.38404595126895 171.8040738501963 -999.0 16600.0 -999.0 2 -999 {-999.0 -999.0 -999.0 -999.0 -999.0} "" -999.0 -999.0 -999.0 -999.0 -999 -999 "" "" "" "" 0 0 0.0 0.0 -999 ""
FIBERMAP 753 R-2C22 BOSS 1 1 0 1 0 0 193.07143261928502 -46.18726218370181 143.1 120.86604525807087 -157.43597053327457 203.71564 135.1873 142.69413268652832 -1.457398010445915 -36.34798 -5.3203325 4.112721 142.69403443934138 -1.4573873202290366 142.69601677339415 -1.5667334103227957 55.38711749777863 171.8064040720036 5400.0 5400.0 2016.0 1 285 {-999.0 18.987492 17.507898 16.432962 -999.0} sdss_psfmag 18.394075 17.10393 15.995615 13.98 63050395170959475 1095318516 bright_1x1 mwm_bin_vis_boss mwm_filler science 0 0 0.0 0.0 -999 ""
FIBERMAP 753 R-2C22 METROLOGY 0 0 0 1 0 0 193.64514847761737 -45.718502771729305 143.1 121.60676532068197 -157.43314559400272 203.71564 135.1873 -999.0 -999.0 -999.0 -999.0 -999.0 142.69737638842565 -1.4573077759752955 142.69936318067874 -1.5666987652373854 55.386750713668455 171.80055022753538 -999.0 6231.0 -999.0 -1 -999 {-999.0 -999.0 -999.0 -999.0 -999.0} "" -999.0 -999.0 -999.0 -999.0 -999 -999 "" "" "" "" 0 0 0.0 0.0 -999 ""
FIBERMAP 756 R-13C9 APOGEE 0 0 0 1 0 0 40.80232715825738 -265.61470685667706 143.1 -135.55221905295093 -231.97807376103924 312.9554 100.790665 -999.0 -999.0 -999.0 -999.0 -999.0 141.5324084616316 -1.7936819366466148 141.53401701600677 -1.9012350291325912 55.17602393124607 173.89605461291595 -999.0 16600.0 -999.0 2 207 {-999.0 -999.0 -999.0 -999.0 -999.0} "" -999.0 -999.0 -999.0 -999.0 -999 -999 "" "" "" "" 0 0 0.0 0.0 -999 ""
FIBERMAP 756 R-13C9 BOSS 1 1 0 1 0 0 40.38726470548315 -266.2283086054479 143.1 -136.2609204786839 -232.1932834098699 312.9554 100.790665 141.52963440509765 -1.7945757535215685 -155.12433 -59.031 17.144 141.5292338491815 -1.7947707122285934 141.5308283186983 -1.902176909684689 55.175370802408125 173.901760470898 5400.0 5400.0 2016.0 1 334 {-999.0 17.801802 16.300097 14.544578 -999.0} sdss_psfmag 17.160524 15.238001 13.939146 11.411 63050395170907713 1151034416 bright_1x1 mwm_snc_100pc_boss_single mwm_snc science 0 0 0.0 0.0 -999 ""
FIBERMAP 756 R-13C9 METROLOGY 0 0 0 1 0 0 40.05983509242211 -265.55886190849907 143.1 -136.0937071030534 -231.46720135928408 312.9554 100.790665 -999.0 -999.0 -999.0 -999.0 -999.0 141.5299572966278 -1.7914882315289355 141.5315606074907 -1.8989366115736919 55.17853270330168 173.8999766978691 -999.0 6231.0 -999.0 -1 -999 {-999.0 -999.0 -999.0 -999.0 -999.0} "" -999.0 -999.0 -999.0 -999.0 -999 -999 "" "" "" "" 0 0 0.0 0.0 -999 ""
FIBERMAP 758 R+4C17 APOGEE 0 0 0 1 0 0 109.04511070459077 87.10349507018002 143.1 139.5325876637417 -1.0107121812592712 77.06101 142.83176 -999.0 -999.0 -999.0 -999.0 -999.0 142.77872244348072 -0.7470164565979797 142.7818349834459 -0.8568294911413076 56.08123807482612 171.50122414631983 -999.0 16600.0 -999.0 2 83 {-999.0 -999.0 -999.0 -999.0 -999.0} "" -999.0 -999.0 -999.0 -999.0 -999 -999 "" ops_sky_apogee_best_unassigned ops_sky sky_apogee 0 0 0.0 0.0 -999 ""
FIBERMAP 758 R+4C17 BOSS 1 1 0 1 0 0 109.61351226834293 87.57967316855225 143.1 140.27385150848121 -0.9987795029762291 77.06101 142.83176 142.7821776772362 -0.7470812516034218 -6.6993804 -5.8456926 0.24630877 142.7821552861193 -0.7470928791541576 142.78525008027873 -0.856774982267488 56.08086760752289 171.4951401357724 5400.0 5400.0 2016.0 1 210 {-999.0 17.946241 17.641304 17.54773 -999.0} sdss_psfmag 17.907013 17.63934 17.198124 16.147 63050395170962926 944389952 bright_1x1 openfibertargets_nov2020_6c open_fiber science 0 0 0.0 0.0 -999 ""
FIBERMAP 758 R+4C17 METROLOGY 0 0 0 1 0 0 109.75301845046017 86.85444619373858 143.1 139.9255676451453 -1.6498591782140715 77.06101 142.83176 -999.0 -999.0 -999.0 -999.0 -999.0 142.78056657800494 -0.7500184233854126 142.78366183637735 -0.8597358589870948 56.07812718673863 171.49862360648086 -999.0 6231.0 -999.0 -1 -999 {-999.0 -999.0 -999.0 -999.0 -999.0} "" -999.0 -999.0 -999.0 -999.0 -999 -999 "" "" "" "" 0 0 0.0 0.0 -999 ""
FIBERMAP 760 R+10C10 APOGEE 0 0 0 1 0 0 14.371375017893211 191.40047407332472 143.1 131.67433496306978 139.60078740843554 138.0135 162.74785 -999.0 -999.0 -999.0 -999.0 -999.0 142.7408638545925 -0.10863835943504842 142.74499385685112 -0.21856417594609007 56.719109107774976 171.42328105314607 -999.0 16600.0 -999.0 2 -999 {-999.0 -999.0 -999.0 -999.0 -999.0} "" -999.0 -999.0 -999.0 -999.0 -999 -999 "" "" "" "" 0 0 0.0 0.0 -999 ""
FIBERMAP 760 R+10C10 BOSS 1 1 0 1 0 0 13.97873552777359 192.05485352722974 143.1 131.78141674181543 140.35622620173405 138.0135 162.74785 142.74144043565676 -0.10527908427408385 -16.501617 -16.662199 0.5784677 142.7413823197706 -0.10531811006154565 142.74550067771133 -0.21511264077394235 56.72246982657755 171.42157581678106 5400.0 5400.0 2016.0 1 122 {-999.0 16.358341 15.945571 15.790821 -999.0} sdss_psfmag 16.287624 15.96 15.455815 14.495 63050395170988972 1072645794 bright_1x1 mwm_halo_local_high_boss_single mwm_halo science 0 0 0.0 0.0 -999 ""
FIBERMAP 760 R+10C10 METROLOGY 0 0 0 1 0 0 14.731017821047761 192.05417051254625 143.1 132.36524031422292 139.88203054994653 138.0135 162.74785 -999.0 -999.0 -999.0 -999.0 -999.0 142.7440234172498 -0.1074379185051121 142.7481427015199 -0.21727368948983417 56.719994386126984 171.41729306188478 -999.0 6231.0 -999.0 -1 -999 {-999.0 -999.0 -999.0 -999.0 -999.0} "" -999.0 -999.0 -999.0 -999.0 -999 -999 "" "" "" "" 0 0 0.0 0.0 -999 ""
FIBERMAP 761 R+4C9 APOGEE 0 0 0 1 0 0 -50.33703850601485 71.32268276667408 143.1 5.813609136903641 87.08624354988805 16.190405 75.68492 -999.0 -999.0 -999.0 -999.0 -999.0 142.16991042691177 -0.34689199265513093 142.17376019035083 -0.4558556671327977 56.55060333382669 172.50544853377122 -999.0 16600.0 -999.0 2 118 {-999.0 -999.0 -999.0 -999.0 -999.0} "" -999.0 -999.0 -999.0 -999.0 -999 -999 "" ops_sky_apogee_best_unassigned ops_sky sky_apogee 0 0 0.0 0.0 -999 ""
FIBERMAP 761 R+4C9 BOSS 1 1 0 1 0 0 -50.30463486261267 70.57573641195421 143.1 5.368469663180706 86.4857314856691 16.190405 75.68492 142.16786947942344 -0.34969383238466256 4.5556946 -7.904437 0.3553417 142.16790600172993 -0.34971570656220036 142.1717367870374 -0.4585413322572144 56.54815572365657 172.50963131357994 5400.0 5400.0 2016.0 1 64 {-999.0 16.984926 16.670889 16.553473 -999.0} sdss_psfmag 16.956198 16.668198 16.23078 15.355 63050395170987175 976113534 "" ops_std_boss ops_std standard_boss 0 0 0.0 0.0 -999 ""
FIBERMAP 761 R+4C9 METROLOGY 0 0 0 1 0 0 -50.98278034948321 70.88422473409085 143.1 5.036029594361873 87.15230218454637 16.190405 75.68492 -999.0 -999.0 -999.0 -999.0 -999.0 142.16638237030767 -0.34665704714458345 142.17022251405717 -0.4555190969361795 56.55132571720612 172.5117608903442 -999.0 6231.0 -999.0 -1 -999 {-999.0 -999.0 -999.0 -999.0 -999.0} "" -999.0 -999.0 -999.0 -999.0 -999 -999 "" "" "" "" 0 0 0.0 0.0 -999 ""
FIBERMAP 762 R+2C22 APOGEE 0 0 0 1 0 0 191.82966623176966 36.79552107675035 143.1 172.150715901191 -92.20623720744848 160.56366 144.4655 -999.0 -999.0 -999.0 -999.0 -999.0 142.92637938578173 -1.1607575025730186 142.92881555613383 -1.2706874349736907 55.652208322750695 171.33396827402558 -999.0 16600.0 -999.0 2 -999 {-999.0 -999.0 -999.0 -999.0 -999.0} "" -999.0 -999.0 -999.0 -999.0 -999 -999 "" "" "" "" 0 0 0.0 0.0 -999 ""
FIBERMAP 762 R+2C22 BOSS 1 1 0 1 0 0 191.4019169964444 37.38592669690391 143.1 172.19024966674547 -91.47837673165104 160.56366 144.4655 142.9266357421875 -1.1576045735102554 -999.0 -999.0 -999.0 142.9266258163371 -1.1576204507779198 142.92904921142065 -1.2674132093584605 55.6554265393407 171.33282205648928 5400.0 5400.0 2015.5 1 224 {-999.0 -999.0 -999.0 -999.0 -999.0} "" -999.0 -999.0 -999.0 -999.0 27021603143398577 812260828 "" ops_sky_boss_good ops_sky sky_boss 0 0 0.0 0.0 -999 ""
FIBERMAP 762 R+2C22 METROLOGY 0 0 0 1 0 0 192.1442740214235 37.472044482997994 143.1 172.82101790940033 -91.87890996035526 160.56366 144.4655 -999.0 -999.0 -999.0 -999.0 -999.0 142.92945549801775 -1.1593772227564314 142.93188071671983 -1.2692131160340052 55.65328226478345 171.3282494770385 -999.0 6231.0 -999.0 -1 -999 {-999.0 -999.0 -999.0 -999.0 -999.0} "" -999.0 -999.0 -999.0 -999.0 -999 -999 "" "" "" "" 0 0 0.0 0.0 -999 ""
FIBERMAP 765 R+2C19 APOGEE 1 1 0 1 0 0 144.52872577290142 39.6629294907641 143.1 137.2202721588626 -60.19683977221734 340.13635 140.14894 142.76849632419703 -1.0161155788145442 -1.3303508 -6.411209 0.26522613 142.76850003595658 -1.0161487162494354 142.77118801447284 -1.1258724309416648 55.8155792668759 171.57953681029423 16000.0 16600.0 2016.0 2 72 {-999.0 13.125482 12.350748 12.061484 -999.0} sdss_psfmag_from_g3xp 12.899799 12.393927 11.710449 10.346 63050395170962108 1151939701 bright_1x1 mwm_galactic_core_dist_apogee_sparse mwm_galactic science 0 0 0.0 0.0 -999 ""
FIBERMAP 765 R+2C19 BOSS 0 0 0 1 0 0 144.90840055552636 39.02077313532776 143.1 137.11081757266868 -60.934622533477146 340.13635 140.14894 -999.0 -999.0 -999.0 -999.0 -999.0 142.76807447711673 -1.019663535834353 142.7707398673437 -1.1292479534291442 55.812284615842486 171.58106798498696 -999.0 5400.0 -999.0 1 221 {-999.0 -999.0 -999.0 -999.0 -999.0} "" -999.0 -999.0 -999.0 -999.0 -999 -999 "" "" "" "" 0 0 0.0 0.0 -999 ""
FIBERMAP 765 R+2C19 METROLOGY 0 0 0 1 0 0 144.15882710700092 39.01118277792273 143.1 136.52262930039547 -60.470111198885206 340.13635 140.14894 -999.0 -999.0 -999.0 -999.0 -999.0 142.76539431518228 -1.0175183948148545 142.76806835102963 -1.1271382398637526 55.814707098755505 171.58532321009312 -999.0 6231.0 -999.0 -1 -999 {-999.0 -999.0 -999.0 -999.0 -999.0} "" -999.0 -999.0 -999.0 -999.0 -999 -999 "" "" "" "" 0 0 0.0 0.0 -999 ""
FIBERMAP 766 R+7C3 APOGEE 0 0 0 1 0 0 -158.82216565587095 130.25468118811295 143.1 -41.33463898243716 201.16158899810594 312.38486 133.84372 -999.0 -999.0 -999.0 -999.0 -999.0 141.9550598121218 0.1691015558197136 141.9597769023796 0.06034209405797311 57.086827966012684 172.7926873348015 -999.0 16600.0 -999.0 2 123 {-999.0 -999.0 -999.0 -999.0 -999.0} "" -999.0 -999.0 -999.0 -999.0 -999 -999 "" ops_sky_apogee_best_unassigned ops_sky sky_apogee 0 0 0.0 0.0 -999 ""
FIBERMAP 766 R+7C3 BOSS 1 1 0 1 0 0 -158.85870876585952 129.50324805045528 143.1 -41.836150410983855 200.60100377839078 312.38486 133.84372 141.95281654229294 0.16647881353884927 -17.18608 1.1650854 2.8416874 141.95278892394717 0.16648700186604487 141.95748828804352 0.05786331394108931 57.08460437336181 172.79735672271897 5400.0 5400.0 2016.0 1 26 {-999.0 18.441046 17.06333 16.053665 -999.0} sdss_psfmag 17.826658 16.700111 15.425955 13.196 63050395170996786 1095524843 bright_1x1 mwm_bin_vis_boss mwm_filler science 0 0 0.0 0.0 -999 ""
FIBERMAP 766 R+7C3 METROLOGY 0 0 0 1 0 0 -159.48556608317816 129.9113560052018 143.1 -42.06603369725313 201.31265025652556 312.38486 133.84372 -999.0 -999.0 -999.0 -999.0 -999.0 141.95174476936293 0.169713512242179 141.95645347725656 0.061053368731944085 57.08788574195553 172.79863162176585 -999.0 6231.0 -999.0 -1 -999 {-999.0 -999.0 -999.0 -999.0 -999.0} "" -999.0 -999.0 -999.0 -999.0 -999 -999 "" "" "" "" 0 0 0.0 0.0 -999 ""
FIBERMAP 776 R+1C5 APOGEE 0 0 0 1 0 0 -212.4073573180852 15.123466679928615 143.1 -155.4420588704925 145.48516343139428 265.5339 20.808477 -999.0 -999.0 -999.0 -999.0 -999.0 141.4379327724334 -0.08455800353347723 141.44233314933155 -0.19242193861230064 56.88613675198486 173.78341438894097 -999.0 16600.0 -999.0 2 110 {-999.0 -999.0 -999.0 -999.0 -999.0} "" -999.0 -999.0 -999.0 -999.0 -999 -999 "" ops_sky_apogee_best_unassigned ops_sky sky_apogee 0 0 0.0 0.0 -999 ""
FIBERMAP 776 R+1C5 BOSS 1 1 0 1 0 0 -212.58536961970066 15.855008851339903 143.1 -155.11970417127293 146.1653926496529 265.5339 20.808477 141.4393615722656 -0.08159802086747447 -999.0 -999.0 -999.0 141.4393773242976 -0.08157901344902248 141.44377015768248 -0.18931342423526923 56.889101463981106 173.78027654400262 5400.0 5400.0 2015.5 1 63 {-999.0 -999.0 -999.0 -999.0 -999.0} "" -999.0 -999.0 -999.0 -999.0 27021603143418856 812263751 "" ops_sky_boss_good ops_sky sky_boss 0 0 0.0 0.0 -999 ""
FIBERMAP 776 R+1C5 METROLOGY 0 0 0 1 0 0 -211.86410072515096 15.641679740792895 143.1 -154.69385686119344 145.5455744229231 265.5339 20.808477 -999.0 -999.0 -999.0 -999.0 -999.0 141.4412930944157 -0.08433465950178322 141.44568453916656 -0.1921090072202219 56.88614306507952 173.77725309497615 -999.0 6231.0 -999.0 -1 -999 {-999.0 -999.0 -999.0 -999.0 -999.0} "" -999.0 -999.0 -999.0 -999.0 -999 -999 "" "" "" "" 0 0 0.0 0.0 -999 ""
FIBERMAP 779 R+1C20 APOGEE 1 1 0 1 0 0 128.24758100249613 24.43378286621226 143.1 114.98681713712362 -61.7732061411463 197.87665 75.96059 142.66767588670024 -1.0236167576274797 -0.31891483 -7.630275 2.8028293 142.66768257233477 -1.023636859540254 142.67037368967345 -1.1332010127054515 55.82058764442532 171.7591962052067 16000.0 16600.0 2016.0 2 85 {-999.0 10.7157 10.635661 10.667826 -999.0} sdss_psfmag_from_g3xp 10.757873 10.610959 10.34501 9.992 63050395170962184 1076220427 bright_1x1 mwm_snc_ext_main_apogee mwm_snc science 0 0 0.0 0.0 -999 ""
FIBERMAP 779 R+1C20 BOSS 0 0 0 1 0 0 128.18242625181784 25.168164999219044 143.1 115.3986098368197 -61.16183064495073 197.87665 75.96059 -999.0 -999.0 -999.0 -999.0 -999.0 142.66961648583867 -1.0210154633452775 142.67229474713895 -1.1304456997493744 55.823091259426995 171.75521074868703 -999.0 5400.0 -999.0 1 233 {-999.0 -999.0 -999.0 -999.0 -999.0} "" -999.0 -999.0 -999.0 -999.0 -999 -999 "" "" "" "" 0 0 0.0 0.0 -999 ""
FIBERMAP 779 R+1C20 METROLOGY 0 0 0 1 0 0 128.86364985921676 24.858287529869862 143.1 115.73256584240865 -61.831418313483795 197.87665 75.96059 -999.0 -999.0 -999.0 -999.0 -999.0 142.67111911674965 -1.0240110234757276 142.6737971376238 -1.1334817908164923 55.81989614956603 171.75320832431217 -999.0 6231.0 -999.0 -1 -999 {-999.0 -999.0 -999.0 -999.0 -999.0} "" -999.0 -999.0 -999.0 -999.0 -999 -999 "" "" "" "" 0 0 0.0 0.0 -999 ""
FIBERMAP 781 R+8C12 APOGEE 0 0 0 1 0 0 46.863631967890335 140.39191634548564 143.1 124.79226479762738 79.52708061313696 291.16333 104.54622 -999.0 -999.0 -999.0 -999.0 -999.0 142.71091875370345 -0.38091104642983964 142.71462241928225 -0.49071709587178397 56.45285874059564 171.53956236264528 -999.0 16600.0 -999.0 2 -999 {-999.0 -999.0 -999.0 -999.0 -999.0} "" -999.0 -999.0 -999.0 -999.0 -999 -999 "" "" "" "" 0 0 0.0 0.0 -999 ""
FIBERMAP 781 R+8C12 BOSS 1 1 0 1 0 0 46.25373403255931 139.9533800933072 143.1 124.0424738705013 79.57050982803473 291.16333 104.54622 142.70763369596756 -0.380820645159996 -4.184411 2.773485 0.31824958 142.7075841122805 -0.3808163799990022 142.71127175143232 -0.4904828632124133 56.453505560915545 171.54552642978504 5400.0 5400.0 2016.0 1 139 {-999.0 17.401545 17.091713 16.977564 16.947472} sdss_psfmag_from_gaia 17.3676 17.0984 16.6609 15.812 63050395170988175 968185023 "" ops_std_boss_gdr2 ops_std standard_boss 0 0 0.0 0.0 -999 ""
FIBERMAP 781 R+8C12 METROLOGY 0 0 0 1 0 0 46.17905278525048 140.688586740382 143.1 124.44738704290879 80.18852391622448 291.16333 104.54622 -999.0 -999.0 -999.0 -999.0 -999.0 142.70939561894176 -0.3779777595012763 142.71309219157456 -0.487685930035018 56.45605591457849 171.5416315767623 -999.0 6231.0 -999.0 -1 -999 {-999.0 -999.0 -999.0 -999.0 -999.0} "" -999.0 -999.0 -999.0 -999.0 -999 -999 "" "" "" "" 0 0 0.0 0.0 -999 ""
FIBERMAP 784 R0C21 APOGEE 0 0 0 1 0 0 173.1076110140342 7.142333373767502 143.1 138.9396304496638 -103.44802308474077 59.668232 75.42775 -999.0 -999.0 -999.0 -999.0 -999.0 142.77620085436337 -1.2124462809702394 142.77857688106894 -1.3221281606925805 55.61990425101502 171.60935904716882 -999.0 16600.0 -999.0 2 73 {-999.0 -999.0 -999.0 -999.0 -999.0} "" -999.0 -999.0 -999.0 -999.0 -999 -999 "" ops_sky_apogee_best_unassigned ops_sky sky_apogee 0 0 0.0 0.0 -999 ""
FIBERMAP 784 R0C21 BOSS 1 1 0 1 0 0 173.6360023020484 6.625773926025494 143.1 139.02475580005668 -104.18189957822199 59.668232 75.42775 142.77665550929478 -1.2159980940082937 -4.1956625 7.494356 0.73919827 142.77664489510127 -1.2159439494928914 142.77899816372957 -1.325486868224345 55.61651924473201 171.6093488589455 5400.0 5400.0 2016.0 1 243 {-999.0 15.311714 14.998917 14.909975 -999.0} sdss_psfmag_from_g3xp 15.270121 15.00403 14.58236 13.82 63050395170960527 977816324 "" ops_std_boss ops_std standard_boss 0 0 0.0 0.0 -999 ""
FIBERMAP 784 R0C21 METROLOGY 0 0 0 1 0 0 172.9217785726487 6.416531382993335 143.1 138.3383130687326 -103.89470392124733 59.668232 75.42775 -999.0 -999.0 -999.0 -999.0 -999.0 142.7735254609217 -1.2146106590260803 142.7758861558449 -1.324188387826555 55.618189648815445 171.61453437123498 -999.0 6231.0 -999.0 -1 -999 {-999.0 -999.0 -999.0 -999.0 -999.0} "" -999.0 -999.0 -999.0 -999.0 -999 -999 "" "" "" "" 0 0 0.0 0.0 -999 ""
FIBERMAP 786 R+11C5 APOGEE 1 1 0 1 0 0 -94.32139595920901 210.99957525689533 143.1 59.599352242517 223.2593141851653 207.99696 95.80539 142.41274617455736 0.26888486544851486 -64.65265 17.552036 5.8429294 142.4125595344213 0.2689071016421875 142.41735047446917 0.15939641317448572 57.134134505263034 171.93493307644803 16000.0 16600.0 2016.0 2 22 {-999.0 12.353134 11.721741 11.470533 -999.0} sdss_psfmag_from_g3xp 12.188405 11.752162 11.126754 9.919 63050395170991106 1103726665 bright_1x1 mwm_tess_2min_apogee mwm_planet science 0 0 0.0 0.0 -999 ""
FIBERMAP 786 R+11C5 BOSS 0 0 0 1 0 0 -94.73593726094919 211.6154493369568 143.1 59.66517973617166 223.9986383118442 207.99696 95.80539 -999.0 -999.0 -999.0 -999.0 -999.0 142.41286732653057 0.2721241055424142 142.4176477734839 0.16274309902060885 57.137422740218504 171.933661401132 -999.0 5400.0 -999.0 1 144 {-999.0 -999.0 -999.0 -999.0 -999.0} "" -999.0 -999.0 -999.0 -999.0 -999 -999 "" "" "" "" 0 0 0.0 0.0 -999 ""
FIBERMAP 786 R+11C5 METROLOGY 0 0 0 1 0 0 -93.98973555781157 211.67828657219675 143.1 60.28427560587065 223.57760368815488 207.99696 95.80539 -999.0 -999.0 -999.0 -999.0 -999.0 142.4156731126878 0.27026273296619313 142.42045445946184 0.16084067393436854 57.135202349138844 171.92893910013262 -999.0 6231.0 -999.0 -1 -999 {-999.0 -999.0 -999.0 -999.0 -999.0} "" -999.0 -999.0 -999.0 -999.0 -999 -999 "" "" "" "" 0 0 0.0 0.0 -999 ""
FIBERMAP 787 R+9C16 APOGEE 1 1 0 1 0 0 163.4038665182915 165.02278308072462 143.1 230.81076261554617 25.278323135556942 25.244043 50.546066 143.18993423087693 -0.6270800487099605 7.3150816 -20.721851 1.7632846 143.18998282096766 -0.6271263453680171 143.19321846281167 -0.7376106208841875 56.14606017493226 170.74193444742124 16000.0 16600.0 2016.0 2 88 {-999.0 13.061198 12.482284 12.299379 -999.0} sdss_psfmag_from_g3xp 12.924994 12.524509 11.961695 10.931 63050395170965608 1114026646 bright_1x1 openfibertargets_mwm_subgiants_apogee open_fiber science 0 0 0.0 0.0 -999 ""
FIBERMAP 787 R+9C16 BOSS 0 0 0 1 0 0 163.24094488198645 164.29347866071322 143.1 230.2250334548607 24.814496663655948 25.244043 50.546066 -999.0 -999.0 -999.0 -999.0 -999.0 143.18741814492282 -0.6293616162595972 143.19063216743598 -0.7397055735080819 56.144334257943406 170.7470425467265 -999.0 5400.0 -999.0 1 227 {-999.0 -999.0 -999.0 -999.0 -999.0} "" -999.0 -999.0 -999.0 -999.0 -999 -999 "" "" "" "" 0 0 0.0 0.0 -999 ""
FIBERMAP 787 R+9C16 METROLOGY 0 0 0 1 0 0 162.68932515090793 164.7878670945576 143.1 230.1079082290715 25.5457797287913 25.244043 50.546066 -999.0 -999.0 -999.0 -999.0 -999.0 143.18687036364113 -0.6260102464210767 143.19009498846816 -0.7363927490311952 56.14768928729277 170.7471937755934 -999.0 6231.0 -999.0 -1 -999 {-999.0 -999.0 -999.0 -999.0 -999.0} "" -999.0 -999.0 -999.0 -999.0 -999 -999 "" "" "" "" 0 0 0.0 0.0 -999 ""
FIBERMAP 789 R+2C9 APOGEE 0 0 0 1 0 0 -80.22359867871471 21.388003987377495 143.1 -48.83828256001888 67.12260244075995 346.76813 58.11877 -999.0 -999.0 -999.0 -999.0 -999.0 141.92120683395126 -0.43816329262277964 141.9249517292984 -0.5467074537627845 56.48671091557733 172.97139528830309 -999.0 16600.0 -999.0 2 109 {-999.0 -999.0 -999.0 -999.0 -999.0} "" -999.0 -999.0 -999.0 -999.0 -999 -999 "" ops_sky_apogee_best_unassigned ops_sky sky_apogee 0 0 0.0 0.0 -999 ""
FIBERMAP 789 R+2C9 BOSS 1 1 0 1 0 0 -80.73681616532389 20.838741823887855 143.1 -49.58270463519716 67.01916367872984 346.76813 58.11877 141.91783158496185 -0.43871871532572926 1.944145 -8.739664 1.4797884 141.9178077141507 -0.43874129796975536 141.92153833886 -0.5471453597134921 56.48662639577715 172.97762600726247 5400.0 5400.0 2016.0 1 53 {-999.0 16.386236 15.577693 15.285207 -999.0} sdss_psfmag 16.177473 15.632624 14.940514 13.536 63050395170987017 1094481491 bright_1x1 mwm_bin_vis_boss mwm_filler science 0 0 0.0 0.0 -999 ""
FIBERMAP 789 R+2C9 METROLOGY 0 0 0 1 0 0 -80.95411482173814 21.553439131433194 143.1 -49.301467507348434 67.71104664212454 346.76813 58.11877 -999.0 -999.0 -999.0 -999.0 -999.0 141.9190856247234 -0.4355586361971348 141.92282510229325 -0.5440037220974379 56.48961906847284 172.974722713557 -999.0 6231.0 -999.0 -1 -999 {-999.0 -999.0 -999.0 -999.0 -999.0} "" -999.0 -999.0 -999.0 -999.0 -999 -999 "" "" "" "" 0 0 0.0 0.0 -999 ""
FIBERMAP 790 R+6C16 APOGEE 0 0 0 1 0 0 102.44002716476838 112.87715665882709 143.1 150.6308715156369 23.164990916389545 171.97308 142.33603 -999.0 -999.0 -999.0 -999.0 -999.0 142.82875940284126 -0.6370114492396611 142.83203801599672 -0.7469323708275424 56.18399132171676 171.38718088420364 -999.0 16600.0 -999.0 2 -999 {-999.0 -999.0 -999.0 -999.0 -999.0} "" -999.0 -999.0 -999.0 -999.0 -999 -999 "" "" "" "" 0 0 0.0 0.0 -999 ""
FIBERMAP 790 R+6C16 BOSS 1 1 0 1 0 0 101.89702793827138 113.42293328983516 143.1 150.5527972707074 23.93075639282737 171.97308 142.33603 142.82848195010652 -0.6336405061599331 -999.0 -999.0 -999.0 142.82847166339914 -0.6336571896026039 142.83173839972613 -0.7434428769802816 56.18749076220216 171.38692524925017 5400.0 5400.0 2016.0 1 215 {-999.0 20.366116 18.91367 18.364738 -999.0} sdss_psfmag 19.707952 20.93734 17.907532 15.404 63050395170965865 1116002328 bright_1x1 openfibertargets_bhm_racsradio_boss open_fiber science 0 0 0.0 0.0 -999 ""
FIBERMAP 790 R+6C16 METROLOGY 0 0 0 1 0 0 102.63435613608297 113.59750256977517 143.1 151.23535230120225 23.602084600605362 171.97308 142.33603 -999.0 -999.0 -999.0 -999.0 -999.0 142.83154910467698 -0.6351115674744314 142.8348179174974 -0.7449401068380344 56.18561753836966 171.38177492819983 -999.0 6231.0 -999.0 -1 -999 {-999.0 -999.0 -999.0 -999.0 -999.0} "" -999.0 -999.0 -999.0 -999.0 -999 -999 "" "" "" "" 0 0 0.0 0.0 -999 ""
FIBERMAP 791 R+7C20 APOGEE 0 0 0 1 0 0 214.41141491346227 149.3595213312086 143.1 260.5631617982976 -19.002684220063806 89.17231 110.64043 -999.0 -999.0 -999.0 -999.0 -999.0 143.32335098915982 -0.8274330565617374 143.32625139684615 -0.9380685188295981 55.929305497174944 170.5550932630772 -999.0 16600.0 -999.0 2 76 {-999.0 -999.0 -999.0 -999.0 -999.0} "" -999.0 -999.0 -999.0 -999.0 -999 -999 "" "" "" "" 0 0 0.0 0.0 -999 ""
FIBERMAP 791 R+7C20 BOSS 1 1 0 1 0 0 215.08326725506618 149.6772840793936 143.1 261.28502555097884 -19.178919968068605 89.17231 110.64043 143.32662726054394 -0.8283417857032213 -0.51614153 -5.0410647 0.10594091 143.32659936932137 -0.8283584599591289 143.32947874531988 -0.938861869337226 55.92807427843285 170.54958386042244 5400.0 5400.0 2016.0 1 250 {-999.0 15.131206 14.177503 13.812071 -999.0} sdss_psfmag_from_g3xp 14.822734 14.201405 13.450704 11.785 63050395170963850 1061604581 bright_1x1 manual_mwm_halo_distant_kgiant_near_boss_single mwm_halo science 0 0 0.0 0.0 -999 ""
FIBERMAP 791 R+7C20 METROLOGY 0 0 0 1 0 0 215.02898690028707 148.93544830541273 143.1 260.7757815033445 -19.720883441486183 89.17231 110.64043 -999.0 -999.0 -999.0 -999.0 -999.0 143.3243226064509 -0.8307783535114215 143.32720396174074 -0.9413163555344539 55.92595729229198 170.55420957162588 -999.0 6231.0 -999.0 -1 -999 {-999.0 -999.0 -999.0 -999.0 -999.0} "" -999.0 -999.0 -999.0 -999.0 -999 -999 "" "" "" "" 0 0 0.0 0.0 -999 ""
FIBERMAP 792 R-7C14 APOGEE 1 1 0 1 0 0 66.10624323137903 -127.66672826464239 143.1 -29.04291866917433 -140.77424944876708 157.70149 104.94176 142.01298634281932 -1.3838604777320977 -0.014093663 -11.203784 2.5915709 142.012998296429 -1.3838912321446912 142.01520706144316 -1.492324735541978 55.53682690167219 172.9847427445198 16000.0 16600.0 2016.0 2 184 {-999.0 9.6141405 9.68012 9.776308 -999.0} sdss_psfmag_from_g3xp 9.7078285 9.624609 9.456072 9.221 63050395170909141 975012015 "" ops_std_apogee ops_std standard_apogee 0 0 0.0 0.0 -999 ""
FIBERMAP 792 R-7C14 BOSS 0 0 0 1 0 0 66.17696609369955 -126.92924497775903 143.1 -28.523645177750776 -140.24601911779044 157.70149 104.94176 -999.0 -999.0 -999.0 -999.0 -999.0 142.0153576762284 -1.381691627075722 142.01755524479142 -1.489990070249214 55.53890796966633 172.98019235814905 -999.0 5400.0 -999.0 1 326 {-999.0 -999.0 -999.0 -999.0 -999.0} "" -999.0 -999.0 -999.0 -999.0 -999 -999 "" "" "" "" 0 0 0.0 0.0 -999 ""
FIBERMAP 792 R-7C14 METROLOGY 0 0 0 1 0 0 66.78876019153489 -127.3718322013089 143.1 -28.32717005535078 -140.97495925694668 157.70149 104.94176 -999.0 -999.0 -999.0 -999.0 -999.0 142.01625703074382 -1.3849433677856429 142.01845332940843 -1.4932818404748942 55.53554134270637 172.97921227172546 -999.0 6231.0 -999.0 -1 -999 {-999.0 -999.0 -999.0 -999.0 -999.0} "" -999.0 -999.0 -999.0 -999.0 -999 -999 "" "" "" "" 0 0 0.0 0.0 -999 ""
FIBERMAP 793 R+7C1 APOGEE 0 0 0 1 0 0 -204.6524889665318 134.58435951219758 143.1 -74.20224039361847 233.38069007598526 300.81555 157.93983 -999.0 -999.0 -999.0 -999.0 -999.0 141.8063341464282 0.31307057955974416 141.81131146821826 0.2045105819890985 57.24561726677829 173.03745147657 -999.0 16600.0 -999.0 2 97 {-999.0 -999.0 -999.0 -999.0 -999.0} "" -999.0 -999.0 -999.0 -999.0 -999 -999 "" ops_sky_apogee_best_unassigned ops_sky sky_apogee 0 0 0.0 0.0 -999 ""
FIBERMAP 793 R+7C1 BOSS 1 1 0 1 0 0 -204.53497621643052 133.85327026249527 143.1 -74.57129637677652 232.73890540604208 300.81555 157.93983 141.80465698242188 0.31007388803658387 -999.0 -999.0 -999.0 141.80466400605297 0.31008322831212193 141.8096234323943 0.20165740613360655 57.242950964837696 173.04109247706856 5400.0 5400.0 2015.5 1 82 {-999.0 -999.0 -999.0 -999.0 -999.0} "" -999.0 -999.0 -999.0 -999.0 27021603143420810 812264021 "" ops_sky_boss_good ops_sky sky_boss 0 0 0.0 0.0 -999 ""
FIBERMAP 793 R+7C1 METROLOGY 0 0 0 1 0 0 -205.2372153501725 134.1119291870281 143.1 -74.95382303162235 233.381946793689 300.81555 157.93983 -999.0 -999.0 -999.0 -999.0 -999.0 141.80293838303223 0.3129826926940255 141.80790662090453 0.20452181269181405 57.24597534713612 173.0437097688302 -999.0 6231.0 -999.0 -1 -999 {-999.0 -999.0 -999.0 -999.0 -999.0} "" -999.0 -999.0 -999.0 -999.0 -999 -999 "" "" "" "" 0 0 0.0 0.0 -999 ""
FIBERMAP 795 R+5C3 APOGEE 0 0 0 1 0 0 -210.21724800916226 94.4033514504408 143.1 -103.82353525379537 205.6782343702707 236.69131 57.485027 -999.0 -999.0 -999.0 -999.0 -999.0 141.67203337030585 0.1880856389210126 141.67683382204456 0.07977349072038957 57.134947908685234 173.30740248053206 -999.0 16600.0 -999.0 2 130 {-999.0 -999.0 -999.0 -999.0 -999.0} "" -999.0 -999.0 -999.0 -999.0 -999 -999 "" ops_sky_apogee_best_unassigned ops_sky sky_apogee 0 0 0.0 0.0 -999 ""
FIBERMAP 795 R+5C3 BOSS 1 1 0 1 0 0 -210.5306043396731 95.06212989109427 143.1 -103.65210911831285 206.38716994322186 236.69131 57.485027 141.67282104492188 0.19117279612581228 -999.0 -999.0 -999.0 141.67281551628653 0.1911745201633867 141.67760789205528 0.08299160400706344 57.13807465827612 173.30540159463797 5400.0 5400.0 2015.5 1 28 {-999.0 -999.0 -999.0 -999.0 -999.0} "" -999.0 -999.0 -999.0 -999.0 27021603143419096 812263784 "" ops_sky_boss_good ops_sky sky_boss 0 0 0.0 0.0 -999 ""
FIBERMAP 795 R+5C3 METROLOGY 0 0 0 1 0 0 -209.78700969354387 95.01202012773024 143.1 -103.10615367080958 205.88005749784037 236.69131 57.485027 -999.0 -999.0 -999.0 -999.0 -999.0 141.675276847621 0.1889427374519778 141.68006880888618 0.08071926165297758 57.1355719557001 173.301298955903 -999.0 6231.0 -999.0 -1 -999 {-999.0 -999.0 -999.0 -999.0 -999.0} "" -999.0 -999.0 -999.0 -999.0 -999 -999 "" "" "" "" 0 0 0.0 0.0 -999 ""
FIBERMAP 796 R-1C17 APOGEE 0 0 0 1 0 0 90.35432558465072 -18.278190966211067 143.1 58.66428027997181 -71.08607895302153 358.36038 125.13831 -999.0 -999.0 -999.0 -999.0 -999.0 142.41171707986274 -1.0666938621059656 142.41437751528844 -1.1758446383392616 55.80823437697933 172.22047045590782 -999.0 16600.0 -999.0 2 -999 {-999.0 -999.0 -999.0 -999.0 -999.0} "" -999.0 -999.0 -999.0 -999.0 -999 -999 "" "" "" "" 0 0 0.0 0.0 -999 ""
FIBERMAP 796 R-1C17 BOSS 1 1 0 1 0 0 90.77829130697818 -18.886808292830974 143.1 58.61034130674603 -71.8257011533262 358.36038 125.13831 142.4111540153593 -1.0701881665566624 -2.3927033 -15.531868 2.537228 142.41152006697314 -1.0702325063654143 142.41415908725173 -1.179244141672902 55.804881833661426 172.22154513823878 5400.0 5400.0 2016.0 1 280 {-999.0 12.562473 12.112539 11.980478 -999.0} sdss_psfmag_from_g3xp 12.47433 12.141358 11.646902 10.791 63050395170961798 996702902 bright_1x1 mwm_bin_gaia_sb_boss mwm_bin science 0 0 1.3280383348464966 0.0 -999 ""
FIBERMAP 796 R-1C17 METROLOGY 0 0 0 1 0 0 90.03831806030884 -18.954061682451318 143.1 57.99330213790997 -71.4120179684436 358.36038 125.13831 -999.0 -999.0 -999.0 -999.0 -999.0 142.40870024775055 -1.0683116727300057 142.4113472310538 -1.177358472003461 55.807075170196256 172.22613308672277 -999.0 6231.0 -999.0 -1 -999 {-999.0 -999.0 -999.0 -999.0 -999.0} "" -999.0 -999.0 -999.0 -999.0 -999 -999 "" "" "" "" 0 0 0.0 0.0 -999 ""
FIBERMAP 800 R+11C7 APOGEE 0 0 0 1 0 0 -18.667615125435297 217.18001502282812 143.1 122.24665266901596 180.4248373518127 33.624832 97.55504 -999.0 -999.0 -999.0 -999.0 -999.0 142.697142504045 0.07573820949974042 142.70157275563759 -0.03416832012026107 56.90748912942953 171.459827844213 -999.0 16600.0 -999.0 2 16 {-999.0 -999.0 -999.0 -999.0 -999.0} "" -999.0 -999.0 -999.0 -999.0 -999 -999 "" ops_sky_apogee_best_unassigned ops_sky sky_apogee 0 0 0.0 0.0 -999 ""
FIBERMAP 800 R+11C7 BOSS 1 1 0 1 0 0 -18.180780138522927 216.6146206884112 143.1 122.26875539341998 179.67919906868437 33.624832 97.55504 142.6972961425781 0.07227252750325874 -999.0 -999.0 -999.0 142.6973044145 0.07228251299095982 142.7017125331078 -0.037491276442180456 56.90417472740552 171.46033378647172 5400.0 5400.0 2015.5 1 112 {-999.0 -999.0 -999.0 -999.0 -999.0} "" -999.0 -999.0 -999.0 -999.0 27021603143417260 812264930 "" ops_sky_boss_good ops_sky sky_boss 0 0 0.0 0.0 -999 ""
FIBERMAP 800 R+11C7 METROLOGY 0 0 0 1 0 0 -18.910383927563693 216.47062235963813 143.1 121.61144807845895 180.02674995131943 33.624832 97.55504 -999.0 -999.0 -999.0 -999.0 -999.0 142.6943131911383 0.07388719347211012 142.69872912564762 -0.035919775565215195 56.90610635277045 171.46539562980246 -999.0 6231.0 -999.0 -1 -999 {-999.0 -999.0 -999.0 -999.0 -999.0} "" -999.0 -999.0 -999.0 -999.0 -999 -999 "" "" "" "" 0 0 0.0 0.0 -999 ""
FIBERMAP 804 R-6C16 APOGEE 0 0 0 1 0 0 100.51495187790269 -115.24006230303178 143.1 5.504607049357065 -152.78820102312076 157.92923 132.06085 -999.0 -999.0 -999.0 -999.0 -999.0 142.17022370353678 -1.4380992569275346 142.17232416251778 -1.5467670400196696 55.46624358976558 172.71902096797925 -999.0 16600.0 -999.0 2 -999 {-999.0 -999.0 -999.0 -999.0 -999.0} "" -999.0 -999.0 -999.0 -999.0 -999 -999 "" "" "" "" 0 0 0.0 0.0 -999 ""
FIBERMAP 804 R-6C16 BOSS 1 1 0 1 0 0 100.25586731922215 -114.52207896030097 143.1 5.7554605239605054 -152.06745601462075 157.92923 132.06085 142.1714618875425 -1.4349664297980331 -28.323359 -19.663666 2.6570544 142.17137723765117 -1.4350322083840936 142.1734674672229 -1.5435629442853396 55.469307556203646 172.71641363660376 5400.0 5400.0 2016.0 1 305 {-999.0 15.04806 14.135307 13.845549 -999.0} sdss_psfmag_from_g3xp 14.755614 14.196755 13.495446 12.123 63050395170908746 1095846174 bright_1x1 mwm_bin_vis_boss mwm_filler science 0 0 0.0 0.0 -999 ""
FIBERMAP 804 R-6C16 METROLOGY 0 0 0 1 0 0 100.98518972266478 -114.66080558113268 143.1 6.234535053261992 -152.63440564603027 157.92923 132.06085 -999.0 -999.0 -999.0 -999.0 -999.0 142.17355493924467 -1.437543947296722 142.17564509158353 -1.546117020751215 55.4665358485179 172.71307605203205 -999.0 6231.0 -999.0 -1 -999 {-999.0 -999.0 -999.0 -999.0 -999.0} "" -999.0 -999.0 -999.0 -999.0 -999 -999 "" "" "" "" 0 0 0.0 0.0 -999 ""
FIBERMAP 805 R0C18 APOGEE 0 0 0 1 0 0 96.51179972990762 16.072484905097596 143.1 85.0749060809184 -48.28489669111973 99.17101 80.06305 -999.0 -999.0 -999.0 -999.0 -999.0 142.53175859441737 -0.962658140565279 142.53456693775433 -1.0720259769696927 55.89747300964557 171.98645540446336 -999.0 16600.0 -999.0 2 -999 {-999.0 -999.0 -999.0 -999.0 -999.0} "" -999.0 -999.0 -999.0 -999.0 -999 -999 "" "" "" "" 0 0 0.0 0.0 -999 ""
FIBERMAP 805 R0C18 BOSS 1 1 0 1 0 0 97.26588783925929 16.07423132041656 143.1 85.6616617853746 -48.75834255647023 99.17101 80.06305 142.5346659242191 -0.9654913863939069 -256.87427 186.09389 26.040554 142.53448683167545 -0.9649672069722338 142.53727486416034 -1.0742013528423957 55.89499512359317 171.98211498201866 5400.0 5400.0 2016.0 1 241 {-999.0 12.243584 10.951839 10.29408 -999.0} sdss_psfmag_from_g3xp 11.736516 10.849345 9.9157295 8.142 63050395170962593 1151013272 bright_1x1 mwm_snc_100pc_boss_single mwm_snc science 0 0 1.9738986492156982 0.0 -999 ""
FIBERMAP 805 R0C18 METROLOGY 0 0 0 1 0 0 96.88974490937619 15.429196927727999 143.1 84.96339570150818 -49.02246929377173 99.17101 80.06305 -999.0 -999.0 -999.0 -999.0 -999.0 142.53130042831486 -0.966133643574257 142.53409169031312 -1.0754013881366742 55.8941765798625 171.98800276018287 -999.0 6231.0 -999.0 -1 -999 {-999.0 -999.0 -999.0 -999.0 -999.0} "" -999.0 -999.0 -999.0 -999.0 -999 -999 "" "" "" "" 0 0 0.0 0.0 -999 ""
FIBERMAP 806 R+4C22 APOGEE 0 0 0 1 0 0 215.10970834299923 84.18236405660281 143.1 220.0674985780465 -70.06163906107649 125.40808 133.09642 -999.0 -999.0 -999.0 -999.0 -999.0 143.1421531181271 -1.059327706800349 143.14471743105082 -1.169620031297275 55.724437406320284 170.93102855290726 -999.0 16600.0 -999.0 2 -999 {-999.0 -999.0 -999.0 -999.0 -999.0} "" -999.0 -999.0 -999.0 -999.0 -999 -999 "" "" "" "" 0 0 0.0 0.0 -999 ""
FIBERMAP 806 R+4C22 BOSS 1 1 0 1 0 0 215.2293326199052 84.9020748318957 143.1 220.6135606948583 -69.57800176737526 125.40808 133.09642 143.14471182873623 -1.057269877523329 -21.039867 -3.5920837 0.66382885 143.14465765509132 -1.0572736676431052 143.14720635987015 -1.1674324836408865 55.7262756582574 170.92613382519986 5400.0 5400.0 2016.0 1 236 {-999.0 15.025884 14.493645 14.305205 -999.0} sdss_psfmag_from_g3xp 14.904938 14.521985 13.967924 12.874 63050395170960710 1072565926 bright_1x1 mwm_halo_local_high_boss_single mwm_halo science 0 0 0.0 0.0 -999 ""
FIBERMAP 806 R+4C22 METROLOGY 0 0 0 1 0 0 215.81340673016976 84.43029662889893 143.1 220.77012758810366 -70.31215928605867 125.40808 133.09642 -999.0 -999.0 -999.0 -999.0 -999.0 143.1453424498394 -1.060552633733414 143.1478911313268 -1.1707506882610181 55.722895962183784 170.92571043930542 -999.0 6231.0 -999.0 -1 -999 {-999.0 -999.0 -999.0 -999.0 -999.0} "" -999.0 -999.0 -999.0 -999.0 -999 -999 "" "" "" "" 0 0 0.0 0.0 -999 ""
FIBERMAP 808 R-9C5 APOGEE 0 0 0 1 0 0 -102.27477060813848 -158.83491551037366 143.1 -179.43925797625522 -58.961743923681375 116.37127 93.79029 -999.0 -999.0 -999.0 -999.0 -999.0 141.329614836787 -1.0124252970044407 141.33252177547956 -1.1198661424779017 55.97205337535213 174.12970310067968 -999.0 16600.0 -999.0 2 287 {-999.0 -999.0 -999.0 -999.0 -999.0} "" -999.0 -999.0 -999.0 -999.0 -999 -999 "" ops_sky_apogee_best_unassigned ops_sky sky_apogee 0 0 0.0 0.0 -999 ""
FIBERMAP 808 R-9C5 BOSS 1 1 0 1 0 0 -101.62129352314697 -158.45518887342436 143.1 -178.69265041755145 -59.07828619429202 116.37127 93.79029 141.33294787866166 -1.013106325679795 1.7090828 -1.1529416 0.8658028 141.3329467258112 -1.0131109808531882 141.335840180869 -1.1204196279320149 55.971216410509356 174.1238814265884 5400.0 5400.0 2016.0 1 412 {-999.0 20.228748 19.87281 19.65831 -999.0} sdss_psfmag 20.058216 19.84766 19.37625 -999.0 63050395170939071 1117136651 bright_1x1 openfibertargets_bhm_quaia_boss open_fiber science 0 0 0.0 0.0 -999 ""
FIBERMAP 808 R-9C5 METROLOGY 0 0 0 1 0 0 -101.62777072019618 -159.21494954802594 143.1 -179.17605474147192 -59.66426955284854 116.37127 93.79029 -999.0 -999.0 -999.0 -999.0 -999.0 141.3307816867646 -1.0157260874897256 141.33367456828188 -1.1230694573378306 55.96876278034915 174.1281436242693 -999.0 6231.0 -999.0 -1 -999 {-999.0 -999.0 -999.0 -999.0 -999.0} "" -999.0 -999.0 -999.0 -999.0 -999 -999 "" "" "" "" 0 0 0.0 0.0 -999 ""
FIBERMAP 809 R+9C1 APOGEE 0 0 0 1 0 0 -198.9401138051562 172.60963858216166 143.1 -45.82362869596782 259.3159726001613 141.06235 155.9051 -999.0 -999.0 -999.0 -999.0 -999.0 141.93488300506243 0.4295267232986678 141.94002346557892 0.32073099135993893 57.347846873899854 172.77818001431146 -999.0 16600.0 -999.0 2 120 {-999.0 -999.0 -999.0 -999.0 -999.0} "" -999.0 -999.0 -999.0 -999.0 -999 -999 "" "" "" "" 0 0 0.0 0.0 -999 ""
FIBERMAP 809 R+9C1 BOSS 1 1 0 1 0 0 -199.3041572120245 173.26534731196892 143.1 -45.69350105111783 260.0544385959087 141.06235 155.9051 141.93550784180968 0.4327868471545683 0.08185302 -31.001347 4.3099675 141.9354873867916 0.43269939259363155 141.94061900524122 0.3240319945734362 57.35106641627798 172.7764355120317 5400.0 5400.0 2016.0 1 78 {-999.0 17.581509 16.164206 15.134582 -999.0} sdss_psfmag 16.980347 15.797488 14.689865 12.522 63050395170997516 1095588004 bright_1x1 mwm_bin_vis_boss mwm_filler science 0 0 0.0 0.0 -999 ""
FIBERMAP 809 R+9C1 METROLOGY 0 0 0 1 0 0 -198.54960188406818 173.25562869340757 143.1 -45.11360130137863 259.5717943314358 141.06235 155.9051 -999.0 -999.0 -999.0 -999.0 -999.0 141.9381039664651 0.43059314020687756 141.943235595906 0.3218852536096848 57.348654971398396 172.77203368916895 -999.0 6231.0 -999.0 -1 -999 {-999.0 -999.0 -999.0 -999.0 -999.0} "" -999.0 -999.0 -999.0 -999.0 -999 -999 "" "" "" "" 0 0 0.0 0.0 -999 ""
FIBERMAP 816 R+4C16 APOGEE 0 0 0 1 0 0 110.3400766562969 78.98178833686971 143.1 135.42458023779014 -8.133725629666833 62.990726 44.239506 -999.0 -999.0 -999.0 -999.0 -999.0 142.76015735341707 -0.7794494939567302 142.76322145780688 -0.8892247370091046 56.051400532073444 171.54150226551468 -999.0 16600.0 -999.0 2 -999 {-999.0 -999.0 -999.0 -999.0 -999.0} "" -999.0 -999.0 -999.0 -999.0 -999 -999 "" "" "" "" 0 0 0.0 0.0 -999 ""
FIBERMAP 816 R+4C16 BOSS 1 1 0 1 0 0 110.56471881705471 78.28960901444368 143.1 135.1632245493373 -8.812743938278688 62.990726 44.239506 142.75924361260965 -0.7826560173589705 -57.675064 1.678304 10.300132 142.7590508522095 -0.7826804432151138 142.76209300685815 -0.8923166342449765 56.048471928746444 171.54419187548203 5400.0 5400.0 2016.0 1 211 {-999.0 18.395403 16.922712 15.350618 -999.0} sdss_psfmag 17.843157 16.0736 14.801415 12.364 63050395170962883 1157791062 bright_1x1 mwm_snc_100pc_bright_boss_single mwm_snc science 0 0 0.0 0.0 -999 ""
FIBERMAP 816 R+4C16 METROLOGY 0 0 0 1 0 0 109.83693826143436 78.43086752937835 143.1 134.68694165863863 -8.244798738232285 62.990726 44.239506 -999.0 -999.0 -999.0 -999.0 -999.0 142.75687235267299 -0.7800616916165124 142.75992382183568 -0.8897338707046496 56.05130304045713 171.5474739597524 -999.0 6231.0 -999.0 -1 -999 {-999.0 -999.0 -999.0 -999.0 -999.0} "" -999.0 -999.0 -999.0 -999.0 -999 -999 "" "" "" "" 0 0 0.0 0.0 -999 ""
FIBERMAP 818 R+7C11 APOGEE 0 0 0 1 0 0 -2.2171152311673232 117.80030133004239 143.1 72.44959171837428 92.88457792373394 317.81024 6.658607 -999.0 -999.0 -999.0 -999.0 -999.0 142.47307149526802 -0.32024483559353256 142.47691213776267 -0.42969415614597006 56.542129647277356 171.95370999053134 -999.0 16600.0 -999.0 2 19 {-999.0 -999.0 -999.0 -999.0 -999.0} "" -999.0 -999.0 -999.0 -999.0 -999 -999 "" ops_sky_apogee_best_unassigned ops_sky sky_apogee 0 0 0.0 0.0 -999 ""
FIBERMAP 818 R+7C11 BOSS 1 1 0 1 0 0 -2.847059992886654 118.216059703652 143.1 72.22212758588928 93.60411000538696 317.81024 6.658607 142.47207641601562 -0.3170681064963361 -999.0 -999.0 -999.0 142.47207641601562 -0.3170681064963361 142.47590637155633 -0.42638270683201296 56.54553644797837 171.95481459393866 5400.0 5400.0 2015.5 1 135 {-999.0 -999.0 -999.0 -999.0 -999.0} "" -999.0 -999.0 -999.0 -999.0 27021603143415747 812263298 "" ops_sky_boss_good ops_sky sky_boss 0 0 0.0 0.0 -999 ""
FIBERMAP 818 R+7C11 METROLOGY 0 0 0 1 0 0 -2.192526222816735 118.54910294201787 143.1 72.94016218845094 93.45064614297559 317.81024 6.658607 -999.0 -999.0 -999.0 -999.0 -999.0 142.47533227059154 -0.31773393491829055 142.4791651365988 -0.4270914506160955 56.54444899498861 171.94909603963026 -999.0 6231.0 -999.0 -1 -999 {-999.0 -999.0 -999.0 -999.0 -999.0} "" -999.0 -999.0 -999.0 -999.0 -999 -999 "" "" "" "" 0 0 0.0 0.0 -999 ""
FIBERMAP 819 R+10C16 APOGEE 0 0 0 1 0 0 168.05756467183508 205.80507178574348 143.1 260.1030786924229 54.021396485667566 71.208565 89.4473 -999.0 -999.0 -999.0 -999.0 -999.0 143.32035309349192 -0.49707088909702674 143.32377110958043 -0.607791597266277 56.25674015286839 170.47745899628413 -999.0 16600.0 -999.0 2 -999 {-999.0 -999.0 -999.0 -999.0 -999.0} "" -999.0 -999.0 -999.0 -999.0 -999 -999 "" "" "" "" 0 0 0.0 0.0 -999 ""
FIBERMAP 819 R+10C16 BOSS 1 1 0 1 0 0 168.7667045011742 205.55278628743034 143.1 260.4949776622136 53.378960027912484 71.208565 89.4473 143.3221435546875 -0.500085479699095 -999.0 -999.0 -999.0 143.32214022014116 -0.5001111399190513 143.32553419091477 -0.6106986628763826 56.25361606775036 170.47504429865737 5400.0 5400.0 2015.5 1 177 {-999.0 -999.0 -999.0 -999.0 -999.0} "" -999.0 -999.0 -999.0 -999.0 27021603143401618 812261268 "" ops_sky_boss_good ops_sky sky_boss 0 0 0.0 0.0 -999 ""
FIBERMAP 819 R+10C16 METROLOGY 0 0 0 1 0 0 168.20611167265432 205.0739112226252 143.1 259.7580802936749 53.360016100593796 71.208565 89.4473 -999.0 -999.0 -999.0 -999.0 -999.0 143.3188490775715 -0.5001547061400515 143.32224891925904 -0.6107754373345899 56.25399703486888 170.48091960942364 -999.0 6231.0 -999.0 -1 -999 {-999.0 -999.0 -999.0 -999.0 -999.0} "" -999.0 -999.0 -999.0 -999.0 -999 -999 "" "" "" "" 0 0 0.0 0.0 -999 ""
FIBERMAP 820 R+4C5 APOGEE 0 0 0 1 0 0 -143.78760177480333 63.934372602722966 143.1 -71.41593109504247 140.1881609715253 356.18912 67.89082 -999.0 -999.0 -999.0 -999.0 -999.0 141.8184331987691 -0.10668396003845089 141.82273037793652 -0.2151525390552089 56.82696286850209 173.0948700676911 -999.0 16600.0 -999.0 2 127 {-999.0 -999.0 -999.0 -999.0 -999.0} "" -999.0 -999.0 -999.0 -999.0 -999 -999 "" "" "" "" 0 0 0.0 0.0 -999 ""
FIBERMAP 820 R+4C5 BOSS 1 1 0 1 0 0 -144.08883323065044 63.25945229318547 143.1 -72.07483511782101 139.8536565135145 356.18912 67.89082 141.8150834768299 -0.10839429956017836 4.3596077 33.170105 4.2953367 141.81542790509488 -0.1082911243374549 141.81970953413594 -0.21662164343875465 56.825806551775806 173.10063385716984 5400.0 5400.0 2016.0 1 41 {-999.0 14.032988 12.971867 12.514606 -999.0} sdss_psfmag_from_g3xp 13.671737 12.970082 12.153238 10.481 63050395170993610 1034776354 bright_1x1 mwm_yso_variable_boss_single mwm_yso science 0 0 1.1761589050292969 0.0 -999 ""
FIBERMAP 820 R+4C5 METROLOGY 0 0 0 1 0 0 -144.53206902536795 63.857804687378035 143.1 -72.04232526899071 140.59743970316867 356.18912 67.89082 -999.0 -999.0 -999.0 -999.0 -999.0 141.8155781662447 -0.10489447370547621 141.81986907542665 -0.2132637897891555 56.829131111743564 173.09972383246094 -999.0 6231.0 -999.0 -1 -999 {-999.0 -999.0 -999.0 -999.0 -999.0} "" -999.0 -999.0 -999.0 -999.0 -999 -999 "" "" "" "" 0 0 0.0 0.0 -999 ""
FIBERMAP 824 R-6C7 APOGEE 0 0 0 1 0 0 -108.80042775057305 -113.13970433624806 143.1 -155.7359322408815 -19.36414916777391 212.38304 65.62305 -999.0 -999.0 -999.0 -999.0 -999.0 141.43622330820733 -0.8325641283069516 141.4394071398017 -0.9402254715900703 56.14164029173332 173.91085854933024 -999.0 16600.0 -999.0 2 280 {-999.0 -999.0 -999.0 -999.0 -999.0} "" -999.0 -999.0 -999.0 -999.0 -999 -999 "" ops_sky_apogee_best_unassigned ops_sky sky_apogee 0 0 0.0 0.0 -999 ""
FIBERMAP 824 R-6C7 BOSS 1 1 0 1 0 0 -108.92742635737216 -112.39458877439607 143.1 -155.36541187430586 -18.705498430431135 212.38304 65.62305 141.43785844601075 -0.8297146381156689 -0.1815313 0.79996353 -0.003300348 141.43784921855143 -0.8297121564332988 141.44102521005624 -0.9372404287910747 56.14446905949829 173.9074880708169 5400.0 5400.0 2016.0 1 438 {-999.0 20.476166 20.361258 20.096096 -999.0} sdss_psfmag 20.619024 20.400576 19.955719 -999.0 63050395170939371 1117136671 bright_1x1 openfibertargets_bhm_quaia_boss open_fiber science 0 0 0.0 0.0 -999 ""
FIBERMAP 824 R-6C7 METROLOGY 0 0 0 1 0 0 -108.231888523277 -112.65530084154743 143.1 -154.98938246237785 -19.345914983755918 212.38304 65.62305 -999.0 -999.0 -999.0 -999.0 -999.0 141.43956384754895 -0.832582075254446 141.44273836987782 -0.9401509942584536 56.141417190931584 173.9048921570854 -999.0 6231.0 -999.0 -1 -999 {-999.0 -999.0 -999.0 -999.0 -999.0} "" -999.0 -999.0 -999.0 -999.0 -999 -999 "" "" "" "" 0 0 0.0 0.0 -999 ""
FIBERMAP 825 R+3C17 APOGEE 0 0 0 1 0 0 111.80139288711854 61.25804824422162 143.1 125.39996639586272 -22.818816741172817 2.0325186 129.48473 -999.0 -999.0 -999.0 -999.0 -999.0 142.7147909788796 -0.8463473238121435 142.71775614446938 -0.9560335052916622 55.990691152706326 171.63692810520962 -999.0 16600.0 -999.0 2 -999 {-999.0 -999.0 -999.0 -999.0 -999.0} "" -999.0 -999.0 -999.0 -999.0 -999 -999 "" "" "" "" 0 0 0.0 0.0 -999 ""
FIBERMAP 825 R+3C17 BOSS 1 1 0 1 0 0 112.3097943723496 60.728482310003315 143.1 125.46137746396516 -23.550208280568995 2.0325186 129.48473 142.71514892578122 -0.849815974049335 -999.0 -999.0 -999.0 142.71514496092863 -0.8498208243509677 142.71808770550746 -0.9593698300605319 55.98733933034735 171.63706946279746 5400.0 5400.0 2015.5 1 219 {-999.0 -999.0 -999.0 -999.0 -999.0} "" -999.0 -999.0 -999.0 -999.0 27021603143399891 812261029 "" ops_sky_boss_good ops_sky sky_boss 0 0 0.0 0.0 -999 ""
FIBERMAP 825 R+3C17 METROLOGY 0 0 0 1 0 0 111.59034365752375 60.542422501812055 143.1 124.78547195981547 -23.24171684399385 2.0325186 129.48473 -999.0 -999.0 -999.0 -999.0 -999.0 142.71206198397894 -0.8483836506572696 142.71501226921487 -0.9579669982246714 55.989107646652485 171.64221887386742 -999.0 6231.0 -999.0 -1 -999 {-999.0 -999.0 -999.0 -999.0 -999.0} "" -999.0 -999.0 -999.0 -999.0 -999 -999 "" "" "" "" 0 0 0.0 0.0 -999 ""
FIBERMAP 827 R+5C13 APOGEE 1 1 0 1 0 0 35.38987697861863 77.13017780578 143.1 76.04930362836072 37.61969836391005 325.78378 56.287544 142.4903090136623 -0.5716196627553359 -81.66022 8.691675 6.0770044 142.49008328935662 -0.5716057009986201 142.49352068991777 -0.6810141733456984 56.290599598374456 171.9772952580652 16000.0 16600.0 2016.0 2 3 {-999.0 9.955317 9.611668 9.514486 -999.0} sdss_psfmag_from_g3xp 9.906453 9.629213 9.188329 8.456 63050395170985137 975012496 "" ops_std_apogee ops_std standard_apogee 0 0 0.0 0.0 -999 ""
FIBERMAP 827 R+5C13 BOSS 0 0 0 1 0 0 34.698598868376806 76.8631223124579 143.1 75.3442802108974 37.84754666247612 325.78378 56.287544 -999.0 -999.0 -999.0 -999.0 -999.0 142.48692893679774 -0.5706879272570152 142.49035233269427 -0.6799563847382527 56.2920217881344 171.98274085416517 -999.0 5400.0 -999.0 1 148 {-999.0 -999.0 -999.0 -999.0 -999.0} "" -999.0 -999.0 -999.0 -999.0 -999 -999 "" "" "" "" 0 0 0.0 0.0 -999 ""
FIBERMAP 827 R+5C13 METROLOGY 0 0 0 1 0 0 34.800675278469456 77.60064108192597 143.1 75.8879265088378 38.35606317910386 325.78378 56.287544 -999.0 -999.0 -999.0 -999.0 -999.0 142.48938504211486 -0.5683353203948803 142.4928163069394 -0.6776466253724427 56.294026535987 171.97784348643538 -999.0 6231.0 -999.0 -1 -999 {-999.0 -999.0 -999.0 -999.0 -999.0} "" -999.0 -999.0 -999.0 -999.0 -999 -999 "" "" "" "" 0 0 0.0 0.0 -999 ""
FIBERMAP 828 R-2C18 APOGEE 0 0 0 1 0 0 115.52619158191351 -54.70759261382507 143.1 55.27647533432347 -115.22781541454599 305.24655 93.44828 -999.0 -999.0 -999.0 -999.0 -999.0 142.3964446687623 -1.26731395049615 142.39878721348538 -1.3763857111287243 55.61075277252282 172.28830795883354 -999.0 16600.0 -999.0 2 -999 {-999.0 -999.0 -999.0 -999.0 -999.0} "" -999.0 -999.0 -999.0 -999.0 -999 -999 "" "" "" "" 0 0 0.0 0.0 -999 ""
FIBERMAP 828 R-2C18 BOSS 1 1 0 1 0 0 114.96121380918318 -55.18547756612689 143.1 54.53679584830838 -115.24322945382485 305.24655 93.44828 142.39313228164823 -1.267601802599019 -4.483548 6.3835807 0.63747287 142.39312054605702 -1.2675823076107342 142.39544735990455 -1.37650987732014 55.611006113513476 172.29420653975143 5400.0 5400.0 2016.0 1 294 {-999.0 15.963774 15.586938 15.4602995 -999.0} sdss_psfmag 15.912502 15.598146 15.128525 14.231 63050395170961126 978211651 "" ops_std_boss ops_std standard_boss 0 0 0.0 0.0 -999 ""
FIBERMAP 828 R-2C18 METROLOGY 0 0 0 1 0 0 114.82882275756974 -54.44237816598106 143.1 54.90185876747564 -114.58274926542468 305.24655 93.44828 -999.0 -999.0 -999.0 -999.0 -999.0 142.39477047705552 -1.2645311614930732 142.397106393365 -1.373501536397909 55.613808151555475 172.2906878122513 -999.0 6231.0 -999.0 -1 -999 {-999.0 -999.0 -999.0 -999.0 -999.0} "" -999.0 -999.0 -999.0 -999.0 -999 -999 "" "" "" "" 0 0 0.0 0.0 -999 ""
FIBERMAP 830 R+9C18 APOGEE 0 0 0 1 0 0 170.99215973995086 185.2400948218662 143.1 249.4337248122504 36.20205129597053 224.47983 21.364532 -999.0 -999.0 -999.0 -999.0 -999.0 143.27311423797582 -0.5776398508750932 143.27641390003373 -0.6882659002698149 56.183592058554936 170.58183528716242 -999.0 16600.0 -999.0 2 52 {-999.0 -999.0 -999.0 -999.0 -999.0} "" -999.0 -999.0 -999.0 -999.0 -999 -999 "" ops_sky_apogee_best_unassigned ops_sky sky_apogee 0 0 0.0 0.0 -999 ""
FIBERMAP 830 R+9C18 BOSS 1 1 0 1 0 0 171.28693714533935 185.91632447524785 143.1 250.08844076388527 36.541636357346 224.47983 21.364532 143.2760967528882 -0.576217031155278 -0.45171797 0.24739483 0.31349728 143.27607006665116 -0.5762361957673847 143.27935260485907 -0.6867316898547028 56.18470717697212 170.57622600740672 5400.0 5400.0 2016.0 1 169 {-999.0 20.845943 20.63316 20.224659 -999.0} sdss_psfmag 20.661894 20.346352 19.788399 -999.0 63050395170965663 1117136793 bright_1x1 openfibertargets_bhm_quaia_boss open_fiber science 0 0 0.0 0.0 -999 ""
FIBERMAP 830 R+9C18 METROLOGY 0 0 0 1 0 0 171.73608560803913 185.3218161153901 143.1 250.06294328662602 35.797115766264156 224.47983 21.364532 -999.0 -999.0 -999.0 -999.0 -999.0 143.27595859347716 -0.579568167963999 143.27924126744767 -0.6901009717850128 56.181385311939565 170.57725767701405 -999.0 6231.0 -999.0 -1 -999 {-999.0 -999.0 -999.0 -999.0 -999.0} "" -999.0 -999.0 -999.0 -999.0 -999 -999 "" "" "" "" 0 0 0.0 0.0 -999 ""
FIBERMAP 831 R-6C18 APOGEE 0 0 0 1 0 0 168.79468647472865 -125.61863635238387 143.1 51.99874018407209 -203.8401180983317 337.7128 100.92829 -999.0 -999.0 -999.0 -999.0 -999.0 142.38154867655308 -1.667914985475088 142.3832538031544 -1.776852622130436 55.214550934936675 172.39457653085873 -999.0 16600.0 -999.0 2 -999 {-999.0 -999.0 -999.0 -999.0 -999.0} "" -999.0 -999.0 -999.0 -999.0 -999 -999 "" "" "" "" 0 0 0.0 0.0 -999 ""
FIBERMAP 831 R-6C18 BOSS 1 1 0 1 0 0 168.66494731539993 -126.36217865933205 143.1 51.429817202478816 -204.33589523776863 337.7128 100.92829 142.3790000525764 -1.6703100267668511 1.9141284 -10.956861 0.23645169 142.3789942598709 -1.670339999995902 142.38068004600234 -1.7791319540510928 55.21257211048219 172.39950229225124 5400.0 5400.0 2016.0 1 288 {-999.0 17.912916 17.629717 17.512814 -999.0} sdss_psfmag 17.888926 17.61489 17.19821 16.285 63050395170906819 944389483 bright_1x1 openfibertargets_nov2020_6c open_fiber science 0 0 0.0 0.0 -999 ""
FIBERMAP 831 R-6C18 METROLOGY 0 0 0 1 0 0 168.0970258613386 -125.8830822807625 143.1 51.290402930125204 -203.60622443965303 337.7128 100.92829 -999.0 -999.0 -999.0 -999.0 -999.0 142.37835684175005 -1.6670120510671496 142.38005250043307 -1.775843893848898 55.21590954578806 172.39995362202043 -999.0 6231.0 -999.0 -1 -999 {-999.0 -999.0 -999.0 -999.0 -999.0} "" -999.0 -999.0 -999.0 -999.0 -999 -999 "" "" "" "" 0 0 0.0 0.0 -999 ""
FIBERMAP 835 R+3C22 APOGEE 0 0 0 1 0 0 216.25607519732782 69.08302232210181 143.1 211.4507017922589 -82.51020962105096 59.249332 128.97293 -999.0 -999.0 -999.0 -999.0 -999.0 143.10338658571825 -1.1158942968634173 143.10586768868734 -1.2261111047194067 55.67356677353367 171.0125793979844 -999.0 16600.0 -999.0 2 31 {-999.0 -999.0 -999.0 -999.0 -999.0} "" -999.0 -999.0 -999.0 -999.0 -999 -999 "" ops_sky_apogee_best_unassigned ops_sky sky_apogee 0 0 0.0 0.0 -999 ""
FIBERMAP 835 R+3C22 BOSS 1 1 0 1 0 0 217.00009006392344 69.20954032358213 143.1 212.10819507685815 -82.88041020656128 59.249332 128.97293 143.10642980553874 -1.1177310324105647 0.13770522 0.05487511 -0.19054106 143.10638898465515 -1.1177051789634167 143.1088484626879 -1.227787885169671 55.671512876700824 171.0077314410761 5400.0 5400.0 2016.0 1 192 {-999.0 21.319023 20.859165 20.523407 -999.0} sdss_psfmag 20.465899 20.216755 19.868671 -999.0 63050395170960645 1117136685 bright_1x1 openfibertargets_bhm_quaia_boss open_fiber science 0 0 0.0 0.0 -999 ""
FIBERMAP 835 R+3C22 METROLOGY 0 0 0 1 0 0 216.73935948057968 68.5086297776687 143.1 211.46438128188288 -83.26060063078917 59.249332 128.97293 -999.0 -999.0 -999.0 -999.0 -999.0 143.10348236120907 -1.119400525653292 143.1059448024472 -1.2295174401707765 55.670179837255226 171.0132374863462 -999.0 6231.0 -999.0 -1 -999 {-999.0 -999.0 -999.0 -999.0 -999.0} "" -999.0 -999.0 -999.0 -999.0 -999 -999 "" "" "" "" 0 0 0.0 0.0 -999 ""
FIBERMAP 837 R+1C18 APOGEE 0 0 0 1 0 0 89.38354541421943 31.89020692151206 143.1 89.49824022542138 -31.511981136295574 158.83263 86.48746 -999.0 -999.0 -999.0 -999.0 -999.0 142.55178770937766 -0.88627248422431 142.55471453792086 -0.9956925638806313 55.97090719638854 171.93471371979876 -999.0 16600.0 -999.0 2 69 {-999.0 -999.0 -999.0 -999.0 -999.0} "" -999.0 -999.0 -999.0 -999.0 -999 -999 "" ops_sky_apogee_best_unassigned ops_sky sky_apogee 0 0 0.0 0.0 -999 ""
FIBERMAP 837 R+1C18 BOSS 1 1 0 1 0 0 89.68934356707243 32.553417608222425 143.1 90.15331811601398 -31.189446220940095 158.83263 86.48746 142.55484212061413 -0.8849585770936944 -3.2585979 -0.3199948 0.067392305 142.55482521700782 -0.8849500864189802 142.55773739918698 -0.9942383581909956 55.97199448403125 171.92904379185694 5400.0 5400.0 2016.0 1 231 {-999.0 18.37284 18.04642 17.937597 17.899267} sdss_psfmag_from_ps1dr2 18.3507 18.073 17.641 -999.0 63050395170962760 1035390766 "" ops_std_boss_ps1dr2 ops_std standard_boss 0 0 0.0 0.0 -999 ""
FIBERMAP 837 R+1C18 METROLOGY 0 0 0 1 0 0 90.1270155948196 31.95821609249755 143.1 90.11847112649808 -31.927279151008534 158.83263 86.48746 -999.0 -999.0 -999.0 -999.0 -999.0 142.5546576880392 -0.8882675778401634 142.55756923439043 -0.997593476858491 55.96868268558387 171.93005000922398 -999.0 6231.0 -999.0 -1 -999 {-999.0 -999.0 -999.0 -999.0 -999.0} "" -999.0 -999.0 -999.0 -999.0 -999 -999 "" "" "" "" 0 0 0.0 0.0 -999 ""
FIBERMAP 838 R-8C6 APOGEE 0 0 0 1 0 0 -101.09306992780478 -139.11346256109 143.1 -166.10413253580214 -44.389288910341435 173.47137 57.172077 -999.0 -999.0 -999.0 -999.0 -999.0 141.38961662015166 -0.9462940697857559 141.39262240759223 -1.0538495955396665 56.03260007013258 174.01238802704103 -999.0 16600.0 -999.0 2 -999 {-999.0 -999.0 -999.0 -999.0 -999.0} "" -999.0 -999.0 -999.0 -999.0 -999 -999 "" "" "" "" 0 0 0.0 0.0 -999 ""
FIBERMAP 838 R-8C6 BOSS 1 1 0 1 0 0 -100.6462640478328 -138.538539255847 143.1 -165.3951312493431 -44.224105398976455 173.47137 57.172077 141.39275511275017 -0.945717900473909 -3.4413693 1.5843956 0.25521094 141.39277644213627 -0.9456957492534559 141.39577064862692 -1.0531194797087668 56.03305108783404 174.00666126479433 5400.0 5400.0 2016.0 1 411 {-999.0 17.567669 17.194519 17.04641 -999.0} sdss_psfmag 17.489128 17.187998 16.730436 15.73 63050395170939272 977051677 "" ops_std_boss ops_std standard_boss 0 0 0.0 0.0 -999 ""
FIBERMAP 838 R-8C6 METROLOGY 0 0 0 1 0 0 -100.35448441797571 -139.21907233896286 143.1 -165.59701228547428 -44.93635102802689 173.47137 57.172077 -999.0 -999.0 -999.0 -999.0 -999.0 141.39188040866895 -0.9488891933260762 141.3948729760669 -1.0563494423334965 56.02991239925032 174.00876894548213 -999.0 6231.0 -999.0 -1 -999 {-999.0 -999.0 -999.0 -999.0 -999.0} "" -999.0 -999.0 -999.0 -999.0 -999 -999 "" "" "" "" 0 0 0.0 0.0 -999 ""
FIBERMAP 839 R+3C1 APOGEE 0 0 0 1 0 0 -268.8410396271108 44.58959325755269 143.1 -180.71781640396938 203.9025457468251 261.88928 82.05441 -999.0 -999.0 -999.0 -999.0 -999.0 141.32545408036492 0.17736763649705609 141.33030147144365 0.06961620309945302 57.157183635513285 173.94513305738545 -999.0 16600.0 -999.0 2 143 {-999.0 -999.0 -999.0 -999.0 -999.0} "" -999.0 -999.0 -999.0 -999.0 -999 -999 "" "" "" "" 0 0 0.0 0.0 -999 ""
FIBERMAP 839 R+3C1 BOSS 1 1 0 1 0 0 -269.54975472245906 44.773122455285566 143.1 -181.15267705767388 204.49131578193033 261.88928 82.05441 141.3235999958126 0.1798673020321106 -20.72459 0.101721495 1.6746198 141.32353192208626 0.17985486482229399 141.3283720391599 0.07223718947488345 57.15996538770007 173.94824824658272 5400.0 5400.0 2016.0 1 3 {-999.0 15.958486 15.027885 14.612079 14.3064785} sdss_psfmag_from_lsdr10 15.627756 14.956772 14.162156 12.556 63050395170995720 1058986899 bright_flexible_2x1 bhm_spiders_agn_lsdr10 bhm_spiders science 0 0 0.0 0.0 -999 ""
FIBERMAP 839 R+3C1 METROLOGY 0 0 0 1 0 0 -269.02110325291073 45.31586940603687 143.1 -180.40037053404808 204.579976744083 261.88928 82.05441 -999.0 -999.0 -999.0 -999.0 -999.0 141.3269091216128 0.18032100605900606 141.33175267641207 0.07266053876187349 57.16008721535598 173.94196962854892 -999.0 6231.0 -999.0 -1 -999 {-999.0 -999.0 -999.0 -999.0 -999.0} "" -999.0 -999.0 -999.0 -999.0 -999 -999 "" "" "" "" 0 0 0.0 0.0 -999 ""
FIBERMAP 840 R+10C12 APOGEE 0 0 0 1 0 0 72.54497668266413 202.23632349493374 143.1 183.6770242079773 111.38807227705522 28.069086 141.64005 -999.0 -999.0 -999.0 -999.0 -999.0 142.97636947227755 -0.23682222277310006 142.9802552015435 -0.3470807999463954 56.56147783182957 171.0289660363071 -999.0 16600.0 -999.0 2 -999 {-999.0 -999.0 -999.0 -999.0 -999.0} "" -999.0 -999.0 -999.0 -999.0 -999 -999 "" "" "" "" 0 0 0.0 0.0 -999 ""
FIBERMAP 840 R+10C12 BOSS 1 1 0 1 0 0 73.28296991929132 202.12744766756495 143.1 184.18162804691207 110.83884652735574 28.069086 141.64005 142.97873882661688 -0.2393661576880007 -4.356573 -23.337399 2.3020093 142.9787122571335 -0.23942397274382618 142.98257578105233 -0.34955178109968904 56.558723852531564 171.02537947048816 5400.0 5400.0 2016.0 1 141 {-999.0 18.842924 17.430706 16.47623 -999.0} sdss_psfmag 18.286013 17.157003 16.107729 14.179 63050395170988422 1095144558 bright_1x1 mwm_bin_vis_boss mwm_filler science 0 0 0.0 0.0 -999 ""
FIBERMAP 840 R+10C12 METROLOGY 0 0 0 1 0 0 72.8135495986026 201.54024119424213 143.1 183.4473295039433 110.67836229978435 28.069086 141.64005 -999.0 -999.0 -999.0 -999.0 -999.0 142.97539717008013 -0.2401080374600118 142.97926521776293 -0.35026840084439853 56.55844753698167 171.03150537312683 -999.0 6231.0 -999.0 -1 -999 {-999.0 -999.0 -999.0 -999.0 -999.0} "" -999.0 -999.0 -999.0 -999.0 -999 -999 "" "" "" "" 0 0 0.0 0.0 -999 ""
FIBERMAP 842 R-4C20 APOGEE 0 0 0 1 0 0 165.77534601224318 -76.35503408221226 143.1 80.67200994535524 -163.67887155564748 176.36014 115.102066 -999.0 -999.0 -999.0 -999.0 -999.0 142.5117733584725 -1.4863215204629967 142.51375103274745 -1.5955141456432005 55.37994950163183 172.13085884000944 -999.0 16600.0 -999.0 2 -999 {-999.0 -999.0 -999.0 -999.0 -999.0} "" -999.0 -999.0 -999.0 -999.0 -999 -999 "" "" "" "" 0 0 0.0 0.0 -999 ""
FIBERMAP 842 R-4C20 BOSS 1 1 0 1 0 0 165.49717128985836 -75.68964104931528 143.1 80.87492437237606 -162.98695047828076 176.36014 115.102066 142.51280087151315 -1.4834190740477087 -20.186571 13.550342 1.3149991 142.51273781556773 -1.483380602460942 142.5147037966455 -1.5924355205973744 55.38289793100335 172.12856936660873 5400.0 5400.0 2016.0 1 286 {-999.0 19.924099 18.434864 17.527061 -999.0} sdss_psfmag 19.304401 18.18997 17.128527 15.2 63050395170959338 1094580598 bright_1x1 mwm_bin_vis_boss mwm_filler science 0 0 0.0 0.0 -999 ""
FIBERMAP 842 R-4C20 METROLOGY 0 0 0 1 0 0 166.23132870276962 -75.76449046278006 143.1 81.39797346008038 -163.50733472523783 176.36014 115.102066 -999.0 -999.0 -999.0 -999.0 -999.0 142.51509932984965 -1.4856718960860613 142.5170659455864 -1.594769561270622 55.38030735175753 172.12491415648321 -999.0 6231.0 -999.0 -1 -999 {-999.0 -999.0 -999.0 -999.0 -999.0} "" -999.0 -999.0 -999.0 -999.0 -999 -999 "" "" "" "" 0 0 0.0 0.0 -999 ""
FIBERMAP 846 R+1C13 APOGEE 0 0 0 1 0 0 -13.578653919702145 29.384388796658335 143.1 7.955769420577345 31.370765475211552 79.16459 138.08687 -999.0 -999.0 -999.0 -999.0 -999.0 142.18009359781055 -0.6004849869058508 142.1835351913909 -0.7093966814776458 56.29751562526995 172.53805614693593 -999.0 16600.0 -999.0 2 131 {-999.0 -999.0 -999.0 -999.0 -999.0} "" -999.0 -999.0 -999.0 -999.0 -999 -999 "" ops_sky_apogee_best_unassigned ops_sky sky_apogee 0 0 0.0 0.0 -999 ""
FIBERMAP 846 R+1C13 BOSS 1 1 0 1 0 0 -13.011850855769238 29.86417236971937 143.1 8.69806194638944 31.386504790187484 79.16459 138.08687 142.18349763479068 -0.600531845171407 -0.1283014 -0.24760501 -0.021367058 142.18349530094616 -0.6005255727171714 142.18692138985722 -0.7093072395728841 56.29723459778342 172.5319729827449 5400.0 5400.0 2016.0 1 13 {-999.0 18.888645 18.623713 18.383614 18.18761} sdss_psfmag_from_gaiadr2 19.019636 18.665213 18.172947 -999.0 63050395170985368 1057663134 bright_flexible_2x1 bhm_gua_bright bhm_filler science 0 0 0.0 0.0 -999 ""
FIBERMAP 846 R+1C13 METROLOGY 0 0 0 1 0 0 -12.873646637811921 29.132102890594126 143.1 8.344458625918 30.730930707909163 79.16459 138.08687 -999.0 -999.0 -999.0 -999.0 -999.0 142.18188391677756 -0.6034796703441835 142.18530975524425 -0.7122963510806395 56.29443948413298 172.53544834452387 -999.0 6231.0 -999.0 -1 -999 {-999.0 -999.0 -999.0 -999.0 -999.0} "" -999.0 -999.0 -999.0 -999.0 -999 -999 "" "" "" "" 0 0 0.0 0.0 -999 ""
FIBERMAP 847 R+5C22 APOGEE 0 0 0 1 0 0 232.79460827715067 85.73332515350377 143.1 234.77886858740771 -79.99217575969999 244.08113 130.8456 -999.0 -999.0 -999.0 -999.0 -999.0 143.20798151793045 -1.1038938638806155 143.21046613464324 -1.214275651399578 55.67141594488857 170.82599280534242 -999.0 16600.0 -999.0 2 74 {-999.0 -999.0 -999.0 -999.0 -999.0} "" -999.0 -999.0 -999.0 -999.0 -999 -999 "" ops_sky_apogee_best_unassigned ops_sky sky_apogee 0 0 0.0 0.0 -999 ""
FIBERMAP 847 R+5C22 BOSS 1 1 0 1 0 0 232.06661609142125 85.52290100281901 143.1 234.08098871738673 -79.69722865085558 244.08113 130.8456 143.20490745247173 -1.1027207695191907 2.1541674 -5.9554877 0.9496626 143.2049031663395 -1.1027246511301423 143.20737137650224 -1.2129638133805032 55.673130724188276 170.831118078964 5400.0 5400.0 2016.0 1 248 {-999.0 18.507784 17.402699 16.986439 -999.0} sdss_psfmag 18.108528 17.416458 16.627525 14.948 63050395170960300 943255163 bright_1x1 openfibertargets_nov2020_46 open_fiber science 0 0 0.0 0.0 -999 ""
FIBERMAP 847 R+5C22 METROLOGY 0 0 0 1 0 0 232.24363897920412 86.24253066885478 143.1 234.67157790613854 -79.2497946717774 244.08113 130.8456 -999.0 -999.0 -999.0 -999.0 -999.0 143.20753903981705 -1.1006442137950325 143.21001541825717 -1.2109271879110635 55.67479459194619 170.8259884336655 -999.0 6231.0 -999.0 -1 -999 {-999.0 -999.0 -999.0 -999.0 -999.0} "" -999.0 -999.0 -999.0 -999.0 -999 -999 "" "" "" "" 0 0 0.0 0.0 -999 ""
FIBERMAP 849 R+6C12 APOGEE 0 0 0 1 0 0 11.199474930555196 129.05669260603045 143.1 89.95691882601957 93.17916894910309 157.22012 87.3562 -999.0 -999.0 -999.0 -999.0 -999.0 142.55262229323995 -0.31888889606853327 142.55645146077455 -0.4284635783337458 56.533906750717925 171.81021554467884 -999.0 16600.0 -999.0 2 -999 {-999.0 -999.0 -999.0 -999.0 -999.0} "" -999.0 -999.0 -999.0 -999.0 -999 -999 "" "" "" "" 0 0 0.0 0.0 -999 ""
FIBERMAP 849 R+6C12 BOSS 1 1 0 1 0 0 11.504888700220897 129.73285654138223 143.1 90.61985404067345 93.512005916586 157.22012 87.3562 142.55576371542398 -0.3173779165229654 -24.03593 -26.382994 6.090859 142.5556835165081 -0.3174710219474133 142.55949823115202 -0.4269168652694375 56.53507723038495 171.8043942290903 5400.0 5400.0 2016.0 1 117 {-999.0 17.197584 15.773675 14.526132 -999.0} sdss_psfmag 16.606472 15.21996 14.062206 11.899 63050395170988517 1075812681 bright_1x1 mwm_erosita_stars_boss mwm_erosita science 0 0 0.0 0.0 -999 ""
FIBERMAP 849 R+6C12 METROLOGY 0 0 0 1 0 0 11.941496145956451 129.1345803226888 143.1 90.58224430411974 92.77245534552206 157.22012 87.3562 -999.0 -999.0 -999.0 -999.0 -999.0 142.5555118106381 -0.32079972465419265 142.55932584642215 -0.43028237497640687 56.531756648226775 171.80543611266216 -999.0 6231.0 -999.0 -1 -999 {-999.0 -999.0 -999.0 -999.0 -999.0} "" -999.0 -999.0 -999.0 -999.0 -999 -999 "" "" "" "" 0 0 0.0 0.0 -999 ""
FIBERMAP 852 R0C15 APOGEE 0 0 0 1 0 0 25.228130493445406 16.927434789563527 143.1 30.251361173574004 -2.7380309582202 109.886284 82.708405 -999.0 -999.0 -999.0 -999.0 -999.0 142.28192594751962 -0.7557242483820283 142.28510278828583 -0.8647550188377224 56.13190243222187 172.38735786550464 -999.0 16600.0 -999.0 2 32 {-999.0 -999.0 -999.0 -999.0 -999.0} "" -999.0 -999.0 -999.0 -999.0 -999 -999 "" ops_sky_apogee_best_unassigned ops_sky sky_apogee 0 0 0.0 0.0 -999 ""
FIBERMAP 852 R0C15 BOSS 1 1 0 1 0 0 25.95248023099466 17.08178207797672 143.1 30.911104068063537 -3.0742362614467833 109.886284 82.708405 142.28495223904142 -0.757408359282136 8.711088 1.2901884 2.1507444 142.28496695521778 -0.7573890962698461 142.28812537297154 -0.8662879923477602 56.130042193108615 172.38227516610831 5400.0 5400.0 2016.0 1 180 {-999.0 17.79075 16.442019 15.731259 -999.0} sdss_psfmag 17.234077 16.308304 15.300633 13.418 63050395170984818 1095528808 bright_1x1 mwm_bin_vis_boss mwm_filler science 0 0 0.0 0.0 -999 ""
FIBERMAP 852 R0C15 METROLOGY 0 0 0 1 0 0 25.73492024990623 16.375112101929027 143.1 30.297191999382406 -3.4860815309971116 109.886284 82.708405 -999.0 -999.0 -999.0 -999.0 -999.0 142.28216542366508 -0.7592313414540514 142.28532567233475 -0.8681639133843467 56.12848993043089 172.38764191315585 -999.0 6231.0 -999.0 -1 -999 {-999.0 -999.0 -999.0 -999.0 -999.0} "" -999.0 -999.0 -999.0 -999.0 -999 -999 "" "" "" "" 0 0 0.0 0.0 -999 ""
FIBERMAP 857 R+13C3 APOGEE 0 0 0 1 0 0 -100.18437994903901 230.70506615519818 143.1 67.4532331367192 242.25497053717842 333.71777 39.663418 -999.0 -999.0 -999.0 -999.0 -999.0 142.44769010101956 0.35388923197401306 142.45260985843896 0.2443008011514242 57.214258899549996 171.8517761891076 -999.0 16600.0 -999.0 2 106 {-999.0 -999.0 -999.0 -999.0 -999.0} "" -999.0 -999.0 -999.0 -999.0 -999 -999 "" ops_sky_apogee_best_unassigned ops_sky sky_apogee 0 0 0.0 0.0 -999 ""
FIBERMAP 857 R+13C3 BOSS 1 1 0 1 0 0 -100.90975068551201 230.53171482592154 143.1 66.78073163403889 242.57705937350335 333.71777 39.663418 142.44466860272095 0.3552286294676243 -9.668346 -4.7240796 2.7266326 142.4446622964725 0.35522368998080944 142.44956909962104 0.2457702808725914 57.21608019937974 171.85702838859757 5400.0 5400.0 2016.0 1 87 {-999.0 20.926104 19.50065 18.16205 -999.0} sdss_psfmag 20.417715 18.98053 17.682585 15.246 63050395170997652 1095219750 bright_1x1 mwm_bin_vis_boss mwm_filler science 0 0 0.0 0.0 -999 ""
FIBERMAP 857 R+13C3 METROLOGY 0 0 0 1 0 0 -100.70772527714071 231.25009680337814 143.1 67.38995322546432 243.00778181961303 333.71777 39.663418 -999.0 -999.0 -999.0 -999.0 -999.0 142.44740149883518 0.357174532173732 142.45231531651592 0.24767927669480433 57.217648398250866 171.8515726299017 -999.0 6231.0 -999.0 -1 -999 {-999.0 -999.0 -999.0 -999.0 -999.0} "" -999.0 -999.0 -999.0 -999.0 -999 -999 "" "" "" "" 0 0 0.0 0.0 -999 ""
FIBERMAP 859 R-9C1 APOGEE 0 0 0 1 0 0 -185.07888806312258 -189.82926950220624 143.1 -263.26357895633845 -30.896661278533696 310.80472 94.13596 -999.0 -999.0 -999.0 -999.0 -999.0 140.95319727393155 -0.8849732737355314 140.9563687348624 -0.9918384302900509 56.13021733332716 174.78230015327 -999.0 16600.0 -999.0 2 272 {-999.0 -999.0 -999.0 -999.0 -999.0} "" -999.0 -999.0 -999.0 -999.0 -999 -999 "" ops_sky_apogee_best_unassigned ops_sky sky_apogee 0 0 0.0 0.0 -999 ""
FIBERMAP 859 R-9C1 BOSS 1 1 0 1 0 0 -185.6033850557158 -190.37182215813215 143.1 -264.01253660556426 -30.987787158038138 310.80472 94.13596 140.94985035479414 -0.8855236487300647 -999.0 -999.0 -999.0 140.9498656541269 -0.8855212043897891 140.95302624322017 -0.9922441104274109 56.13006829286086 174.7883349134788 5400.0 5400.0 2016.0 1 419 {-999.0 21.499834 19.556093 18.935537 -999.0} sdss_psfmag -999.0 -999.0 -999.0 -999.0 63050398247894255 1116020151 bright_1x1 openfibertargets_bhm_racsradio_boss open_fiber science 0 0 0.0 0.0 -999 ""
FIBERMAP 859 R-9C1 METROLOGY 0 0 0 1 0 0 -185.81062452050037 -189.6530093653358 143.1 -263.7208958282396 -30.299041583102007 310.80472 94.13596 -999.0 -999.0 -999.0 -999.0 -999.0 140.9511550553437 -0.8823676995004819 140.9543235939409 -0.989132299241156 56.13307188585182 174.78558741359402 -999.0 6231.0 -999.0 -1 -999 {-999.0 -999.0 -999.0 -999.0 -999.0} "" -999.0 -999.0 -999.0 -999.0 -999 -999 "" "" "" "" 0 0 0.0 0.0 -999 ""
FIBERMAP 865 R-9C11 APOGEE 1 1 0 1 0 0 22.716119819023803 -170.36099182238334 143.1 -89.62340009713375 -146.61233312631407 147.42847 127.62206 141.73785551073337 -1.410262765770102 -2.4668396 0.61008555 0.114355706 141.73783214342956 -1.4102761416696878 141.74003561682548 -1.5182640394875042 55.53829676109627 173.47300945694693 16000.0 16600.0 2016.0 2 179 {-999.0 14.10382 13.204104 12.847496 -999.0} sdss_psfmag_from_g3xp 13.821693 13.2242985 12.48875 10.876 63050395170936547 1155705858 bright_1x1 mwm_galactic_core_dist_apogee_extra mwm_galactic science 0 0 0.0 0.0 -999 ""
FIBERMAP 865 R-9C11 BOSS 0 0 0 1 0 0 22.64326334079555 -169.62384953057142 143.1 -89.2158509787434 -145.99396467932308 147.42847 127.62206 -999.0 -999.0 -999.0 -999.0 -999.0 141.7396543027473 -1.4076681606040329 141.7418483353798 -1.5155201856382072 55.540854720721626 173.46935785727032 -999.0 5400.0 -999.0 1 374 {-999.0 -999.0 -999.0 -999.0 -999.0} "" -999.0 -999.0 -999.0 -999.0 -999 -999 "" "" "" "" 0 0 0.0 0.0 -999 ""
FIBERMAP 865 R-9C11 METROLOGY 0 0 0 1 0 0 23.324202880135374 -169.93159114552466 143.1 -88.88077077801934 -146.66171469484192 147.42847 127.62206 -999.0 -999.0 -999.0 -999.0 -999.0 141.74118899268436 -1.4106424098759436 141.743381805529 -1.5185355923552033 55.537706468820716 173.46717108749988 -999.0 6231.0 -999.0 -1 -999 {-999.0 -999.0 -999.0 -999.0 -999.0} "" -999.0 -999.0 -999.0 -999.0 -999 -999 "" "" "" "" 0 0 0.0 0.0 -999 ""
FIBERMAP 866 R+11C13 APOGEE 0 0 0 1 0 0 104.21089910077418 194.9940007082698 143.1 203.71005414730837 85.8253296727503 321.6447 70.200325 -999.0 -999.0 -999.0 -999.0 -999.0 143.06716865540707 -0.35272692203999906 143.0708560783288 -0.46309529005695066 56.434511592307 170.89403277365176 -999.0 16600.0 -999.0 2 12 {-999.0 -999.0 -999.0 -999.0 -999.0} "" -999.0 -999.0 -999.0 -999.0 -999 -999 "" ops_sky_apogee_best_unassigned ops_sky sky_apogee 0 0 0.0 0.0 -999 ""
FIBERMAP 866 R+11C13 BOSS 1 1 0 1 0 0 103.5747150884317 194.59242894839315 143.1 202.96312259582956 85.91401774681462 321.6447 70.200325 143.06383689999794 -0.35241305951462076 -0.011698839 -3.4769492 0.06421656 143.06386520708838 -0.3524369555466143 143.06753562948455 -0.46266597465217324 56.43537883159566 170.89988158003678 5400.0 5400.0 2016.0 1 99 {-999.0 16.829945 17.127949 17.369452 -999.0} sdss_psfmag 16.93681 16.970055 17.055937 -999.0 63050395170966240 1166232101 bright_1x1 openfibertargets_mwm_strippedstars_boss open_fiber science 0 0 0.0 0.0 -999 ""
FIBERMAP 866 R+11C13 METROLOGY 0 0 0 1 0 0 103.54449946657543 195.34166303894256 143.1 203.41140182224254 86.5149289009783 321.6447 70.200325 -999.0 -999.0 -999.0 -999.0 -999.0 143.06585201787823 -0.3496856735615544 143.06953153253835 -0.45995658470567724 56.437798636764825 170.8956517049234 -999.0 6231.0 -999.0 -1 -999 {-999.0 -999.0 -999.0 -999.0 -999.0} "" -999.0 -999.0 -999.0 -999.0 -999 -999 "" "" "" "" 0 0 0.0 0.0 -999 ""
FIBERMAP 868 R+9C15 APOGEE 0 0 0 1 0 0 127.23635505247624 185.1642028328887 143.1 215.40336800711015 63.693408918850615 54.89819 130.50302 -999.0 -999.0 -999.0 -999.0 -999.0 143.12020295586393 -0.4530418045107349 143.12372359307597 -0.5634652871379353 56.3279787773324 170.82362426760903 -999.0 16600.0 -999.0 2 -999 {-999.0 -999.0 -999.0 -999.0 -999.0} "" -999.0 -999.0 -999.0 -999.0 -999 -999 "" "" "" "" 0 0 0.0 0.0 -999 ""
FIBERMAP 868 R+9C15 BOSS 1 1 0 1 0 0 127.98238264300403 185.24635707866898 143.1 216.03449136929135 63.28748631441259 54.89819 130.50302 143.12312307221123 -0.4550019529433271 -5.3089457 -2.3506997 0.33079305 143.12310001354524 -0.4550078394554647 143.1265988151015 -0.5653004353532938 56.325774552466136 170.81892968031192 5400.0 5400.0 2016.0 1 229 {-999.0 18.032263 17.547415 17.366718 -999.0} sdss_psfmag 17.956703 17.576992 17.053259 15.923 63050395170966082 944389866 bright_1x1 openfibertargets_nov2020_6c open_fiber science 0 0 0.0 0.0 -999 ""
FIBERMAP 868 R+9C15 METROLOGY 0 0 0 1 0 0 127.67691345448938 184.56206474662656 143.1 215.36639517012995 62.94837139078595 54.89819 130.50302 -999.0 -999.0 -999.0 -999.0 -999.0 143.12009551532387 -0.4565045470330982 143.12359765088468 -0.5668302944368097 56.324661050232535 170.82466318240694 -999.0 6231.0 -999.0 -1 -999 {-999.0 -999.0 -999.0 -999.0 -999.0} "" -999.0 -999.0 -999.0 -999.0 -999 -999 "" "" "" "" 0 0 0.0 0.0 -999 ""
FIBERMAP 869 R+10C1 APOGEE 1 1 0 1 0 0 -190.46791271180297 207.58160621387185 143.1 -17.22410132793459 281.1422367582557 162.35612 80.27562 142.06423399004882 0.5270361395516029 -8.709639 8.033661 1.1365148 142.0642018019597 0.5270576255092929 142.06947383612845 0.4180305312988174 57.43065451078226 172.5199551708395 16000.0 16600.0 2016.0 2 115 {-999.0 11.511759 11.476029 11.548767 -999.0} sdss_psfmag_from_g3xp 11.571144 11.447719 11.22473 10.901 63050395170997586 975012387 "" ops_std_apogee ops_std standard_apogee 0 0 0.0 0.0 -999 ""
FIBERMAP 869 R+10C1 BOSS 0 0 0 1 0 0 -190.09011115638293 208.21387846630893 143.1 -16.532582609659244 281.3954075552749 162.35612 80.27562 -999.0 -999.0 -999.0 -999.0 -999.0 142.0673410357233 0.5280511801412796 142.07259975196456 0.41914850966822464 57.43142344472572 172.51395595269128 -999.0 5400.0 -999.0 1 79 {-999.0 -999.0 -999.0 -999.0 -999.0} "" -999.0 -999.0 -999.0 -999.0 -999 -999 "" "" "" "" 0 0 0.0 0.0 -999 ""
FIBERMAP 869 R+10C1 METROLOGY 0 0 0 1 0 0 -189.71964918488572 207.55967375211526 143.1 -16.656778346323048 280.65406827099184 162.35612 80.27562 -999.0 -999.0 -999.0 -999.0 -999.0 142.0667774810916 0.5247955233048096 142.07203512789806 0.4158578630847189 57.428214451385436 172.51566806126837 -999.0 6231.0 -999.0 -1 -999 {-999.0 -999.0 -999.0 -999.0 -999.0} "" -999.0 -999.0 -999.0 -999.0 -999 -999 "" "" "" "" 0 0 0.0 0.0 -999 ""
FIBERMAP 870 R0C26 APOGEE 0 0 0 1 0 0 279.1132246321157 -14.29440011948416 143.1 207.7706129959033 -186.84179608813906 339.522 79.82438 -999.0 -999.0 -999.0 -999.0 -999.0 143.08485640034868 -1.5864243543071008 143.08659989848616 -1.6964822894025182 55.20972133411474 171.15435609298683 -999.0 16600.0 -999.0 2 38 {-999.0 -999.0 -999.0 -999.0 -999.0} "" -999.0 -999.0 -999.0 -999.0 -999 -999 "" ops_sky_apogee_best_unassigned ops_sky sky_apogee 0 0 0.0 0.0 -999 ""
FIBERMAP 870 R0C26 BOSS 1 1 0 1 0 0 278.7633965984289 -14.946570192932993 143.1 207.08829125894567 -187.1280335382836 339.522 79.82438 143.08181762695312 -1.587867061569824 -999.0 -999.0 -999.0 143.0818068777852 -1.5878776437447653 143.08353013660508 -1.697789755807809 55.20882165680892 171.15998497592707 5400.0 5400.0 2015.5 1 173 {-999.0 -999.0 -999.0 -999.0 -999.0} "" -999.0 -999.0 -999.0 -999.0 27021603143394278 812260230 "" ops_sky_boss_good ops_sky sky_boss 0 0 0.0 0.0 -999 ""
FIBERMAP 870 R0C26 METROLOGY 0 0 0 1 0 0 278.367123070967 -14.291766011845459 143.1 207.1928181177881 -186.36997675780538 339.522 79.82438 -999.0 -999.0 -999.0 -999.0 -999.0 143.0822920968078 -1.5844323961308795 143.08402591360203 -1.6943861040476909 55.21213266852692 171.1583524412259 -999.0 6231.0 -999.0 -1 -999 {-999.0 -999.0 -999.0 -999.0 -999.0} "" -999.0 -999.0 -999.0 -999.0 -999 -999 "" "" "" "" 0 0 0.0 0.0 -999 ""
FIBERMAP 871 R-7C18 APOGEE 1 1 0 1 0 0 176.40555758505502 -120.8149190099684 143.1 60.934259200179824 -204.9014423958634 91.44935 82.425446 142.42219029953728 -1.672628448263768 -40.677677 36.247242 5.7715893 142.42206732148276 -1.6725221660110468 142.42375993916875 -1.7815222582320998 55.20538213279085 172.32497910643914 16000.0 16600.0 2016.0 2 234 {-999.0 11.906339 11.344932 11.171754 -999.0} sdss_psfmag_from_g3xp 11.778785 11.391642 10.837653 9.838 63050395170906859 1103537771 bright_1x1 mwm_tess_2min_apogee mwm_planet science 0 0 0.0 0.0 -999 ""
FIBERMAP 871 R-7C18 BOSS 0 0 0 1 0 0 177.150011393395 -120.9335738829059 143.1 61.437723332531526 -205.4623307765296 91.44935 82.425446 -999.0 -999.0 -999.0 -999.0 -999.0 142.42437652567537 -1.675217343069612 142.42604858939944 -1.784079293725953 55.2025842154854 172.32149945852296 -999.0 5400.0 -999.0 1 276 {-999.0 -999.0 -999.0 -999.0 -999.0} "" -999.0 -999.0 -999.0 -999.0 -999 -999 "" "" "" "" 0 0 0.0 0.0 -999 ""
FIBERMAP 871 R-7C18 METROLOGY 0 0 0 1 0 0 176.6931665270645 -121.52279256455425 143.1 60.711924446929956 -205.63229574703743 91.44935 82.425446 -999.0 -999.0 -999.0 -999.0 -999.0 142.42107777034056 -1.6759471769043361 142.42275362090214 -1.7848437006241296 55.20219471092904 172.32738438604392 -999.0 6231.0 -999.0 -1 -999 {-999.0 -999.0 -999.0 -999.0 -999.0} "" -999.0 -999.0 -999.0 -999.0 -999 -999 "" "" "" "" 0 0 0.0 0.0 -999 ""
FIBERMAP 872 R+4C23 APOGEE 0 0 0 1 0 0 258.5594227980447 82.00028400624873 143.1 252.43842899044802 -99.11390549201575 20.206015 116.97868 -999.0 -999.0 -999.0 -999.0 -999.0 143.2866053149624 -1.1897380618449294 143.28894389032592 -1.3002174614899982 55.57567252995383 170.70884709491054 -999.0 16600.0 -999.0 2 77 {-999.0 -999.0 -999.0 -999.0 -999.0} "" -999.0 -999.0 -999.0 -999.0 -999 -999 "" "" "" "" 0 0 0.0 0.0 -999 ""
FIBERMAP 872 R+4C23 BOSS 1 1 0 1 0 0 259.08000210029036 81.47220384142355 143.1 252.51023335245446 -99.85181073238986 20.206015 116.97868 143.28699627515556 -1.1932133843402783 -19.127516 0.8598655 2.856687 143.2869343923858 -1.1932047143359525 143.28924847625194 -1.3035449821450313 55.572334481647516 170.70911272724976 5400.0 5400.0 2016.0 1 247 {-999.0 14.663869 13.814597 13.54947 -999.0} sdss_psfmag_from_g3xp 14.405333 13.8776865 13.203646 11.937 63050395170960162 1096007902 bright_1x1 mwm_bin_vis_boss mwm_filler science 0 0 0.0 0.0 -999 ""
FIBERMAP 872 R+4C23 METROLOGY 0 0 0 1 0 0 258.3551762872321 81.27844227029891 143.1 251.82530400483677 -99.54591644049685 20.206015 116.97868 -999.0 -999.0 -999.0 -999.0 -999.0 143.28387841071105 -1.1918076534699202 143.28620052013656 -1.3021829051941625 55.5740976216688 170.71412561142475 -999.0 6231.0 -999.0 -1 -999 {-999.0 -999.0 -999.0 -999.0 -999.0} "" -999.0 -999.0 -999.0 -999.0 -999 -999 "" "" "" "" 0 0 0.0 0.0 -999 ""
FIBERMAP 875 R+1C7 APOGEE 0 0 0 1 0 0 -130.88594220503595 34.765383913003646 143.1 -79.76185840126972 109.41094522808491 113.73506 32.261574 -999.0 -999.0 -999.0 -999.0 -999.0 141.78048962351815 -0.24634446833913753 141.78456784855018 -0.3547152930842421 56.69193705402765 173.18970113522764 -999.0 16600.0 -999.0 2 138 {-999.0 -999.0 -999.0 -999.0 -999.0} "" -999.0 -999.0 -999.0 -999.0 -999 -999 "" ops_sky_apogee_best_unassigned ops_sky sky_apogee 0 0 0.0 0.0 -999 ""
FIBERMAP 875 R+1C7 BOSS 1 1 0 1 0 0 -130.2742250888094 34.33528611119403 143.1 -79.55757925683787 108.69175336226844 113.73506 32.261574 141.7814905025505 -0.2497164352130118 -21.981651 -3.0846627 0.607703 141.7813975991094 -0.24969374922342472 141.78545687052866 -0.35793158917625917 56.68864813606242 173.18867442283704 5400.0 5400.0 2016.0 1 21 {-999.0 15.548982 15.166927 15.017253 -999.0} sdss_psfmag 15.466436 15.162533 14.690728 13.813 63050395170987591 1072645793 bright_1x1 mwm_halo_local_high_boss_single mwm_halo science 0 0 0.0 0.0 -999 ""
FIBERMAP 875 R+1C7 METROLOGY 0 0 0 1 0 0 -130.9547249845721 34.013643110191666 143.1 -80.28860221162063 108.87042037000884 113.73506 32.261574 -999.0 -999.0 -999.0 -999.0 -999.0 141.77807899164355 -0.24886420862486186 141.782143977136 -0.35713481283000453 56.68977119283104 173.19453205882039 -999.0 6231.0 -999.0 -1 -999 {-999.0 -999.0 -999.0 -999.0 -999.0} "" -999.0 -999.0 -999.0 -999.0 -999 -999 "" "" "" "" 0 0 0.0 0.0 -999 ""
FIBERMAP 877 R+13C4 APOGEE 0 0 0 1 0 0 -96.97811292543837 260.8281879684264 143.1 88.91000224872833 263.63104988948913 209.3324 48.499 -999.0 -999.0 -999.0 -999.0 -999.0 142.54404062290794 0.44894428580816 142.54909302716794 0.3391792729306335 57.29680673101807 171.65354479094194 -999.0 16600.0 -999.0 2 114 {-999.0 -999.0 -999.0 -999.0 -999.0} "" -999.0 -999.0 -999.0 -999.0 -999 -999 "" ops_sky_apogee_best_unassigned ops_sky sky_apogee 0 0 0.0 0.0 -999 ""
FIBERMAP 877 R+13C4 BOSS 1 1 0 1 0 0 -96.84281631203255 261.552712119862 143.1 89.47126683440894 264.1085575588481 209.3324 48.499 142.54659791124328 0.4509424731364549 -8.228052 -3.87366 4.4098644 142.5465725500015 0.4509240852115408 142.55161159166107 0.3412847168353356 57.29858890950778 171.64844228638282 5400.0 5400.0 2016.0 1 86 {-999.0 16.987062 15.580272 14.726105 -999.0} sdss_psfmag 16.370176 15.327158 14.287608 12.242 63050395170997728 1075831081 bright_1x1 mwm_erosita_stars_boss mwm_erosita science 0 0 0.0 0.0 -999 ""
FIBERMAP 877 R+13C4 METROLOGY 0 0 0 1 0 0 -96.27791632700539 261.0889695227254 143.1 89.61800182623308 263.39271357449115 209.3324 48.499 -999.0 -999.0 -999.0 -999.0 -999.0 142.54725205549374 0.44777260314210315 142.5522904846461 0.3380961251005386 57.29534127227877 171.64791600871098 -999.0 6231.0 -999.0 -1 -999 {-999.0 -999.0 -999.0 -999.0 -999.0} "" -999.0 -999.0 -999.0 -999.0 -999 -999 "" "" "" "" 0 0 0.0 0.0 -999 ""
FIBERMAP 880 R-8C1 APOGEE 0 0 0 1 0 0 -193.1926230523062 -172.53869828873556 143.1 -258.6782487803606 -12.359374306662986 340.55585 65.158066 -999.0 -999.0 -999.0 -999.0 -999.0 140.97341662769483 -0.8011053720091724 140.97672270987601 -0.9080260069830178 56.21221841123043 174.73428537963102 -999.0 16600.0 -999.0 2 276 {-999.0 -999.0 -999.0 -999.0 -999.0} "" -999.0 -999.0 -999.0 -999.0 -999 -999 "" ops_sky_apogee_best_unassigned ops_sky sky_apogee 0 0 0.0 0.0 -999 ""
FIBERMAP 880 R-8C1 BOSS 1 1 0 1 0 0 -193.7030423817428 -173.09543130186907 143.1 -259.4252016182539 -12.470377065202412 340.55585 65.158066 140.97007717598623 -0.8017444829799585 1.0942593 -2.3041904 0.2860351 140.97008480308628 -0.8017465937027116 140.97337980658853 -0.9085253837865186 56.21197835174343 174.7403471000766 5400.0 5400.0 2016.0 1 418 {-999.0 17.70777 17.365562 17.185791 -999.0} sdss_psfmag 17.64957 17.32392 16.856485 15.826 63050395170946363 944389892 bright_1x1 openfibertargets_nov2020_6c open_fiber science 0 0 0.0 0.0 -999 ""
FIBERMAP 880 R-8C1 METROLOGY 0 0 0 1 0 0 -193.92416740243323 -172.37954537239705 143.1 -259.14618780255097 -11.77516174602989 340.55585 65.158066 -999.0 -999.0 -999.0 -999.0 -999.0 140.97132339510415 -0.7985609771296939 140.97462642115568 -0.9053812628744429 56.21501699352518 174.73767636152044 -999.0 6231.0 -999.0 -1 -999 {-999.0 -999.0 -999.0 -999.0 -999.0} "" -999.0 -999.0 -999.0 -999.0 -999 -999 "" "" "" "" 0 0 0.0 0.0 -999 ""
FIBERMAP 885 R+12C10 APOGEE 0 0 0 1 0 0 34.21657755071751 240.98427866135427 143.1 178.30676835556264 165.61434108359967 142.28772 115.94888 -999.0 -999.0 -999.0 -999.0 -999.0 142.95046666969387 0.00804929829802187 142.95474326523032 -0.10223449188582978 56.80755470903059 171.01651959040603 -999.0 16600.0 -999.0 2 -999 {-999.0 -999.0 -999.0 -999.0 -999.0} "" -999.0 -999.0 -999.0 -999.0 -999 -999 "" "" "" "" 0 0 0.0 0.0 -999 ""
FIBERMAP 885 R+12C10 BOSS 1 1 0 1 0 0 34.35093664212109 241.72343948346136 143.1 178.8765206205181 166.10380649742038 142.28772 115.94888 142.9531293201576 0.010148931448571104 -12.010068 -0.61622775 2.4693465 142.9530481957826 0.010126126205102212 142.9573100433983 -0.10002979226436474 56.80940318683583 171.01134256698026 5400.0 5400.0 2016.0 1 153 {-999.0 19.570524 18.13677 16.602997 -999.0} sdss_psfmag 19.041601 17.32388 16.06801 13.602 63050395170989661 1096112044 bright_1x1 mwm_bin_vis_boss mwm_filler science 0 0 0.0 0.0 -999 ""
FIBERMAP 885 R+12C10 METROLOGY 0 0 0 1 0 0 34.91850461978474 241.2371825368138 143.1 179.01115180576699 165.36879706722527 142.28772 115.94888 -999.0 -999.0 -999.0 -999.0 -999.0 142.9536713467983 0.0068473859771771865 142.95793287957991 -0.10334614824028822 56.806033748480566 171.01101060990644 -999.0 6231.0 -999.0 -1 -999 {-999.0 -999.0 -999.0 -999.0 -999.0} "" -999.0 -999.0 -999.0 -999.0 -999 -999 "" "" "" "" 0 0 0.0 0.0 -999 ""
FIBERMAP 886 R+3C2 APOGEE 0 0 0 1 0 0 -244.01242123760284 74.69851478223386 143.1 -142.4771736346733 211.653351818332 158.66145 68.605675 -999.0 -999.0 -999.0 -999.0 -999.0 141.49765130175481 0.21365017525036803 141.50252574656912 0.1056114709084047 57.17734862813491 173.62276128448417 -999.0 16600.0 -999.0 2 -999 {-999.0 -999.0 -999.0 -999.0 -999.0} "" -999.0 -999.0 -999.0 -999.0 -999 -999 "" "" "" "" 0 0 0.0 0.0 -999 ""
FIBERMAP 886 R+3C2 BOSS 1 1 0 1 0 0 -243.54504602015547 75.23805971162332 143.1 -141.77447290233886 211.77810778831966 158.66145 68.605675 141.50048372911863 0.21409088482028527 -6.1747007 7.173471 1.998275 141.500823260331 0.2141187232810711 141.505685559048 0.10620594720144112 57.1776452401219 173.61685481713945 5400.0 5400.0 2016.0 1 73 {-999.0 12.153964 11.901971 11.84389 -999.0} sdss_psfmag_from_g3xp 12.106203 11.912779 11.481464 10.744 63050395170995808 943395311 bright_1x1 openfibertargets_nov2020_46 open_fiber science 0 0 1.3791230916976929 0.0 -999 ""
FIBERMAP 886 R+3C2 METROLOGY 0 0 0 1 0 0 -243.2826286217221 74.54338671153823 143.1 -142.00806088791262 211.07336807741703 158.66145 68.605675 -999.0 -999.0 -999.0 -999.0 -999.0 141.49975355238186 0.21098462579815647 141.50461444962338 0.10303723698055438 57.17459051613924 173.61936855338593 -999.0 6231.0 -999.0 -1 -999 {-999.0 -999.0 -999.0 -999.0 -999.0} "" -999.0 -999.0 -999.0 -999.0 -999 -999 "" "" "" "" 0 0 0.0 0.0 -999 ""
FIBERMAP 891 R+9C3 APOGEE 1 1 0 1 0 0 -147.5623704160577 159.4289171938567 143.1 -14.220620052203543 216.72992035744053 278.4449 101.34417 142.07798681609117 0.23945824438793725 -2.9818776 -1.4849207 0.544187 142.07800894142616 0.2394281796710927 142.08281610423433 0.13045461422212737 57.14334182302066 172.55353550507144 16000.0 16600.0 2016.0 2 99 {-999.0 11.876137 10.950602 10.59647 -999.0} sdss_psfmag_from_g3xp 11.578479 10.978505 10.237573 8.632 63050395170996831 1151939561 bright_1x1 mwm_galactic_core_dist_apogee_sparse mwm_galactic science 0 0 0.0 0.0 -999 ""
FIBERMAP 891 R+9C3 BOSS 0 0 0 1 0 0 -148.27175821598925 159.16530657600333 143.1 -14.937539182625558 216.97184663013522 278.4449 101.34417 -999.0 -999.0 -999.0 -999.0 -999.0 142.07476843525947 0.240418595344427 142.07956343763146 0.13158103219677791 57.14481587092311 172.55926901626546 -999.0 5400.0 -999.0 1 58 {-999.0 -999.0 -999.0 -999.0 -999.0} "" -999.0 -999.0 -999.0 -999.0 -999 -999 "" "" "" "" 0 0 0.0 0.0 -999 ""
FIBERMAP 891 R+9C3 METROLOGY 0 0 0 1 0 0 -148.14929258002292 159.9013893853161 143.1 -14.37896190084563 217.46641009795007 278.4449 101.34417 -999.0 -999.0 -999.0 -999.0 -999.0 142.07729596781812 0.24267327965304022 142.0820981795663 0.13379394297649522 57.14673949953009 172.55418018567974 -999.0 6231.0 -999.0 -1 -999 {-999.0 -999.0 -999.0 -999.0 -999.0} "" -999.0 -999.0 -999.0 -999.0 -999 -999 "" "" "" "" 0 0 0.0 0.0 -999 ""
FIBERMAP 894 R+13C9 APOGEE 0 0 0 1 0 0 50.09907959987032 255.44918300083341 143.1 199.74942525489683 166.84816563670432 40.408596 84.580826 -999.0 -999.0 -999.0 -999.0 -999.0 143.0467299790451 0.013094799996340771 143.0509968922521 -0.09733990307718095 56.79964528150578 170.84108414223113 -999.0 16600.0 -999.0 2 56 {-999.0 -999.0 -999.0 -999.0 -999.0} "" -999.0 -999.0 -999.0 -999.0 -999 -999 "" ops_sky_apogee_best_unassigned ops_sky sky_apogee 0 0 0.0 0.0 -999 ""
FIBERMAP 894 R+13C9 BOSS 1 1 0 1 0 0 50.538042403686916 254.84601329425084 143.1 199.71056366328136 166.10333155808965 40.408596 84.580826 143.0469412481845 0.009625713751306463 -118.29009 -14.037107 17.051014 143.04661454222642 0.009622037050342057 143.050858119834 -0.10067909792066619 56.79635470187205 170.84215142531983 5400.0 5400.0 2016.0 1 165 {-999.0 21.442335 19.77739 17.282211 -999.0} sdss_psfmag 20.626259 17.936861 16.4732 13.441 63050395170989604 1157670822 bright_1x1 mwm_snc_100pc_bright_boss_single mwm_snc science 0 0 0.0 0.0 -999 ""
FIBERMAP 894 R+13C9 METROLOGY 0 0 0 1 0 0 49.793368398413456 254.75508621486858 143.1 199.07496784591683 166.50158854803738 40.408596 84.580826 -999.0 -999.0 -999.0 -999.0 -999.0 143.0437391120427 0.011464427489145728 143.04799119492822 -0.09887028196790096 56.7985308377813 170.84689782441214 -999.0 6231.0 -999.0 -1 -999 {-999.0 -999.0 -999.0 -999.0 -999.0} "" -999.0 -999.0 -999.0 -999.0 -999 -999 "" "" "" "" 0 0 0.0 0.0 -999 ""
FIBERMAP 895 R+11C14 APOGEE 1 1 0 1 0 0 133.44825679814403 196.05350388990868 143.1 227.08410153845088 68.23924495685552 353.9966 53.13768 143.17254427572365 -0.43252854234033955 -6.232511 -7.025304 2.034173 143.17248718621408 -0.4325303866432949 143.17603123624394 -0.5430403116958329 56.34116557945707 170.72516283097085 16000.0 16600.0 2016.0 2 96 {-999.0 12.597295 12.037171 11.877316 -999.0} sdss_psfmag_from_g3xp 12.471647 12.087057 11.540732 10.561 63050395170966097 1113930746 bright_1x1 openfibertargets_mwm_subgiant_nataf24_apogee open_fiber science 0 0 0.0 0.0 -999 ""
FIBERMAP 895 R+11C14 BOSS 0 0 0 1 0 0 132.93868138664038 195.503484603058 143.1 226.3420313365144 68.13292499411213 353.9966 53.13768 -999.0 -999.0 -999.0 -999.0 -999.0 143.16921357281402 -0.433131897370251 143.1727388110803 -0.5435018583134821 56.3411543524129 170.73116097853392 -999.0 5400.0 -999.0 1 88 {-999.0 -999.0 -999.0 -999.0 -999.0} "" -999.0 -999.0 -999.0 -999.0 -999 -999 "" "" "" "" 0 0 0.0 0.0 -999 ""
FIBERMAP 895 R+11C14 METROLOGY 0 0 0 1 0 0 132.71350006602222 196.21538867515747 143.1 226.61538773449362 68.82760183655728 353.9966 53.13768 -999.0 -999.0 -999.0 -999.0 -999.0 143.17040998592927 -0.42995330137172516 143.1739452310306 -0.5403641661884806 56.34409970038732 170.7282374472295 -999.0 6231.0 -999.0 -1 -999 {-999.0 -999.0 -999.0 -999.0 -999.0} "" -999.0 -999.0 -999.0 -999.0 -999 -999 "" "" "" "" 0 0 0.0 0.0 -999 ""
FIBERMAP 896 R-8C17 APOGEE 0 0 0 1 0 0 175.02459969773952 -151.4444886432206 143.1 40.576222279975305 -227.8201333333117 52.20561 69.01971 -999.0 -999.0 -999.0 -999.0 -999.0 142.3297093300092 -1.7757806625798216 142.331248657985 -1.884606667217923 55.11320278012956 172.50586417495907 -999.0 16600.0 -999.0 2 230 {-999.0 -999.0 -999.0 -999.0 -999.0} "" -999.0 -999.0 -999.0 -999.0 -999 -999 "" ops_sky_apogee_best_unassigned ops_sky sky_apogee 0 0 0.0 0.0 -999 ""
FIBERMAP 896 R-8C17 BOSS 1 1 0 1 0 0 175.43260184245347 -152.05360225080437 143.1 40.50957285326796 -228.55008969779288 52.20561 69.01971 142.32943525976958 -1.779245690235764 -4.5547276 -2.6296766 0.30278605 142.32942810611976 -1.7792287008749523 142.33094632469482 -1.8879117496167093 55.109950807929835 172.50702328482157 5400.0 5400.0 2016.0 1 275 {-999.0 17.433329 17.080875 16.9375 -999.0} sdss_psfmag 17.374224 17.082415 16.63624 15.497 63050395170906571 976113555 "" ops_std_boss ops_std standard_boss 0 0 0.0 0.0 -999 ""
FIBERMAP 896 R-8C17 METROLOGY 0 0 0 1 0 0 174.68933554212285 -152.11663549255348 143.1 39.89263332605038 -228.1310555407736 52.20561 69.01971 -999.0 -999.0 -999.0 -999.0 -999.0 142.32662664012602 -1.7773135975425038 142.32815270409031 -1.8860328880289667 55.11212457674818 172.51151495979272 -999.0 6231.0 -999.0 -1 -999 {-999.0 -999.0 -999.0 -999.0 -999.0} "" -999.0 -999.0 -999.0 -999.0 -999 -999 "" "" "" "" 0 0 0.0 0.0 -999 ""
FIBERMAP 897 R-6C3 APOGEE 1 1 0 1 0 0 -173.75507940880516 -111.27556068161071 143.1 -205.00867333736798 22.981511054171172 328.41425 170.6385 141.2137092578719 -0.6406400731959008 -23.755375 5.6656938 2.5387516 141.21364327488672 -0.6405668639642713 141.21717479278988 -0.7479204886186811 56.3524497974942 174.2793480113188 16000.0 16600.0 2016.0 2 298 {-999.0 14.780486 13.805028 13.451459 -999.0} sdss_psfmag_from_g3xp 14.458744 13.845971 13.0931 11.575 63050395170946675 1034737819 bright_1x1 mwm_yso_variable_apogee_single mwm_yso science 0 0 0.0 0.0 -999 ""
FIBERMAP 897 R-6C3 BOSS 0 0 0 1 0 0 -173.1912969866492 -111.75699687649025 143.1 -204.87394684507987 22.252629147669758 328.41425 170.6385 -999.0 -999.0 -999.0 -999.0 -999.0 141.214215044223 -0.6440028931349233 141.21772945945298 -0.751221049311339 56.34911436121653 174.27884993800248 -999.0 5400.0 -999.0 1 445 {-999.0 -999.0 -999.0 -999.0 -999.0} "" -999.0 -999.0 -999.0 -999.0 -999 -999 "" "" "" "" 0 0 0.0 0.0 -999 ""
FIBERMAP 897 R-6C3 METROLOGY 0 0 0 1 0 0 -173.8913315111941 -112.00760275395996 143.1 -205.5754135608617 22.498766267442857 328.41425 170.6385 -999.0 -999.0 -999.0 -999.0 -999.0 141.21106584438937 -0.6428561716339691 141.214585871123 -0.7501079335147971 56.35048694791657 174.28433428777157 -999.0 6231.0 -999.0 -1 -999 {-999.0 -999.0 -999.0 -999.0 -999.0} "" -999.0 -999.0 -999.0 -999.0 -999 -999 "" "" "" "" 0 0 0.0 0.0 -999 ""
FIBERMAP 898 R+4C19 APOGEE 0 0 0 1 0 0 152.66115325946737 93.2905663379555 143.1 177.30222746533758 -23.667875072402126 128.11908 92.44307 -999.0 -999.0 -999.0 -999.0 -999.0 142.94970270826005 -0.849634692541017 142.95262633832397 -0.9596860646956449 55.957633692114335 171.22137784672597 -999.0 16600.0 -999.0 2 90 {-999.0 -999.0 -999.0 -999.0 -999.0} "" -999.0 -999.0 -999.0 -999.0 -999 -999 "" ops_sky_apogee_best_unassigned ops_sky sky_apogee 0 0 0.0 0.0 -999 ""
FIBERMAP 898 R+4C19 BOSS 1 1 0 1 0 0 153.23143329235134 93.74530977185401 143.1 178.03145413707065 -23.673772198125576 128.11908 92.44307 142.95307659721087 -0.8497956715141357 0.4150223 0.1195625 -0.11141399 142.95306699708735 -0.8497968496230051 142.95597212695463 -0.9597165736363673 55.95717391724695 171.21545848272595 5400.0 5400.0 2016.0 1 208 {-999.0 19.857521 19.555283 19.496305 -999.0} sdss_psfmag 19.760735 19.606676 19.150839 -999.0 63050395170962489 1117136736 bright_1x1 openfibertargets_bhm_quaia_boss open_fiber science 0 0 0.0 0.0 -999 ""
FIBERMAP 898 R+4C19 METROLOGY 0 0 0 1 0 0 153.35708984961448 93.01289203243716 143.1 177.66788650522247 -24.321716275212953 128.11908 92.44307 -999.0 -999.0 -999.0 -999.0 -999.0 142.95141309180312 -0.8527041394304709 142.95431891797347 -0.9626592668753653 55.954467846213795 171.21906164380673 -999.0 6231.0 -999.0 -1 -999 {-999.0 -999.0 -999.0 -999.0 -999.0} "" -999.0 -999.0 -999.0 -999.0 -999 -999 "" "" "" "" 0 0 0.0 0.0 -999 ""
FIBERMAP 899 R+4C21 APOGEE 0 0 0 1 0 0 206.43467428215249 83.35857036772738 143.1 212.8114159401549 -65.23930404422954 336.39175 170.16722 -999.0 -999.0 -999.0 -999.0 -999.0 143.10961125661805 -1.0376501798145041 143.11221447928847 -1.147898112108576 55.750264447907526 170.98314279260433 -999.0 16600.0 -999.0 2 33 {-999.0 -999.0 -999.0 -999.0 -999.0} "" -999.0 -999.0 -999.0 -999.0 -999 -999 "" ops_sky_apogee_best_unassigned ops_sky sky_apogee 0 0 0.0 0.0 -999 ""
FIBERMAP 899 R+4C21 BOSS 1 1 0 1 0 0 207.05513953041705 82.94696415375518 143.1 213.03413224510035 -65.94964272872312 336.39175 170.16722 143.11065673828125 -1.0410145323958915 -999.0 -999.0 -999.0 143.11066450302476 -1.041012806323702 143.11324394477447 -1.1511235922631229 55.74693143668592 170.98208546754475 5400.0 5400.0 2015.5 1 193 {-999.0 -999.0 -999.0 -999.0 -999.0} "" -999.0 -999.0 -999.0 -999.0 27021603143398649 812260866 "" ops_sky_boss_good ops_sky sky_boss 0 0 0.0 0.0 -999 ""
FIBERMAP 899 R+4C21 METROLOGY 0 0 0 1 0 0 206.38051211755425 82.6174898853988 143.1 212.3027392439158 -65.78075534380824 336.39175 170.16722 -999.0 -999.0 -999.0 -999.0 -999.0 143.10736762361347 -1.0402221942669214 143.10995400442107 -1.1503671645392157 55.748114755334555 170.9877014422506 -999.0 6231.0 -999.0 -1 -999 {-999.0 -999.0 -999.0 -999.0 -999.0} "" -999.0 -999.0 -999.0 -999.0 -999 -999 "" "" "" "" 0 0 0.0 0.0 -999 ""
FIBERMAP 901 R+8C13 APOGEE 0 0 0 1 0 0 76.86104775788094 142.45828101125676 143.1 149.39056263818176 62.24440514804172 330.34955 93.56171 -999.0 -999.0 -999.0 -999.0 -999.0 142.8226154071584 -0.45942686134642374 142.82617590595743 -0.5693861999128036 56.36085852482929 171.35731473037507 -999.0 16600.0 -999.0 2 -999 {-999.0 -999.0 -999.0 -999.0 -999.0} "" -999.0 -999.0 -999.0 -999.0 -999 -999 "" "" "" "" 0 0 0.0 0.0 -999 ""
FIBERMAP 901 R+8C13 BOSS 1 1 0 1 0 0 76.53217464958345 141.7866658012386 143.1 148.7122719767104 61.92987179022055 330.34955 93.56171 142.81963452791248 -0.46096296845893187 0.16982041 -0.25556523 -0.2388323 142.8196212121349 -0.4609677843867328 142.82316261220546 -0.5707872296213379 56.35984935658743 171.36302984960219 5400.0 5400.0 2016.0 1 151 {-999.0 19.663877 19.555984 19.306011 -999.0} sdss_psfmag 19.897303 19.529146 19.094213 -999.0 63050395170988008 1117136850 bright_1x1 openfibertargets_bhm_quaia_boss open_fiber science 0 0 0.0 0.0 -999 ""
FIBERMAP 901 R+8C13 METROLOGY 0 0 0 1 0 0 76.11721574451917 142.40017837439763 143.1 148.7762882488417 62.667624811455326 330.34955 93.56171 -999.0 -999.0 -999.0 -999.0 -999.0 142.81988395387552 -0.4575828941412185 142.82343552780742 -0.5674418774877567 56.363133456602114 171.36177845334302 -999.0 6231.0 -999.0 -1 -999 {-999.0 -999.0 -999.0 -999.0 -999.0} "" -999.0 -999.0 -999.0 -999.0 -999 -999 "" "" "" "" 0 0 0.0 0.0 -999 ""
FIBERMAP 903 R+10C13 APOGEE 0 0 0 1 0 0 96.92906671566062 178.07383047315574 143.1 187.40110630655042 77.26933907356428 327.27094 81.22544 -999.0 -999.0 -999.0 -999.0 -999.0 142.99397603639446 -0.391367461373235 142.99761509373417 -0.5016118374033298 56.406004668627816 171.03448483500708 -999.0 16600.0 -999.0 2 -999 {-999.0 -999.0 -999.0 -999.0 -999.0} "" -999.0 -999.0 -999.0 -999.0 -999 -999 "" "" "" "" 0 0 0.0 0.0 -999 ""
FIBERMAP 903 R+10C13 BOSS 1 1 0 1 0 0 96.45389764174837 177.5138026020239 143.1 186.67945571245224 77.13358250648295 327.27094 81.22544 142.99084761796522 -0.39206114009639886 -16.322905 -11.354641 1.9779996 142.99079099266322 -0.3920943429386139 142.9944116784518 -0.5021990842434157 56.40584213143055 171.04036335631844 5400.0 5400.0 2016.0 1 98 {-999.0 21.43285 19.915133 18.770529 -999.0} sdss_psfmag 20.4622 19.483274 18.373344 16.234 63050395170966171 1094369225 bright_1x1 mwm_bin_vis_boss mwm_filler science 0 0 0.0 0.0 -999 ""
FIBERMAP 903 R+10C13 METROLOGY 0 0 0 1 0 0 96.19585238420277 178.21188381305234 143.1 186.9185852215932 77.83821631117425 327.27094 81.22544 -999.0 -999.0 -999.0 -999.0 -999.0 142.99183898037765 -0.38886735494057895 142.99546960730117 -0.499012718824838 56.408862481224006 171.0377134891393 -999.0 6231.0 -999.0 -1 -999 {-999.0 -999.0 -999.0 -999.0 -999.0} "" -999.0 -999.0 -999.0 -999.0 -999 -999 "" "" "" "" 0 0 0.0 0.0 -999 ""
FIBERMAP 904 R+7C9 APOGEE 1 1 0 1 0 0 -38.35359781088272 121.69119135008975 143.1 46.83435139574843 118.65929149819968 264.04144 104.78096 142.35613232521402 -0.20304391064539 6.73273 -12.784845 5.0645785 142.3562732185109 -0.2032641816517661 142.360320681129 -0.3125608277366727 56.672033132135766 172.13934287579215 16000.0 16600.0 2016.0 2 23 {-999.0 11.797753 11.351678 11.217866 -999.0} sdss_psfmag_from_g3xp 11.711236 11.381984 10.886187 10.049 63050395170990150 1103537769 bright_1x1 mwm_tess_2min_apogee mwm_planet science 0 0 0.0 0.0 -999 ""
FIBERMAP 904 R+7C9 BOSS 0 0 0 1 0 0 -39.077730044425195 121.56340433794196 143.1 46.19150077166687 119.0159876646643 264.04144 104.78096 -999.0 -999.0 -999.0 -999.0 -999.0 142.35338114349796 -0.20172918867021825 142.35741612918014 -0.31088828429756604 56.67402851279038 172.14424436842617 -999.0 5400.0 -999.0 1 131 {-999.0 -999.0 -999.0 -999.0 -999.0} "" -999.0 -999.0 -999.0 -999.0 -999 -999 "" "" "" "" 0 0 0.0 0.0 -999 ""
FIBERMAP 904 R+7C9 METROLOGY 0 0 0 1 0 0 -38.8363108171867 122.26969485967672 143.1 46.823704001596816 119.41251555651857 264.04144 104.78096 -999.0 -999.0 -999.0 -999.0 -999.0 142.35624316850704 -0.19990025354291793 142.36028494137253 -0.30910216198190293 56.67547295802646 172.13868347948184 -999.0 6231.0 -999.0 -1 -999 {-999.0 -999.0 -999.0 -999.0 -999.0} "" -999.0 -999.0 -999.0 -999.0 -999 -999 "" "" "" "" 0 0 0.0 0.0 -999 ""
FIBERMAP 905 R-1C5 APOGEE 0 0 0 1 0 0 -194.58971183126633 -26.364540773237067 143.1 -167.72654468602778 102.04519745761405 169.08879 168.23703 -999.0 -999.0 -999.0 -999.0 -999.0 141.38197263081057 -0.2813728843271947 141.38606235942297 -0.3890944066879908 56.6953322216274 173.91808098076294 -999.0 16600.0 -999.0 2 266 {-999.0 -999.0 -999.0 -999.0 -999.0} "" -999.0 -999.0 -999.0 -999.0 -999 -999 "" ops_sky_apogee_best_unassigned ops_sky sky_apogee 0 0 0.0 0.0 -999 ""
FIBERMAP 905 R-1C5 BOSS 1 1 0 1 0 0 -195.27862368998998 -26.09445625528559 143.1 -168.09152684358426 102.68872108185644 169.08879 168.23703 141.38031005859375 -0.27859996064326253 -999.0 -999.0 -999.0 141.38030021429952 -0.2785733660950051 141.38438283918322 -0.38615930369631285 56.69840525709041 173.92065144633875 5400.0 5400.0 2015.5 1 485 {-999.0 -999.0 -999.0 -999.0 -999.0} "" -999.0 -999.0 -999.0 -999.0 27021603143418132 812263624 "" ops_sky_boss_good ops_sky sky_boss 0 0 0.0 0.0 -999 ""
FIBERMAP 905 R-1C5 METROLOGY 0 0 0 1 0 0 -194.7068140375401 -25.623644692338793 143.1 -167.35099510815635 102.69434002550986 169.08879 168.23703 -999.0 -999.0 -999.0 -999.0 -999.0 141.38364724722655 -0.27849832234379435 141.3877328007036 -0.3861275489596579 56.69813840894511 173.9145692988185 -999.0 6231.0 -999.0 -1 -999 {-999.0 -999.0 -999.0 -999.0 -999.0} "" -999.0 -999.0 -999.0 -999.0 -999 -999 "" "" "" "" 0 0 0.0 0.0 -999 ""
FIBERMAP 906 R+11C11 APOGEE 0 0 0 1 0 0 37.52801012529507 219.2897984247424 143.1 167.21890441465635 146.68050576334792 205.76959 63.79915 -999.0 -999.0 -999.0 -999.0 -999.0 142.90118362119938 -0.077100471710657 142.90533475064075 -0.1872848403106076 56.72968000003114 171.12616059170577 -999.0 16600.0 -999.0 2 1 {-999.0 -999.0 -999.0 -999.0 -999.0} "" -999.0 -999.0 -999.0 -999.0 -999 -999 "" ops_sky_apogee_best_unassigned ops_sky sky_apogee 0 0 0.0 0.0 -999 ""
FIBERMAP 906 R+11C11 BOSS 1 1 0 1 0 0 37.5224090458928 220.0309801082941 143.1 167.6812302174732 147.2596648436549 205.76959 63.79915 142.90328979492185 -0.07460390065517686 -999.0 -999.0 -999.0 142.90329653015561 -0.07460056108642986 142.90743383763282 -0.18465602802476352 56.73201424375465 171.12174474709929 5400.0 5400.0 2015.5 1 108 {-999.0 -999.0 -999.0 -999.0 -999.0} "" -999.0 -999.0 -999.0 -999.0 27021603143416302 812263396 "" ops_sky_boss_good ops_sky sky_boss 0 0 0.0 0.0 -999 ""
FIBERMAP 906 R+11C11 METROLOGY 0 0 0 1 0 0 38.17216033609277 219.67343259742415 143.1 167.96072866739937 146.57287079741505 205.76959 63.79915 -999.0 -999.0 -999.0 -999.0 -999.0 142.9045666174484 -0.0776726692433594 142.90870376880213 -0.1877669331565917 56.72876482886296 171.1201854122113 -999.0 6231.0 -999.0 -1 -999 {-999.0 -999.0 -999.0 -999.0 -999.0} "" -999.0 -999.0 -999.0 -999.0 -999 -999 "" "" "" "" 0 0 0.0 0.0 -999 ""
FIBERMAP 907 R-6C6 APOGEE 0 0 0 1 0 0 -115.37435471672919 -131.2952792982055 143.1 -172.27294860712678 -29.325330153792148 272.14304 100.661255 -999.0 -999.0 -999.0 -999.0 -999.0 141.36156588307944 -0.8778741951182986 141.3646873147042 -0.985402989393641 56.103226850194496 174.05151034719916 -999.0 16600.0 -999.0 2 -999 {-999.0 -999.0 -999.0 -999.0 -999.0} "" -999.0 -999.0 -999.0 -999.0 -999 -999 "" "" "" "" 0 0 0.0 0.0 -999 ""
FIBERMAP 907 R-6C6 BOSS 1 1 0 1 0 0 -116.1138321616772 -131.4600039986442 143.1 -172.95097431496737 -28.98765940615887 272.14304 100.661255 141.35844493569175 -0.876467049353721 0.12838471 -0.49255988 -0.29768318 141.35845709389608 -0.8764875463664009 141.36156930527517 -0.9838750126661434 56.10502061265617 174.05684055971992 5400.0 5400.0 2016.0 1 465 {-999.0 20.111307 19.6694 19.493372 -999.0} sdss_psfmag 19.887712 19.554935 18.94607 -999.0 63050395170939312 1117136658 bright_1x1 openfibertargets_bhm_quaia_boss open_fiber science 0 0 0.0 0.0 -999 ""
FIBERMAP 907 R-6C6 METROLOGY 0 0 0 1 0 0 -115.88952108743301 -130.75558902498605 143.1 -172.33323890161392 -28.581816206855205 272.14304 100.661255 -999.0 -999.0 -999.0 -999.0 -999.0 141.36124962939044 -0.8746023178038266 141.36436786854694 -0.9820335402218245 56.10661131508265 174.0515543038962 -999.0 6231.0 -999.0 -1 -999 {-999.0 -999.0 -999.0 -999.0 -999.0} "" -999.0 -999.0 -999.0 -999.0 -999 -999 "" "" "" "" 0 0 0.0 0.0 -999 ""
FIBERMAP 908 R+6C18 APOGEE 0 0 0 1 0 0 164.98776841766178 125.25099791392046 143.1 206.99907638769048 -6.6073785969384105 39.175198 124.87525 -999.0 -999.0 -999.0 -999.0 -999.0 143.08341951760062 -0.7718641425173287 143.08644477583164 -0.8821441784501102 56.017094688187235 170.96616790460635 -999.0 16600.0 -999.0 2 -999 {-999.0 -999.0 -999.0 -999.0 -999.0} "" -999.0 -999.0 -999.0 -999.0 -999 -999 "" "" "" "" 0 0 0.0 0.0 -999 ""
FIBERMAP 908 R+6C18 BOSS 1 1 0 1 0 0 165.7115881428219 125.06218987501326 143.1 207.44234416653225 -7.209758841392994 39.175198 124.87525 143.0855095699584 -0.7746942498393361 -5.379767 -18.715944 0.6028207 143.0854824571625 -0.7747312125696795 143.08848469148273 -0.8848771901583964 56.01411623613915 170.96319660965253 5400.0 5400.0 2016.0 1 203 {-999.0 16.739254 16.337872 16.197294 -999.0} sdss_psfmag 16.656746 16.345224 15.863582 14.931 63050395170965303 1072698224 bright_1x1 mwm_halo_local_high_boss_single mwm_halo science 0 0 0.0 0.0 -999 ""
FIBERMAP 908 R+6C18 METROLOGY 0 0 0 1 0 0 165.18441586442654 124.5312814682332 143.1 206.6986404361393 -7.290156853706009 39.175198 124.87525 -999.0 -999.0 -999.0 -999.0 -999.0 143.08212410367977 -0.775064114919245 143.08513150643074 -0.8852434738195993 56.01419588968682 170.96922856812148 -999.0 6231.0 -999.0 -1 -999 {-999.0 -999.0 -999.0 -999.0 -999.0} "" -999.0 -999.0 -999.0 -999.0 -999 -999 "" "" "" "" 0 0 0.0 0.0 -999 ""
FIBERMAP 910 R+11C8 APOGEE 1 1 0 1 0 0 -26.48980615491998 229.39341578724407 143.1 123.8616307152331 194.83541618611562 207.75157 18.44879 142.70401383533294 0.1405606628650066 0.84579146 3.2259514 2.0059006 142.7040131573447 0.14056090063132357 142.70854494557176 0.030626414027860073 56.97090303268434 171.4322921368111 16000.0 16600.0 2016.0 2 15 {-999.0 12.075379 11.828613 11.777091 -999.0} sdss_psfmag_from_g3xp 12.057317 11.829826 11.450976 10.844 63050395170991262 975012166 "" ops_std_apogee ops_std standard_apogee 0 0 0.0 0.0 -999 ""
FIBERMAP 910 R+11C8 BOSS 0 0 0 1 0 0 -25.983009457363824 229.94572150115843 143.1 124.60298247306994 194.94526146562328 207.75157 18.44879 -999.0 -999.0 -999.0 -999.0 -999.0 142.7073940838259 0.14094047553459757 142.71190919669323 0.031132328625618554 56.97098335711821 171.42605226878524 -999.0 5400.0 -999.0 1 111 {-999.0 -999.0 -999.0 -999.0 -999.0} "" -999.0 -999.0 -999.0 -999.0 -999 -999 "" "" "" "" 0 0 0.0 0.0 -999 ""
FIBERMAP 910 R+11C8 METROLOGY 0 0 0 1 0 0 -25.755060952366286 229.23837244814638 143.1 124.334643196372 194.25237991664068 207.75157 18.44879 -999.0 -999.0 -999.0 -999.0 -999.0 142.70619476948872 0.13786108548672946 142.7107099427181 0.028018311627767273 56.96804421609889 171.42895110815354 -999.0 6231.0 -999.0 -1 -999 {-999.0 -999.0 -999.0 -999.0 -999.0} "" -999.0 -999.0 -999.0 -999.0 -999 -999 "" "" "" "" 0 0 0.0 0.0 -999 ""
FIBERMAP 912 R+3C20 APOGEE 0 0 0 1 0 0 177.72350587393623 44.9796350543774 143.1 166.34831245061352 -76.96834640469858 329.56357 91.59274 -999.0 -999.0 -999.0 -999.0 -999.0 142.90025731925888 -1.0917892081496023 142.90280618645227 -1.2016974684064343 55.72393364944689 171.36424424773847 -999.0 16600.0 -999.0 2 62 {-999.0 -999.0 -999.0 -999.0 -999.0} "" -999.0 -999.0 -999.0 -999.0 -999 -999 "" ops_sky_apogee_best_unassigned ops_sky sky_apogee 0 0 0.0 0.0 -999 ""
FIBERMAP 912 R+3C20 BOSS 1 1 0 1 0 0 177.37043763424953 44.32276660909064 143.1 165.66051596389184 -77.25619264981297 329.56357 91.59274 142.89723104886252 -1.0932389335706816 5.776314 -17.750326 1.1503563 142.8972167207483 -1.093269669901986 142.89974612544546 -1.2030347151693495 55.72299334028507 171.3699328163143 5400.0 5400.0 2016.0 1 216 {-999.0 14.894547 14.519925 14.38839 -999.0} sdss_psfmag_from_g3xp 14.827718 14.526208 14.056915 13.175 63050395170960612 979134863 "" ops_std_boss ops_std standard_boss 0 0 0.0 0.0 -999 ""
FIBERMAP 912 R+3C20 METROLOGY 0 0 0 1 0 0 176.978697500694 44.96172238435284 143.1 165.758584892715 -76.51329879360817 329.56357 91.59274 -999.0 -999.0 -999.0 -999.0 -999.0 142.89764774817783 -1.0898538168701168 142.9001874631864 -1.1996596127788972 55.72628575901459 171.36839916734988 -999.0 6231.0 -999.0 -1 -999 {-999.0 -999.0 -999.0 -999.0 -999.0} "" -999.0 -999.0 -999.0 -999.0 -999 -999 "" "" "" "" 0 0 0.0 0.0 -999 ""
FIBERMAP 914 R+3C11 APOGEE 0 0 0 1 0 0 -28.95930892314233 50.72542803168337 143.1 9.447635011531537 57.62933972595609 257.35544 153.6661 -999.0 -999.0 -999.0 -999.0 -999.0 142.18668856700015 -0.48089371828555166 142.19032073846813 -0.5898480309335827 56.41560302240662 172.50226083615982 -999.0 16600.0 -999.0 2 124 {-999.0 -999.0 -999.0 -999.0 -999.0} "" -999.0 -999.0 -999.0 -999.0 -999 -999 "" ops_sky_apogee_best_unassigned ops_sky sky_apogee 0 0 0.0 0.0 -999 ""
FIBERMAP 914 R+3C11 BOSS 1 1 0 1 0 0 -29.407913680963198 50.13411758576973 143.1 8.72691868252735 57.45256192269046 257.35544 153.6661 142.18344509249962 -0.4817735523049673 -13.231932 -7.2717643 0.28320563 142.18342703802742 -0.48180673356806314 142.18704341653427 -0.590620842691572 56.41519433097329 172.50830265940442 5400.0 5400.0 2016.0 1 14 {-999.0 17.157364 16.882221 16.77282 -999.0} sdss_psfmag 17.142303 16.884127 16.484093 15.747 63050395170985486 944390137 bright_1x1 openfibertargets_nov2020_6c open_fiber science 0 0 0.0 0.0 -999 ""
FIBERMAP 914 R+3C11 METROLOGY 0 0 0 1 0 0 -29.696874772599603 50.81701919637928 143.1 8.932480026210998 58.164872390855955 257.35544 153.6661 -999.0 -999.0 -999.0 -999.0 -999.0 142.18435273193083 -0.4785300250813105 142.18797842034195 -0.5873846913474648 56.4183084398524 172.50598105851108 -999.0 6231.0 -999.0 -1 -999 {-999.0 -999.0 -999.0 -999.0 -999.0} "" -999.0 -999.0 -999.0 -999.0 -999 -999 "" "" "" "" 0 0 0.0 0.0 -999 ""
FIBERMAP 916 R-13C3 APOGEE 1 1 0 1 0 0 -100.0969711710338 -265.8720822361513 143.1 -245.14251006467848 -143.46247049404593 277.79504 113.437584 141.03727672366819 -1.3932529014162873 -52.2612 -34.94203 4.7506514 141.03712739720984 -1.3933465649322652 141.03945277284998 -1.5002102343242654 55.61695632555153 174.70450675290454 16000.0 16600.0 2016.0 2 198 {-999.0 10.063586 9.612114 9.455605 -999.0} sdss_psfmag_from_g3xp 9.977472 9.636256 9.122626 8.264 63050395170937750 1103678965 bright_1x1 mwm_tess_2min_apogee mwm_planet science 0 0 0.0 0.0 -999 ""
FIBERMAP 916 R-13C3 BOSS 0 0 0 1 0 0 -100.74439440671514 -266.23646847100576 143.1 -245.87475705948995 -143.3378259620047 277.79504 113.437584 -999.0 -999.0 -999.0 -999.0 -999.0 141.03387927455904 -1.3928970055472107 141.03619498332466 -1.4996162023852027 55.61780125852746 174.71017466190085 -999.0 5400.0 -999.0 1 342 {-999.0 -999.0 -999.0 -999.0 -999.0} "" -999.0 -999.0 -999.0 -999.0 -999 -999 "" "" "" "" 0 0 0.0 0.0 -999 ""
FIBERMAP 916 R-13C3 METROLOGY 0 0 0 1 0 0 -100.73905798391318 -265.48426476530346 143.1 -245.3969968596808 -142.75699338453916 277.79504 113.437584 -999.0 -999.0 -999.0 -999.0 -999.0 141.03598169275276 -1.3902597972239379 141.0383045094984 -1.4970226208920319 55.620223421354524 174.70609517182663 -999.0 6231.0 -999.0 -1 -999 {-999.0 -999.0 -999.0 -999.0 -999.0} "" -999.0 -999.0 -999.0 -999.0 -999 -999 "" "" "" "" 0 0 0.0 0.0 -999 ""
FIBERMAP 918 R-4C10 APOGEE 0 0 0 1 0 0 -54.89685835458924 -78.6422505020371 143.1 -92.15129204429377 -26.511708391387867 155.987 142.67058 -999.0 -999.0 -999.0 -999.0 -999.0 141.7247209233129 -0.864814488402496 141.72780841199375 -0.9729301319429402 56.082280330138246 173.40137289472918 -999.0 16600.0 -999.0 2 -999 {-999.0 -999.0 -999.0 -999.0 -999.0} "" -999.0 -999.0 -999.0 -999.0 -999 -999 "" "" "" "" 0 0 0.0 0.0 -999 ""
FIBERMAP 918 R-4C10 BOSS 1 1 0 1 0 0 -55.2567960442111 -78.01583172903456 143.1 -92.03641778637257 -25.798575304497604 155.987 142.67058 141.72518967507486 -0.8616210876259748 5.792875 -27.383303 4.63182 141.7252047890321 -0.8617171940802444 141.72828393876165 -0.9696977823175819 56.08545159212515 173.39996487055507 5400.0 5400.0 2016.0 1 408 {-999.0 19.091003 17.680946 16.362461 -999.0} sdss_psfmag 18.536592 17.08528 15.910856 13.812 63050395170984315 1094754952 bright_1x1 mwm_bin_vis_boss mwm_filler science 0 0 0.0 0.0 -999 ""
FIBERMAP 918 R-4C10 METROLOGY 0 0 0 1 0 0 -54.518905764943675 -77.99896687835933 143.1 -91.45272285355766 -26.250080803673274 155.987 142.67058 -999.0 -999.0 -999.0 -999.0 -999.0 141.7278670472269 -0.863728802382255 141.73094629259873 -0.9717518270529666 56.08314977329819 173.39557239224405 -999.0 6231.0 -999.0 -1 -999 {-999.0 -999.0 -999.0 -999.0 -999.0} "" -999.0 -999.0 -999.0 -999.0 -999 -999 "" "" "" "" 0 0 0.0 0.0 -999 ""
FIBERMAP 919 R-12C2 APOGEE 1 1 0 1 0 0 -126.11097232291493 -241.12818466442542 143.1 -249.76637457890257 -107.8659411333447 303.8801 128.31807 141.01516108442954 -1.2329368231359141 -5.0319824 8.754653 2.2862773 141.01518290559827 -1.232892741786553 141.01777440311832 -1.3397645193285515 55.77859914321016 174.7207784920376 16000.0 16600.0 2016.0 2 204 {-999.0 11.962765 11.364729 11.173692 -999.0} sdss_psfmag_from_g3xp 11.82064 11.41109 10.83577 9.793 63050395170937950 1113930699 bright_1x1 openfibertargets_mwm_subgiant_nataf24_apogee open_fiber science 0 0 0.0 0.0 -999 ""
FIBERMAP 919 R-12C2 BOSS 0 0 0 1 0 0 -126.33116395707212 -241.83832858099842 143.1 -250.38451782195145 -108.27882742152168 303.8801 128.31807 -999.0 -999.0 -999.0 -999.0 -999.0 141.01245027366178 -1.2348802631808518 141.0150281496047 -1.3416085641404636 55.7769729959085 174.72589921964988 -999.0 5400.0 -999.0 1 339 {-999.0 -999.0 -999.0 -999.0 -999.0} "" -999.0 -999.0 -999.0 -999.0 -999 -999 "" "" "" "" 0 0 0.0 0.0 -999 ""
FIBERMAP 919 R-12C2 METROLOGY 0 0 0 1 0 0 -126.84808159207479 -241.2953953150452 143.1 -250.4441263108525 -107.53169217015376 303.8801 128.31807 -999.0 -999.0 -999.0 -999.0 -999.0 141.01215875402 -1.2314692131377674 141.01474531106123 -1.3382372292944422 55.78035610107502 174.7259370219624 -999.0 6231.0 -999.0 -1 -999 {-999.0 -999.0 -999.0 -999.0 -999.0} "" -999.0 -999.0 -999.0 -999.0 -999 -999 "" "" "" "" 0 0 0.0 0.0 -999 ""
FIBERMAP 920 R+5C2 APOGEE 0 0 0 1 0 0 -202.25211503295472 87.66796228589628 143.1 -101.87833675062993 195.43210488324198 328.20898 109.11623 -999.0 -999.0 -999.0 -999.0 -999.0 141.68070021475376 0.14208239828576202 141.68542455680114 0.03376846294729393 57.08832222475344 173.2999652976126 -999.0 16600.0 -999.0 2 -999 {-999.0 -999.0 -999.0 -999.0 -999.0} "" -999.0 -999.0 -999.0 -999.0 -999 -999 "" "" "" "" 0 0 0.0 0.0 -999 ""
FIBERMAP 920 R+5C2 BOSS 1 1 0 1 0 0 -202.36736458503708 86.97882903299474 143.1 -102.4017485178741 194.96946087029625 328.20898 109.11623 141.67831420898438 0.1398824131627947 -999.0 -999.0 -999.0 141.67832051842666 0.13989251843299783 141.68302879381747 0.03171453196276088 57.08651315264532 173.30472393340625 5400.0 5400.0 2015.5 1 71 {-999.0 -999.0 -999.0 -999.0 -999.0} "" -999.0 -999.0 -999.0 -999.0 27021603143418995 812263775 "" ops_sky_boss_good ops_sky sky_boss 0 0 0.0 0.0 -999 ""
FIBERMAP 920 R+5C2 METROLOGY 0 0 0 1 0 0 -202.96127246386973 87.43610517755184 143.1 -102.57508376438973 195.69854719916776 328.20898 109.11623 -999.0 -999.0 -999.0 -999.0 -999.0 141.67754557223034 0.1431970161524396 141.68226301720017 0.03498210763993378 57.08984005965431 173.30553697189578 -999.0 6231.0 -999.0 -1 -999 {-999.0 -999.0 -999.0 -999.0 -999.0} "" -999.0 -999.0 -999.0 -999.0 -999 -999 "" "" "" "" 0 0 0.0 0.0 -999 ""
FIBERMAP 921 R+2C21 APOGEE 0 0 0 1 0 0 163.00135898136884 28.567386576653696 143.1 144.5807144537303 -80.4451623666209 254.73766 65.43508 -999.0 -999.0 -999.0 -999.0 -999.0 142.80181807324138 -1.1079819887709899 142.80435576034841 -1.21773251337194 55.7203283586273 171.54119680778157 -999.0 16600.0 -999.0 2 80 {-999.0 -999.0 -999.0 -999.0 -999.0} "" -999.0 -999.0 -999.0 -999.0 -999 -999 "" ops_sky_apogee_best_unassigned ops_sky sky_apogee 0 0 0.0 0.0 -999 ""
FIBERMAP 921 R+2C21 BOSS 1 1 0 1 0 0 162.40494465829693 29.010454228858535 143.1 144.39648639810048 -79.72553279064137 254.73766 65.43508 142.8010558863253 -1.1048377983937143 -0.6818592 -0.03095524 -0.020804113 142.80105317467613 -1.1048845508201555 142.80357865230707 -1.2144966129178871 55.72363551859844 171.5418548831213 5400.0 5400.0 2016.0 1 223 {-999.0 19.451427 19.185448 18.944221 18.747194} sdss_psfmag_from_gaiadr2 19.083508 19.227556 18.234308 16.51 63050395170962034 1057663093 bright_flexible_2x1 bhm_gua_bright bhm_filler science 0 0 0.0 0.0 -999 ""
FIBERMAP 921 R+2C21 METROLOGY 0 0 0 1 0 0 163.08230543389428 29.319473981450415 143.1 145.11712331055108 -79.91202702856067 254.73766 65.43508 -999.0 -999.0 -999.0 -999.0 -999.0 142.80430015463108 -1.1056733881910412 142.8068287814247 -1.2153294343952337 55.722406983373915 171.5363126387626 -999.0 6231.0 -999.0 -1 -999 {-999.0 -999.0 -999.0 -999.0 -999.0} "" -999.0 -999.0 -999.0 -999.0 -999 -999 "" "" "" "" 0 0 0.0 0.0 -999 ""
FIBERMAP 925 R-13C12 APOGEE 0 0 0 1 0 0 99.34505716988863 -262.33934874133746 143.1 -88.02321879284364 -266.29499702936016 237.67604 139.56923 -999.0 -999.0 -999.0 -999.0 -999.0 141.74797957358922 -1.9477230036012376 141.74931263960144 -2.0555783781243107 55.00253557359307 173.5464958679631 -999.0 16600.0 -999.0 2 182 {-999.0 -999.0 -999.0 -999.0 -999.0} "" -999.0 -999.0 -999.0 -999.0 -999 -999 "" ops_sky_apogee_best_unassigned ops_sky sky_apogee 0 0 0.0 0.0 -999 ""
FIBERMAP 925 R-13C12 BOSS 1 1 0 1 0 0 98.64092298689884 -262.5782731420968 143.1 -88.72051437677871 -266.0372062913973 237.67604 139.56923 141.74507583728732 -1.9466717702228067 -76.66367 -9.101927 1.942631 141.74484023456492 -1.946699797279634 141.7461618053352 -2.054408110371794 55.00399827237509 173.55176861128675 5400.0 5400.0 2016.0 1 337 {-999.0 20.210373 18.791887 17.752506 -999.0} sdss_psfmag 19.621435 18.421427 17.341663 15.338 63050395170907141 1072645735 bright_1x1 mwm_halo_local_high_boss_single mwm_halo science 0 0 0.0 0.0 -999 ""
FIBERMAP 925 R-13C12 METROLOGY 0 0 0 1 0 0 98.77661819465291 -261.8532706112006 143.1 -88.15863902051804 -265.55957806268856 237.67604 139.56923 -999.0 -999.0 -999.0 -999.0 -999.0 141.74735833155373 -1.9445443036833392 141.7486869169918 -2.052297582610494 55.00586080162302 173.5470403260961 -999.0 6231.0 -999.0 -1 -999 {-999.0 -999.0 -999.0 -999.0 -999.0} "" -999.0 -999.0 -999.0 -999.0 -999 -999 "" "" "" "" 0 0 0.0 0.0 -999 ""
FIBERMAP 932 R0C19 APOGEE 0 0 0 1 0 0 107.39355744013379 14.167801721281874 143.1 92.32687026699377 -56.615716103835986 120.32286 101.16417 -999.0 -999.0 -999.0 -999.0 -999.0 142.56475638306566 -1.000477465354446 142.56749962172086 -1.1098867459590238 55.85600242566475 171.93610503608136 -999.0 16600.0 -999.0 2 64 {-999.0 -999.0 -999.0 -999.0 -999.0} "" -999.0 -999.0 -999.0 -999.0 -999 -999 "" ops_sky_apogee_best_unassigned ops_sky sky_apogee 0 0 0.0 0.0 -999 ""
FIBERMAP 932 R0C19 BOSS 1 1 0 1 0 0 107.91220160056898 14.708644778209694 143.1 93.07020593630726 -56.52223280679486 120.32286 101.16417 142.56820678710938 -1.0002090611877037 -999.0 -999.0 -999.0 142.5681946896273 -1.0002072916886404 142.57092148921856 -1.1094845065127266 55.85599806922456 171.92996759992874 5400.0 5400.0 2015.5 1 242 {-999.0 -999.0 -999.0 -999.0 -999.0} "" -999.0 -999.0 -999.0 -999.0 27021603143399735 812261011 "" ops_sky_boss_good ops_sky sky_boss 0 0 0.0 0.0 -999 ""
FIBERMAP 932 R0C19 METROLOGY 0 0 0 1 0 0 108.15156147034642 14.000984366458622 143.1 92.810533155537 -57.222541193863215 120.32286 101.16417 -999.0 -999.0 -999.0 -999.0 -999.0 142.56700388309457 -1.0033523336630426 142.5697304971016 -1.1126657857571358 55.85297960139587 171.93274329017433 -999.0 6231.0 -999.0 -1 -999 {-999.0 -999.0 -999.0 -999.0 -999.0} "" -999.0 -999.0 -999.0 -999.0 -999 -999 "" "" "" "" 0 0 0.0 0.0 -999 ""
FIBERMAP 934 R+3C10 APOGEE 0 0 0 1 0 0 -39.49170810463981 44.69026595639328 143.1 -2.5322277205225467 59.57377681138061 27.418734 33.58677 -999.0 -999.0 -999.0 -999.0 -999.0 142.13210794123944 -0.4721268029147223 142.13576320885818 -0.5809970050734429 56.43034933740409 172.59856988550328 -999.0 16600.0 -999.0 2 -999 {-999.0 -999.0 -999.0 -999.0 -999.0} "" -999.0 -999.0 -999.0 -999.0 -999 -999 "" "" "" "" 0 0 0.0 0.0 -999 ""
FIBERMAP 934 R+3C10 BOSS 1 1 0 1 0 0 -39.91999239067164 43.983541121963114 143.1 -3.309831563500488 59.29456887560772 27.418734 33.58677 142.12849291370273 -0.47345532244235483 14.039954 -17.805622 2.4058006 142.12858114272154 -0.47350588135590743 142.1322201117638 -0.5822353798201414 56.429501871010544 172.60518193452654 5400.0 5400.0 2016.0 1 24 {-999.0 20.989868 19.388418 18.210188 -999.0} sdss_psfmag 20.401175 18.919254 17.779636 15.575 63050395170986908 1095480297 bright_1x1 mwm_bin_vis_boss mwm_filler science 0 0 0.0 0.0 -999 ""
FIBERMAP 934 R+3C10 METROLOGY 0 0 0 1 0 0 -40.23721428003114 44.66055866831098 143.1 -3.129923555146027 60.020103595444496 27.418734 33.58677 -999.0 -999.0 -999.0 -999.0 -999.0 142.1293916197789 -0.4701694078515549 142.13303996324498 -0.5789392837268211 56.432689856951924 172.60306274027013 -999.0 6231.0 -999.0 -1 -999 {-999.0 -999.0 -999.0 -999.0 -999.0} "" -999.0 -999.0 -999.0 -999.0 -999 -999 "" "" "" "" 0 0 0.0 0.0 -999 ""
FIBERMAP 936 R+2C20 APOGEE 0 0 0 1 0 0 148.4518870805365 41.29929459343294 143.1 141.29747885856028 -61.39614052588569 108.74154 157.81325 -999.0 -999.0 -999.0 -999.0 -999.0 142.78696988097775 -1.0215348442696606 142.7896465798603 -1.1312859005440357 55.80793004911974 171.54813339693183 -999.0 16600.0 -999.0 2 -999 {-999.0 -999.0 -999.0 -999.0 -999.0} "" -999.0 -999.0 -999.0 -999.0 -999 -999 "" "" "" "" 0 0 0.0 0.0 -999 ""
FIBERMAP 936 R+2C20 BOSS 1 1 0 1 0 0 148.47078386091556 42.04499954867121 143.1 141.7816787369329 -60.82889325809472 108.74154 157.81325 142.7892768478643 -1.019098025263781 -21.143984 -9.42554 2.2153792 142.78923274835398 -1.0191105027669338 142.79189578500234 -1.1287280791741714 55.81019018528574 171.5435995952619 5400.0 5400.0 2016.0 1 222 {-999.0 21.778912 20.278677 18.84506 -999.0} sdss_psfmag 20.7261 19.563025 18.397757 16.187 63050395170962106 1094263435 bright_1x1 mwm_bin_vis_boss mwm_filler science 0 0 0.0 0.0 -999 ""
FIBERMAP 936 R+2C20 METROLOGY 0 0 0 1 0 0 149.10739028895634 41.65563365144242 143.1 142.03093429039038 -61.53212228355168 108.74154 157.81325 -999.0 -999.0 -999.0 -999.0 -999.0 142.7903468322185 -1.0222582270043143 142.79300958089397 -1.131915682871194 55.80688932046741 171.54233482353686 -999.0 6231.0 -999.0 -1 -999 {-999.0 -999.0 -999.0 -999.0 -999.0} "" -999.0 -999.0 -999.0 -999.0 -999 -999 "" "" "" "" 0 0 0.0 0.0 -999 ""
FIBERMAP 938 R+12C15 APOGEE 0 0 0 1 0 0 159.76342017305618 214.20368888776466 143.1 258.9495869926662 65.76641577381203 320.06747 70.48034 -999.0 -999.0 -999.0 -999.0 -999.0 143.3149331495063 -0.44397567191874315 143.31843519497295 -0.5547023973939738 56.310055326694695 170.4736696072478 -999.0 16600.0 -999.0 2 44 {-999.0 -999.0 -999.0 -999.0 -999.0} "" -999.0 -999.0 -999.0 -999.0 -999 -999 "" ops_sky_apogee_best_unassigned ops_sky sky_apogee 0 0 0.0 0.0 -999 ""
FIBERMAP 938 R+12C15 BOSS 1 1 0 1 0 0 159.12614129149787 213.82343346508594 143.1 258.2152266870841 65.87234837006767 320.06747 70.48034 143.31166106425422 -0.44360205478952114 0.61195785 -4.28655 0.7103193 143.31168430909267 -0.44362328852365557 143.3151685171453 -0.554210278620353 56.31099713659768 170.47937779716818 5400.0 5400.0 2016.0 1 179 {-999.0 17.323885 16.842432 16.667566 -999.0} sdss_psfmag 17.241375 16.8655 16.344315 15.159 63050395170966398 938614421 bright_1x1 openfibertargets_nov2020_34a open_fiber science 0 0 0.0 0.0 -999 ""
FIBERMAP 938 R+12C15 METROLOGY 0 0 0 1 0 0 159.1098716790327 214.56727005485624 143.1 258.6709384934256 66.46028666985738 320.06747 70.48034 -999.0 -999.0 -999.0 -999.0 -999.0 143.3136908019883 -0.4409333452762487 143.31718424457944 -0.5515623722606405 56.313338875379685 170.47511504248442 -999.0 6231.0 -999.0 -1 -999 {-999.0 -999.0 -999.0 -999.0 -999.0} "" -999.0 -999.0 -999.0 -999.0 -999 -999 "" "" "" "" 0 0 0.0 0.0 -999 ""
FIBERMAP 940 R+12C5 APOGEE 0 0 0 1 0 0 -84.71648580816968 242.35051243452426 143.1 86.7986516231856 241.56013976072205 198.76361 59.568836 -999.0 -999.0 -999.0 -999.0 -999.0 142.53516112602728 0.35056600743974003 142.54005867942487 0.2408408329158388 57.20030043067489 171.69225637833543 -999.0 16600.0 -999.0 2 -999 {-999.0 -999.0 -999.0 -999.0 -999.0} "" -999.0 -999.0 -999.0 -999.0 -999 -999 "" "" "" "" 0 0 0.0 0.0 -999 ""
FIBERMAP 940 R+12C5 BOSS 1 1 0 1 0 0 -84.56259043814046 243.0695084727304 143.1 87.37088006672676 242.02164359220592 198.76361 59.568836 142.53777254573387 0.35254426360956126 0.15237625 -8.200729 0.30774504 142.53775499749094 0.35250399652436976 142.54263913306318 0.24290486997809002 57.202035547021715 171.68706493269167 5400.0 5400.0 2016.0 1 157 {-999.0 17.84908 17.552761 17.369802 -999.0} sdss_psfmag 17.789227 17.507505 17.078022 16.26 63050395170991856 944390085 bright_1x1 openfibertargets_nov2020_6c open_fiber science 0 0 0.0 0.0 -999 ""
FIBERMAP 940 R+12C5 METROLOGY 0 0 0 1 0 0 -84.00860309080058 242.58623269025534 143.1 87.49684102427548 241.29750033278933 198.76361 59.568836 -999.0 -999.0 -999.0 -999.0 -999.0 142.53833864063128 0.3493000259626694 142.54322209639872 0.23966381711190674 57.19874766180795 171.68672416738323 -999.0 6231.0 -999.0 -1 -999 {-999.0 -999.0 -999.0 -999.0 -999.0} "" -999.0 -999.0 -999.0 -999.0 -999 -999 "" "" "" "" 0 0 0.0 0.0 -999 ""
FIBERMAP 941 R-13C14 APOGEE 0 0 0 1 0 0 164.6251229937971 -259.76616692647656 143.1 -35.70384074020848 -305.3993392717114 34.881435 48.708965 -999.0 -999.0 -999.0 -999.0 -999.0 141.98511989059048 -2.1216112037552146 141.98614513952782 -2.229795524624654 54.806105180399015 173.1663149241153 -999.0 16600.0 -999.0 2 -999 {-999.0 -999.0 -999.0 -999.0 -999.0} "" -999.0 -999.0 -999.0 -999.0 -999 -999 "" "" "" "" 0 0 0.0 0.0 -999 ""
FIBERMAP 941 R-13C14 BOSS 1 1 0 1 0 0 164.5455555725604 -260.5024116100674 143.1 -36.22920341168085 -305.92103878543554 34.881435 48.708965 141.98277662559136 -2.1239082119231965 3.6744146 -40.316273 0.8803281 141.98277793515544 -2.124015307170766 141.98378515253796 -2.232051921505135 54.804096166869904 173.17077778936775 5400.0 5400.0 2016.0 1 257 {-999.0 16.790718 16.269024 16.066502 -999.0} sdss_psfmag 16.655758 16.288967 15.738298 14.698 63050395170905400 1072645733 bright_1x1 mwm_halo_local_high_boss_single mwm_halo science 0 0 0.0 0.0 -999 ""
FIBERMAP 941 R-13C14 METROLOGY 0 0 0 1 0 0 163.94103338641608 -260.0639644912501 143.1 -36.422637631393464 -305.19989269209213 34.881435 48.708965 -999.0 -999.0 -999.0 -999.0 -999.0 141.981887233682 -2.1207946212823634 141.98290382637816 -2.2288713511152816 54.807348893002704 173.171745943671 -999.0 6231.0 -999.0 -1 -999 {-999.0 -999.0 -999.0 -999.0 -999.0} "" -999.0 -999.0 -999.0 -999.0 -999 -999 "" "" "" "" 0 0 0.0 0.0 -999 ""
FIBERMAP 942 R+1C24 APOGEE 1 1 0 1 0 0 218.42890862330503 6.7711435430916875 143.1 173.90431446469435 -132.2722961454688 274.92105 45.01827 142.93389238695485 -1.3419545624392315 -0.0132506825 -0.5822157 6.9653063 142.9338897956091 -1.3420345639531646 142.93603878110548 -1.451926200163196 55.471512562484556 171.36185353897923 16000.0 16600.0 2016.0 2 59 {-999.0 12.0884 11.4616165 11.237565 -999.0} sdss_psfmag_from_g3xp 11.929249 11.498829 10.89664 9.796 63050395170959926 1103528279 bright_1x1 mwm_tess_2min_apogee mwm_planet science 0 0 0.0 0.0 -999 ""
FIBERMAP 942 R+1C24 BOSS 0 0 0 1 0 0 217.85155122423353 7.231799616435261 143.1 173.74596113720997 -131.55100562758594 274.92105 45.01827 -999.0 -999.0 -999.0 -999.0 -999.0 142.93323760062697 -1.3389449576609944 142.93537379929228 -1.4486970697061188 55.47479980284781 171.36229726271227 -999.0 5400.0 -999.0 1 183 {-999.0 -999.0 -999.0 -999.0 -999.0} "" -999.0 -999.0 -999.0 -999.0 -999 -999 "" "" "" "" 0 0 0.0 0.0 -999 ""
FIBERMAP 942 R+1C24 METROLOGY 0 0 0 1 0 0 218.55037217450734 7.5080862760968685 143.1 174.46265492615584 -131.776433875041 274.92105 45.01827 -999.0 -999.0 -999.0 -999.0 -999.0 142.9364524753047 -1.3398970586760872 142.93859174782568 -1.4496933929191445 55.473404950276745 171.35688910789779 -999.0 6231.0 -999.0 -1 -999 {-999.0 -999.0 -999.0 -999.0 -999.0} "" -999.0 -999.0 -999.0 -999.0 -999 -999 "" "" "" "" 0 0 0.0 0.0 -999 ""
FIBERMAP 943 R-4C19 APOGEE 0 0 0 1 0 0 149.54621835965878 -92.48457548311288 143.1 57.912031196300234 -165.98727377648294 267.45535 91.45967 -999.0 -999.0 -999.0 -999.0 -999.0 142.4084532577 -1.4971614926229708 142.410427409548 -1.6061887887085788 55.38110221477561 172.31361328096224 -999.0 16600.0 -999.0 2 223 {-999.0 -999.0 -999.0 -999.0 -999.0} "" -999.0 -999.0 -999.0 -999.0 -999 -999 "" ops_sky_apogee_best_unassigned ops_sky sky_apogee 0 0 0.0 0.0 -999 ""
FIBERMAP 943 R-4C19 BOSS 1 1 0 1 0 0 148.79879735878262 -92.47443459477296 143.1 57.33793813772996 -165.508793600148 267.45535 91.45967 142.40586938185274 -1.4951791550262272 -0.25423804 0.445201 1.6157658 142.40588109540008 -1.4952017485218572 142.4078428573364 -1.6040854648165226 55.38348279395398 172.3177156607951 5400.0 5400.0 2016.0 1 291 {-999.0 19.187624 19.21926 19.248941 -999.0} sdss_psfmag 20.427853 20.450691 19.655878 -999.0 63050395170959348 1117136808 bright_1x1 openfibertargets_bhm_quaia_boss open_fiber science 0 0 0.0 0.0 -999 ""
FIBERMAP 943 R-4C19 METROLOGY 0 0 0 1 0 0 149.1807073649336 -91.83588183180274 143.1 58.03660209459307 -165.25333193314276 267.45535 91.45967 -999.0 -999.0 -999.0 -999.0 -999.0 142.40904628788243 -1.4939862080328132 142.4110140544788 -1.6029149397399942 55.38428928501371 172.3119391167843 -999.0 6231.0 -999.0 -1 -999 {-999.0 -999.0 -999.0 -999.0 -999.0} "" -999.0 -999.0 -999.0 -999.0 -999 -999 "" "" "" "" 0 0 0.0 0.0 -999 ""
FIBERMAP 944 R-1C11 APOGEE 0 0 0 1 0 0 -47.61879693211331 -39.75321291977211 143.1 -62.012848661608 -0.8914100798744852 4.3984976 25.050632 -999.0 -999.0 -999.0 -999.0 -999.0 141.86161970939315 -0.7479690166189403 141.86487479865895 -0.856334889843089 56.18479828562332 173.13601176146025 -999.0 16600.0 -999.0 2 282 {-999.0 -999.0 -999.0 -999.0 -999.0} "" -999.0 -999.0 -999.0 -999.0 -999 -999 "" "" "" "" 0 0 0.0 0.0 -999 ""
FIBERMAP 944 R-1C11 BOSS 1 1 0 1 0 0 -48.274505934093725 -40.08620436568414 143.1 -62.731763387530386 -0.7371660231327569 4.3984976 25.050632 141.8583865473268 -0.7474514541820203 -0.3048838 -0.0058274036 -0.6188146 141.85832625486947 -0.7474079662860041 141.8615690253506 -0.8556326381176798 56.18582906258311 173.1417944736341 5400.0 5400.0 2016.0 1 440 {-999.0 19.470217 19.228443 19.29225 -999.0} sdss_psfmag 19.057081 18.94139 18.769613 -999.0 63050395170984590 1117136910 bright_1x1 openfibertargets_bhm_quaia_boss open_fiber science 0 0 0.0 0.0 -999 ""
FIBERMAP 944 R-1C11 METROLOGY 0 0 0 1 0 0 -48.25175612029248 -39.3494219002996 143.1 -62.25018901844701 -0.1792743455510561 4.3984976 25.050632 -999.0 -999.0 -999.0 -999.0 -999.0 141.86051691265897 -0.7448245946163091 141.86376739569357 -0.8530920363467046 56.18813600015648 173.13740580939773 -999.0 6231.0 -999.0 -1 -999 {-999.0 -999.0 -999.0 -999.0 -999.0} "" -999.0 -999.0 -999.0 -999.0 -999 -999 "" "" "" "" 0 0 0.0 0.0 -999 ""
FIBERMAP 948 R-8C9 APOGEE 0 0 0 1 0 0 -8.748314909393875 -139.42394613014415 143.1 -94.58085861553059 -102.77415037519559 108.5331 43.64157 -999.0 -999.0 -999.0 -999.0 -999.0 141.71459044834228 -1.2115753294458973 141.71711851436538 -1.3195804966137885 55.73826036451672 173.47977432940868 -999.0 16600.0 -999.0 2 -999 {-999.0 -999.0 -999.0 -999.0 -999.0} "" -999.0 -999.0 -999.0 -999.0 -999 -999 "" "" "" "" 0 0 0.0 0.0 -999 ""
FIBERMAP 948 R-8C9 BOSS 1 1 0 1 0 0 -8.084480917304331 -139.76887016572567 143.1 -94.28247474105295 -103.46000750524557 108.5331 43.64157 141.71592826898078 -1.2148655463628037 0.5577147 -0.018933157 0.33425638 141.71593113689607 -1.214869515693466 141.71844038898803 -1.3227374339416333 55.73499162633289 173.47797340432754 5400.0 5400.0 2016.0 1 384 {-999.0 20.24778 19.38844 19.15788 -999.0} sdss_psfmag 20.30608 19.836103 19.250135 -999.0 63050395170936952 1117136641 bright_1x1 openfibertargets_bhm_quaia_boss open_fiber science 0 0 0.0 0.0 -999 ""
FIBERMAP 948 R-8C9 METROLOGY 0 0 0 1 0 0 -8.714946765836261 -140.16929742148756 143.1 -95.02424470661096 -103.3740309325864 108.5331 43.64157 -999.0 -999.0 -999.0 -999.0 -999.0 141.7125646746321 -1.2144305596363623 141.71507888837476 -1.3223324633095832 55.735715664886115 173.48384636972384 -999.0 6231.0 -999.0 -1 -999 {-999.0 -999.0 -999.0 -999.0 -999.0} "" -999.0 -999.0 -999.0 -999.0 -999 -999 "" "" "" "" 0 0 0.0 0.0 -999 ""
FIBERMAP 950 R-5C15 APOGEE 0 0 0 1 0 0 66.30511697058854 -101.79432736960241 143.1 -12.598229475451284 -120.80588843136555 199.09685 119.01995 -999.0 -999.0 -999.0 -999.0 -999.0 142.08762353914744 -1.293272035179506 142.08996766687505 -1.401848837361792 55.61905545633895 172.8366307639543 -999.0 16600.0 -999.0 2 -999 {-999.0 -999.0 -999.0 -999.0 -999.0} "" -999.0 -999.0 -999.0 -999.0 -999 -999 "" "" "" "" 0 0 0.0 0.0 -999 ""
FIBERMAP 950 R-5C15 BOSS 1 1 0 1 0 0 65.74865158715976 -101.31082365826764 143.1 -12.725971466011107 -120.08000788832626 199.09685 119.01995 142.08704951210058 -1.2901559826251445 0.43535885 0.036904912 0.4965068 142.0870452951429 -1.2901714527439148 142.0893798239435 -1.398609241962663 55.62233882083027 172.83706400973756 5400.0 5400.0 2016.0 1 315 {-999.0 20.223583 20.112282 20.105175 -999.0} sdss_psfmag 20.012606 19.859518 19.45388 -999.0 63050395170909306 1117136574 bright_1x1 openfibertargets_bhm_quaia_boss open_fiber science 0 0 0.0 0.0 -999 ""
FIBERMAP 950 R-5C15 METROLOGY 0 0 0 1 0 0 66.44063050504437 -101.06063938245046 143.1 -12.03102652464589 -120.32140032883184 199.09685 119.01995 -999.0 -999.0 -999.0 -999.0 -999.0 142.09020712808905 -1.2912133965108006 142.0925436895185 -1.3996952843228505 55.62092691556357 172.83169522061016 -999.0 6231.0 -999.0 -1 -999 {-999.0 -999.0 -999.0 -999.0 -999.0} "" -999.0 -999.0 -999.0 -999.0 -999 -999 "" "" "" "" 0 0 0.0 0.0 -999 ""
FIBERMAP 951 R+2C24 APOGEE 0 0 0 1 0 0 254.78059232245968 29.129276372807176 143.1 216.21405983354788 -137.79642880697392 310.39658 119.33692 -999.0 -999.0 -999.0 -999.0 -999.0 143.12394940728296 -1.365522592503503 143.1260350823897 -1.475702340798122 55.4234882276472 171.03514817918304 -999.0 16600.0 -999.0 2 -999 {-999.0 -999.0 -999.0 -999.0 -999.0} "" -999.0 -999.0 -999.0 -999.0 -999 -999 "" "" "" "" 0 0 0.0 0.0 -999 ""
FIBERMAP 951 R+2C24 BOSS 1 1 0 1 0 0 254.53230798827826 28.428803987058043 143.1 215.58018819388576 -138.18411556391328 310.39658 119.33692 143.12111999361764 -1.367440653779697 -11.471813 15.35272 4.299056 143.12113378068577 -1.3674427383391496 143.12319837964475 -1.4774780469015147 55.4220994252192 171.0405118917465 5400.0 5400.0 2016.0 1 185 {-999.0 16.228138 14.862972 14.257652 -999.0} sdss_psfmag_from_g3xp 15.672831 14.807434 13.8719225 12.043 63050395170959853 1095683305 bright_1x1 mwm_bin_vis_boss mwm_filler science 0 0 0.0 0.0 -999 ""
FIBERMAP 951 R+2C24 METROLOGY 0 0 0 1 0 0 254.04709523397688 28.99273333307589 143.1 215.55842295086305 -137.44063647012223 310.39658 119.33692 -999.0 -999.0 -999.0 -999.0 -999.0 143.12104274162036 -1.3640503054726754 143.12311791499536 -1.474125973264721 55.42543314797297 171.03987860949098 -999.0 6231.0 -999.0 -1 -999 {-999.0 -999.0 -999.0 -999.0 -999.0} "" -999.0 -999.0 -999.0 -999.0 -999 -999 "" "" "" "" 0 0 0.0 0.0 -999 ""
FIBERMAP 954 R+12C12 APOGEE 0 0 0 1 0 0 94.39917881206476 223.00478055206634 143.1 213.7265046287869 113.75749054162658 278.8473 135.07838 -999.0 -999.0 -999.0 -999.0 -999.0 143.11135368322277 -0.22652866188777934 143.11523195615013 -0.33699944244817837 56.55353136840241 170.78378916568116 -999.0 16600.0 -999.0 2 -999 {-999.0 -999.0 -999.0 -999.0 -999.0} "" -999.0 -999.0 -999.0 -999.0 -999 -999 "" "" "" "" 0 0 0.0 0.0 -999 ""
FIBERMAP 954 R+12C12 BOSS 1 1 0 1 0 0 93.96679756853412 222.40404854482364 143.1 213.01245598475623 113.56318062904892 278.8473 135.07838 143.10824068482734 -0.22748526955347212 -18.798018 -9.448659 2.3798654 143.1082006057455 -0.22751531487972668 143.1120597233002 -0.33784726783897956 56.553118350124485 170.78969931756913 5400.0 5400.0 2016.0 1 101 {-999.0 19.261114 17.755463 16.730196 -999.0} sdss_psfmag 18.503286 17.510761 16.162062 14.014 63050395170989059 1096123398 bright_1x1 mwm_bin_vis_boss mwm_filler science 0 0 0.0 0.0 -999 ""
FIBERMAP 954 R+12C12 METROLOGY 0 0 0 1 0 0 93.65634690424481 223.0745138815178 143.1 213.1934972899277 114.27936321347417 278.8473 135.07838 -999.0 -999.0 -999.0 -999.0 -999.0 143.10897860713874 -0.22424844580208894 143.11284786915024 -0.33462037598847544 56.5562097840711 170.78749420736153 -999.0 6231.0 -999.0 -1 -999 {-999.0 -999.0 -999.0 -999.0 -999.0} "" -999.0 -999.0 -999.0 -999.0 -999 -999 "" "" "" "" 0 0 0.0 0.0 -999 ""
FIBERMAP 956 R+10C8 APOGEE 0 0 0 1 0 0 -24.190081189489717 179.08477178872235 143.1 93.97148018515246 154.3156438541868 277.92517 102.69574 -999.0 -999.0 -999.0 -999.0 -999.0 142.5697631270817 -0.04181388984530305 142.57402994707502 -0.15148950512195636 56.80674658823929 171.71773435214936 -999.0 16600.0 -999.0 2 -999 {-999.0 -999.0 -999.0 -999.0 -999.0} "" -999.0 -999.0 -999.0 -999.0 -999 -999 "" "" "" "" 0 0 0.0 0.0 -999 ""
FIBERMAP 956 R+10C8 BOSS 1 1 0 1 0 0 -24.88151496862298 178.80812345918952 143.1 93.2602958587023 154.53613997334443 277.92517 102.69574 142.56658486523526 -0.04090559063037718 0.21394542 0.006295621 0.28546345 142.5665788201014 -0.04089856407982092 142.57083149803526 -0.1504368018930507 56.8081788407272 171.7233009034417 5400.0 5400.0 2016.0 1 120 {-999.0 19.58543 19.491697 19.313208 -999.0} sdss_psfmag 19.386827 19.2039 18.86971 -999.0 63050395170990394 1117136905 bright_1x1 openfibertargets_bhm_quaia_boss open_fiber science 0 0 0.0 0.0 -999 ""
FIBERMAP 956 R+10C8 METROLOGY 0 0 0 1 0 0 -24.775053784241948 179.5478798148897 143.1 93.80875642253544 155.0436334736037 277.92517 102.69574 -999.0 -999.0 -999.0 -999.0 -999.0 142.56904486511792 -0.03857931122215525 142.5733053630408 -0.14815962949467767 56.8101397118535 171.71831142911728 -999.0 6231.0 -999.0 -1 -999 {-999.0 -999.0 -999.0 -999.0 -999.0} "" -999.0 -999.0 -999.0 -999.0 -999 -999 "" "" "" "" 0 0 0.0 0.0 -999 ""
FIBERMAP 962 R-1C12 APOGEE 0 0 0 1 0 0 -13.519057631608643 -13.629827627860784 143.1 -19.08131228833887 -2.0733827477269196 79.3882 37.335297 -999.0 -999.0 -999.0 -999.0 -999.0 142.05715116705915 -0.7530539586607565 142.06036749099974 -0.8617295671537086 56.15929007354846 172.78775570266757 -999.0 16600.0 -999.0 2 -999 {-999.0 -999.0 -999.0 -999.0 -999.0} "" -999.0 -999.0 -999.0 -999.0 -999 -999 "" "" "" "" 0 0 0.0 0.0 -999 ""
FIBERMAP 962 R-1C12 BOSS 1 1 0 1 0 0 -13.171002866511735 -14.28214908489689 143.1 -19.22172462120238 -2.7991509974441238 79.3882 37.335297 142.05653128781205 -0.7564871808820212 -999.0 -999.0 -999.0 142.0565202999521 -0.7564996261453745 142.0597167296404 -0.8650371209622657 56.15606969349393 172.78954454386852 5400.0 5400.0 2016.0 1 439 {-999.0 21.163586 19.585543 19.016293 -999.0} sdss_psfmag -999.0 -999.0 -999.0 -999.0 63050397533452559 1116014683 bright_1x1 openfibertargets_bhm_racsradio_boss open_fiber science 0 0 0.0 0.0 -999 ""
FIBERMAP 962 R-1C12 METROLOGY 0 0 0 1 0 0 -13.916702887852956 -14.26112805610251 143.1 -19.787630550516354 -2.313304446232145 79.3882 37.335297 -999.0 -999.0 -999.0 -999.0 -999.0 142.05393613318495 -0.7542508222875673 142.0571406841134 -0.862823423509645 56.158542835560155 172.79372430970702 -999.0 6231.0 -999.0 -1 -999 {-999.0 -999.0 -999.0 -999.0 -999.0} "" -999.0 -999.0 -999.0 -999.0 -999 -999 "" "" "" "" 0 0 0.0 0.0 -999 ""
FIBERMAP 963 R+9C11 APOGEE 0 0 0 1 0 0 25.14758342148135 171.69372735928766 143.1 127.63547717823855 117.51060506252306 153.2107 154.45834 -999.0 -999.0 -999.0 -999.0 -999.0 142.72308819896173 -0.20860384814899907 142.72706291859635 -0.31847515073717 56.622223253154836 171.47838970618216 -999.0 16600.0 -999.0 2 28 {-999.0 -999.0 -999.0 -999.0 -999.0} "" -999.0 -999.0 -999.0 -999.0 -999 -999 "" ops_sky_apogee_best_unassigned ops_sky sky_apogee 0 0 0.0 0.0 -999 ""
FIBERMAP 963 R+9C11 BOSS 1 1 0 1 0 0 24.6772668998399 172.2675876589775 143.1 127.63153386873377 118.25241771902843 153.2107 154.45834 142.72310945525012 -0.20528356396928144 3.7814558 -13.093734 1.0679007 142.72311259671974 -0.20533815882265166 142.72707572288715 -0.31507688700597614 56.62559343394174 171.47759686572718 5400.0 5400.0 2016.0 1 133 {-999.0 17.518583 16.505547 16.10815 -999.0} sdss_psfmag 17.159569 16.517588 15.749876 14.257 63050395170988799 1094711642 bright_1x1 mwm_bin_vis_boss mwm_filler science 0 0 0.0 0.0 -999 ""
FIBERMAP 963 R+9C11 METROLOGY 0 0 0 1 0 0 25.439737099726052 172.38496992318278 143.1 128.2976081270523 117.86350176992923 153.2107 154.45834 -999.0 -999.0 -999.0 -999.0 -999.0 142.72612442477003 -0.20707395482894236 142.7300890142177 -0.3168547497633875 56.623453825484276 171.47256503841228 -999.0 6231.0 -999.0 -1 -999 {-999.0 -999.0 -999.0 -999.0 -999.0} "" -999.0 -999.0 -999.0 -999.0 -999 -999 "" "" "" "" 0 0 0.0 0.0 -999 ""
FIBERMAP 964 R+8C14 APOGEE 0 0 0 1 0 0 98.27692583653001 159.92704405217484 143.1 177.02201110656569 62.32712949974793 359.52744 141.99342 -999.0 -999.0 -999.0 -999.0 -999.0 142.94747528564554 -0.45909104870941464 142.95101539865072 -0.569244901315242 56.34502144179223 171.13383470982947 -999.0 16600.0 -999.0 2 -999 {-999.0 -999.0 -999.0 -999.0 -999.0} "" -999.0 -999.0 -999.0 -999.0 -999 -999 "" "" "" "" 0 0 0.0 0.0 -999 ""
FIBERMAP 964 R+8C14 BOSS 1 1 0 1 0 0 98.89055152219878 159.45680650724722 143.1 177.20249903489673 61.575561737913446 359.52744 141.99342 142.9484117337599 -0.46259511422174815 -16.618397 -10.47543 2.2470777 142.94837149641273 -0.4626189449446466 142.95188826549054 -0.5726383957842196 56.3415434426878 171.13306675151802 5400.0 5400.0 2016.0 1 161 {-999.0 21.711401 20.296284 18.973324 -999.0} sdss_psfmag_ps1 21.159758 19.811644 18.655874 16.096 63050395170966143 1096639029 bright_1x1 mwm_bin_vis_boss mwm_filler science 0 0 0.0 0.0 -999 ""
FIBERMAP 964 R+8C14 METROLOGY 0 0 0 1 0 0 98.18600501993082 159.18650682446733 143.1 176.48512817041754 61.80924474251713 359.52744 141.99342 -999.0 -999.0 -999.0 -999.0 -999.0 142.94511558852332 -0.4615220577074958 142.94863963782768 -0.5715749599340264 56.34301884816021 171.13862992246953 -999.0 6231.0 -999.0 -1 -999 {-999.0 -999.0 -999.0 -999.0 -999.0} "" -999.0 -999.0 -999.0 -999.0 -999 -999 "" "" "" "" 0 0 0.0 0.0 -999 ""
FIBERMAP 965 R+5C15 APOGEE 0 0 0 1 0 0 79.88901207845862 117.82424820711483 143.1 136.23169276427595 41.20607367068947 145.96632 40.522114 -999.0 -999.0 -999.0 -999.0 -999.0 142.76332926645196 -0.5550448135076892 142.76674825685546 -0.6648858272079033 56.273567376207964 171.48521777877824 -999.0 16600.0 -999.0 2 -999 {-999.0 -999.0 -999.0 -999.0 -999.0} "" -999.0 -999.0 -999.0 -999.0 -999 -999 "" "" "" "" 0 0 0.0 0.0 -999 ""
FIBERMAP 965 R+5C15 BOSS 1 1 0 1 0 0 80.62876904290741 117.92913923502212 143.1 136.8722620304409 40.821757615845314 145.96632 40.522114 142.76632233756698 -0.5569066126654482 -7.0264816 9.944421 1.7227658 142.7663086939437 -0.5569091348766052 142.7697072546469 -0.6666190086465291 56.27147917565313 171.48031921699115 5400.0 5400.0 2016.0 1 213 {-999.0 17.201744 16.039865 15.628506 -999.0} sdss_psfmag 16.76179 16.114447 15.235199 13.532 63050395170987937 1094601958 bright_1x1 mwm_bin_vis_boss mwm_filler science 0 0 0.0 0.0 -999 ""
FIBERMAP 965 R+5C15 METROLOGY 0 0 0 1 0 0 80.3534017973015 117.24029258419058 143.1 136.22467667818 40.46015230523935 145.96632 40.522114 -999.0 -999.0 -999.0 -999.0 -999.0 142.76336354450828 -0.5585198416155834 142.766764859371 -0.6682630153055648 56.27021440031012 171.4859454017013 -999.0 6231.0 -999.0 -1 -999 {-999.0 -999.0 -999.0 -999.0 -999.0} "" -999.0 -999.0 -999.0 -999.0 -999 -999 "" "" "" "" 0 0 0.0 0.0 -999 ""
FIBERMAP 971 R+4C2 APOGEE 0 0 0 1 0 0 -214.387714219615 78.07250360297215 143.1 -117.34500758773783 195.62090294080744 333.26505 143.57745 -999.0 -999.0 -999.0 -999.0 -999.0 141.61076391807617 0.1425050548978135 141.61550186136822 0.034303203812091954 57.095649097625824 173.4279624520645 -999.0 16600.0 -999.0 2 -999 {-999.0 -999.0 -999.0 -999.0 -999.0} "" -999.0 -999.0 -999.0 -999.0 -999 -999 "" "" "" "" 0 0 0.0 0.0 -999 ""
FIBERMAP 971 R+4C2 BOSS 1 1 0 1 0 0 -214.04794188722073 77.40556867208065 143.1 -117.50105359344025 194.88900019210354 333.26505 143.57745 141.61005133750223 0.13910296760216698 0.43940765 -0.22267585 0.18047167 141.61004131733606 0.13910988605371233 141.61476117250584 0.031041639915712717 57.092473943312356 173.4298972502439 5400.0 5400.0 2016.0 1 72 {-999.0 20.447506 19.909464 19.886875 -999.0} sdss_psfmag 19.86495 19.548803 19.080204 -999.0 63050395170994252 1117136946 bright_1x1 openfibertargets_bhm_quaia_boss open_fiber science 0 0 0.0 0.0 -999 ""
FIBERMAP 971 R+4C2 METROLOGY 0 0 0 1 0 0 -214.78634524089202 77.44182516716874 143.1 -118.05169980611007 195.38208498212092 333.26505 143.57745 -999.0 -999.0 -999.0 -999.0 -999.0 141.6075608788042 0.1413411102387485 141.61228842013304 0.033238970793060825 57.09489892215998 173.43403875528008 -999.0 6231.0 -999.0 -1 -999 {-999.0 -999.0 -999.0 -999.0 -999.0} "" -999.0 -999.0 -999.0 -999.0 -999 -999 "" "" "" "" 0 0 0.0 0.0 -999 ""
FIBERMAP 973 R+9C14 APOGEE 0 0 1 1 0 0 101.3280499455898 182.18306938308456 143.1 193.40487029437003 77.69097930376445 11.817978 169.27698 -999.0 -999.0 -999.0 -999.0 -999.0 143.0210044181579 -0.3894929453998282 143.02464183395983 -0.49977979263953237 56.40426959331536 170.98563017474595 -999.0 16600.0 -999.0 2 39 {-999.0 -999.0 -999.0 -999.0 -999.0} "" -999.0 -999.0 -999.0 -999.0 -999 -999 "" ops_sky_apogee_best_unassigned ops_sky sky_apogee 0 0 0.0 0.0 -999 ""
FIBERMAP 973 R+9C14 BOSS 1 0 1 1 0 0 102.07676784112587 182.22810011971129 143.1 194.0147087029281 77.25453112559912 11.817978 169.27698 143.05442903619485 -0.37766413854279846 -15.10153 -24.5731 5.1402974 143.02382052773618 -0.39159179075172523 143.02743627224606 -0.5017479471493844 56.40195034310902 170.9810930930793 5400.0 5400.0 2016.0 1 162 {-999.0 17.822205 16.47315 15.267249 -999.0} sdss_psfmag_ps1 17.286924 15.951225 14.78656 12.646 63050395170966216 1096513919 bright_1x1 mwm_bin_vis_boss mwm_filler science 0 0 0.0 0.0 -999 ""
FIBERMAP 973 R+9C14 METROLOGY 0 0 1 1 0 0 101.73094706494338 181.55928148652202 143.1 193.32501660963806 76.95284059371548 11.817978 169.27698 -999.0 -999.0 -999.0 -999.0 -999.0 143.02070890890187 -0.39291985766971455 143.02432816700383 -0.5031089370356148 56.40101079045968 170.98698468710373 -999.0 6231.0 -999.0 -1 -999 {-999.0 -999.0 -999.0 -999.0 -999.0} "" -999.0 -999.0 -999.0 -999.0 -999 -999 "" "" "" "" 0 0 0.0 0.0 -999 ""
FIBERMAP 975 R-1C21 APOGEE 0 0 0 1 0 0 154.05307866029307 -6.232331839306395 143.1 115.7198987931516 -101.8378932734991 180.34712 64.13597 -999.0 -999.0 -999.0 -999.0 -999.0 142.6709976096246 -1.205599028821348 142.67339950322577 -1.3151184837181182 55.6396276097257 171.79273154327416 -999.0 16600.0 -999.0 2 -999 {-999.0 -999.0 -999.0 -999.0 -999.0} "" -999.0 -999.0 -999.0 -999.0 -999 -999 "" "" "" "" 0 0 0.0 0.0 -999 ""
FIBERMAP 975 R-1C21 BOSS 1 1 0 1 0 0 154.33653162166468 -5.571104373007207 143.1 116.35637377136551 -101.50282923731297 180.34712 64.13597 142.6739501953125 -1.2042419052594227 -999.0 -999.0 -999.0 142.67394518936706 -1.204243422136967 142.6763320331474 -1.3136292488482986 55.6407539268437 171.7872576373465 5400.0 5400.0 2015.5 1 270 {-999.0 -999.0 -999.0 -999.0 -999.0} "" -999.0 -999.0 -999.0 -999.0 27021603143398974 812260925 "" ops_sky_boss_good ops_sky sky_boss 0 0 0.0 0.0 -999 ""
FIBERMAP 975 R-1C21 METROLOGY 0 0 0 1 0 0 154.7962954481839 -6.166827742419207 143.1 116.33835561017756 -102.25497728706613 180.34712 64.13597 -999.0 -999.0 -999.0 -999.0 -999.0 142.67384843967068 -1.2076100321143415 142.67623471050314 -1.3170340504561329 55.63738547780022 171.78815355498247 -999.0 6231.0 -999.0 -1 -999 {-999.0 -999.0 -999.0 -999.0 -999.0} "" -999.0 -999.0 -999.0 -999.0 -999 -999 "" "" "" "" 0 0 0.0 0.0 -999 ""
FIBERMAP 979 R+3C7 APOGEE 0 0 0 1 0 0 -114.19661979998776 59.22068434534316 143.1 -51.40226264861435 117.89572125476596 329.73764 148.46733 -999.0 -999.0 -999.0 -999.0 -999.0 141.90937958546118 -0.20745968076289104 141.9134982444151 -0.3160465988366288 56.71732388482245 172.94890462810363 -999.0 16600.0 -999.0 2 125 {-999.0 -999.0 -999.0 -999.0 -999.0} "" -999.0 -999.0 -999.0 -999.0 -999 -999 "" ops_sky_apogee_best_unassigned ops_sky sky_apogee 0 0 0.0 0.0 -999 ""
FIBERMAP 979 R+3C7 BOSS 1 1 0 1 0 0 -113.8484260884573 58.5676808500611 143.1 -51.54299650681891 117.16933581997 329.73764 148.46733 141.9087158558745 -0.21086667124778968 0.16230737 0.19946711 0.056358118 141.90873277923413 -0.21084026646980944 141.91283226506545 -0.3192918859600984 56.714164663836705 172.95072199704646 5400.0 5400.0 2016.0 1 43 {-999.0 19.84514 19.76999 19.660793 -999.0} sdss_psfmag_ps1 19.74991 19.725323 19.162006 -999.0 63050395170987630 1117237624 bright_1x1 openfibertargets_bhm_quaia_boss open_fiber science 0 0 0.0 0.0 -999 ""
FIBERMAP 979 R+3C7 METROLOGY 0 0 0 1 0 0 -114.5884734116514 58.58444844139773 143.1 -52.107190440369735 117.64831982415443 329.73764 148.46733 -999.0 -999.0 -999.0 -999.0 -999.0 141.90616664534818 -0.20864541499469358 141.9102740428071 -0.3171313317847307 56.7165776077098 172.9549523950543 -999.0 6231.0 -999.0 -1 -999 {-999.0 -999.0 -999.0 -999.0 -999.0} "" -999.0 -999.0 -999.0 -999.0 -999 -999 "" "" "" "" 0 0 0.0 0.0 -999 ""
FIBERMAP 983 R+6C5 APOGEE 0 0 0 1 0 0 -150.0092944181891 121.13656314331473 143.1 -40.231307411452825 188.5311655991963 182.33351 95.40157 -999.0 -999.0 -999.0 -999.0 -999.0 141.96006243431054 0.11223548638853713 141.9646870230804 0.0034830606162563065 57.029768207764036 172.79473754853643 -999.0 16600.0 -999.0 2 150 {-999.0 -999.0 -999.0 -999.0 -999.0} "" -999.0 -999.0 -999.0 -999.0 -999 -999 "" ops_sky_apogee_best_unassigned ops_sky sky_apogee 0 0 0.0 0.0 -999 ""
FIBERMAP 983 R+6C5 BOSS 1 1 0 1 0 0 -150.1313711521935 121.87718391755841 143.1 -39.85979460151017 189.18322650207463 182.33351 95.40157 141.9618126669932 0.11516324627545332 -12.999734 -15.149745 1.6107693 141.96175174900878 0.11509868780604865 141.96636665871262 0.006474543182659243 57.03256580699159 172.79108832313096 5400.0 5400.0 2016.0 1 49 {-999.0 20.597895 19.166132 17.913307 -999.0} sdss_psfmag 19.969059 18.639885 17.477482 15.3 63050395170996744 1095441666 bright_1x1 mwm_bin_vis_boss mwm_filler science 0 0 0.0 0.0 -999 ""
FIBERMAP 983 R+6C5 METROLOGY 0 0 0 1 0 0 -149.42915769742686 121.6117107794658 143.1 -39.48157837488116 188.53490908205737 182.33351 95.40157 -999.0 -999.0 -999.0 -999.0 -999.0 141.9634664507206 0.11220951617323456 141.9680803486795 0.003546084106476999 57.02947284198844 172.78852475853193 -999.0 6231.0 -999.0 -1 -999 {-999.0 -999.0 -999.0 -999.0 -999.0} "" -999.0 -999.0 -999.0 -999.0 -999 -999 "" "" "" "" 0 0 0.0 0.0 -999 ""
FIBERMAP 985 R+9C10 APOGEE 0 0 0 1 0 0 5.871095567576015 166.55820397282702 143.1 109.43103890589926 125.65934559324378 203.87459 146.92477 -999.0 -999.0 -999.0 -999.0 -999.0 142.6404363543421 -0.17158573722187206 142.64448434484 -0.281337571355958 56.669281451042814 171.61908239008562 -999.0 16600.0 -999.0 2 10 {-999.0 -999.0 -999.0 -999.0 -999.0} "" -999.0 -999.0 -999.0 -999.0 -999 -999 "" ops_sky_apogee_best_unassigned ops_sky sky_apogee 0 0 0.0 0.0 -999 ""
FIBERMAP 985 R+9C10 BOSS 1 1 0 1 0 0 5.143408637142592 166.672522204799 143.1 108.93786611413314 126.20630890246407 203.87459 146.92477 142.63822084703006 -0.16904959968013175 8.937293 -45.07365 4.214418 142.63824343268212 -0.1691956643304071 142.6422791518873 -0.2788114146695429 56.67205878708151 171.6225021653746 5400.0 5400.0 2016.0 1 126 {-999.0 15.014948 13.900906 13.49634 -999.0} sdss_psfmag_from_g3xp 14.608826 13.933401 13.133893 11.516 63050395170988896 1095962280 bright_1x1 mwm_bin_vis_boss mwm_filler science 0 0 0.0 0.0 -999 ""
FIBERMAP 985 R+9C10 METROLOGY 0 0 0 1 0 0 5.613706587863743 167.25876786010076 143.1 109.67224129385514 126.3654943300777 203.87459 146.92477 -999.0 -999.0 -999.0 -999.0 -999.0 142.64155772118227 -0.16844870200690992 142.64559869559866 -0.2781076192329742 56.672350445227345 171.61634897638845 -999.0 6231.0 -999.0 -1 -999 {-999.0 -999.0 -999.0 -999.0 -999.0} "" -999.0 -999.0 -999.0 -999.0 -999 -999 "" "" "" "" 0 0 0.0 0.0 -999 ""
FIBERMAP 986 R+2C13 APOGEE 0 0 1 1 0 0 0.5962373164079487 46.40397760185683 143.1 29.680750268696627 35.6638398413437 10.731323 169.5605 -999.0 -999.0 -999.0 -999.0 -999.0 142.27902573979466 -0.5807828214337659 142.28248284809615 -0.6898562729220877 56.306000516316004 172.3569269965803 -999.0 16600.0 -999.0 2 -999 {-999.0 -999.0 -999.0 -999.0 -999.0} "" -999.0 -999.0 -999.0 -999.0 -999 -999 "" "" "" "" 0 0 0.0 0.0 -999 ""
FIBERMAP 986 R+2C13 BOSS 1 0 1 1 0 0 1.349347707180495 46.40821186002022 143.1 30.268313075681263 35.19294174625966 10.731323 169.5605 142.20177544914074 -0.5691801535532277 -8.585115 -11.8750105 3.2758877 142.28173819507063 -0.5830393860430878 142.2851760119139 -0.6919811835824783 56.303587660534575 172.35253182744427 5400.0 5400.0 2016.0 1 105 {-999.0 19.647732 18.169456 17.044764 -999.0} sdss_psfmag 19.09851 17.737667 16.60225 14.567 63050395170985414 1094487237 bright_1x1 mwm_bin_vis_boss mwm_filler science 0 0 0.0 0.0 -999 ""
FIBERMAP 986 R+2C13 METROLOGY 0 0 1 1 0 0 0.9832617975041725 45.76611081988429 143.1 29.57970463971538 34.92476089443556 10.731323 169.5605 -999.0 -999.0 -999.0 -999.0 -999.0 142.2785961301456 -0.5842307659523917 142.28203687889015 -0.6932056267238761 56.30272204583307 172.35840094261286 -999.0 6231.0 -999.0 -1 -999 {-999.0 -999.0 -999.0 -999.0 -999.0} "" -999.0 -999.0 -999.0 -999.0 -999 -999 "" "" "" "" 0 0 0.0 0.0 -999 ""
FIBERMAP 988 R+7C6 APOGEE 0 0 0 1 0 0 -112.20949189983344 153.34166662182358 143.1 9.403129742354674 189.74280865855832 182.01979 42.33242 -999.0 -999.0 -999.0 -999.0 -999.0 142.18538759656462 0.11818637320236028 142.18998013279867 0.009074460849709951 57.01088904906105 172.38218276747284 -999.0 16600.0 -999.0 2 -999 {-999.0 -999.0 -999.0 -999.0 -999.0} "" -999.0 -999.0 -999.0 -999.0 -999 -999 "" "" "" "" 0 0 0.0 0.0 -999 ""
FIBERMAP 988 R+7C6 BOSS 1 1 0 1 0 0 -111.56151532266063 153.90016226599874 143.1 10.258025061698797 189.7685691384075 182.01979 42.33242 142.18929627755102 0.11824295497025193 -8.153124 -1.9136312 1.0731859 142.18928652096812 0.11822818162103277 142.1938636104893 0.009241831833910837 57.01062227905376 172.37506054746632 5400.0 5400.0 2016.0 1 67 {-999.0 16.867868 16.046118 15.80526 -999.0} sdss_psfmag 16.616718 16.11915 15.471352 14.2 63050395170990862 1095343338 bright_1x1 mwm_bin_vis_boss mwm_filler science 0 0 0.0 0.0 -999 ""
FIBERMAP 988 R+7C6 METROLOGY 0 0 0 1 0 0 -111.4880765430641 153.15134619851284 143.1 9.843577934962312 189.14076771432966 182.01979 42.33242 -999.0 -999.0 -999.0 -999.0 -999.0 142.18740561463557 0.11542321843094237 142.19198275272288 0.006403263154123006 57.008011226302315 172.37907476051507 -999.0 6231.0 -999.0 -1 -999 {-999.0 -999.0 -999.0 -999.0 -999.0} "" -999.0 -999.0 -999.0 -999.0 -999 -999 "" "" "" "" 0 0 0.0 0.0 -999 ""
FIBERMAP 990 R+4C7 APOGEE 0 0 0 1 0 0 -124.94377393749292 87.29204916247667 143.1 -42.07416230875284 146.46391922065405 162.70801 93.57579 -999.0 -999.0 -999.0 -999.0 -999.0 141.95173229612152 -0.07784895407853504 141.95605230217865 -0.18653779770300258 56.841706846377434 172.84707727478585 -999.0 16600.0 -999.0 2 95 {-999.0 -999.0 -999.0 -999.0 -999.0} "" -999.0 -999.0 -999.0 -999.0 -999 -999 "" ops_sky_apogee_best_unassigned ops_sky sky_apogee 0 0 0.0 0.0 -999 ""
FIBERMAP 990 R+4C7 BOSS 1 1 0 1 0 0 -124.79451228802166 88.02074438745812 143.1 -41.49942563236364 146.9358734073343 162.70801 93.57579 141.954345703125 -0.07576958727722172 -999.0 -999.0 -999.0 141.95434191714185 -0.0757824320486559 141.95865080552153 -0.1843432894411922 56.843617109974154 172.84193218503933 5400.0 5400.0 2015.5 1 51 {-999.0 -999.0 -999.0 -999.0 -999.0} "" -999.0 -999.0 -999.0 -999.0 27021603143415311 812263253 "" ops_sky_boss_good ops_sky sky_boss 0 0 0.0 0.0 -999 ""
FIBERMAP 990 R+4C7 METROLOGY 0 0 0 1 0 0 -124.23393374861597 87.5344217027201 143.1 -41.37026412587086 146.20521373512486 162.70801 93.57579 -999.0 -999.0 -999.0 -999.0 -999.0 141.95492916767242 -0.07906187570162912 141.95923663068749 -0.1876603892354323 56.840256886134576 172.84150249398175 -999.0 6231.0 -999.0 -1 -999 {-999.0 -999.0 -999.0 -999.0 -999.0} "" -999.0 -999.0 -999.0 -999.0 -999 -999 "" "" "" "" 0 0 0.0 0.0 -999 ""
FIBERMAP 991 R-3C20 APOGEE 0 0 0 1 0 0 167.85652196879843 -47.05949007118531 143.1 100.73391260469694 -142.237123837745 76.64159 130.09885 -999.0 -999.0 -999.0 -999.0 -999.0 142.60287935236076 -1.3889648908461774 142.60499958464305 -1.4983272404636439 55.46585082841874 171.9512789935157 -999.0 16600.0 -999.0 2 226 {-999.0 -999.0 -999.0 -999.0 -999.0} "" -999.0 -999.0 -999.0 -999.0 -999 -999 "" ops_sky_apogee_best_unassigned ops_sky sky_apogee 0 0 0.0 0.0 -999 ""
FIBERMAP 991 R-3C20 BOSS 1 1 0 1 0 0 168.51084723060416 -46.7171980370349 143.1 101.45760866038735 -142.38327341719042 76.64159 130.09885 142.60624418809488 -1.3897504275953823 -14.427208 -17.556667 0.7001163 142.60620985940525 -1.3897961729809865 142.6083117457435 -1.4990239452531304 55.4647688788487 171.94562393133234 5400.0 5400.0 2016.0 1 290 {-999.0 16.683975 16.308975 16.00969 -999.0} sdss_psfmag 16.581194 16.204624 15.67119 14.548 63050395170959417 1072751759 bright_1x1 mwm_halo_local_high_boss_single mwm_halo science 0 0 0.0 0.0 -999 ""
FIBERMAP 991 R-3C20 METROLOGY 0 0 0 1 0 0 168.48818943051612 -47.457656798196766 143.1 100.97379101903344 -142.94407819380976 76.64159 130.09885 -999.0 -999.0 -999.0 -999.0 -999.0 142.604001749906 -1.3922956477646409 142.60610466723455 -1.501558814026596 55.46251163140928 171.95001535955078 -999.0 6231.0 -999.0 -1 -999 {-999.0 -999.0 -999.0 -999.0 -999.0} "" -999.0 -999.0 -999.0 -999.0 -999 -999 "" "" "" "" 0 0 0.0 0.0 -999 ""
FIBERMAP 994 R+7C2 APOGEE 0 0 1 1 0 0 -189.79449567418592 143.29292504034711 143.1 -57.179666653400965 230.7889724110263 10.231175 169.81818 -999.0 -999.0 -999.0 -999.0 -999.0 141.8833472568971 0.30184223314780373 141.88829178677076 0.1931621775276213 57.22640426264527 172.89812150238708 -999.0 16600.0 -999.0 2 -999 {-999.0 -999.0 -999.0 -999.0 -999.0} "" -999.0 -999.0 -999.0 -999.0 -999 -999 "" "" "" "" 0 0 0.0 0.0 -999 ""
FIBERMAP 994 R+7C2 BOSS 1 0 1 1 0 0 -189.04008937878947 143.3234215517352 143.1 -56.574561691873505 230.3376547205858 10.231175 169.81818 141.78743991247842 0.2865285656838829 -7.2174773 -14.419708 1.8276092 141.8860906486668 0.299732229873734 141.8910175732574 0.19117913714960189 57.224148505969765 172.89349451074034 5400.0 5400.0 2016.0 1 70 {-999.0 16.97257 15.837445 15.349929 -999.0} sdss_psfmag 16.581413 15.839375 14.987877 13.212 63050395170997275 1095300596 bright_1x1 mwm_bin_vis_boss mwm_filler science 0 0 0.0 0.0 -999 ""
FIBERMAP 994 R+7C2 METROLOGY 0 0 1 1 0 0 -189.40697182827023 142.6553615146036 143.1 -57.280133513441235 230.04981456662992 10.231175 169.81818 -999.0 -999.0 -999.0 -999.0 -999.0 141.88289222630837 0.29845918895811585 141.8878215909728 0.18987447498439883 57.22318324875637 172.8996166811368 -999.0 6231.0 -999.0 -1 -999 {-999.0 -999.0 -999.0 -999.0 -999.0} "" -999.0 -999.0 -999.0 -999.0 -999 -999 "" "" "" "" 0 0 0.0 0.0 -999 ""
FIBERMAP 996 R-6C15 APOGEE 0 0 0 1 0 0 71.99164538981343 -120.39669474329803 143.1 -19.894585068703922 -138.83371025406169 226.6032 78.010506 -999.0 -999.0 -999.0 -999.0 -999.0 142.05458833209227 -1.3750616813003667 142.0568056273118 -1.4835636249315722 55.54124636257464 172.91004555459324 -999.0 16600.0 -999.0 2 183 {-999.0 -999.0 -999.0 -999.0 -999.0} "" -999.0 -999.0 -999.0 -999.0 -999 -999 "" ops_sky_apogee_best_unassigned ops_sky sky_apogee 0 0 0.0 0.0 -999 ""
FIBERMAP 996 R-6C15 BOSS 1 1 0 1 0 0 71.58296985197569 -119.77262463030799 143.1 -19.81904144931718 -138.09171405366592 226.6032 78.010506 142.05494095071896 -1.3718586167209463 -1.0957421 -3.4125564 1.4673456 142.0549316942934 -1.3718945428092046 142.05713947647655 -1.4802585346866517 55.544498936137224 172.90885234469403 5400.0 5400.0 2016.0 1 316 {-999.0 16.314901 15.514206 15.202002 -999.0} sdss_psfmag 16.072826 15.537049 14.844828 13.48 63050395170909138 1094924092 bright_1x1 mwm_bin_vis_boss mwm_filler science 0 0 0.0 0.0 -999 ""
FIBERMAP 996 R-6C15 METROLOGY 0 0 0 1 0 0 72.33779051760544 -119.72712334232318 143.1 -19.204167099625508 -138.5316393154594 226.6032 78.010506 -999.0 -999.0 -999.0 -999.0 -999.0 142.0577303458035 -1.3738351385268441 142.05993874527786 -1.48224252427795 55.542235007087 172.90429739009656 -999.0 6231.0 -999.0 -1 -999 {-999.0 -999.0 -999.0 -999.0 -999.0} "" -999.0 -999.0 -999.0 -999.0 -999 -999 "" "" "" "" 0 0 0.0 0.0 -999 ""
FIBERMAP 999 R0C27 APOGEE 0 0 0 1 0 0 279.5904937057186 5.625465589561206 143.1 220.68357576734948 -171.67170889359986 150.67566 120.247635 -999.0 -999.0 -999.0 -999.0 -999.0 143.14309431839186 -1.5177364043596637 143.1449381408741 -1.6279035183284454 55.27012335258334 171.0372854683589 -999.0 16600.0 -999.0 2 -999 {-999.0 -999.0 -999.0 -999.0 -999.0} "" -999.0 -999.0 -999.0 -999.0 -999 -999 "" "" "" "" 0 0 0.0 0.0 -999 ""
FIBERMAP 999 R0C27 BOSS 1 1 0 1 0 0 279.5584861031322 6.358681732657891 143.1 221.12037776572592 -171.08210964325949 150.67566 120.247635 143.14520128526814 -1.5151202526470011 -29.213724 -20.029518 10.212648 143.1450788010093 -1.5152050095533183 143.14690777009747 -1.6252355625817723 55.272510203311654 171.03324542851496 5400.0 5400.0 2016.0 1 174 {-999.0 18.410421 16.876085 15.246675 -999.0} sdss_psfmag 17.70769 15.957249 14.6515 -999.0 63050395170953915 1151021340 bright_1x1 mwm_snc_100pc_boss_single mwm_snc science 0 0 0.0 0.0 -999 ""
FIBERMAP 999 R0C27 METROLOGY 0 0 0 1 0 0 280.2237664185573 6.019962296373347 143.1 221.42379156369847 -171.76405868371594 150.67566 120.247635 -999.0 -999.0 -999.0 -999.0 -999.0 143.1464080038628 -1.5182115376860303 143.148237328824 -1.6282830660038796 55.26931474396071 171.0316341460761 -999.0 6231.0 -999.0 -1 -999 {-999.0 -999.0 -999.0 -999.0 -999.0} "" -999.0 -999.0 -999.0 -999.0 -999 -999 "" "" "" "" 0 0 0.0 0.0 -999 ""
FIBERMAP 1004 R-13C1 APOGEE 1 1 0 1 0 0 -153.7648948365552 -242.1981621272469 143.1 -271.9172555464344 -91.2849814581467 126.92312 118.397194 140.91623614679108 -1.1576367248312998 -59.580246 -3.2716095 3.3193061 140.91605367329984 -1.1576530630192838 140.91878263801766 -1.2643840125434653 55.861299896725185 174.88620555794424 16000.0 16600.0 2016.0 2 199 {-999.0 12.667262 12.261666 12.132689 -999.0} sdss_psfmag_from_g3xp 12.594269 12.280204 11.802471 10.962 63050395170938412 1076220418 bright_1x1 mwm_snc_ext_main_apogee mwm_snc science 0 0 0.0 0.0 -999 ""
FIBERMAP 1004 R-13C1 BOSS 0 0 0 1 0 0 -153.47142608034812 -241.52273140663996 143.1 -271.26405898410997 -90.94519290640457 126.92312 118.397194 -999.0 -999.0 -999.0 -999.0 -999.0 140.91896852673642 -1.1562676424251264 140.92168896052738 -1.2628656403113234 55.86259604510507 174.88083958967584 -999.0 5400.0 -999.0 1 340 {-999.0 -999.0 -999.0 -999.0 -999.0} "" -999.0 -999.0 -999.0 -999.0 -999 -999 "" "" "" "" 0 0 0.0 0.0 -999 ""
FIBERMAP 1004 R-13C1 METROLOGY 0 0 0 1 0 0 -153.01776766005764 -242.11203539550644 143.1 -271.2827769737897 -91.68851120589638 126.92312 118.397194 -999.0 -999.0 -999.0 -999.0 -999.0 140.9189060008925 -1.1595797836352633 140.9216239465319 -1.2662158976989828 55.859260112359976 174.88140307684816 -999.0 6231.0 -999.0 -1 -999 {-999.0 -999.0 -999.0 -999.0 -999.0} "" -999.0 -999.0 -999.0 -999.0 -999 -999 "" "" "" "" 0 0 0.0 0.0 -999 ""
FIBERMAP 1009 R-13C2 APOGEE 1 1 0 1 0 0 -110.04985281150283 -248.42636840999916 143.1 -241.88785382515158 -123.64669750945262 21.20222 113.02525 141.05092071081992 -1.3041903929301133 -18.14345 -10.846518 4.8079185 141.05087827075914 -1.3042227174325258 141.05334787522224 -1.4111330458112277 55.70468072182077 174.66765518323552 16000.0 16600.0 2016.0 2 190 {-999.0 12.730968 12.098011 11.891255 -999.0} sdss_psfmag_from_g3xp 12.575832 12.144282 11.548727 10.449 63050395170937806 1076220417 bright_1x1 mwm_snc_ext_main_apogee mwm_snc science 0 0 0.0 0.0 -999 ""
FIBERMAP 1009 R-13C2 BOSS 0 0 0 1 0 0 -109.53710075346969 -248.95995240760826 143.1 -241.82559384546937 -124.38394892757896 21.20222 113.02525 -999.0 -999.0 -999.0 -999.0 -999.0 141.051192318232 -1.3076863676660933 141.0536453097576 -1.4144573825696511 55.70134331401115 174.66759027951073 -999.0 5400.0 -999.0 1 341 {-999.0 -999.0 -999.0 -999.0 -999.0} "" -999.0 -999.0 -999.0 -999.0 -999 -999 "" "" "" "" 0 0 0.0 0.0 -999 ""
FIBERMAP 1009 R-13C2 METROLOGY 0 0 0 1 0 0 -110.26564420073971 -249.1404172904942 143.1 -242.50503836751935 -124.06538711405419 21.20222 113.02525 -999.0 -999.0 -999.0 -999.0 -999.0 141.04814769065973 -1.3061931688517479 141.05060664244633 -1.4129990103790089 55.70303457383092 174.67276248620863 -999.0 6231.0 -999.0 -1 -999 {-999.0 -999.0 -999.0 -999.0 -999.0} "" -999.0 -999.0 -999.0 -999.0 -999 -999 "" "" "" "" 0 0 0.0 0.0 -999 ""
FIBERMAP 1011 R+6C3 APOGEE 0 0 0 1 1 0 -188.40145843400722 104.29096037970515 143.1 -80.65487837824992 199.62132076603714 245.99095 102.8316 -999.0 -999.0 -999.0 -999.0 -999.0 141.77681913510688 0.16143946131162046 141.78155699518982 0.05296652134839116 57.097868133079444 173.1203791380019 -999.0 16600.0 -999.0 2 126 {-999.0 -999.0 -999.0 -999.0 -999.0} "" -999.0 -999.0 -999.0 -999.0 -999 -999 "" ops_sky_apogee_best_unassigned ops_sky sky_apogee 0 0 0.0 0.0 -999 ""
FIBERMAP 1011 R+6C3 BOSS 1 0 0 1 1 0 -189.125258947995 104.4327078548413 143.1 -81.12776233586237 200.18713972911428 245.99095 102.8316 141.84508271204763 0.24788491180039415 -999.0 -999.0 -999.0 141.7746792960625 0.16388237996165572 141.7794082004629 0.05554367090535848 57.10064856379874 173.1238371761104 5400.0 5400.0 2016.0 1 27 {-999.0 20.658146 19.252245 18.62103 -999.0} sdss_psfmag 20.125628 21.15305 18.18599 15.628 63050395170997173 1116002427 bright_1x1 openfibertargets_bhm_racsradio_boss open_fiber science 0 0 0.0 0.0 -999 ""
FIBERMAP 1011 R+6C3 METROLOGY 0 0 0 1 1 0 -188.64528265936391 105.00442301213697 143.1 -80.39501950502388 200.3289463242825 245.99095 102.8316 -999.0 -999.0 -999.0 -999.0 -999.0 141.7779987064733 0.1645657397272027 141.78273186008568 0.0561842871911071 57.10095116761845 173.11763041900224 -999.0 6231.0 -999.0 -1 -999 {-999.0 -999.0 -999.0 -999.0 -999.0} "" -999.0 -999.0 -999.0 -999.0 -999 -999 "" "" "" "" 0 0 0.0 0.0 -999 ""
FIBERMAP 1012 R+1C12 APOGEE 0 0 0 1 0 0 -15.634389937955824 24.26855236377573 143.1 3.138076768394259 28.691963390066036 56.390823 68.66215 -999.0 -999.0 -999.0 -999.0 -999.0 142.1581644514692 -0.6127222101990422 142.16158996776477 -0.7215958802911011 56.28777882194698 172.57975636103413 -999.0 16600.0 -999.0 2 -999 {-999.0 -999.0 -999.0 -999.0 -999.0} "" -999.0 -999.0 -999.0 -999.0 -999 -999 "" "" "" "" 0 0 0.0 0.0 -999 ""
FIBERMAP 1012 R+1C12 BOSS 1 1 0 1 0 0 -15.187082771127393 23.65105066279429 143.1 3.0966717930017036 27.93074456585057 56.390823 68.66215 142.15797732722731 -0.6163140651851385 0.029576376 -0.35959506 0.21015415 142.15799820435376 -0.6163097416378768 142.16140319481428 -0.725046702924203 56.28436868977331 172.5807660152998 5400.0 5400.0 2016.0 1 22 {-999.0 19.687967 19.634523 19.621216 -999.0} sdss_psfmag 19.098528 19.107182 18.76722 -999.0 63050395170985364 1117136810 bright_1x1 openfibertargets_bhm_quaia_boss open_fiber science 0 0 0.0 0.0 -999 ""
FIBERMAP 1012 R+1C12 METROLOGY 0 0 0 1 0 0 -15.93541856278955 23.58587839507434 143.1 2.4744482774855596 28.35130940879869 56.390823 68.66215 -999.0 -999.0 -999.0 -999.0 -999.0 142.15515535029266 -0.6143627043157476 142.15856812259295 -0.7231340880375292 56.28657774184725 172.58546908961537 -999.0 6231.0 -999.0 -1 -999 {-999.0 -999.0 -999.0 -999.0 -999.0} "" -999.0 -999.0 -999.0 -999.0 -999 -999 "" "" "" "" 0 0 0.0 0.0 -999 ""
FIBERMAP 1013 R+10C15 APOGEE 1 1 0 1 0 0 147.68868187066434 190.05488169284 143.1 234.36684826561202 54.614159588902766 350.7869 109.59533 143.20541381835938 -0.4942568321719847 -999.0 -999.0 -999.0 143.20540112240178 -0.4942519373528213 143.20884275874698 -0.6047960526673346 56.27552520110721 170.68168818177207 16000.0 16600.0 2015.5 2 68 {-999.0 -999.0 -999.0 -999.0 -999.0} "" -999.0 -999.0 -999.0 -999.0 27021603143401833 834371234 "" ops_sky_apogee_best ops_sky sky_apogee 0 0 0.0 0.0 -999 ""
FIBERMAP 1013 R+10C15 BOSS 0 0 0 1 0 0 147.84992408511772 189.33161994450296 143.1 234.03668288674513 53.95092036748178 350.7869 109.59533 -999.0 -999.0 -999.0 -999.0 -999.0 143.20398394757817 -0.4973816360418235 143.20740234990797 -0.6077876396686581 56.27275755062078 170.6849917180218 -999.0 5400.0 -999.0 1 228 {-999.0 -999.0 -999.0 -999.0 -999.0} "" -999.0 -999.0 -999.0 -999.0 -999 -999 "" "" "" "" 0 0 0.0 0.0 -999 ""
FIBERMAP 1013 R+10C15 METROLOGY 0 0 0 1 0 0 147.1381276857989 189.54181967803 143.1 233.61622193592223 54.56234395138233 350.7869 109.59533 -999.0 -999.0 -999.0 -999.0 -999.0 143.20207743417666 -0.494574749808485 143.20550582437676 -0.6050168567145016 56.27576064694455 170.6876963931244 -999.0 6231.0 -999.0 -1 -999 {-999.0 -999.0 -999.0 -999.0 -999.0} "" -999.0 -999.0 -999.0 -999.0 -999 -999 "" "" "" "" 0 0 0.0 0.0 -999 ""
FIBERMAP 1016 R+1C16 APOGEE 0 0 0 1 0 0 49.1482600285684 8.447248045226315 143.1 43.489281509513 -24.38510784297136 235.45631 120.73775 -999.0 -999.0 -999.0 -999.0 -999.0 142.34237485200876 -0.8542376167272834 142.3453848486743 -0.9633370520353849 56.0271876039413 172.29982127974 -999.0 16600.0 -999.0 2 51 {-999.0 -999.0 -999.0 -999.0 -999.0} "" -999.0 -999.0 -999.0 -999.0 -999 -999 "" ops_sky_apogee_best_unassigned ops_sky sky_apogee 0 0 0.0 0.0 -999 ""
FIBERMAP 1016 R+1C16 BOSS 1 1 0 1 0 0 48.4074314854621 8.480018503090811 143.1 42.93455685415921 -23.893203463638574 235.45631 120.73775 142.3399043318399 -0.8521083210970517 -7.977912 -17.010096 3.2695177 142.3398849555917 -0.8521515734554915 142.34288316775582 -0.9611109260639991 56.02968134796048 172.30382037230245 5400.0 5400.0 2016.0 1 190 {-999.0 21.277695 19.851448 18.166723 -999.0} sdss_psfmag 20.76649 18.942644 17.679441 15.135 63050395170984713 1095229806 bright_1x1 mwm_bin_vis_boss mwm_filler science 0 0 0.0 0.0 -999 ""
FIBERMAP 1016 R+1C16 METROLOGY 0 0 0 1 0 0 48.802569510360115 9.117465900723587 143.1 43.64279825936838 -23.646929126756167 235.45631 120.73775 -999.0 -999.0 -999.0 -999.0 -999.0 142.34310007976458 -0.8509825737632641 142.34610404922898 -0.9599860631882423 56.03043620222805 172.2978667006577 -999.0 6231.0 -999.0 -1 -999 {-999.0 -999.0 -999.0 -999.0 -999.0} "" -999.0 -999.0 -999.0 -999.0 -999 -999 "" "" "" "" 0 0 0.0 0.0 -999 ""
FIBERMAP 1017 R+5C18 APOGEE 0 0 0 1 0 0 130.52644607594863 92.96613937161163 143.1 159.90722459252206 -9.98299528831142 210.87494 99.207054 -999.0 -999.0 -999.0 -999.0 -999.0 142.8710268817443 -0.7876367383163653 142.87406065396692 -0.8975826161356014 56.02924202639581 171.3465374681679 -999.0 16600.0 -999.0 2 70 {-999.0 -999.0 -999.0 -999.0 -999.0} "" -999.0 -999.0 -999.0 -999.0 -999 -999 "" ops_sky_apogee_best_unassigned ops_sky sky_apogee 0 0 0.0 0.0 -999 ""
FIBERMAP 1017 R+5C18 BOSS 1 1 0 1 0 0 130.18241810165352 93.60081356135568 143.1 160.03965291562716 -9.273468056929596 210.87494 99.207054 142.87170410156247 -0.7845309360210138 -999.0 -999.0 -999.0 142.87169589773754 -0.7845501406228597 142.87471702740584 -0.8943614212395347 56.032354273473175 171.34464278673397 5400.0 5400.0 2015.5 1 209 {-999.0 -999.0 -999.0 -999.0 -999.0} "" -999.0 -999.0 -999.0 -999.0 27021603143399726 820300032 "" ops_sky_boss_good ops_sky sky_boss 0 0 0.0 0.0 -999 ""
FIBERMAP 1017 R+5C18 METROLOGY 0 0 0 1 0 0 130.92336435504131 93.59759263574102 143.1 160.61307448531454 -9.742497158991737 210.87494 99.207054 -999.0 -999.0 -999.0 -999.0 -999.0 142.87427646167615 -0.7866375530435512 142.87729881664268 -0.8964909522455338 56.02991508556907 171.3405422756371 -999.0 6231.0 -999.0 -1 -999 {-999.0 -999.0 -999.0 -999.0 -999.0} "" -999.0 -999.0 -999.0 -999.0 -999 -999 "" "" "" "" 0 0 0.0 0.0 -999 ""
FIBERMAP 1018 R-1C8 APOGEE 0 0 0 1 0 0 -113.98423688815049 -3.2195652773208394 143.1 -90.55204424606946 69.26830990563363 102.15802 67.90441 -999.0 -999.0 -999.0 -999.0 -999.0 141.7314854623266 -0.42885955804715303 141.73527694810787 -0.5371033043868266 56.51531307896019 173.31155782882476 -999.0 16600.0 -999.0 2 -999 {-999.0 -999.0 -999.0 -999.0 -999.0} "" -999.0 -999.0 -999.0 -999.0 -999 -999 "" "" "" "" 0 0 0.0 0.0 -999 ""
FIBERMAP 1018 R-1C8 BOSS 1 1 0 1 0 0 -113.25351005632938 -3.3409842517854216 143.1 -90.0609814350694 68.71391782922517 102.15802 67.90441 141.7336972837713 -0.4314734309923505 0.50812787 -0.21570636 -0.61497366 141.7336895100941 -0.43147720873656376 141.73746315513762 -0.5395893189421728 56.5126248550072 173.30805605692032 5400.0 5400.0 2016.0 1 482 {-999.0 19.836508 19.673304 19.626175 -999.0} sdss_psfmag 20.101551 19.842745 19.489363 -999.0 63050395170986675 1117136824 bright_1x1 openfibertargets_bhm_quaia_boss open_fiber science 0 0 0.0 0.0 -999 ""
FIBERMAP 1018 R-1C8 METROLOGY 0 0 0 1 0 0 -113.72469994633066 -3.9190669258840245 143.1 -90.790909612183 68.56163370979107 102.15802 67.90441 -999.0 -999.0 -999.0 -999.0 -999.0 141.73037686062034 -0.43214647757137814 141.7341537349606 -0.5402912115990988 56.51225047674556 173.31414952987336 -999.0 6231.0 -999.0 -1 -999 {-999.0 -999.0 -999.0 -999.0 -999.0} "" -999.0 -999.0 -999.0 -999.0 -999 -999 "" "" "" "" 0 0 0.0 0.0 -999 ""
FIBERMAP 1019 R+3C24 APOGEE 0 0 0 1 0 0 250.91594357530076 48.016628149728106 143.1 225.1047996154753 -120.69440016672682 227.86385 125.41745 -999.0 -999.0 -999.0 -999.0 -999.0 143.16410531432535 -1.2880682883890142 143.16630709944008 -1.398331533978697 55.4948821950944 170.9467881875436 -999.0 16600.0 -999.0 2 84 {-999.0 -999.0 -999.0 -999.0 -999.0} "" -999.0 -999.0 -999.0 -999.0 -999 -999 "" ops_sky_apogee_best_unassigned ops_sky sky_apogee 0 0 0.0 0.0 -999 ""
FIBERMAP 1019 R+3C24 BOSS 1 1 0 1 0 0 250.18224446732995 48.10547618177583 143.1 224.5909205225649 -120.1634325781011 227.86385 125.41745 143.1618398613868 -1.2858250824155601 -0.27538377 0.3469396 -0.8758843 143.16184891030483 -1.2858381672056058 143.1640359390538 -1.3959594056100992 55.497533913065475 170.950206990198 5400.0 5400.0 2016.0 1 246 {-999.0 20.196344 20.037748 19.999744 -999.0} sdss_psfmag 20.324278 20.157152 19.90873 -999.0 63050395170959881 1117136678 bright_1x1 openfibertargets_bhm_quaia_boss open_fiber science 0 0 0.0 0.0 -999 ""
FIBERMAP 1019 R+3C24 METROLOGY 0 0 0 1 0 0 250.62301563148256 48.7020494670748 143.1 225.308866639284 -119.97763511065976 227.86385 125.41745 -999.0 -999.0 -999.0 -999.0 -999.0 143.16505641312054 -1.2849324191804865 143.16724966897618 -1.395098296844338 55.49796224887025 170.94438379959226 -999.0 6231.0 -999.0 -1 -999 {-999.0 -999.0 -999.0 -999.0 -999.0} "" -999.0 -999.0 -999.0 -999.0 -999 -999 "" "" "" "" 0 0 0.0 0.0 -999 ""
FIBERMAP 1025 R-7C7 APOGEE 0 0 0 1 0 0 -75.52019562023604 -123.04122324039103 143.1 -136.12349221651414 -48.00856378939138 77.81692 117.27137 -999.0 -999.0 -999.0 -999.0 -999.0 141.52534360579597 -0.962733736400144 141.52830243362337 -1.0705032309410065 56.00387528333725 173.77331904986903 -999.0 16600.0 -999.0 2 294 {-999.0 -999.0 -999.0 -999.0 -999.0} "" -999.0 -999.0 -999.0 -999.0 -999 -999 "" ops_sky_apogee_best_unassigned ops_sky sky_apogee 0 0 0.0 0.0 -999 ""
FIBERMAP 1025 R-7C7 BOSS 1 1 0 1 0 0 -74.81122767885145 -122.8356404054923 143.1 -135.4434356378382 -48.2952924858724 77.81692 117.27137 141.52848054275884 -0.9641717563522174 -33.771984 -4.4170284 1.4705671 141.52838804405192 -0.9641930258369861 141.53133147186117 -1.0718298508742456 56.002277824335586 173.76814187735962 5400.0 5400.0 2016.0 1 410 {-999.0 15.911224 15.158998 14.904944 -999.0} sdss_psfmag 15.683868 15.209648 14.568537 13.306 63050395170939167 1094423196 bright_1x1 mwm_bin_vis_boss mwm_filler science 0 0 0.0 0.0 -999 ""
FIBERMAP 1025 R-7C7 METROLOGY 0 0 0 1 0 0 -74.9856349987864 -123.56420229096368 143.1 -136.03761752906897 -48.751310456740825 77.81692 117.27137 -999.0 -999.0 -999.0 -999.0 -999.0 141.52570747391394 -0.9662238847787985 141.5286515740313 -1.0738947167793473 56.0004660943743 173.77325064187286 -999.0 6231.0 -999.0 -1 -999 {-999.0 -999.0 -999.0 -999.0 -999.0} "" -999.0 -999.0 -999.0 -999.0 -999 -999 "" "" "" "" 0 0 0.0 0.0 -999 ""
FIBERMAP 1028 R+9C8 APOGEE 0 0 0 1 0 0 -39.96675511244063 169.02402460594234 143.1 75.38403660222399 156.43563701361248 170.20741 159.32211 -999.0 -999.0 -999.0 -999.0 -999.0 142.48541003009618 -0.03214516243095903 142.4897074773889 -0.14169080984805515 56.82659599184485 171.8685353536998 -999.0 16600.0 -999.0 2 2 {-999.0 -999.0 -999.0 -999.0 -999.0} "" -999.0 -999.0 -999.0 -999.0 -999 -999 "" ops_sky_apogee_best_unassigned ops_sky sky_apogee 0 0 0.0 0.0 -999 ""
FIBERMAP 1028 R+9C8 BOSS 1 1 0 1 0 0 -40.592936455084455 169.41625388011678 143.1 75.14468049208536 157.1345258309172 170.20741 159.32211 142.4843463696437 -0.029048243795852396 1.4353536 -9.604585 1.1315277 142.48435137667562 -0.029066607658804207 142.48863804423803 -0.1384788615295428 56.82991233094061 171.8697778704303 5400.0 5400.0 2016.0 1 124 {-999.0 14.570588 14.173861 14.042742 -999.0} sdss_psfmag_from_g3xp 14.497343 14.187277 13.710559 12.888 63050395170990466 977816487 "" ops_std_boss ops_std standard_boss 0 0 0.0 0.0 -999 ""
FIBERMAP 1028 R+9C8 METROLOGY 0 0 0 1 0 0 -39.93768889041211 169.76660795930366 143.1 75.87416901286453 156.994056853424 170.20741 159.32211 -999.0 -999.0 -999.0 -999.0 -999.0 142.48765517075023 -0.02967636211288298 142.49194475994017 -0.13913121002084305 56.828871238445714 171.8639189419256 -999.0 6231.0 -999.0 -1 -999 {-999.0 -999.0 -999.0 -999.0 -999.0} "" -999.0 -999.0 -999.0 -999.0 -999 -999 "" "" "" "" 0 0 0.0 0.0 -999 ""
FIBERMAP 1032 R+2C8 APOGEE 0 0 0 1 0 0 -94.50640539019577 49.8640868141302 143.1 -42.00129095959573 98.2313008866461 92.21806 43.257378 -999.0 -999.0 -999.0 -999.0 -999.0 141.9521950347347 -0.29664282217310195 141.95616264250754 -0.405274175223633 56.62415435590887 172.8885095939461 -999.0 16600.0 -999.0 2 -999 {-999.0 -999.0 -999.0 -999.0 -999.0} "" -999.0 -999.0 -999.0 -999.0 -999 -999 "" "" "" "" 0 0 0.0 0.0 -999 ""
FIBERMAP 1032 R+2C8 BOSS 1 1 0 1 0 0 -93.96752504292061 49.339382588619216 143.1 -41.91314762890094 97.48449451523403 92.21806 43.257378 141.95228884803188 -0.3001681807967769 -6.357518 7.60275 9.958578 141.95259304800575 -0.3001226276399198 141.9565409758651 -0.4086198568564195 56.62078746827826 172.888458758159 5400.0 5400.0 2016.0 1 44 {-999.0 14.886288 13.495019 12.662176 -999.0} sdss_psfmag_from_g3xp 14.298878 13.298219 12.261484 -999.0 63050395170987516 1075907475 bright_1x1 mwm_erosita_stars_boss mwm_erosita science 0 0 1.1433730125427246 0.0 -999 ""
FIBERMAP 1032 R+2C8 METROLOGY 0 0 0 1 0 0 -94.68480816474117 49.139632239607884 143.1 -42.59598976927721 97.7809885121076 92.21806 43.257378 -999.0 -999.0 -999.0 -999.0 -999.0 141.94948456543804 -0.2987533754778241 141.95343920769017 -0.4072839519277448 56.62243890001177 172.89381319228406 -999.0 6231.0 -999.0 -1 -999 {-999.0 -999.0 -999.0 -999.0 -999.0} "" -999.0 -999.0 -999.0 -999.0 -999 -999 "" "" "" "" 0 0 0.0 0.0 -999 ""
FIBERMAP 1034 R+13C2 APOGEE 1 1 0 1 0 0 -136.2846758434625 243.66052111447615 143.1 47.57348752590458 275.0468166304132 228.598 100.011505 142.35710423926113 0.5001376860631341 -6.901773 8.16659 3.1646345 142.35710352180314 0.5001761888227892 142.36227449275464 0.3906921658566507 57.37030234178892 171.98575442118786 16000.0 16600.0 2016.0 2 113 {-999.0 12.563684 12.09179 11.945228 -999.0} sdss_psfmag_from_g3xp 12.468483 12.121655 11.610162 10.731 63050395170997841 1068762352 bright_12x1 mwm_bin_rv_long_apogee mwm_bin science 0 0 0.0 0.0 -999 ""
FIBERMAP 1034 R+13C2 BOSS 0 0 0 1 0 0 -136.91798251494225 244.05819416812648 143.1 47.33202519799827 275.7544196873239 228.598 100.011505 -999.0 -999.0 -999.0 -999.0 -999.0 142.35601269887866 0.5031849819815496 142.36117336652086 0.3938317397423427 57.373549348276924 171.98709990384552 -999.0 5400.0 -999.0 1 95 {-999.0 -999.0 -999.0 -999.0 -999.0} "" -999.0 -999.0 -999.0 -999.0 -999 -999 "" "" "" "" 0 0 0.0 0.0 -999 ""
FIBERMAP 1034 R+13C2 METROLOGY 0 0 0 1 0 0 -136.27011755017205 244.41091010111285 143.1 48.05726719744097 275.62043338568577 228.598 100.011505 -999.0 -999.0 -999.0 -999.0 -999.0 142.3592869265072 0.5026207051301994 142.3644503794004 0.3932256472302262 57.372563179580865 171.98119587447817 -999.0 6231.0 -999.0 -1 -999 {-999.0 -999.0 -999.0 -999.0 -999.0} "" -999.0 -999.0 -999.0 -999.0 -999 -999 "" "" "" "" 0 0 0.0 0.0 -999 ""
FIBERMAP 1036 R0C17 APOGEE 0 0 0 1 0 0 59.55170918396583 8.08796850285453 143.1 51.342815629482146 -31.214541668298498 116.174 133.02362 -999.0 -999.0 -999.0 -999.0 -999.0 142.37818056833092 -0.8852762097529655 142.38113551714866 -0.9944236393232714 55.99225760705457 172.24258130090396 -999.0 16600.0 -999.0 2 47 {-999.0 -999.0 -999.0 -999.0 -999.0} "" -999.0 -999.0 -999.0 -999.0 -999 -999 "" ops_sky_apogee_best_unassigned ops_sky sky_apogee 0 0 0.0 0.0 -999 ""
FIBERMAP 1036 R0C17 BOSS 1 1 0 1 0 0 59.80549504068717 8.79708705330688 143.1 51.986403929806386 -30.823603906594293 116.174 133.02362 142.38112976109792 -0.8836955252573899 4.070444 16.233892 4.5097485 142.3811526072119 -0.8836438019657159 142.38409405293515 -0.9926594636954985 55.99367445145244 172.23696834833828 5400.0 5400.0 2016.0 1 181 {-999.0 20.813643 19.480125 18.04216 -999.0} sdss_psfmag 20.264841 18.940098 17.524992 15.363 63050395170984681 1095131323 bright_1x1 mwm_bin_vis_boss mwm_filler science 0 0 0.0 0.0 -999 ""
FIBERMAP 1036 R0C17 METROLOGY 0 0 0 1 0 0 60.294899645445646 8.20838093695471 143.1 51.99582435228057 -31.588965014185064 116.174 133.02362 -999.0 -999.0 -999.0 -999.0 -999.0 142.38119046207757 -0.8870877347521213 142.38413084087767 -0.9961413011284779 55.99021097339395 172.23761017037097 -999.0 6231.0 -999.0 -1 -999 {-999.0 -999.0 -999.0 -999.0 -999.0} "" -999.0 -999.0 -999.0 -999.0 -999 -999 "" "" "" "" 0 0 0.0 0.0 -999 ""
FIBERMAP 1037 R+4C11 APOGEE 0 0 0 1 0 0 -12.752889597206716 71.91346674893481 143.1 35.37499748499676 63.88067874074948 316.7804 129.86707 -999.0 -999.0 -999.0 -999.0 -999.0 142.30470980308965 -0.4522791048224294 142.30836817249872 -0.5614276937242272 56.43070704227935 172.28443161187755 -999.0 16600.0 -999.0 2 -999 {-999.0 -999.0 -999.0 -999.0 -999.0} "" -999.0 -999.0 -999.0 -999.0 -999 -999 "" "" "" "" 0 0 0.0 0.0 -999 ""
FIBERMAP 1037 R+4C11 BOSS 1 1 0 1 0 0 -12.772494088126704 71.17140730615026 143.1 34.89254332086992 63.3167083302443 316.7804 129.86707 142.30257428867475 -0.45496163576078713 -4.3732405 7.49964 2.8873637 142.3025523478681 -0.4549494736902905 142.30619151285543 -0.5639592602697651 56.4284373113668 172.2888593610665 5400.0 5400.0 2016.0 1 113 {-999.0 15.396938 14.578778 14.236257 13.982256} sdss_psfmag_from_lsdr10 15.17959 14.55892 13.793131 12.207 63050395170985640 1058980682 bright_flexible_2x1 bhm_spiders_agn_lsdr10 bhm_spiders science 0 0 0.0 0.0 -999 ""
FIBERMAP 1037 R+4C11 METROLOGY 0 0 0 1 0 0 -13.410455247207919 71.56094810198077 143.1 34.6423457498397 64.02092617876676 316.7804 129.86707 -999.0 -999.0 -999.0 -999.0 -999.0 142.30139868449996 -0.4517138089074196 142.30504755255186 -0.5607608217759901 56.43174438758089 172.29026226513835 -999.0 6231.0 -999.0 -1 -999 {-999.0 -999.0 -999.0 -999.0 -999.0} "" -999.0 -999.0 -999.0 -999.0 -999 -999 "" "" "" "" 0 0 0.0 0.0 -999 ""
FIBERMAP 1039 R-1C4 APOGEE 0 0 0 1 0 0 -196.11861395917884 -10.795343543072603 143.1 -159.1110019844083 115.09953585886134 71.43583 66.108315 -999.0 -999.0 -999.0 -999.0 -999.0 141.42099291612354 -0.22205610387649946 141.42517251982633 -0.32985630392421916 56.750824221099094 173.83740754583195 -999.0 16600.0 -999.0 2 -999 {-999.0 -999.0 -999.0 -999.0 -999.0} "" -999.0 -999.0 -999.0 -999.0 -999 -999 "" "" "" "" 0 0 0.0 0.0 -999 ""
FIBERMAP 1039 R-1C4 BOSS 1 1 0 1 0 0 -195.56083409967053 -11.295515801172742 143.1 -158.99273426047966 114.35988218768047 71.43583 66.108315 141.42149581724246 -0.22554064979564586 -0.1497397 0.2523842 -0.47482306 141.42149017847348 -0.22550552856774078 141.42565199358444 -0.3331722473711903 56.747478533693624 173.83708260152673 5400.0 5400.0 2016.0 1 432 {-999.0 20.284153 20.07389 20.059715 -999.0} sdss_psfmag 20.498598 20.318148 20.120768 -999.0 63050395170992743 1117136938 bright_1x1 openfibertargets_bhm_quaia_boss open_fiber science 0 0 0.0 0.0 -999 ""
FIBERMAP 1039 R-1C4 METROLOGY 0 0 0 1 0 0 -196.28007420142168 -11.523761397526133 143.1 -159.6950379508824 114.6354777819316 71.43583 66.108315 -999.0 -999.0 -999.0 -999.0 -999.0 141.4183264911979 -0.22424260451817415 141.42249434133385 -0.33194235880862116 56.748988330152635 173.84261540073868 -999.0 6231.0 -999.0 -1 -999 {-999.0 -999.0 -999.0 -999.0 -999.0} "" -999.0 -999.0 -999.0 -999.0 -999 -999 "" "" "" "" 0 0 0.0 0.0 -999 ""
FIBERMAP 1040 R+5C11 APOGEE 0 0 0 1 0 0 -8.442611253505266 81.62062963428335 143.1 44.834532822569386 68.7057507902652 298.32877 97.62894 -999.0 -999.0 -999.0 -999.0 -999.0 142.3477271573228 -0.4302741983334867 142.3514135035992 -0.5394965805597246 56.44761132030561 172.20257116248192 -999.0 16600.0 -999.0 2 20 {-999.0 -999.0 -999.0 -999.0 -999.0} "" -999.0 -999.0 -999.0 -999.0 -999 -999 "" ops_sky_apogee_best_unassigned ops_sky sky_apogee 0 0 0.0 0.0 -999 ""
FIBERMAP 1040 R+5C11 BOSS 1 1 0 1 0 0 -9.0563429493165 81.18873377098285 143.1 44.085945476388105 68.75675108615341 298.32877 97.62894 142.3443603515625 -0.4301420336967965 -999.0 -999.0 -999.0 142.34435759573594 -0.43014477853417216 142.3480292717653 -0.5392273210864312 56.44826475921725 172.20859853473772 5400.0 5400.0 2015.5 1 137 {-999.0 -999.0 -999.0 -999.0 -999.0} "" -999.0 -999.0 -999.0 -999.0 27021603143414000 812263076 "" ops_sky_boss_good ops_sky sky_boss 0 0 0.0 0.0 -999 ""
FIBERMAP 1040 R+5C11 METROLOGY 0 0 0 1 0 0 -9.128423346367256 81.92924081932289 143.1 44.496215908723215 69.3772440927258 298.32877 97.62894 -999.0 -999.0 -999.0 -999.0 -999.0 142.34621032125543 -0.4272880111338895 142.3498906217049 -0.5364123863030844 56.45084909424941 172.204671943897 -999.0 6231.0 -999.0 -1 -999 {-999.0 -999.0 -999.0 -999.0 -999.0} "" -999.0 -999.0 -999.0 -999.0 -999 -999 "" "" "" "" 0 0 0.0 0.0 -999 ""
FIBERMAP 1044 R+13C10 APOGEE 0 0 0 1 0 0 61.86774726309119 269.9592549703896 143.1 218.0255470170872 170.7072939259126 112.87595 66.08015 -999.0 -999.0 -999.0 -999.0 -999.0 143.12841385914763 0.029926010361343302 143.13269224317173 -0.08063982570926079 56.805168089852344 170.68912551951016 -999.0 16600.0 -999.0 2 50 {-999.0 -999.0 -999.0 -999.0 -999.0} "" -999.0 -999.0 -999.0 -999.0 -999 -999 "" "" "" "" 0 0 0.0 0.0 -999 ""
FIBERMAP 1044 R+13C10 BOSS 1 1 0 1 0 0 62.61519413285528 269.96879817005964 143.1 218.61205400782913 170.24408494054956 112.87595 66.08015 143.13090364139822 0.027809066198952757 -106.65231 -40.02803 13.574337 143.13107328539903 0.027693392435202954 143.135329481854 -0.082743577982345 56.80272503641474 170.684876375362 5400.0 5400.0 2016.0 1 164 {-999.0 12.784092 11.563541 11.103885 -999.0} sdss_psfmag_from_g3xp 12.32302 11.580779 10.746007 9.09 63050395170989473 1150981091 bright_1x1 mwm_snc_100pc_boss_single mwm_snc science 0 0 1.628027319908142 0.0 -999 ""
FIBERMAP 1044 R+13C10 METROLOGY 0 0 0 1 0 0 62.250921942497676 269.3130661668769 143.1 217.91627161506176 169.9641757317608 112.87595 66.08015 -999.0 -999.0 -999.0 -999.0 -999.0 143.12796836668466 0.02649406234970498 143.13222841160638 -0.08397529300411037 56.80192672643697 170.69079354026317 -999.0 6231.0 -999.0 -1 -999 {-999.0 -999.0 -999.0 -999.0 -999.0} "" -999.0 -999.0 -999.0 -999.0 -999 -999 "" "" "" "" 0 0 0.0 0.0 -999 ""
FIBERMAP 1046 R+5C21 APOGEE 0 0 0 1 0 0 209.52529419339817 113.79336260928929 143.1 234.37460811992264 -43.54835274645403 129.54182 83.80176 -999.0 -999.0 -999.0 -999.0 -999.0 143.2063790714064 -0.9389657371209034 143.20912272821323 -1.049390312933242 55.83498669431832 170.78899142818548 -999.0 16600.0 -999.0 2 -999 {-999.0 -999.0 -999.0 -999.0 -999.0} "" -999.0 -999.0 -999.0 -999.0 -999 -999 "" "" "" "" 0 0 0.0 0.0 -999 ""
FIBERMAP 1046 R+5C21 BOSS 1 1 0 1 0 0 210.1268275929966 114.21637109978174 143.1 235.10812593962527 -43.59857483902869 129.54182 83.80176 143.20987361528194 -0.9394183057228255 -50.9061 30.580519 4.2368817 143.2097110962999 -0.9393224989532549 143.21243501048656 -1.0496147729804426 55.8343183046419 170.78320184167927 5400.0 5400.0 2016.0 1 237 {-999.0 17.9972 16.570023 15.498354 -999.0} sdss_psfmag 17.424831 16.173273 15.063141 12.993 63050395170963672 1095043914 bright_1x1 mwm_bin_vis_boss mwm_filler science 0 0 0.0 0.0 -999 ""
FIBERMAP 1046 R+5C21 METROLOGY 0 0 0 1 0 0 210.1993128831967 113.47342388654064 143.1 234.69663354460377 -44.221217914788646 129.54182 83.80176 -999.0 -999.0 -999.0 -999.0 -999.0 143.2078560498332 -0.9421097621625718 143.21058116982863 -1.0524373219171301 55.831771101602115 170.78714905319333 -999.0 6231.0 -999.0 -1 -999 {-999.0 -999.0 -999.0 -999.0 -999.0} "" -999.0 -999.0 -999.0 -999.0 -999 -999 "" "" "" "" 0 0 0.0 0.0 -999 ""
FIBERMAP 1051 R-5C20 APOGEE 0 0 0 1 0 0 211.26164975584388 -103.65416267444854 143.1 98.81000266943379 -213.5203925502244 57.175194 21.553257 -999.0 -999.0 -999.0 -999.0 -999.0 142.59354205749847 -1.71033348330189 142.5951527352188 -1.8195920998521038 55.147952572391844 172.03459311753647 -999.0 16600.0 -999.0 2 233 {-999.0 -999.0 -999.0 -999.0 -999.0} "" -999.0 -999.0 -999.0 -999.0 -999 -999 "" ops_sky_apogee_best_unassigned ops_sky sky_apogee 0 0 0.0 0.0 -999 ""
FIBERMAP 1051 R-5C20 BOSS 1 1 0 1 0 0 211.15599374769212 -104.39155880180759 143.1 98.2636535272836 -214.02655996848506 57.175194 21.553257 142.59107432000874 -1.712799672387163 -1.2379559 -3.239494 0.39087084 142.59109459143843 -1.7127906861577864 142.59268509229742 -1.8219035330209519 55.14594434950873 172.0393509657303 5400.0 5400.0 2016.0 1 278 {-999.0 17.091621 16.631771 16.479237 -999.0} sdss_psfmag 16.994564 16.64831 16.14951 15.43 63050395170906438 943255122 bright_1x1 openfibertargets_nov2020_46 open_fiber science 0 0 0.0 0.0 -999 ""
FIBERMAP 1051 R-5C20 METROLOGY 0 0 0 1 0 0 210.5664487941667 -103.9354029567129 143.1 98.09300132685054 -213.3010907723156 57.175194 21.553257 -999.0 -999.0 -999.0 -999.0 -999.0 142.59032408585387 -1.7094940895637691 142.59192462571718 -1.8186466903117289 55.14926756887521 172.04000796384102 -999.0 6231.0 -999.0 -1 -999 {-999.0 -999.0 -999.0 -999.0 -999.0} "" -999.0 -999.0 -999.0 -999.0 -999 -999 "" "" "" "" 0 0 0.0 0.0 -999 ""
FIBERMAP 1054 R-2C7 APOGEE 1 1 0 1 0 0 -116.94803944515465 -47.28524491158884 143.1 -120.59926360960746 36.91119725124158 22.266724 60.57002 141.59487257650224 -0.5763777669108247 -4.7845526 -2.562747 1.1497198 141.59511822711846 -0.5763677901468026 141.59869318314475 -0.6843534992985081 56.381848578921 173.5830984924217 16000.0 16600.0 2016.0 2 255 {-999.0 10.56007 9.442555 9.021329 -999.0} sdss_psfmag_from_g3xp 10.161378 9.459889 8.654207 6.954 63050395170986408 1151939709 bright_1x1 mwm_galactic_core_dist_apogee_sparse mwm_galactic science 0 0 0.893352746963501 0.0 -999 ""
FIBERMAP 1054 R-2C7 BOSS 0 0 0 1 0 0 -117.05466760055795 -48.02087471689568 143.1 -121.14525561890274 36.407013732363424 22.266724 60.57002 -999.0 -999.0 -999.0 -999.0 -999.0 141.59260272143817 -0.5787862882306181 141.5961614076653 -0.686632117822338 56.37981788050659 173.58803730262633 -999.0 5400.0 -999.0 1 471 {-999.0 -999.0 -999.0 -999.0 -999.0} "" -999.0 -999.0 -999.0 -999.0 -999 -999 "" "" "" "" 0 0 0.0 0.0 -999 ""
FIBERMAP 1054 R-2C7 METROLOGY 0 0 0 1 0 0 -117.64002823172576 -47.5594812177559 143.1 -121.3093602773204 37.133916101299185 22.266724 60.57002 -999.0 -999.0 -999.0 -999.0 -999.0 141.59186231209614 -0.5754460610531359 141.59543015120647 -0.6833299232665956 56.38317414812904 173.5887920447807 -999.0 6231.0 -999.0 -1 -999 {-999.0 -999.0 -999.0 -999.0 -999.0} "" -999.0 -999.0 -999.0 -999.0 -999 -999 "" "" "" "" 0 0 0.0 0.0 -999 ""
FIBERMAP 1056 R-6C9 APOGEE 0 0 0 1 0 0 -63.92698964909954 -113.3625134938933 143.1 -121.02564844491651 -47.79119447317564 212.6556 67.49662 -999.0 -999.0 -999.0 -999.0 -999.0 141.59380069267925 -0.9617278551671179 141.59675095637687 -1.0696075295521752 55.9984634788591 173.65130350423766 -999.0 16600.0 -999.0 2 -999 {-999.0 -999.0 -999.0 -999.0 -999.0} "" -999.0 -999.0 -999.0 -999.0 -999 -999 "" "" "" "" 0 0 0.0 0.0 -999 ""
FIBERMAP 1056 R-6C9 BOSS 1 1 0 1 0 0 -64.06587584199472 -112.632673872089 143.1 -120.67397877640406 -47.13692279351711 212.6556 67.49662 141.59535550768035 -0.9589042562555656 -2.0770476 -4.459445 2.9863174 141.59534996449196 -0.958909490308698 141.59829174834516 -1.066655265548564 56.001259636375416 173.64806943558403 5400.0 5400.0 2016.0 1 399 {-999.0 19.82012 18.36288 17.068102 -999.0} sdss_psfmag 19.191257 17.874607 16.54443 14.351 63050395170939195 1096101968 bright_1x1 mwm_bin_vis_boss mwm_filler science 0 0 0.0 0.0 -999 ""
FIBERMAP 1056 R-6C9 METROLOGY 0 0 0 1 0 0 -63.35921559506235 -112.87847361529447 143.1 -120.27992187805374 -47.772760906670015 212.6556 67.49662 -999.0 -999.0 -999.0 -999.0 -999.0 141.59715139638988 -0.9617578490259078 141.60009192087148 -1.0695445976799163 55.99821533668312 173.64534562428847 -999.0 6231.0 -999.0 -1 -999 {-999.0 -999.0 -999.0 -999.0 -999.0} "" -999.0 -999.0 -999.0 -999.0 -999 -999 "" "" "" "" 0 0 0.0 0.0 -999 ""
FIBERMAP 1058 R-4C23 APOGEE 0 0 0 1 0 0 238.79085814165808 -57.29074348573171 143.1 149.38247800900842 -194.84606248169337 180.81604 27.126398 -999.0 -999.0 -999.0 -999.0 -999.0 142.822268271414 -1.6248334734937395 142.8239853272616 -1.7344730612446295 55.205105349443194 171.61911023026832 -999.0 16600.0 -999.0 2 221 {-999.0 -999.0 -999.0 -999.0 -999.0} "" -999.0 -999.0 -999.0 -999.0 -999 -999 "" ops_sky_apogee_best_unassigned ops_sky sky_apogee 0 0 0.0 0.0 -999 ""
FIBERMAP 1058 R-4C23 BOSS 1 1 0 1 0 0 239.43338078794227 -56.93438144970058 143.1 150.10586666584015 -194.97385334408895 180.81604 27.126398 142.8259023872294 -1.6253403898103316 -87.6894 -74.01841 3.4855013 142.82555959081145 -1.6255411261734816 142.82725768096566 -1.735044800494843 55.20413673198324 171.6135445728306 5400.0 5400.0 2016.0 1 252 {-999.0 17.12665 15.7730055 14.990646 -999.0} sdss_psfmag 16.576256 15.842787 14.619627 12.575 63050395170958711 1072645781 bright_1x1 mwm_halo_local_high_boss_single mwm_halo science 0 0 0.0 0.0 -999 ""
FIBERMAP 1058 R-4C23 METROLOGY 0 0 0 1 0 0 239.43182943299468 -57.68204800055108 143.1 149.63390286983403 -195.55354539987468 180.81604 27.126398 -999.0 -999.0 -999.0 -999.0 -999.0 142.82341124002744 -1.6281174535950007 142.8251104739026 -1.7376569692566939 55.20180756120201 171.61783853510352 -999.0 6231.0 -999.0 -1 -999 {-999.0 -999.0 -999.0 -999.0 -999.0} "" -999.0 -999.0 -999.0 -999.0 -999 -999 "" "" "" "" 0 0 0.0 0.0 -999 ""
FIBERMAP 1063 R0C13 APOGEE 0 0 0 1 0 0 -40.2220000404203 -10.07000051625219 143.1 -37.57852377511979 17.504502344441295 262.82077 51.74435 -999.0 -999.0 -999.0 -999.0 -999.0 141.97275233100345 -0.6639911529216781 141.97612519188795 -0.7725566867662443 56.256785041587534 172.92160416703055 -999.0 16600.0 -999.0 2 292 {-999.0 -999.0 -999.0 -999.0 -999.0} "" -999.0 -999.0 -999.0 -999.0 -999 -999 "" ops_sky_apogee_best_unassigned ops_sky sky_apogee 0 0 0.0 0.0 -999 ""
FIBERMAP 1063 R0C13 BOSS 1 1 0 1 0 0 -40.75800770334284 -9.559195120427384 143.1 -37.673187285357855 18.238705558379415 262.82077 51.74435 141.97205822388432 -0.6607519506899759 -3.3914676 -0.39554626 0.7724632 141.97230945446654 -0.6607726364457964 141.97567342896275 -0.7692026588036691 56.26016782289696 172.9217872989751 5400.0 5400.0 2016.0 1 430 {-999.0 13.471186 13.299021 13.284853 -999.0} sdss_psfmag_from_g3xp 13.479378 13.285988 12.960999 12.468 63050395170984663 946401553 bright_1x1 openfibertargets_nov2020_9 open_fiber science 0 0 0.8898800611495972 0.0 -999 ""
FIBERMAP 1063 R0C13 METROLOGY 0 0 0 1 0 0 -40.04897561764269 -9.3380025407402 143.1 -36.98325240778684 17.964059649324994 262.82077 51.74435 -999.0 -999.0 -999.0 -999.0 -999.0 141.97545383490683 -0.6619821332379885 141.97881935994286 -0.7704552753881204 56.25859585984203 172.91638819610827 -999.0 6231.0 -999.0 -1 -999 {-999.0 -999.0 -999.0 -999.0 -999.0} "" -999.0 -999.0 -999.0 -999.0 -999 -999 "" "" "" "" 0 0 0.0 0.0 -999 ""
FIBERMAP 1068 R-2C8 APOGEE 0 0 0 1 0 0 -118.47890394945064 -26.704993558481114 143.1 -108.8300970352799 53.85856366541335 122.11175 112.194 -999.0 -999.0 -999.0 -999.0 -999.0 141.64849328045815 -0.4991547259124592 141.65218469654025 -0.6072467420434617 56.453538459094084 173.4736210602 -999.0 16600.0 -999.0 2 -999 {-999.0 -999.0 -999.0 -999.0 -999.0} "" -999.0 -999.0 -999.0 -999.0 -999 -999 "" "" "" "" 0 0 0.0 0.0 -999 ""
FIBERMAP 1068 R-2C8 BOSS 1 1 0 1 0 0 -118.04397929207457 -26.093215626159335 143.1 -108.10711814117525 54.05985087254238 122.11175 112.194 141.6518704370432 -0.4983731570960495 -35.52706 5.3835998 7.852383 141.65174006113904 -0.49834149477764955 141.65541930674073 -0.6063041419727198 56.454167450134996 173.46763175161914 5400.0 5400.0 2016.0 1 450 {-999.0 19.029007 17.567804 15.882834 -999.0} sdss_psfmag 18.439274 16.586195 15.294557 12.845 63050395170986630 938614833 bright_1x1 openfibertargets_nov2020_34a open_fiber science 0 0 0.0 0.0 -999 ""
FIBERMAP 1068 R-2C8 METROLOGY 0 0 0 1 0 0 -117.73545584928915 -26.767817939720203 143.1 -108.29226100254036 53.34166879139538 122.11175 112.194 -999.0 -999.0 -999.0 -999.0 -999.0 141.65090613783556 -0.5015764805853526 141.6545839532891 -0.609575111402165 56.450991378243614 173.46970250403538 -999.0 6231.0 -999.0 -1 -999 {-999.0 -999.0 -999.0 -999.0 -999.0} "" -999.0 -999.0 -999.0 -999.0 -999 -999 "" "" "" "" 0 0 0.0 0.0 -999 ""
FIBERMAP 1069 R+11C10 APOGEE 0 0 0 1 0 0 19.10631603558008 229.45425326494828 143.1 159.31177552043982 166.17363356690618 197.95082 31.691614 -999.0 -999.0 -999.0 -999.0 -999.0 142.86491478828685 0.010944404286377989 142.86921160887294 -0.09920694103944395 56.821691485659244 171.17073453121085 -999.0 16600.0 -999.0 2 18 {-999.0 -999.0 -999.0 -999.0 -999.0} "" -999.0 -999.0 -999.0 -999.0 -999 -999 "" ops_sky_apogee_best_unassigned ops_sky sky_apogee 0 0 0.0 0.0 -999 ""
FIBERMAP 1069 R+11C10 BOSS 1 1 0 1 0 0 19.573245462411386 230.02882012627188 143.1 160.03618115737714 166.32586970802043 197.95082 31.691614 142.86824687041545 0.011508389559576095 -0.11645857 0.18078116 0.6291218 142.8682167820529 0.011510139657016949 142.8724966458359 -0.09851408657386597 56.821954404055894 171.16461844895264 5400.0 5400.0 2016.0 1 109 {-999.0 20.186253 20.033493 19.83299 -999.0} sdss_psfmag 20.037846 19.874313 19.32785 -999.0 63050395170989715 1117136896 bright_1x1 openfibertargets_bhm_quaia_boss open_fiber science 0 0 0.0 0.0 -999 ""
FIBERMAP 1069 R+11C10 METROLOGY 0 0 0 1 0 0 19.852186884479757 229.33960159756572 143.1 159.8188607538645 165.61496201970323 197.95082 31.691614 -999.0 -999.0 -999.0 -999.0 -999.0 142.867250934498 0.008343136374951387 142.8715308591518 -0.10171625500303932 56.818903768317085 171.16712403725742 -999.0 6231.0 -999.0 -1 -999 {-999.0 -999.0 -999.0 -999.0 -999.0} "" -999.0 -999.0 -999.0 -999.0 -999 -999 "" "" "" "" 0 0 0.0 0.0 -999 ""
FIBERMAP 1070 R+9C13 APOGEE 0 0 0 1 0 0 90.5446891013403 157.017354377639 143.1 169.1847854897055 64.93585058145594 10.676611 33.546135 -999.0 -999.0 -999.0 -999.0 -999.0 142.91205131327195 -0.44723495615554065 142.9156160823353 -0.5573369064484684 56.361401971801904 171.19440976498203 -999.0 16600.0 -999.0 2 55 {-999.0 -999.0 -999.0 -999.0 -999.0} "" -999.0 -999.0 -999.0 -999.0 -999 -999 "" ops_sky_apogee_best_unassigned ops_sky sky_apogee 0 0 0.0 0.0 -999 ""
FIBERMAP 1070 R+9C13 BOSS 1 1 0 1 0 0 90.00759778239788 156.51367990015655 143.1 168.4505257261418 64.88284896853025 10.676611 33.546135 142.90878295898438 -0.44762783103047354 -999.0 -999.0 -999.0 142.90880527282076 -0.4475887950985957 142.91235254640236 -0.5575508403300409 56.3616097728762 171.20030158140935 5400.0 5400.0 2015.5 1 152 {-999.0 -999.0 -999.0 -999.0 -999.0} "" -999.0 -999.0 -999.0 -999.0 27021603143415378 812263265 "" ops_sky_boss_good ops_sky sky_boss 0 0 0.0 0.0 -999 ""
FIBERMAP 1070 R+9C13 METROLOGY 0 0 0 1 0 0 89.83308520975771 157.24015884180278 143.1 168.77241046032808 65.55694231175075 10.676611 33.546135 -999.0 -999.0 -999.0 -999.0 -999.0 142.91023181185878 -0.4444957904943158 142.91378868033047 -0.5544990901555948 56.36445137947131 171.19702175017804 -999.0 6231.0 -999.0 -1 -999 {-999.0 -999.0 -999.0 -999.0 -999.0} "" -999.0 -999.0 -999.0 -999.0 -999 -999 "" "" "" "" 0 0 0.0 0.0 -999 ""
FIBERMAP 1078 R-3C9 APOGEE 0 0 0 1 0 0 -96.84866485423126 -57.58059186597539 143.1 -111.47159306174308 16.2600825318941 214.50644 74.16333 -999.0 -999.0 -999.0 -999.0 -999.0 141.63663387676948 -0.6702427571480375 141.64005002874518 -0.7782698384129267 56.284447495279274 173.5248298107127 -999.0 16600.0 -999.0 2 245 {-999.0 -999.0 -999.0 -999.0 -999.0} "" -999.0 -999.0 -999.0 -999.0 -999 -999 "" ops_sky_apogee_best_unassigned ops_sky sky_apogee 0 0 0.0 0.0 -999 ""
FIBERMAP 1078 R-3C9 BOSS 1 1 0 1 0 0 -97.098534030365 -56.885914416312495 143.1 -111.2282568047685 16.956924866340664 214.50644 74.16333 141.63773095113646 -0.6672223476966653 -5.716448 5.197354 0.7475606 141.63769666565622 -0.6671973267378313 141.64110465416672 -0.7750912775224061 56.2875116971954 173.5223952900049 5400.0 5400.0 2016.0 1 470 {-999.0 15.645969 15.269142 15.145399 -999.0} sdss_psfmag 15.562847 15.268067 14.808852 14.033 63050395170985991 978211729 "" ops_std_boss ops_std standard_boss 0 0 0.0 0.0 -999 ""
FIBERMAP 1078 R-3C9 METROLOGY 0 0 0 1 0 0 -96.3670644522641 -57.036257311607095 143.1 -110.75482873340222 16.379601612655268 214.50644 74.16333 -999.0 -999.0 -999.0 -999.0 -999.0 141.63985545338335 -0.6697840271437197 141.64326256696108 -0.7777191759137085 56.28469089649361 173.5189746815852 -999.0 6231.0 -999.0 -1 -999 {-999.0 -999.0 -999.0 -999.0 -999.0} "" -999.0 -999.0 -999.0 -999.0 -999 -999 "" "" "" "" 0 0 0.0 0.0 -999 ""
FIBERMAP 1081 R-1C22 APOGEE 0 0 0 1 0 0 182.85463195670116 -8.105142151433073 143.1 136.9091876753933 -121.42693542039541 128.43877 112.73792 -999.0 -999.0 -999.0 -999.0 -999.0 142.76690385060894 -1.2939579879304013 142.76915211388433 -1.4036029197386732 55.540197109308764 171.64355766953062 -999.0 16600.0 -999.0 2 196 {-999.0 -999.0 -999.0 -999.0 -999.0} "" -999.0 -999.0 -999.0 -999.0 -999 -999 "" ops_sky_apogee_best_unassigned ops_sky sky_apogee 0 0 0.0 0.0 -999 ""
FIBERMAP 1081 R-1C22 BOSS 1 1 0 1 0 0 183.2120687103839 -7.4524832299967105 143.1 137.5977264568717 -121.1451090465932 128.43877 112.73792 142.77008056640625 -1.2928550596706287 -999.0 -999.0 -999.0 142.77008001305305 -1.2928407249577023 142.77231245254808 -1.4023518290760595 55.54105246456921 171.63774546871693 5400.0 5400.0 2015.5 1 313 {-999.0 -999.0 -999.0 -999.0 -999.0} "" -999.0 -999.0 -999.0 -999.0 27021603143398105 812260767 "" ops_sky_boss_good ops_sky sky_boss 0 0 0.0 0.0 -999 ""
FIBERMAP 1081 R-1C22 METROLOGY 0 0 0 1 0 0 183.60642265252275 -8.090274594152431 143.1 137.50242067716033 -121.88874432492963 128.43877 112.73792 -999.0 -999.0 -999.0 -999.0 -999.0 142.76963042336303 -1.2961640817888835 142.77186252322934 -1.4057129729340347 55.5377715760584 171.6392609861578 -999.0 6231.0 -999.0 -1 -999 {-999.0 -999.0 -999.0 -999.0 -999.0} "" -999.0 -999.0 -999.0 -999.0 -999 -999 "" "" "" "" 0 0 0.0 0.0 -999 ""
FIBERMAP 1083 R-3C10 APOGEE 0 0 0 1 0 0 -52.83013024141194 -72.07359956441691 143.1 -86.41031588255844 -22.71151135341568 293.22256 109.34742 -999.0 -999.0 -999.0 -999.0 -999.0 141.75078882865608 -0.8474860423352912 141.75390035816855 -0.9556480595395154 56.09695025265874 173.35182662875874 -999.0 16600.0 -999.0 2 -999 {-999.0 -999.0 -999.0 -999.0 -999.0} "" -999.0 -999.0 -999.0 -999.0 -999 -999 "" "" "" "" 0 0 0.0 0.0 -999 ""
FIBERMAP 1083 R-3C10 BOSS 1 1 0 1 0 0 -53.37675325024624 -72.58309582126668 143.1 -87.15564396275363 -22.763032891560798 293.22256 109.34742 141.7473540465542 -0.847875733197084 -2.2957337 1.7989105 0.49438733 141.74736992167007 -0.8478725880327226 141.75046799628217 -0.9558924352962075 56.097041025876706 173.35799272141227 5400.0 5400.0 2016.0 1 447 {-999.0 15.745137 15.37286 15.249037 -999.0} sdss_psfmag 15.688353 15.391243 14.926312 14.069 63050395170984327 978211718 "" ops_std_boss ops_std standard_boss 0 0 0.0 0.0 -999 ""
FIBERMAP 1083 R-3C10 METROLOGY 0 0 0 1 0 0 -53.541560456548225 -71.8488129333577 143.1 -86.82130798086061 -22.088989543330094 293.22256 109.34742 -999.0 -999.0 -999.0 -999.0 -999.0 141.74888888795937 -0.8447609740360834 141.75199554102676 -0.9528228137088295 56.09994747622484 173.354731942336 -999.0 6231.0 -999.0 -1 -999 {-999.0 -999.0 -999.0 -999.0 -999.0} "" -999.0 -999.0 -999.0 -999.0 -999 -999 "" "" "" "" 0 0 0.0 0.0 -999 ""
FIBERMAP 1085 R-2C13 APOGEE 0 0 0 1 0 0 1.2156294975124535 -21.363841683307605 143.1 -12.507369063075394 -17.357451354719544 118.087036 80.2899 -999.0 -999.0 -999.0 -999.0 -999.0 142.0872155241981 -0.8226458669603767 142.0903154009145 -0.9313503478143671 56.086890266905904 172.74756110554875 -999.0 16600.0 -999.0 2 -999 {-999.0 -999.0 -999.0 -999.0 -999.0} "" -999.0 -999.0 -999.0 -999.0 -999 -999 "" "" "" "" 0 0 0.0 0.0 -999 ""
FIBERMAP 1085 R-2C13 BOSS 1 1 0 1 0 0 1.9091423628592221 -21.106289657898575 143.1 -11.806593782561059 -17.594087526321914 118.087036 80.2899 142.09044082285362 -0.8238433352265476 -10.046056 -4.071897 0.4946231 142.0904182236546 -0.8238657927459991 142.0935010567958 -0.9324384900377275 56.08546998262698 172.74209166329453 5400.0 5400.0 2016.0 1 355 {-999.0 16.356321 15.949796 15.810089 -999.0} sdss_psfmag 16.270275 15.962128 15.495909 14.683 63050395170984430 979529588 "" ops_std_boss ops_std standard_boss 0 0 0.0 0.0 -999 ""
FIBERMAP 1085 R-2C13 METROLOGY 0 0 0 1 0 0 1.782224343149106 -21.849261358856282 143.1 -12.372966475172676 -18.091197804976115 118.087036 80.2899 -999.0 -999.0 -999.0 -999.0 -999.0 142.08783817224736 -0.8260942543973122 142.090921966478 -0.9347009397308254 56.08349422173174 172.74711784616952 -999.0 6231.0 -999.0 -1 -999 {-999.0 -999.0 -999.0 -999.0 -999.0} "" -999.0 -999.0 -999.0 -999.0 -999 -999 "" "" "" "" 0 0 0.0 0.0 -999 ""
FIBERMAP 1086 R-3C15 APOGEE 0 0 0 1 0 0 71.03427828381153 -59.7608068454945 143.1 17.540516981188006 -91.13857100568038 10.259931 100.12259 -999.0 -999.0 -999.0 -999.0 -999.0 142.22461262937972 -1.1582936996047748 142.22715383989856 -1.267124337765696 55.738357205461455 172.56925178714653 -999.0 16600.0 -999.0 2 -999 {-999.0 -999.0 -999.0 -999.0 -999.0} "" -999.0 -999.0 -999.0 -999.0 -999 -999 "" "" "" "" 0 0 0.0 0.0 -999 ""
FIBERMAP 1086 R-3C15 BOSS 1 1 0 1 0 0 71.30541174824518 -60.46027362007355 143.1 17.31067991338404 -91.85252172324695 10.259931 100.12259 142.2235740237175 -1.16177597677113 -3.307326 0.49972188 0.26802307 142.22359453280217 -1.1617253458258392 142.22611526177133 -1.2704151321413544 55.73519885727674 172.57172083772514 5400.0 5400.0 2016.0 1 274 {-999.0 16.690702 16.340996 16.221117 -999.0} sdss_psfmag 16.626848 16.326887 15.877637 15.038 63050395170961678 980404489 "" ops_std_boss_tic ops_std standard_boss 0 0 0.0 0.0 -999 ""
FIBERMAP 1086 R-3C15 METROLOGY 0 0 0 1 0 0 70.57325302754558 -60.34742230181724 143.1 16.813110519878176 -91.30388207289548 10.259931 100.12259 -999.0 -999.0 -999.0 -999.0 -999.0 142.22131948417604 -1.1591876177472784 142.22384889818028 -1.2679137062166774 55.73793178339158 172.57523849568145 -999.0 6231.0 -999.0 -1 -999 {-999.0 -999.0 -999.0 -999.0 -999.0} "" -999.0 -999.0 -999.0 -999.0 -999 -999 "" "" "" "" 0 0 0.0 0.0 -999 ""
FIBERMAP 1091 R+10C17 APOGEE 0 0 0 1 0 0 188.00875546517676 213.10422035914348 143.1 280.1938189483827 47.128198676419395 127.48171 36.381527 -999.0 -999.0 -999.0 -999.0 -999.0 143.40984739036935 -0.5283344935480422 143.41320159640702 -0.6391844593220162 56.21311859382677 170.32607056568796 -999.0 16600.0 -999.0 2 49 {-999.0 -999.0 -999.0 -999.0 -999.0} "" -999.0 -999.0 -999.0 -999.0 -999 -999 "" ops_sky_apogee_best_unassigned ops_sky sky_apogee 0 0 0.0 0.0 -999 ""
FIBERMAP 1091 R+10C17 BOSS 1 1 0 1 0 0 188.7278199094967 212.92262838900348 143.1 280.6379370869307 46.53441683366832 127.48171 36.381527 143.4118279946078 -0.5311321091221598 0.75648445 -1.2020622 0.5851891 143.41183932498993 -0.5311557328510916 143.41516947278478 -0.6418727012409362 56.21017922976238 170.32325094195056 5400.0 5400.0 2016.0 1 170 {-999.0 20.990694 20.711016 20.188992 -999.0} sdss_psfmag 20.567997 20.475847 19.52803 -999.0 63050395170966270 1117136805 bright_1x1 openfibertargets_bhm_quaia_boss open_fiber science 0 0 0.0 0.0 -999 ""
FIBERMAP 1091 R+10C17 METROLOGY 0 0 0 1 0 0 188.2057321789191 212.37953648819365 143.1 279.8905110416542 46.441355192347615 127.48171 36.381527 -999.0 -999.0 -999.0 -999.0 -999.0 143.40851878205248 -0.5315337683602346 143.41185437438065 -0.6422838699152906 56.21024060971638 170.3292560553296 -999.0 6231.0 -999.0 -1 -999 {-999.0 -999.0 -999.0 -999.0 -999.0} "" -999.0 -999.0 -999.0 -999.0 -999 -999 "" "" "" "" 0 0 0.0 0.0 -999 ""
FIBERMAP 1092 R-7C20 APOGEE 0 0 0 1 0 0 223.80907771796916 -119.13024907100608 143.1 98.81053011867702 -233.44009503611684 107.50828 54.4885 -999.0 -999.0 -999.0 -999.0 -999.0 142.59327003657523 -1.7995762241062332 142.59473887597727 -1.9088095290801252 55.05939029412187 172.0534714649886 -999.0 16600.0 -999.0 2 200 {-999.0 -999.0 -999.0 -999.0 -999.0} "" -999.0 -999.0 -999.0 -999.0 -999 -999 "" ops_sky_apogee_best_unassigned ops_sky sky_apogee 0 0 0.0 0.0 -999 ""
FIBERMAP 1092 R-7C20 BOSS 1 1 0 1 0 0 224.48278595833642 -119.43581297677817 143.1 99.14136536027078 -234.10160065487668 107.50828 54.4885 142.59484473886087 -1.8027006067436482 -17.715303 0.2791597 1.9293609 142.59477906578329 -1.802683136452255 142.59622616877346 -1.9117762091789217 55.056270835402486 172.0514963246575 5400.0 5400.0 2016.0 1 332 {-999.0 17.071995 15.79462 15.307006 -999.0} sdss_psfmag 16.576895 15.804072 14.947203 13.244 63050395170906318 1094240389 bright_1x1 mwm_bin_vis_boss mwm_filler science 0 0 0.0 0.0 -999 ""
FIBERMAP 1092 R-7C20 METROLOGY 0 0 0 1 0 0 223.87880448192317 -119.8734276097293 143.1 98.39674968656983 -234.06118089707934 107.50828 54.4885 -999.0 -999.0 -999.0 -999.0 -999.0 142.59140811336883 -1.8024807847359463 142.59286066971595 -1.9116088017168682 55.05682830400901 172.05729506332383 -999.0 6231.0 -999.0 -1 -999 {-999.0 -999.0 -999.0 -999.0 -999.0} "" -999.0 -999.0 -999.0 -999.0 -999 -999 "" "" "" "" 0 0 0.0 0.0 -999 ""
FIBERMAP 1094 R+1C19 APOGEE 0 0 0 1 0 0 128.1071700085517 11.695530937444788 143.1 106.85728616032556 -71.57785277374579 262.0723 151.0477 -999.0 -999.0 -999.0 -999.0 -999.0 142.63079643902827 -1.0683200845887997 142.6334220799423 -1.1778142900164914 55.780730373770666 171.83397472522455 -999.0 16600.0 -999.0 2 -999 {-999.0 -999.0 -999.0 -999.0 -999.0} "" -999.0 -999.0 -999.0 -999.0 -999 -999 "" "" "" "" 0 0 0.0 0.0 -999 ""
FIBERMAP 1094 R+1C19 BOSS 1 1 0 1 0 0 127.6632692682142 11.102946651299428 143.1 106.13942110869543 -71.75858172029044 262.0723 151.0477 142.6276652530509 -1.0693355256759614 -21.82502 4.932524 2.4843328 142.62760016395123 -1.0693206622924807 142.6302081013705 -1.1786716892519664 55.78026285310445 171.8398298138638 5400.0 5400.0 2016.0 1 232 {-999.0 17.62912 16.276423 15.670482 -999.0} sdss_psfmag 17.08398 16.20141 15.262608 13.383 63050395170962139 1095383819 bright_1x1 mwm_bin_vis_boss mwm_filler science 0 0 0.0 0.0 -999 ""
FIBERMAP 1094 R+1C19 METROLOGY 0 0 0 1 0 0 127.36526295291782 11.774498660676834 143.1 106.33081142127551 -71.04939061044435 262.0723 151.0477 -999.0 -999.0 -999.0 -999.0 -999.0 142.62845484207546 -1.0660493450652768 142.63107254722536 -1.1754416972148571 55.7833665495983 171.83761812965065 -999.0 6231.0 -999.0 -1 -999 {-999.0 -999.0 -999.0 -999.0 -999.0} "" -999.0 -999.0 -999.0 -999.0 -999 -999 "" "" "" "" 0 0 0.0 0.0 -999 ""
FIBERMAP 1095 R+5C8 APOGEE 0 0 0 1 0 0 -66.01370359855643 105.34766751560038 143.1 15.061869635303442 123.38207492924813 48.782578 101.74969 -999.0 -999.0 -999.0 -999.0 -999.0 142.21170214623018 -0.1819658208417314 142.21580898674438 -0.2910397191988182 56.70976531468419 172.3963686879398 -999.0 16600.0 -999.0 2 -999 {-999.0 -999.0 -999.0 -999.0 -999.0} "" -999.0 -999.0 -999.0 -999.0 -999 -999 "" "" "" "" 0 0 0.0 0.0 -999 ""
FIBERMAP 1095 R+5C8 BOSS 1 1 0 1 0 0 -65.36032690032832 104.99029917897771 143.1 15.344296542277817 122.69313734406153 48.782578 101.74969 142.21283568785893 -0.18512975771365064 -56.080177 -20.460703 6.7384105 142.21301501148275 -0.185169095925657 142.21710156405686 -0.2941109292177128 56.706569344735776 172.3946511328337 5400.0 5400.0 2016.0 1 65 {-999.0 14.359234 13.130146 12.558036 -999.0} sdss_psfmag_from_g3xp 13.881616 13.112468 12.130208 10.302 63050395170987411 1075907474 bright_1x1 mwm_erosita_stars_boss mwm_erosita science 0 0 1.1830649375915527 0.0 -999 ""
FIBERMAP 1095 R+5C8 METROLOGY 0 0 0 1 0 0 -65.99656079443781 104.60176664767037 143.1 14.605536238726959 122.7919836311696 48.782578 101.74969 -999.0 -999.0 -999.0 -999.0 -999.0 142.20964732115695 -0.18469720510577678 142.2137394584629 -0.29367160888982574 56.70737995939076 172.40064893277847 -999.0 6231.0 -999.0 -1 -999 {-999.0 -999.0 -999.0 -999.0 -999.0} "" -999.0 -999.0 -999.0 -999.0 -999 -999 "" "" "" "" 0 0 0.0 0.0 -999 ""
FIBERMAP 1096 R+1C25 APOGEE 0 0 0 1 0 0 263.6172441528504 35.449063426683026 143.1 227.0561454341422 -138.45210809176953 98.97854 82.478424 -999.0 -999.0 -999.0 -999.0 -999.0 143.1724704809316 -1.3680523234534716 143.17454547563716 -1.4783063641018195 55.41452083317932 170.95105460733845 -999.0 16600.0 -999.0 2 -999 {-999.0 -999.0 -999.0 -999.0 -999.0} "" -999.0 -999.0 -999.0 -999.0 -999 -999 "" "" "" "" 0 0 0.0 0.0 -999 ""
FIBERMAP 1096 R+1C25 BOSS 1 1 0 1 0 0 264.3584241655731 35.48589344957575 143.1 227.65496613287266 -138.89017915007338 98.97854 82.478424 143.17515151016013 -1.3700957992341254 6.0638127 -18.587112 0.531879 143.17516335320997 -1.3701446053664614 143.17721604543374 -1.4802626462966464 55.4122284838719 170.94684897434888 5400.0 5400.0 2016.0 1 184 {-999.0 16.577158 16.122509 15.947686 -999.0} sdss_psfmag 16.487679 16.148195 15.640618 14.791 63050395170959826 1072645785 bright_1x1 mwm_halo_local_high_boss_single mwm_halo science 0 0 0.0 0.0 -999 ""
FIBERMAP 1096 R+1C25 METROLOGY 0 0 0 1 0 0 264.0248939281705 34.82417652396123 143.1 226.97929088354763 -139.19409278632324 98.97854 82.478424 -999.0 -999.0 -999.0 -999.0 -999.0 143.17212652116237 -1.3714996311999657 143.17418279620284 -1.4816521569780914 55.411252406070275 170.95246738315228 -999.0 6231.0 -999.0 -1 -999 {-999.0 -999.0 -999.0 -999.0 -999.0} "" -999.0 -999.0 -999.0 -999.0 -999 -999 "" "" "" "" 0 0 0.0 0.0 -999 ""
FIBERMAP 1098 R+5C1 APOGEE 0 0 0 1 0 0 -229.5056854388726 88.09298614389405 143.1 -122.77697867262361 212.9220678501269 280.5879 138.08298 -999.0 -999.0 -999.0 -999.0 -999.0 141.58652331565 0.22002404269458878 141.59139150203794 0.11184074091109451 57.17514341793208 173.4584677930476 -999.0 16600.0 -999.0 2 122 {-999.0 -999.0 -999.0 -999.0 -999.0} "" -999.0 -999.0 -999.0 -999.0 -999 -999 "" ops_sky_apogee_best_unassigned ops_sky sky_apogee 0 0 0.0 0.0 -999 ""
FIBERMAP 1098 R+5C1 BOSS 1 1 0 1 0 0 -229.88101251762416 87.45207809906779 143.1 -123.47201302903366 212.66063211516092 280.5879 138.08298 141.58336965956488 0.21872846106142788 1.5710504 -0.7705951 1.0245675 141.58338165490207 0.21871922375731226 141.58823570209483 0.11067245860143353 57.17428267890713 173.46446905639652 5400.0 5400.0 2016.0 1 1 {-999.0 20.498472 20.26333 20.25448 -999.0} sdss_psfmag 20.416718 20.320408 20.043247 -999.0 63050395170995818 1117136961 bright_1x1 openfibertargets_bhm_quaia_boss open_fiber science 0 0 0.0 0.0 -999 ""
FIBERMAP 1098 R+5C1 METROLOGY 0 0 0 1 0 0 -230.26015587742214 88.10283487435892 143.1 -123.35673057038672 213.40475971533976 280.5879 138.08298 -999.0 -999.0 -999.0 -999.0 -999.0 141.58391567985663 0.2220913640733371 141.58877867106781 0.11400567756332775 57.17754861954689 173.46288338466007 -999.0 6231.0 -999.0 -1 -999 {-999.0 -999.0 -999.0 -999.0 -999.0} "" -999.0 -999.0 -999.0 -999.0 -999 -999 "" "" "" "" 0 0 0.0 0.0 -999 ""
FIBERMAP 1100 R-9C17 APOGEE 0 0 0 1 0 0 156.6663578753601 -178.81312020669372 143.1 9.08613177135015 -237.5167087599485 191.91588 126.10579 -999.0 -999.0 -999.0 -999.0 -999.0 142.1869884114698 -1.819620191322849 142.18847511730388 -1.9282087536832215 55.08524714599456 172.76202685103195 -999.0 16600.0 -999.0 2 -999 {-999.0 -999.0 -999.0 -999.0 -999.0} "" -999.0 -999.0 -999.0 -999.0 -999 -999 "" "" "" "" 0 0 0.0 0.0 -999 ""
FIBERMAP 1100 R-9C17 BOSS 1 1 0 1 0 0 156.09873619722373 -178.31155800787846 143.1 8.961095641853543 -236.7697788244166 191.91588 126.10579 142.1864318847656 -1.8164424545998514 -999.0 -999.0 -999.0 142.18643437801686 -1.8164510183115263 142.1879111157731 -1.9248978656452822 55.08859913140282 172.7623929858174 5400.0 5400.0 2015.5 1 269 {-999.0 -999.0 -999.0 -999.0 -999.0} "" -999.0 -999.0 -999.0 -999.0 27021603143370494 812256944 "" ops_sky_boss_good ops_sky sky_boss 0 0 0.0 0.0 -999 ""
FIBERMAP 1100 R-9C17 METROLOGY 0 0 0 1 0 0 156.8180074203098 -178.08259683538495 143.1 9.663874055996738 -237.0448382677259 191.91588 126.10579 -999.0 -999.0 -999.0 -999.0 -999.0 142.18961676142982 -1.8176282886883093 142.1910954982289 -1.9261199962166053 55.08704642098194 172.75708992021418 -999.0 6231.0 -999.0 -1 -999 {-999.0 -999.0 -999.0 -999.0 -999.0} "" -999.0 -999.0 -999.0 -999.0 -999 -999 "" "" "" "" 0 0 0.0 0.0 -999 ""
FIBERMAP 1101 R-12C14 APOGEE 1 1 0 1 0 0 145.44320620494204 -245.20176666203346 143.1 -41.431019166803544 -282.01036662549245 337.4764 89.02316 141.95889516269398 -2.018081829879851 -18.459188 3.5694363 1.3400733 141.95882485640846 -2.0180699804052744 141.96001981871336 -2.1262415475528154 54.91174961783047 173.19346564767935 16000.0 16600.0 2016.0 2 213 {-999.0 12.621655 12.261231 12.168021 -999.0} sdss_psfmag_from_g3xp 12.567495 12.280944 11.839109 11.136 63050395170905667 1164888437 bright_1x1 openfibertargets_mwm_rvscnn24_apogee open_fiber science 0 0 0.0 0.0 -999 ""
FIBERMAP 1101 R-12C14 BOSS 0 0 0 1 0 0 145.18384122931428 -245.89035464766664 143.1 -42.066013627300975 -282.3818466763451 337.4764 89.02316 -999.0 -999.0 -999.0 -999.0 -999.0 141.95597882045953 -2.019844884882447 141.95715694594304 -2.127868677123097 54.91041579534204 173.19869983465824 -999.0 5400.0 -999.0 1 256 {-999.0 -999.0 -999.0 -999.0 -999.0} "" -999.0 -999.0 -999.0 -999.0 -999 -999 "" "" "" "" 0 0 0.0 0.0 -999 ""
FIBERMAP 1101 R-12C14 METROLOGY 0 0 0 1 0 0 144.69944554653753 -245.32200493433788 143.1 -42.084361069368576 -281.63544900092785 337.4764 89.02316 -999.0 -999.0 -999.0 -999.0 -999.0 141.95587764021934 -2.016492908075845 141.95706523128894 -2.1245579456928656 54.91371917981698 173.19828452554378 -999.0 6231.0 -999.0 -1 -999 {-999.0 -999.0 -999.0 -999.0 -999.0} "" -999.0 -999.0 -999.0 -999.0 -999 -999 "" "" "" "" 0 0 0.0 0.0 -999 ""
FIBERMAP 1103 R-2C9 APOGEE 1 1 0 1 0 0 -101.85394766286058 -52.49158311958325 143.1 -112.15467215158019 23.36393185133356 264.61508 75.87964 141.63351124576246 -0.6378158787839214 -9.42814 -20.925531 2.7815897 141.6334973974122 -0.6379207577132379 141.63696641934166 -0.7459515019858356 56.316912581354664 173.5248378728496 16000.0 16600.0 2016.0 2 258 {-999.0 11.69151 11.046457 10.857653 -999.0} sdss_psfmag_from_g3xp 11.529123 11.105719 10.519292 9.489 63050395170985995 1103537707 bright_1x1 mwm_tess_2min_apogee mwm_planet science 0 0 0.0 0.0 -999 ""
FIBERMAP 1103 R-2C9 BOSS 0 0 0 1 0 0 -102.53738284227131 -52.24540728043656 143.1 -112.53045469527702 23.985438681138326 264.61508 75.87964 -999.0 -999.0 -999.0 -999.0 -999.0 141.63174992432425 -0.6352205399178749 141.63521069725596 -0.7431137194275325 56.31990403696961 173.52750403925472 -999.0 5400.0 -999.0 1 449 {-999.0 -999.0 -999.0 -999.0 -999.0} "" -999.0 -999.0 -999.0 -999.0 -999 -999 "" "" "" "" 0 0 0.0 0.0 -999 ""
FIBERMAP 1103 R-2C9 METROLOGY 0 0 0 1 0 0 -101.97638330873443 -51.758429321688965 143.1 -111.78813957631412 24.010419575140144 264.61508 75.87964 -999.0 -999.0 -999.0 -999.0 -999.0 141.63512621829477 -0.6350638016640391 141.63859035432426 -0.7430008330049268 56.31969590880551 173.52141837652113 -999.0 6231.0 -999.0 -1 -999 {-999.0 -999.0 -999.0 -999.0 -999.0} "" -999.0 -999.0 -999.0 -999.0 -999 -999 "" "" "" "" 0 0 0.0 0.0 -999 ""
FIBERMAP 1104 R-13C7 APOGEE 1 1 0 1 0 0 -25.469591228383536 -235.75090977566282 143.1 -168.2183704009378 -167.0573209961865 200.81078 27.054976 141.38298240603123 -1.5015694933805803 -22.418251 0.008224391 3.9297414 141.38288048274015 -1.5015690968927946 141.38498305185936 -1.6089623632136862 55.48025719334131 174.11174789125687 16000.0 16600.0 2016.0 2 299 {-999.0 10.343605 10.034631 9.944996 -999.0} sdss_psfmag_from_g3xp 10.307852 10.044736 9.620307 8.937 63050395170935841 1103675965 bright_1x1 mwm_tess_2min_apogee mwm_planet science 0 0 0.0 0.0 -999 ""
FIBERMAP 1104 R-13C7 BOSS 0 0 0 1 0 0 -24.968362301799885 -235.20126998005003 143.1 -167.48302136723723 -166.9460405016011 200.81078 27.054976 -999.0 -999.0 -999.0 -999.0 -999.0 141.3861793634855 -1.5012458928520274 141.38826988696678 -1.6085046269049632 55.48042954168109 174.1059020179831 -999.0 5400.0 -999.0 1 416 {-999.0 -999.0 -999.0 -999.0 -999.0} "" -999.0 -999.0 -999.0 -999.0 -999 -999 "" "" "" "" 0 0 0.0 0.0 -999 ""
FIBERMAP 1104 R-13C7 METROLOGY 0 0 0 1 0 0 -24.740276008813 -235.9106317740592 143.1 -167.7525209294172 -167.64057198519973 200.81078 27.054976 -999.0 -999.0 -999.0 -999.0 -999.0 141.38499030832156 -1.5043232105111601 141.38707941946944 -1.6116188284652067 55.47742975108534 174.10846860886292 -999.0 6231.0 -999.0 -1 -999 {-999.0 -999.0 -999.0 -999.0 -999.0} "" -999.0 -999.0 -999.0 -999.0 -999 -999 "" "" "" "" 0 0 0.0 0.0 -999 ""
FIBERMAP 1105 R-7C6 APOGEE 0 0 0 1 0 0 -95.30996849171908 -156.13403574688004 143.1 -172.32952847256476 -61.24942977344908 347.81232 40.213253 -999.0 -999.0 -999.0 -999.0 -999.0 141.3617400481926 -1.0228318031054424 141.36462531095862 -1.1303216542686108 55.958862981241246 174.0741839866219 -999.0 16600.0 -999.0 2 -999 {-999.0 -999.0 -999.0 -999.0 -999.0} "" -999.0 -999.0 -999.0 -999.0 -999 -999 "" "" "" "" 0 0 0.0 0.0 -999 ""
FIBERMAP 1105 R-7C6 BOSS 1 1 0 1 0 0 -95.96609277919393 -156.49309306449106 143.1 -173.06517777851064 -61.115168074202366 347.81232 40.213253 141.35833740234375 -1.022360538423996 -999.0 -999.0 -999.0 141.3583774677889 -1.0223755654584186 141.36125199756623 -1.1297226762504289 55.95975240194714 174.08009334253737 5400.0 5400.0 2015.5 1 437 {-999.0 -999.0 -999.0 -999.0 -999.0} "" -999.0 -999.0 -999.0 -999.0 27021603143386744 820299320 "" ops_sky_boss_good ops_sky sky_boss 0 0 0.0 0.0 -999 ""
FIBERMAP 1105 R-7C6 METROLOGY 0 0 0 1 0 0 -95.94680369999315 -155.74531618470917 143.1 -172.5793686630729 -60.54655866996999 347.81232 40.213253 -999.0 -999.0 -999.0 -999.0 -999.0 141.3605681109236 -1.0197540797194244 141.36344997653862 -1.1271443931197958 55.96213026639298 174.07578256037627 -999.0 6231.0 -999.0 -1 -999 {-999.0 -999.0 -999.0 -999.0 -999.0} "" -999.0 -999.0 -999.0 -999.0 -999 -999 "" "" "" "" 0 0 0.0 0.0 -999 ""
FIBERMAP 1106 R-10C9 APOGEE 0 0 0 1 0 0 16.711969224699082 -188.5306804549561 143.1 -105.72679100315112 -156.94322798376373 53.087093 77.291725 -999.0 -999.0 -999.0 -999.0 -999.0 141.66501732914003 -1.4568722815110893 141.66715515392121 -1.5647309132026714 55.49893238674023 173.6088847586193 -999.0 16600.0 -999.0 2 -999 {-999.0 -999.0 -999.0 -999.0 -999.0} "" -999.0 -999.0 -999.0 -999.0 -999 -999 "" "" "" "" 0 0 0.0 0.0 -999 ""
FIBERMAP 1106 R-10C9 BOSS 1 1 0 1 0 0 17.218644688724815 -189.0810681775372 143.1 -105.67983061489511 -157.68970381963132 53.087093 77.291725 141.66517268895853 -1.4604024456230797 18.516235 -20.7401 2.0714598 141.66523042765945 -1.4604289910071426 141.66734931461434 -1.5681472212527083 55.49551291460293 173.6091083524205 5400.0 5400.0 2016.0 1 371 {-999.0 14.649747 14.001275 13.648622 -999.0} sdss_psfmag_from_g3xp 14.132111 14.1724825 13.004073 11.704 63050395170936528 1096067526 bright_1x1 mwm_bin_vis_boss mwm_filler science 0 0 0.0 0.0 -999 ""
FIBERMAP 1106 R-10C9 METROLOGY 0 0 0 1 0 0 16.47899167448366 -189.2394705801747 143.1 -106.35401192091174 -157.34701236833374 53.087093 77.291725 -999.0 -999.0 -999.0 -999.0 -999.0 141.66216972089282 -1.4588264448631696 141.66429534524445 -1.5665798304804743 55.49735916053565 173.61421504104908 -999.0 6231.0 -999.0 -1 -999 {-999.0 -999.0 -999.0 -999.0 -999.0} "" -999.0 -999.0 -999.0 -999.0 -999 -999 "" "" "" "" 0 0 0.0 0.0 -999 ""
FIBERMAP 1107 R-13C5 APOGEE 0 0 0 1 0 0 -46.20643479008659 -265.1735799636457 143.1 -202.84908154059735 -176.85149097764048 329.31998 92.7786 -999.0 -999.0 -999.0 -999.0 -999.0 141.22762043097657 -1.5447229399411957 141.22967290027134 -1.6518537796931152 55.45059943084008 174.3910006327759 -999.0 16600.0 -999.0 2 283 {-999.0 -999.0 -999.0 -999.0 -999.0} "" -999.0 -999.0 -999.0 -999.0 -999 -999 "" ops_sky_apogee_best_unassigned ops_sky sky_apogee 0 0 0.0 0.0 -999 ""
FIBERMAP 1107 R-13C5 BOSS 1 1 0 1 0 0 -46.527758337169075 -265.8417160258087 143.1 -203.5193182975715 -177.16807577233595 329.31998 92.7786 141.22461295687629 -1.5462642708516778 -5.053228 -0.3367121 0.42741916 141.2246384234318 -1.546266910142081 141.22667720196216 -1.6532523565967898 55.44945167300889 174.39646549703644 5400.0 5400.0 2016.0 1 414 {-999.0 16.577793 16.195498 16.045322 15.987493} sdss_psfmag_from_gaia 16.5201 16.2079 15.72 14.847 63050395170935993 970823527 "" ops_std_boss_gdr2 ops_std standard_boss 0 0 0.0 0.0 -999 ""
FIBERMAP 1107 R-13C5 METROLOGY 0 0 0 1 0 0 -46.95003052602372 -265.2368078241336 143.1 -203.46639946043737 -176.43240054456973 329.31998 92.7786 -999.0 -999.0 -999.0 -999.0 -999.0 141.22484316819353 -1.5429231784683266 141.2268906570635 -1.6499496038422008 55.45272573547053 174.3956121193134 -999.0 6231.0 -999.0 -1 -999 {-999.0 -999.0 -999.0 -999.0 -999.0} "" -999.0 -999.0 -999.0 -999.0 -999 -999 "" "" "" "" 0 0 0.0 0.0 -999 ""
FIBERMAP 1108 R-9C7 APOGEE 1 1 0 1 0 0 -48.06230545723536 -175.97987428466806 143.1 -148.13071965411046 -106.411434625396 299.29745 159.05635 141.47196150751753 -1.2277930878845627 -6.0447917 -3.1496923 0.41909832 141.47193433108995 -1.2278106878754034 141.47447021735996 -1.3354222522662018 55.74489187011726 173.9114644994135 16000.0 16600.0 2016.0 2 178 {-999.0 12.552817 11.564587 11.18461 -999.0} sdss_psfmag_from_g3xp 12.227381 11.588544 10.823863 9.198 63050395170937135 1151939695 bright_1x1 mwm_galactic_core_dist_apogee_sparse mwm_galactic science 0 0 0.0 0.0 -999 ""
FIBERMAP 1108 R-9C7 BOSS 0 0 0 1 0 0 -47.93865049982605 -176.71334700791923 143.1 -148.49650606886283 -107.05893776421063 299.29745 159.05635 -999.0 -999.0 -999.0 -999.0 -999.0 141.4702620352547 -1.2309123202901906 141.47278070891855 -1.338381810241124 55.74209474793697 173.91492208775225 -999.0 5400.0 -999.0 1 390 {-999.0 -999.0 -999.0 -999.0 -999.0} "" -999.0 -999.0 -999.0 -999.0 -999 -999 "" "" "" "" 0 0 0.0 0.0 -999 ""
FIBERMAP 1108 R-9C7 METROLOGY 0 0 0 1 0 0 -48.63770641069244 -176.4438807462722 143.1 -148.86975579535684 -106.40950722712182 299.29745 159.05635 -999.0 -999.0 -999.0 -999.0 -999.0 141.468565378061 -1.227920786491076 141.47109267307695 -1.3354276356660224 55.74518759798318 173.91744033305875 -999.0 6231.0 -999.0 -1 -999 {-999.0 -999.0 -999.0 -999.0 -999.0} "" -999.0 -999.0 -999.0 -999.0 -999 -999 "" "" "" "" 0 0 0.0 0.0 -999 ""
FIBERMAP 1109 R+8C19 APOGEE 0 0 0 1 0 0 211.9337207372481 139.20371995916037 143.1 252.24440767153132 -25.33005136221724 347.59695 65.033104 -999.0 -999.0 -999.0 -999.0 -999.0 143.2862636976125 -0.8561835653942276 143.28912485973314 -0.9667540318840049 55.905995856558256 170.62774459287598 -999.0 16600.0 -999.0 2 60 {-999.0 -999.0 -999.0 -999.0 -999.0} "" -999.0 -999.0 -999.0 -999.0 -999 -999 "" ops_sky_apogee_best_unassigned ops_sky sky_apogee 0 0 0.0 0.0 -999 ""
FIBERMAP 1109 R+8C19 BOSS 1 1 0 1 0 0 211.49807035660757 138.59195850392686 143.1 251.52087552523943 -25.530868829924295 347.59695 65.033104 143.28301262085472 -0.8571579904476215 25.151802 -30.943613 0.70802444 143.2830725981731 -0.8572420221132521 143.28591367338328 -0.9676703390614592 55.90552776826999 170.63364221877768 5400.0 5400.0 2016.0 1 168 {-999.0 15.663667 15.377276 15.227123 -999.0} sdss_psfmag 15.626244 15.357078 14.91207 14.115 63050395170963837 1072645753 bright_1x1 mwm_halo_local_high_boss_single mwm_halo science 0 0 0.0 0.0 -999 ""
FIBERMAP 1109 R+8C19 METROLOGY 0 0 0 1 0 0 211.19105211021466 139.27939197166876 143.1 251.71526636126418 -24.803669270563635 347.59695 65.033104 -999.0 -999.0 -999.0 -999.0 -999.0 143.28392809351496 -0.853908124169826 143.28677962001217 -0.9643774911897754 55.908671099457194 170.63130798778369 -999.0 6231.0 -999.0 -1 -999 {-999.0 -999.0 -999.0 -999.0 -999.0} "" -999.0 -999.0 -999.0 -999.0 -999 -999 "" "" "" "" 0 0 0.0 0.0 -999 ""
FIBERMAP 1111 R+8C16 APOGEE 0 0 0 1 0 0 130.26670058245182 138.8777202407821 143.1 188.6131516340036 25.837387767484994 282.0949 89.04762 -999.0 -999.0 -999.0 -999.0 -999.0 143.00031356587758 -0.6247139675376728 143.00358381128615 -0.7349051112234168 56.173933249602705 171.07877609578975 -999.0 16600.0 -999.0 2 -999 {-999.0 -999.0 -999.0 -999.0 -999.0} "" -999.0 -999.0 -999.0 -999.0 -999 -999 "" "" "" "" 0 0 0.0 0.0 -999 ""
FIBERMAP 1111 R+8C16 BOSS 1 1 0 1 0 0 129.54540241263717 138.71004529371274 143.1 187.9473871189618 26.16132087664673 282.0949 89.04762 142.9973408704827 -0.6233265565415799 2.8301296 -6.2145643 0.08194923 142.9973787401024 -0.6233738815628902 143.00063373606412 -0.7334251556229754 56.17578516058525 171.0836834064169 5400.0 5400.0 2016.0 1 202 {-999.0 16.25386 15.736752 15.521164 -999.0} sdss_psfmag 16.131283 15.743582 15.175063 13.979 63050395170965801 1071087989 bright_1x1 mwm_halo_vmp_xp_boss_single mwm_halo science 0 0 0.0 0.0 -999 ""
FIBERMAP 1111 R+8C16 METROLOGY 0 0 0 1 0 0 129.76539315770248 139.43030765142677 143.1 188.57174529389266 26.582192053118263 282.0949 89.04762 -999.0 -999.0 -999.0 -999.0 -999.0 143.0001724495844 -0.621423962613674 143.00343511297183 -0.7315185588908251 56.17731026986122 171.0782475004271 -999.0 6231.0 -999.0 -1 -999 {-999.0 -999.0 -999.0 -999.0 -999.0} "" -999.0 -999.0 -999.0 -999.0 -999 -999 "" "" "" "" 0 0 0.0 0.0 -999 ""
FIBERMAP 1112 R-6C10 APOGEE 0 0 0 1 0 0 -10.416341617004797 -110.301134266877 143.1 -77.53950086427739 -79.10591475522004 31.084177 113.54202 -999.0 -999.0 -999.0 -999.0 -999.0 141.79170717122213 -1.1040577855709213 141.79439801773123 -1.212215517699905 55.83765635610665 173.32455205028245 -999.0 16600.0 -999.0 2 -999 {-999.0 -999.0 -999.0 -999.0 -999.0} "" -999.0 -999.0 -999.0 -999.0 -999 -999 "" "" "" "" 0 0 0.0 0.0 -999 ""
FIBERMAP 1112 R-6C10 BOSS 1 1 0 1 0 0 -9.796998560854036 -110.7298068276784 143.1 -77.32840171338933 -79.828801298043 31.084177 113.54202 141.79275747606843 -1.107549687858377 -40.214516 11.932831 3.2285872 141.79265344346078 -1.1075189696281365 141.79532500499192 -1.2155393209519725 55.83425786100879 173.32348833725484 5400.0 5400.0 2016.0 1 367 {-999.0 17.828411 16.400879 15.516702 -999.0} sdss_psfmag 17.228107 16.143286 15.109623 13.108 63050395170937042 1081764662 bright_flexible_2x1 mwm_snc_ext_filler_boss mwm_snc science 0 0 0.0 0.0 -999 ""
FIBERMAP 1112 R-6C10 METROLOGY 0 0 0 1 0 0 -10.468778859981299 -111.04538712448712 143.1 -78.048835361517 -79.65091592844881 31.084177 113.54202 -999.0 -999.0 -999.0 -999.0 -999.0 141.7893783488677 -1.1066651872546687 141.792055613817 -1.2147196387091035 55.83539311204222 173.3291382558857 -999.0 6231.0 -999.0 -1 -999 {-999.0 -999.0 -999.0 -999.0 -999.0} "" -999.0 -999.0 -999.0 -999.0 -999 -999 "" "" "" "" 0 0 0.0 0.0 -999 ""
FIBERMAP 1113 R-3C16 APOGEE 0 0 0 1 0 0 87.0683804244824 -41.51448279154138 143.1 41.4818367140508 -87.06339220991623 104.62838 66.74987 -999.0 -999.0 -999.0 -999.0 -999.0 142.33358560892017 -1.1395379797935257 142.3361411284627 -1.2485457663403574 55.74481489699228 172.37323181313124 -999.0 16600.0 -999.0 2 235 {-999.0 -999.0 -999.0 -999.0 -999.0} "" -999.0 -999.0 -999.0 -999.0 -999 -999 "" ops_sky_apogee_best_unassigned ops_sky sky_apogee 0 0 0.0 0.0 -999 ""
FIBERMAP 1113 R-3C16 BOSS 1 1 0 1 0 0 87.80108391302257 -41.61731357294228 143.1 41.986138503316404 -87.60459250211939 104.62838 66.74987 142.3359171167067 -1.1421630956803261 3.5855644 -2.8937464 0.46795234 142.335919945738 -1.1421744341278715 142.33845537845195 -1.2510469563698776 55.742071012708585 172.36964331427998 5400.0 5400.0 2016.0 1 282 {-999.0 13.883646 13.586045 13.495632 -999.0} sdss_psfmag_from_g3xp 13.845483 13.594579 13.166345 12.453 63050395170961772 946401479 bright_1x1 openfibertargets_nov2020_9 open_fiber science 0 0 0.0 0.0 -999 ""
FIBERMAP 1113 R-3C16 METROLOGY 0 0 0 1 0 0 87.35157185055581 -42.20334947334597 143.1 41.26803857591262 -87.77670260152908 104.62838 66.74987 -999.0 -999.0 -999.0 -999.0 -999.0 142.33264354558915 -1.1429172529261464 142.33518267584742 -1.2518235752738014 55.741664516147345 172.3755733851841 -999.0 6231.0 -999.0 -1 -999 {-999.0 -999.0 -999.0 -999.0 -999.0} "" -999.0 -999.0 -999.0 -999.0 -999 -999 "" "" "" "" 0 0 0.0 0.0 -999 ""
FIBERMAP 1114 R-8C15 APOGEE 0 0 0 1 0 0 101.8261518083257 -152.60099996616003 143.1 -17.0009106746157 -182.62983520803496 141.54031 137.97803 -999.0 -999.0 -999.0 -999.0 -999.0 142.0681703559296 -1.5730924644942375 142.07006766063046 -1.681561344311258 55.342941620149546 172.92300918723885 -999.0 16600.0 -999.0 2 203 {-999.0 -999.0 -999.0 -999.0 -999.0} "" -999.0 -999.0 -999.0 -999.0 -999 -999 "" ops_sky_apogee_best_unassigned ops_sky sky_apogee 0 0 0.0 0.0 -999 ""
FIBERMAP 1114 R-8C15 BOSS 1 1 0 1 0 0 101.68149709064357 -151.8862364526909 143.1 -16.66321356585882 -181.98364017935288 141.54031 137.97803 142.0697021484375 -1.5703751342032177 -999.0 -999.0 -999.0 142.06970806168275 -1.570370434108508 142.07159489545234 -1.67870209698108 55.345627206405965 172.91981780075855 5400.0 5400.0 2015.5 1 318 {-999.0 -999.0 -999.0 -999.0 -999.0} "" -999.0 -999.0 -999.0 -999.0 27021603143371529 812257063 "" ops_sky_boss_good ops_sky sky_boss 0 0 0.0 0.0 -999 ""
FIBERMAP 1114 R-8C15 METROLOGY 0 0 0 1 0 0 102.39144406013529 -152.1146525930395 143.1 -16.255658693035762 -182.608046909677 141.54031 137.97803 -999.0 -999.0 -999.0 -999.0 -999.0 142.0715625740691 -1.5731353094729676 142.0734488697185 -1.6815089277241115 55.34264331819325 172.9170883567166 -999.0 6231.0 -999.0 -1 -999 {-999.0 -999.0 -999.0 -999.0 -999.0} "" -999.0 -999.0 -999.0 -999.0 -999 -999 "" "" "" "" 0 0 0.0 0.0 -999 ""
FIBERMAP 1115 R-5C21 APOGEE 0 0 0 1 0 0 206.50573117684888 -85.40206744577719 143.1 106.60856395269049 -196.35055351760698 118.104965 116.42907 -999.0 -999.0 -999.0 -999.0 -999.0 142.6290354991207 -1.6329826493852406 142.63076456805726 -1.7423183415826997 55.22052447356367 171.95682314799137 -999.0 16600.0 -999.0 2 -999 {-999.0 -999.0 -999.0 -999.0 -999.0} "" -999.0 -999.0 -999.0 -999.0 -999 -999 "" "" "" "" 0 0 0.0 0.0 -999 ""
FIBERMAP 1115 R-5C21 BOSS 1 1 0 1 0 0 206.9007797787533 -84.79178141975295 143.1 107.29963408830716 -196.12531752414964 118.104965 116.42907 142.6321985020737 -1.6320863165656074 -3.3610508 -12.008861 1.0478565 142.63220089541042 -1.6321257159089486 142.63391420426007 -1.7413257613911273 55.2211394461297 171.9511375381831 5400.0 5400.0 2016.0 1 321 {-999.0 14.3505535 13.996487 13.913505 -999.0} sdss_psfmag_from_g3xp 14.250056 14.02325 13.501149 12.701 63050395170958789 1096061262 bright_1x1 mwm_bin_vis_boss mwm_filler science 0 0 0.0 0.0 -999 ""
FIBERMAP 1115 R-5C21 METROLOGY 0 0 0 1 0 0 207.250125320378 -85.45245930614522 143.1 107.15496270415575 -196.8583884448188 118.104965 116.42907 -999.0 -999.0 -999.0 -999.0 -999.0 142.6315284139667 -1.6353790297889264 142.63324137969278 -1.7446170185288978 55.21795030489363 171.95298784038732 -999.0 6231.0 -999.0 -1 -999 {-999.0 -999.0 -999.0 -999.0 -999.0} "" -999.0 -999.0 -999.0 -999.0 -999 -999 "" "" "" "" 0 0 0.0 0.0 -999 ""
FIBERMAP 1118 R-13C4 APOGEE 0 0 0 1 0 0 -58.9477387716491 -243.74356013319968 143.1 -199.251360973372 -152.1856452675835 87.30622 36.11833 -999.0 -999.0 -999.0 -999.0 -999.0 141.2427998708117 -1.4338709705120212 141.24503138960557 -1.541056765055317 55.55975132469261 174.34783739971607 -999.0 16600.0 -999.0 2 279 {-999.0 -999.0 -999.0 -999.0 -999.0} "" -999.0 -999.0 -999.0 -999.0 -999 -999 "" ops_sky_apogee_best_unassigned ops_sky sky_apogee 0 0 0.0 0.0 -999 ""
FIBERMAP 1118 R-13C4 BOSS 1 1 0 1 0 0 -58.51948936487764 -244.34053796367434 143.1 -199.29464439556938 -152.9189249211819 87.30622 36.11833 141.24264117242774 -1.4372995822404127 -0.40117094 -0.33318207 0.20003198 141.24262738905185 -1.43732520518041 141.2448416838203 -1.5443701936327967 55.556464995092405 174.34865688218144 5400.0 5400.0 2016.0 1 413 {-999.0 19.525267 19.73775 19.2078 -999.0} sdss_psfmag 19.428024 19.210728 18.728815 -999.0 63050395170936049 1117136639 bright_1x1 openfibertargets_bhm_quaia_boss open_fiber science 0 0 0.0 0.0 -999 ""
FIBERMAP 1118 R-13C4 METROLOGY 0 0 0 1 0 0 -59.25865269540967 -244.41973044823482 143.1 -199.91857185266107 -152.51502408614022 87.30622 36.11833 -999.0 -999.0 -999.0 -999.0 -999.0 141.23981301460847 -1.4354476219062753 141.2420340474432 -1.5425281388877043 55.55853311636937 174.35333254310726 -999.0 6231.0 -999.0 -1 -999 {-999.0 -999.0 -999.0 -999.0 -999.0} "" -999.0 -999.0 -999.0 -999.0 -999 -999 "" "" "" "" 0 0 0.0 0.0 -999 ""
FIBERMAP 1121 R-3C7 APOGEE 1 1 0 1 0 0 -102.43413337706754 -60.67531575258551 143.1 -117.75805395554706 17.373412453414286 54.978626 41.511646 141.60823909714043 -0.6651831980096987 -42.308346 -10.877769 4.1585846 141.60808994835236 -0.6652287812521547 141.6115187510602 -0.7732114354516387 56.292178385824684 173.5751406132146 16000.0 16600.0 2016.0 2 254 {-999.0 -999.0 -999.0 -999.0 -999.0} "" -999.0 -999.0 -999.0 9.724 63050395170985988 1151473313 bright_1x1 mwm_galactic_core_dist_apogee_sparse mwm_galactic science 0 0 0.0 0.0 -999 ""
FIBERMAP 1121 R-3C7 BOSS 0 0 0 1 0 0 -102.36969290292271 -61.413009509822345 143.1 -118.17248651504747 16.75991474785742 54.978626 41.511646 -999.0 -999.0 -999.0 -999.0 -999.0 141.60617192434654 -0.6681520439525311 141.60958347628832 -0.7759951813396158 56.28958902893903 173.57908383354308 -999.0 5400.0 -999.0 1 468 {-999.0 -999.0 -999.0 -999.0 -999.0} "" -999.0 -999.0 -999.0 -999.0 -999 -999 "" "" "" "" 0 0 0.0 0.0 -999 ""
FIBERMAP 1121 R-3C7 METROLOGY 0 0 0 1 0 0 -103.04623108421966 -61.10844332550527 143.1 -118.50614780902873 17.422427331889516 54.978626 41.511646 -999.0 -999.0 -999.0 -999.0 -999.0 141.60466054233643 -0.6651029736558016 141.60808091322184 -0.7729829605912798 56.29272917659064 173.5812686800025 -999.0 6231.0 -999.0 -1 -999 {-999.0 -999.0 -999.0 -999.0 -999.0} "" -999.0 -999.0 -999.0 -999.0 -999 -999 "" "" "" "" 0 0 0.0 0.0 -999 ""
FIBERMAP 1125 R0C22 APOGEE 0 0 0 1 0 0 176.03108355902492 -17.478966376682543 143.1 125.707625138811 -124.41067359703956 292.779 80.23308 -999.0 -999.0 -999.0 -999.0 -999.0 142.71616974567596 -1.3077245940047595 142.71840328466863 -1.417286536443394 55.532782936819096 171.73548635091197 -999.0 16600.0 -999.0 2 -999 {-999.0 -999.0 -999.0 -999.0 -999.0} "" -999.0 -999.0 -999.0 -999.0 -999 -999 "" "" "" "" 0 0 0.0 0.0 -999 ""
FIBERMAP 1125 R0C22 BOSS 1 1 0 1 0 0 175.30768252460553 -17.64427724874599 143.1 125.04171596235639 -124.08358040663884 292.779 80.23308 142.7132199898531 -1.306447893316132 -0.86729664 -1.9776343 0.009171421 142.71321229855582 -1.306436231181115 142.71543134901958 -1.4158547596267341 55.53456333119205 171.74039194325053 5400.0 5400.0 2016.0 1 244 {-999.0 16.489477 15.680957 15.364269 -999.0} sdss_psfmag 16.246004 15.701673 14.999494 13.537 63050395170959663 1061663535 bright_1x1 manual_mwm_halo_distant_kgiant_near_boss_single mwm_halo science 0 0 0.0 0.0 -999 ""
FIBERMAP 1125 R0C22 METROLOGY 0 0 0 1 0 0 175.5223192757474 -16.933236695821314 143.1 125.6561096088419 -123.66650019045272 292.779 80.23308 -999.0 -999.0 -999.0 -999.0 -999.0 142.71598534640705 -1.3044865463642337 142.7182118956925 -1.4139493841887827 55.53611873958579 171.73510895786026 -999.0 6231.0 -999.0 -1 -999 {-999.0 -999.0 -999.0 -999.0 -999.0} "" -999.0 -999.0 -999.0 -999.0 -999 -999 "" "" "" "" 0 0 0.0 0.0 -999 ""
FIBERMAP 1126 R+3C12 APOGEE 0 0 1 1 0 0 -10.680516421373634 65.77827690547865 143.1 33.121542411423036 57.81099188995785 10.428812 169.87672 -999.0 -999.0 -999.0 -999.0 -999.0 142.29450464066585 -0.4799176715842274 142.29812051657632 -0.5890427194098956 56.40442312147475 172.3084667416481 -999.0 16600.0 -999.0 2 14 {-999.0 -999.0 -999.0 -999.0 -999.0} "" -999.0 -999.0 -999.0 -999.0 -999 -999 "" ops_sky_apogee_best_unassigned ops_sky sky_apogee 0 0 0.0 0.0 -999 ""
FIBERMAP 1126 R+3C12 BOSS 1 0 1 1 0 0 -9.948665213409669 65.7940123435801 143.1 33.69983603045214 57.36241166831755 10.428812 169.87672 142.21939086914062 -0.5525435475773719 -999.0 -999.0 -999.0 142.29717552717207 -0.4820601964903885 142.30077225465698 -0.591054069746692 56.402126038701375 172.30411447528408 5400.0 5400.0 2015.5 1 114 {-999.0 -999.0 -999.0 -999.0 -999.0} "" -999.0 -999.0 -999.0 -999.0 27021603143413867 812263067 "" ops_sky_boss_good ops_sky sky_boss 0 0 0.0 0.0 -999 ""
FIBERMAP 1126 R+3C12 METROLOGY 0 0 1 1 0 0 -10.298742700754078 65.13872060820692 143.1 33.01535504181488 57.07390687147002 10.428812 169.87672 -999.0 -999.0 -999.0 -999.0 -999.0 142.29405323867306 -0.4833451029078131 142.29765276698924 -0.5923719015938206 56.40116772526495 172.30998370680953 -999.0 6231.0 -999.0 -1 -999 {-999.0 -999.0 -999.0 -999.0 -999.0} "" -999.0 -999.0 -999.0 -999.0 -999 -999 "" "" "" "" 0 0 0.0 0.0 -999 ""
FIBERMAP 1127 R-13C6 APOGEE 1 1 0 1 0 0 -32.58190485133719 -269.01551095979096 143.1 -194.68673070925252 -188.41380981195718 300.5378 87.98308 141.264739287797 -1.5968372451509238 -9.888262 -10.581096 1.2755436 141.2647112038686 -1.5968771582386367 141.26667372145215 -1.7040535908234973 55.395521685964304 174.3336546058694 16000.0 16600.0 2016.0 2 274 {-999.0 11.853652 11.134978 10.889565 -999.0} sdss_psfmag_from_g3xp 11.65609 11.182992 10.546493 9.307 63050395170935568 1105313957 bright_1x1 mwm_tess_rgb_apogee mwm_tessrgb science 0 0 0.0 0.0 -999 ""
FIBERMAP 1127 R-13C6 BOSS 0 0 0 1 0 0 -33.2492256992184 -269.3588661408365 143.1 -195.4211890732081 -188.2603034072534 300.5378 87.98308 -999.0 -999.0 -999.0 -999.0 -999.0 141.26142068456696 -1.5963074423278096 141.26337285730528 -1.703338301383672 55.39650842223641 174.33933980788282 -999.0 5400.0 -999.0 1 415 {-999.0 -999.0 -999.0 -999.0 -999.0} "" -999.0 -999.0 -999.0 -999.0 -999 -999 "" "" "" "" 0 0 0.0 0.0 -999 ""
FIBERMAP 1127 R-13C6 METROLOGY 0 0 0 1 0 0 -33.21911651679517 -268.6100570233897 143.1 -194.92632668131293 -187.6977050679345 300.5378 87.98308 -999.0 -999.0 -999.0 -999.0 -999.0 141.26361419794156 -1.5937576218533593 141.26557356094685 -1.7008325275773195 55.39882295021968 174.33511329088864 -999.0 6231.0 -999.0 -1 -999 {-999.0 -999.0 -999.0 -999.0 -999.0} "" -999.0 -999.0 -999.0 -999.0 -999 -999 "" "" "" "" 0 0 0.0 0.0 -999 ""
FIBERMAP 1129 R-8C8 APOGEE 0 0 0 1 0 0 -49.490088364192715 -139.4164559574268 143.1 -126.21789323989812 -77.1157820058278 131.64624 89.73343 -999.0 -999.0 -999.0 -999.0 -999.0 141.5706423811278 -1.095002988708572 141.5733798760907 -1.202809313635438 55.86799554099925 173.7148436141192 -999.0 16600.0 -999.0 2 -999 {-999.0 -999.0 -999.0 -999.0 -999.0} "" -999.0 -999.0 -999.0 -999.0 -999 -999 "" "" "" "" 0 0 0.0 0.0 -999 ""
FIBERMAP 1129 R-8C8 BOSS 1 1 0 1 0 0 -48.93802496978124 -138.9190477108894 143.1 -125.47595099609117 -77.07707398889774 131.64624 89.73343 141.5739808759723 -1.0949800983060376 -10.943249 1.0727091 1.2976018 141.57396979461274 -1.0949966141206273 141.57669405667377 -1.2026704314735157 55.86782859630123 173.70894067449507 5400.0 5400.0 2016.0 1 389 {-999.0 17.529707 16.42388 15.971049 -999.0} sdss_psfmag -999.0 17.497583 -999.0 13.827 63050395170931007 1095524614 bright_1x1 mwm_bin_vis_boss mwm_filler science 0 0 0.0 0.0 -999 ""
FIBERMAP 1129 R-8C8 METROLOGY 0 0 0 1 0 0 -48.78262896200338 -139.65344366758433 143.1 -125.81766729737103 -77.74527950687714 131.64624 89.73343 -999.0 -999.0 -999.0 -999.0 -999.0 141.57243620456327 -1.097986223776646 141.57515945870585 -1.2056958209414264 55.86495744329515 173.71216008748243 -999.0 6231.0 -999.0 -1 -999 {-999.0 -999.0 -999.0 -999.0 -999.0} "" -999.0 -999.0 -999.0 -999.0 -999 -999 "" "" "" "" 0 0 0.0 0.0 -999 ""
FIBERMAP 1130 R-3C13 APOGEE 1 1 0 1 0 0 23.7529258067785 -62.580010477616085 143.1 -20.955218506175303 -63.55796562349067 345.81555 114.08642 142.04901792674207 -1.0331369415541436 16.769718 4.614735 6.6583085 142.0490903600582 -1.0331062155508388 142.05185792394775 -1.141693025195959 55.88177100431167 172.8555374325826 16000.0 16600.0 2016.0 2 174 {-999.0 9.74076 9.498947 9.427104 -999.0} sdss_psfmag_from_g3xp 9.728222 9.495099 9.105995 8.505 63050395170983703 975012486 "" ops_std_apogee ops_std standard_apogee 0 0 0.0 0.0 -999 ""
FIBERMAP 1130 R-3C13 BOSS 0 0 0 1 0 0 23.87212505313405 -63.30967289394923 143.1 -21.322066298513946 -64.19970403687381 345.81555 114.08642 -999.0 -999.0 -999.0 -999.0 -999.0 142.04742813507897 -1.0362012580304443 142.05017649957006 -1.1446469642411665 55.879009065278815 172.8590687332073 -999.0 5400.0 -999.0 1 364 {-999.0 -999.0 -999.0 -999.0 -999.0} "" -999.0 -999.0 -999.0 -999.0 -999 -999 "" "" "" "" 0 0 0.0 0.0 -999 ""
FIBERMAP 1130 R-3C13 METROLOGY 0 0 0 1 0 0 23.173223963370596 -63.0476924871518 143.1 -21.69990915996799 -63.556184806262635 345.81555 114.08642 -999.0 -999.0 -999.0 -999.0 -999.0 142.04569965718883 -1.0332289501905119 142.04845715860887 -1.1417117343055545 55.882107906255406 172.86156954113764 -999.0 6231.0 -999.0 -1 -999 {-999.0 -999.0 -999.0 -999.0 -999.0} "" -999.0 -999.0 -999.0 -999.0 -999 -999 "" "" "" "" 0 0 0.0 0.0 -999 ""
FIBERMAP 1131 R-8C19 APOGEE 1 1 0 1 0 0 206.45390367705946 -168.00147240273736 143.1 54.560624037753385 -260.46804404491485 296.22153 112.387856 142.39272352589583 -1.9213469493033546 -25.878925 0.31428027 3.9393823 142.39289765693468 -1.9214210127843436 142.39419667187377 -2.0303058311624316 54.96145227342121 172.4248006758875 16000.0 16600.0 2016.0 2 185 {-999.0 12.407018 11.915246 11.767277 -999.0} sdss_psfmag_from_g3xp 12.3049555 11.95196 11.432333 10.545 63050395170906120 1103537772 bright_flexible_2x1 mwm_tess_2min_apogee mwm_planet science 0 0 0.0 0.0 -999 ""
FIBERMAP 1131 R-8C19 BOSS 0 0 0 1 0 0 205.96959835995997 -168.57171312047777 143.1 53.82544746643007 -260.60597981022283 296.22153 112.387856 -999.0 -999.0 -999.0 -999.0 -999.0 142.38958932419163 -1.9222012793525027 142.39087160581443 -2.0309383573030413 54.96119209282607 172.4306750007208 -999.0 5400.0 -999.0 1 331 {-999.0 -999.0 -999.0 -999.0 -999.0} "" -999.0 -999.0 -999.0 -999.0 -999 -999 "" "" "" "" 0 0 0.0 0.0 -999 ""
FIBERMAP 1131 R-8C19 METROLOGY 0 0 0 1 0 0 205.7075285834702 -167.8829427722639 143.1 54.05558889824594 -259.90604321936615 296.22153 112.387856 -999.0 -999.0 -999.0 -999.0 -999.0 142.3906296547744 -1.9190343891234247 142.39192136682368 -2.02781433294124 54.964180567297795 172.42825570076317 -999.0 6231.0 -999.0 -1 -999 {-999.0 -999.0 -999.0 -999.0 -999.0} "" -999.0 -999.0 -999.0 -999.0 -999 -999 "" "" "" "" 0 0 0.0 0.0 -999 ""
FIBERMAP 1132 R+2C1 APOGEE 0 0 0 1 0 0 -260.4677968289806 31.736788411448096 143.1 -182.30741762753547 188.6484162923415 301.6945 136.85309 -999.0 -999.0 -999.0 -999.0 -999.0 141.31787435147103 0.10889324024954235 141.3226114615938 0.001172046300618512 57.089688777614015 173.9704042514189 -999.0 16600.0 -999.0 2 145 {-999.0 -999.0 -999.0 -999.0 -999.0} "" -999.0 -999.0 -999.0 -999.0 -999 -999 "" ops_sky_apogee_best_unassigned ops_sky sky_apogee 0 0 0.0 0.0 -999 ""
FIBERMAP 1132 R+2C1 BOSS 1 1 0 1 0 0 -260.6381686509804 31.032208270355078 143.1 -182.88336557650007 188.2084826375076 301.6945 136.85309 141.31524847819315 0.10678813416216268 2.8496208 -6.4594626 0.68640685 141.31527998094805 0.10677074057003082 141.3200024377718 -0.000814030714672407 57.08794080944065 173.97551007025277 5400.0 5400.0 2016.0 1 4 {-999.0 17.809229 17.266876 17.081259 -999.0} sdss_psfmag 17.68291 17.30203 16.752249 15.733 63050395170995574 938614999 bright_1x1 openfibertargets_nov2020_34a open_fiber science 0 0 0.0 0.0 -999 ""
FIBERMAP 1132 R+2C1 METROLOGY 0 0 0 1 0 0 -261.19323331120125 31.525394185974427 143.1 -183.00392342776502 188.94100083393434 301.6945 136.85309 -999.0 -999.0 -999.0 -999.0 -999.0 141.31475869641528 0.1100880913054573 141.31948996716716 0.002465963941523757 57.091253232379465 173.9759168416151 -999.0 6231.0 -999.0 -1 -999 {-999.0 -999.0 -999.0 -999.0 -999.0} "" -999.0 -999.0 -999.0 -999.0 -999 -999 "" "" "" "" 0 0 0.0 0.0 -999 ""
FIBERMAP 1135 R-2C11 APOGEE 1 1 0 1 0 0 -52.44550185314766 -57.73927801331942 143.1 -77.08617015348815 -11.821059313773835 300.90982 52.946957 141.79303375918002 -0.7977145115571338 8.237688 -29.17109 3.290029 141.7931085519654 -0.7978454952088502 141.79629378684194 -0.9060885566236183 56.14211820178646 173.2674448086931 16000.0 16600.0 2016.0 2 268 {-999.0 11.092372 10.798294 10.721067 -999.0} sdss_psfmag_from_g3xp 11.060454 10.807936 10.397964 9.751 63050395170985808 975012515 "" ops_std_apogee ops_std standard_apogee 0 0 0.0 0.0 -999 ""
FIBERMAP 1135 R-2C11 BOSS 0 0 0 1 0 0 -53.180864239054046 -57.68363628368786 143.1 -77.6222489525404 -11.314833854306205 300.90982 52.946957 -999.0 -999.0 -999.0 -999.0 -999.0 141.79063923147294 -0.7956858053210569 141.79381483521422 -0.9037891684857078 56.14465069795904 173.2714653987242 -999.0 5400.0 -999.0 1 448 {-999.0 -999.0 -999.0 -999.0 -999.0} "" -999.0 -999.0 -999.0 -999.0 -999 -999 "" "" "" "" 0 0 0.0 0.0 -999 ""
FIBERMAP 1135 R-2C11 METROLOGY 0 0 0 1 0 0 -52.7627135064068 -57.061665220241906 143.1 -76.90587940564994 -11.095068745676866 300.90982 52.946957 -999.0 -999.0 -999.0 -999.0 -999.0 141.79390033856814 -0.7946407868987991 141.79708094361905 -0.9027882813337104 56.14532478289907 173.26545480333044 -999.0 6231.0 -999.0 -1 -999 {-999.0 -999.0 -999.0 -999.0 -999.0} "" -999.0 -999.0 -999.0 -999.0 -999 -999 "" "" "" "" 0 0 0.0 0.0 -999 ""
FIBERMAP 1137 R-1C6 APOGEE 0 0 0 1 0 0 -186.82599183672872 -29.963827802184042 143.1 -163.9631641320197 94.36151211506836 274.37805 34.761116 -999.0 -999.0 -999.0 -999.0 -999.0 141.39889786814294 -0.3161079050335061 141.4029281598195 -0.4238474885004399 56.65921224036147 173.8931509454715 -999.0 16600.0 -999.0 2 -999 {-999.0 -999.0 -999.0 -999.0 -999.0} "" -999.0 -999.0 -999.0 -999.0 -999 -999 "" "" "" "" 0 0 0.0 0.0 -999 ""
FIBERMAP 1137 R-1C6 BOSS 1 1 0 1 0 0 -187.29902079060957 -29.395703808027907 143.1 -163.97282582234968 95.10057756806788 274.37805 34.761116 141.3988331554148 -0.3128612011431243 -6.9116073 1.5116761 2.279527 141.39882623660284 -0.3128656092522566 141.40284979954106 -0.42047213200244954 56.662581072811925 173.89274351986165 5400.0 5400.0 2016.0 1 484 {-999.0 16.823067 15.627222 15.141873 -999.0} sdss_psfmag 16.364775 15.617905 14.781677 13.112 63050395170992677 1095509584 bright_1x1 mwm_bin_vis_boss mwm_filler science 0 0 0.0 0.0 -999 ""
FIBERMAP 1137 R-1C6 METROLOGY 0 0 0 1 0 0 -186.56492911657648 -29.26489415965528 143.1 -163.32033711846722 94.73995806833813 274.37805 34.761116 -999.0 -999.0 -999.0 -999.0 -999.0 141.40177534822587 -0.3144536258036969 141.4057992243874 -0.42210239517444553 56.66069338332347 173.88766402844712 -999.0 6231.0 -999.0 -1 -999 {-999.0 -999.0 -999.0 -999.0 -999.0} "" -999.0 -999.0 -999.0 -999.0 -999 -999 "" "" "" "" 0 0 0.0 0.0 -999 ""
FIBERMAP 1140 R-5C12 APOGEE 1 1 0 1 0 0 1.9228253333148704 -101.05635237134729 143.1 -62.13553014037893 -79.69523685933056 175.83981 141.19615 141.8618510979654 -1.1066763596275666 -30.262665 -13.951961 2.445828 141.86177369602692 -1.1067041404403544 141.86445013011723 -1.2149729336624564 55.828001802201584 173.200938452328 16000.0 16600.0 2016.0 2 159 {-999.0 12.29852 11.839155 11.710362 -999.0} sdss_psfmag_from_g3xp 12.20826 11.876326 11.377951 10.512 63050395170937051 1094146878 bright_1x1 mwm_bin_vis_apogee mwm_filler science 0 0 0.0 0.0 -999 ""
FIBERMAP 1140 R-5C12 BOSS 0 0 0 1 0 0 1.3798982821010721 -100.54896753658406 143.1 -62.23772124824379 -78.95933348813253 175.83981 141.19615 -999.0 -999.0 -999.0 -999.0 -999.0 141.8612844724524 -1.1035346468211602 141.8639522837949 -1.2116655851153595 55.83134227455816 173.20123391452978 -999.0 5400.0 -999.0 1 387 {-999.0 -999.0 -999.0 -999.0 -999.0} "" -999.0 -999.0 -999.0 -999.0 -999 -999 "" "" "" "" 0 0 0.0 0.0 -999 ""
FIBERMAP 1140 R-5C12 METROLOGY 0 0 0 1 0 0 2.0891966532454322 -100.31810824210862 143.1 -61.541493035556144 -79.22663948894903 175.83981 141.19615 -999.0 -999.0 -999.0 -999.0 -999.0 141.8644568974636 -1.1047020145080655 141.8671262705302 -1.2128767774048457 55.82982102384935 173.19582681869366 -999.0 6231.0 -999.0 -1 -999 {-999.0 -999.0 -999.0 -999.0 -999.0} "" -999.0 -999.0 -999.0 -999.0 -999 -999 "" "" "" "" 0 0 0.0 0.0 -999 ""
FIBERMAP 1143 R-2C5 APOGEE 0 0 0 1 0 0 -179.85643011423505 -60.933695693340475 143.1 -178.05010581710684 65.9207305731154 341.4014 23.700916 -999.0 -999.0 -999.0 -999.0 -999.0 141.33514723661222 -0.4453524536222144 141.33897765144934 -0.5529547294328674 56.536268154868736 174.02960296214675 -999.0 16600.0 -999.0 2 249 {-999.0 -999.0 -999.0 -999.0 -999.0} "" -999.0 -999.0 -999.0 -999.0 -999 -999 "" ops_sky_apogee_best_unassigned ops_sky sky_apogee 0 0 0.0 0.0 -999 ""
FIBERMAP 1143 R-2C5 BOSS 1 1 0 1 0 0 -180.5961605268459 -61.01197992087209 143.1 -178.67390182090875 66.3256938544102 341.4014 23.700916 141.33228622956312 -0.4435788011770376 -13.679116 -15.854026 1.702677 141.3322976143981 -0.44364235866992213 141.336119490089 -0.5511060248930421 56.53835966425569 174.03447325067273 5400.0 5400.0 2016.0 1 473 {-999.0 20.994194 19.4822 18.16377 -999.0} sdss_psfmag 20.199791 18.876095 17.672451 15.351 63050395170992414 1094471859 bright_1x1 mwm_bin_vis_boss mwm_filler science 0 0 0.0 0.0 -999 ""
FIBERMAP 1143 R-2C5 METROLOGY 0 0 0 1 0 0 -180.2940186243105 -60.32276383102948 143.1 -178.00528954712146 66.67072775677467 341.4014 23.700916 -999.0 -999.0 -999.0 -999.0 -999.0 141.33532139549175 -0.4420307355480121 141.33914873416114 -0.5495378258912624 56.539656996039106 174.0287518135009 -999.0 6231.0 -999.0 -1 -999 {-999.0 -999.0 -999.0 -999.0 -999.0} "" -999.0 -999.0 -999.0 -999.0 -999 -999 "" "" "" "" 0 0 0.0 0.0 -999 ""
FIBERMAP 1144 R+12C1 APOGEE 1 1 0 1 0 0 -167.68543357402655 225.07757806841772 143.1 11.485837883561631 280.3856292343815 213.59116 117.97963 142.19428076464467 0.5239556353702334 -117.538086 -12.037741 7.9262614 142.19395213763315 0.523928576710242 142.19919343647086 0.41469637730983305 57.412915761063054 172.28123146960743 16000.0 16600.0 2016.0 2 129 {-999.0 11.6730385 11.032115 10.833102 -999.0} sdss_psfmag_from_g3xp 11.511289 11.086357 10.495613 9.441 63050395170998207 1103726664 bright_1x1 mwm_tess_2min_apogee mwm_planet science 0 0 0.0 0.0 -999 ""
FIBERMAP 1144 R+12C1 BOSS 0 0 0 1 0 0 -168.3010544097968 225.46178331915385 143.1 11.249631274366838 281.07163697047486 213.59116 117.97963 -999.0 -999.0 -999.0 -999.0 -999.0 142.19289220401183 0.5268350132647369 142.19812363156802 0.41773343356310316 57.41605420096949 172.28256828036504 -999.0 5400.0 -999.0 1 8 {-999.0 -999.0 -999.0 -999.0 -999.0} "" -999.0 -999.0 -999.0 -999.0 -999 -999 "" "" "" "" 0 0 0.0 0.0 -999 ""
FIBERMAP 1144 R+12C1 METROLOGY 0 0 0 1 0 0 -167.6592046518514 225.82017866454865 143.1 11.973777586176258 280.94584893622493 213.59116 117.97963 -999.0 -999.0 -999.0 -999.0 -999.0 142.19616166841666 0.5263151444257481 142.20139578306737 0.41717176621888796 57.41512649663386 172.2766492005621 -999.0 6231.0 -999.0 -1 -999 {-999.0 -999.0 -999.0 -999.0 -999.0} "" -999.0 -999.0 -999.0 -999.0 -999 -999 "" "" "" "" 0 0 0.0 0.0 -999 ""
FIBERMAP 1148 R0C11 APOGEE 0 0 0 1 0 0 -84.40618112378107 -3.916287898598741 143.1 -68.01918235323096 50.103751102524356 222.85162 82.57878 -999.0 -999.0 -999.0 -999.0 -999.0 141.83399582226266 -0.5158002386663907 141.8376299243447 -0.6241845213127667 56.41851099889866 173.14283222977093 -999.0 16600.0 -999.0 2 285 {-999.0 -999.0 -999.0 -999.0 -999.0} "" -999.0 -999.0 -999.0 -999.0 -999 -999 "" ops_sky_apogee_best_unassigned ops_sky sky_apogee 0 0 0.0 0.0 -999 ""
FIBERMAP 1148 R0C11 BOSS 1 1 0 1 0 0 -84.84107506182526 -3.3154144804673145 143.1 -67.97860654120943 50.844239877553754 222.85162 82.57878 141.83415233958473 -0.5125345126081133 -1.3467845 2.9580536 0.12133095 141.83415629698186 -0.5125384881730396 141.83778202204337 -0.6207890092844082 56.421874079678815 173.14194222346254 5400.0 5400.0 2016.0 1 431 {-999.0 18.037506 17.67412 17.56851 -999.0} sdss_psfmag 17.9963 17.684755 17.224083 16.402 63050395170986253 944390170 bright_1x1 openfibertargets_nov2020_6c open_fiber science 0 0 0.0 0.0 -999 ""
FIBERMAP 1148 R0C11 METROLOGY 0 0 0 1 0 0 -84.09974388168955 -3.23739227442538 143.1 -67.3537322935419 50.438065196131994 222.85162 82.57878 -999.0 -999.0 -999.0 -999.0 -999.0 141.83700370788466 -0.5143478148613324 141.84062989716716 -0.6226406156482048 56.419745784927684 173.1371558163672 -999.0 6231.0 -999.0 -1 -999 {-999.0 -999.0 -999.0 -999.0 -999.0} "" -999.0 -999.0 -999.0 -999.0 -999 -999 "" "" "" "" 0 0 0.0 0.0 -999 ""
FIBERMAP 1149 R-5C9 APOGEE 1 1 0 1 0 0 -49.00317434005149 -85.39852703201511 143.1 -91.82801817225909 -35.46979778423571 63.584045 112.718864 141.72604284650788 -0.905586271872483 -7.7474823 -3.6912632 1.0008976 141.7262728769781 -0.9055882149388524 141.72929418440367 -1.013695301387511 56.04156233073994 173.4057787261471 16000.0 16600.0 2016.0 2 284 {-999.0 10.268838 9.292436 8.917405 -999.0} sdss_psfmag_from_g3xp 9.947946 9.3172245 8.556501 6.937 63050395170984301 1155705915 bright_1x1 mwm_galactic_core_dist_apogee_extra mwm_galactic science 0 0 0.9016767144203186 0.0 -999 ""
FIBERMAP 1149 R-5C9 BOSS 0 0 0 1 0 0 -48.258566899414554 -85.43976596228414 143.1 -91.2756907367592 -35.9706584662573 63.584045 112.718864 -999.0 -999.0 -999.0 -999.0 -999.0 141.7287571335584 -0.9080202552882067 141.73176083792004 -1.0159937495071856 56.03903637121288 173.4017818730919 -999.0 5400.0 -999.0 1 409 {-999.0 -999.0 -999.0 -999.0 -999.0} "" -999.0 -999.0 -999.0 -999.0 -999 -999 "" "" "" "" 0 0 0.0 0.0 -999 ""
FIBERMAP 1149 R-5C9 METROLOGY 0 0 0 1 0 0 -48.6596154971363 -86.06655630889871 143.1 -91.98181245822438 -36.20493457669574 63.584045 112.718864 -999.0 -999.0 -999.0 -999.0 -999.0 141.72555398280434 -0.9090472718099238 141.72856028537097 -1.0170541592139972 56.03829002849093 173.40766679726366 -999.0 6231.0 -999.0 -1 -999 {-999.0 -999.0 -999.0 -999.0 -999.0} "" -999.0 -999.0 -999.0 -999.0 -999 -999 "" "" "" "" 0 0 0.0 0.0 -999 ""
FIBERMAP 1150 R-9C10 APOGEE 1 1 0 1 0 0 1.1845152294260632 -181.24683211751326 143.1 -113.19987109889672 -141.50962093824774 203.08664 126.71918 141.63086538974326 -1.3869987764919156 -14.334935 -1.9381559 4.544829 141.63082132286615 -1.3870319550737482 141.63307688202087 -1.4948550033244756 55.57168140014248 173.65730223736202 16000.0 16600.0 2016.0 2 180 {-999.0 12.157407 11.5750265 11.468062 -999.0} sdss_psfmag_from_g3xp 12.067914 11.6957655 11.13187 10.229 63050395170936569 1103537708 bright_1x1 mwm_tess_2min_apogee mwm_planet science 0 0 0.0 0.0 -999 ""
FIBERMAP 1150 R-9C10 BOSS 0 0 0 1 0 0 0.551718605057486 -180.8789920376911 143.1 -113.45972126418035 -140.82550855072955 203.08664 126.71918 -999.0 -999.0 -999.0 -999.0 -999.0 141.62960824471932 -1.384117061134204 141.63185568413274 -1.4917996047174085 55.57483701116853 173.65895007216147 -999.0 5400.0 -999.0 1 375 {-999.0 -999.0 -999.0 -999.0 -999.0} "" -999.0 -999.0 -999.0 -999.0 -999 -999 "" "" "" "" 0 0 0.0 0.0 -999 ""
FIBERMAP 1150 R-9C10 METROLOGY 0 0 0 1 0 0 1.2050682143357623 -180.50282465172302 143.1 -112.71545374653647 -140.94473481974677 203.08664 126.71918 -999.0 -999.0 -999.0 -999.0 -999.0 141.63298643823396 -1.3846148640188425 141.6352362906324 -1.4923421744707206 55.57398268070581 173.65308735693785 -999.0 6231.0 -999.0 -1 -999 {-999.0 -999.0 -999.0 -999.0 -999.0} "" -999.0 -999.0 -999.0 -999.0 -999 -999 "" "" "" "" 0 0 0.0 0.0 -999 ""
FIBERMAP 1151 R-9C4 APOGEE 0 0 0 1 1 0 -141.1225042669642 -168.16176522789516 143.1 -215.48255383000244 -41.745369595973465 203.39967 66.10743 -999.0 -999.0 -999.0 -999.0 -999.0 141.1670959138571 -0.9342239222599799 141.1701546048294 -1.0414231468883097 56.06385430865894 174.40733255359314 -999.0 16600.0 -999.0 2 -999 {-999.0 -999.0 -999.0 -999.0 -999.0} "" -999.0 -999.0 -999.0 -999.0 -999 -999 "" "" "" "" 0 0 0.0 0.0 -999 ""
FIBERMAP 1151 R-9C4 BOSS 1 0 0 1 1 0 -141.11783715393676 -167.43902027930105 143.1 -215.02386178412704 -41.18699448827555 203.39967 66.10743 141.19565281026786 -1.072456355684377 -1.0777274 1.3226855 1.0363407 141.16911807994202 -0.9318386785147253 141.17216909721083 -1.0389048762745023 56.06619895731992 174.40336686083873 5400.0 5400.0 2016.0 1 479 {-999.0 21.248009 21.18128 20.86728 -999.0} sdss_psfmag 20.435184 20.479908 20.193554 -999.0 63050395170939034 1117136648 bright_1x1 openfibertargets_bhm_quaia_boss open_fiber science 0 0 0.0 0.0 -999 ""
FIBERMAP 1151 R-9C4 METROLOGY 0 0 0 1 1 0 -140.47276187382744 -167.7950271700491 143.1 -214.74702488523084 -41.869647833417666 203.39967 66.10743 -999.0 -999.0 -999.0 -999.0 -999.0 141.17037659960857 -0.9348937801525211 141.17342562421345 -1.041999989255854 56.06301121630697 174.4015788267026 -999.0 6231.0 -999.0 -1 -999 {-999.0 -999.0 -999.0 -999.0 -999.0} "" -999.0 -999.0 -999.0 -999.0 -999 -999 "" "" "" "" 0 0 0.0 0.0 -999 ""
FIBERMAP 1152 R-9C3 APOGEE 1 1 0 1 0 0 -126.34292158502319 -185.60655406695562 143.1 -214.9880114835815 -64.59949650678034 49.979992 13.907452 141.16971906419354 -1.0377176124282788 -4.1064653 -35.6754 6.0002704 141.16970661026082 -1.0377932358170348 141.17259555649622 -1.1449686721783456 55.96045666719744 174.41814879266488 16000.0 16600.0 2016.0 2 256 {-999.0 15.003584 13.7143345 13.099854 -999.0} sdss_psfmag_from_g3xp 14.496053 13.658944 12.705516 10.84 63050395170939048 1093936180 bright_1x1 mwm_bin_vis_apogee mwm_filler science 0 0 0.0 0.0 -999 ""
FIBERMAP 1152 R-9C3 BOSS 0 0 0 1 0 0 -126.67007878223127 -186.26368473247234 143.1 -215.65584948396005 -64.90386096879276 49.979992 13.907452 -999.0 -999.0 -999.0 -999.0 -999.0 141.16668890008788 -1.0393155979529116 141.1695645199717 -1.1463482321359204 55.95932951295778 174.4237458543732 -999.0 5400.0 -999.0 1 477 {-999.0 -999.0 -999.0 -999.0 -999.0} "" -999.0 -999.0 -999.0 -999.0 -999 -999 "" "" "" "" 0 0 0.0 0.0 -999 ""
FIBERMAP 1152 R-9C3 METROLOGY 0 0 0 1 0 0 -127.09091756763196 -185.61074828225017 143.1 -215.57157701661058 -64.1317875362665 49.979992 13.907452 -999.0 -999.0 -999.0 -999.0 -999.0 141.16705657667944 -1.0357775848440884 141.1699411237891 -1.142850752751211 55.962784515369044 174.42256474918304 -999.0 6231.0 -999.0 -1 -999 {-999.0 -999.0 -999.0 -999.0 -999.0} "" -999.0 -999.0 -999.0 -999.0 -999 -999 "" "" "" "" 0 0 0.0 0.0 -999 ""
FIBERMAP 1153 R-6C11 APOGEE 0 0 0 1 0 0 0.026686650103829465 -128.00678190935963 143.1 -80.57715300466114 -99.4321778507435 256.95367 130.75142 -999.0 -999.0 -999.0 -999.0 -999.0 141.77815964379485 -1.1964162908471794 141.7807032266901 -1.304527193103979 55.747118926993934 173.36479568146558 -999.0 16600.0 -999.0 2 -999 {-999.0 -999.0 -999.0 -999.0 -999.0} "" -999.0 -999.0 -999.0 -999.0 -999 -999 "" "" "" "" 0 0 0.0 0.0 -999 ""
FIBERMAP 1153 R-6C11 BOSS 1 1 0 1 0 0 -0.6222965444119939 -128.36166454944959 143.1 -81.30462770788753 -99.29917022423109 256.95367 130.75142 141.77493531835785 -1.1958846176614066 -35.86099 -35.266617 3.6566288 141.77483048133897 -1.1959934811385378 141.77736171255117 -1.3039607773044388 55.74800718969814 173.37060518930912 5400.0 5400.0 2016.0 1 386 {-999.0 16.219109 14.909545 14.29003 -999.0} sdss_psfmag_from_g3xp 15.702033 14.858188 13.888766 12.057 63050395170936945 938613883 bright_1x1 openfibertargets_nov2020_34a open_fiber science 0 0 0.0 0.0 -999 ""
FIBERMAP 1153 R-6C11 METROLOGY 0 0 0 1 0 0 -0.6065885153039614 -127.61228913960392 143.1 -80.82059328986531 -98.72706457158988 256.95367 130.75142 -999.0 -999.0 -999.0 -999.0 -999.0 141.77702515252656 -1.1933481413717868 141.7795641691353 -1.3013588972540528 55.750382888572 173.36626237818052 -999.0 6231.0 -999.0 -1 -999 {-999.0 -999.0 -999.0 -999.0 -999.0} "" -999.0 -999.0 -999.0 -999.0 -999 -999 "" "" "" "" 0 0 0.0 0.0 -999 ""
FIBERMAP 1156 R-11C14 APOGEE 0 0 0 1 0 0 127.9965099726738 -229.2293577040009 143.1 -44.92401818333178 -258.62043609418777 312.35355 90.60463 -999.0 -999.0 -999.0 -999.0 -999.0 141.9425946554103 -1.9140287090223214 141.94395910227814 -2.0222035439405954 55.0168691971047 173.2032247735093 -999.0 16600.0 -999.0 2 239 {-999.0 -999.0 -999.0 -999.0 -999.0} "" -999.0 -999.0 -999.0 -999.0 -999 -999 "" ops_sky_apogee_best_unassigned ops_sky sky_apogee 0 0 0.0 0.0 -999 ""
FIBERMAP 1156 R-11C14 BOSS 1 1 0 1 0 0 127.45367592845176 -229.73931913713187 143.1 -45.666696488953576 -258.6747045819896 312.35355 90.60463 141.93923950195312 -1.914411978386795 -999.0 -999.0 -999.0 141.93924789275582 -1.9144197063602129 141.9405978805691 -2.0224469162435947 55.01696138735748 173.20909686125705 5400.0 5400.0 2015.5 1 255 {-999.0 -999.0 -999.0 -999.0 -999.0} "" -999.0 -999.0 -999.0 -999.0 27021603143370086 820298361 "" ops_sky_boss_good ops_sky sky_boss 0 0 0.0 0.0 -999 ""
FIBERMAP 1156 R-11C14 METROLOGY 0 0 0 1 0 0 127.27998016207033 -229.01190131167573 143.1 -45.34358623263644 -258.0003963545763 312.35355 90.60463 -999.0 -999.0 -999.0 -999.0 -999.0 141.94069384747445 -1.911371780395352 141.94205260199368 -2.019442447210195 55.01980626542344 173.20605212200812 -999.0 6231.0 -999.0 -1 -999 {-999.0 -999.0 -999.0 -999.0 -999.0} "" -999.0 -999.0 -999.0 -999.0 -999 -999 "" "" "" "" 0 0 0.0 0.0 -999 ""
FIBERMAP 1158 R-5C22 APOGEE 0 0 0 1 0 0 215.92938932909564 -106.7801427498985 143.1 100.46692828569957 -218.88714250008604 272.60776 34.606598 -999.0 -999.0 -999.0 -999.0 -999.0 142.60096554812728 -1.7343562721715275 142.60253710577012 -1.8436198179594603 55.12322797697357 172.02667275848435 -999.0 16600.0 -999.0 2 211 {-999.0 -999.0 -999.0 -999.0 -999.0} "" -999.0 -999.0 -999.0 -999.0 -999 -999 "" ops_sky_apogee_best_unassigned ops_sky sky_apogee 0 0 0.0 0.0 -999 ""
FIBERMAP 1158 R-5C22 BOSS 1 1 0 1 0 0 215.48392115317986 -106.18951986339597 143.1 100.49283758628964 -218.14795677555566 272.60776 34.606598 142.60112212121692 -1.7311786152656272 -0.30011305 -2.5722363 0.054460827 142.6011217679985 -1.7312091086089656 142.60268168847625 -1.8403324240727374 55.12647604075519 172.0257507700538 5400.0 5400.0 2016.0 1 251 {-999.0 16.377653 15.598074 15.270398 -999.0} sdss_psfmag 16.14821 15.612585 14.925848 13.44 63050395170906427 1061541419 bright_1x1 manual_mwm_halo_distant_kgiant_near_boss_single mwm_halo science 0 0 0.0 0.0 -999 ""
FIBERMAP 1158 R-5C22 METROLOGY 0 0 0 1 0 0 216.22162153450074 -106.09663185744353 143.1 101.12425207115331 -218.5402999729826 272.60776 34.606598 -999.0 -999.0 -999.0 -999.0 -999.0 142.6039638982174 -1.732903104535299 142.60552547170704 -1.842070447869 55.12441806924855 172.02116865575667 -999.0 6231.0 -999.0 -1 -999 {-999.0 -999.0 -999.0 -999.0 -999.0} "" -999.0 -999.0 -999.0 -999.0 -999 -999 "" "" "" "" 0 0 0.0 0.0 -999 ""
FIBERMAP 1162 R-2C6 APOGEE 0 0 0 1 0 0 -145.24205637281642 -54.9583161073227 143.1 -147.40482432728047 48.76694801134872 354.0851 58.325718 -999.0 -999.0 -999.0 -999.0 -999.0 141.47361080820087 -0.522779339560382 141.47729247364356 -0.6305841293185067 56.44661129353315 173.7926152509788 -999.0 16600.0 -999.0 2 -999 {-999.0 -999.0 -999.0 -999.0 -999.0} "" -999.0 -999.0 -999.0 -999.0 -999 -999 "" "" "" "" 0 0 0.0 0.0 -999 ""
FIBERMAP 1162 R-2C6 BOSS 1 1 0 1 0 0 -145.69378179466943 -55.56272621012566 143.1 -148.13621232949487 48.581961358649274 354.0851 58.325718 141.47026776967675 -0.5237517667041168 0.50233036 -1.5304558 1.866639 141.47025813110503 -0.5237465013505073 141.47392646550668 -0.6314107424416363 56.446093994609484 173.79881552441577 5400.0 5400.0 2016.0 1 472 {-999.0 20.05389 18.651129 17.60653 -999.0} sdss_psfmag 19.492287 18.259834 17.178514 15.002 63050395170986540 1094269117 bright_1x1 mwm_bin_vis_boss mwm_filler science 0 0 0.0 0.0 -999 ""
FIBERMAP 1162 R-2C6 METROLOGY 0 0 0 1 0 0 -145.9836523581885 -54.876478615964274 143.1 -147.92925056243953 49.29744309405538 354.0851 58.325718 -999.0 -999.0 -999.0 -999.0 -999.0 141.47120162810208 -0.5204576274254872 141.47487864026175 -0.6281625069093489 56.449242292688425 173.79656602590637 -999.0 6231.0 -999.0 -1 -999 {-999.0 -999.0 -999.0 -999.0 -999.0} "" -999.0 -999.0 -999.0 -999.0 -999 -999 "" "" "" "" 0 0 0.0 0.0 -999 ""
FIBERMAP 1163 R-8C7 APOGEE 0 0 0 1 0 0 -51.84368736595229 -153.2633370566859 143.1 -136.76431237433113 -86.38792970739546 26.116388 96.60592 -999.0 -999.0 -999.0 -999.0 -999.0 141.52300095381736 -1.1370686841108193 141.52567703052608 -1.2447870639595706 55.8305530985755 173.80627947043524 -999.0 16600.0 -999.0 2 -999 {-999.0 -999.0 -999.0 -999.0 -999.0} "" -999.0 -999.0 -999.0 -999.0 -999 -999 "" "" "" "" 0 0 0.0 0.0 -999 ""
FIBERMAP 1163 R-8C7 BOSS 1 1 0 1 0 0 -51.41304228908364 -153.8791380418288 143.1 -136.81758698513326 -87.1373366073515 26.116388 96.60592 141.5230335223618 -1.140238141982299 -112.27374 -151.21803 19.049067 141.5227370570532 -1.1406385175209546 141.52539479192467 -1.2482174235900434 55.82716249287906 173.8073339530207 5400.0 5400.0 2016.0 1 401 {-999.0 20.979992 19.333168 16.946966 -999.0} sdss_psfmag 20.061253 17.605566 16.17442 13.263 63050395170937309 1157791007 bright_1x1 mwm_snc_100pc_bright_boss_single mwm_snc science 0 0 0.0 0.0 -999 ""
FIBERMAP 1163 R-8C7 METROLOGY 0 0 0 1 0 0 -52.164304034537935 -153.9370335256813 143.1 -137.43750118119223 -86.70927802187056 26.116388 96.60592 -999.0 -999.0 -999.0 -999.0 -999.0 141.51992767482975 -1.1386479898697364 141.52259261781325 -1.246262061980125 55.82936387943847 173.8119854345406 -999.0 6231.0 -999.0 -1 -999 {-999.0 -999.0 -999.0 -999.0 -999.0} "" -999.0 -999.0 -999.0 -999.0 -999 -999 "" "" "" "" 0 0 0.0 0.0 -999 ""
FIBERMAP 1167 R-3C5 APOGEE 1 1 0 1 0 0 -173.3283512473356 -68.51454962942465 143.1 -177.75331950940085 55.92280134108105 228.57394 131.50652 141.33645735852744 -0.4906765419087003 -8.377498 -5.5791454 0.97568536 141.33645259090287 -0.4907139930504437 141.34020885242893 -0.5983062629778056 56.49098265495275 174.0345668312165 16000.0 16600.0 2016.0 2 264 {-999.0 11.774142 10.985418 10.6989765 -999.0} sdss_psfmag_from_g3xp 11.547715 11.025864 10.349086 9.001 63050395170992272 1104902656 bright_1x1 mwm_tess_rgb_apogee mwm_tessrgb science 0 0 0.0 0.0 -999 ""
FIBERMAP 1167 R-3C5 BOSS 0 0 0 1 0 0 -174.08846500097465 -68.51846830918329 143.1 -178.34612271837898 56.39835410780978 228.57394 131.50652 -999.0 -999.0 -999.0 -999.0 -999.0 141.33374008669333 -0.48868368505577336 141.3374882932162 -0.5961374231230917 56.49338086549884 174.0391325957836 -999.0 5400.0 -999.0 1 466 {-999.0 -999.0 -999.0 -999.0 -999.0} "" -999.0 -999.0 -999.0 -999.0 -999 -999 "" "" "" "" 0 0 0.0 0.0 -999 ""
FIBERMAP 1167 R-3C5 METROLOGY 0 0 0 1 0 0 -173.70297298294184 -67.87011737327198 143.1 -177.63850752476162 56.65917007297237 228.57394 131.50652 -999.0 -999.0 -999.0 -999.0 -999.0 141.33693991581717 -0.48745370887641404 141.34069294132058 -0.5949511172644433 56.494282649381944 174.0331621038911 -999.0 6231.0 -999.0 -1 -999 {-999.0 -999.0 -999.0 -999.0 -999.0} "" -999.0 -999.0 -999.0 -999.0 -999 -999 "" "" "" "" 0 0 0.0 0.0 -999 ""
FIBERMAP 1169 R-11C9 APOGEE 1 1 0 1 0 0 2.500745458448227 -207.06762121239342 143.1 -128.43537099516058 -162.3918644706242 123.504196 135.50117 141.56233873498735 -1.481219310011178 -2.1622627 -1.9396238 0.21181172 141.56233446283363 -1.4812243983784295 141.56444644147297 -1.5889117756710667 55.48433039477652 173.79327744869965 16000.0 16600.0 2016.0 2 168 {-999.0 13.775914 12.494893 11.921361 -999.0} sdss_psfmag_from_g3xp 13.2822075 12.4379835 11.538375 9.503 63050395170935776 1155705855 bright_1x1 mwm_galactic_core_dist_apogee_extra mwm_galactic science 0 0 0.0 0.0 -999 ""
FIBERMAP 1169 R-11C9 BOSS 0 0 0 1 0 0 2.610126580480843 -206.33005826393554 143.1 -127.8860237382688 -161.88791296382837 123.504196 135.50117 -999.0 -999.0 -999.0 -999.0 -999.0 141.56478983893695 -1.4791346426137688 141.56689209758207 -1.586686687046884 55.486323830632934 173.78862347831196 -999.0 5400.0 -999.0 1 361 {-999.0 -999.0 -999.0 -999.0 -999.0} "" -999.0 -999.0 -999.0 -999.0 -999 -999 "" "" "" "" 0 0 0.0 0.0 -999 ""
FIBERMAP 1169 R-11C9 METROLOGY 0 0 0 1 0 0 3.1993844481621387 -206.79593120673695 143.1 -127.7217127503838 -162.6207481009862 123.504196 135.50117 -999.0 -999.0 -999.0 -999.0 -999.0 141.56555440046304 -1.482396802635128 141.56765488559512 -1.589988795808231 55.48296602571478 173.78781383337727 -999.0 6231.0 -999.0 -1 -999 {-999.0 -999.0 -999.0 -999.0 -999.0} "" -999.0 -999.0 -999.0 -999.0 -999 -999 "" "" "" "" 0 0 0.0 0.0 -999 ""
FIBERMAP 1170 R-5C6 APOGEE 0 0 0 1 0 0 -141.053894932043 -105.35711007609751 143.1 -175.88509859025353 6.988130922888917 252.1941 60.551212 -999.0 -999.0 -999.0 -999.0 -999.0 141.34495645547887 -0.7129179227101798 141.3483492123387 -0.8204643655637376 56.26896156600671 174.05492963549975 -999.0 16600.0 -999.0 2 -999 {-999.0 -999.0 -999.0 -999.0 -999.0} "" -999.0 -999.0 -999.0 -999.0 -999 -999 "" "" "" "" 0 0 0.0 0.0 -999 ""
FIBERMAP 1170 R-5C6 BOSS 1 1 0 1 0 0 -141.57429082086563 -104.82915361858022 143.1 -175.95683839655862 7.725824603056106 252.1941 60.551212 141.34459502796634 -0.709752110155938 -5.3011703 20.207232 11.596162 141.34458507470788 -0.7097006211140705 141.34797125560885 -0.8171115013462695 56.272334604754725 174.0550817062592 5400.0 5400.0 2016.0 1 456 {-999.0 16.899006 15.5315895 14.294409 -999.0} sdss_psfmag 16.398901 15.002292 13.845707 11.682 63050395170939940 1151026487 bright_1x1 mwm_snc_100pc_boss_single mwm_snc science 0 0 0.0 0.0 -999 ""
FIBERMAP 1170 R-5C6 METROLOGY 0 0 0 1 0 0 -140.84173741383484 -104.64181211861435 143.1 -175.26994979701556 7.410078634195568 252.1941 60.551212 -999.0 -999.0 -999.0 -999.0 -999.0 141.34769529723042 -0.7110918897916485 141.35108208126388 -0.8185459021695026 56.27063461046686 174.0497262126381 -999.0 6231.0 -999.0 -1 -999 {-999.0 -999.0 -999.0 -999.0 -999.0} "" -999.0 -999.0 -999.0 -999.0 -999 -999 "" "" "" "" 0 0 0.0 0.0 -999 ""
FIBERMAP 1172 R-3C6 APOGEE 0 0 0 1 0 0 -141.46197256703502 -38.44136428472625 143.1 -134.06936110246926 59.21461493335297 131.59134 51.20986 -999.0 -999.0 -999.0 -999.0 -999.0 141.5340076843736 -0.47512549641141477 141.5377568772994 -0.5830401759881187 56.48840546857961 173.67572842566483 -999.0 16600.0 -999.0 2 -999 {-999.0 -999.0 -999.0 -999.0 -999.0} "" -999.0 -999.0 -999.0 -999.0 -999 -999 "" "" "" "" 0 0 0.0 0.0 -999 ""
FIBERMAP 1172 R-3C6 BOSS 1 1 0 1 0 0 -140.72243729630793 -38.39074975293204 143.1 -133.46313853390254 58.78828508762072 131.59134 51.20986 141.5364711594867 -0.47714380618521246 -37.90116 -4.5147786 1.8931683 141.53671506106443 -0.4771663323904083 141.54044795715993 -0.5849501519874345 56.48625435336396 173.67119613797698 5400.0 5400.0 2016.0 1 467 {-999.0 12.68779 12.271938 12.139492 -999.0} sdss_psfmag_from_g3xp 12.611047 12.291691 11.807862 10.959 63050395170986558 996702908 bright_1x1 mwm_bin_gaia_sb_boss mwm_bin science 0 0 1.2793939113616943 0.0 -999 ""
FIBERMAP 1172 R-3C6 METROLOGY 0 0 0 1 0 0 -141.04791498419794 -39.062023852127666 143.1 -134.13857739489734 58.47187876635855 131.59134 51.20986 -999.0 -999.0 -999.0 -999.0 -999.0 141.53366050874632 -0.4785797032253879 141.53739517340296 -0.586396393444012 56.48509717940736 173.67694371077943 -999.0 6231.0 -999.0 -1 -999 {-999.0 -999.0 -999.0 -999.0 -999.0} "" -999.0 -999.0 -999.0 -999.0 -999 -999 "" "" "" "" 0 0 0.0 0.0 -999 ""
FIBERMAP 1174 R-1C1 APOGEE 0 0 0 1 0 0 -274.40249932091405 -36.2839585598599 143.1 -235.95810317558374 144.594495754408 320.98737 79.46965 -999.0 -999.0 -999.0 -999.0 -999.0 141.07637056715316 -0.09135795033689552 141.08082366268206 -0.19863503618433143 56.911122565609126 174.44388555553553 -999.0 16600.0 -999.0 2 293 {-999.0 -999.0 -999.0 -999.0 -999.0} "" -999.0 -999.0 -999.0 -999.0 -999 -999 "" ops_sky_apogee_best_unassigned ops_sky sky_apogee 0 0 0.0 0.0 -999 ""
FIBERMAP 1174 R-1C1 BOSS 1 1 0 1 0 0 -274.92823188558344 -36.80239846295034 143.1 -236.69283812624508 144.52287480124582 320.98737 79.46965 141.07309492213324 -0.0918518263433733 -5.167205 1.9924263 5.026717 141.07310349258853 -0.09184514559002926 141.07754554172675 -0.19898415271272002 56.91104134931761 174.4499221879243 5400.0 5400.0 2016.0 1 425 {-999.0 20.250568 18.811893 18.094305 -999.0} sdss_psfmag 19.735743 19.191021 17.642607 15.757 63050395170994504 1094436410 bright_1x1 mwm_bin_vis_boss mwm_filler science 0 0 0.0 0.0 -999 ""
FIBERMAP 1174 R-1C1 METROLOGY 0 0 0 1 0 0 -275.11732487692643 -36.070335003314966 143.1 -236.3787609275047 145.21048569209745 320.98737 79.46965 -999.0 -999.0 -999.0 -999.0 -999.0 141.07452315104038 -0.08870186636772115 141.0789731647081 -0.19588161039663382 56.9140174731882 174.4468534662345 -999.0 6231.0 -999.0 -1 -999 {-999.0 -999.0 -999.0 -999.0 -999.0} "" -999.0 -999.0 -999.0 -999.0 -999 -999 "" "" "" "" 0 0 0.0 0.0 -999 ""
FIBERMAP 1176 R+12C11 APOGEE 0 0 0 1 0 0 75.03079014422681 221.06008136916944 143.1 197.45975516777406 124.44222166893346 312.64697 109.89929 -999.0 -999.0 -999.0 -999.0 -999.0 143.03798924575835 -0.1780032535316297 143.04195681373972 -0.2883733006478979 56.61152493462696 170.9038260230729 -999.0 16600.0 -999.0 2 -999 {-999.0 -999.0 -999.0 -999.0 -999.0} "" -999.0 -999.0 -999.0 -999.0 -999 -999 "" "" "" "" 0 0 0.0 0.0 -999 ""
FIBERMAP 1176 R+12C11 BOSS 1 1 0 1 0 0 74.7023642470718 220.3999352665815 143.1 196.7890332099404 124.13631411459957 312.64697 109.89929 143.0350127350313 -0.17932380106323273 -0.22648668 -60.54952 0.95917255 143.03503164591854 -0.17948939683336404 143.0389795128408 -0.289721036846624 56.61058482314454 170.90951356227214 5400.0 5400.0 2016.0 1 102 {-999.0 16.693596 16.168087 15.968006 -999.0} sdss_psfmag 16.583946 16.189545 15.618262 14.517 63050395170989183 1072645766 bright_1x1 mwm_halo_local_high_boss_single mwm_halo science 0 0 0.0 0.0 -999 ""
FIBERMAP 1176 R+12C11 METROLOGY 0 0 0 1 0 0 74.28559178804596 221.02345637146064 143.1 196.85794274844233 124.88298205830293 312.64697 109.89929 -999.0 -999.0 -999.0 -999.0 -999.0 143.0353060631039 -0.17608416306263308 143.0392643122517 -0.2863549635086827 56.61388321350371 170.9081879162471 -999.0 6231.0 -999.0 -1 -999 {-999.0 -999.0 -999.0 -999.0 -999.0} "" -999.0 -999.0 -999.0 -999.0 -999 -999 "" "" "" "" 0 0 0.0 0.0 -999 ""
FIBERMAP 1177 R+4C12 APOGEE 0 0 0 1 0 0 -11.103572722591293 94.70995279622747 143.1 51.00944941684362 80.54690324774242 177.069 50.576378 -999.0 -999.0 -999.0 -999.0 -999.0 142.37570587443932 -0.376386381344177 142.37947356031697 -0.4856673429947978 56.49787256119846 172.14094235067822 -999.0 16600.0 -999.0 2 -999 {-999.0 -999.0 -999.0 -999.0 -999.0} "" -999.0 -999.0 -999.0 -999.0 -999 -999 "" "" "" "" 0 0 0.0 0.0 -999 ""
FIBERMAP 1177 R+4C12 BOSS 1 1 0 1 0 0 -10.60803358528155 95.26348908189033 143.1 51.74283290077592 80.66479242316379 177.069 50.576378 142.3791336904537 -0.37593375869898993 -8.431442 -0.76784253 0.19223903 142.37908291841583 -0.37594180207126365 142.3828351853209 -0.4850939166080732 56.49805551296301 172.13477322448657 5400.0 5400.0 2016.0 1 115 {-999.0 18.14473 17.207619 16.81646 -999.0} sdss_psfmag 17.866512 17.240936 16.455614 14.91 63050395170985719 1061179245 bright_1x1 manual_mwm_halo_distant_kgiant_far_boss_single mwm_halo science 0 0 0.0 0.0 -999 ""
FIBERMAP 1177 R+4C12 METROLOGY 0 0 0 1 0 0 -10.37352283089397 94.55604004125075 143.1 51.47952718310669 79.967701380891 177.069 50.576378 -999.0 -999.0 -999.0 -999.0 -999.0 142.37788313363146 -0.3790823727557303 142.38163500169048 -0.48826979873539855 56.495038800042686 172.13759496460239 -999.0 6231.0 -999.0 -1 -999 {-999.0 -999.0 -999.0 -999.0 -999.0} "" -999.0 -999.0 -999.0 -999.0 -999 -999 "" "" "" "" 0 0 0.0 0.0 -999 ""
FIBERMAP 1189 R-13C11 APOGEE 0 0 0 1 0 0 67.46641132278192 -261.17245592487177 143.1 -112.0467775246516 -245.3167466092309 226.59338 110.17663 -999.0 -999.0 -999.0 -999.0 -999.0 141.6388808679129 -1.8537992123522382 141.6403789727256 -1.9615062943968486 55.10635483059078 173.72040505475275 -999.0 16600.0 -999.0 2 189 {-999.0 -999.0 -999.0 -999.0 -999.0} "" -999.0 -999.0 -999.0 -999.0 -999 -999 "" ops_sky_apogee_best_unassigned ops_sky sky_apogee 0 0 0.0 0.0 -999 ""
FIBERMAP 1189 R-13C11 BOSS 1 1 0 1 0 0 66.78943217231694 -260.8849333275121 143.1 -112.39151257623173 -244.66719313082746 226.59338 110.17663 141.63768230501435 -1.8509158752550023 -131.08884 -31.196617 18.289444 141.63731480622545 -1.851039294435595 141.6388044632414 -1.9586028249852867 55.10939077370969 173.7226772225758 5400.0 5400.0 2016.0 1 336 {-999.0 19.861403 18.147419 16.024975 -999.0} sdss_psfmag 19.170921 16.86659 15.278113 12.267 63050395170907293 1157791030 bright_1x1 mwm_snc_100pc_bright_boss_single mwm_snc science 0 0 0.0 0.0 -999 ""
FIBERMAP 1189 R-13C11 METROLOGY 0 0 0 1 0 0 67.41065254444166 -260.4293719623919 143.1 -111.62220852445728 -244.70452896860502 226.59338 110.17663 -999.0 -999.0 -999.0 -999.0 -999.0 141.6407846726982 -1.851179669415712 141.64227738988825 -1.9587889031241852 55.108886022686164 173.7166650769795 -999.0 6231.0 -999.0 -1 -999 {-999.0 -999.0 -999.0 -999.0 -999.0} "" -999.0 -999.0 -999.0 -999.0 -999 -999 "" "" "" "" 0 0 0.0 0.0 -999 ""
FIBERMAP 1190 R+13C5 APOGEE 1 1 0 1 0 0 -71.50269530290575 245.88149659774513 143.1 99.28426955483671 235.98254955279634 225.65869 89.66587 142.59176154554777 0.32543408389110673 -17.064148 5.5811934 1.5109328 142.5917267259112 0.3254523156925032 142.5965734111099 0.21564491839238095 57.16838675304371 171.59443801680834 16000.0 16600.0 2016.0 2 111 {-999.0 13.817954 13.363365 13.21113 -999.0} sdss_psfmag_from_g3xp 13.727405 13.386084 12.877205 11.977 63050395170991762 1114097259 bright_2x1 openfibertargets_mwm_tess_ellipsoidals_repeat_apogee open_fiber science 0 0 0.0 0.0 -999 ""
FIBERMAP 1190 R+13C5 BOSS 0 0 0 1 0 0 -72.0454108926507 246.3834658905129 143.1 99.17883284802102 236.71411384542733 225.65869 89.66587 -999.0 -999.0 -999.0 -999.0 -999.0 142.59125073355017 0.32860856759648605 142.59608633212605 0.21893185016331235 57.17170862988606 171.59458438862356 -999.0 5400.0 -999.0 1 85 {-999.0 -999.0 -999.0 -999.0 -999.0} "" -999.0 -999.0 -999.0 -999.0 -999 -999 "" "" "" "" 0 0 0.0 0.0 -999 ""
FIBERMAP 1190 R+13C5 METROLOGY 0 0 0 1 0 0 -71.33576393153476 246.61496187372995 143.1 99.87573267328712 236.44708283814714 225.65869 89.66587 -999.0 -999.0 -999.0 -999.0 -999.0 142.59439969420802 0.3274362305811209 142.59923740369328 0.21771782715062699 57.17011637260567 171.58909154068994 -999.0 6231.0 -999.0 -1 -999 {-999.0 -999.0 -999.0 -999.0 -999.0} "" -999.0 -999.0 -999.0 -999.0 -999 -999 "" "" "" "" 0 0 0.0 0.0 -999 ""
FIBERMAP 1192 R-11C4 APOGEE 0 0 0 1 0 0 -108.05634290737402 -199.99049788704463 143.1 -209.8425676045357 -87.28458068358216 135.20204 99.70749 -999.0 -999.0 -999.0 -999.0 -999.0 141.1933017376988 -1.1405597203563351 141.1960192737211 -1.2477454804537729 55.85610560828662 174.39154532575805 -999.0 16600.0 -999.0 2 164 {-999.0 -999.0 -999.0 -999.0 -999.0} "" -999.0 -999.0 -999.0 -999.0 -999 -999 "" ops_sky_apogee_best_unassigned ops_sky sky_apogee 0 0 0.0 0.0 -999 ""
FIBERMAP 1192 R-11C4 BOSS 1 1 0 1 0 0 -107.63394819341362 -199.38069270886658 143.1 -209.13056210419433 -87.07693627601539 135.20204 99.70749 141.19655280740332 -1.139770021305399 -24.898096 -8.532613 5.8215246 141.19647160113624 -1.1397808612683062 141.19917855918925 -1.2468339374504485 55.856754303553714 174.38580332693735 5400.0 5400.0 2016.0 1 349 {-999.0 18.241644 16.828207 15.559587 -999.0} sdss_psfmag 17.68578 16.256388 15.09266 12.898 63050395170938215 1094740928 bright_1x1 mwm_bin_vis_boss mwm_filler science 0 0 0.0 0.0 -999 ""
FIBERMAP 1192 R-11C4 METROLOGY 0 0 0 1 0 0 -107.31099836983974 -200.04991575291635 143.1 -209.30111384983792 -87.80002398472362 135.20204 99.70749 -999.0 -999.0 -999.0 -999.0 -999.0 141.19572697175875 -1.1430093090574236 141.19843199147215 -1.250099406154602 55.85356130944802 174.38760723221895 -999.0 6231.0 -999.0 -1 -999 {-999.0 -999.0 -999.0 -999.0 -999.0} "" -999.0 -999.0 -999.0 -999.0 -999 -999 "" "" "" "" 0 0 0.0 0.0 -999 ""
FIBERMAP 1194 R-7C9 APOGEE 1 1 0 1 0 0 -30.654726740933505 -117.0709384637378 143.1 -97.51999304020633 -71.62077781252941 125.79313 64.04086 141.70078751867442 -1.0700328933978076 6.6560674 -1.9033232 2.946241 141.70080750283347 -1.070052192933162 141.70356652585116 -1.1780738914922335 55.880414110713566 173.47972405086568 16000.0 16600.0 2016.0 2 171 {-999.0 12.413299 11.986945 11.8594 -999.0} sdss_psfmag_from_g3xp 12.330793 12.018788 11.518862 10.542 63050395170937433 1093979761 bright_1x1 mwm_bin_vis_apogee mwm_filler science 0 0 0.0 0.0 -999 ""
FIBERMAP 1194 R-7C9 BOSS 0 0 0 1 0 0 -29.918457193423347 -116.9706519111592 143.1 -96.88503139730186 -72.00647408512627 125.79313 64.04086 -999.0 -999.0 -999.0 -999.0 -999.0 141.70366697655717 -1.071975165012571 141.7064092425647 -1.1798631655460203 55.878361483387046 173.47498525584973 -999.0 5400.0 -999.0 1 388 {-999.0 -999.0 -999.0 -999.0 -999.0} "" -999.0 -999.0 -999.0 -999.0 -999 -999 "" "" "" "" 0 0 0.0 0.0 -999 ""
FIBERMAP 1194 R-7C9 METROLOGY 0 0 0 1 0 0 -30.1978317421076 -117.66207973786409 143.1 -97.53735419260745 -72.36756089538193 125.79313 64.04086 -999.0 -999.0 -999.0 -999.0 -999.0 141.70071248866097 -1.0735719890875286 141.70345635741677 -1.1814938592722979 55.877020293311034 173.4805017561088 -999.0 6231.0 -999.0 -1 -999 {-999.0 -999.0 -999.0 -999.0 -999.0} "" -999.0 -999.0 -999.0 -999.0 -999 -999 "" "" "" "" 0 0 0.0 0.0 -999 ""
FIBERMAP 1200 R+2C7 APOGEE 1 1 0 1 0 0 -143.52864711942567 25.65163523698322 143.1 -95.31906585720435 110.29315206983222 254.38423 96.164955 141.7099270907668 -0.24256628895725685 -21.703503 -9.917351 2.0554373 141.70984483484787 -0.24257943183570285 141.71394132524432 -0.35083823344471576 56.70277207770211 173.3170033336613 16000.0 16600.0 2016.0 2 146 {-999.0 12.492455 12.068602 11.960951 -999.0} sdss_psfmag_from_g3xp 12.417086 12.10372 11.630401 10.842 63050395170993341 1118113400 bright_1x1 openfibertargets_mwm_snc_further_ext_apogee_bright open_fiber science 0 0 0.0 0.0 -999 ""
FIBERMAP 1200 R+2C7 BOSS 0 0 0 1 0 0 -144.26474161810995 25.744213443036628 143.1 -95.83245665218082 110.82852489425659 254.38423 96.164955 -999.0 -999.0 -999.0 -999.0 -999.0 141.7074915764192 -0.24024915031284896 141.71157912466202 -0.3483713188987538 56.70545825335526 173.3208460009749 -999.0 5400.0 -999.0 1 47 {-999.0 -999.0 -999.0 -999.0 -999.0} "" -999.0 -999.0 -999.0 -999.0 -999 -999 "" "" "" "" 0 0 0.0 0.0 -999 ""
FIBERMAP 1200 R+2C7 METROLOGY 0 0 0 1 0 0 -143.81236361494908 26.34108639891931 143.1 -95.10530749912523 111.00724699640402 254.38423 96.164955 -999.0 -999.0 -999.0 -999.0 -999.0 141.7107960266423 -0.23939682583881486 141.71488809337666 -0.34756234347123566 56.705939573427464 173.31470290967607 -999.0 6231.0 -999.0 -1 -999 {-999.0 -999.0 -999.0 -999.0 -999.0} "" -999.0 -999.0 -999.0 -999.0 -999 -999 "" "" "" "" 0 0 0.0 0.0 -999 ""
FIBERMAP 1203 R-3C1 APOGEE 0 0 0 1 0 0 -274.13419232731667 -71.12372461338532 143.1 -257.68615043726226 117.36755256118795 275.86478 44.492653 -999.0 -999.0 -999.0 -999.0 -999.0 140.9788048083022 -0.214796527608032 140.983072433698 -0.3218823093221062 56.79608829469524 174.64011558340223 -999.0 16600.0 -999.0 2 269 {-999.0 -999.0 -999.0 -999.0 -999.0} "" -999.0 -999.0 -999.0 -999.0 -999 -999 "" ops_sky_apogee_best_unassigned ops_sky sky_apogee 0 0 0.0 0.0 -999 ""
FIBERMAP 1203 R-3C1 BOSS 1 1 0 1 0 0 -274.70185085029425 -70.663435294368 143.1 -257.8372021376877 118.08245146568791 275.86478 44.492653 140.9781559368109 -0.21169947025651312 -0.029253867 0.370908 -0.35229596 140.97817053581127 -0.21171951210045184 140.98243282462352 -0.3186718382193573 56.799339084148784 174.64081949620171 5400.0 5400.0 2016.0 1 496 {-999.0 20.025301 20.010881 19.586193 -999.0} sdss_psfmag_ps1 20.075916 19.878225 19.344604 -999.0 63050395170994425 1117237626 bright_1x1 openfibertargets_bhm_quaia_boss open_fiber science 0 0 0.0 0.0 -999 ""
FIBERMAP 1203 R-3C1 METROLOGY 0 0 0 1 0 0 -274.0180223554982 -70.39037299594975 143.1 -257.13418229033783 117.86395885880434 275.86478 44.492653 -999.0 -999.0 -999.0 -999.0 -999.0 140.9812910807563 -0.2126397359830661 140.98555428875073 -0.3196346534974683 56.79813396753449 174.63527492318147 -999.0 6231.0 -999.0 -1 -999 {-999.0 -999.0 -999.0 -999.0 -999.0} "" -999.0 -999.0 -999.0 -999.0 -999 -999 "" "" "" "" 0 0 0.0 0.0 -999 ""
FIBERMAP 1207 R-4C13 APOGEE 0 0 0 1 0 0 1.0216439635856283 -82.24837449440793 143.1 -50.99321549540942 -64.52076367626555 261.44772 28.889282 -999.0 -999.0 -999.0 -999.0 -999.0 141.91232203031268 -1.0376416619152409 141.91510243078363 -1.1460098024653367 55.89153695874096 173.09883209303047 -999.0 16600.0 -999.0 2 -999 {-999.0 -999.0 -999.0 -999.0 -999.0} "" -999.0 -999.0 -999.0 -999.0 -999 -999 "" "" "" "" 0 0 0.0 0.0 -999 ""
FIBERMAP 1207 R-4C13 BOSS 1 1 0 1 0 0 0.7511302058256888 -81.576956490756 143.1 -50.780557697642166 -63.82898698791274 261.44772 28.889282 141.91326508721994 -1.0346576895514474 -0.07805221 0.26755074 0.38520694 141.91327131559484 -1.0346636042606532 141.91604239154532 -1.1428964758948597 55.894539354703355 173.09660354028992 5400.0 5400.0 2016.0 1 363 {-999.0 19.241135 18.925367 18.631098 18.38709} sdss_psfmag_from_gaiadr2 18.92776 18.996994 17.965279 15.983 63050395170983767 1057663132 bright_flexible_2x1 bhm_gua_bright bhm_filler science 0 0 0.0 0.0 -999 ""
FIBERMAP 1207 R-4C13 METROLOGY 0 0 0 1 0 0 1.491968145693189 -81.66918787142993 143.1 -50.26326457525608 -64.3670771021403 261.44772 28.889282 -999.0 -999.0 -999.0 -999.0 -999.0 141.91563235470215 -1.037064942057614 141.91840317047667 -1.1453399021917063 55.89186978310304 173.09285644357826 -999.0 6231.0 -999.0 -1 -999 {-999.0 -999.0 -999.0 -999.0 -999.0} "" -999.0 -999.0 -999.0 -999.0 -999 -999 "" "" "" "" 0 0 0.0 0.0 -999 ""
FIBERMAP 1208 R-3C19 APOGEE 0 0 0 1 0 0 153.36840123581374 -50.702068657175666 143.1 87.18833293404117 -135.94383629951318 25.348667 133.36009 -999.0 -999.0 -999.0 -999.0 -999.0 142.54144365669697 -1.3607399011982124 142.5436171916071 -1.470013758145673 55.50115130591374 172.05297678418182 -999.0 16600.0 -999.0 2 -999 {-999.0 -999.0 -999.0 -999.0 -999.0} "" -999.0 -999.0 -999.0 -999.0 -999 -999 "" "" "" "" 0 0 0.0 0.0 -999 ""
FIBERMAP 1208 R-3C19 BOSS 1 1 0 1 0 0 154.054511544809 -50.93794877877024 143.1 87.57267566487347 -136.5590314102189 25.348667 133.36009 142.5433359348957 -1.3637234932662297 -35.781975 -0.4899585 3.5954413 142.54323411638507 -1.363706401349047 142.54538635044662 -1.4728428335509918 55.4981357216536 172.05045651737692 5400.0 5400.0 2016.0 1 289 {-999.0 16.202084 14.88063 14.323422 -999.0} sdss_psfmag_from_g3xp 15.67738 14.848363 13.954652 12.204 63050395170959464 1095704144 bright_1x1 mwm_bin_vis_boss mwm_filler science 0 0 0.0 0.0 -999 ""
FIBERMAP 1208 R-3C19 METROLOGY 0 0 0 1 0 0 153.50476305938665 -51.435599456517906 143.1 86.83237863158277 -136.59938526294795 25.348667 133.36009 -999.0 -999.0 -999.0 -999.0 -999.0 142.5398628288819 -1.3638541816615117 142.54201992894093 -1.473024794453166 55.498346347182995 172.05639481101426 -999.0 6231.0 -999.0 -1 -999 {-999.0 -999.0 -999.0 -999.0 -999.0} "" -999.0 -999.0 -999.0 -999.0 -999 -999 "" "" "" "" 0 0 0.0 0.0 -999 ""
FIBERMAP 1213 R+9C2 APOGEE 0 0 0 1 0 0 -181.91427579319836 181.5857717959952 143.1 -26.94894618458737 255.56710261622527 170.69142 98.6891 -999.0 -999.0 -999.0 -999.0 -999.0 142.02025610664995 0.41312266172969536 142.02535355657 0.3041952703581354 57.32229007871415 172.6242609073106 -999.0 16600.0 -999.0 2 -999 {-999.0 -999.0 -999.0 -999.0 -999.0} "" -999.0 -999.0 -999.0 -999.0 -999 -999 "" "" "" "" 0 0 0.0 0.0 -999 ""
FIBERMAP 1213 R+9C2 BOSS 1 1 0 1 0 0 -181.90566325137127 182.33310541241894 143.1 -26.47170800606498 256.14209011278894 170.69142 98.6891 142.02247422761872 0.41563022947538936 -0.8648774 -7.933385 0.10761295 142.02242817711314 0.41557921012599647 142.02751500689783 0.306777947463316 57.3246242576499 172.6197643606516 5400.0 5400.0 2016.0 1 19 {-999.0 17.691532 17.386192 17.274178 17.245644} sdss_psfmag_from_gaia 17.6543 17.3924 16.9534 16.144 63050395170997436 968192402 "" ops_std_boss_gdr2 ops_std standard_boss 0 0 0.0 0.0 -999 ""
FIBERMAP 1213 R+9C2 METROLOGY 0 0 0 1 0 0 -181.26270737951643 181.949255747228 143.1 -26.214047984317077 255.43914737350917 170.69142 98.6891 -999.0 -999.0 -999.0 -999.0 -999.0 142.02359075571036 0.4124799661038489 142.0286763809383 0.3036407721996626 57.321379983515435 172.618253601543 -999.0 6231.0 -999.0 -1 -999 {-999.0 -999.0 -999.0 -999.0 -999.0} "" -999.0 -999.0 -999.0 -999.0 -999 -999 "" "" "" "" 0 0 0.0 0.0 -999 ""
FIBERMAP 1215 R-1C15 APOGEE 0 0 0 1 0 0 17.42581067486773 -27.237103061092583 143.1 -3.6158961828385077 -32.1254087572038 239.37744 77.98318 -999.0 -999.0 -999.0 -999.0 -999.0 142.1278369711875 -0.8898618504970047 142.1308227411821 -0.9986125031568519 56.01569387994665 172.6882888213286 -999.0 16600.0 -999.0 2 -999 {-999.0 -999.0 -999.0 -999.0 -999.0} "" -999.0 -999.0 -999.0 -999.0 -999 -999 "" "" "" "" 0 0 0.0 0.0 -999 ""
FIBERMAP 1215 R-1C15 BOSS 1 1 0 1 0 0 16.868870754337692 -26.747339968064477 143.1 -3.7400655767167827 -31.394368132394693 239.37744 77.98318 142.12733549880784 -0.8864544675864366 -20.656618 -86.724815 2.1427565 142.12727868284682 -0.8866874417752822 142.1302548957833 -0.9953012083139355 56.019046921365174 172.6886646914363 5400.0 5400.0 2016.0 1 272 {-999.0 19.575752 18.186308 17.557814 -999.0} sdss_psfmag 19.02243 18.103775 17.184269 15.52 63050395170984045 1072601990 bright_1x1 mwm_halo_local_high_boss_single mwm_halo science 0 0 0.0 0.0 -999 ""
FIBERMAP 1215 R-1C15 METROLOGY 0 0 0 1 0 0 17.573065234404552 -26.5056811068094 143.1 -3.041001444512513 -31.65007314025073 239.37744 77.98318 -999.0 -999.0 -999.0 -999.0 -999.0 142.13046215080104 -0.8878052572084606 142.1334402530809 -0.9964625458578481 56.0175512640016 172.6832217233478 -999.0 6231.0 -999.0 -1 -999 {-999.0 -999.0 -999.0 -999.0 -999.0} "" -999.0 -999.0 -999.0 -999.0 -999 -999 "" "" "" "" 0 0 0.0 0.0 -999 ""
FIBERMAP 1222 R+1C10 APOGEE 0 0 0 1 0 0 -61.24289546290392 24.626493934395366 143.1 -32.05800642595721 57.686784196459215 54.79659 72.82567 -999.0 -999.0 -999.0 -999.0 -999.0 141.99764824939894 -0.48095212690643985 142.00131158506935 -0.5896064823017896 56.43611483336321 172.84200378027958 -999.0 16600.0 -999.0 2 -999 {-999.0 -999.0 -999.0 -999.0 -999.0} "" -999.0 -999.0 -999.0 -999.0 -999 -999 "" "" "" "" 0 0 0.0 0.0 -999 ""
FIBERMAP 1222 R+1C10 BOSS 1 1 0 1 0 0 -60.76618977541867 24.04152954374401 143.1 -32.05609257815415 56.9323247836067 54.79659 72.82567 141.9976501061523 -0.48453219889412863 -0.09540013 0.20940116 0.23576795 141.9976583324447 -0.48449054891688575 142.00130177433726 -0.5930091946522862 56.4327318792427 172.84266628129242 5400.0 5400.0 2016.0 1 30 {-999.0 19.87653 19.453358 19.057623 18.723928} sdss_psfmag_from_gaiadr2 19.64648 19.587078 18.467888 -999.0 63050395170986885 1057663135 bright_flexible_2x1 bhm_gua_bright bhm_filler science 0 0 0.0 0.0 -999 ""
FIBERMAP 1222 R+1C10 METROLOGY 0 0 0 1 0 0 -61.50755897068802 23.928915832560723 143.1 -32.70277646115255 57.31165820347385 54.79659 72.82567 -999.0 -999.0 -999.0 -999.0 -999.0 141.9947103126269 -0.48273677568867257 141.99836109446483 -0.5912894050684558 56.434750195860644 172.8476295951703 -999.0 6231.0 -999.0 -1 -999 {-999.0 -999.0 -999.0 -999.0 -999.0} "" -999.0 -999.0 -999.0 -999.0 -999 -999 "" "" "" "" 0 0 0.0 0.0 -999 ""
FIBERMAP 1226 R+8C2 APOGEE 0 0 0 1 0 0 -161.8441337895309 162.23821710282613 143.1 -23.543588949982944 227.90407393101586 63.90776 66.87777 -999.0 -999.0 -999.0 -999.0 -999.0 142.03570907277947 0.2894582591046354 142.04060466269482 0.18053875402948408 57.19770978514699 172.62091399014537 -999.0 16600.0 -999.0 2 -999 {-999.0 -999.0 -999.0 -999.0 -999.0} "" -999.0 -999.0 -999.0 -999.0 -999 -999 "" "" "" "" 0 0 0.0 0.0 -999 ""
FIBERMAP 1226 R+8C2 BOSS 1 1 0 1 0 0 -161.34803219153346 161.6833603946985 143.1 -23.507654505749677 227.16078499895573 63.90776 66.87777 142.03592821705323 0.28603361170806313 -11.394206 9.718068 1.1458538 142.03588400366755 0.28603223875986344 142.04075983411667 0.17724423629367525 57.194417778006134 172.6212859759273 5400.0 5400.0 2016.0 1 69 {-999.0 18.207 17.053997 16.61092 -999.0} sdss_psfmag 17.796825 17.103985 16.162462 14.459 63050395170996869 1095447820 bright_1x1 mwm_bin_vis_boss mwm_filler science 0 0 0.0 0.0 -999 ""
FIBERMAP 1226 R+8C2 METROLOGY 0 0 0 1 0 0 -162.0703816431706 161.52725023353108 143.1 -24.166953866168537 227.49436172694092 63.90776 66.87777 -999.0 -999.0 -999.0 -999.0 -999.0 142.03289206669896 0.28754857141726026 142.03777494130304 0.17872783198848494 57.196214935398466 172.62646757873082 -999.0 6231.0 -999.0 -1 -999 {-999.0 -999.0 -999.0 -999.0 -999.0} "" -999.0 -999.0 -999.0 -999.0 -999 -999 "" "" "" "" 0 0 0.0 0.0 -999 ""
FIBERMAP 1229 R-10C17 APOGEE 0 0 0 1 0 0 171.45476011220742 -210.18143103928338 143.1 0.8207512113432569 -271.1899733456449 278.71066 77.991264 -999.0 -999.0 -999.0 -999.0 -999.0 142.1497580863915 -1.9699478939462558 142.15100817756365 -2.07843561834111 54.939800106611116 172.85456257472765 -999.0 16600.0 -999.0 2 188 {-999.0 -999.0 -999.0 -999.0 -999.0} "" -999.0 -999.0 -999.0 -999.0 -999 -999 "" ops_sky_apogee_best_unassigned ops_sky sky_apogee 0 0 0.0 0.0 -999 ""
FIBERMAP 1229 R-10C17 BOSS 1 1 0 1 0 0 170.72812781127223 -210.13208828445707 143.1 0.2874864871102441 -270.6941367206903 278.71066 77.991264 142.14736605458342 -1.9678959788504788 -0.5299513 0.15664175 0.0019965393 142.14735705860855 -1.9678917959642381 142.14859572962132 -2.076233782256941 54.94224212154413 172.8583354873537 5400.0 5400.0 2016.0 1 329 {-999.0 19.537338 19.388315 19.360744 -999.0} sdss_psfmag 19.263676 19.10952 18.755182 -999.0 63050395170905701 1117136486 bright_1x1 openfibertargets_bhm_quaia_boss open_fiber science 0 0 0.0 0.0 -999 ""
FIBERMAP 1229 R-10C17 METROLOGY 0 0 0 1 0 0 171.12951615774776 -209.51151474777868 143.1 0.9899577344515497 -270.46490276122233 278.71066 77.991264 -999.0 -999.0 -999.0 -999.0 -999.0 142.15052960444066 -1.9668239085565236 142.15177385919367 -2.075211603101081 54.94292631162126 172.85265026171245 -999.0 6231.0 -999.0 -1 -999 {-999.0 -999.0 -999.0 -999.0 -999.0} "" -999.0 -999.0 -999.0 -999.0 -999 -999 "" "" "" "" 0 0 0.0 0.0 -999 ""
FIBERMAP 1232 R-4C22 APOGEE 0 0 0 1 0 0 231.51519094989987 -59.85778393161791 143.1 142.1155880596191 -192.25869913761815 113.10043 61.680748 -999.0 -999.0 -999.0 -999.0 -999.0 142.78954303343724 -1.6134690610196052 142.7912823119516 -1.7230608253360435 55.220427223120026 171.67353017082957 -999.0 16600.0 -999.0 2 -999 {-999.0 -999.0 -999.0 -999.0 -999.0} "" -999.0 -999.0 -999.0 -999.0 -999 -999 "" "" "" "" 0 0 0.0 0.0 -999 ""
FIBERMAP 1232 R-4C22 BOSS 1 1 0 1 0 0 232.2524271268309 -59.910293148016564 143.1 142.6550944704988 -192.76367156663747 113.10043 61.680748 142.79174346883866 -1.6158805228962172 7.972285 -12.8084135 2.0034134 142.79200288289329 -1.615883977665914 142.79372072380784 -1.7253381197200868 55.21786990485611 171.66977578323943 5400.0 5400.0 2016.0 1 322 {-999.0 14.221091 13.589463 13.343244 -999.0} sdss_psfmag_from_g3xp 14.051225 13.606193 12.992159 11.682 63050395170958706 1075907448 bright_1x1 mwm_erosita_stars_boss mwm_erosita science 0 0 0.8744180202484131 0.0 -999 ""
FIBERMAP 1232 R-4C22 METROLOGY 0 0 0 1 0 0 231.83804898267064 -60.53040914017553 143.1 141.94282289484184 -192.98437131342382 113.10043 61.680748 -999.0 -999.0 -999.0 -999.0 -999.0 142.7887761161349 -1.6168556165975063 142.7904977464251 -1.726344352998936 55.217263672337914 171.67559582746222 -999.0 6231.0 -999.0 -1 -999 {-999.0 -999.0 -999.0 -999.0 -999.0} "" -999.0 -999.0 -999.0 -999.0 -999 -999 "" "" "" "" 0 0 0.0 0.0 -999 ""
FIBERMAP 1240 R+7C16 APOGEE 0 0 0 1 0 0 123.37217992295275 127.34493363573961 143.1 175.99710527170453 21.22159668263125 220.28293 158.16547 -999.0 -999.0 -999.0 -999.0 -999.0 142.94345534381506 -0.645725609583171 142.94670166293884 -0.7558227231936682 56.160565859746924 171.18494038859305 -999.0 16600.0 -999.0 2 66 {-999.0 -999.0 -999.0 -999.0 -999.0} "" -999.0 -999.0 -999.0 -999.0 -999 -999 "" ops_sky_apogee_best_unassigned ops_sky sky_apogee 0 0 0.0 0.0 -999 ""
FIBERMAP 1240 R+7C16 BOSS 1 1 0 1 0 0 122.67092485182133 127.11181898099386 143.1 175.3057037597837 21.482086713271965 220.28293 158.16547 142.94036865234375 -0.6446377472295239 -999.0 -999.0 -999.0 142.94040388286803 -0.6446743726155989 142.9436347178094 -0.7546312534518537 56.16214249531737 171.19012596304182 5400.0 5400.0 2015.5 1 201 {-999.0 -999.0 -999.0 -999.0 -999.0} "" -999.0 -999.0 -999.0 -999.0 27021603143401686 820300141 "" ops_sky_boss_good ops_sky sky_boss 0 0 0.0 0.0 -999 ""
FIBERMAP 1240 R+7C16 METROLOGY 0 0 0 1 0 0 122.80491824734369 127.83888262142537 143.1 175.86755517009263 21.962387210030897 220.28293 158.16547 -999.0 -999.0 -999.0 -999.0 -999.0 142.942919234541 -0.6424528747666794 142.94615815978426 -0.7524527533345109 56.1639777644096 171.18512829150475 -999.0 6231.0 -999.0 -1 -999 {-999.0 -999.0 -999.0 -999.0 -999.0} "" -999.0 -999.0 -999.0 -999.0 -999 -999 "" "" "" "" 0 0 0.0 0.0 -999 ""
FIBERMAP 1241 R+7C13 APOGEE 0 0 0 1 0 0 68.54095562614508 130.90703291078898 143.1 135.65573430477005 58.51186945635966 343.65985 113.39112 -999.0 -999.0 -999.0 -999.0 -999.0 142.76048142054563 -0.4763850207070332 142.76402545835668 -0.5862428192551623 56.351936727972365 171.47242090947972 -999.0 16600.0 -999.0 2 48 {-999.0 -999.0 -999.0 -999.0 -999.0} "" -999.0 -999.0 -999.0 -999.0 -999 -999 "" ops_sky_apogee_best_unassigned ops_sky sky_apogee 0 0 0.0 0.0 -999 ""
FIBERMAP 1241 R+7C13 BOSS 1 1 0 1 0 0 68.63538523483457 130.1670984742673 143.1 135.26318173486945 57.87774926058711 343.65985 113.39112 142.7587640423297 -0.4793912742315043 -3.3134375 -0.755085 0.31111735 142.75878192135374 -0.47937919476975094 142.7623045540272 -0.5890986414624769 56.34931772009119 171.4761447681814 5400.0 5400.0 2016.0 1 150 {-999.0 16.880127 16.49609 16.377583 -999.0} sdss_psfmag 16.824263 16.52218 16.05334 15.119 63050395170987986 977051821 "" ops_std_boss ops_std standard_boss 0 0 0.0 0.0 -999 ""
FIBERMAP 1241 R+7C13 METROLOGY 0 0 0 1 0 0 67.94469591909593 130.45415973564832 143.1 134.90750832594946 58.535576881471236 343.65985 113.39112 -999.0 -999.0 -999.0 -999.0 -999.0 142.75714573983188 -0.4763559557648027 142.76067824065586 -0.5861119000309272 56.35248384748022 171.47838499542942 -999.0 6231.0 -999.0 -1 -999 {-999.0 -999.0 -999.0 -999.0 -999.0} "" -999.0 -999.0 -999.0 -999.0 -999 -999 "" "" "" "" 0 0 0.0 0.0 -999 ""
FIBERMAP 1251 R+6C7 APOGEE 1 1 0 1 0 0 -103.99166104545414 100.447763567204 143.1 -17.518550573231582 143.48895513541967 292.0121 37.680676 142.06335475828365 -0.0910694956292781 3.064941 -2.4718199 0.93817055 142.06336974541549 -0.09105316499502654 142.06764863382318 -0.1999160615962845 56.81655681541406 172.64686295785935 16000.0 16600.0 2016.0 2 100 {-999.0 11.744629 10.973522 10.685364 -999.0} sdss_psfmag_from_g3xp 11.525397 11.009746 10.336331 8.941 63050395170987892 1108474366 bright_1x1 mwm_tess_rgb_apogee mwm_tessrgb science 0 0 0.0 0.0 -999 ""
FIBERMAP 1251 R+6C7 BOSS 0 0 0 1 0 0 -104.62434024128854 100.83793364353666 143.1 -17.764249733929784 144.19033598677694 292.0121 37.680676 -999.0 -999.0 -999.0 -999.0 -999.0 142.06225657310455 -0.08795462669501786 142.06652626862643 -0.19668380800326132 56.81989107706057 172.6482662500055 -999.0 5400.0 -999.0 1 66 {-999.0 -999.0 -999.0 -999.0 -999.0} "" -999.0 -999.0 -999.0 -999.0 -999 -999 "" "" "" "" 0 0 0.0 0.0 -999 ""
FIBERMAP 1251 R+6C7 METROLOGY 0 0 0 1 0 0 -103.93646853683835 101.20188824346127 143.1 -17.000860554549345 144.0398883536092 292.0121 37.680676 -999.0 -999.0 -999.0 -999.0 -999.0 142.06572580459016 -0.08860201422458844 142.0699979054674 -0.1973741570663507 56.81883103756611 172.64209549844531 -999.0 6231.0 -999.0 -1 -999 {-999.0 -999.0 -999.0 -999.0 -999.0} "" -999.0 -999.0 -999.0 -999.0 -999 -999 "" "" "" "" 0 0 0.0 0.0 -999 ""
FIBERMAP 1252 R+13C7 APOGEE 1 1 0 1 0 0 0.9327952773591601 249.13684941590435 143.1 157.59036768187303 192.9026853514138 344.28662 120.0648 142.8562447610123 0.13125007972952668 -12.139448 -14.591923 2.1532152 142.85621342100836 0.13122569096871603 142.86070198851473 0.021055922617350016 56.94204609053292 171.15774873390095 16000.0 16600.0 2016.0 2 46 {-999.0 12.78204 12.086215 11.876465 -999.0} sdss_psfmag_from_g3xp 12.597008 12.144145 11.534609 10.433 63050395170991197 1113930776 bright_1x1 openfibertargets_mwm_subgiant_nataf24_apogee open_fiber science 0 0 0.0 0.0 -999 ""
FIBERMAP 1252 R+13C7 BOSS 0 0 0 1 0 0 1.148346676370716 248.42919782636952 143.1 157.3122098102305 192.2173745236966 344.28662 120.0648 -999.0 -999.0 -999.0 -999.0 -999.0 142.85501835047228 0.12803987079559812 142.85948492689056 0.018004637377622177 56.93917767945312 171.16068395468463 -999.0 5400.0 -999.0 1 167 {-999.0 -999.0 -999.0 -999.0 -999.0} "" -999.0 -999.0 -999.0 -999.0 -999 -999 "" "" "" "" 0 0 0.0 0.0 -999 ""
FIBERMAP 1252 R+13C7 METROLOGY 0 0 0 1 0 0 0.4206416638463377 248.59642094838384 143.1 156.85233388151175 192.8054373495133 344.28662 120.0648 -999.0 -999.0 -999.0 -999.0 -999.0 142.8529166192688 0.13072434199371102 142.85739270626635 0.020654305097698385 56.942075436800685 171.1638596679036 -999.0 6231.0 -999.0 -1 -999 {-999.0 -999.0 -999.0 -999.0 -999.0} "" -999.0 -999.0 -999.0 -999.0 -999 -999 "" "" "" "" 0 0 0.0 0.0 -999 ""
FIBERMAP 1254 R+2C6 APOGEE 0 0 0 1 0 0 -147.64226467952258 46.679768047808885 143.1 -85.27376941375346 129.21456015164253 34.700714 123.956795 -999.0 -999.0 -999.0 -999.0 -999.0 141.75549054825558 -0.15662047956391872 141.759718131817 -0.2649751851976518 56.783704430590234 173.21850192806778 -999.0 16600.0 -999.0 2 -999 {-999.0 -999.0 -999.0 -999.0 -999.0} "" -999.0 -999.0 -999.0 -999.0 -999 -999 "" "" "" "" 0 0 0.0 0.0 -999 ""
FIBERMAP 1254 R+2C6 BOSS 1 1 0 1 0 0 -146.96762651177832 46.432386620868556 143.1 -84.90557807747307 128.5976559414039 34.700714 123.956795 141.75716833672402 -0.15950807285480348 1.4836038 -1.0631791 0.08664746 141.7571420929684 -0.15949512342609165 141.7613514548584 -0.26771862472040836 56.78081234529505 173.21603256698273 5400.0 5400.0 2016.0 1 48 {-999.0 15.39543 15.0946665 14.975926 -999.0} sdss_psfmag 15.265483 15.037508 14.632472 13.863 63050395170993397 1093530181 bright_1x1 mwm_astar_core_boss_single mwm_ob science 0 0 0.0 0.0 -999 ""
FIBERMAP 1254 R+2C6 METROLOGY 0 0 0 1 0 0 -147.52296024784127 45.94327063906056 143.1 -85.64483908281406 128.56744717108788 34.700714 123.956795 -999.0 -999.0 -999.0 -999.0 -999.0 141.753788187056 -0.15961581293861557 141.75800171472707 -0.267871631291143 56.78099267550452 173.2221444443992 -999.0 6231.0 -999.0 -1 -999 {-999.0 -999.0 -999.0 -999.0 -999.0} "" -999.0 -999.0 -999.0 -999.0 -999 -999 "" "" "" "" 0 0 0.0 0.0 -999 ""
FIBERMAP 1256 R-7C15 APOGEE 0 0 0 1 0 0 114.77490818474254 -142.00970289803757 143.1 -0.2756909845957084 -182.55721819696288 352.95752 100.11511 -999.0 -999.0 -999.0 -999.0 -999.0 142.14415461808284 -1.5726697059106014 142.14604272090514 -1.68125907544292 55.33529778055111 172.79015373158387 -999.0 16600.0 -999.0 2 -999 {-999.0 -999.0 -999.0 -999.0 -999.0} "" -999.0 -999.0 -999.0 -999.0 -999 -999 "" "" "" "" 0 0 0.0 0.0 -999 ""
FIBERMAP 1256 R-7C15 BOSS 1 1 0 1 0 0 114.77107853648869 -142.84893185133032 143.1 -0.8070753261343695 -183.2065869122772 352.95752 100.11511 142.14175229944198 -1.5758105745587097 -999.0 -999.0 -999.0 142.14176016185758 -1.575797912129094 142.1436286495216 -1.6842421773451246 55.33258602273669 172.7949259520254 5400.0 5400.0 2016.0 1 317 {-999.0 18.628187 18.938 19.032598 -999.0} sdss_psfmag 18.945976 20.768929 18.442215 -999.0 63050395170908534 1164988508 bright_1x1 openfibertargets_bhm_clu_boss open_fiber science 0 0 0.0 0.0 -999 ""
FIBERMAP 1256 R-7C15 METROLOGY 0 0 0 1 0 0 114.15654431399551 -142.42718116557558 143.1 -1.0187980099709095 -182.4921040069807 352.95752 100.11511 -999.0 -999.0 -999.0 -999.0 -999.0 142.14078866806253 -1.5725258620112452 142.142666758992 -1.6810093089213491 55.335902286377014 172.79600726179862 -999.0 6231.0 -999.0 -1 -999 {-999.0 -999.0 -999.0 -999.0 -999.0} "" -999.0 -999.0 -999.0 -999.0 -999 -999 "" "" "" "" 0 0 0.0 0.0 -999 ""
FIBERMAP 1260 R+1C4 APOGEE 0 0 0 1 0 0 -213.27921403425054 1.3573855952725964 143.1 -164.78682077724073 135.34280776129646 302.63278 77.39907 -999.0 -999.0 -999.0 -999.0 -999.0 141.3956267258651 -0.1306389108637584 141.39995955423075 -0.2384224442199266 56.844156926675595 173.86822760368628 -999.0 16600.0 -999.0 2 -999 {-999.0 -999.0 -999.0 -999.0 -999.0} "" -999.0 -999.0 -999.0 -999.0 -999 -999 "" "" "" "" 0 0 0.0 0.0 -999 ""
FIBERMAP 1260 R+1C4 BOSS 1 1 0 1 0 0 -213.9685335633585 1.0781563186895937 143.1 -165.49798815067504 135.55996819870396 302.63278 77.39907 141.39236981575812 -0.12973842295139038 0.19027132 -10.269024 2.139775 141.39240050544896 -0.12978237861027145 141.3967233221141 -0.237428057304353 56.84543783835762 173.87395773902279 5400.0 5400.0 2016.0 1 62 {-999.0 18.734129 17.3379 16.437222 -999.0} sdss_psfmag 18.165625 17.066313 16.033447 14.065 63050395170993150 1095560908 bright_1x1 mwm_bin_vis_boss mwm_filler science 0 0 0.0 0.0 -999 ""
FIBERMAP 1260 R+1C4 METROLOGY 0 0 0 1 0 0 -213.8659594223407 1.81824547643685 143.1 -164.95233688123133 136.07016759536683 302.63278 77.39907 -999.0 -999.0 -999.0 -999.0 -999.0 141.3948722299765 -0.1274296259700184 141.39920183074827 -0.23511757897344124 56.847516489000846 173.86906475409592 -999.0 6231.0 -999.0 -1 -999 {-999.0 -999.0 -999.0 -999.0 -999.0} "" -999.0 -999.0 -999.0 -999.0 -999 -999 "" "" "" "" 0 0 0.0 0.0 -999 ""
FIBERMAP 1265 R+5C6 APOGEE 0 0 0 1 0 0 -133.51783088095925 95.74045821880814 143.1 -43.41369473521951 158.42385239643352 161.00017 135.53111 -999.0 -999.0 -999.0 -999.0 -999.0 141.9456294860905 -0.02374664324156024 141.95003771518083 -0.13244011268368847 56.896136927613384 172.8476580368654 -999.0 16600.0 -999.0 2 -999 {-999.0 -999.0 -999.0 -999.0 -999.0} "" -999.0 -999.0 -999.0 -999.0 -999 -999 "" "" "" "" 0 0 0.0 0.0 -999 ""
FIBERMAP 1265 R+5C6 BOSS 1 1 0 1 0 0 -133.89441556312292 96.36454062319845 143.1 -43.313220287466045 159.14565253448998 161.00017 135.53111 141.94584882836855 -0.020560467954782467 -16.350657 4.427734 1.3180424 141.94608429589272 -0.02055858153204246 141.95048363544475 -0.12912121039825272 56.89939089520437 172.84620971066715 5400.0 5400.0 2016.0 1 50 {-999.0 13.5597315 13.101528 12.955793 -999.0} sdss_psfmag_from_g3xp 13.467102 13.12968 12.620466 11.674 63050395170993660 1075907479 bright_1x1 mwm_erosita_stars_boss mwm_erosita science 0 0 1.0275919437408447 0.0 -999 ""
FIBERMAP 1265 R+5C6 METROLOGY 0 0 0 1 0 0 -133.15779788919824 96.3939398370312 143.1 -42.72262160678573 158.70468302164346 161.00017 135.53111 -999.0 -999.0 -999.0 -999.0 -999.0 141.9487666770734 -0.022517845805177242 141.9531663223858 -0.1311217443238458 56.89712035485378 172.84170826297887 -999.0 6231.0 -999.0 -1 -999 {-999.0 -999.0 -999.0 -999.0 -999.0} "" -999.0 -999.0 -999.0 -999.0 -999 -999 "" "" "" "" 0 0 0.0 0.0 -999 ""
FIBERMAP 1266 R-1C23 APOGEE 0 0 0 1 0 0 201.9783118419833 -17.190834300177304 143.1 146.0407373664091 -140.5242480140522 149.61041 133.99785 -999.0 -999.0 -999.0 -999.0 -999.0 142.80802918852308 -1.3801294353648106 142.8101353348788 -1.4898147038826695 55.449611810890154 171.5904424090803 -999.0 16600.0 -999.0 2 -999 {-999.0 -999.0 -999.0 -999.0 -999.0} "" -999.0 -999.0 -999.0 -999.0 -999 -999 "" "" "" "" 0 0 0.0 0.0 -999 ""
FIBERMAP 1266 R-1C23 BOSS 1 1 0 1 0 0 201.78357465451975 -16.46481797524613 143.1 146.34662354519847 -139.83777978084686 149.61041 133.99785 142.80951498880833 -1.3771222708790065 -8.16404 -20.248774 0.5844867 142.80947209824777 -1.3771915710078768 142.8115653857746 -1.4867403616071853 55.45248689605674 171.58727375022852 5400.0 5400.0 2016.0 1 312 {-999.0 16.867193 16.384892 16.224072 -999.0} sdss_psfmag 16.77019 16.412655 15.887503 14.907 63050395170959546 1072645790 bright_1x1 mwm_halo_local_high_boss_single mwm_halo science 0 0 0.0 0.0 -999 ""
FIBERMAP 1266 R-1C23 METROLOGY 0 0 0 1 0 0 202.5118668922188 -16.669316334158875 143.1 146.78348564779776 -140.45516184037564 149.61041 133.99785 -999.0 -999.0 -999.0 -999.0 -999.0 142.81142731954031 -1.379923791201307 142.81352091511854 -1.4895144066684107 55.44949332887748 171.58445497024007 -999.0 6231.0 -999.0 -1 -999 {-999.0 -999.0 -999.0 -999.0 -999.0} "" -999.0 -999.0 -999.0 -999.0 -999 -999 "" "" "" "" 0 0 0.0 0.0 -999 ""
FIBERMAP 1270 R+5C12 APOGEE 0 0 0 1 0 0 10.379717978211955 77.73365789162746 143.1 57.005350777678096 53.83572173404824 312.1072 64.99972 -999.0 -999.0 -999.0 -999.0 -999.0 142.4032717929652 -0.49788487498362916 142.40684096441186 -0.6071766269374745 56.37402022110846 172.11708259163177 -999.0 16600.0 -999.0 2 8 {-999.0 -999.0 -999.0 -999.0 -999.0} "" -999.0 -999.0 -999.0 -999.0 -999 -999 "" ops_sky_apogee_best_unassigned ops_sky sky_apogee 0 0 0.0 0.0 -999 ""
FIBERMAP 1270 R+5C12 BOSS 1 1 0 1 0 0 9.665877895781788 77.52950793277894 143.1 56.32241248482415 54.126630944530696 312.1072 64.99972 142.40018390114946 -0.49636621781931817 20.042519 -117.82936 2.1907728 142.40020598508016 -0.4966707470905154 142.40376194627208 -0.6058230871148578 56.37571970898118 172.12232362507936 5400.0 5400.0 2016.0 1 116 {-999.0 19.94588 18.533794 17.205692 -999.0} sdss_psfmag 19.333097 17.898375 16.72629 14.603 63050395170985533 1073318432 bright_1x1 mwm_halo_local_high_boss_single mwm_halo science 0 0 0.0 0.0 -999 ""
FIBERMAP 1270 R+5C12 METROLOGY 0 0 0 1 0 0 9.842311151362226 78.2456764649132 143.1 56.91036448082171 54.57174811808339 312.1072 64.99972 -999.0 -999.0 -999.0 -999.0 -999.0 142.40286754431312 -0.49460882816537594 142.40643078470436 -0.6038041546794762 56.37741749307347 172.11711593606222 -999.0 6231.0 -999.0 -1 -999 {-999.0 -999.0 -999.0 -999.0 -999.0} "" -999.0 -999.0 -999.0 -999.0 -999 -999 "" "" "" "" 0 0 0.0 0.0 -999 ""
FIBERMAP 1271 R-4C14 APOGEE 0 0 0 1 0 0 25.48319460643329 -83.29370389742542 143.1 -32.65353957442547 -80.73452111590957 246.48479 56.73434 -999.0 -999.0 -999.0 -999.0 -999.0 141.9959683462366 -1.1113190073302044 141.9986179200274 -1.2198001243406293 55.80961167471513 172.96427806006872 -999.0 16600.0 -999.0 2 -999 {-999.0 -999.0 -999.0 -999.0 -999.0} "" -999.0 -999.0 -999.0 -999.0 -999 -999 "" "" "" "" 0 0 0.0 0.0 -999 ""
FIBERMAP 1271 R-4C14 BOSS 1 1 0 1 0 0 25.07329189392569 -82.67795534381224 143.1 -32.58418859619052 -79.99821510832318 246.48479 56.73434 141.99627138894482 -1.1081445459562118 -0.57659674 -5.513214 0.6012594 141.9962752420924 -1.108148727182651 141.99891557431306 -1.216493211302233 55.81287032907742 172.96314495945973 5400.0 5400.0 2016.0 1 324 {-999.0 17.723494 17.161198 16.915596 -999.0} sdss_psfmag 17.582754 17.168505 16.583696 15.428 63050395170983625 944390047 bright_1x1 openfibertargets_nov2020_6c open_fiber science 0 0 0.0 0.0 -999 ""
FIBERMAP 1271 R-4C14 METROLOGY 0 0 0 1 0 0 25.81551369721591 -82.6257023986148 143.1 -31.974847948399812 -80.42496403609763 246.48479 56.73434 -999.0 -999.0 -999.0 -999.0 -999.0 141.9990527692413 -1.1100400523038207 142.00169370087104 -1.218427530320054 55.81066003255131 172.95858316468218 -999.0 6231.0 -999.0 -1 -999 {-999.0 -999.0 -999.0 -999.0 -999.0} "" -999.0 -999.0 -999.0 -999.0 -999 -999 "" "" "" "" 0 0 0.0 0.0 -999 ""
FIBERMAP 1272 R+1C9 APOGEE 1 1 0 1 0 0 -97.72537958189444 36.83024827447444 143.1 -52.70787421071556 90.13546848236656 113.7724 77.385056 141.9035780663223 -0.33355732154669687 -22.788845 10.044379 1.8986369 141.90351156218023 -0.3335490328239972 141.9074280120571 -0.44209297775445516 56.59257258742317 172.9835013398818 16000.0 16600.0 2016.0 2 147 {-999.0 9.993735 9.215252 8.9185705 -999.0} sdss_psfmag_from_g3xp 9.771416 9.250665 8.571511 7.203 63050395170987501 1106242314 bright_1x1 mwm_tess_rgb_apogee mwm_tessrgb science 0 0 0.0 0.0 -999 ""
FIBERMAP 1272 R+1C9 BOSS 0 0 0 1 0 0 -96.98888606873514 36.97486100286859 143.1 -52.04482920122172 89.78405673881042 113.7724 77.385056 -999.0 -999.0 -999.0 -999.0 -999.0 141.90651809817797 -0.3352299019516453 141.91041748023645 -0.4436441900941282 56.59072240312537 172.9783902942171 -999.0 5400.0 -999.0 1 45 {-999.0 -999.0 -999.0 -999.0 -999.0} "" -999.0 -999.0 -999.0 -999.0 -999 -999 "" "" "" "" 0 0 0.0 0.0 -999 ""
FIBERMAP 1272 R+1C9 METROLOGY 0 0 0 1 0 0 -97.22955053892063 36.26014378288325 143.1 -52.68175202132686 89.38050910026588 113.7724 77.385056 -999.0 -999.0 -999.0 -999.0 -999.0 141.90362223861268 -0.33704139306953146 141.9075231242876 -0.44548854976975905 56.589185206716365 172.98396296879343 -999.0 6231.0 -999.0 -1 -999 {-999.0 -999.0 -999.0 -999.0 -999.0} "" -999.0 -999.0 -999.0 -999.0 -999 -999 "" "" "" "" 0 0 0.0 0.0 -999 ""
FIBERMAP 1276 R-2C3 APOGEE 0 0 0 1 0 0 -214.05540956054432 -21.277450136999725 143.1 -179.6413893525888 118.25237758904959 115.53035 49.347744 -999.0 -999.0 -999.0 -999.0 -999.0 141.32843163146293 -0.20830782555077754 141.33264960962822 -0.3159623168012162 56.77290297727115 174.00327706055802 -999.0 16600.0 -999.0 2 257 {-999.0 -999.0 -999.0 -999.0 -999.0} "" -999.0 -999.0 -999.0 -999.0 -999 -999 "" ops_sky_apogee_best_unassigned ops_sky sky_apogee 0 0 0.0 0.0 -999 ""
FIBERMAP 1276 R-2C3 BOSS 1 1 0 1 0 0 -213.3311138220495 -21.443768752302557 143.1 -179.18359169604807 117.6671638476642 115.53035 49.347744 141.33047576246764 -0.21105736249487778 -4.452459 1.8163804 0.26779705 141.33046126483453 -0.21105149977423504 141.33466265860483 -0.3185752610449548 56.77012325037127 174.00003674908234 5400.0 5400.0 2016.0 1 475 {-999.0 17.256786 16.900606 16.765833 -999.0} sdss_psfmag_ps1 17.19788 16.884968 16.433208 15.349 63050395170993079 977051839 "" ops_std_boss ops_std standard_boss 0 0 0.0 0.0 -999 ""
FIBERMAP 1276 R-2C3 METROLOGY 0 0 0 1 0 0 -213.84914635102507 -21.99534209044356 143.1 -179.93320853518398 117.56496186313127 115.53035 49.347744 -999.0 -999.0 -999.0 -999.0 -999.0 141.32708720300207 -0.21150107324422882 141.3312917879465 -0.3190570343584626 56.76993947161616 174.00624132011632 -999.0 6231.0 -999.0 -1 -999 {-999.0 -999.0 -999.0 -999.0 -999.0} "" -999.0 -999.0 -999.0 -999.0 -999 -999 "" "" "" "" 0 0 0.0 0.0 -999 ""
FIBERMAP 1281 R+5C7 APOGEE 0 0 0 1 0 0 -86.21645776968832 93.22284030510396 143.1 -8.262673736855987 126.68584435442199 2.136379 100.64755 -999.0 -999.0 -999.0 -999.0 -999.0 142.1055628193505 -0.16713847879304414 142.10971205611696 -0.27604812451826843 56.736324979759296 172.58555810918344 -999.0 16600.0 -999.0 2 108 {-999.0 -999.0 -999.0 -999.0 -999.0} "" -999.0 -999.0 -999.0 -999.0 -999 -999 "" ops_sky_apogee_best_unassigned ops_sky sky_apogee 0 0 0.0 0.0 -999 ""
FIBERMAP 1281 R+5C7 BOSS 1 1 0 1 0 0 -86.06704618184447 92.50013516914387 143.1 -8.601676806868753 126.03048642823117 2.136379 100.64755 142.1040344238281 -0.17019035054852338 -999.0 -999.0 -999.0 142.10403566222143 -0.17019222475737134 142.1081657320891 -0.27896544001977036 56.73359263991977 172.58893756554136 5400.0 5400.0 2015.5 1 54 {-999.0 -999.0 -999.0 -999.0 -999.0} "" -999.0 -999.0 -999.0 -999.0 27021603143415212 812263235 "" ops_sky_boss_good ops_sky sky_boss 0 0 0.0 0.0 -999 ""
FIBERMAP 1281 R+5C7 METROLOGY 0 0 0 1 0 0 -86.77558850636214 92.72991111540176 143.1 -9.007284589271157 126.65506482296541 2.136379 100.64755 -999.0 -999.0 -999.0 -999.0 -999.0 142.10218290708266 -0.1673349312509873 142.10632201267032 -0.2761437238685937 56.73659765292503 172.59172115159828 -999.0 6231.0 -999.0 -1 -999 {-999.0 -999.0 -999.0 -999.0 -999.0} "" -999.0 -999.0 -999.0 -999.0 -999 -999 "" "" "" "" 0 0 0.0 0.0 -999 ""
FIBERMAP 1285 R+9C4 APOGEE 0 0 0 1 0 0 -142.8809029699027 163.89992232826106 143.1 -7.769685502102339 217.25466056390002 287.41016 13.496474 -999.0 -999.0 -999.0 -999.0 -999.0 142.10726067032354 0.24184548544437862 142.11206619263731 0.13282483388041974 57.14249869912342 172.49946855123144 -999.0 16600.0 -999.0 2 -999 {-999.0 -999.0 -999.0 -999.0 -999.0} "" -999.0 -999.0 -999.0 -999.0 -999 -999 "" "" "" "" 0 0 0.0 0.0 -999 ""
FIBERMAP 1285 R+9C4 BOSS 1 1 0 1 0 0 -143.27791246556697 164.53403411795105 143.1 -7.6787589336987905 217.99711016838995 287.41016 13.496474 142.10779655667187 0.2460489137080935 -182.75053 -322.4373 31.069563 142.10768199684136 0.24509106769035893 142.11247817035536 0.13619999006282224 57.14580823224615 172.49803084198396 5400.0 5400.0 2016.0 1 15 {-999.0 15.971738 14.449134 13.114728 -999.0} sdss_psfmag_from_g3xp 15.344731 13.829551 12.636004 10.439 63050395170997006 1151016216 bright_1x1 mwm_snc_100pc_boss_single mwm_snc science 0 0 1.0220733880996704 0.0 -999 ""
FIBERMAP 1285 R+9C4 METROLOGY 0 0 0 1 0 0 -142.53510821188755 164.56104861411046 143.1 -7.084857006478188 217.55039328187385 287.41016 13.496474 -999.0 -999.0 -999.0 -999.0 -999.0 142.11037401751432 0.24311913878221314 142.11517061280676 0.134187163126145 57.14351189927956 172.49350547100272 -999.0 6231.0 -999.0 -1 -999 {-999.0 -999.0 -999.0 -999.0 -999.0} "" -999.0 -999.0 -999.0 -999.0 -999 -999 "" "" "" "" 0 0 0.0 0.0 -999 ""
FIBERMAP 1287 R+12C7 APOGEE 0 0 0 1 0 0 -3.8313566119365063 238.7498910086238 143.1 147.35031052808088 187.83543174607934 66.599815 57.46966 -999.0 -999.0 -999.0 -999.0 -999.0 142.8102528931351 0.10867141526506874 142.8147143551098 -0.00142065923708043 56.925670695367145 171.24663408315809 -999.0 16600.0 -999.0 2 -999 {-999.0 -999.0 -999.0 -999.0 -999.0} "" -999.0 -999.0 -999.0 -999.0 -999 -999 "" "" "" "" 0 0 0.0 0.0 -999 ""
FIBERMAP 1287 R+12C7 BOSS 1 1 0 1 0 0 -3.3991827380133977 238.14257831783382 143.1 147.30356779348688 187.09165461944414 66.599815 57.46966 142.81010930446834 0.10519983121239586 -0.05451887 0.09787249 0.2152972 142.81010381525076 0.10522014658798283 142.81454282278713 -0.004738846894128411 56.92240173392127 171.2477237993771 5400.0 5400.0 2016.0 1 155 {-999.0 19.375542 19.336288 19.177305 -999.0} sdss_psfmag 19.470263 19.244202 18.80565 -999.0 63050395170991193 1117136916 bright_1x1 openfibertargets_bhm_quaia_boss open_fiber science 0 0 0.0 0.0 -999 ""
FIBERMAP 1287 R+12C7 METROLOGY 0 0 0 1 0 0 -4.141158880101724 238.07115355190618 143.1 146.6823466377766 187.50335923871293 66.599815 57.46966 -999.0 -999.0 -999.0 -999.0 -999.0 142.8072791917378 0.10711545971717887 142.811726554826 -0.0028770232496472185 56.92460851054627 171.25240531079018 -999.0 6231.0 -999.0 -1 -999 {-999.0 -999.0 -999.0 -999.0 -999.0} "" -999.0 -999.0 -999.0 -999.0 -999 -999 "" "" "" "" 0 0 0.0 0.0 -999 ""
FIBERMAP 1289 R-2C15 APOGEE 1 1 0 1 0 0 27.742691285505323 -47.31715133124345 143.1 -8.246531663039985 -54.216302536541455 248.05371 68.09991 142.10693459614 -0.9904759392730245 -13.908347 0.29895777 1.9387246 142.1069057085666 -0.9904998095347182 142.1097331340991 -1.0991899298224435 55.91793802932352 172.74491062703623 16000.0 16600.0 2016.0 2 219 {-999.0 12.014179 11.704227 11.623312 -999.0} sdss_psfmag_from_g3xp 11.973334 11.714287 11.295975 10.626 63050395170983723 946401551 bright_1x1 openfibertargets_nov2020_9 open_fiber science 0 0 0.0 0.0 -999 ""
FIBERMAP 1289 R-2C15 BOSS 0 0 0 1 0 0 27.21112560739755 -46.80865227062387 143.1 -8.339197498965223 -53.48668735868117 248.05371 68.09991 -999.0 -999.0 -999.0 -999.0 -999.0 142.10648835215545 -0.9873454768424403 142.10930622599295 -1.095898414726848 55.921256260358724 172.7450441499899 -999.0 5400.0 -999.0 1 273 {-999.0 -999.0 -999.0 -999.0 -999.0} "" -999.0 -999.0 -999.0 -999.0 -999 -999 "" "" "" "" 0 0 0.0 0.0 -999 ""
FIBERMAP 1289 R-2C15 METROLOGY 0 0 0 1 0 0 27.92364854713766 -46.582033296264875 143.1 -7.6431348174412665 -53.75931687746634 248.05371 68.09991 -999.0 -999.0 -999.0 -999.0 -999.0 142.109658305613 -0.9885376558962511 142.11247794468534 -1.09713422130768 55.9196905179823 172.73965123202012 -999.0 6231.0 -999.0 -1 -999 {-999.0 -999.0 -999.0 -999.0 -999.0} "" -999.0 -999.0 -999.0 -999.0 -999 -999 "" "" "" "" 0 0 0.0 0.0 -999 ""
FIBERMAP 1296 R-5C7 APOGEE 0 0 0 1 0 0 -112.64394740513413 -91.13276028264032 143.1 -144.8645702324317 0.14738052528671344 153.98518 116.41703 -999.0 -999.0 -999.0 -999.0 -999.0 141.4852839143434 -0.7437954452519724 141.48860449893272 -0.8515596781180479 56.2255216407953 173.8084966598537 -999.0 16600.0 -999.0 2 262 {-999.0 -999.0 -999.0 -999.0 -999.0} "" -999.0 -999.0 -999.0 -999.0 -999 -999 "" ops_sky_apogee_best_unassigned ops_sky sky_apogee 0 0 0.0 0.0 -999 ""
FIBERMAP 1296 R-5C7 BOSS 1 1 0 1 0 0 -112.64758440273296 -90.38666684084446 143.1 -144.39762641472117 0.7291176210318937 153.98518 116.41703 141.48736898430562 -0.7412877045031899 -6.557091 -0.5780504 1.8099385 141.48735049442203 -0.7412827011034052 141.4906624432358 -0.8489149237470015 56.2279687885367 173.80437872578014 5400.0 5400.0 2016.0 1 464 {-999.0 16.768375 15.652178 15.271382 -999.0} sdss_psfmag 16.357899 15.702807 14.888109 13.288 63050395170939812 1095371768 bright_1x1 mwm_bin_vis_boss mwm_filler science 0 0 0.0 0.0 -999 ""
FIBERMAP 1296 R-5C7 METROLOGY 0 0 0 1 0 0 -112.00506655040694 -90.75224566814198 143.1 -144.12880257114992 0.04064056565468964 153.98518 116.41703 -999.0 -999.0 -999.0 -999.0 -999.0 141.48857989441515 -0.7443735970951374 141.49189013853328 -0.8520454975812124 56.22473970953233 173.8026908362288 -999.0 6231.0 -999.0 -1 -999 {-999.0 -999.0 -999.0 -999.0 -999.0} "" -999.0 -999.0 -999.0 -999.0 -999 -999 "" "" "" "" 0 0 0.0 0.0 -999 ""
FIBERMAP 1300 R+11C12 APOGEE 0 0 0 1 0 0 93.41678945825129 197.51808863739592 143.1 196.91616158314534 94.58201797948277 27.944475 20.635221 -999.0 -999.0 -999.0 -999.0 -999.0 143.0364010560903 -0.3130206134223135 143.0401562791783 -0.4233519442507283 56.477978542905156 170.93954911076543 -999.0 16600.0 -999.0 2 11 {-999.0 -999.0 -999.0 -999.0 -999.0} "" -999.0 -999.0 -999.0 -999.0 -999 -999 "" ops_sky_apogee_best_unassigned ops_sky sky_apogee 0 0 0.0 0.0 -999 ""
FIBERMAP 1300 R+11C12 BOSS 1 1 0 1 0 0 92.95369493658825 196.9289051975328 143.1 196.18553114560785 94.41601539699674 27.944475 20.635221 143.0331826304092 -0.3138410417283646 -1.0563965 -17.186714 1.8614264 143.03317522153222 -0.31388040935531253 143.03691174293778 -0.42407240127321916 56.47769392397487 170.9455449642476 5400.0 5400.0 2016.0 1 142 {-999.0 19.01587 17.592133 16.431698 -999.0} sdss_psfmag 18.426296 17.106472 15.974611 13.757 63050395170988300 938614867 bright_1x1 openfibertargets_nov2020_34a open_fiber science 0 0 0.0 0.0 -999 ""
FIBERMAP 1300 R+11C12 METROLOGY 0 0 0 1 0 0 92.67941357598303 197.62593563968343 143.1 196.4113894202828 95.13005599146376 27.944475 20.635221 -999.0 -999.0 -999.0 -999.0 -999.0 143.03415963507643 -0.31061627183916757 143.03790619898626 -0.42084868423516053 56.480757663331204 170.94298746194897 -999.0 6231.0 -999.0 -1 -999 {-999.0 -999.0 -999.0 -999.0 -999.0} "" -999.0 -999.0 -999.0 -999.0 -999 -999 "" "" "" "" 0 0 0.0 0.0 -999 ""
FIBERMAP 1301 R+2C23 APOGEE 1 1 0 1 0 0 207.20501519558243 42.341853522737814 143.1 187.58402875910147 -97.5796227806883 195.42471 85.52302 142.99547184663362 -1.184681120899319 -11.906023 -2.197894 5.511897 142.99591725056948 -1.18472426633972 142.99830558616088 -1.294755595367375 55.619473669483156 171.21733387140677 16000.0 16600.0 2016.0 2 82 {-999.0 4.4664297 4.6047916 4.7040534 -999.0} sdss_psfmag_from_g3xp 4.576527 4.4772735 4.369646 4.187 63050395170960469 1076220426 bright_1x1 mwm_snc_ext_main_apogee mwm_snc science 0 0 1.851711392402649 0.0 -999 ""
FIBERMAP 1301 R+2C23 BOSS 0 0 0 1 0 0 207.04899676624257 43.06671631107305 143.1 187.9192592210362 -96.91842921657314 195.42471 85.52302 -999.0 -999.0 -999.0 -999.0 -999.0 142.99749147640713 -1.1818813344107875 142.9998661115328 -1.2917773281810063 55.62222686804072 171.21391635168916 -999.0 5400.0 -999.0 1 225 {-999.0 -999.0 -999.0 -999.0 -999.0} "" -999.0 -999.0 -999.0 -999.0 -999 -999 "" "" "" "" 0 0 0.0 0.0 -999 ""
FIBERMAP 1301 R+2C23 METROLOGY 0 0 0 1 0 0 207.76783643844084 42.82329707906506 143.1 188.32427402537968 -97.5600871497316 195.42471 85.52302 -999.0 -999.0 -999.0 -999.0 -999.0 142.99929620696696 -1.1847326601527595 143.00167117133293 -1.294669924946623 55.619126372545516 171.21140520874502 -999.0 6231.0 -999.0 -1 -999 {-999.0 -999.0 -999.0 -999.0 -999.0} "" -999.0 -999.0 -999.0 -999.0 -999 -999 "" "" "" "" 0 0 0.0 0.0 -999 ""
FIBERMAP 1302 R-9C18 APOGEE 0 0 0 1 0 0 203.23891569421278 -183.9726662324749 143.1 42.00766739789127 -270.84765823867195 345.65424 94.662155 -999.0 -999.0 -999.0 -999.0 -999.0 142.33607229872013 -1.9678811386421304 142.3373038242138 -2.0766635156225997 54.92163886500587 172.53206919111955 -999.0 16600.0 -999.0 2 187 {-999.0 -999.0 -999.0 -999.0 -999.0} "" -999.0 -999.0 -999.0 -999.0 -999 -999 "" ops_sky_apogee_best_unassigned ops_sky sky_apogee 0 0 0.0 0.0 -999 ""
FIBERMAP 1302 R-9C18 BOSS 1 1 0 1 0 0 203.12208591327988 -184.71497700292258 143.1 41.44954579652615 -271.35060714542317 345.65424 94.662155 142.33359164439196 -1.9702286627884062 -13.525302 -12.271827 1.3864377 142.33356232182632 -1.9702700013401833 142.33477463883384 -2.078905194241359 54.91968695093962 172.53686717296975 5400.0 5400.0 2016.0 1 330 {-999.0 18.56313 17.178493 16.463629 -999.0} sdss_psfmag 18.027342 17.07708 16.095613 14.162 63050395170906071 1094167125 bright_1x1 mwm_bin_vis_boss mwm_filler science 0 0 0.0 0.0 -999 ""
FIBERMAP 1302 R-9C18 METROLOGY 0 0 0 1 0 0 202.53695800036033 -184.2499945525264 143.1 41.28788161529426 -270.6210639762694 345.65424 94.662155 -999.0 -999.0 -999.0 -999.0 -999.0 142.33282937654525 -1.9669868094332679 142.33405147496268 -2.075662180558902 54.922989520514676 172.53750043833088 -999.0 6231.0 -999.0 -1 -999 {-999.0 -999.0 -999.0 -999.0 -999.0} "" -999.0 -999.0 -999.0 -999.0 -999 -999 "" "" "" "" 0 0 0.0 0.0 -999 ""
FIBERMAP 1303 R-7C11 APOGEE 1 1 0 1 0 0 17.291622808327382 -118.93836339814489 143.1 -61.458670667835406 -103.25992042144881 106.0204 75.440414 141.86514385768197 -1.2137619977551473 -2.3372476 -5.3762116 1.6733634 141.8651280012487 -1.2137871574444323 141.86763123486588 -1.3220320605838778 55.721157337174034 173.21424704507393 16000.0 16600.0 2016.0 2 151 {-999.0 12.902341 12.385652 12.217664 -999.0} sdss_psfmag_from_g3xp 12.788638 12.416771 11.880181 10.942 63050395170936825 1113930698 bright_1x1 openfibertargets_mwm_subgiant_nataf24_apogee open_fiber science 0 0 0.0 0.0 -999 ""
FIBERMAP 1303 R-7C11 BOSS 0 0 0 1 0 0 18.038819508486498 -118.91226748878213 143.1 -60.86193576129301 -103.71011636988555 106.0204 75.440414 -999.0 -999.0 -999.0 -999.0 -999.0 141.86783425506837 -1.2160158713729228 141.87031966370824 -1.3241259541412256 55.71880661896854 173.20986837312046 -999.0 5400.0 -999.0 1 377 {-999.0 -999.0 -999.0 -999.0 -999.0} "" -999.0 -999.0 -999.0 -999.0 -999 -999 "" "" "" "" 0 0 0.0 0.0 -999 ""
FIBERMAP 1303 R-7C11 METROLOGY 0 0 0 1 0 0 17.69415530066249 -119.56380125145147 143.1 -61.53984641178312 -103.99911097345507 106.0204 75.440414 -999.0 -999.0 -999.0 -999.0 -999.0 141.86475573352988 -1.2172811993168575 141.86724346830607 -1.325425281757987 55.717819435018725 173.21553057116654 -999.0 6231.0 -999.0 -1 -999 {-999.0 -999.0 -999.0 -999.0 -999.0} "" -999.0 -999.0 -999.0 -999.0 -999 -999 "" "" "" "" 0 0 0.0 0.0 -999 ""
FIBERMAP 1304 R+7C15 APOGEE 0 0 0 1 0 0 89.91562715842646 129.33661731986425 143.1 151.26739791296637 43.83392336790877 207.9023 122.569244 -999.0 -999.0 -999.0 -999.0 -999.0 142.83138405250148 -0.5430648216552982 142.8348108132102 -0.6530152554555241 56.27680872090737 171.36092225921294 -999.0 16600.0 -999.0 2 -999 {-999.0 -999.0 -999.0 -999.0 -999.0} "" -999.0 -999.0 -999.0 -999.0 -999 -999 "" "" "" "" 0 0 0.0 0.0 -999 ""
FIBERMAP 1304 R+7C15 BOSS 1 1 0 1 0 0 89.28906395488362 129.6910883199957 143.1 151.00397120594462 44.50372797782417 207.9023 122.569244 142.83024855949034 -0.5401211240028175 -0.90547514 0.6916643 -0.8750875 142.83025512236281 -0.5401405500986135 142.83366947738887 -0.6499547986923603 56.27998881645258 171.36226523689658 5400.0 5400.0 2016.0 1 187 {-999.0 21.049646 20.249874 19.871994 -999.0} sdss_psfmag 20.454039 20.265444 19.283642 -999.0 63050395170965922 1117136804 bright_1x1 openfibertargets_bhm_quaia_boss open_fiber science 0 0 0.0 0.0 -999 ""
FIBERMAP 1304 R+7C15 METROLOGY 0 0 0 1 0 0 89.91927535520206 130.08270623626234 143.1 151.73999686536536 44.41106991696752 207.9023 122.569244 -999.0 -999.0 -999.0 -999.0 -999.0 142.83357176315357 -0.5405251402996192 142.8369898338048 -0.6503827723489384 56.279144806839845 171.35642984009564 -999.0 6231.0 -999.0 -1 -999 {-999.0 -999.0 -999.0 -999.0 -999.0} "" -999.0 -999.0 -999.0 -999.0 -999 -999 "" "" "" "" 0 0 0.0 0.0 -999 ""
FIBERMAP 1306 R-11C6 APOGEE 0 0 0 1 0 0 -54.47410145704454 -222.9286835758824 143.1 -182.67112045250784 -138.8367191182274 245.64433 146.26318 -999.0 -999.0 -999.0 -999.0 -999.0 141.31689347125203 -1.3740284692136722 141.31921267930113 -1.4813503120422629 55.61302832980145 174.20822882154263 -999.0 16600.0 -999.0 2 177 {-999.0 -999.0 -999.0 -999.0 -999.0} "" -999.0 -999.0 -999.0 -999.0 -999 -999 "" ops_sky_apogee_best_unassigned ops_sky sky_apogee 0 0 0.0 0.0 -999 ""
FIBERMAP 1306 R-11C6 BOSS 1 1 0 1 0 0 -55.093243599589215 -223.33804676231222 143.1 -183.40972235609362 -138.76481239058305 245.64433 146.26318 141.31355575457533 -1.3738386151045363 -6.7113566 -1.3335512 0.13788953 141.31355030157133 -1.3738509860616086 141.3158583960655 -1.4810282226522244 55.61363374603373 174.21409619482645 5400.0 5400.0 2016.0 1 358 {-999.0 17.208735 16.83817 16.694025 16.641016} sdss_psfmag_from_gaia 17.1454 16.8499 16.3604 15.53 63050395170936293 970823529 "" ops_std_boss_gdr2 ops_std standard_boss 0 0 0.0 0.0 -999 ""
FIBERMAP 1306 R-11C6 METROLOGY 0 0 0 1 0 0 -55.136149450404645 -222.5914559539339 143.1 -182.97296319748068 -138.1579638740528 245.64433 146.26318 -999.0 -999.0 -999.0 -999.0 -999.0 141.3155000924147 -1.3710757716944724 141.31781580315743 -1.478296389268281 55.61618974735019 174.21023355409352 -999.0 6231.0 -999.0 -1 -999 {-999.0 -999.0 -999.0 -999.0 -999.0} "" -999.0 -999.0 -999.0 -999.0 -999 -999 "" "" "" "" 0 0 0.0 0.0 -999 ""
FIBERMAP 1308 R-4C5 APOGEE 1 1 0 1 0 0 -167.6555299177553 -84.84517672882748 143.1 -183.62994757339678 39.66793771705757 211.532 120.01627 141.30989846169498 -0.5644419442483442 5.949039 -56.297733 5.52012 141.30992099448338 -0.5645804908696586 141.31356113873176 -0.6721101582701962 56.41977552839476 174.09421947525502 16000.0 16600.0 2016.0 2 252 {-999.0 10.635029 10.309674 10.217155 -999.0} sdss_psfmag_from_g3xp 10.585774 10.3198805 9.891423 9.226 63050395170992211 975012203 "" ops_std_apogee ops_std standard_apogee 0 0 0.0 0.0 -999 ""
FIBERMAP 1308 R-4C5 BOSS 0 0 0 1 0 0 -168.29020495697682 -84.46591688689645 143.1 -183.8840662822965 40.36210188593817 211.532 120.01627 -999.0 -999.0 -999.0 -999.0 -999.0 141.30873503745175 -0.5615563924809306 141.31236857663527 -0.6689498897739176 56.42302711468912 174.09587312269235 -999.0 5400.0 -999.0 1 459 {-999.0 -999.0 -999.0 -999.0 -999.0} "" -999.0 -999.0 -999.0 -999.0 -999 -999 "" "" "" "" 0 0 0.0 0.0 -999 ""
FIBERMAP 1308 R-4C5 METROLOGY 0 0 0 1 0 0 -167.64850635284427 -84.09050384850322 143.1 -183.14932238395824 40.24962566986874 211.532 120.01627 -999.0 -999.0 -999.0 -999.0 -999.0 141.31205522062126 -0.5620211593494983 141.31569078099864 -0.6694581692124391 56.42223323981052 174.08996868362132 -999.0 6231.0 -999.0 -1 -999 {-999.0 -999.0 -999.0 -999.0 -999.0} "" -999.0 -999.0 -999.0 -999.0 -999 -999 "" "" "" "" 0 0 0.0 0.0 -999 ""
FIBERMAP 1312 R-11C11 APOGEE 1 1 0 1 0 0 59.35440877568475 -221.3779988686577 143.1 -93.29080988954573 -209.30309952592592 244.9545 155.41945 141.72263396227956 -1.692900334758446 -14.546763 4.8668184 2.0229204 141.72257926094395 -1.6928942903659114 141.72432760204896 -1.8007798825629904 55.25855360160672 173.54783602731118 16000.0 16600.0 2016.0 2 156 {-999.0 12.412615 12.072583 11.981476 -999.0} sdss_psfmag_from_g3xp 12.364606 12.0883 11.65429 10.911 63050395170907966 1094107341 bright_1x1 mwm_bin_vis_apogee mwm_filler science 0 0 0.0 0.0 -999 ""
FIBERMAP 1312 R-11C11 BOSS 0 0 0 1 0 0 58.79168678710379 -221.86782417911945 143.1 -94.03625553813261 -209.32920726893462 244.9545 155.41945 -999.0 -999.0 -999.0 -999.0 -999.0 141.71920501744825 -1.6931761046564129 141.72093994312627 -1.8009152328712177 55.25873882012156 173.55377353561835 -999.0 5400.0 -999.0 1 393 {-999.0 -999.0 -999.0 -999.0 -999.0} "" -999.0 -999.0 -999.0 -999.0 -999 -999 "" "" "" "" 0 0 0.0 0.0 -999 ""
FIBERMAP 1312 R-11C11 METROLOGY 0 0 0 1 0 0 58.64437847071134 -221.14105648042005 143.1 -93.6930610381669 -208.6720184867801 244.9545 155.41945 -999.0 -999.0 -999.0 -999.0 -999.0 141.7207407135609 -1.690182523236803 141.72248407848866 -1.797964901668103 55.26153014282141 173.55058813241345 -999.0 6231.0 -999.0 -1 -999 {-999.0 -999.0 -999.0 -999.0 -999.0} "" -999.0 -999.0 -999.0 -999.0 -999 -999 "" "" "" "" 0 0 0.0 0.0 -999 ""
FIBERMAP 1314 R-13C8 APOGEE 0 0 0 1 0 0 -1.6441488470866652 -240.32117690309863 143.1 -152.59215575291677 -185.60817358309328 168.29083 81.87341 -999.0 -999.0 -999.0 -999.0 -999.0 141.45392925922766 -1.5853896315826916 141.45588617080682 -1.692874201639684 55.390490154589315 174.0001838393342 -999.0 16600.0 -999.0 2 273 {-999.0 -999.0 -999.0 -999.0 -999.0} "" -999.0 -999.0 -999.0 -999.0 -999 -999 "" ops_sky_apogee_best_unassigned ops_sky sky_apogee 0 0 0.0 0.0 -999 ""
FIBERMAP 1314 R-13C8 BOSS 1 1 0 1 0 0 -1.381211574561764 -239.6379826635956 143.1 -151.95778300371597 -185.24313179148342 168.29083 81.87341 141.4567905506108 -1.583909803628892 -2.7819228 -4.608784 0.25017115 141.45677129328547 -1.5839250554470774 141.4587178124624 -1.691274220801011 55.39183494227655 173.99497197928633 5400.0 5400.0 2016.0 1 417 {-999.0 16.46356 15.9701 15.952443 -999.0} sdss_psfmag 16.531416 16.263086 15.724043 -999.0 63050395170935689 944389644 bright_1x1 openfibertargets_nov2020_6c open_fiber science 0 0 0.0 0.0 -999 ""
FIBERMAP 1314 R-13C8 METROLOGY 0 0 0 1 0 0 -0.9127556530530399 -240.210506635787 143.1 -151.95444331143105 -185.98273509689525 168.29083 81.87341 -999.0 -999.0 -999.0 -999.0 -999.0 141.4568122382164 -1.5872055800152751 141.45875693308722 -1.6945936770346222 55.388524924017 173.9954177229323 -999.0 6231.0 -999.0 -1 -999 {-999.0 -999.0 -999.0 -999.0 -999.0} "" -999.0 -999.0 -999.0 -999.0 -999 -999 "" "" "" "" 0 0 0.0 0.0 -999 ""
FIBERMAP 1316 R-8C11 APOGEE 0 0 0 1 0 0 33.82840576941321 -154.56422142350084 143.1 -71.04689792059584 -141.34061889497698 351.64874 128.40413 -999.0 -999.0 -999.0 -999.0 -999.0 141.82207811144707 -1.3864839153712158 141.8243086339528 -1.4946128539442394 55.55368836074293 173.32075592843648 -999.0 16600.0 -999.0 2 -999 {-999.0 -999.0 -999.0 -999.0 -999.0} "" -999.0 -999.0 -999.0 -999.0 -999 -999 "" "" "" "" 0 0 0.0 0.0 -999 ""
FIBERMAP 1316 R-8C11 BOSS 1 1 0 1 0 0 34.220939212024746 -155.20810317142698 143.1 -71.14745231016227 -142.08783796300506 351.64874 128.40413 141.82160588446231 -1.3901088000904385 -0.89418775 6.544881 2.0948625 141.82162146616508 -1.3900577578443258 141.8238325728015 -1.4980455638853887 55.550318671496406 173.3221868756055 5400.0 5400.0 2016.0 1 373 {-999.0 17.764559 16.3933 15.7326145 -999.0} sdss_psfmag 17.199543 16.29175 15.351147 13.47 63050395170909050 1095208195 bright_1x1 mwm_bin_vis_boss mwm_filler science 0 0 0.0 0.0 -999 ""
FIBERMAP 1316 R-8C11 METROLOGY 0 0 0 1 0 0 33.47115057083132 -155.219225777378 143.1 -71.73677247123432 -141.62438114278393 351.64874 128.40413 -999.0 -999.0 -999.0 -999.0 -999.0 141.8189381360537 -1.3879085915185685 141.82115696826753 -1.4959322269753759 55.55268342411976 173.32652728966022 -999.0 6231.0 -999.0 -1 -999 {-999.0 -999.0 -999.0 -999.0 -999.0} "" -999.0 -999.0 -999.0 -999.0 -999 -999 "" "" "" "" 0 0 0.0 0.0 -999 ""
FIBERMAP 1317 R-12C9 APOGEE 0 0 0 1 0 0 19.991850880472715 -253.27548597920858 143.1 -143.94526085027508 -209.29186546163044 319.18756 48.9769 -999.0 -999.0 -999.0 -999.0 -999.0 141.49374115419235 -1.6919278432750937 141.4955198023951 -1.7994470100841162 55.2808349935733 173.9473539897403 -999.0 16600.0 -999.0 2 -999 {-999.0 -999.0 -999.0 -999.0 -999.0} "" -999.0 -999.0 -999.0 -999.0 -999 -999 "" "" "" "" 0 0 0.0 0.0 -999 ""
FIBERMAP 1317 R-12C9 BOSS 1 1 0 1 0 0 19.239117294442256 -253.37669452762842 143.1 -144.5935896714345 -208.89651887204846 319.18756 48.9769 141.49082189281057 -1.6903201334007703 -1.0489489 3.1887753 1.715092 141.49080674967541 -1.6902959017112715 141.4925758700964 -1.7976698627270287 55.28286605792698 173.95222337055304 5400.0 5400.0 2016.0 1 405 {-999.0 14.990542 14.35387 14.107287 -999.0} sdss_psfmag_from_g3xp 14.7102995 14.472099 13.676572 12.34 63050395170907901 1095949965 bright_1x1 mwm_bin_vis_boss mwm_filler science 0 0 0.0 0.0 -999 ""
FIBERMAP 1317 R-12C9 METROLOGY 0 0 0 1 0 0 19.52403741111191 -252.69426954929938 143.1 -143.94262848963592 -208.54591574511025 319.18756 48.9769 -999.0 -999.0 -999.0 -999.0 -999.0 141.49372754994948 -1.6886957389418136 141.49550245275265 -1.7961147823412222 55.28415562185957 173.94686528078142 -999.0 6231.0 -999.0 -1 -999 {-999.0 -999.0 -999.0 -999.0 -999.0} "" -999.0 -999.0 -999.0 -999.0 -999 -999 "" "" "" "" 0 0 0.0 0.0 -999 ""
FIBERMAP 1318 R-11C7 APOGEE 0 0 0 1 0 0 -47.913329320399626 -209.73160207297232 143.1 -169.26637443930392 -132.71822699323238 179.20099 102.66788 -999.0 -999.0 -999.0 -999.0 -999.0 141.37711116410975 -1.3466203541881114 141.37946685293616 -1.454046804363247 55.63506989900329 174.09779624558342 -999.0 16600.0 -999.0 2 169 {-999.0 -999.0 -999.0 -999.0 -999.0} "" -999.0 -999.0 -999.0 -999.0 -999 -999 "" ops_sky_apogee_best_unassigned ops_sky sky_apogee 0 0 0.0 0.0 -999 ""
FIBERMAP 1318 R-11C7 BOSS 1 1 0 1 0 0 -48.0955027099805 -209.01107704082338 143.1 -168.95418821832894 -132.04393416486604 179.20099 102.66788 141.3786132698772 -1.343752414539257 -41.2148 9.693829 2.8565955 141.37847817043962 -1.3437441028036596 141.3808262693803 -1.4510344305272544 55.63795340239488 174.09493588312858 5400.0 5400.0 2016.0 1 359 {-999.0 16.651175 15.345919 14.835243 -999.0} sdss_psfmag 16.107464 15.333119 14.459355 12.761 63050395170936345 1092231363 bright_flexible_2x1 mwm_cb_galex_mag_boss mwm_cb science 0 0 0.0 0.0 -999 ""
FIBERMAP 1318 R-11C7 METROLOGY 0 0 0 1 0 0 -47.37190060301573 -209.2110411519148 143.1 -168.5181137329702 -132.65484165700022 179.20099 102.66788 -999.0 -999.0 -999.0 -999.0 -999.0 141.38046515757156 -1.3464667300250213 141.38281197153293 -1.4537989275284922 55.63502745339423 174.0918561710278 -999.0 6231.0 -999.0 -1 -999 {-999.0 -999.0 -999.0 -999.0 -999.0} "" -999.0 -999.0 -999.0 -999.0 -999 -999 "" "" "" "" 0 0 0.0 0.0 -999 ""
FIBERMAP 1323 R+2C5 APOGEE 0 0 0 1 0 0 -171.27263522792907 35.15021697770775 143.1 -110.88553357682241 135.13880175487256 294.85684 151.66234 -999.0 -999.0 -999.0 -999.0 -999.0 141.6393499909723 -0.1302633924836225 141.64364062328144 -0.23843905302299265 56.82146475633429 173.42474811566714 -999.0 16600.0 -999.0 2 140 {-999.0 -999.0 -999.0 -999.0 -999.0} "" -999.0 -999.0 -999.0 -999.0 -999 -999 "" ops_sky_apogee_best_unassigned ops_sky sky_apogee 0 0 0.0 0.0 -999 ""
FIBERMAP 1323 R+2C5 BOSS 1 1 0 1 0 0 -171.29860172843496 34.40740638718292 143.1 -111.37340169224643 134.5782537321331 294.85684 151.66234 141.6371154785156 -0.13288827963336303 -999.0 -999.0 -999.0 141.63711278391588 -0.13290075638940704 141.64138668531433 -0.24093919958626048 56.8191931707815 173.42928723191093 5400.0 5400.0 2015.5 1 34 {-999.0 -999.0 -999.0 -999.0 -999.0} "" -999.0 -999.0 -999.0 -999.0 27021603143418597 812263701 "" ops_sky_boss_good ops_sky sky_boss 0 0 0.0 0.0 -999 ""
FIBERMAP 1323 R+2C5 METROLOGY 0 0 0 1 0 0 -171.9460546003429 34.800344167546925 143.1 -111.62883205197087 135.29108615869717 294.85684 151.66234 -999.0 -999.0 -999.0 -999.0 -999.0 141.6359633093677 -0.12964981993402966 141.64024632606225 -0.23772496411801794 56.822502209755974 173.4307962313095 -999.0 6231.0 -999.0 -1 -999 {-999.0 -999.0 -999.0 -999.0 -999.0} "" -999.0 -999.0 -999.0 -999.0 -999 -999 "" "" "" "" 0 0 0.0 0.0 -999 ""
FIBERMAP 1324 R-4C11 APOGEE 0 0 0 1 0 0 -4.475519474237945 -66.2253966953094 143.1 -45.1738717861239 -48.6154340641839 98.105446 34.088524 -999.0 -999.0 -999.0 -999.0 -999.0 141.93866777552714 -0.9652199454534832 141.94156093653066 -1.0736497216668957 55.96083849405684 173.03875093650026 -999.0 16600.0 -999.0 2 -999 {-999.0 -999.0 -999.0 -999.0 -999.0} "" -999.0 -999.0 -999.0 -999.0 -999 -999 "" "" "" "" 0 0 0.0 0.0 -999 ""
FIBERMAP 1324 R-4C11 BOSS 1 1 0 1 0 0 -3.9685631159936285 -66.79442977072097 143.1 -45.13843305839718 -49.376567515785965 98.105446 34.088524 141.93882990750072 -0.9688922709652401 0.94441456 -0.4370835 0.41005743 141.93882595583665 -0.968848825923105 141.94169918342067 -1.077140612753184 55.95735169562375 173.0391409399994 5400.0 5400.0 2016.0 1 357 {-999.0 20.28009 20.041124 19.926376 -999.0} sdss_psfmag 19.8979 19.80138 19.344122 -999.0 63050395170984154 1117136909 bright_1x1 openfibertargets_bhm_quaia_boss open_fiber science 0 0 0.0 0.0 -999 ""
FIBERMAP 1324 R-4C11 METROLOGY 0 0 0 1 0 0 -4.690992408414413 -66.93970292876196 143.1 -45.790971042176764 -49.034524051034055 98.105446 34.088524 -999.0 -999.0 -999.0 -999.0 -999.0 141.93585197019453 -0.9672509307022238 141.93873220928316 -1.0755773215550324 55.95920910024453 173.04412798525144 -999.0 6231.0 -999.0 -1 -999 {-999.0 -999.0 -999.0 -999.0 -999.0} "" -999.0 -999.0 -999.0 -999.0 -999 -999 "" "" "" "" 0 0 0.0 0.0 -999 ""
FIBERMAP 1326 R-3C23 APOGEE 0 0 0 1 0 0 223.07385316418194 -62.66146241670782 143.1 133.7943937899736 -189.12116870862602 198.41661 120.17564 -999.0 -999.0 -999.0 -999.0 -999.0 142.75203425169994 -1.5996434599367941 142.75380029669515 -1.7091805804006548 55.238752126662895 171.73578545772207 -999.0 16600.0 -999.0 2 -999 {-999.0 -999.0 -999.0 -999.0 -999.0} "" -999.0 -999.0 -999.0 -999.0 -999 -999 "" "" "" "" 0 0 0.0 0.0 -999 ""
FIBERMAP 1326 R-3C23 BOSS 1 1 0 1 0 0 222.52346577846794 -62.19431946723483 143.1 133.66107087415364 -188.41182154739099 198.41661 120.17564 142.75148383329858 -1.596604919719526 -4.2191157 -7.7162905 0.15866289 142.75148140206892 -1.596626537489118 142.75323515593016 -1.7060229590261178 55.2419548843644 171.7360992975132 5400.0 5400.0 2016.0 1 323 {-999.0 18.025732 17.719355 17.60537 -999.0} sdss_psfmag 17.985088 17.711092 17.274723 16.291 63050395170958822 944389803 bright_1x1 openfibertargets_nov2020_6c open_fiber science 0 0 0.0 0.0 -999 ""
FIBERMAP 1326 R-3C23 METROLOGY 0 0 0 1 0 0 223.22173920901795 -61.93016788079594 143.1 134.36969873857547 -188.64632965693238 198.41661 120.17564 -999.0 -999.0 -999.0 -999.0 -999.0 142.75466843625057 -1.5976118921334856 142.756425063986 -1.7070528732801866 55.24054686884556 171.73076621192234 -999.0 6231.0 -999.0 -1 -999 {-999.0 -999.0 -999.0 -999.0 -999.0} "" -999.0 -999.0 -999.0 -999.0 -999 -999 "" "" "" "" 0 0 0.0 0.0 -999 ""
FIBERMAP 1328 R-3C12 APOGEE 1 1 0 1 0 0 -29.27257896594357 -63.99524918020901 143.1 -63.0281117961177 -31.270248771486713 237.11157 69.11781 141.85723152572322 -0.886346728575757 -4.861798 6.637628 1.8245829 141.8572361394526 -0.8863348864895088 141.86026871374105 -0.9946563430058802 56.04763568913358 173.1691080387542 16000.0 16600.0 2016.0 2 154 {-999.0 11.197792 10.477512 10.227487 -999.0} sdss_psfmag_from_g3xp 11.00116 10.523159 9.882721 8.638 63050395170984332 1105945323 bright_1x1 mwm_tess_rgb_apogee mwm_tessrgb science 0 0 0.0 0.0 -999 ""
FIBERMAP 1328 R-3C12 BOSS 0 0 0 1 0 0 -29.725742343801176 -63.41658351585247 143.1 -63.01570762473808 -30.53550433326644 237.11157 69.11781 -999.0 -999.0 -999.0 -999.0 -999.0 141.85726668912406 -0.8831421765362767 141.86029065279433 -0.9913277477940912 56.05094539401768 173.16847274791832 -999.0 5400.0 -999.0 1 356 {-999.0 -999.0 -999.0 -999.0 -999.0} "" -999.0 -999.0 -999.0 -999.0 -999 -999 "" "" "" "" 0 0 0.0 0.0 -999 ""
FIBERMAP 1328 R-3C12 METROLOGY 0 0 0 1 0 0 -28.987659683020848 -63.30953483606922 143.1 -62.375080153549284 -30.917090461700212 237.11157 69.11781 -999.0 -999.0 -999.0 -999.0 -999.0 141.8601883045459 -0.8848347586261067 141.86321298471137 -0.9930632909158501 56.048926158236 173.16357804857913 -999.0 6231.0 -999.0 -1 -999 {-999.0 -999.0 -999.0 -999.0 -999.0} "" -999.0 -999.0 -999.0 -999.0 -999 -999 "" "" "" "" 0 0 0.0 0.0 -999 ""
FIBERMAP 1329 R+3C16 APOGEE 0 0 0 1 0 0 96.96790061637482 62.5876163656679 143.1 114.71680723241006 -12.446494992781002 55.70312 65.45464 -999.0 -999.0 -999.0 -999.0 -999.0 142.66624702195008 -0.7992553445158512 142.66929441510354 -0.9088784253472736 56.043395661482045 171.71270057576507 -999.0 16600.0 -999.0 2 63 {-999.0 -999.0 -999.0 -999.0 -999.0} "" -999.0 -999.0 -999.0 -999.0 -999 -999 "" ops_sky_apogee_best_unassigned ops_sky sky_apogee 0 0 0.0 0.0 -999 ""
FIBERMAP 1329 R+3C16 BOSS 1 1 0 1 0 0 97.33126110692629 61.92955261777251 143.1 114.58466639856596 -13.186360003462548 55.70312 65.45464 142.66572053940362 -0.8026554518009057 4.759267 -32.11659 0.57291526 142.665721441268 -0.8027659943619214 142.66874667394939 -0.912250767517274 56.04011456245341 171.71440554948646 5400.0 5400.0 2016.0 1 220 {-999.0 16.567362 16.250977 16.112888 -999.0} sdss_psfmag 16.51174 16.234098 15.788779 14.911 63050395170962955 1072698219 bright_1x1 mwm_halo_local_high_boss_single mwm_halo science 0 0 0.0 0.0 -999 ""
FIBERMAP 1329 R+3C16 METROLOGY 0 0 0 1 0 0 96.58543836492788 61.93736463400905 143.1 114.01034826874627 -12.710694849609528 55.70312 65.45464 -999.0 -999.0 -999.0 -999.0 -999.0 142.66309616639268 -0.8005665092207702 142.66613003042772 -0.9100864723242575 56.04257991096778 171.71858533776935 -999.0 6231.0 -999.0 -1 -999 {-999.0 -999.0 -999.0 -999.0 -999.0} "" -999.0 -999.0 -999.0 -999.0 -999 -999 "" "" "" "" 0 0 0.0 0.0 -999 ""
FIBERMAP 1330 R-3C11 APOGEE 1 1 0 1 0 0 -25.461039311289518 -75.0856118564264 143.1 -67.05082103949333 -42.28337287573515 336.64307 70.440506 141.83908790742618 -0.9365514324149086 -22.91206 16.732052 1.4426229 141.83902752279616 -0.9364981825761578 141.84198191295587 -1.044776995455012 55.999588300646636 173.21060594514455 16000.0 16600.0 2016.0 2 208 {-999.0 12.761076 12.29654 12.147575 -999.0} sdss_psfmag_from_g3xp 12.666996 12.323376 11.813444 10.867 63050395170984192 1113930760 bright_1x1 openfibertargets_mwm_subgiant_nataf24_apogee open_fiber science 0 0 0.0 0.0 -999 ""
FIBERMAP 1330 R-3C11 BOSS 0 0 0 1 0 0 -25.959498950523 -75.62351382622047 143.1 -67.7766287536901 -42.3872809354079 336.64307 70.440506 -999.0 -999.0 -999.0 -999.0 -999.0 141.83570453329457 -0.9371336530067677 141.8386447103885 -1.0452699182025444 55.99942942016696 173.2166308315804 -999.0 5400.0 -999.0 1 347 {-999.0 -999.0 -999.0 -999.0 -999.0} "" -999.0 -999.0 -999.0 -999.0 -999 -999 "" "" "" "" 0 0 0.0 0.0 -999 ""
FIBERMAP 1330 R-3C11 METROLOGY 0 0 0 1 0 0 -26.192642776206327 -74.92194834548106 143.1 -67.51596593285822 -41.695619979395424 336.64307 70.440506 -999.0 -999.0 -999.0 -999.0 -999.0 141.83688692614135 -0.933940483280244 141.83983595467407 -1.0421183582608275 56.00244704635099 173.21395139808223 -999.0 6231.0 -999.0 -1 -999 {-999.0 -999.0 -999.0 -999.0 -999.0} "" -999.0 -999.0 -999.0 -999.0 -999 -999 "" "" "" "" 0 0 0.0 0.0 -999 ""
FIBERMAP 1331 R-10C3 APOGEE 0 0 0 1 0 0 -120.28595984766241 -203.7578092487837 143.1 -221.71263601729322 -82.51020462871315 351.23108 84.00688 -999.0 -999.0 -999.0 -999.0 -999.0 141.13992127108017 -1.1188138432855372 141.14268200315433 -1.225919051859489 55.882206930409424 174.48309626036973 -999.0 16600.0 -999.0 2 242 {-999.0 -999.0 -999.0 -999.0 -999.0} "" -999.0 -999.0 -999.0 -999.0 -999 -999 "" ops_sky_apogee_best_unassigned ops_sky sky_apogee 0 0 0.0 0.0 -999 ""
FIBERMAP 1331 R-10C3 BOSS 1 1 0 1 0 0 -120.42813319451803 -204.48005407219142 143.1 -222.27780620877263 -82.98161222767664 351.23108 84.00688 141.1374589081583 -1.1210456691718216 -20.122267 -13.448341 2.0398223 141.13738094987556 -1.121088657140546 141.1401271422456 -1.2280512098930958 55.880288197433096 174.48794240336542 5400.0 5400.0 2016.0 1 478 {-999.0 16.651741 15.478527 15.0434265 -999.0} sdss_psfmag 16.20442 15.49058 14.668655 12.993 63050395170938240 1094410110 bright_1x1 mwm_bin_vis_boss mwm_filler science 0 0 0.0 0.0 -999 ""
FIBERMAP 1331 R-10C3 METROLOGY 0 0 0 1 0 0 -120.99042101636955 -203.99369793313315 143.1 -222.40827415079542 -82.24985034501111 351.23108 84.00688 -999.0 -999.0 -999.0 -999.0 -999.0 141.1367817806477 -1.1177347891113956 141.1395367172732 -1.2247363791970125 55.883639880458 174.48851393241637 -999.0 6231.0 -999.0 -1 -999 {-999.0 -999.0 -999.0 -999.0 -999.0} "" -999.0 -999.0 -999.0 -999.0 -999 -999 "" "" "" "" 0 0 0.0 0.0 -999 ""
FIBERMAP 1333 R-5C14 APOGEE 1 1 0 1 0 0 44.97437901494572 -94.6143774144201 143.1 -24.64379886646481 -101.79900757347694 149.2117 133.78088 142.0326290083814 -1.2070259604038567 -3.8109014 -1.6084697 0.86397684 142.03262852155936 -1.2070329985610255 142.03511892604666 -1.3155461866268343 55.710606467626754 172.91735834018345 16000.0 16600.0 2016.0 2 195 {-999.0 12.682849 12.3053465 12.194419 -999.0} sdss_psfmag_from_g3xp 12.621545 12.322196 11.86399 11.096 63050395170909347 1164888440 bright_1x1 openfibertargets_mwm_rvscnn24_apogee open_fiber science 0 0 0.0 0.0 -999 ""
FIBERMAP 1333 R-5C14 BOSS 0 0 0 1 0 0 44.82616380036972 -93.8831224603433 143.1 -24.298483356668278 -101.13776278555422 149.2117 133.78088 -999.0 -999.0 -999.0 -999.0 -999.0 142.03419741267078 -1.2042140877144263 142.03667767496836 -1.3125920471219956 55.71338301949968 172.91406311928822 -999.0 5400.0 -999.0 1 325 {-999.0 -999.0 -999.0 -999.0 -999.0} "" -999.0 -999.0 -999.0 -999.0 -999 -999 "" "" "" "" 0 0 0.0 0.0 -999 ""
FIBERMAP 1333 R-5C14 METROLOGY 0 0 0 1 0 0 45.54228040234581 -94.12316103376716 143.1 -23.893454811925693 -101.7750806117546 149.2117 133.78088 -999.0 -999.0 -999.0 -999.0 -999.0 142.03604519435527 -1.2070594187005697 142.038524711087 -1.3154787688224205 55.71032025561997 172.9113348116898 -999.0 6231.0 -999.0 -1 -999 {-999.0 -999.0 -999.0 -999.0 -999.0} "" -999.0 -999.0 -999.0 -999.0 -999 -999 "" "" "" "" 0 0 0.0 0.0 -999 ""
FIBERMAP 1334 R-4C16 APOGEE 0 0 0 1 0 0 103.11616387703128 -84.60837445610956 143.1 26.81167762040951 -130.6361828254984 349.41473 100.07274 -999.0 -999.0 -999.0 -999.0 -999.0 142.2670185660497 -1.3375471376684052 142.26926688844156 -1.446395577862599 55.55556355313419 172.52973772899875 -999.0 16600.0 -999.0 2 -999 {-999.0 -999.0 -999.0 -999.0 -999.0} "" -999.0 -999.0 -999.0 -999.0 -999 -999 "" "" "" "" 0 0 0.0 0.0 -999 ""
FIBERMAP 1334 R-4C16 BOSS 1 1 0 1 0 0 103.11555008858055 -85.36314071695965 143.1 26.33597173327926 -131.22197913756577 349.41473 100.07274 142.26488563216617 -1.3403944598694388 0.3902403 -0.7613502 0.29784465 142.26488378462565 -1.3404024815073163 142.26711251742802 -1.4491075255328718 55.55310331927259 172.53404671007462 5400.0 5400.0 2016.0 1 283 {-999.0 20.204494 19.807304 19.70844 -999.0} sdss_psfmag_ps1 20.216597 20.16646 19.52563 -999.0 63050395170961080 1117237619 bright_1x1 openfibertargets_bhm_quaia_boss open_fiber science 0 0 0.0 0.0 -999 ""
FIBERMAP 1334 R-4C16 METROLOGY 0 0 0 1 0 0 102.47367479323611 -84.98767612723141 143.1 26.073871373528615 -130.52622896716426 349.41473 100.07274 -999.0 -999.0 -999.0 -999.0 -999.0 142.26368175035566 -1.3372005939359475 142.2659201158305 -1.4459440925929732 55.55637807534066 172.5355303303363 -999.0 6231.0 -999.0 -1 -999 {-999.0 -999.0 -999.0 -999.0 -999.0} "" -999.0 -999.0 -999.0 -999.0 -999 -999 "" "" "" "" 0 0 0.0 0.0 -999 ""
FIBERMAP 1335 R-7C1 APOGEE 0 0 0 1 0 0 -222.3665271449532 -132.78929103735695 143.1 -256.30819231643574 36.88064971560166 133.41399 142.55717 -999.0 -999.0 -999.0 -999.0 -999.0 140.9838399661278 -0.5782536663263903 140.98751018578713 -0.6852509923989113 56.43348609833891 174.68373675405425 -999.0 16600.0 -999.0 2 260 {-999.0 -999.0 -999.0 -999.0 -999.0} "" -999.0 -999.0 -999.0 -999.0 -999 -999 "" ops_sky_apogee_best_unassigned ops_sky sky_apogee 0 0 0.0 0.0 -999 ""
FIBERMAP 1335 R-7C1 BOSS 1 1 0 1 0 0 -222.43501182350835 -132.04548296606913 143.1 -255.8930508519483 37.501442434027965 133.41399 142.55717 140.98570389391926 -0.5755663797678925 -4.661142 -1.9682192 0.20668179 140.98569005284185 -0.5755716562796696 140.98935381128683 -0.6824376174100555 56.43614722680278 174.68001596581232 5400.0 5400.0 2016.0 1 500 {-999.0 17.47231 17.125244 16.984911 -999.0} sdss_psfmag 17.434042 17.119986 16.641891 15.825 63050395170947204 977051717 "" ops_std_boss ops_std standard_boss 0 0 0.0 0.0 -999 ""
FIBERMAP 1335 R-7C1 METROLOGY 0 0 0 1 0 0 -221.75573027720654 -132.36044815723497 143.1 -255.56380655233536 36.829126224385575 133.41399 142.55717 -999.0 -999.0 -999.0 -999.0 -999.0 140.98715740379544 -0.578570645853559 140.990818995486 -0.685476465897269 56.433003376957565 174.67780281078757 -999.0 6231.0 -999.0 -1 -999 {-999.0 -999.0 -999.0 -999.0 -999.0} "" -999.0 -999.0 -999.0 -999.0 -999 -999 "" "" "" "" 0 0 0.0 0.0 -999 ""
FIBERMAP 1336 R-9C8 APOGEE 0 0 0 1 0 0 -51.47370425408518 -161.21775237941 143.1 -141.48536687323295 -92.79861376266194 225.24553 8.354378 -999.0 -999.0 -999.0 -999.0 -999.0 141.50173740620468 -1.166134421555767 141.5043693095098 -1.2738107172353528 55.803574878816626 173.84871178904396 -999.0 16600.0 -999.0 2 173 {-999.0 -999.0 -999.0 -999.0 -999.0} "" -999.0 -999.0 -999.0 -999.0 -999 -999 "" ops_sky_apogee_best_unassigned ops_sky sky_apogee 0 0 0.0 0.0 -999 ""
FIBERMAP 1336 R-9C8 BOSS 1 1 0 1 0 0 -51.04516437927346 -160.61678626819844 143.1 -140.774154194787 -92.60170336517297 225.24553 8.354378 141.5049560331714 -1.1653997381833925 -5.135351 0.49603832 0.35564238 141.50491878767284 -1.1654144438516139 141.5075388862851 -1.2729578450977466 55.80413855252342 173.84295978074204 5400.0 5400.0 2016.0 1 383 {-999.0 18.205067 17.737247 17.567837 -999.0} sdss_psfmag 18.142487 17.758076 17.246067 15.421 63050395170937294 944389701 bright_1x1 openfibertargets_nov2020_6c open_fiber science 0 0 0.0 0.0 -999 ""
FIBERMAP 1336 R-9C8 METROLOGY 0 0 0 1 0 0 -50.728270664326296 -161.29298491019497 143.1 -140.95380146405364 -93.32639545899352 225.24553 8.354378 -999.0 -999.0 -999.0 -999.0 -999.0 141.50412428627678 -1.1686559229080693 141.50674278235795 -1.2762363177365044 55.80094523049389 173.84489621793486 -999.0 6231.0 -999.0 -1 -999 {-999.0 -999.0 -999.0 -999.0 -999.0} "" -999.0 -999.0 -999.0 -999.0 -999 -999 "" "" "" "" 0 0 0.0 0.0 -999 ""
FIBERMAP 1338 R-8C12 APOGEE 0 0 0 1 0 0 38.13808788330662 -142.5505807501541 143.1 -60.13558057266576 -134.72386514308587 126.21375 108.090546 -999.0 -999.0 -999.0 -999.0 -999.0 141.87155677167166 -1.356525431027166 141.87382889623427 -1.464741472490275 55.57853787047691 173.22843099675592 -999.0 16600.0 -999.0 2 -999 {-999.0 -999.0 -999.0 -999.0 -999.0} "" -999.0 -999.0 -999.0 -999.0 -999 -999 "" "" "" "" 0 0 0.0 0.0 -999 ""
FIBERMAP 1338 R-8C12 BOSS 1 1 0 1 0 0 38.5566124377474 -141.95597335124393 143.1 -59.436149891483446 -134.52558716327906 126.21375 108.090546 141.87469482421872 -1.355818904976772 -999.0 -999.0 -999.0 141.8747239655685 -1.3558188356600573 141.87698290061775 -1.4639008643300235 55.579061481849386 173.22273317084415 5400.0 5400.0 2015.5 1 382 {-999.0 -999.0 -999.0 -999.0 -999.0} "" -999.0 -999.0 -999.0 -999.0 27021603143371971 820298456 "" ops_sky_boss_good ops_sky sky_boss 0 0 0.0 0.0 -999 ""
FIBERMAP 1338 R-8C12 METROLOGY 0 0 0 1 0 0 38.88136115521306 -142.61544078238725 143.1 -59.599162041141774 -135.2422309096414 126.21375 108.090546 -999.0 -999.0 -999.0 -999.0 -999.0 141.8739934449694 -1.3590167633221355 141.8762512621314 -1.4671362012375033 55.57591471213187 173.22458867382582 -999.0 6231.0 -999.0 -1 -999 {-999.0 -999.0 -999.0 -999.0 -999.0} "" -999.0 -999.0 -999.0 -999.0 -999 -999 "" "" "" "" 0 0 0.0 0.0 -999 ""
FIBERMAP 1339 R-4C7 APOGEE 0 0 0 1 0 0 -120.9958410653829 -88.82244225967067 143.1 -149.8963341565436 7.200335324625023 239.67313 108.52247 -999.0 -999.0 -999.0 -999.0 -999.0 141.46245610957038 -0.7117593932549856 141.46583233669844 -0.819495517621403 56.25951370930499 173.84408650494643 -999.0 16600.0 -999.0 2 259 {-999.0 -999.0 -999.0 -999.0 -999.0} "" -999.0 -999.0 -999.0 -999.0 -999 -999 "" ops_sky_apogee_best_unassigned ops_sky sky_apogee 0 0 0.0 0.0 -999 ""
FIBERMAP 1339 R-4C7 BOSS 1 1 0 1 0 0 -121.72166185850797 -88.6824037721613 143.1 -150.3718631895243 7.766099060688498 239.67313 108.52247 141.46033254997232 -0.7093112971302626 -22.14648 -2.7958956 1.1623393 141.46025542157778 -0.7093235298668841 141.46362365968912 -0.8169209244298306 56.26227692059888 173.84762864348787 5400.0 5400.0 2016.0 1 460 {-999.0 14.212576 13.897296 13.801349 -999.0} sdss_psfmag_from_g3xp 14.168314 13.898291 13.471774 12.749 63050395170939824 977816220 "" ops_std_boss ops_std standard_boss 0 0 0.0 0.0 -999 ""
FIBERMAP 1339 R-4C7 METROLOGY 0 0 0 1 0 0 -121.24037366688943 -88.10613265434856 143.1 -149.63523287652063 7.910617980310263 239.67313 108.52247 -999.0 -999.0 -999.0 -999.0 -999.0 141.46359670336665 -0.7086228661920885 141.4669690319227 -0.8162643258988986 56.26262921117138 173.84152371569144 -999.0 6231.0 -999.0 -1 -999 {-999.0 -999.0 -999.0 -999.0 -999.0} "" -999.0 -999.0 -999.0 -999.0 -999 -999 "" "" "" "" 0 0 0.0 0.0 -999 ""
FIBERMAP 1340 R+9C17 APOGEE 0 0 0 1 0 0 172.3624566139305 166.50559162593922 143.1 238.70200714038822 20.78926885135211 262.3532 149.14665 -999.0 -999.0 -999.0 -999.0 -999.0 143.22537642589452 -0.6474428044201149 143.22857444613902 -0.7579762335937128 56.12108511638309 170.6840403052763 -999.0 16600.0 -999.0 2 -999 {-999.0 -999.0 -999.0 -999.0 -999.0} "" -999.0 -999.0 -999.0 -999.0 -999 -999 "" "" "" "" 0 0 0.0 0.0 -999 ""
FIBERMAP 1340 R+9C17 BOSS 1 1 0 1 0 0 171.91513925742436 165.91660375398845 143.1 237.9837530404537 20.613484259103053 262.3532 149.14665 143.2222110139159 -0.6483571444695806 -0.4041458 0.27906683 0.11711604 143.22221337795216 -0.6483746880008672 143.22539179111584 -0.7587671269687525 56.12073467197454 170.6898891663286 5400.0 5400.0 2016.0 1 240 {-999.0 18.81343 18.66889 18.54046 18.470633} sdss_psfmag_from_gaiadr2 18.807514 18.659424 18.317192 -999.0 63050395170965537 1057663106 bright_flexible_2x1 bhm_gua_bright bhm_filler science 0 0 0.0 0.0 -999 ""
FIBERMAP 1340 R+9C17 METROLOGY 0 0 0 1 0 0 171.62320393756792 166.60642545460072 143.1 238.1913616238142 21.333041841948265 262.3532 149.14665 -999.0 -999.0 -999.0 -999.0 -999.0 143.22312062732158 -0.6450763993856149 143.22630935271644 -0.7555096468421396 56.12383701936228 170.68746339360413 -999.0 6231.0 -999.0 -1 -999 {-999.0 -999.0 -999.0 -999.0 -999.0} "" -999.0 -999.0 -999.0 -999.0 -999 -999 "" "" "" "" 0 0 0.0 0.0 -999 ""
FIBERMAP 1341 R-6C4 APOGEE 0 0 0 1 0 0 -142.08602341702706 -110.14508805204339 143.1 -179.7013831840363 3.9194555520702274 46.113598 92.69041 -999.0 -999.0 -999.0 -999.0 -999.0 141.32774696988815 -0.7268856025892794 141.33111965231382 -0.8344005118191555 56.256574528958126 174.0880114996372 -999.0 16600.0 -999.0 2 -999 {-999.0 -999.0 -999.0 -999.0 -999.0} "" -999.0 -999.0 -999.0 -999.0 -999 -999 "" "" "" "" 0 0 0.0 0.0 -999 ""
FIBERMAP 1341 R-6C4 BOSS 1 1 0 1 0 0 -141.51575354661057 -110.61718349547982 143.1 -179.55573698238143 3.193743319324637 46.113598 92.69041 141.32822605936582 -0.7302978805599423 50.52182 -21.658699 11.13966 141.32836545584834 -0.7303161307433924 141.33172062817408 -0.8376951842878928 56.25324018729895 174.08744758677935 5400.0 5400.0 2016.0 1 453 {-999.0 16.204782 14.781717 13.706631 -999.0} sdss_psfmag_from_g3xp 15.630701 14.3841 13.2815895 11.195 63050395170939932 1150956464 bright_1x1 mwm_snc_100pc_boss_single mwm_snc science 0 0 0.0 0.0 -999 ""
FIBERMAP 1341 R-6C4 METROLOGY 0 0 0 1 0 0 -142.22065210680685 -110.87893891999954 143.1 -180.26800148364765 3.4342838180990563 46.113598 92.69041 -999.0 -999.0 -999.0 -999.0 -999.0 141.32515699394554 -0.729189995916641 141.328517861208 -0.83660269852202 56.254605862006606 174.09302045257883 -999.0 6231.0 -999.0 -1 -999 {-999.0 -999.0 -999.0 -999.0 -999.0} "" -999.0 -999.0 -999.0 -999.0 -999 -999 "" "" "" "" 0 0 0.0 0.0 -999 ""
FIBERMAP 1342 R+2C4 APOGEE 0 0 0 1 0 0 -187.5414126300372 22.43847363439635 143.1 -131.52433190556584 135.50976820449773 19.930595 30.032202 -999.0 -999.0 -999.0 -999.0 -999.0 141.54589573986158 -0.12903513638419603 141.55020479361292 -0.23706105994874388 56.83171761189737 173.59449465766056 -999.0 16600.0 -999.0 2 -999 {-999.0 -999.0 -999.0 -999.0 -999.0} "" -999.0 -999.0 -999.0 -999.0 -999 -999 "" "" "" "" 0 0 0.0 0.0 -999 ""
FIBERMAP 1342 R+2C4 BOSS 1 1 0 1 0 0 -188.00018621777883 21.868378193110487 143.1 -132.23958800562298 135.35586953090595 19.930595 30.032202 141.5425058331779 -0.12932987165459844 -66.83099 -180.19919 24.416338 141.5426337733716 -0.12984304217279846 141.54692957751968 -0.23773060835329118 56.83135812455243 173.60056946082338 5400.0 5400.0 2016.0 1 35 {-999.0 15.669353 14.240851 12.908137 -999.0} sdss_psfmag_from_g3xp 15.100389 13.619258 12.43467 10.258 63050395170993505 1151011888 bright_1x1 mwm_snc_100pc_boss_single mwm_snc science 0 0 1.0893590450286865 0.0 -999 ""
FIBERMAP 1342 R+2C4 METROLOGY 0 0 0 1 0 0 -188.27827533146043 22.55550072426473 143.1 -132.02292538287722 136.06461273522828 19.930595 30.032202 -999.0 -999.0 -999.0 -999.0 -999.0 141.54362461562545 -0.1266014249010668 141.54792905180113 -0.23452911702837306 56.834451826353806 173.59820203275666 -999.0 6231.0 -999.0 -1 -999 {-999.0 -999.0 -999.0 -999.0 -999.0} "" -999.0 -999.0 -999.0 -999.0 -999 -999 "" "" "" "" 0 0 0.0 0.0 -999 ""
FIBERMAP 1345 R-1C16 APOGEE 0 0 0 1 0 0 40.129259683325294 -24.084695262634042 143.1 16.001418151463085 -43.972062578178765 218.67102 92.007416 -999.0 -999.0 -999.0 -999.0 -999.0 142.21729796178153 -0.9436735393706349 142.22018393585347 -1.0525511742865532 55.952411704412626 172.539936706302 -999.0 16600.0 -999.0 2 231 {-999.0 -999.0 -999.0 -999.0 -999.0} "" -999.0 -999.0 -999.0 -999.0 -999 -999 "" ops_sky_apogee_best_unassigned ops_sky sky_apogee 0 0 0.0 0.0 -999 ""
FIBERMAP 1345 R-1C16 BOSS 1 1 0 1 0 0 39.640461564251524 -23.51547207435464 143.1 15.980201567454255 -43.22221458660685 218.67102 92.007416 142.21720085450295 -0.9403551847898645 9.57811 -19.927744 0.53878397 142.21722046496424 -0.940420184790713 142.22009659051446 -1.0491614256958084 55.95579071870271 172.53943060312216 5400.0 5400.0 2016.0 1 281 {-999.0 16.415468 16.094461 16.02117 -999.0} sdss_psfmag 16.373266 16.104467 15.670256 14.932 63050395170983914 1072698265 bright_1x1 mwm_halo_local_high_boss_single mwm_halo science 0 0 0.0 0.0 -999 ""
FIBERMAP 1345 R-1C16 METROLOGY 0 0 0 1 0 0 40.37484379076584 -23.372151982543205 143.1 16.640792971634735 -43.57330089994497 218.67102 92.007416 -999.0 -999.0 -999.0 -999.0 -999.0 142.22022654979676 -0.9419706178807882 142.22310400240548 -1.0507550526990819 55.953878159399 172.5344027452056 -999.0 6231.0 -999.0 -1 -999 {-999.0 -999.0 -999.0 -999.0 -999.0} "" -999.0 -999.0 -999.0 -999.0 -999 -999 "" "" "" "" 0 0 0.0 0.0 -999 ""
FIBERMAP 1346 R+3C6 APOGEE 0 0 0 1 0 0 -153.7342136802729 45.9691960525104 143.1 -90.45243244838335 132.49842043323162 247.09293 105.47744 -999.0 -999.0 -999.0 -999.0 -999.0 141.7319971854162 -0.1418313264741598 141.73625280558082 -0.25015236610107144 56.800777562833616 173.2584566962563 -999.0 16600.0 -999.0 2 -999 {-999.0 -999.0 -999.0 -999.0 -999.0} "" -999.0 -999.0 -999.0 -999.0 -999 -999 "" "" "" "" 0 0 0.0 0.0 -999 ""
FIBERMAP 1346 R+3C6 BOSS 1 1 0 1 0 0 -154.45906240743508 46.061151232385996 143.1 -90.95748159155133 133.02622862944952 247.09293 105.47744 141.72968300675404 -0.13948943284605111 5.3118224 -13.218017 0.29178947 141.7296884224155 -0.13953523142113133 141.73393497841164 -0.24772020771161068 56.803426582237805 173.2622308525599 5400.0 5400.0 2016.0 1 39 {-999.0 17.565132 17.297445 17.160755 -999.0} sdss_psfmag 17.55923 17.277763 16.856354 15.942 63050395170993432 944390134 bright_1x1 openfibertargets_nov2020_6c open_fiber science 0 0 0.0 0.0 -999 ""
FIBERMAP 1346 R+3C6 METROLOGY 0 0 0 1 0 0 -154.03192204819308 46.65332448210685 143.1 -90.25289215086369 133.21719131366905 247.09293 105.47744 -999.0 -999.0 -999.0 -999.0 -999.0 141.7328888385313 -0.13862897670911378 141.73714002583415 -0.24685700350657858 56.803969232171376 173.25625000863315 -999.0 6231.0 -999.0 -1 -999 {-999.0 -999.0 -999.0 -999.0 -999.0} "" -999.0 -999.0 -999.0 -999.0 -999 -999 "" "" "" "" 0 0 0.0 0.0 -999 ""
FIBERMAP 1349 R-5C10 APOGEE 1 1 0 1 0 0 -25.14460316987101 -111.06969421642688 143.1 -89.46199374644388 -70.42934348395939 325.64212 91.44544 141.73739493923458 -1.0646092494500263 5.1133385 -7.8973165 2.412447 141.73740567500212 -1.0646271226528456 141.7401681375012 -1.172708833136538 55.88224187644668 173.4138667921388 16000.0 16600.0 2016.0 2 289 {-999.0 11.643462 11.386175 11.31512 -999.0} sdss_psfmag_from_g3xp 11.622149 11.385326 10.990051 10.353 63050395170937470 946401263 bright_1x1 openfibertargets_nov2020_9 open_fiber science 0 0 0.0 0.0 -999 ""
FIBERMAP 1349 R-5C10 BOSS 0 0 0 1 0 0 -25.562774592585775 -111.70133716968685 143.1 -90.18446914728788 -70.65660715604216 325.64212 91.44544 -999.0 -999.0 -999.0 -999.0 -999.0 141.7340972134818 -1.0658317020127714 141.73684487244157 -1.1737700720128421 55.881505951996445 173.4199452523129 -999.0 5400.0 -999.0 1 398 {-999.0 -999.0 -999.0 -999.0 -999.0} "" -999.0 -999.0 -999.0 -999.0 -999 -999 "" "" "" "" 0 0 0.0 0.0 -999 ""
FIBERMAP 1349 R-5C10 METROLOGY 0 0 0 1 0 0 -25.89339302002285 -111.03787846944923 143.1 -90.02350260482535 -69.93316783467725 325.64212 91.44544 -999.0 -999.0 -999.0 -999.0 -999.0 141.7348238711132 -1.0624967538964545 141.7375805953891 -1.1704762347642867 55.88471354881961 173.4180738427709 -999.0 6231.0 -999.0 -1 -999 {-999.0 -999.0 -999.0 -999.0 -999.0} "" -999.0 -999.0 -999.0 -999.0 -999 -999 "" "" "" "" 0 0 0.0 0.0 -999 ""
FIBERMAP 1351 R-3C8 APOGEE 0 0 0 1 0 0 -84.49208009258345 -57.610328042464666 143.1 -101.89367995485534 8.456818194956528 27.826586 89.41162 -999.0 -999.0 -999.0 -999.0 -999.0 141.6801813805977 -0.7056844916388425 141.68353325624213 -0.8137718097232364 56.24496108990468 173.45299244966398 -999.0 16600.0 -999.0 2 -999 {-999.0 -999.0 -999.0 -999.0 -999.0} "" -999.0 -999.0 -999.0 -999.0 -999 -999 "" "" "" "" 0 0 0.0 0.0 -999 ""
FIBERMAP 1351 R-3C8 BOSS 1 1 0 1 0 0 -84.13735398567907 -58.2713831817691 143.1 -102.03441010149923 7.7200664779901205 27.826586 89.41162 141.67953494051002 -0.7091963629537131 -8.584906 2.064717 2.9717128 141.6795105453939 -0.7091715247609365 141.68284379509635 -0.8171209537179774 56.24169346691774 173.45480523708568 5400.0 5400.0 2016.0 1 469 {-999.0 19.779055 18.292334 17.165316 -999.0} sdss_psfmag 19.167439 17.845764 16.727045 14.587 63050395170985947 1094585687 bright_1x1 mwm_bin_vis_boss mwm_filler science 0 0 0.0 0.0 -999 ""
FIBERMAP 1351 R-3C8 METROLOGY 0 0 0 1 0 0 -84.88685494767996 -58.24342739824963 143.1 -102.59890161683846 8.213692062324006 27.826586 89.41162 -999.0 -999.0 -999.0 -999.0 -999.0 141.67694820786753 -0.7068906882857561 141.68028926854544 -0.8148751423338503 56.2441737148011 173.4589934919586 -999.0 6231.0 -999.0 -1 -999 {-999.0 -999.0 -999.0 -999.0 -999.0} "" -999.0 -999.0 -999.0 -999.0 -999 -999 "" "" "" "" 0 0 0.0 0.0 -999 ""
FIBERMAP 1353 R-12C3 APOGEE 0 0 0 1 0 0 -127.10182563148001 -225.6287768525818 143.1 -240.77690289240368 -95.20457983890972 181.26723 87.21941 -999.0 -999.0 -999.0 -999.0 -999.0 141.05492084110926 -1.1759218899369028 141.05760016033116 -1.2828737056354085 55.832212672009526 174.64225693837312 -999.0 16600.0 -999.0 2 -999 {-999.0 -999.0 -999.0 -999.0 -999.0} "" -999.0 -999.0 -999.0 -999.0 -999 -999 "" "" "" "" 0 0 0.0 0.0 -999 ""
FIBERMAP 1353 R-12C3 BOSS 1 1 0 1 0 0 -127.07989489230908 -224.86959365555583 143.1 -240.28186030843085 -94.62877510407723 181.26723 87.21941 141.05711715861253 -1.1734602736593733 -5.4059014 -2.6142313 2.7702193 141.05711385521758 -1.1734732937898515 141.05978597979373 -1.2802911532747796 55.834615550609854 174.63801652277425 5400.0 5400.0 2016.0 1 350 {-999.0 14.806701 13.994234 13.688288 -999.0} sdss_psfmag_from_g3xp 14.564395 14.026207 13.336082 11.993 63050395170938183 1075907483 bright_1x1 mwm_erosita_stars_boss mwm_erosita science 0 0 0.0 0.0 -999 ""
FIBERMAP 1353 R-12C3 METROLOGY 0 0 0 1 0 0 -126.44784553933944 -225.26965010671682 143.1 -240.04287514283146 -95.33743755135787 181.26723 87.21941 -999.0 -999.0 -999.0 -999.0 -999.0 141.0582031768354 -1.1766373850869385 141.06087304715254 -1.2834953009644046 55.831335886214355 174.63653584837576 -999.0 6231.0 -999.0 -1 -999 {-999.0 -999.0 -999.0 -999.0 -999.0} "" -999.0 -999.0 -999.0 -999.0 -999 -999 "" "" "" "" 0 0 0.0 0.0 -999 ""
FIBERMAP 1354 R+3C8 APOGEE 0 0 0 1 0 0 -86.73895108898392 69.36770273239193 143.1 -23.688554542025376 108.48793672936401 75.872925 74.42825 -999.0 -999.0 -999.0 -999.0 -999.0 142.0354786713382 -0.24986922975339293 142.03950721413992 -0.35864553908543634 56.66175076910441 172.72885266464993 -999.0 16600.0 -999.0 2 -999 {-999.0 -999.0 -999.0 -999.0 -999.0} "" -999.0 -999.0 -999.0 -999.0 -999 -999 "" "" "" "" 0 0 0.0 0.0 -999 ""
FIBERMAP 1354 R+3C8 BOSS 1 1 0 1 0 0 -86.07977834550132 68.97534350419139 143.1 -23.42365776586635 107.76817435895512 75.872925 74.42825 142.03669310833467 -0.2532119054937206 0.19280484 -0.0842096 0.2002199 142.0366912156404 -0.25321874345780354 142.04069986086824 -0.3618624819835617 56.65842515883139 172.72731803834006 5400.0 5400.0 2016.0 1 52 {-999.0 20.637388 20.479382 20.12739 -999.0} sdss_psfmag 20.379896 20.15303 19.67392 -999.0 63050395170987673 1117136840 bright_1x1 openfibertargets_bhm_quaia_boss open_fiber science 0 0 0.0 0.0 -999 ""
FIBERMAP 1354 R+3C8 METROLOGY 0 0 0 1 0 0 -86.73281204316937 68.621630153732 143.1 -24.15354202912409 107.90464045323954 75.872925 74.42825 -999.0 -999.0 -999.0 -999.0 -999.0 142.03336682980952 -0.252577371629839 142.03738114220766 -0.36125386306318374 56.65938345314887 172.7332039896575 -999.0 6231.0 -999.0 -1 -999 {-999.0 -999.0 -999.0 -999.0 -999.0} "" -999.0 -999.0 -999.0 -999.0 -999 -999 "" "" "" "" 0 0 0.0 0.0 -999 ""
FIBERMAP 1355 R0C10 APOGEE 0 0 0 1 0 0 -91.07538734192846 -12.105048751679174 143.1 -78.35471593238795 47.943202647451336 256.22473 126.37552 -999.0 -999.0 -999.0 -999.0 -999.0 141.78699216207804 -0.5257357620524701 141.79061790969496 -0.6340423141266288 56.413392675660354 173.22916926733433 -999.0 16600.0 -999.0 2 -999 {-999.0 -999.0 -999.0 -999.0 -999.0} "" -999.0 -999.0 -999.0 -999.0 -999 -999 "" "" "" "" 0 0 0.0 0.0 -999 ""
FIBERMAP 1355 R0C10 BOSS 1 1 0 1 0 0 -91.75976466208779 -12.40168968350112 143.1 -79.07300801368751 48.14372867095757 256.22473 126.37552 141.78371175847664 -0.5249300600782549 -6.052273 -3.8552043 0.2183032 141.78369898092558 -0.5249413318513683 141.78731311506016 -0.6331078868197924 56.41464999667023 173.23494618651375 5400.0 5400.0 2016.0 1 491 {-999.0 17.910011 17.658089 17.53688 -999.0} sdss_psfmag 17.894753 17.636929 17.224773 16.327 63050395170986257 944390173 bright_1x1 openfibertargets_nov2020_6c open_fiber science 0 0 0.0 0.0 -999 ""
FIBERMAP 1355 R0C10 METROLOGY 0 0 0 1 0 0 -91.66806404590682 -11.651842060341604 143.1 -78.52965727809007 48.66835327626096 256.22473 126.37552 -999.0 -999.0 -999.0 -999.0 -999.0 141.78617165988263 -0.5225143162619205 141.78979311196412 -0.6307237249573151 56.416776680354346 173.2300581145474 -999.0 6231.0 -999.0 -1 -999 {-999.0 -999.0 -999.0 -999.0 -999.0} "" -999.0 -999.0 -999.0 -999.0 -999 -999 "" "" "" "" 0 0 0.0 0.0 -999 ""
FIBERMAP 1356 R+8C9 APOGEE 0 0 0 1 0 0 -1.9051035355455 149.61859270642125 143.1 92.72590456817763 117.39952814145869 51.16712 34.318485 -999.0 -999.0 -999.0 -999.0 -999.0 142.56480928685548 -0.20896693759737822 142.56881117005133 -0.31859018196024363 56.64149987886846 171.76396485495786 -999.0 16600.0 -999.0 2 -999 {-999.0 -999.0 -999.0 -999.0 -999.0} "" -999.0 -999.0 -999.0 -999.0 -999 -999 "" "" "" "" 0 0 0.0 0.0 -999 ""
FIBERMAP 1356 R+8C9 BOSS 1 1 0 1 0 0 -1.969160658795186 148.84587464642254 143.1 92.18962282924207 116.83973602484443 51.16712 34.318485 142.56239522163574 -0.211560471451246 9.767064 -14.933494 0.55317837 142.56243643513045 -0.2115928644605844 142.56641836923978 -0.3210781949683942 56.639318118466896 171.76882938793133 5400.0 5400.0 2016.0 1 123 {-999.0 16.813951 16.312117 16.176716 -999.0} sdss_psfmag_ps1 16.63517 16.30751 15.821048 14.829 63050395170988735 1073318428 bright_1x1 mwm_halo_local_high_boss_single mwm_halo science 0 0 0.0 0.0 -999 ""
FIBERMAP 1356 R+8C9 METROLOGY 0 0 0 1 0 0 -2.5754101246144323 149.29094799463337 143.1 91.99901925547447 117.56711588288232 51.16712 34.318485 -999.0 -999.0 -999.0 -999.0 -999.0 142.56154734529332 -0.20826445413688305 142.5655393188569 -0.3177871202298333 56.64269107972529 171.76969585668473 -999.0 6231.0 -999.0 -1 -999 {-999.0 -999.0 -999.0 -999.0 -999.0} "" -999.0 -999.0 -999.0 -999.0 -999 -999 "" "" "" "" 0 0 0.0 0.0 -999 ""
FIBERMAP 1357 R+3C5 APOGEE 0 0 0 1 0 0 -167.01674621019131 45.074232793677716 143.1 -101.3317004931299 140.16653634559967 275.6275 117.28583 -999.0 -999.0 -999.0 -999.0 -999.0 141.682686827541 -0.10731447589359291 141.68700699155204 -0.21556570001689448 56.84002862072851 173.34180700082504 -999.0 16600.0 -999.0 2 148 {-999.0 -999.0 -999.0 -999.0 -999.0} "" -999.0 -999.0 -999.0 -999.0 -999 -999 "" ops_sky_apogee_best_unassigned ops_sky sky_apogee 0 0 0.0 0.0 -999 ""
FIBERMAP 1357 R+3C5 BOSS 1 1 0 1 0 0 -167.640163327526 44.66226223213528 143.1 -102.07526422073661 140.2391097623445 275.6275 117.28583 141.67932045278386 -0.10708223356577942 -4.8617516 -2.399367 0.0965139 141.67929626581832 -0.10708826065890223 141.68360439696585 -0.21520130624983833 56.840722870443585 173.34793319154517 5400.0 5400.0 2016.0 1 40 {-999.0 17.522717 17.159885 17.03398 -999.0} sdss_psfmag 17.469603 17.16994 16.703232 15.667 63050395170993531 977051840 "" ops_std_boss ops_std standard_boss 0 0 0.0 0.0 -999 ""
FIBERMAP 1357 R+3C5 METROLOGY 0 0 0 1 0 0 -167.68464990554511 45.40487136876342 143.1 -101.64223973053953 140.8438612327178 275.6275 117.28583 -999.0 -999.0 -999.0 -999.0 -999.0 141.681265816883 -0.10431377642563805 141.68558177094445 -0.21246835925267635 56.84325014289814 173.34384827606863 -999.0 6231.0 -999.0 -1 -999 {-999.0 -999.0 -999.0 -999.0 -999.0} "" -999.0 -999.0 -999.0 -999.0 -999 -999 "" "" "" "" 0 0 0.0 0.0 -999 ""
FIBERMAP 1358 R-3C14 APOGEE 0 0 0 1 0 0 15.089714206928829 -57.51557501926623 143.1 -24.494669045242173 -54.17003154723118 214.90622 73.54436 -999.0 -999.0 -999.0 -999.0 -999.0 142.03289147741944 -0.9903932669680092 142.03573008786287 -1.0989659874030955 55.92594857787083 172.87618316935254 -999.0 16600.0 -999.0 2 215 {-999.0 -999.0 -999.0 -999.0 -999.0} "" -999.0 -999.0 -999.0 -999.0 -999 -999 "" ops_sky_apogee_best_unassigned ops_sky sky_apogee 0 0 0.0 0.0 -999 ""
FIBERMAP 1358 R-3C14 BOSS 1 1 0 1 0 0 14.840019160328108 -56.81213982568129 143.1 -24.245683347459476 -53.466497224190135 214.90622 73.54436 142.03399658203125 -0.9873845902867373 -999.0 -999.0 -999.0 142.03402119684355 -0.9873554303642579 142.03685010846385 -1.095793404309916 55.92898703304332 172.87360452287956 5400.0 5400.0 2015.5 1 264 {-999.0 -999.0 -999.0 -999.0 -999.0} "" -999.0 -999.0 -999.0 -999.0 27021603143412892 812262942 "" ops_sky_boss_good ops_sky sky_boss 0 0 0.0 0.0 -999 ""
FIBERMAP 1358 R-3C14 METROLOGY 0 0 0 1 0 0 15.575308830692105 -56.943522438077615 143.1 -23.757350327602886 -54.03150040954949 214.90622 73.54436 -999.0 -999.0 -999.0 -999.0 -999.0 142.03624869942558 -0.9898806244370163 142.03907729926982 -1.0983603671291047 55.926201693915814 172.87012971531874 -999.0 6231.0 -999.0 -1 -999 {-999.0 -999.0 -999.0 -999.0 -999.0} "" -999.0 -999.0 -999.0 -999.0 -999 -999 "" "" "" "" 0 0 0.0 0.0 -999 ""
FIBERMAP 1359 R-7C12 APOGEE 0 0 0 1 0 0 41.87806585561526 -121.34354387483417 143.1 -43.878211450694614 -120.60843154423662 87.72236 87.06269 -999.0 -999.0 -999.0 -999.0 -999.0 141.94529750771963 -1.2925046403090068 141.94766264623422 -1.4008556374408638 55.63470553989966 173.0870870791338 -999.0 16600.0 -999.0 2 161 {-999.0 -999.0 -999.0 -999.0 -999.0} "" -999.0 -999.0 -999.0 -999.0 -999 -999 "" ops_sky_apogee_best_unassigned ops_sky sky_apogee 0 0 0.0 0.0 -999 ""
FIBERMAP 1359 R-7C12 BOSS 1 1 0 1 0 0 42.60636531017455 -121.41761959414819 143.1 -43.359224749456324 -121.12452651757775 87.72236 87.06269 141.94765195112876 -1.2949354586675774 -4.359189 -11.575152 1.3327742 141.94765992146645 -1.2950361037134877 141.95000650396304 -1.4032512161045703 55.63208499338611 173.08338721866278 5400.0 5400.0 2016.0 1 381 {-999.0 19.612423 18.233124 17.463757 -999.0} sdss_psfmag 19.097628 18.065056 17.095118 15.272 63050395170909291 1094241984 bright_1x1 mwm_bin_vis_boss mwm_filler science 0 0 0.0 0.0 -999 ""
FIBERMAP 1359 R-7C12 METROLOGY 0 0 0 1 0 0 42.185746756873066 -122.02300989807001 143.1 -44.06707103908362 -121.32986048820322 87.72236 87.06269 -999.0 -999.0 -999.0 -999.0 -999.0 141.94444178222497 -1.2959201147182375 141.94679140644195 -1.40416923956824 55.63149712128616 173.0892162933346 -999.0 6231.0 -999.0 -1 -999 {-999.0 -999.0 -999.0 -999.0 -999.0} "" -999.0 -999.0 -999.0 -999.0 -999 -999 "" "" "" "" 0 0 0.0 0.0 -999 ""
FIBERMAP 1362 R-12C4 APOGEE 0 0 0 1 0 0 -108.4818026398253 -231.36894664259333 143.1 -229.9300474656538 -111.3864997367554 217.45448 67.73063 -999.0 -999.0 -999.0 -999.0 -999.0 141.10390772024863 -1.2491900121104238 141.1064601477259 -1.3562013864085976 55.75525115632908 174.5659564300498 -999.0 16600.0 -999.0 2 -999 {-999.0 -999.0 -999.0 -999.0 -999.0} "" -999.0 -999.0 -999.0 -999.0 -999 -999 "" "" "" "" 0 0 0.0 0.0 -999 ""
FIBERMAP 1362 R-12C4 BOSS 1 1 0 1 0 0 -108.68263403155923 -230.64507846786736 143.1 -229.63024685468415 -110.69786270611634 217.45448 67.73063 141.10524708939707 -1.246187282607054 0.3343056 -2.2886994 -0.031128779 141.10522319435805 -1.2462335082833276 141.10776919821302 -1.3531092546756787 55.75822919034624 174.56320031692695 5400.0 5400.0 2016.0 1 351 {-999.0 18.045734 17.507141 17.298813 -999.0} sdss_psfmag 17.938782 17.539288 16.983755 15.902 63050395170938017 944070731 bright_1x1 openfibertargets_nov2020_6b open_fiber science 0 0 0.0 0.0 -999 ""
FIBERMAP 1362 R-12C4 METROLOGY 0 0 0 1 0 0 -107.95869835815013 -230.83694674503235 143.1 -229.18881586660098 -111.30269266387552 217.45448 67.73063 -999.0 -999.0 -999.0 -999.0 -999.0 141.10721861992937 -1.2489312242106747 141.10976306406178 -1.355848729868753 55.75533953310991 174.56005732662314 -999.0 6231.0 -999.0 -1 -999 {-999.0 -999.0 -999.0 -999.0 -999.0} "" -999.0 -999.0 -999.0 -999.0 -999 -999 "" "" "" "" 0 0 0.0 0.0 -999 ""
FIBERMAP 1363 R-6C13 APOGEE 0 0 0 1 0 0 37.037081684126846 -135.1069823200878 143.1 -56.303898423408185 -128.24962306937874 298.6523 55.118183 -999.0 -999.0 -999.0 -999.0 -999.0 141.8888861445561 -1.3271797413363662 141.89120321144628 -1.435431441019968 55.60597544681607 173.19268852988685 -999.0 16600.0 -999.0 2 -999 {-999.0 -999.0 -999.0 -999.0 -999.0} "" -999.0 -999.0 -999.0 -999.0 -999 -999 "" "" "" "" 0 0 0.0 0.0 -999 ""
FIBERMAP 1363 R-6C13 BOSS 1 1 0 1 0 0 36.29933792633483 -135.0337553399237 143.1 -56.83075436022224 -127.72824077392902 298.6523 55.118183 141.88649127611873 -1.3249072609902042 -18.164017 -15.4225445 2.873194 141.88647519782677 -1.3250071522749505 141.8887821657073 -1.4331165137966984 55.60852008445722 173.19654344594105 5400.0 5400.0 2016.0 1 380 {-999.0 19.269342 17.77808 16.729788 -999.0} sdss_psfmag 18.639835 17.405643 16.290731 13.587 63050395170909278 1095325336 bright_1x1 mwm_bin_vis_boss mwm_filler science 0 0 0.0 0.0 -999 ""
FIBERMAP 1363 R-6C13 METROLOGY 0 0 0 1 0 0 36.728662547595604 -134.42761524940136 143.1 -56.115674483387814 -127.52780615540246 298.6523 55.118183 -999.0 -999.0 -999.0 -999.0 -999.0 141.8897240449194 -1.3240487592119996 141.89203605072277 -1.4322029791970592 55.60910479601006 173.1906519855148 -999.0 6231.0 -999.0 -1 -999 {-999.0 -999.0 -999.0 -999.0 -999.0} "" -999.0 -999.0 -999.0 -999.0 -999 -999 "" "" "" "" 0 0 0.0 0.0 -999 ""
FIBERMAP 1364 R+13C6 APOGEE 0 0 0 1 0 0 -55.11418326081541 256.6710097246912 143.1 118.80575040977604 234.04330997971132 237.67104 27.571661 -999.0 -999.0 -999.0 -999.0 -999.0 142.6798967731552 0.3164259586990923 142.6847121383828 0.20648270353367268 57.1483595455252 171.4352691155014 -999.0 16600.0 -999.0 2 105 {-999.0 -999.0 -999.0 -999.0 -999.0} "" -999.0 -999.0 -999.0 -999.0 -999 -999 "" "" "" "" 0 0 0.0 0.0 -999 ""
FIBERMAP 1364 R+13C6 BOSS 1 1 0 1 0 0 -55.039896997347704 257.4062939141694 143.1 119.32640675195131 234.567588749217 237.67104 27.571661 142.68324346444365 0.32022324371767896 -569.0163 -549.3861 100.90325 142.68224780168333 0.3186367009516243 142.68704969862642 0.2088200127149933 57.150385630686884 171.43045408511267 5400.0 5400.0 2016.0 1 84 {-999.0 12.522197 11.104271 9.7829485 -999.0} sdss_psfmag_from_g3xp 11.966499 10.501792 9.315035 7.182 63050395170991747 1151020592 bright_1x1 mwm_snc_100pc_boss_single mwm_snc science 0 0 2.28233003616333 0.0 -999 ""
FIBERMAP 1364 R+13C6 METROLOGY 0 0 0 1 0 0 -54.43352682750688 256.9853550506725 143.1 119.53230004774922 233.85887673301445 237.67104 27.571661 -999.0 -999.0 -999.0 -999.0 -999.0 142.683195157579 0.31549890511758577 142.68799657269915 0.20564449614091154 57.14711649396258 171.4294558764724 -999.0 6231.0 -999.0 -1 -999 {-999.0 -999.0 -999.0 -999.0 -999.0} "" -999.0 -999.0 -999.0 -999.0 -999 -999 "" "" "" "" 0 0 0.0 0.0 -999 ""
FIBERMAP 1365 R+12C3 APOGEE 0 0 0 1 0 0 -118.79466875944824 212.44462567703175 143.1 41.502251777471784 239.79089225275874 315.1617 37.477985 -999.0 -999.0 -999.0 -999.0 -999.0 142.33030508867972 0.34302042876393485 142.33523014525582 0.23361998775512038 57.21745618715263 172.06936738766055 -999.0 16600.0 -999.0 2 -999 {-999.0 -999.0 -999.0 -999.0 -999.0} "" -999.0 -999.0 -999.0 -999.0 -999 -999 "" "" "" "" 0 0 0.0 0.0 -999 ""
FIBERMAP 1365 R+12C3 BOSS 1 1 0 1 0 0 -119.53299751116558 212.52353388162282 143.1 40.97851862245372 240.31705515683674 315.1617 37.477985 142.32825785581556 0.34529927156834045 -113.27329 -13.249396 9.648357 142.32794485381706 0.3452705602788076 142.33285871005177 0.23600388786225968 57.22009906346854 172.07320700193782 5400.0 5400.0 2016.0 1 94 {-999.0 19.135334 17.637007 16.00729 -999.0} sdss_psfmag 18.467176 16.689552 15.413461 12.992 63050395170997667 1075812682 bright_1x1 mwm_erosita_stars_boss mwm_erosita science 0 0 0.0 0.0 -999 ""
FIBERMAP 1365 R+12C3 METROLOGY 0 0 0 1 0 0 -119.09597426399871 213.12717748710875 143.1 41.698005690639334 240.51070355746205 315.1617 37.477985 -999.0 -999.0 -999.0 -999.0 -999.0 142.33119353625784 0.3461654314394768 142.33611251074984 0.2368563699849123 57.22056832025508 172.06705510074687 -999.0 6231.0 -999.0 -1 -999 {-999.0 -999.0 -999.0 -999.0 -999.0} "" -999.0 -999.0 -999.0 -999.0 -999 -999 "" "" "" "" 0 0 0.0 0.0 -999 ""
FIBERMAP 1369 R-1C18 APOGEE 0 0 0 1 0 0 96.76573287395328 -26.983780175043155 143.1 58.162279019668674 -81.88406342918924 188.36714 158.94864 -999.0 -999.0 -999.0 -999.0 -999.0 142.40947507932128 -1.1158063379237702 142.4120574964548 -1.2249401538650817 55.75972133308044 172.23449974794516 -999.0 16600.0 -999.0 2 217 {-999.0 -999.0 -999.0 -999.0 -999.0} "" -999.0 -999.0 -999.0 -999.0 -999 -999 "" ops_sky_apogee_best_unassigned ops_sky sky_apogee 0 0 0.0 0.0 -999 ""
FIBERMAP 1369 R-1C18 BOSS 1 1 0 1 0 0 96.05147409005147 -26.798739444625824 143.1 57.724064625316146 -81.29062896053844 188.36714 158.94864 142.40753173828125 -1.1132998193237853 -999.0 -999.0 -999.0 142.40752325943487 -1.1132908478675843 142.41009418043978 -1.2222841944032468 55.76258312049533 172.2374294451282 5400.0 5400.0 2015.5 1 295 {-999.0 -999.0 -999.0 -999.0 -999.0} "" -999.0 -999.0 -999.0 -999.0 27021603143399263 820299999 "" ops_sky_boss_good ops_sky sky_boss 0 0 0.0 0.0 -999 ""
FIBERMAP 1369 R-1C18 METROLOGY 0 0 0 1 0 0 96.5634951473574 -26.2554843115383 143.1 58.46377525186612 -81.19110219057643 188.36714 158.94864 -999.0 -999.0 -999.0 -999.0 -999.0 142.41087900034 -1.1127831699820565 142.41345471029047 -1.2218210701509458 55.76266141994201 172.2314029727977 -999.0 6231.0 -999.0 -1 -999 {-999.0 -999.0 -999.0 -999.0 -999.0} "" -999.0 -999.0 -999.0 -999.0 -999 -999 "" "" "" "" 0 0 0.0 0.0 -999 ""
FIBERMAP 1370 R0C23 APOGEE 0 0 0 1 0 0 214.08786018585724 -5.789115033153486 143.1 162.62446556171687 -139.2938266118405 340.06036 113.26544 -999.0 -999.0 -999.0 -999.0 -999.0 142.8829295872975 -1.374096581229833 142.88503498113016 -1.4839001323316825 55.446197871303035 171.45815051396343 -999.0 16600.0 -999.0 2 89 {-999.0 -999.0 -999.0 -999.0 -999.0} "" -999.0 -999.0 -999.0 -999.0 -999 -999 "" ops_sky_apogee_best_unassigned ops_sky sky_apogee 0 0 0.0 0.0 -999 ""
FIBERMAP 1370 R0C23 BOSS 1 1 0 1 0 0 214.0132023982348 -6.521773798641822 143.1 162.1051737440552 -139.81583244264073 340.06036 113.26544 142.88064484274685 -1.3766393722054937 -5.7197328 3.493024 1.3277988 142.88063103787607 -1.3766385996775519 142.88271516190048 -1.486298322155535 55.44410812553868 171.46273523020034 5400.0 5400.0 2016.0 1 245 {-999.0 -999.0 -999.0 -999.0 -999.0} "" -999.0 14.898329 -999.0 11.34 63050395170959169 1095478317 bright_1x1 mwm_bin_vis_boss mwm_filler science 0 0 0.0 0.0 -999 ""
FIBERMAP 1370 R0C23 METROLOGY 0 0 0 1 0 0 213.39875149045847 -6.086483763671656 143.1 161.90204064880703 -139.0908867753783 340.06036 113.26544 -999.0 -999.0 -999.0 -999.0 -999.0 142.87971235269032 -1.373324196053456 142.88180682196844 -1.48302296544028 55.44747123110127 171.46360257443055 -999.0 6231.0 -999.0 -1 -999 {-999.0 -999.0 -999.0 -999.0 -999.0} "" -999.0 -999.0 -999.0 -999.0 -999 -999 "" "" "" "" 0 0 0.0 0.0 -999 ""
FIBERMAP 1372 R-11C10 APOGEE 0 0 0 1 0 0 32.41694917470583 -234.86732950082484 143.1 -122.70494738610591 -202.81863648627962 331.53586 36.317184 -999.0 -999.0 -999.0 -999.0 -999.0 141.58938278954886 -1.6633260323391017 141.59119582530462 -1.771006598610783 55.30055713814368 173.77559748078255 -999.0 16600.0 -999.0 2 157 {-999.0 -999.0 -999.0 -999.0 -999.0} "" -999.0 -999.0 -999.0 -999.0 -999 -999 "" ops_sky_apogee_best_unassigned ops_sky sky_apogee 0 0 0.0 0.0 -999 ""
FIBERMAP 1372 R-11C10 BOSS 1 1 0 1 0 0 31.677460214893323 -234.97100259031376 143.1 -123.34454164897207 -202.4335432757427 331.53586 36.317184 141.58645069685033 -1.6617455268500683 0.55437297 1.6122555 0.7108205 141.5864783919315 -1.6617525342240613 141.5882814540356 -1.7692880719739037 55.30253410908171 173.78041806487113 5400.0 5400.0 2016.0 1 362 {-999.0 15.289138 14.915125 14.794831 -999.0} sdss_psfmag_from_g3xp 15.229135 14.927597 14.466042 13.677 63050395170908102 977816141 "" ops_std_boss ops_std standard_boss 0 0 0.0 0.0 -999 ""
FIBERMAP 1372 R-11C10 METROLOGY 0 0 0 1 0 0 31.94922656697431 -234.27788627597906 143.1 -122.69706455939401 -202.06635470956365 331.53586 36.317184 -999.0 -999.0 -999.0 -999.0 -999.0 141.58939214368863 -1.6600695172565227 141.5912012134121 -1.7676501007339198 55.30389915128898 173.77505020265014 -999.0 6231.0 -999.0 -1 -999 {-999.0 -999.0 -999.0 -999.0 -999.0} "" -999.0 -999.0 -999.0 -999.0 -999 -999 "" "" "" "" 0 0 0.0 0.0 -999 ""
FIBERMAP 1373 R-9C2 APOGEE 0 0 0 1 0 0 -151.477425545108 -177.2658906860662 143.1 -229.25691450620468 -42.29616349108352 18.901785 87.458984 -999.0 -999.0 -999.0 -999.0 -999.0 141.10531269202482 -0.9366781919304898 141.10837658441324 -1.0437765974292192 56.0665213291649 174.51795526875352 -999.0 16600.0 -999.0 2 -999 {-999.0 -999.0 -999.0 -999.0 -999.0} "" -999.0 -999.0 -999.0 -999.0 -999 -999 "" "" "" "" 0 0 0.0 0.0 -999 ""
FIBERMAP 1373 R-9C2 BOSS 1 1 0 1 0 0 -151.2550471692994 -177.96475357137896 143.1 -229.52423656620982 -42.97894716773098 18.901785 87.458984 141.1041133517547 -0.9399260601113543 -3.650985 0.10911585 0.29324836 141.10410377638456 -0.9399135054800266 141.10715151390832 -1.0468720962734357 56.063534222737864 174.52058770170478 5400.0 5400.0 2016.0 1 490 {-999.0 16.997879 16.623402 16.506773 -999.0} sdss_psfmag 16.964117 16.65327 16.182556 15.375 63050395170939455 977051678 "" ops_std_boss ops_std standard_boss 0 0 0.0 0.0 -999 ""
FIBERMAP 1373 R-9C2 METROLOGY 0 0 0 1 0 0 -151.99067079202916 -177.80740827306096 143.1 -229.99648186487605 -42.39357001492526 18.901785 87.458984 -999.0 -999.0 -999.0 -999.0 -999.0 141.10198289380776 -0.9372197477078232 141.10503849175467 -1.0442144541432061 56.06635289737536 174.52397772120977 -999.0 6231.0 -999.0 -1 -999 {-999.0 -999.0 -999.0 -999.0 -999.0} "" -999.0 -999.0 -999.0 -999.0 -999 -999 "" "" "" "" 0 0 0.0 0.0 -999 ""
FIBERMAP 1374 R-5C8 APOGEE 0 0 0 1 0 0 -86.99753289825281 -114.25828828794523 143.1 -139.50720247018128 -33.9608095591128 286.60617 66.559845 -999.0 -999.0 -999.0 -999.0 -999.0 141.50984952442715 -0.8988750137442425 141.51291438427603 -1.0066368955853864 56.068877618475554 173.79033037965976 -999.0 16600.0 -999.0 2 -999 {-999.0 -999.0 -999.0 -999.0 -999.0} "" -999.0 -999.0 -999.0 -999.0 -999 -999 "" "" "" "" 0 0 0.0 0.0 -999 ""
FIBERMAP 1374 R-5C8 BOSS 1 1 0 1 0 0 -87.74163750570315 -114.17923755472906 143.1 -140.03533165289406 -33.430899265632256 286.60617 66.559845 141.50742774724242 -0.8966345121020957 -0.09932144 0.17604937 0.18320394 141.50740818681018 -0.8966170901526435 141.51046459118197 -1.004238844609947 56.07148848432691 173.79430973725528 5400.0 5400.0 2016.0 1 463 {-999.0 18.833649 18.670597 18.530848 18.440702} sdss_psfmag_from_gaiadr2 18.80003 18.664125 18.241032 -999.0 63050395170939244 1057663062 bright_flexible_2x1 bhm_gua_bright bhm_filler science 0 0 0.0 0.0 -999 ""
FIBERMAP 1374 R-5C8 METROLOGY 0 0 0 1 0 0 -87.2988161161521 -113.57572664008912 143.1 -139.31142505404094 -33.24100464649518 286.60617 66.559845 -999.0 -999.0 -999.0 -999.0 -999.0 141.51069303403116 -0.8957106261791365 141.51375394637586 -1.003376680704486 56.07204793554498 173.78830129444648 -999.0 6231.0 -999.0 -1 -999 {-999.0 -999.0 -999.0 -999.0 -999.0} "" -999.0 -999.0 -999.0 -999.0 -999 -999 "" "" "" "" 0 0 0.0 0.0 -999 ""
FIBERMAP 1376 R+4C13 APOGEE 0 0 0 1 0 0 35.99998769346 70.45316416248563 143.1 72.31904227132611 32.04990406319355 349.33252 99.17294 -999.0 -999.0 -999.0 -999.0 -999.0 142.47316852033842 -0.596983432083982 142.47656824893176 -0.7063584649366621 56.26741480540051 172.01296596922225 -999.0 16600.0 -999.0 2 -999 {-999.0 -999.0 -999.0 -999.0 -999.0} "" -999.0 -999.0 -999.0 -999.0 -999 -999 "" "" "" "" 0 0 0.0 0.0 -999 ""
FIBERMAP 1376 R+4C13 BOSS 1 1 0 1 0 0 35.99765577563207 69.71607771752392 143.1 71.85313388996974 31.47892042808435 349.33252 99.17294 142.47108143785803 -0.5995277138140916 12.008319 -61.7298 1.5371109 142.4711078924734 -0.599704772988344 142.47448769070888 -0.7089403808197233 56.265093594145306 172.01722965128792 5400.0 5400.0 2016.0 1 107 {-999.0 17.478033 16.43774 16.029947 -999.0} sdss_psfmag 17.122677 16.47091 15.692884 14.093 63050395170985100 1072698232 bright_1x1 mwm_halo_local_high_boss_single mwm_halo science 0 0 0.0 0.0 -999 ""
FIBERMAP 1376 R+4C13 METROLOGY 0 0 0 1 0 0 35.35077681424025 70.08548602223996 143.1 71.58333421110629 32.17311753253294 349.33252 99.17294 -999.0 -999.0 -999.0 -999.0 -999.0 142.46986211745758 -0.5965099277551065 142.4732517257006 -0.7057828365105366 56.26837385490818 172.0187759321198 -999.0 6231.0 -999.0 -1 -999 {-999.0 -999.0 -999.0 -999.0 -999.0} "" -999.0 -999.0 -999.0 -999.0 -999 -999 "" "" "" "" 0 0 0.0 0.0 -999 ""
FIBERMAP 1378 R-3C2 APOGEE 0 0 0 1 0 0 -229.04765085930086 -76.72650520641712 143.1 -226.1977938653208 84.62802046025564 334.67493 61.79619 -999.0 -999.0 -999.0 -999.0 -999.0 141.11881903643044 -0.36161684740108735 141.1228222179738 -0.4688912624935692 56.638338985596185 174.40778069263422 -999.0 16600.0 -999.0 2 -999 {-999.0 -999.0 -999.0 -999.0 -999.0} "" -999.0 -999.0 -999.0 -999.0 -999 -999 "" "" "" "" 0 0 0.0 0.0 -999 ""
FIBERMAP 1378 R-3C2 BOSS 1 1 0 1 0 0 -229.63979421272563 -77.1897014586637 143.1 -226.94932271039488 84.64111874472731 334.67493 61.79619 141.11536852935842 -0.3616225771226721 22.891645 -23.738428 4.262936 141.1154383545687 -0.36170094051338886 141.119430957377 -0.4688358298119389 56.63867196678745 174.41391834440626 5400.0 5400.0 2016.0 1 436 {-999.0 16.25098 14.883921 14.274323 -999.0} sdss_psfmag_from_g3xp 15.697603 14.824161 13.900441 12.093 63050395170992809 1095777629 bright_1x1 mwm_bin_vis_boss mwm_filler science 0 0 0.0 0.0 -999 ""
FIBERMAP 1378 R-3C2 METROLOGY 0 0 0 1 0 0 -229.73864850246957 -76.44510826676232 143.1 -226.5572732038696 85.28164306853627 334.67493 61.79619 -999.0 -999.0 -999.0 -999.0 -999.0 141.11720512966272 -0.35875831434702055 141.12120536884248 -0.4659348429694399 56.64141792521259 174.41027051279602 -999.0 6231.0 -999.0 -1 -999 {-999.0 -999.0 -999.0 -999.0 -999.0} "" -999.0 -999.0 -999.0 -999.0 -999 -999 "" "" "" "" 0 0 0.0 0.0 -999 ""
FIBERMAP 1381 R-7C10 APOGEE 1 1 0 1 0 0 -22.41637164058188 -146.53588257510975 143.1 -109.67398062446681 -99.69165311976309 239.14906 101.60256 141.6460716673659 -1.1975650883572815 -12.154436 6.6386404 0.97349566 141.64603174076723 -1.1975476989444247 141.64859220529968 -1.3054469603268954 55.75881437345576 173.5985733139305 16000.0 16600.0 2016.0 2 170 {-999.0 12.964429 12.667492 12.588684 -999.0} sdss_psfmag_from_g3xp 12.930041 12.672203 12.261428 11.58 63050395170937177 1164888476 bright_1x1 openfibertargets_mwm_rvscnn24_apogee open_fiber science 0 0 0.0 0.0 -999 ""
FIBERMAP 1381 R-7C10 BOSS 0 0 0 1 0 0 -23.11679298485199 -146.28499501894953 143.1 -110.059988654119 -99.05579184759624 239.14906 101.60256 -999.0 -999.0 -999.0 -999.0 -999.0 141.6442407723921 -1.1948374915903066 141.64679284900967 -1.3025962457569586 55.76182119029294 173.60128134544712 -999.0 5400.0 -999.0 1 385 {-999.0 -999.0 -999.0 -999.0 -999.0} "" -999.0 -999.0 -999.0 -999.0 -999 -999 "" "" "" "" 0 0 0.0 0.0 -999 ""
FIBERMAP 1381 R-7C10 METROLOGY 0 0 0 1 0 0 -22.55445307594828 -145.79688029080285 143.1 -109.31591679134357 -99.03077204202766 239.14906 101.60256 -999.0 -999.0 -999.0 -999.0 -999.0 141.6476208239383 -1.1946797698557943 141.65017636178658 -1.302483196678878 55.761616512205805 173.5952768712622 -999.0 6231.0 -999.0 -1 -999 {-999.0 -999.0 -999.0 -999.0 -999.0} "" -999.0 -999.0 -999.0 -999.0 -999 -999 "" "" "" "" 0 0 0.0 0.0 -999 ""
FIBERMAP 1382 R+4C14 APOGEE 0 0 0 1 0 0 38.66060637421081 93.34437380868356 143.1 88.79855465835882 48.15294123439688 137.90605 86.533615 -999.0 -999.0 -999.0 -999.0 -999.0 142.5479433951801 -0.5236066842061543 142.5514477082525 -0.6331189809880731 56.33131294726734 171.8633962579894 -999.0 16600.0 -999.0 2 -999 {-999.0 -999.0 -999.0 -999.0 -999.0} "" -999.0 -999.0 -999.0 -999.0 -999 -999 "" "" "" "" 0 0 0.0 0.0 -999 ""
FIBERMAP 1382 R+4C14 BOSS 1 1 0 1 0 0 39.179854773425646 93.88895113903675 143.1 89.54471084340594 48.248944271594326 137.90605 86.533615 142.55141830598672 -0.5232368690520988 -8.545534 -10.163949 1.4448766 142.55139358790143 -0.5232785532555111 142.55488164917375 -0.6326612795786315 56.331358553042 171.8571482992744 5400.0 5400.0 2016.0 1 158 {-999.0 16.795269 15.889311 15.545759 -999.0} sdss_psfmag 16.488596 15.923111 15.175227 13.685 63050395170985189 1095499487 bright_1x1 mwm_bin_vis_boss mwm_filler science 0 0 0.0 0.0 -999 ""
FIBERMAP 1382 R+4C14 METROLOGY 0 0 0 1 0 0 39.38320451500532 93.15859461869685 143.1 89.24278078119728 47.553682475022455 137.90605 86.533615 -999.0 -999.0 -999.0 -999.0 -999.0 142.55001620957714 -0.526409746139268 142.55350411271382 -0.6358277338516091 56.328378670703366 171.86029531179685 -999.0 6231.0 -999.0 -1 -999 {-999.0 -999.0 -999.0 -999.0 -999.0} "" -999.0 -999.0 -999.0 -999.0 -999 -999 "" "" "" "" 0 0 0.0 0.0 -999 ""
FIBERMAP 1383 R-9C6 APOGEE 1 1 0 1 0 0 -62.599167206617054 -170.68946320838054 143.1 -156.08960772532112 -93.14972771293165 40.45501 89.824844 141.43566378456177 -1.1675764540832798 9.83426 -26.093414 3.9023743 141.43568015805343 -1.1676356855912964 141.43831901756016 -1.275205320717244 55.80808072971682 173.96596249776525 16000.0 16600.0 2016.0 2 165 {-999.0 11.0320635 10.797535 10.740764 -999.0} sdss_psfmag_from_g3xp 11.019564 10.795743 10.416892 9.789 63050395170937274 996648777 bright_1x1 mwm_bin_gaia_sb_apogee mwm_bin science 0 0 0.0 0.0 -999 ""
FIBERMAP 1383 R-9C6 BOSS 0 0 0 1 0 0 -62.107804858552605 -171.24427501302728 143.1 -156.05732570619142 -93.88999776128028 40.45501 89.824844 -999.0 -999.0 -999.0 -999.0 -999.0 141.4358063394759 -1.1711588263030788 141.43842717854625 -1.2785894818468102 55.804700260697615 173.96630323421851 -999.0 5400.0 -999.0 1 402 {-999.0 -999.0 -999.0 -999.0 -999.0} "" -999.0 -999.0 -999.0 -999.0 -999 -999 "" "" "" "" 0 0 0.0 0.0 -999 ""
FIBERMAP 1383 R-9C6 METROLOGY 0 0 0 1 0 0 -62.83877115319834 -171.3960865495439 143.1 -156.7206106886337 -93.54765705505521 40.45501 89.824844 -999.0 -999.0 -999.0 -999.0 -999.0 141.4328068720504 -1.1695571159984028 141.4354342284671 -1.2770225567603761 55.80652548517945 173.97136019681506 -999.0 6231.0 -999.0 -1 -999 {-999.0 -999.0 -999.0 -999.0 -999.0} "" -999.0 -999.0 -999.0 -999.0 -999 -999 "" "" "" "" 0 0 0.0 0.0 -999 ""
FIBERMAP 1384 R-12C6 APOGEE 0 0 0 1 0 0 -27.774352575680435 -224.03061233323714 143.1 -162.62880404720113 -156.50368766108454 73.21001 63.20496 -999.0 -999.0 -999.0 -999.0 -999.0 141.40773408883004 -1.4541163841225968 141.40991063099955 -1.561562710461819 55.525318815480816 174.0606635464776 -999.0 16600.0 -999.0 2 -999 {-999.0 -999.0 -999.0 -999.0 -999.0} "" -999.0 -999.0 -999.0 -999.0 -999 -999 "" "" "" "" 0 0 0.0 0.0 -999 ""
FIBERMAP 1384 R-12C6 BOSS 1 1 0 1 0 0 -27.234800365246148 -224.53741580899617 143.1 -162.52886793516132 -157.23701459822868 73.21001 63.20496 141.4082083260904 -1.4575918830363142 -2.8844666 -8.614473 1.1589856 141.40819238644994 -1.4575915733580738 141.41035099885073 -1.5648979733281874 55.52195789446556 174.06040171220684 5400.0 5400.0 2016.0 1 403 {-999.0 18.948359 17.539965 16.738482 -999.0} sdss_psfmag 18.356403 17.993158 16.301535 14.375 63050395170935866 1094887815 bright_1x1 mwm_bin_vis_boss mwm_filler science 0 0 0.0 0.0 -999 ""
FIBERMAP 1384 R-12C6 METROLOGY 0 0 0 1 0 0 -27.943457168154037 -224.7572935682475 143.1 -163.2176834922111 -156.96158383724662 73.21001 63.20496 -999.0 -999.0 -999.0 -999.0 -999.0 141.40508034871544 -1.456291285865449 141.4072449603048 -1.5636326293156129 55.523488590400035 174.06567131004044 -999.0 6231.0 -999.0 -1 -999 {-999.0 -999.0 -999.0 -999.0 -999.0} "" -999.0 -999.0 -999.0 -999.0 -999 -999 "" "" "" "" 0 0 0.0 0.0 -999 ""
FIBERMAP 1388 R-10C8 APOGEE 0 0 0 1 0 0 -28.927461768762413 -178.20958860528992 143.1 -134.67371847849162 -120.1911396883793 142.43994 81.60762 -999.0 -999.0 -999.0 -999.0 -999.0 141.5331114074267 -1.290350570976901 141.53553716730318 -1.3980433699117658 55.67703437517505 173.81353417016942 -999.0 16600.0 -999.0 2 -999 {-999.0 -999.0 -999.0 -999.0 -999.0} "" -999.0 -999.0 -999.0 -999.0 -999 -999 "" "" "" "" 0 0 0.0 0.0 -999 ""
FIBERMAP 1388 R-10C8 BOSS 1 1 0 1 0 0 -28.38308245997105 -177.659180185587 143.1 -133.9043731140329 -120.10643135020294 142.43994 81.60762 141.53656864927072 -1.2901219265653345 -5.1808243 -6.360149 -0.016588353 141.536564138627 -1.2901490579977262 141.53897709294148 -1.3977085997934329 55.67705589558506 173.8074065682493 5400.0 5400.0 2016.0 1 372 {-999.0 17.957527 17.62621 17.521782 -999.0} sdss_psfmag_ps1 17.817421 17.554129 17.14156 -999.0 63050395170937091 944273620 bright_1x1 openfibertargets_nov2020_6c open_fiber science 0 0 0.0 0.0 -999 ""
FIBERMAP 1388 R-10C8 METROLOGY 0 0 0 1 0 0 -28.205101820599886 -178.39629180773287 143.1 -134.23025913888495 -120.79096609911385 142.43994 81.60762 -999.0 -999.0 -999.0 -999.0 -999.0 141.53510777242687 -1.2932001950333063 141.53751956433376 -1.4007959033382056 55.674113495097814 173.81047662925505 -999.0 6231.0 -999.0 -1 -999 {-999.0 -999.0 -999.0 -999.0 -999.0} "" -999.0 -999.0 -999.0 -999.0 -999 -999 "" "" "" "" 0 0 0.0 0.0 -999 ""
FIBERMAP 1391 R-5C4 APOGEE 0 0 0 1 0 0 -158.51243331954032 -111.84769119972964 143.1 -193.53083718077562 12.93982814185741 335.27542 80.55871 -999.0 -999.0 -999.0 -999.0 -999.0 141.26534287244343 -0.6860303846195118 141.2687919779392 -0.7934554507017088 56.30271871810729 174.1935275630267 -999.0 16600.0 -999.0 2 -999 {-999.0 -999.0 -999.0 -999.0 -999.0} "" -999.0 -999.0 -999.0 -999.0 -999 -999 "" "" "" "" 0 0 0.0 0.0 -999 ""
FIBERMAP 1391 R-5C4 BOSS 1 1 0 1 0 0 -158.92566729299682 -112.47834403896212 143.1 -194.24885454079353 12.710224629838283 335.27542 80.55871 141.26192580920514 -0.6871388375665414 -43.583393 -28.699766 9.798276 141.26206953435255 -0.6872113187399408 141.26550565100348 -0.7944950741795648 56.30196228550303 174.19958821606363 5400.0 5400.0 2016.0 1 454 {-999.0 15.92174 14.582989 13.21977 -999.0} sdss_psfmag_from_g3xp 15.377087 14.111293 12.742701 10.567 63050395170939977 1075907441 bright_1x1 mwm_erosita_stars_boss mwm_erosita science 0 0 0.9830287098884583 0.0 -999 ""
FIBERMAP 1391 R-5C4 METROLOGY 0 0 0 1 0 0 -159.25753195175233 -111.80909056777077 143.1 -194.08520726775518 13.438949084677255 335.27542 80.55871 -999.0 -999.0 -999.0 -999.0 -999.0 141.26281050690912 -0.683863751793253 141.2662552500518 -0.791188072646272 56.305193604829945 174.1977354097423 -999.0 6231.0 -999.0 -1 -999 {-999.0 -999.0 -999.0 -999.0 -999.0} "" -999.0 -999.0 -999.0 -999.0 -999 -999 "" "" "" "" 0 0 0.0 0.0 -999 ""
FIBERMAP 1392 R-12C10 APOGEE 0 0 0 1 0 0 41.54980651377259 -248.65217074745397 143.1 -124.29144559132607 -219.27490591134747 279.18692 94.47158 -999.0 -999.0 -999.0 -999.0 -999.0 141.58274363497588 -1.7371069713343468 141.58443781723997 -1.8447564843026927 55.227728513239924 173.79918683741926 -999.0 16600.0 -999.0 2 -999 {-999.0 -999.0 -999.0 -999.0 -999.0} "" -999.0 -999.0 -999.0 -999.0 -999 -999 "" "" "" "" 0 0 0.0 0.0 -999 ""
FIBERMAP 1392 R-12C10 BOSS 1 1 0 1 0 0 40.81403914337091 -248.8479742513989 143.1 -124.98615828371089 -218.96370825359062 279.18692 94.47158 141.57962454583227 -1.7358692999880634 -11.292093 3.0816636 1.8684541 141.57960084224564 -1.735856929603759 141.5812845628243 -1.8433605544169813 55.22940494998102 173.8044678675516 5400.0 5400.0 2016.0 1 406 {-999.0 21.346363 19.842266 18.503317 -999.0} sdss_psfmag 20.63452 19.22077 18.038462 15.496 63050395170907747 1094529050 bright_1x1 mwm_bin_vis_boss mwm_filler science 0 0 0.0 0.0 -999 ""
FIBERMAP 1392 R-12C10 METROLOGY 0 0 0 1 0 0 41.0226511826304 -248.12418472741163 143.1 -124.36841644715628 -218.53293327286826 279.18692 94.47158 -999.0 -999.0 -999.0 -999.0 -999.0 141.5823735036611 -1.7338957384363385 141.58406370462257 -1.841444372220235 55.231060900545245 173.79931202171664 -999.0 6231.0 -999.0 -1 -999 {-999.0 -999.0 -999.0 -999.0 -999.0} "" -999.0 -999.0 -999.0 -999.0 -999 -999 "" "" "" "" 0 0 0.0 0.0 -999 ""
FIBERMAP 1393 R-12C5 APOGEE 0 0 0 1 0 0 -58.48813482599239 -225.29148317042842 143.1 -187.27629261067347 -138.1443810505009 30.418499 128.3362 -999.0 -999.0 -999.0 -999.0 -999.0 141.29614818319575 -1.3708164394786264 141.2984754400248 -1.478105676604321 55.61801554771119 174.2443184913131 -999.0 16600.0 -999.0 2 -999 {-999.0 -999.0 -999.0 -999.0 -999.0} "" -999.0 -999.0 -999.0 -999.0 -999 -999 "" "" "" "" 0 0 0.0 0.0 -999 ""
FIBERMAP 1393 R-12C5 BOSS 1 1 0 1 0 0 -57.79139095026278 -225.56337226345764 143.1 -186.906364012202 -138.79423751472683 30.418499 128.3362 141.29795452338507 -1.3739416860051348 -47.0492 2.5775094 4.1090612 141.29781748545054 -1.3739161498036674 141.3001276614017 -1.4810679759517706 55.61492445139552 174.24184680413555 5400.0 5400.0 2016.0 1 352 {-999.0 16.080105 14.723027 14.113231 -999.0} sdss_psfmag_from_g3xp 15.539556 14.660644 13.740901 11.903 63050395170936290 1095836343 bright_1x1 mwm_bin_vis_boss mwm_filler science 0 0 0.0 0.0 -999 ""
FIBERMAP 1393 R-12C5 METROLOGY 0 0 0 1 0 0 -58.374630911154966 -226.02889678694794 143.1 -187.6524440804808 -138.78855337267944 30.418499 128.3362 -999.0 -999.0 -999.0 -999.0 -999.0 141.29446364104203 -1.373831929387125 141.29677776083236 -1.4810178288657652 55.61525689098417 174.24774785588255 -999.0 6231.0 -999.0 -1 -999 {-999.0 -999.0 -999.0 -999.0 -999.0} "" -999.0 -999.0 -999.0 -999.0 -999 -999 "" "" "" "" 0 0 0.0 0.0 -999 ""
FIBERMAP 1395 R+4C20 APOGEE 0 0 0 1 0 0 171.97283759773825 64.23420732596082 143.1 174.00550707755966 -58.39361034947794 257.25842 101.88052 -999.0 -999.0 -999.0 -999.0 -999.0 142.9348773550014 -1.0073608980985902 142.93755437594058 -1.1173461293609375 55.803195849428974 171.28397202110088 -999.0 16600.0 -999.0 2 -999 {-999.0 -999.0 -999.0 -999.0 -999.0} "" -999.0 -999.0 -999.0 -999.0 -999 -999 "" "" "" "" 0 0 0.0 0.0 -999 ""
FIBERMAP 1395 R+4C20 BOSS 1 1 0 1 0 0 171.2179821351075 64.24203386952588 143.1 173.4241829092857 -57.91224657283969 257.25842 101.88052 142.93238078574734 -1.005281957388953 -21.099667 -9.748046 2.806079 142.93232304712296 -1.005340972324938 142.93498595784183 -1.1151851554804388 55.80566641421386 171.28801396019418 5400.0 5400.0 2016.0 1 205 {-999.0 20.837397 19.335278 17.861128 -999.0} sdss_psfmag 20.169088 18.59872 17.392818 14.995 63050395170962276 1095595071 bright_1x1 mwm_bin_vis_boss mwm_filler science 0 0 0.0 0.0 -999 ""
FIBERMAP 1395 R+4C20 METROLOGY 0 0 0 1 0 0 171.608169789382 64.88511390148489 143.1 174.13212616957352 -57.65848075924458 257.25842 101.88052 -999.0 -999.0 -999.0 -999.0 -999.0 142.9355041864385 -1.0041344776391392 142.93817352717105 -1.1140229428508601 55.80641302638595 171.28212586370418 -999.0 6231.0 -999.0 -1 -999 {-999.0 -999.0 -999.0 -999.0 -999.0} "" -999.0 -999.0 -999.0 -999.0 -999 -999 "" "" "" "" 0 0 0.0 0.0 -999 ""
FIBERMAP 1396 R0C3 APOGEE 1 1 0 1 0 0 -236.90802098843395 19.19370861989492 143.1 -171.90751301465656 164.07282041389743 133.15553 29.83266 141.36407790449712 -0.0012480065912558588 -8.802906 1.3243195 1.7072108 141.36404321773892 -0.001230676422801831 141.3685924361733 -0.10899744363538012 56.97587099408371 173.90421957983335 16000.0 16600.0 2016.0 2 297 {-999.0 11.932877 11.808906 11.818186 -999.0} sdss_psfmag_from_g3xp 11.956483 11.791431 11.496573 11.063 63050395170994038 946401598 bright_1x1 openfibertargets_nov2020_9 open_fiber science 0 0 0.0 0.0 -999 ""
FIBERMAP 1396 R0C3 BOSS 0 0 0 1 0 0 -236.19815147586823 18.975192735489024 143.1 -171.49378472501098 163.45615140266636 133.15553 29.83266 -999.0 -999.0 -999.0 -999.0 -999.0 141.36588240112994 -0.004105185902394351 141.37041474478218 -0.1117419260085814 56.972974720862865 173.90133910279414 -999.0 5400.0 -999.0 1 422 {-999.0 -999.0 -999.0 -999.0 -999.0} "" -999.0 -999.0 -999.0 -999.0 -999 -999 "" "" "" "" 0 0 0.0 0.0 -999 ""
FIBERMAP 1396 R0C3 METROLOGY 0 0 0 1 0 0 -236.73024321271504 18.46244159576955 143.1 -172.2298766133444 163.39295255274607 133.15553 29.83266 -999.0 -999.0 -999.0 -999.0 -999.0 141.36256926707648 -0.004382630545099934 141.36710512284515 -0.11205142313473714 56.97296198099774 173.9074378543867 -999.0 6231.0 -999.0 -1 -999 {-999.0 -999.0 -999.0 -999.0 -999.0} "" -999.0 -999.0 -999.0 -999.0 -999 -999 "" "" "" "" 0 0 0.0 0.0 -999 ""
FIBERMAP 1400 R-5C13 APOGEE 0 0 0 1 0 0 28.34955882811503 -103.26056870188795 143.1 -42.999290473309564 -98.0463868962044 166.10797 164.5674 -999.0 -999.0 -999.0 -999.0 -999.0 141.94904704951256 -1.1900596533582348 141.95157662731316 -1.2984446623331958 55.73619158515646 173.0617571101702 -999.0 16600.0 -999.0 2 155 {-999.0 -999.0 -999.0 -999.0 -999.0} "" -999.0 -999.0 -999.0 -999.0 -999 -999 "" ops_sky_apogee_best_unassigned ops_sky sky_apogee 0 0 0.0 0.0 -999 ""
FIBERMAP 1400 R-5C13 BOSS 1 1 0 1 0 0 27.687149369274177 -102.9166285339937 143.1 -43.297187476253384 -97.36219081825027 166.10797 164.5674 141.94767590554227 -1.1871267103458365 -1.6662967 0.021587418 0.08696348 141.94767801334862 -1.1871365766362314 141.95019835908738 -1.29538181970736 55.73937856448178 173.06363928872983 5400.0 5400.0 2016.0 1 379 {-999.0 15.451617 14.497323 14.133396 -999.0} sdss_psfmag_from_g3xp 15.137592 14.520626 13.770474 12.113 63050395170936898 1061604574 bright_1x1 manual_mwm_halo_distant_kgiant_near_boss_single mwm_halo science 0 0 0.0 0.0 -999 ""
FIBERMAP 1400 R-5C13 METROLOGY 0 0 0 1 0 0 28.310848357116885 -102.51218107922763 143.1 -42.55814166698295 -97.44078446794236 166.10797 164.5674 -999.0 -999.0 -999.0 -999.0 -999.0 141.95104215444246 -1.187443301066574 141.9535655242073 -1.295733027622275 55.738687092628766 173.05775402133128 -999.0 6231.0 -999.0 -1 -999 {-999.0 -999.0 -999.0 -999.0 -999.0} "" -999.0 -999.0 -999.0 -999.0 -999 -999 "" "" "" "" 0 0 0.0 0.0 -999 ""
