#%yanny
#
# confSummaryS-24844.par
#
# Created by pydl.pydlutils.yanny.yanny
#
# 2026-02-22 15:03:32 UTC
#
configuration_id 24844
robostrategy_run iota-1
fps_calibrations_version 2025.12.04
jaeger_version 1.11.0
coordio_version 1.18.1
kaiju_version 1.4.1
design_id 754224
field_id 102042
focal_scale 0.99975
instruments BOSS APOGEE
epoch 2461093.715436962
obstime Sun Feb 22 05:05:41 2026
MJD 61093
observatory APO
temperature -1.9
raCen 139.240808002524
decCen 12.9918883428023
pa 39.955612
is_dithered 0
parent_configuration -999
dither_radius -999.0
cloned_from -999

typedef enum {
    BOSS,
    APOGEE,
    METROLOGY,
    NONE
} FIBERTYPE;

typedef struct {
    short positionerId;
    char holeId[28];
    FIBERTYPE fiberType;
    short assigned;
    short on_target;
    short disabled;
    short valid;
    short decollided;
    short too;
    double xwok;
    double ywok;
    double zwok;
    double xFocal;
    double yFocal;
    float alpha;
    float beta;
    double racat;
    double deccat;
    float pmra;
    float pmdec;
    float parallax;
    double ra;
    double dec;
    double ra_observed;
    double dec_observed;
    double alt_observed;
    double az_observed;
    float lambda_design;
    float lambda_eff;
    float coord_epoch;
    short spectrographId;
    short fiberId;
    float mag[5];
    char optical_prov[104];
    float bp_mag;
    float gaia_g_mag;
    float rp_mag;
    float h_mag;
    long catalogid;
    long carton_to_target_pk;
    char cadence[76];
    char firstcarton[184];
    char program[44];
    char category[60];
    long sdssv_boss_target0;
    long sdssv_apogee_target0;
    double delta_ra;
    double delta_dec;
    long too_id;
    char too_program[4];
} FIBERMAP;

FIBERMAP 3 R-1C14 APOGEE 0 0 0 1 0 0 12.362580777359643 0.08373914009535 143.1 9.527833976778291 -7.873016243850959 134.61327 58.79516 -999.0 -999.0 -999.0 -999.0 -999.0 139.28537820611075 12.956144954530064 139.31009903058862 12.849186327443599 65.32352062139643 140.1218486521001 -999.0 16600.0 -999.0 2 214 {-999.0 -999.0 -999.0 -999.0 -999.0} "" -999.0 -999.0 -999.0 -999.0 -999 -999 "" ops_sky_apogee_best_unassigned ops_sky sky_apogee 0 0 0.0 0.0 -999 ""
FIBERMAP 3 R-1C14 BOSS 1 1 0 1 0 0 13.072142998127239 0.283891763462146 143.1 10.200112048634015 -8.17519181540753 134.61327 58.79516 139.2885743523468 12.954705097861474 3.033067 -5.333217 3.6343927 139.2885831211656 12.954690071582622 139.3132457417674 12.847804601780503 65.32067277892162 140.11755644132677 5400.0 5400.0 2016.0 1 263 {-999.0 19.884918 20.147963 20.32357 -999.0} sdss_psfmag 20.124575 20.024868 19.957962 -999.0 63050394818032291 1092174469 dark_flexible_2x1 mwm_cb_galex_mag_boss mwm_cb science 0 0 0.0 0.0 -999 ""
FIBERMAP 3 R-1C14 METROLOGY 0 0 0 1 0 0 12.891440080705568 -0.4443641620281973 143.1 9.59406563883378 -8.617273840165604 134.61327 58.79516 -999.0 -999.0 -999.0 -999.0 -999.0 139.28573624252667 12.952694487009575 139.31041244966178 12.845792014891577 65.32052348104612 140.12573425280695 -999.0 6231.0 -999.0 -1 -999 {-999.0 -999.0 -999.0 -999.0 -999.0} "" -999.0 -999.0 -999.0 -999.0 -999 -999 "" "" "" "" 0 0 0.0 0.0 -999 ""
FIBERMAP 16 R+7C7 APOGEE 1 1 0 1 0 0 -59.451927259092905 141.71702863626533 143.1 45.42604835301315 146.77504673326652 70.04947 53.25074 139.45221535801636 13.65948020678245 -48.15804 0.5820486 8.3654375 139.45207572392857 13.659481846658707 139.47796571777042 13.552100263060115 65.81364608292787 138.84108901661295 16000.0 16600.0 2016.0 2 102 {-999.0 9.046873 8.771003 8.668032 -999.0} sdss_psfmag_from_g3xp 9.02196 8.777055 8.346394 7.657 63050394818513642 974608110 "" ops_std_apogee ops_std standard_apogee 0 0 0.0 0.0 -999 ""
FIBERMAP 16 R+7C7 BOSS 0 0 0 1 0 0 -59.04151538605282 141.10522063272128 143.1 45.34776654687678 146.04268919898894 70.04947 53.25074 -999.0 -999.0 -999.0 -999.0 -999.0 139.45178798707127 13.656146275193711 139.47761909556925 13.548841178383793 65.81115842031332 138.8462932659626 -999.0 5400.0 -999.0 1 76 {-999.0 -999.0 -999.0 -999.0 -999.0} "" -999.0 -999.0 -999.0 -999.0 -999 -999 "" "" "" "" 0 0 0.0 0.0 -999 ""
FIBERMAP 16 R+7C7 METROLOGY 0 0 0 1 0 0 -59.77776200721323 141.0440410440899 143.1 44.744264200069374 146.46849910931414 70.04947 53.25074 -999.0 -999.0 -999.0 -999.0 -999.0 139.44894249524557 13.658086130189254 139.47479418278823 13.550764026953761 65.81430256415254 138.8491330711055 -999.0 6231.0 -999.0 -1 -999 {-999.0 -999.0 -999.0 -999.0 -999.0} "" -999.0 -999.0 -999.0 -999.0 -999 -999 "" "" "" "" 0 0 0.0 0.0 -999 ""
FIBERMAP 37 R-9C9 APOGEE 0 0 0 1 0 0 -14.173781194723219 -161.42586799588628 143.1 -114.50288412170427 -114.60876274145622 106.44675 112.898125 -999.0 -999.0 -999.0 -999.0 -999.0 138.70873769652806 12.469610260982556 138.73292324190845 12.363726896487446 65.22103024289254 141.8825719450044 -999.0 16600.0 -999.0 2 167 {-999.0 -999.0 -999.0 -999.0 -999.0} "" -999.0 -999.0 -999.0 -999.0 -999 -999 "" ops_sky_apogee_best_unassigned ops_sky sky_apogee 0 0 0.0 0.0 -999 ""
FIBERMAP 37 R-9C9 BOSS 1 1 0 1 0 0 -13.601955231703636 -160.95704580015916 143.1 -113.7636654682886 -114.61661195887443 106.44675 112.898125 138.71217949658632 12.46945761808909 0.4296153 0.31214058 0.2140741 138.712180736265 12.469458497541634 138.7363125639775 12.363649197336327 65.2192050129701 141.87597903872074 5400.0 5400.0 2016.0 1 376 {-999.0 19.912657 19.922829 19.887508 19.701595} sdss_psfmag 19.770536 19.633087 19.26227 -999.0 63050394818031125 1060381294 dark_flexible_2x2 bhm_aqmes_bonus_faint bhm_filler science 0 0 0.0 0.0 -999 ""
FIBERMAP 37 R-9C9 METROLOGY 0 0 0 1 0 0 -13.480771633934006 -161.7043036703452 143.1 -114.15056086251079 -115.26707736054928 106.44675 112.898125 -999.0 -999.0 -999.0 -999.0 -999.0 138.7103966248634 12.46653778146245 138.73453881747793 12.360709482077638 65.21763550796891 141.8832077320615 -999.0 6231.0 -999.0 -1 -999 {-999.0 -999.0 -999.0 -999.0 -999.0} "" -999.0 -999.0 -999.0 -999.0 -999 -999 "" "" "" "" 0 0 0.0 0.0 -999 ""
FIBERMAP 40 R+12C6 APOGEE 0 0 0 1 0 0 -35.75395321926897 238.02330355314416 143.1 125.41884914676866 205.36452319131288 8.281866 136.28505 -999.0 -999.0 -999.0 -999.0 -999.0 139.82439924831868 13.9225840293132 139.8505248392661 13.814526851379476 65.81978904631964 137.74977105938862 -999.0 16600.0 -999.0 2 -999 {-999.0 -999.0 -999.0 -999.0 -999.0} "" -999.0 -999.0 -999.0 -999.0 -999 -999 "" "" "" "" 0 0 0.0 0.0 -999 ""
FIBERMAP 40 R+12C6 BOSS 1 1 0 1 0 0 -35.12542241546279 237.60415129239868 143.1 125.63141432624342 204.6397678537176 8.281866 136.28505 139.82512827799155 13.919282869805716 -2.3139877 -2.9271653 0.08510554 139.82547525870743 13.919274622550736 139.8515390949411 13.811290913986653 65.81658462855917 137.75241524016053 5400.0 5400.0 2016.0 1 156 {-999.0 16.626312 15.813843 15.546747 -999.0} sdss_psfmag 16.407848 15.87603 15.198187 13.834 63050394818513857 1061215648 dark_flexible_2x1 manual_mwm_halo_distant_kgiant_near_boss mwm_halo science 0 0 1.2359212636947632 0.0 -999 ""
FIBERMAP 40 R+12C6 METROLOGY 0 0 0 1 0 0 -35.797131753443836 237.2784561897882 143.1 124.90754236724943 204.82143106143928 8.281866 136.28505 -999.0 -999.0 -999.0 -999.0 -999.0 139.82208526850872 13.920126360293162 139.84816853140148 13.812126980442008 65.81916991856369 137.75772385220776 -999.0 6231.0 -999.0 -1 -999 {-999.0 -999.0 -999.0 -999.0 -999.0} "" -999.0 -999.0 -999.0 -999.0 -999 -999 "" "" "" "" 0 0 0.0 0.0 -999 ""
FIBERMAP 52 R+5C17 APOGEE 0 0 0 1 0 0 138.3026745861593 98.47107986954207 143.1 169.210053859528 -13.33156971409317 24.025023 98.61334 -999.0 -999.0 -999.0 -999.0 -999.0 140.0297441195766 12.931507067514655 140.05395994862886 12.823311153549321 64.89523732217773 138.72974975552177 -999.0 16600.0 -999.0 2 -999 {-999.0 -999.0 -999.0 -999.0 -999.0} "" -999.0 -999.0 -999.0 -999.0 -999 -999 "" "" "" "" 0 0 0.0 0.0 -999 ""
FIBERMAP 52 R+5C17 BOSS 1 1 0 1 0 0 138.69392051460252 97.85511369591059 143.1 169.1144145370115 -14.054808687738056 24.025023 98.61334 140.02953160312757 12.928155290335123 -42.583862 -6.1606836 5.783495 140.02940850317262 12.928137932650158 140.05356219547642 12.82002206618047 64.89275271598069 138.73491077854953 5400.0 5400.0 2016.0 1 206 {-999.0 18.488522 18.695217 18.882662 -999.0} sdss_psfmag 18.608744 18.578571 18.653303 -999.0 63050394818039837 1143449384 dark_1x3 mwm_wd_pwd_boss_1x3 mwm_wd science 0 0 0.0 0.0 -999 ""
FIBERMAP 52 R+5C17 METROLOGY 0 0 0 1 0 0 137.96366515737395 97.80644870287409 143.1 168.52353838701987 -13.62325480167885 24.025023 98.61334 -999.0 -999.0 -999.0 -999.0 -999.0 140.0266462283086 12.93012444997177 140.05082151031053 12.821990364942351 64.89589162090974 138.73745283838272 -999.0 6231.0 -999.0 -1 -999 {-999.0 -999.0 -999.0 -999.0 -999.0} "" -999.0 -999.0 -999.0 -999.0 -999 -999 "" "" "" "" 0 0 0.0 0.0 -999 ""
FIBERMAP 56 R-8C4 APOGEE 0 0 0 1 0 0 -123.09750870189241 -157.1879854189059 143.1 -195.2557810909251 -41.42838786208396 338.2029 129.73384 -999.0 -999.0 -999.0 -999.0 -999.0 138.3323145884285 12.800805855134163 138.35733162859208 12.69549802184041 65.69666186260119 142.20806958421878 -999.0 16600.0 -999.0 2 -999 {-999.0 -999.0 -999.0 -999.0 -999.0} "" -999.0 -999.0 -999.0 -999.0 -999 -999 "" "" "" "" 0 0 0.0 0.0 -999 ""
FIBERMAP 56 R-8C4 BOSS 1 1 0 1 0 0 -122.87797641366814 -157.91821192600224 143.1 -195.55637220757262 -42.1289444133931 338.2029 129.73384 138.3309453301697 12.79753877939279 1.6987933 -1.7814261 2.1135588 138.33095023842705 12.797533760245027 138.3559118890964 12.692307301108473 65.69468395713511 142.21502139187535 5400.0 5400.0 2016.0 1 452 {-999.0 20.557379 20.538717 20.274939 20.014843} sdss_psfmag_from_lsdr10 20.560144 20.672466 19.855978 -999.0 63050394818501499 1059072854 dark_flexible_2x2 bhm_spiders_agn_lsdr10 bhm_spiders science 0 0 0.0 0.0 -999 ""
FIBERMAP 56 R-8C4 METROLOGY 0 0 0 1 0 0 -123.59019210277093 -157.74827556428647 143.1 -195.99307427663317 -41.54144732706308 338.2029 129.73384 -999.0 -999.0 -999.0 -999.0 -999.0 138.32890977568672 12.800216432005445 138.35389199052992 12.694970695713353 65.69798634018831 142.2156696625701 -999.0 6231.0 -999.0 -1 -999 {-999.0 -999.0 -999.0 -999.0 -999.0} "" -999.0 -999.0 -999.0 -999.0 -999 -999 "" "" "" "" 0 0 0.0 0.0 -999 ""
FIBERMAP 59 R+4C8 APOGEE 0 0 0 1 0 0 -81.64932625585516 80.12945903869038 143.1 -11.12621747114579 113.82885010079822 327.23233 152.21204 -999.0 -999.0 -999.0 -999.0 -999.0 139.1877563693331 13.509860023789155 139.21354362256517 13.402953235225327 65.83586142666451 139.56493166034315 -999.0 16600.0 -999.0 2 -999 {-999.0 -999.0 -999.0 -999.0 -999.0} "" -999.0 -999.0 -999.0 -999.0 -999 -999 "" "" "" "" 0 0 0.0 0.0 -999 ""
FIBERMAP 59 R+4C8 BOSS 1 1 0 1 0 0 -81.22190343671159 79.506103287396 143.1 -11.198876969039194 113.07672134803265 327.23233 152.21204 139.18746867538212 13.50642282719738 0.4833533 -0.72482914 0.3112194 139.18747007595923 13.50642078499952 139.213198326875 13.3995910907603 65.83326559565506 139.57021529043618 5400.0 5400.0 2016.0 1 33 {-999.0 19.906237 20.000797 19.861824 19.700792} sdss_psfmag_from_lsdr10 20.001198 20.073309 19.324295 -999.0 63050394818512851 1059076672 dark_flexible_2x2 bhm_spiders_agn_lsdr10 bhm_spiders science 0 0 0.0 0.0 -999 ""
FIBERMAP 59 R+4C8 METROLOGY 0 0 0 1 0 0 -81.96335656611029 79.4526673833393 143.1 -11.801397622186645 113.51180838752795 327.23233 152.21204 -999.0 -999.0 -999.0 -999.0 -999.0 139.18463243932118 13.508402113910853 139.21038116771132 13.401555281831437 65.83642841366839 139.57306938525358 -999.0 6231.0 -999.0 -1 -999 {-999.0 -999.0 -999.0 -999.0 -999.0} "" -999.0 -999.0 -999.0 -999.0 -999 -999 "" "" "" "" 0 0 0.0 0.0 -999 ""
FIBERMAP 63 R+5C19 APOGEE 0 0 0 1 0 0 171.24092294963137 82.61009129366909 143.1 184.26901436829934 -46.634102743913544 295.69495 105.132744 -999.0 -999.0 -999.0 -999.0 -999.0 140.099071674447 12.780244292589073 140.12297499831487 12.671964895992726 64.73245057902753 138.8016923972947 -999.0 16600.0 -999.0 2 -999 {-999.0 -999.0 -999.0 -999.0 -999.0} "" -999.0 -999.0 -999.0 -999.0 -999 -999 "" "" "" "" 0 0 0.0 0.0 -999 ""
FIBERMAP 63 R+5C19 BOSS 1 1 0 1 0 0 170.6789045208832 82.11037098370494 143.1 183.51747410286012 -46.656229078101866 295.69495 105.132744 140.09570627917748 12.780069946875761 -0.47315753 -6.7064714 1.3132849 140.0957049121965 12.780051051468668 140.11955371321952 12.671856652479091 64.73425622040085 138.80827443367457 5400.0 5400.0 2016.0 1 204 {-999.0 20.914711 19.507166 18.429583 -999.0} sdss_psfmag 20.290358 19.099733 18.024124 15.658 63050394818035168 1095578156 bright_1x1 mwm_bin_vis_boss mwm_filler science 0 0 0.0 0.0 -999 ""
FIBERMAP 63 R+5C19 METROLOGY 0 0 0 1 0 0 170.53562712850226 82.85344244983983 143.1 183.88475009406807 -45.994786975405944 295.69495 105.132744 -999.0 -999.0 -999.0 -999.0 -999.0 140.09738748745875 12.7830783149329 140.12125669415246 12.67485799217412 64.73578399503333 138.80107787999438 -999.0 6231.0 -999.0 -1 -999 {-999.0 -999.0 -999.0 -999.0 -999.0} "" -999.0 -999.0 -999.0 -999.0 -999 -999 "" "" "" "" 0 0 0.0 0.0 -999 ""
FIBERMAP 65 R+5C14 APOGEE 0 0 0 1 0 0 38.28771480765782 86.23113483784161 143.1 84.7050802930371 41.501286373608345 267.1428 48.68451 -999.0 -999.0 -999.0 -999.0 -999.0 139.6364781513151 13.181246350407598 139.6613873005673 13.073653192794389 65.31833527647687 139.14148301947353 -999.0 16600.0 -999.0 2 41 {-999.0 -999.0 -999.0 -999.0 -999.0} "" -999.0 -999.0 -999.0 -999.0 -999 -999 "" ops_sky_apogee_best_unassigned ops_sky sky_apogee 0 0 0.0 0.0 -999 ""
FIBERMAP 65 R+5C14 BOSS 1 1 0 1 0 0 37.75687943712401 86.75056917379094 143.1 84.63176850495842 42.24016920401279 267.1428 48.68451 139.63623046875 13.184552702606226 -999.0 -999.0 -999.0 139.63623046875 13.184552702606226 139.66109123201866 13.077036748374278 65.32129040061045 139.13747641820152 5400.0 5400.0 2015.5 1 159 {-999.0 -999.0 -999.0 -999.0 -999.0} "" -999.0 -999.0 -999.0 -999.0 27021603088171796 816601068 "" ops_sky_boss_good ops_sky sky_boss 0 0 0.0 0.0 -999 ""
FIBERMAP 65 R+5C14 METROLOGY 0 0 0 1 0 0 38.4604123896646 86.95663165107369 143.1 85.30322036736482 41.94639364387512 267.1428 48.68451 -999.0 -999.0 -999.0 -999.0 -999.0 139.63934377576103 13.183232141899657 139.66421569298217 13.075689309940609 65.31845953117369 139.13328436286292 -999.0 6231.0 -999.0 -1 -999 {-999.0 -999.0 -999.0 -999.0 -999.0} "" -999.0 -999.0 -999.0 -999.0 -999 -999 "" "" "" "" 0 0 0.0 0.0 -999 ""
FIBERMAP 71 R-4C9 APOGEE 0 0 0 1 0 0 -59.58767183001733 -57.98137690217061 143.1 -82.89102603701404 -6.176784827629706 132.54813 36.879078 -999.0 -999.0 -999.0 -999.0 -999.0 138.85352368702664 12.96288002214228 138.87852176633896 12.856649801116472 65.5604057511238 140.95876037396806 -999.0 16600.0 -999.0 2 270 {-999.0 -999.0 -999.0 -999.0 -999.0} "" -999.0 -999.0 -999.0 -999.0 -999 -999 "" ops_sky_apogee_best_unassigned ops_sky sky_apogee 0 0 0.0 0.0 -999 ""
FIBERMAP 71 R-4C9 BOSS 1 1 0 1 0 0 -58.8536831120276 -58.12492879866257 143.1 -82.42069848722234 -6.758041176150897 132.54813 36.879078 138.85573606137316 12.960158620702657 -999.0 -999.0 -999.0 138.85573606137316 12.960158620702657 138.88067601015373 12.85400315498189 65.55704269819056 140.9579737627845 5400.0 5400.0 2016.0 1 462 {-999.0 21.820127 21.737759 21.589407 21.443361} sdss_psfmag_from_lsdr10 1e+20 1e+20 1e+20 -999.0 63050396815305439 1059074164 dark_flexible_2x2 bhm_spiders_agn_lsdr10 bhm_spiders science 0 0 0.0 0.0 -999 ""
FIBERMAP 71 R-4C9 METROLOGY 0 0 0 1 0 0 -59.3448566599955 -58.6851733452078 143.1 -83.15680532033761 -6.872035072436265 132.54813 36.879078 -999.0 -999.0 -999.0 -999.0 -999.0 138.8522959833184 12.959651755633093 138.877251850824 12.85348014057182 65.55841712630553 140.96543430682667 -999.0 6231.0 -999.0 -1 -999 {-999.0 -999.0 -999.0 -999.0 -999.0} "" -999.0 -999.0 -999.0 -999.0 -999 -999 "" "" "" "" 0 0 0.0 0.0 -999 ""
FIBERMAP 78 R-5C11 APOGEE 0 0 0 1 0 0 0.19924355126076065 -113.82828814224268 143.1 -72.92887254858242 -87.36029291701409 358.33487 51.782906 -999.0 -999.0 -999.0 -999.0 -999.0 138.90142942178989 12.593590397912381 138.92572576622138 12.487354353547277 65.22483036553555 141.34518207350592 -999.0 16600.0 -999.0 2 160 {-999.0 -999.0 -999.0 -999.0 -999.0} "" -999.0 -999.0 -999.0 -999.0 -999 -999 "" ops_sky_apogee_best_unassigned ops_sky sky_apogee 0 0 0.0 0.0 -999 ""
FIBERMAP 78 R-5C11 BOSS 1 1 0 1 0 0 -0.26878520326277805 -114.39735065403023 143.1 -73.65290378458751 -87.49590419631365 358.33487 51.782906 138.89807934816685 12.59284809263788 -0.74882156 0.15281373 -0.7835503 138.89807718636632 12.59284852318883 138.92232218288473 12.486697795462003 65.22606439585353 141.35270973314726 5400.0 5400.0 2016.0 1 366 {-999.0 20.039087 19.956335 19.80292 19.651821} sdss_psfmag_from_lsdr10 19.969397 19.930763 19.525274 -999.0 63050394818031198 1059071474 dark_flexible_2x2 bhm_spiders_agn_lsdr10 bhm_spiders science 0 0 0.0 0.0 -999 ""
FIBERMAP 78 R-5C11 METROLOGY 0 0 0 1 0 0 -0.5346862171991251 -113.70241873389983 143.1 -73.41050767037194 -86.79262540068392 358.33487 51.782906 -999.0 -999.0 -999.0 -999.0 -999.0 138.89918381257417 12.596076484210895 138.92344880054299 12.489900685403311 65.22817278098309 141.34638526951989 -999.0 6231.0 -999.0 -1 -999 {-999.0 -999.0 -999.0 -999.0 -999.0} "" -999.0 -999.0 -999.0 -999.0 -999 -999 "" "" "" "" 0 0 0.0 0.0 -999 ""
FIBERMAP 86 R-12C11 APOGEE 0 0 0 1 0 0 57.12507563343176 -216.98876983288628 143.1 -95.53620438229574 -202.96567098502518 163.69183 69.23812 -999.0 -999.0 -999.0 -999.0 -999.0 138.79952366669107 12.070623987914482 138.82293017996113 11.964668465265751 64.83584580531752 142.20582391298794 -999.0 16600.0 -999.0 2 -999 {-999.0 -999.0 -999.0 -999.0 -999.0} "" -999.0 -999.0 -999.0 -999.0 -999 -999 "" "" "" "" 0 0 0.0 0.0 -999 ""
FIBERMAP 86 R-12C11 BOSS 1 1 0 1 0 0 57.583690547973106 -216.39802550812456 143.1 -94.80546699967324 -202.80739983659927 163.69183 69.23812 138.80293461824797 12.071216213176463 -999.0 -999.0 -999.0 138.80293461824797 12.071216213176461 138.82628846763197 11.965336355971179 64.8346827499082 142.19842921541013 5400.0 5400.0 2016.0 1 407 {-999.0 21.866957 21.567068 21.183105 20.855045} sdss_psfmag_from_lsdr10 1e+20 1e+20 1e+20 -999.0 63050398245656735 1059068784 dark_flexible_2x2 bhm_spiders_agn_lsdr10 bhm_spiders science 0 0 0.0 0.0 -999 ""
FIBERMAP 86 R-12C11 METROLOGY 0 0 0 1 0 0 57.86555451955098 -217.08016457958132 143.1 -95.02741645628421 -203.51112357751862 163.69183 69.23812 -999.0 -999.0 -999.0 -999.0 -999.0 138.80192084065035 12.068084953246352 138.82528431522957 11.962184354707887 64.83252114246619 142.20429762800654 -999.0 6231.0 -999.0 -1 -999 {-999.0 -999.0 -999.0 -999.0 -999.0} "" -999.0 -999.0 -999.0 -999.0 -999 -999 "" "" "" "" 0 0 0.0 0.0 -999 ""
FIBERMAP 97 R-4C15 APOGEE 0 0 0 1 0 0 55.73446443102545 -95.01541556106585 143.1 -18.290932587777913 -108.59850428645895 293.26505 47.488987 -999.0 -999.0 -999.0 -999.0 -999.0 139.15640115803214 12.497535352300632 139.1803705700721 12.390888006501084 65.00934719943285 140.97160167951756 -999.0 16600.0 -999.0 2 191 {-999.0 -999.0 -999.0 -999.0 -999.0} "" -999.0 -999.0 -999.0 -999.0 -999 -999 "" ops_sky_apogee_best_unassigned ops_sky sky_apogee 0 0 0.0 0.0 -999 ""
FIBERMAP 97 R-4C15 BOSS 1 1 0 1 0 0 55.03383733114551 -94.779975847702 143.1 -18.67669839541557 -107.96824893152636 293.26505 47.488987 139.15467735932975 12.500264309016416 -12.918077 -0.042187467 1.358123 139.15464007906493 12.500264190151142 139.17856245956557 12.393699263907656 65.01266684010147 140.97150648571866 5400.0 5400.0 2016.0 1 314 {-999.0 20.652388 20.83667 21.033485 -999.0} sdss_psfmag 20.745089 20.737772 20.341702 -999.0 63050394818030060 1092517887 dark_flexible_2x1 mwm_cb_galex_vol_boss mwm_cb science 0 0 0.0 0.0 -999 ""
FIBERMAP 97 R-4C15 METROLOGY 0 0 0 1 0 0 55.590906301212726 -94.28157693081383 143.1 -17.92979952887871 -107.94395752986692 293.26505 47.488987 -999.0 -999.0 -999.0 -999.0 -999.0 139.15810811849803 12.500412121310433 139.1820438313493 12.39381863551738 65.01092362489754 140.9645899778147 -999.0 6231.0 -999.0 -1 -999 {-999.0 -999.0 -999.0 -999.0 -999.0} "" -999.0 -999.0 -999.0 -999.0 -999 -999 "" "" "" "" 0 0 0.0 0.0 -999 ""
FIBERMAP 103 R-8C3 APOGEE 0 0 0 1 0 0 -173.5183566664839 -151.90812639058058 143.1 -230.50598011250395 -5.010296465227603 196.01283 85.92269 -999.0 -999.0 -999.0 -999.0 -999.0 138.1687447193556 12.965232659966127 138.19416366217234 12.860172578676963 65.9205114062525 142.32587689124827 -999.0 16600.0 -999.0 2 267 {-999.0 -999.0 -999.0 -999.0 -999.0} "" -999.0 -999.0 -999.0 -999.0 -999 -999 "" ops_sky_apogee_best_unassigned ops_sky sky_apogee 0 0 0.0 0.0 -999 ""
FIBERMAP 103 R-8C3 BOSS 1 1 0 1 0 0 -173.69286976952895 -151.1903591348185 143.1 -230.17888777377212 -4.348191888671842 196.01283 85.92269 138.17024303975856 12.968164155017211 0.035311908 -0.281026 0.19467624 138.1702431418534 12.968163363229632 138.1956171417485 12.86317768188476 65.92231792192301 142.31904236071964 5400.0 5400.0 2016.0 1 476 {-999.0 18.660013 18.575363 18.521242 18.462626} sdss_psfmag 18.724392 18.544744 18.169128 16.323 63050394818502948 1060286793 dark_flexible_2x2 bhm_aqmes_bonus_core bhm_filler science 0 0 0.0 0.0 -999 ""
FIBERMAP 103 R-8C3 METROLOGY 0 0 0 1 0 0 -172.96849023831194 -151.3904149880379 143.1 -229.75220165710823 -4.9665806569816535 196.01283 85.92269 -999.0 -999.0 -999.0 -999.0 -999.0 138.1722160800023 12.9653936457508 138.19759783670918 12.860383152687596 65.9189253013365 142.31863208782772 -999.0 6231.0 -999.0 -1 -999 {-999.0 -999.0 -999.0 -999.0 -999.0} "" -999.0 -999.0 -999.0 -999.0 -999 -999 "" "" "" "" 0 0 0.0 0.0 -999 ""
FIBERMAP 107 R-3C24 APOGEE 0 0 0 1 0 0 236.12997335561533 -61.693644529719826 143.1 141.34895594926095 -198.8822886332709 256.06256 32.27111 -999.0 -999.0 -999.0 -999.0 -999.0 139.897099535834 12.091442471906472 139.9198999016811 11.98364058086547 64.27305018451715 140.07859882844315 -999.0 16600.0 -999.0 2 222 {-999.0 -999.0 -999.0 -999.0 -999.0} "" -999.0 -999.0 -999.0 -999.0 -999 -999 "" ops_sky_apogee_best_unassigned ops_sky sky_apogee 0 0 0.0 0.0 -999 ""
FIBERMAP 107 R-3C24 BOSS 1 1 0 1 0 0 235.89770470350766 -60.98758274416484 143.1 141.6242719880124 -198.19207355873047 256.06256 32.27111 139.89846664376842 12.094454136197205 -1.5590556 -3.1707306 -0.061933383 139.8984621514332 12.094445202699758 139.9212114656516 11.986722513723567 64.27491284091234 140.07221646426686 5400.0 5400.0 2016.0 1 253 {-999.0 18.055384 17.669514 17.517485 17.45816} sdss_psfmag_from_gaia 18.0059 17.6821 17.2012 15.705 63050394818024555 969129695 "" ops_std_boss_gdr2 ops_std standard_boss 0 0 0.0 0.0 -999 ""
FIBERMAP 107 R-3C24 METROLOGY 0 0 0 1 0 0 236.63330903014327 -61.142147504864404 143.1 142.0887670337272 -198.78280689657336 256.06256 32.27111 -999.0 -999.0 -999.0 -999.0 -999.0 139.90056600314244 12.09183219978475 139.92332522229395 11.98408331204594 64.27157092445894 140.07159832672053 -999.0 6231.0 -999.0 -1 -999 {-999.0 -999.0 -999.0 -999.0 -999.0} "" -999.0 -999.0 -999.0 -999.0 -999 -999 "" "" "" "" 0 0 0.0 0.0 -999 ""
FIBERMAP 110 R-1C13 APOGEE 0 0 0 1 0 0 -12.938551176861289 -9.652147104334187 143.1 -16.112466719156885 0.910053715181337 69.67186 142.58324 -999.0 -999.0 -999.0 -999.0 -999.0 139.16542402005055 12.995952746943537 139.19029086165602 12.88918804053915 65.42134733420599 140.30257732155155 -999.0 16600.0 -999.0 2 162 {-999.0 -999.0 -999.0 -999.0 -999.0} "" -999.0 -999.0 -999.0 -999.0 -999 -999 "" ops_sky_apogee_best_unassigned ops_sky sky_apogee 0 0 0.0 0.0 -999 ""
FIBERMAP 110 R-1C13 BOSS 1 1 0 1 0 0 -12.317287970957784 -9.251498593787328 143.1 -15.379131590120137 0.8182191950431428 69.67186 142.58324 139.16889740318436 12.995464096105213 0.025608385 -0.16144516 -0.04097066 139.16889747723224 12.99546364123532 139.19370839794874 12.888771156674762 65.41916373685181 140.2964459469427 5400.0 5400.0 2016.0 1 346 {-999.0 18.398188 18.002995 17.662779 17.587076} sdss_psfmag 18.299004 17.904575 17.333513 15.714 63050394818032614 1060368635 bright_flexible_2x1 bhm_aqmes_bonus_bright bhm_filler science 0 0 0.0 0.0 -999 ""
FIBERMAP 110 R-1C13 METROLOGY 0 0 0 1 0 0 -12.265612935876376 -9.990968983722485 143.1 -15.81429508757276 0.21834855208266207 69.67186 142.58324 -999.0 -999.0 -999.0 -999.0 -999.0 139.16685513640073 12.992748280795546 139.19167743045244 12.88603770311363 65.41797358542972 140.3040384016727 -999.0 6231.0 -999.0 -1 -999 {-999.0 -999.0 -999.0 -999.0 -999.0} "" -999.0 -999.0 -999.0 -999.0 -999 -999 "" "" "" "" 0 0 0.0 0.0 -999 ""
FIBERMAP 114 R-12C15 APOGEE 0 0 0 1 0 0 167.09650596733877 -223.54646279279783 143.1 -15.469795518921758 -278.59649405007235 48.001137 111.50066 -999.0 -999.0 -999.0 -999.0 -999.0 139.17163257136542 11.732533435311272 139.19421375258963 11.626018981238966 64.35631692140517 141.90344015479803 -999.0 16600.0 -999.0 2 236 {-999.0 -999.0 -999.0 -999.0 -999.0} "" -999.0 -999.0 -999.0 -999.0 -999 -999 "" ops_sky_apogee_best_unassigned ops_sky sky_apogee 0 0 0.0 0.0 -999 ""
FIBERMAP 114 R-12C15 BOSS 1 1 0 1 0 0 167.78894615780672 -223.8179130544825 143.1 -15.113423728670377 -279.2490898394385 48.001137 111.50066 139.1733415759409 11.729561205329505 -0.5575475 0.057158757 -0.68510735 139.1733399715544 11.729561366373646 139.19586172419662 11.623127851605897 64.3530096427638 141.90381485087792 5400.0 5400.0 2016.0 1 258 {-999.0 20.471262 20.27574 20.229525 20.213364} sdss_psfmag_from_lsdr10 20.48949 20.263857 19.788216 -999.0 63050394818021421 1059067410 dark_flexible_2x2 bhm_spiders_agn_lsdr10 bhm_spiders science 0 0 0.0 0.0 -999 ""
FIBERMAP 114 R-12C15 METROLOGY 0 0 0 1 0 0 167.2006925517526 -224.28805382444472 143.1 -15.866078284159263 -279.2317040165922 48.001137 111.50066 -999.0 -999.0 -999.0 -999.0 -999.0 139.16985073950684 11.729659280942165 139.19238977430626 11.623208043197181 64.35487884965026 141.91038168633932 -999.0 6231.0 -999.0 -1 -999 {-999.0 -999.0 -999.0 -999.0 -999.0} "" -999.0 -999.0 -999.0 -999.0 -999 -999 "" "" "" "" 0 0 0.0 0.0 -999 ""
FIBERMAP 115 R-11C13 APOGEE 0 0 0 1 0 0 86.95396706611659 -205.14127829054013 143.1 -65.07033156198544 -213.03748386644972 170.30795 94.13076 -999.0 -999.0 -999.0 -999.0 -999.0 138.94087644224714 12.025323103926528 138.9641187841342 11.919137343203584 64.72424328488414 141.98693584107343 -999.0 16600.0 -999.0 2 166 {-999.0 -999.0 -999.0 -999.0 -999.0} "" -999.0 -999.0 -999.0 -999.0 -999 -999 "" "" "" "" 0 0 0.0 0.0 -999 ""
FIBERMAP 115 R-11C13 BOSS 1 1 0 1 0 0 87.01949676066558 -204.40460674286658 143.1 -64.5471451050348 -212.51500746897892 170.30795 94.13076 138.94332647384294 12.02754975491947 -0.06073719 -0.15551676 0.45889467 138.94332629887563 12.027549316752769 138.96651895679204 11.921440785366473 64.72495452733567 141.97941364095405 5400.0 5400.0 2016.0 1 395 {-999.0 19.09443 18.946735 18.820192 18.700857} sdss_psfmag_from_gdr3 19.167576 18.924202 18.557796 -999.0 63050394818026693 1059171678 dark_flexible_2x1 bhm_spiders_agn_gaiadr3 bhm_spiders science 0 0 0.0 0.0 -999 ""
FIBERMAP 115 R-11C13 METROLOGY 0 0 0 1 0 0 87.63097826372768 -204.82806902306223 143.1 -64.35041284310962 -213.23211957183634 170.30795 94.13076 -999.0 -999.0 -999.0 -999.0 -999.0 138.94424424470162 12.02436010313284 138.96744548971412 11.91822749466365 64.72174849716689 141.98159599332192 -999.0 6231.0 -999.0 -1 -999 {-999.0 -999.0 -999.0 -999.0 -999.0} "" -999.0 -999.0 -999.0 -999.0 -999 -999 "" "" "" "" 0 0 0.0 0.0 -999 ""
FIBERMAP 117 R-1C9 APOGEE 0 0 0 1 0 0 -121.26572854086442 -26.125806017565996 143.1 -109.70569857539452 57.83512214144098 262.21375 36.245243 -999.0 -999.0 -999.0 -999.0 -999.0 138.72750598680813 13.253712056928466 138.75311371596302 13.147637040367702 65.8710160564864 140.82281275944115 -999.0 16600.0 -999.0 2 244 {-999.0 -999.0 -999.0 -999.0 -999.0} "" -999.0 -999.0 -999.0 -999.0 -999 -999 "" ops_sky_apogee_best_unassigned ops_sky sky_apogee 0 0 0.0 0.0 -999 ""
FIBERMAP 117 R-1C9 BOSS 1 1 0 1 0 0 -121.63812248846436 -25.483526937309236 143.1 -109.57871826194949 58.5664224243326 262.21375 36.245243 138.72808507917554 13.256992522665776 2.1948352 -1.3243834 -0.2606626 138.72809143240406 13.256988791230578 138.7536534751313 13.150988795674285 65.8735383422876 140.8172618223034 5400.0 5400.0 2016.0 1 481 {-999.0 20.72979 20.60321 20.506664 20.416988} sdss_psfmag_from_gdr3 20.647738 20.56351 20.108809 -999.0 63050394818502558 1128539342 dark_flexible_3x1 bhm_spiders_agn_gaiadr3_d3 bhm_spiders science 0 0 0.0 0.0 -999 ""
FIBERMAP 117 R-1C9 METROLOGY 0 0 0 1 0 0 -120.89042065310322 -25.47584149648157 143.1 -109.00078223501347 58.09226261396582 262.21375 36.245243 -999.0 -999.0 -999.0 -999.0 -999.0 138.73078695663708 13.254862858720339 138.7563580179688 13.14883698106075 65.87029817089072 140.8147346157729 -999.0 6231.0 -999.0 -1 -999 {-999.0 -999.0 -999.0 -999.0 -999.0} "" -999.0 -999.0 -999.0 -999.0 -999 -999 "" "" "" "" 0 0 0.0 0.0 -999 ""
FIBERMAP 119 R0C6 APOGEE 0 0 0 1 0 0 -185.01033172894154 9.29505498943462 143.1 -135.81503481303915 125.90608304088022 101.32412 134.48656 -999.0 -999.0 -999.0 -999.0 -999.0 138.60527546341217 13.561880220417665 138.63152598438887 13.45595144663979 66.19385311079004 140.6516360361634 -999.0 16600.0 -999.0 2 -999 {-999.0 -999.0 -999.0 -999.0 -999.0} "" -999.0 -999.0 -999.0 -999.0 -999 -999 "" "" "" "" 0 0 0.0 0.0 -999 ""
FIBERMAP 119 R0C6 BOSS 1 1 0 1 0 0 -184.62821207387495 9.917916137022365 143.1 -135.1222995420585 126.13807944592814 101.32412 134.48656 138.60851028691704 13.562916467327138 -0.41393766 -0.27369586 -0.15019049 138.60850908719576 13.562915696192167 138.6347085969627 13.457056571196198 66.19308036641839 140.64372189503248 5400.0 5400.0 2016.0 1 494 {-999.0 19.255033 19.112259 19.023008 18.9483} sdss_psfmag_from_lsdr10 19.174768 19.031721 18.623817 -999.0 63050394818504365 1059076665 dark_flexible_2x2 bhm_spiders_agn_lsdr10 bhm_spiders science 0 0 0.0 0.0 -999 ""
FIBERMAP 119 R0C6 METROLOGY 0 0 0 1 0 0 -184.26537054811826 9.253886802953096 143.1 -135.27056474871964 125.39624381781783 101.32412 134.48656 -999.0 -999.0 -999.0 -999.0 -999.0 138.60781494184127 13.559566857427543 138.63402318927479 13.453688238923919 66.19062888411509 140.64967775095295 -999.0 6231.0 -999.0 -1 -999 {-999.0 -999.0 -999.0 -999.0 -999.0} "" -999.0 -999.0 -999.0 -999.0 -999 -999 "" "" "" "" 0 0 0.0 0.0 -999 ""
FIBERMAP 120 R-7C13 APOGEE 0 0 0 1 0 0 41.24402135206774 -136.56882728765532 143.1 -56.074369947415995 -131.1396360147484 193.72052 105.773094 -999.0 -999.0 -999.0 -999.0 -999.0 138.98076610688884 12.395000136577984 139.00465456620623 12.28867053078821 65.01583498379173 141.44430969127137 -999.0 16600.0 -999.0 2 163 {-999.0 -999.0 -999.0 -999.0 -999.0} "" -999.0 -999.0 -999.0 -999.0 -999 -999 "" ops_sky_apogee_best_unassigned ops_sky sky_apogee 0 0 0.0 0.0 -999 ""
FIBERMAP 120 R-7C13 BOSS 1 1 0 1 0 0 40.87764969992624 -135.91438689573636 143.1 -55.934966476212296 -130.40288241873762 193.72052 105.773094 138.98147450500585 12.398218750097909 -15.297428 -3.7397346 0.702378 138.98143037553214 12.39820821343446 139.00527187400127 12.291957155248175 65.01828513698987 141.43892996051525 5400.0 5400.0 2016.0 1 354 {-999.0 18.13152 17.263517 17.013424 -999.0} sdss_psfmag 17.688759 17.25698 16.554157 15.092 63050394818029907 1092517885 dark_flexible_2x1 mwm_cb_galex_vol_boss mwm_cb science 0 0 0.0 0.0 -999 ""
FIBERMAP 120 R-7C13 METROLOGY 0 0 0 1 0 0 41.61263222241112 -135.91689641699378 143.1 -55.37332340795002 -130.87668892026323 193.72052 105.773094 -999.0 -999.0 -999.0 -999.0 -999.0 138.98404245469882 12.396096046167248 139.00789349990612 12.28981824138963 65.01510591145475 141.4365286517593 -999.0 6231.0 -999.0 -1 -999 {-999.0 -999.0 -999.0 -999.0 -999.0} "" -999.0 -999.0 -999.0 -999.0 -999 -999 "" "" "" "" 0 0 0.0 0.0 -999 ""
FIBERMAP 124 R-6C12 APOGEE 0 0 0 1 0 0 2.375136893839297 -109.63224717519782 143.1 -68.56737702338228 -85.54165079180991 222.20131 40.29815 -999.0 -999.0 -999.0 -999.0 -999.0 138.92171348682803 12.601892420745955 138.94601275901204 12.495620298181064 65.22113533438171 141.29473463476117 -999.0 16600.0 -999.0 2 -999 {-999.0 -999.0 -999.0 -999.0 -999.0} "" -999.0 -999.0 -999.0 -999.0 -999 -999 "" "" "" "" 0 0 0.0 0.0 -999 ""
FIBERMAP 124 R-6C12 BOSS 1 1 0 1 0 0 2.468386443834173 -108.8985361972569 143.1 -68.0248482244535 -85.03924030166414 222.20131 40.29815 138.92425154171445 12.604061251370176 -999.0 -999.0 -999.0 138.92425154171445 12.604061251370178 138.94850113539758 12.49786383381908 65.22171704867684 141.28696732622618 5400.0 5400.0 2016.0 1 378 {-999.0 21.514708 20.901255 20.514343 20.279552} sdss_fiber2mag_from_lsdr10 1e+20 1e+20 1e+20 -999.0 63050397530796169 1059071475 dark_flexible_2x2 bhm_spiders_agn_lsdr10 bhm_spiders science 0 0 0.0 0.0 -999 ""
FIBERMAP 124 R-6C12 METROLOGY 0 0 0 1 0 0 3.06146822431986 -109.33965311286474 143.1 -67.85355146576971 -85.75806880772362 222.20131 40.29815 -999.0 -999.0 -999.0 -999.0 -999.0 138.92505459011147 12.600825187569129 138.94931263048335 12.494604567321666 65.21854429907802 141.28956351327258 -999.0 6231.0 -999.0 -1 -999 {-999.0 -999.0 -999.0 -999.0 -999.0} "" -999.0 -999.0 -999.0 -999.0 -999 -999 "" "" "" "" 0 0 0.0 0.0 -999 ""
FIBERMAP 126 R-7C19 APOGEE 0 0 0 1 0 0 200.25398728045943 -128.91628494892086 143.1 70.69619362884424 -227.36481514130568 28.302286 124.368 -999.0 -999.0 -999.0 -999.0 -999.0 139.57002114634057 11.962170982666397 139.59278345615684 11.854940492897745 64.34039216737773 140.85897733502355 -999.0 16600.0 -999.0 2 -999 {-999.0 -999.0 -999.0 -999.0 -999.0} "" -999.0 -999.0 -999.0 -999.0 -999 -999 "" "" "" "" 0 0 0.0 0.0 -999 ""
FIBERMAP 126 R-7C19 BOSS 1 1 0 1 0 0 200.92316948173115 -129.2355932431571 143.1 71.00401519074495 -228.03915455462322 28.302286 124.368 139.5714993612535 11.959045124133562 -999.0 -999.0 -999.0 139.5714993612535 11.95904512413356 139.59420076128936 11.851895281385396 64.33708140383571 140.86009995464823 5400.0 5400.0 2016.0 1 320 {-999.0 22.50255 22.64129 22.253178 22.010344} sdss_fiber2mag_from_lsdr10 1e+20 1e+20 1e+20 -999.0 63050396815403862 1059068795 dark_flexible_2x2 bhm_spiders_agn_lsdr10 bhm_spiders science 0 0 0.0 0.0 -999 ""
FIBERMAP 126 R-7C19 METROLOGY 0 0 0 1 0 0 200.30081908476896 -129.66091154166176 143.1 70.25400806437383 -227.96552772722916 28.302286 124.368 -999.0 -999.0 -999.0 -999.0 -999.0 139.56801360650473 11.959390696408853 139.59073315166876 11.852223231675676 64.33919738705782 140.86627352312186 -999.0 6231.0 -999.0 -1 -999 {-999.0 -999.0 -999.0 -999.0 -999.0} "" -999.0 -999.0 -999.0 -999.0 -999 -999 "" "" "" "" 0 0 0.0 0.0 -999 ""
FIBERMAP 129 R-6C21 APOGEE 0 0 0 1 0 0 213.80044960870245 -103.18775063501916 143.1 97.5961109512216 -216.34501984451725 152.61363 88.673775 -999.0 -999.0 -999.0 -999.0 -999.0 139.69460741185804 12.0120876374297 139.71738585905882 11.904638918415653 64.3157394299207 140.56041015417512 -999.0 16600.0 -999.0 2 194 {-999.0 -999.0 -999.0 -999.0 -999.0} "" -999.0 -999.0 -999.0 -999.0 -999 -999 "" ops_sky_apogee_best_unassigned ops_sky sky_apogee 0 0 0.0 0.0 -999 ""
FIBERMAP 129 R-6C21 BOSS 1 1 0 1 0 0 214.1282682465289 -102.52343435830738 143.1 98.2738481849872 -216.04639121144643 152.61363 88.673775 139.69781950391217 12.01332846386252 -1.787159 0.9058623 -1.4340465 139.69781435586575 12.013331016119132 139.7205382443291 11.90595900584249 64.31516128584546 140.55278455365888 5400.0 5400.0 2016.0 1 333 {-999.0 20.808046 20.688936 20.604464 20.526695} sdss_psfmag_from_gdr3 20.516829 20.645416 20.007345 -999.0 63050394818023962 1128537952 dark_flexible_3x1 bhm_spiders_agn_gaiadr3_d3 bhm_spiders science 0 0 0.0 0.0 -999 ""
FIBERMAP 129 R-6C21 METROLOGY 0 0 0 1 0 0 214.542694928271 -103.14657631285615 143.1 98.1913663546225 -216.7900121666627 152.61363 88.673775 -999.0 -999.0 -999.0 -999.0 -999.0 139.69739894263273 12.01002380288677 139.72013278250557 11.902629858489751 64.31258878815014 140.5577450944469 -999.0 6231.0 -999.0 -1 -999 {-999.0 -999.0 -999.0 -999.0 -999.0} "" -999.0 -999.0 -999.0 -999.0 -999 -999 "" "" "" "" 0 0 0.0 0.0 -999 ""
FIBERMAP 130 R-9C15 APOGEE 0 0 0 1 0 0 102.22904811331418 -173.67104764281726 143.1 -33.15932549913613 -198.72736734705737 235.08931 44.40505 -999.0 -999.0 -999.0 -999.0 -999.0 139.08850355736777 12.089728264719824 139.11177632377667 11.983279661194834 64.70179946802357 141.6206596993694 -999.0 16600.0 -999.0 2 -999 {-999.0 -999.0 -999.0 -999.0 -999.0} "" -999.0 -999.0 -999.0 -999.0 -999 -999 "" "" "" "" 0 0 0.0 0.0 -999 ""
FIBERMAP 130 R-9C15 BOSS 1 1 0 1 0 0 102.09315748416086 -172.95177402614107 143.1 -32.80166767204401 -198.08890528824156 235.08931 44.40505 139.09031213697406 12.092546411711492 -39.924374 -25.757475 0.5371533 139.09019709787518 12.092473840294973 139.11342103445574 11.98610345888276 64.7033286368184 141.61394859084825 5400.0 5400.0 2016.0 1 265 {-999.0 16.503412 16.161972 16.04988 -999.0} sdss_psfmag 16.428658 16.158464 15.71964 14.951 63050394818026735 1074948553 dark_flexible_2x1 mwm_halo_local_high_boss mwm_halo science 0 0 0.0 0.0 -999 ""
FIBERMAP 130 R-9C15 METROLOGY 0 0 0 1 0 0 102.79475416932691 -173.18459246635973 143.1 -32.4134758772712 -198.71777433518074 235.08931 44.40505 -999.0 -999.0 -999.0 -999.0 -999.0 139.09199567624614 12.089677136037132 139.11522854978614 11.983281167101357 64.69999829097677 141.61397527219057 -999.0 6231.0 -999.0 -1 -999 {-999.0 -999.0 -999.0 -999.0 -999.0} "" -999.0 -999.0 -999.0 -999.0 -999 -999 "" "" "" "" 0 0 0.0 0.0 -999 ""
FIBERMAP 136 R-10C12 APOGEE 0 0 0 1 0 0 61.98559248371677 -201.11909222142074 143.1 -81.62248150369547 -193.92454888804772 184.55238 156.26866 -999.0 -999.0 -999.0 -999.0 -999.0 138.86365449429616 12.111259343078991 138.88709740745213 12.005186618121968 64.83712804342505 142.03014504033592 -999.0 16600.0 -999.0 2 -999 {-999.0 -999.0 -999.0 -999.0 -999.0} "" -999.0 -999.0 -999.0 -999.0 -999 -999 "" "" "" "" 0 0 0.0 0.0 -999 ""
FIBERMAP 136 R-10C12 BOSS 1 1 0 1 0 0 61.30743122187431 -200.89796652824046 143.1 -82.00022068292195 -193.3196869088402 184.55238 156.26866 138.86192015044537 12.113858752313766 -999.0 -999.0 -999.0 138.86192015044537 12.113858752313766 138.88531683169808 12.007869864487603 64.84032638299018 142.03028331280822 5400.0 5400.0 2016.0 1 369 {-999.0 22.079132 21.619362 21.11973 20.724451} sdss_fiber2mag_from_lsdr10 1e+20 1e+20 1e+20 -999.0 63050396815345116 1059068785 dark_flexible_2x2 bhm_spiders_agn_lsdr10 bhm_spiders science 0 0 0.0 0.0 -999 ""
FIBERMAP 136 R-10C12 METROLOGY 0 0 0 1 0 0 61.8409989622766 -200.38713956306822 143.1 -81.26335277469823 -193.27078269106156 184.55238 156.26866 -999.0 -999.0 -999.0 -999.0 -999.0 138.8653217364368 12.114109485569465 138.88873165378936 12.008091701612617 64.83874789028465 142.02334031868338 -999.0 6231.0 -999.0 -1 -999 {-999.0 -999.0 -999.0 -999.0 -999.0} "" -999.0 -999.0 -999.0 -999.0 -999 -999 "" "" "" "" 0 0 0.0 0.0 -999 ""
FIBERMAP 138 R-2C24 APOGEE 0 0 0 1 0 0 229.71861745295266 -39.84433297867537 143.1 150.46359759126835 -178.02175194412425 207.91557 89.72304 -999.0 -999.0 -999.0 -999.0 -999.0 139.93979225033502 12.185433400084513 139.96273433726583 12.077541108160782 64.32813030417898 139.87837966987325 -999.0 16600.0 -999.0 2 -999 {-999.0 -999.0 -999.0 -999.0 -999.0} "" -999.0 -999.0 -999.0 -999.0 -999 -999 "" "" "" "" 0 0 0.0 0.0 -999 ""
FIBERMAP 138 R-2C24 BOSS 1 1 0 1 0 0 229.3660621316699 -39.19403033856193 143.1 150.61093264044325 -177.29703986239934 207.91557 89.72304 139.94057843653482 12.188611826065076 -2.121296 -7.299122 0.6140453 139.9405723219729 12.188591260872112 139.96346379770517 12.080778746330068 64.33042997920582 139.87286710985128 5400.0 5400.0 2016.0 1 260 {-999.0 20.574959 19.991735 19.755083 -999.0} sdss_psfmag 20.342566 20.214775 19.447744 -999.0 63050394818024610 1092517830 dark_flexible_2x1 mwm_cb_galex_vol_boss mwm_cb science 0 0 0.0 0.0 -999 ""
FIBERMAP 138 R-2C24 METROLOGY 0 0 0 1 0 0 230.10584262566064 -39.20658800916713 143.1 151.16980138933798 -177.78162722672735 207.91557 89.72304 -999.0 -999.0 -999.0 -999.0 -999.0 139.94311501753612 12.186451051219565 139.96601705141597 12.078611611737033 64.32724242725021 139.87084250214644 -999.0 6231.0 -999.0 -1 -999 {-999.0 -999.0 -999.0 -999.0 -999.0} "" -999.0 -999.0 -999.0 -999.0 -999 -999 "" "" "" "" 0 0 0.0 0.0 -999 ""
FIBERMAP 140 R-4C12 APOGEE 0 0 0 1 0 0 -5.781358615492537 -67.15835093078918 143.1 -47.54845183629949 -47.75501423966641 108.658646 126.033646 -999.0 -999.0 -999.0 -999.0 -999.0 139.01912027388624 12.773983566615366 139.0436735019211 12.667511307975722 65.31409765766982 140.880815712891 -999.0 16600.0 -999.0 2 -999 {-999.0 -999.0 -999.0 -999.0 -999.0} "" -999.0 -999.0 -999.0 -999.0 -999 -999 "" "" "" "" 0 0 0.0 0.0 -999 ""
FIBERMAP 140 R-4C12 BOSS 1 1 0 1 0 0 -5.376606702167373 -66.54407104331491 143.1 -46.84388177723437 -47.54412475381716 108.658646 126.033646 139.02243296945247 12.774846262398183 -999.0 -999.0 -999.0 139.02243296945247 12.774846262398182 139.04693333958318 12.668447027556159 65.31315325443563 140.87320652955245 5400.0 5400.0 2016.0 1 365 {-999.0 21.244465 20.920916 20.836725 20.792356} sdss_psfmag_from_lsdr10 21.113806 20.899836 20.144135 -999.0 63050394818031783 1059072870 dark_flexible_2x2 bhm_spiders_agn_lsdr10 bhm_spiders science 0 0 0.0 0.0 -999 ""
FIBERMAP 140 R-4C12 METROLOGY 0 0 0 1 0 0 -5.036967268369154 -67.20878408297746 143.1 -47.010366881794674 -48.271587822080825 108.658646 126.033646 -999.0 -999.0 -999.0 -999.0 -999.0 139.0216559903273 12.771559699327577 139.04616576568088 12.66514012827506 65.31078543074861 140.87901704082753 -999.0 6231.0 -999.0 -1 -999 {-999.0 -999.0 -999.0 -999.0 -999.0} "" -999.0 -999.0 -999.0 -999.0 -999 -999 "" "" "" "" 0 0 0.0 0.0 -999 ""
FIBERMAP 142 R0C2 APOGEE 0 0 0 1 0 0 -257.9081615258467 19.23467966574446 143.1 -185.29875617181116 180.32616152055147 142.93655 10.012667 -999.0 -999.0 -999.0 -999.0 -999.0 138.37578433855293 13.805130952008392 138.40262960634442 13.69954622151598 66.51952611467541 140.78314233286977 -999.0 16600.0 -999.0 2 295 {-999.0 -999.0 -999.0 -999.0 -999.0} "" -999.0 -999.0 -999.0 -999.0 -999 -999 "" ops_sky_apogee_best_unassigned ops_sky sky_apogee 0 0 0.0 0.0 -999 ""
FIBERMAP 142 R0C2 BOSS 1 1 0 1 0 0 -257.27370841138435 18.849803512408105 143.1 -185.0596460204629 179.62387137567367 142.93655 10.012667 138.37692260742185 13.801924735428969 -999.0 -999.0 -999.0 138.37692260742185 13.801924735428967 138.40371114912855 13.696412985963493 66.51632857254475 140.78523780570092 5400.0 5400.0 2015.5 1 423 {-999.0 -999.0 -999.0 -999.0 -999.0} "" -999.0 -999.0 -999.0 -999.0 27021603088391637 804881933 "" ops_sky_boss_good ops_sky sky_boss 0 0 0.0 0.0 -999 ""
FIBERMAP 142 R0C2 METROLOGY 0 0 0 1 0 0 -257.92778284217457 18.489938462735953 143.1 -185.79194170584742 179.76802622602906 142.93655 10.012667 -999.0 -999.0 -999.0 -999.0 -999.0 138.37352669656659 13.802548877143632 138.4003327969442 13.697021772681888 66.51863409832166 140.7912968102029 -999.0 6231.0 -999.0 -1 -999 {-999.0 -999.0 -999.0 -999.0 -999.0} "" -999.0 -999.0 -999.0 -999.0 -999 -999 "" "" "" "" 0 0 0.0 0.0 -999 ""
FIBERMAP 144 R-4C4 APOGEE 0 0 0 1 0 0 -167.5153897420828 -66.35628750353035 143.1 -170.97846499845048 56.69829755959204 68.38499 90.759346 -999.0 -999.0 -999.0 -999.0 -999.0 138.44246806499063 13.246911454107332 138.46823966757722 13.141324500062945 66.01609611862641 141.4030732569024 -999.0 16600.0 -999.0 2 -999 {-999.0 -999.0 -999.0 -999.0 -999.0} "" -999.0 -999.0 -999.0 -999.0 -999 -999 "" "" "" "" 0 0 0.0 0.0 -999 ""
FIBERMAP 144 R-4C4 BOSS 1 1 0 1 0 0 -166.80984336000702 -66.6211557976319 143.1 -170.60782342794187 56.042331251971724 68.38499 90.759346 138.44355331234271 13.244080664461668 75.18314 -69.23855 1.1437517 138.4441937152339 13.243885585546456 138.4699082323589 13.138372887566181 66.01273402735936 141.40361671081757 5400.0 5400.0 2016.0 1 455 {-999.0 15.291911 14.932635 14.79683 -999.0} sdss_psfmag_from_g3xp 15.230047 14.932756 14.463448 13.583 63050394818503297 1135927741 dark_flexible_3x1 mwm_halo_local_high_boss_triple mwm_halo science 0 0 1.4815531969070435 0.0 -999 ""
FIBERMAP 144 R-4C4 METROLOGY 0 0 0 1 0 0 -167.3908157671585 -67.09191193575332 143.1 -171.35529311951566 56.05457071419303 68.38499 90.759346 -999.0 -999.0 -999.0 -999.0 -999.0 138.44072185551195 13.243936610155718 138.46645302822162 13.138408128371767 66.01457610521076 141.4105439023604 -999.0 6231.0 -999.0 -1 -999 {-999.0 -999.0 -999.0 -999.0 -999.0} "" -999.0 -999.0 -999.0 -999.0 -999 -999 "" "" "" "" 0 0 0.0 0.0 -999 ""
FIBERMAP 146 R-8C5 APOGEE 0 0 0 1 0 0 -105.27891752960474 -158.87495741056682 143.1 -182.68358620458787 -54.16133047542175 257.28705 171.42386 -999.0 -999.0 -999.0 -999.0 -999.0 138.3908216348128 12.743220349689116 138.41569764738608 12.63782392289086 65.61760678930361 142.16471280975912 -999.0 16600.0 -999.0 2 265 {-999.0 -999.0 -999.0 -999.0 -999.0} "" -999.0 -999.0 -999.0 -999.0 -999 -999 "" ops_sky_apogee_best_unassigned ops_sky sky_apogee 0 0 0.0 0.0 -999 ""
FIBERMAP 146 R-8C5 BOSS 1 1 0 1 0 0 -105.54230769141309 -159.57550399806095 143.1 -183.33520970958446 -54.52908946087622 257.28705 171.42386 138.38779597289158 12.741497767360746 8.59518 -17.229282 2.7230794 138.38782080110087 12.741449224052253 138.41264491778068 12.636136931685717 65.61774908556703 142.1729979395994 5400.0 5400.0 2016.0 1 480 {-999.0 19.09091 18.285645 17.18665 -999.0} sdss_psfmag 18.805357 17.999632 16.728062 14.769 63050394818498440 1092174924 dark_flexible_2x1 mwm_cb_galex_mag_boss mwm_cb science 0 0 0.0 0.0 -999 ""
FIBERMAP 146 R-8C5 METROLOGY 0 0 0 1 0 0 -106.0162722403212 -158.99430229001058 143.1 -183.32528179591736 -53.779384137542195 257.28705 171.42386 -999.0 -999.0 -999.0 -999.0 -999.0 138.38783692726636 12.744876288483763 138.41268183488722 12.639540958638774 65.62061981871739 142.16856566591426 -999.0 6231.0 -999.0 -1 -999 {-999.0 -999.0 -999.0 -999.0 -999.0} "" -999.0 -999.0 -999.0 -999.0 -999 -999 "" "" "" "" 0 0 0.0 0.0 -999 ""
FIBERMAP 147 R-3C3 APOGEE 0 0 0 1 0 0 -206.37063629966326 -38.594644407157716 143.1 -182.93130266815126 102.91981427122467 131.213 44.007282 -999.0 -999.0 -999.0 -999.0 -999.0 138.38659658671372 13.456025912136607 138.4127888255456 13.350492586451034 66.2213011039579 141.23635307409015 -999.0 16600.0 -999.0 2 278 {-999.0 -999.0 -999.0 -999.0 -999.0} "" -999.0 -999.0 -999.0 -999.0 -999 -999 "" ops_sky_apogee_best_unassigned ops_sky sky_apogee 0 0 0.0 0.0 -999 ""
FIBERMAP 147 R-3C3 BOSS 1 1 0 1 0 0 -205.6216629214662 -38.65361443197241 143.1 -182.39518722895113 102.39375663473352 131.213 44.007282 138.3890847680493 13.453613382766344 2.48658 -0.09814939 -0.646179 138.3890919716364 13.453613106231455 138.41522805781048 13.348151694519327 66.21804825655948 141.23454465771485 5400.0 5400.0 2016.0 1 442 {-999.0 20.470562 19.876923 19.385399 18.94504} sdss_psfmag_from_gaiadr2 19.728882 20.08585 18.250399 16.095 63050394818504461 1057574750 bright_flexible_2x1 bhm_gua_bright bhm_filler science 0 0 0.0 0.0 -999 ""
FIBERMAP 147 R-3C3 METROLOGY 0 0 0 1 0 0 -206.07108174764124 -39.27984601685729 143.1 -183.14166119044702 102.20238560889376 131.213 44.007282 -999.0 -999.0 -999.0 -999.0 -999.0 138.38562928660807 13.452733302497892 138.41178017225934 13.34725655161263 66.21911066461534 141.24274221637089 -999.0 6231.0 -999.0 -1 -999 {-999.0 -999.0 -999.0 -999.0 -999.0} "" -999.0 -999.0 -999.0 -999.0 -999 -999 "" "" "" "" 0 0 0.0 0.0 -999 ""
FIBERMAP 148 R-10C10 APOGEE 0 0 0 1 0 0 16.79552993019179 -211.9607939968541 143.1 -123.21464572806944 -173.21956352301024 291.95862 72.06411 -999.0 -999.0 -999.0 -999.0 -999.0 138.67035895507976 12.204596654856084 138.69408423820852 12.098833077081759 65.01625116389236 142.29200719978436 -999.0 16600.0 -999.0 2 -999 {-999.0 -999.0 -999.0 -999.0 -999.0} "" -999.0 -999.0 -999.0 -999.0 -999 -999 "" "" "" "" 0 0 0.0 0.0 -999 ""
FIBERMAP 148 R-10C10 BOSS 1 1 0 1 0 0 16.044622862054933 -212.00717787779456 143.1 -123.81988377804035 -172.77300241723913 291.95862 72.06411 138.66756670518802 12.206494040357509 -999.0 -999.0 -999.0 138.66756670518802 12.206494040357509 138.6912458089896 12.100815773999981 65.01939719861787 142.29512680299084 5400.0 5400.0 2016.0 1 370 {-999.0 22.502897 20.97844 20.395414 19.971138} sdss_fiber2mag_from_lsdr10 1e+20 1e+20 1e+20 -999.0 63050396815282378 1059070150 dark_flexible_2x2 bhm_spiders_agn_lsdr10 bhm_spiders science 0 0 0.0 0.0 -999 ""
FIBERMAP 148 R-10C10 METROLOGY 0 0 0 1 0 0 16.37498698123971 -211.34451028897396 143.1 -123.14125432591439 -172.47727154110376 291.95862 72.06411 -999.0 -999.0 -999.0 -999.0 -999.0 138.67068522086586 12.207855164733447 138.69437955079007 12.102148365961904 65.01891881352421 142.28729650961847 -999.0 6231.0 -999.0 -1 -999 {-999.0 -999.0 -999.0 -999.0 -999.0} "" -999.0 -999.0 -999.0 -999.0 -999 -999 "" "" "" "" 0 0 0.0 0.0 -999 ""
FIBERMAP 153 R-7C3 APOGEE 0 0 0 1 0 0 -162.80341503280297 -141.43933647045833 143.1 -215.57326583866634 -3.8668839072189902 229.41742 175.52902 -999.0 -999.0 -999.0 -999.0 -999.0 138.23745264872628 12.970790801820197 138.26284026537274 12.865611401799207 65.88977750994351 142.17956750891406 -999.0 16600.0 -999.0 2 300 {-999.0 -999.0 -999.0 -999.0 -999.0} "" -999.0 -999.0 -999.0 -999.0 -999 -999 "" ops_sky_apogee_best_unassigned ops_sky sky_apogee 0 0 0.0 0.0 -999 ""
FIBERMAP 153 R-7C3 BOSS 1 1 0 1 0 0 -163.31222774282955 -141.96775591826514 143.1 -216.3024576770549 -3.9451636901869565 229.41742 175.52902 138.23410034179688 12.97033925342771 -999.0 -999.0 -999.0 138.2341003417969 12.970339253427712 138.25943949789428 12.86524330118804 65.89121841864267 142.18693242382224 5400.0 5400.0 2015.5 1 446 {-999.0 -999.0 -999.0 -999.0 -999.0} "" -999.0 -999.0 -999.0 -999.0 27021603088386176 804881141 "" ops_sky_boss_good ops_sky sky_boss 0 0 0.0 0.0 -999 ""
FIBERMAP 153 R-7C3 METROLOGY 0 0 0 1 0 0 -163.53181777350062 -141.2649119848098 143.1 -216.01949133824382 -3.2655547168318093 229.41742 175.52902 -999.0 -999.0 -999.0 -999.0 -999.0 138.23538013621243 12.973450707007236 138.26073837996915 12.868329927140566 65.89316845018728 142.18030498380938 -999.0 6231.0 -999.0 -1 -999 {-999.0 -999.0 -999.0 -999.0 -999.0} "" -999.0 -999.0 -999.0 -999.0 -999 -999 "" "" "" "" 0 0 0.0 0.0 -999 ""
FIBERMAP 155 R-11C15 APOGEE 0 0 0 1 0 0 127.87687081699033 -200.07860612140027 143.1 -30.45863689045244 -235.4315733049434 219.5559 16.944656 -999.0 -999.0 -999.0 -999.0 -999.0 139.1016587808352 11.924959246502754 139.12462666584685 11.8185226419229 64.55564689376718 141.80056762624045 -999.0 16600.0 -999.0 2 -999 {-999.0 -999.0 -999.0 -999.0 -999.0} "" -999.0 -999.0 -999.0 -999.0 -999 -999 "" "" "" "" 0 0 0.0 0.0 -999 ""
FIBERMAP 155 R-11C15 BOSS 1 1 0 1 0 0 128.27017244475732 -199.44856714449 143.1 -29.75272390230504 -235.2012553663652 219.5559 16.944656 139.10469588461334 11.925946194238904 -12.68839 -23.541052 0.5712369 139.10497197336477 11.925879867590403 139.1278867216912 11.81951982913688 64.55479627736413 141.79304235230688 5400.0 5400.0 2016.0 1 267 {-999.0 16.432821 16.016426 15.940949 -999.0} sdss_psfmag 16.33349 16.02477 15.5410385 14.595 63050394818026556 1136768292 dark_flexible_3x1 mwm_halo_local_high_boss_triple mwm_halo science 0 0 1.1011639833450317 0.0 -999 ""
FIBERMAP 155 R-11C15 METROLOGY 0 0 0 1 0 0 128.62232037668755 -200.10970169116538 143.1 -29.907325600344944 -235.93400692813452 219.5559 16.944656 -999.0 -999.0 -999.0 -999.0 -999.0 139.10425483393445 11.922629449201587 139.1271792056956 11.816247966903486 64.5523924329076 141.79845385673914 -999.0 6231.0 -999.0 -1 -999 {-999.0 -999.0 -999.0 -999.0 -999.0} "" -999.0 -999.0 -999.0 -999.0 -999 -999 "" "" "" "" 0 0 0.0 0.0 -999 ""
FIBERMAP 159 R-8C14 APOGEE 0 0 0 1 0 0 103.84614129696536 -150.1756866246209 143.1 -16.83525869885767 -181.75991220447324 36.052143 100.354164 -999.0 -999.0 -999.0 -999.0 -999.0 139.16404663196298 12.16628065219236 139.18741327676173 12.05968880656632 64.72675081438096 141.3786140839731 -999.0 16600.0 -999.0 2 -999 {-999.0 -999.0 -999.0 -999.0 -999.0} "" -999.0 -999.0 -999.0 -999.0 -999 -999 "" "" "" "" 0 0 0.0 0.0 -999 ""
FIBERMAP 159 R-8C14 BOSS 1 1 0 1 0 0 104.3929533003069 -150.68157514031475 143.1 -16.74100634029771 -182.49867171989044 36.052143 100.354164 139.16469882736203 12.162815814799165 -54.307472 -0.84187573 6.410248 139.16454230315279 12.162813442779822 139.18784890241432 12.056302921591243 64.72366517550537 141.38202798401363 5400.0 5400.0 2016.0 1 327 {-999.0 19.678503 19.570368 19.588743 -999.0} sdss_psfmag 19.599874 19.55966 19.358156 -999.0 63050394818029361 1143449537 dark_1x3 mwm_wd_pwd_boss_1x3 mwm_wd science 0 0 0.0 0.0 -999 ""
FIBERMAP 159 R-8C14 METROLOGY 0 0 0 1 0 0 103.68643214371755 -150.9044904163788 143.1 -17.425568274254488 -182.21589278466035 36.052143 100.354164 -999.0 -999.0 -999.0 -999.0 -999.0 139.16134383295847 12.164117817861955 139.18467023931805 12.057589298038955 64.72641880860515 141.38655484875957 -999.0 6231.0 -999.0 -1 -999 {-999.0 -999.0 -999.0 -999.0 -999.0} "" -999.0 -999.0 -999.0 -999.0 -999 -999 "" "" "" "" 0 0 0.0 0.0 -999 ""
FIBERMAP 160 R+8C5 APOGEE 0 0 0 1 0 0 -102.88499849959479 168.970637522139 143.1 29.638817260510287 195.54634749514574 81.71618 88.325676 -999.0 -999.0 -999.0 -999.0 -999.0 139.37772741916226 13.87974849200702 139.40406642616443 13.772447174425025 66.03558561239798 138.67752430554683 -999.0 16600.0 -999.0 2 92 {-999.0 -999.0 -999.0 -999.0 -999.0} "" -999.0 -999.0 -999.0 -999.0 -999 -999 "" ops_sky_apogee_best_unassigned ops_sky sky_apogee 0 0 0.0 0.0 -999 ""
FIBERMAP 160 R+8C5 BOSS 1 1 0 1 0 0 -102.1466335188415 168.86603104232998 143.1 30.137502820026405 194.99212728148643 81.71618 88.325676 139.38013062589235 13.877235767963567 -1.5093293 -2.8583074 0.30203766 139.38012624551934 13.877227714715017 139.4064055612074 13.769997393041933 66.03227679493634 138.6763828912694 5400.0 5400.0 2016.0 1 68 {-999.0 17.299774 16.958244 16.764477 -999.0} sdss_psfmag 17.226408 16.931368 16.48562 15.771 63050394818514151 976112109 "" ops_std_boss ops_std standard_boss 0 0 0.0 0.0 -999 ""
FIBERMAP 160 R+8C5 METROLOGY 0 0 0 1 0 0 -102.61054920418721 168.2760174521073 143.1 29.403172344732205 194.8378194037877 81.71618 88.325676 -999.0 -999.0 -999.0 -999.0 -999.0 139.3766784148561 13.876544601963364 139.40297397157877 13.76929909188361 66.03360909067325 138.68409799695826 -999.0 6231.0 -999.0 -1 -999 {-999.0 -999.0 -999.0 -999.0 -999.0} "" -999.0 -999.0 -999.0 -999.0 -999 -999 "" "" "" "" 0 0 0.0 0.0 -999 ""
FIBERMAP 162 R-9C14 APOGEE 0 0 0 1 0 0 87.23927712095733 -183.11807915933454 143.1 -50.71205460587737 -196.34317155297475 231.82295 96.07204 -999.0 -999.0 -999.0 -999.0 -999.0 139.007023122499 12.100401185506147 139.03036275322802 11.994087989705662 64.7533817722778 141.7650188148507 -999.0 16600.0 -999.0 2 192 {-999.0 -999.0 -999.0 -999.0 -999.0} "" -999.0 -999.0 -999.0 -999.0 -999 -999 "" ops_sky_apogee_best_unassigned ops_sky sky_apogee 0 0 0.0 0.0 -999 ""
FIBERMAP 162 R-9C14 BOSS 1 1 0 1 0 0 86.60550127568008 -182.75055245806809 143.1 -50.961784659325325 -195.65461199977457 231.82295 96.07204 139.0058898925781 12.103371955453412 -999.0 -999.0 -999.0 139.0058898925781 12.10337195545341 139.02918309754074 11.99714161488509 64.75658122023924 141.76350019971593 5400.0 5400.0 2015.5 1 328 {-999.0 -999.0 -999.0 -999.0 -999.0} "" -999.0 -999.0 -999.0 -999.0 27021603088161151 804850728 "" ops_sky_boss_good ops_sky sky_boss 0 0 0.0 0.0 -999 ""
FIBERMAP 162 R-9C14 METROLOGY 0 0 0 1 0 0 87.25048655642301 -182.37508412175973 143.1 -50.226436617948416 -195.78097372482532 231.82295 96.07204 -999.0 -999.0 -999.0 -999.0 -999.0 139.00929136007693 12.102836956478026 139.03259651833582 11.996577867981673 64.75432737601027 141.75757505090084 -999.0 6231.0 -999.0 -1 -999 {-999.0 -999.0 -999.0 -999.0 -999.0} "" -999.0 -999.0 -999.0 -999.0 -999 -999 "" "" "" "" 0 0 0.0 0.0 -999 ""
FIBERMAP 167 R-6C5 APOGEE 0 0 0 1 0 0 -133.73582174628535 -130.67549120758676 143.1 -186.3865513821116 -14.280370879502291 280.87726 109.13185 -999.0 -999.0 -999.0 -999.0 -999.0 138.3725088216593 12.924193356264816 138.3977287334747 12.818791551385624 65.78036082241205 141.96778626855965 -999.0 16600.0 -999.0 2 251 {-999.0 -999.0 -999.0 -999.0 -999.0} "" -999.0 -999.0 -999.0 -999.0 -999 -999 "" ops_sky_apogee_best_unassigned ops_sky sky_apogee 0 0 0.0 0.0 -999 ""
FIBERMAP 167 R-6C5 BOSS 1 1 0 1 0 0 -134.35980512612886 -131.07167717560048 143.1 -187.1191060166004 -14.183370044887063 280.87726 109.13185 138.36907893180623 12.924604640985375 12.033371 -24.161263 0.6990927 138.3691137169566 12.92453656690048 138.394286129634 12.819218368828896 65.7825057723226 141.97416594914674 5400.0 5400.0 2016.0 1 457 {-999.0 21.958485 20.482864 19.868395 -999.0} sdss_psfmag 21.07363 20.466295 19.509634 -999.0 63050394818501593 1076028250 dark_flexible_2x2 mwm_erosita_compact_boss mwm_erosita science 0 0 0.0 0.0 -999 ""
FIBERMAP 167 R-6C5 METROLOGY 0 0 0 1 0 0 -134.39057164007082 -130.32841356978963 143.1 -186.66548389105913 -13.594016437766356 280.87726 109.13185 -999.0 -999.0 -999.0 -999.0 -999.0 138.3711921523226 12.927244965317842 138.3963825997057 12.82190057889788 65.7836920960223 141.96647004157037 -999.0 6231.0 -999.0 -1 -999 {-999.0 -999.0 -999.0 -999.0 -999.0} "" -999.0 -999.0 -999.0 -999.0 -999 -999 "" "" "" "" 0 0 0.0 0.0 -999 ""
FIBERMAP 170 R-2C20 APOGEE 0 0 0 1 0 0 147.82522179047595 -44.386829632252095 143.1 84.78811372050022 -128.92460145142908 186.88234 140.43782 -999.0 -999.0 -999.0 -999.0 -999.0 139.63648927259183 12.40620876992724 139.6600065523872 12.298775016594526 64.67605069647306 140.16717688370656 -999.0 16600.0 -999.0 2 -999 {-999.0 -999.0 -999.0 -999.0 -999.0} "" -999.0 -999.0 -999.0 -999.0 -999 -999 "" "" "" "" 0 0 0.0 0.0 -999 ""
FIBERMAP 170 R-2C20 BOSS 1 1 0 1 0 0 147.18488758936044 -43.98815520622845 143.1 84.55335554706564 -128.2079611385411 186.88234 140.43782 139.63512660573136 12.409454544497873 -7.3898435 -45.740192 0.7836918 139.63549113686406 12.40932567202464 139.6589599301421 12.301973585326673 64.6792830122823 140.16504870566374 5400.0 5400.0 2016.0 1 298 {-999.0 15.624197 15.288834 15.17611 -999.0} sdss_psfmag 15.56067 15.283806 14.834091 14.047 63050394818030154 1074406448 dark_flexible_2x1 mwm_halo_local_high_boss mwm_halo science 0 0 1.3566070795059204 0.0 -999 ""
FIBERMAP 170 R-2C20 METROLOGY 0 0 0 1 0 0 147.8480343966081 -43.641080635931445 143.1 85.28439193821987 -128.36774274858794 186.88234 140.43782 -999.0 -999.0 -999.0 -999.0 -999.0 139.6388664934321 12.408640902826312 139.6623476091139 12.301260469888515 64.67686323033197 140.15951179953692 -999.0 6231.0 -999.0 -1 -999 {-999.0 -999.0 -999.0 -999.0 -999.0} "" -999.0 -999.0 -999.0 -999.0 -999 -999 "" "" "" "" 0 0 0.0 0.0 -999 ""
FIBERMAP 171 R-12C7 APOGEE 0 0 0 1 0 0 -21.230524458650116 -242.59486269477685 143.1 -172.0240289596651 -172.28200207892175 245.51543 144.84787 -999.0 -999.0 -999.0 -999.0 -999.0 138.44501636394872 12.20906741707841 138.46888120216602 12.103687447173865 65.13563819637876 142.7312149289218 -999.0 16600.0 -999.0 2 -999 {-999.0 -999.0 -999.0 -999.0 -999.0} "" -999.0 -999.0 -999.0 -999.0 -999 -999 "" "" "" "" 0 0 0.0 0.0 -999 ""
FIBERMAP 171 R-12C7 BOSS 1 1 0 1 0 0 -21.865077669791958 -242.97516186504475 143.1 -172.7544839354596 -172.1660402032861 245.51543 144.84787 138.44167993971865 12.209495957731649 -0.23233764 -0.053790186 0.1123593 138.44167926996067 12.20949580617841 138.46549634416874 12.104202274696751 65.13780112696637 142.73729718715305 5400.0 5400.0 2016.0 1 404 {-999.0 18.250532 18.216639 18.178127 18.048473} sdss_psfmag 18.517199 18.389666 18.016125 -999.0 63050394818028377 1128935799 dark_1x4 bhm_aqmes_wide1 bhm_aqmes science 0 0 0.0 0.0 -999 ""
FIBERMAP 171 R-12C7 METROLOGY 0 0 0 1 0 0 -21.886104621081145 -242.23866523389495 143.1 -172.29774251442 -171.58812559549233 245.51543 144.84787 -999.0 -999.0 -999.0 -999.0 -999.0 138.44374159190514 12.21211952178218 138.46757662222365 12.106799012894985 65.13895879911595 142.72995072852314 -999.0 6231.0 -999.0 -1 -999 {-999.0 -999.0 -999.0 -999.0 -999.0} "" -999.0 -999.0 -999.0 -999.0 -999 -999 "" "" "" "" 0 0 0.0 0.0 -999 ""
FIBERMAP 177 R-4C3 APOGEE 0 0 0 1 0 0 -214.6354493433845 -83.27618211353612 143.1 -217.9520863503174 73.98437903491683 210.21442 110.79737 -999.0 -999.0 -999.0 -999.0 -999.0 138.22498655146597 13.32358367550688 138.251034086789 13.218354536442874 66.19460730230774 141.7415162519636 -999.0 16600.0 -999.0 2 286 {-999.0 -999.0 -999.0 -999.0 -999.0} "" -999.0 -999.0 -999.0 -999.0 -999 -999 "" ops_sky_apogee_best_unassigned ops_sky sky_apogee 0 0 0.0 0.0 -999 ""
FIBERMAP 177 R-4C3 BOSS 1 1 0 1 0 0 -215.21073122423329 -82.81648550229305 143.1 -218.09781336084194 74.70601797095641 210.21442 110.79737 138.22432256338868 13.326779445229088 -999.0 -999.0 -999.0 138.22432256338868 13.32677944522909 138.2503268447882 13.2216269444155 66.1977404893012 141.73862074284972 5400.0 5400.0 2016.0 1 443 {-999.0 21.087452 20.974426 20.84615 20.810812} sdss_psfmag_from_gaiadr2 20.760084 20.973635 20.418762 -999.0 63050394818503728 1129194684 dark_flexible_3x1 bhm_gua_dark_d3 bhm_filler science 0 0 0.0 0.0 -999 ""
FIBERMAP 177 R-4C3 METROLOGY 0 0 0 1 0 0 -214.516368140812 -82.532677637711 143.1 -217.38347369732097 74.47770999385564 210.21442 110.79737 -999.0 -999.0 -999.0 -999.0 -999.0 138.22761089896542 13.325795005110496 138.25362541771477 13.220615473030794 66.19516821169842 141.73323926375784 -999.0 6231.0 -999.0 -1 -999 {-999.0 -999.0 -999.0 -999.0 -999.0} "" -999.0 -999.0 -999.0 -999.0 -999 -999 "" "" "" "" 0 0 0.0 0.0 -999 ""
FIBERMAP 179 R-4C8 APOGEE 0 0 0 1 0 0 -88.74167775046416 -97.85228697462428 143.1 -130.83167067360546 -18.014033357395082 324.86554 54.057182 -999.0 -999.0 -999.0 -999.0 -999.0 138.63035861729142 12.908260154086284 138.65539286633083 12.802420728822277 65.63229683267855 141.47279113622707 -999.0 16600.0 -999.0 2 -999 {-999.0 -999.0 -999.0 -999.0 -999.0} "" -999.0 -999.0 -999.0 -999.0 -999 -999 "" "" "" "" 0 0 0.0 0.0 -999 ""
FIBERMAP 179 R-4C8 BOSS 1 1 0 1 0 0 -89.44433060517166 -98.09726118562443 143.1 -131.52743070528177 -17.75064287823015 324.86554 54.057182 138.62711138049676 12.909360943329789 -999.0 -999.0 -999.0 138.62711138049676 12.90936094332979 138.6520985943103 12.803604875646222 65.63502100574809 141.47781729051337 5400.0 5400.0 2016.0 1 461 {-999.0 19.300974 18.721617 18.327452 17.968245} sdss_psfmag_from_gdr3 17.44399 19.187553 16.17634 14.159 63050394818501400 1059174087 dark_flexible_2x1 bhm_spiders_agn_gaiadr3 bhm_spiders science 0 0 0.0 0.0 -999 ""
FIBERMAP 179 R-4C8 METROLOGY 0 0 0 1 0 0 -89.30812567107628 -97.36669585676273 143.1 -130.95400263564233 -17.27822184934621 324.86554 54.057182 -999.0 -999.0 -999.0 -999.0 -999.0 138.6297643267199 12.91154296110433 138.65476842838592 12.805759803446175 65.63544037654792 141.4696886753663 -999.0 6231.0 -999.0 -1 -999 {-999.0 -999.0 -999.0 -999.0 -999.0} "" -999.0 -999.0 -999.0 -999.0 -999 -999 "" "" "" "" 0 0 0.0 0.0 -999 ""
FIBERMAP 187 R-7C8 APOGEE 0 0 0 1 0 0 -41.22563354460814 -125.65759130844788 143.1 -112.26965788382887 -69.82953125127223 71.175514 75.338005 -999.0 -999.0 -999.0 -999.0 -999.0 138.71790261774734 12.672895870180458 138.74245356410972 12.56695529572412 65.3879936567959 141.60434946214437 -999.0 16600.0 -999.0 2 288 {-999.0 -999.0 -999.0 -999.0 -999.0} "" -999.0 -999.0 -999.0 -999.0 -999 -999 "" ops_sky_apogee_best_unassigned ops_sky sky_apogee 0 0 0.0 0.0 -999 ""
FIBERMAP 187 R-7C8 BOSS 1 1 0 1 0 0 -40.60148839879038 -126.05852508113509 143.1 -112.04875677794446 -70.53750910150174 71.175514 75.338005 138.71894800197825 12.669572360146848 1.0157795 -0.13545199 0.075075366 138.71895093534962 12.669571978512396 138.74344380276708 12.563709372779726 65.38473427811783 141.60655882756532 5400.0 5400.0 2016.0 1 400 {-999.0 17.479778 17.09919 16.949898 16.892778} sdss_psfmag_from_gaia 17.4332 17.1115 16.6353 15.68 63050394818031648 969129765 "" ops_std_boss_gdr2 ops_std standard_boss 0 0 0.0 0.0 -999 ""
FIBERMAP 187 R-7C8 METROLOGY 0 0 0 1 0 0 -41.261285554680896 -126.40460593737107 143.1 -112.77658816430076 -70.37911654618442 71.175514 75.338005 -999.0 -999.0 -999.0 -999.0 -999.0 138.71555585521267 12.67031226534314 138.74006673484945 12.564432873236322 65.3871090733317 141.61231565158198 -999.0 6231.0 -999.0 -1 -999 {-999.0 -999.0 -999.0 -999.0 -999.0} "" -999.0 -999.0 -999.0 -999.0 -999 -999 "" "" "" "" 0 0 0.0 0.0 -999 ""
FIBERMAP 188 R-1C2 APOGEE 0 0 0 1 0 0 -271.1634689545791 -16.454981716245495 143.1 -218.37092306342274 161.48571978678757 173.21242 111.749405 -999.0 -999.0 -999.0 -999.0 -999.0 138.22297693218943 13.718488641551392 138.24975818264295 13.61318380162641 66.52799375310886 141.21395249063846 -999.0 16600.0 -999.0 2 -999 {-999.0 -999.0 -999.0 -999.0 -999.0} "" -999.0 -999.0 -999.0 -999.0 -999 -999 "" "" "" "" 0 0 0.0 0.0 -999 ""
FIBERMAP 188 R-1C2 BOSS 1 1 0 1 0 0 -271.36144193553946 -15.726480617994966 143.1 -218.05491772977655 162.1711122747047 173.21242 111.749405 138.22448730468747 13.721515519788568 -999.0 -999.0 -999.0 138.22448730468747 13.721515519788568 138.2512236842411 13.616282017184199 66.52982536889829 141.20673084362284 5400.0 5400.0 2015.5 1 434 {-999.0 -999.0 -999.0 -999.0 -999.0} "" -999.0 -999.0 -999.0 -999.0 27021603088391528 816613762 "" ops_sky_boss_good ops_sky sky_boss 0 0 0.0 0.0 -999 ""
FIBERMAP 188 R-1C2 METROLOGY 0 0 0 1 0 0 -270.63753414412287 -15.925779906288124 143.1 -217.62810739121835 161.55360617305516 173.21242 111.749405 -999.0 -999.0 -999.0 -999.0 -999.0 138.22643376552077 13.71878623351421 138.2531779294277 13.613528810892971 66.52648222540276 141.2064706361342 -999.0 6231.0 -999.0 -1 -999 {-999.0 -999.0 -999.0 -999.0 -999.0} "" -999.0 -999.0 -999.0 -999.0 -999 -999 "" "" "" "" 0 0 0.0 0.0 -999 ""
FIBERMAP 189 R-5C5 APOGEE 0 0 0 1 0 0 -148.70332836574113 -89.98688882731028 143.1 -171.73346663714543 26.511001353922122 41.713295 167.95067 -999.0 -999.0 -999.0 -999.0 -999.0 138.4394595648935 13.109809976388366 138.46498044039737 13.004255873406615 65.90221079862299 141.59046646543723 -999.0 16600.0 -999.0 2 263 {-999.0 -999.0 -999.0 -999.0 -999.0} "" -999.0 -999.0 -999.0 -999.0 -999 -999 "" ops_sky_apogee_best_unassigned ops_sky sky_apogee 0 0 0.0 0.0 -999 ""
FIBERMAP 189 R-5C5 BOSS 1 1 0 1 0 0 -148.05574447466 -89.62311808457466 143.1 -171.003637395075 26.37400677690043 41.713295 167.95067 138.44284057617185 13.109137906471531 -999.0 -999.0 -999.0 138.44284057617185 13.109137906471531 138.46830778130814 13.003655284770607 65.89996542692484 141.58455297986478 5400.0 5400.0 2015.5 1 458 {-999.0 -999.0 -999.0 -999.0 -999.0} "" -999.0 -999.0 -999.0 -999.0 27021603088386320 804881172 "" ops_sky_boss_good ops_sky sky_boss 0 0 0.0 0.0 -999 ""
FIBERMAP 189 R-5C5 METROLOGY 0 0 0 1 0 0 -148.06259959423713 -90.3755442660716 143.1 -171.4919735600086 25.801785770124386 41.713295 167.95067 -999.0 -999.0 -999.0 -999.0 -999.0 138.4405828436347 13.106545990754544 138.4660609856221 13.0010459066628 65.8989367195739 141.59250487139676 -999.0 6231.0 -999.0 -1 -999 {-999.0 -999.0 -999.0 -999.0 -999.0} "" -999.0 -999.0 -999.0 -999.0 -999 -999 "" "" "" "" 0 0 0.0 0.0 -999 ""
FIBERMAP 192 R+4C10 APOGEE 0 0 0 1 0 0 -34.497997819245704 85.01219700066328 143.1 28.143110150111983 87.29801129935787 34.23733 118.764084 -999.0 -999.0 -999.0 -999.0 -999.0 139.3717532287084 13.38957770660784 139.39720546842182 13.28238555988559 65.63573901431312 139.36991020954784 -999.0 16600.0 -999.0 2 -999 {-999.0 -999.0 -999.0 -999.0 -999.0} "" -999.0 -999.0 -999.0 -999.0 -999 -999 "" "" "" "" 0 0 0.0 0.0 -999 ""
FIBERMAP 192 R+4C10 BOSS 1 1 0 1 0 0 -33.813911529186775 84.6637150384205 143.1 28.443622999453837 86.59174570653259 34.23733 118.764084 139.37323295156403 13.386335601584452 0.08563586 -0.32603657 0.03042868 139.37323319958043 13.386334682980117 139.39862506682297 13.279217208282995 65.63234229915454 139.37146199718308 5400.0 5400.0 2016.0 1 74 {-999.0 19.10509 18.879667 18.907927 18.996601} sdss_psfmag_from_lsdr10 19.101954 18.936361 18.673868 -999.0 63050394818512700 1059076677 dark_flexible_2x2 bhm_spiders_agn_lsdr10 bhm_spiders science 0 0 0.0 0.0 -999 ""
FIBERMAP 192 R+4C10 METROLOGY 0 0 0 1 0 0 -34.44619733940732 84.26789955286412 143.1 27.704943654941832 86.6943608981957 34.23733 118.764084 -999.0 -999.0 -999.0 -999.0 -999.0 139.3697577676693 13.38681234800752 139.39516793225584 13.279678932824817 65.63461688211599 139.37757515421876 -999.0 6231.0 -999.0 -1 -999 {-999.0 -999.0 -999.0 -999.0 -999.0} "" -999.0 -999.0 -999.0 -999.0 -999 -999 "" "" "" "" 0 0 0.0 0.0 -999 ""
FIBERMAP 194 R-10C1 APOGEE 0 0 0 1 0 0 -190.60624737582103 -193.24307103229924 143.1 -270.13970974228477 -25.716357685768152 161.40932 130.54674 -999.0 -999.0 -999.0 -999.0 -999.0 137.98788176479133 12.870542765809683 138.01323441775293 12.765813731582131 65.93261953719386 142.81546438705521 -999.0 16600.0 -999.0 2 291 {-999.0 -999.0 -999.0 -999.0 -999.0} "" -999.0 -999.0 -999.0 -999.0 -999 -999 "" ops_sky_apogee_best_unassigned ops_sky sky_apogee 0 0 0.0 0.0 -999 ""
FIBERMAP 194 R-10C1 BOSS 1 1 0 1 0 0 -190.89782575155408 -192.55671769265734 143.1 -269.92249922376374 -25.00316736614465 161.40932 130.54674 137.98895524881073 12.87371029320735 -21.590927 -5.7475405 0.67581797 137.98889284808882 12.873694099569994 138.0142018543984 12.769040552651958 65.93488180825901 142.8093658553685 5400.0 5400.0 2016.0 1 420 {-999.0 17.413548 16.639933 16.4594 -999.0} sdss_psfmag 17.079014 16.676008 16.105083 14.944 63050394818500293 1074406615 dark_flexible_2x1 mwm_halo_local_high_boss mwm_halo science 0 0 0.0 0.0 -999 ""
FIBERMAP 194 R-10C1 METROLOGY 0 0 0 1 0 0 -190.15606725489687 -192.64352973812777 143.1 -269.4097884202524 -25.545929555712295 161.40932 130.54674 -999.0 -999.0 -999.0 -999.0 -999.0 137.99124063584384 12.871273901820889 138.01655768386388 12.76659472376732 65.93159700330693 142.8076834819941 -999.0 6231.0 -999.0 -1 -999 {-999.0 -999.0 -999.0 -999.0 -999.0} "" -999.0 -999.0 -999.0 -999.0 -999 -999 "" "" "" "" 0 0 0.0 0.0 -999 ""
FIBERMAP 199 R+10C9 APOGEE 0 0 0 1 0 0 -14.948735180534078 189.75611775619095 143.1 110.3737941084904 155.01729362709528 212.0701 100.39988 -999.0 -999.0 -999.0 -999.0 -999.0 139.75528612078693 13.696148872934865 139.78104794400417 13.588252674041435 65.67447579032356 138.2028778628265 -999.0 16600.0 -999.0 2 -999 {-999.0 -999.0 -999.0 -999.0 -999.0} "" -999.0 -999.0 -999.0 -999.0 -999 -999 "" "" "" "" 0 0 0.0 0.0 -999 ""
FIBERMAP 199 R+10C9 BOSS 1 1 0 1 0 0 -15.462427741317875 190.30293081846483 143.1 110.33119777896894 155.7661519031953 212.0701 100.39988 139.75488633711936 13.699538006573583 -19.128561 -13.458601 0.5073477 139.7551624337051 13.699500087112018 139.78087549787588 13.591678862180133 65.67737166112681 138.19841391681888 5400.0 5400.0 2016.0 1 121 {-999.0 16.177715 15.860827 15.774171 -999.0} sdss_psfmag 16.127989 15.859306 15.4258 14.555 63050394818042767 1136071453 dark_flexible_3x1 mwm_halo_local_high_boss_triple mwm_halo science 0 0 1.1596910953521729 0.0 -999 ""
FIBERMAP 199 R+10C9 METROLOGY 0 0 0 1 0 0 -14.734216943133582 190.47071128144458 143.1 110.99698319026801 155.42719489894753 212.0701 100.39988 -999.0 -999.0 -999.0 -999.0 -999.0 139.758249695384 13.697970364669134 139.78397362690959 13.590122923100173 65.67436398048943 138.19461942748595 -999.0 6231.0 -999.0 -1 -999 {-999.0 -999.0 -999.0 -999.0 -999.0} "" -999.0 -999.0 -999.0 -999.0 -999 -999 "" "" "" "" 0 0 0.0 0.0 -999 ""
FIBERMAP 200 R+7C19 APOGEE 0 0 0 1 0 0 179.0078200519644 144.2949717867152 143.1 229.8249338879931 -4.348467644590601 151.20052 109.41246 -999.0 -999.0 -999.0 -999.0 -999.0 140.30977336714858 12.971849970928163 140.3338861706626 12.863183492069044 64.77178141469412 138.14973835498742 -999.0 16600.0 -999.0 2 -999 {-999.0 -999.0 -999.0 -999.0 -999.0} "" -999.0 -999.0 -999.0 -999.0 -999 -999 "" "" "" "" 0 0 0.0 0.0 -999 ""
FIBERMAP 200 R+7C19 BOSS 1 1 0 1 0 0 179.1356299134346 145.03262702820695 143.1 230.3964803497769 -3.8652233401925087 151.20052 109.41246 140.31250086335794 12.973954776438967 -0.18221918 0.09508803 -0.2643387 140.31250033650818 12.973955044348406 140.33655827476554 12.865362353972644 64.7720640012466 138.14179791326046 5400.0 5400.0 2016.0 1 238 {-999.0 18.94254 18.570887 18.422258 18.453812} sdss_psfmag 18.882483 18.713724 18.242788 -999.0 63050394818035983 1128935811 dark_1x4 bhm_aqmes_wide1 bhm_aqmes science 0 0 0.0 0.0 -999 ""
FIBERMAP 200 R+7C19 METROLOGY 0 0 0 1 0 0 179.70639982396912 144.5569799595984 143.1 230.5285088829543 -4.5961890824563625 151.20052 109.41246 -999.0 -999.0 -999.0 -999.0 -999.0 140.31307481099176 12.970663168262229 140.33714271703246 12.86204791598607 64.76902564724097 138.14518022245585 -999.0 6231.0 -999.0 -1 -999 {-999.0 -999.0 -999.0 -999.0 -999.0} "" -999.0 -999.0 -999.0 -999.0 -999 -999 "" "" "" "" 0 0 0.0 0.0 -999 ""
FIBERMAP 202 R-10C6 APOGEE 0 0 0 1 0 0 -76.24314228840049 -211.5671220808255 143.1 -194.26213338981333 -113.1839376913473 290.1935 60.295162 -999.0 -999.0 -999.0 -999.0 -999.0 138.33970115029484 12.475745382857012 138.3641162989435 12.370491111560407 65.4166653456014 142.6071946362807 -999.0 16600.0 -999.0 2 -999 {-999.0 -999.0 -999.0 -999.0 -999.0} "" -999.0 -999.0 -999.0 -999.0 -999 -999 "" "" "" "" 0 0 0.0 0.0 -999 ""
FIBERMAP 202 R-10C6 BOSS 1 1 0 1 0 0 -76.98024263388756 -211.44451819263028 143.1 -194.74829485807646 -112.61673709184622 290.1935 60.295162 138.33745239391664 12.478209722763081 -999.0 -999.0 -999.0 138.33745239391664 12.478209722763083 138.36182331330008 12.373038462680487 65.4200077348253 142.60858300286813 5400.0 5400.0 2016.0 1 391 {-999.0 21.800058 21.119886 20.627672 20.242376} sdss_fiber2mag_from_lsdr10 20.612053 20.759695 19.451517 -999.0 63050394818028952 1059071465 dark_flexible_2x2 bhm_spiders_agn_lsdr10 bhm_spiders science 0 0 0.0 0.0 -999 ""
FIBERMAP 202 R-10C6 METROLOGY 0 0 0 1 0 0 -76.51017486454097 -210.87044741945795 143.1 -194.01948555083862 -112.47859684427135 290.1935 60.295162 -999.0 -999.0 -999.0 -999.0 -999.0 138.34079525147624 12.478862239297035 138.36517962873296 12.373662539055605 65.41882577380228 142.60108050056965 -999.0 6231.0 -999.0 -1 -999 {-999.0 -999.0 -999.0 -999.0 -999.0} "" -999.0 -999.0 -999.0 -999.0 -999 -999 "" "" "" "" 0 0 0.0 0.0 -999 ""
FIBERMAP 204 R-3C18 APOGEE 0 0 0 1 0 0 140.10038559465704 -71.56173672310888 143.1 61.42098318835706 -144.79050375455017 27.276096 30.0893 -999.0 -999.0 -999.0 -999.0 -999.0 139.5277473202787 12.334097081909022 139.55120044968857 12.226859926298252 64.67438635938181 140.46723624090782 -999.0 16600.0 -999.0 2 224 {-999.0 -999.0 -999.0 -999.0 -999.0} "" -999.0 -999.0 -999.0 -999.0 -999 -999 "" ops_sky_apogee_best_unassigned ops_sky sky_apogee 0 0 0.0 0.0 -999 ""
FIBERMAP 204 R-3C18 BOSS 1 1 0 1 0 0 139.77167815405042 -72.21694773492872 143.1 60.74841070427141 -145.08158392173718 27.276096 30.0893 139.5247164350471 12.332637075519855 -7.219959 0.6540227 -1.3922993 139.524695612393 12.332638918220576 139.54809371392383 12.225488062580407 64.6749011480051 140.47493157399788 5400.0 5400.0 2016.0 1 293 {-999.0 20.129854 20.510637 20.853071 -999.0} sdss_psfmag 20.227524 20.368752 20.359089 -999.0 63050394818029563 1092174462 dark_flexible_2x1 mwm_cb_galex_mag_boss mwm_cb science 0 0 0.0 0.0 -999 ""
FIBERMAP 204 R-3C18 METROLOGY 0 0 0 1 0 0 139.35567211764555 -71.59262014951618 143.1 60.830443409927945 -144.33604035920393 27.276096 30.0893 -999.0 -999.0 -999.0 -999.0 -999.0 139.52506122867806 12.336047447291001 139.5484806435001 12.228872339566818 64.67752586627469 140.46985926922116 -999.0 6231.0 -999.0 -1 -999 {-999.0 -999.0 -999.0 -999.0 -999.0} "" -999.0 -999.0 -999.0 -999.0 -999 -999 "" "" "" "" 0 0 0.0 0.0 -999 ""
FIBERMAP 208 R-7C5 APOGEE 0 0 0 1 0 0 -106.37152932005885 -138.3453251622511 143.1 -170.34020024599286 -37.72694212450584 21.029419 83.75429 -999.0 -999.0 -999.0 -999.0 -999.0 138.44743883405437 12.818009095262422 138.47241821876253 12.712500507917632 65.65161127567626 141.9550382092146 -999.0 16600.0 -999.0 2 253 {-999.0 -999.0 -999.0 -999.0 -999.0} "" -999.0 -999.0 -999.0 -999.0 -999 -999 "" ops_sky_apogee_best_unassigned ops_sky sky_apogee 0 0 0.0 0.0 -999 ""
FIBERMAP 208 R-7C5 BOSS 1 1 0 1 0 0 -106.15001497647809 -139.05598783057124 143.1 -170.6267117754718 -38.41377846283337 21.029419 83.75429 138.4461276316708 12.814894836047385 -0.25998735 -35.609547 3.4543097 138.446126880448 12.814794506554279 138.4710504600359 12.70936718913375 65.6496652858537 141.96181674284742 5400.0 5400.0 2016.0 1 451 {-999.0 21.257536 19.510748 18.465212 -999.0} sdss_psfmag_gaia 18.99019 19.136734 16.596815 14.588 63050394818501177 1095327946 bright_1x1 mwm_bin_vis_boss mwm_filler science 0 0 0.0 0.0 -999 ""
FIBERMAP 208 R-7C5 METROLOGY 0 0 0 1 0 0 -106.88449548113363 -138.88613065928075 143.1 -171.0805273412077 -37.81204730887999 21.029419 83.75429 -999.0 -999.0 -999.0 -999.0 -999.0 138.4440032366755 12.817544731769923 138.46894776865213 12.712098246764354 65.65306876096025 141.9625137026399 -999.0 6231.0 -999.0 -1 -999 {-999.0 -999.0 -999.0 -999.0 -999.0} "" -999.0 -999.0 -999.0 -999.0 -999 -999 "" "" "" "" 0 0 0.0 0.0 -999 ""
FIBERMAP 214 R-11C5 APOGEE 0 0 0 1 0 0 -62.09262364923934 -208.81666323723155 143.1 -181.65198911812445 -120.16122763383767 45.60818 84.26265 -999.0 -999.0 -999.0 -999.0 -999.0 138.39813556444255 12.444224564577008 138.42245842153824 12.338876610469256 65.35990498507513 142.5302933915853 -999.0 16600.0 -999.0 2 153 {-999.0 -999.0 -999.0 -999.0 -999.0} "" -999.0 -999.0 -999.0 -999.0 -999 -999 "" "" "" "" 0 0 0.0 0.0 -999 ""
FIBERMAP 214 R-11C5 BOSS 1 1 0 1 0 0 -61.60113430322627 -209.36698423395458 143.1 -181.62866044567124 -120.89851901196289 45.60818 84.26265 138.39829090187894 12.440788269121134 -999.0 -999.0 -999.0 138.39829090187894 12.440788269121136 138.42255707145242 12.3355205959648 65.35699530894365 142.53431096591444 5400.0 5400.0 2016.0 1 392 {-999.0 18.657383 17.898903 17.466112 17.091324} sdss_psfmag_from_gdr3 16.146551 18.508236 14.716868 12.357 63050394818029085 1059171690 bright_flexible_2x1 bhm_spiders_agn_gaiadr3 bhm_spiders science 0 0 0.0 0.0 -999 ""
FIBERMAP 214 R-11C5 METROLOGY 0 0 0 1 0 0 -62.32039608528936 -209.53086096725644 143.1 -182.2850814486492 -120.56231594956117 45.60818 84.26265 -999.0 -999.0 -999.0 -999.0 -999.0 138.39524157838667 12.442334615498892 138.41952669042507 12.337049215293069 65.35984766600932 142.53844096753394 -999.0 6231.0 -999.0 -1 -999 {-999.0 -999.0 -999.0 -999.0 -999.0} "" -999.0 -999.0 -999.0 -999.0 -999 -999 "" "" "" "" 0 0 0.0 0.0 -999 ""
FIBERMAP 215 R-10C15 APOGEE 0 0 0 1 0 0 117.48002675931906 -203.97863827824875 143.1 -40.930215023605626 -231.7452439676214 255.83784 61.715405 -999.0 -999.0 -999.0 -999.0 -999.0 139.0531088855916 11.941439353078456 139.0761345924139 11.835081257746568 64.59487525715488 141.87378234955446 -999.0 16600.0 -999.0 2 237 {-999.0 -999.0 -999.0 -999.0 -999.0} "" -999.0 -999.0 -999.0 -999.0 -999 -999 "" ops_sky_apogee_best_unassigned ops_sky sky_apogee 0 0 0.0 0.0 -999 ""
FIBERMAP 215 R-10C15 BOSS 1 1 0 1 0 0 116.91077607573213 -203.50302015770313 143.1 -41.06109788199041 -231.01527580416558 255.83784 61.715405 139.05253484054498 11.9445946975345 -999.0 -999.0 -999.0 139.05253484054498 11.9445946975345 139.0755139255591 11.838319152494192 64.59794226617772 141.87097892659435 5400.0 5400.0 2016.0 1 266 {-999.0 23.264643 22.845224 22.440056 22.16091} sdss_fiber2mag_from_lsdr10 1e+20 1e+20 1e+20 -999.0 63050397530826198 1131793512 dark_flexible_3x1 bhm_spiders_agn_lsdr10_d3 bhm_spiders science 0 0 0.0 0.0 -999 ""
FIBERMAP 215 R-10C15 METROLOGY 0 0 0 1 0 0 117.61051267313202 -203.2456571528155 143.1 -40.35961870625049 -231.26729978965002 255.83784 61.715405 -999.0 -999.0 -999.0 -999.0 -999.0 139.05577409715505 11.943497131514441 139.07876428690656 11.837193044675283 64.59530007245574 141.86608548967655 -999.0 6231.0 -999.0 -1 -999 {-999.0 -999.0 -999.0 -999.0 -999.0} "" -999.0 -999.0 -999.0 -999.0 -999 -999 "" "" "" "" 0 0 0.0 0.0 -999 ""
FIBERMAP 222 R-12C12 APOGEE 0 0 0 1 0 0 93.91061451898848 -240.85157839099742 143.1 -82.66630633957661 -244.87049222510785 259.31558 150.64001 -999.0 -999.0 -999.0 -999.0 -999.0 138.8604864364121 11.88281926697251 138.88351732031754 11.776799224778463 64.64487313363048 142.3191799810892 -999.0 16600.0 -999.0 2 -999 {-999.0 -999.0 -999.0 -999.0 -999.0} "" -999.0 -999.0 -999.0 -999.0 -999 -999 "" "" "" "" 0 0 0.0 0.0 -999 ""
FIBERMAP 222 R-12C12 BOSS 1 1 0 1 0 0 93.42800048069913 -241.43699413676822 143.1 -83.41201433833454 -245.009271575023 259.31558 150.64001 138.85710384315576 11.882105842029453 -2.7775393 1.0836953 0.37046066 138.85709584612061 11.882108895328516 138.88007538703667 11.77617713999183 64.6461126448547 142.32663951372328 5400.0 5400.0 2016.0 1 343 {-999.0 16.514418 16.132174 15.974774 -999.0} sdss_psfmag 16.40814 16.124277 15.658353 14.824 63050394818026492 976112060 "" ops_std_boss ops_std standard_boss 0 0 0.0 0.0 -999 ""
FIBERMAP 222 R-12C12 METROLOGY 0 0 0 1 0 0 93.1746317123566 -240.72913947212746 143.1 -83.1517172971337 -244.30413554721272 259.31558 150.64001 -999.0 -999.0 -999.0 -999.0 -999.0 138.8582590230747 11.885282537983041 138.88125844605537 11.779324792672053 64.64818362059655 142.32047832522514 -999.0 6231.0 -999.0 -1 -999 {-999.0 -999.0 -999.0 -999.0 -999.0} "" -999.0 -999.0 -999.0 -999.0 -999 -999 "" "" "" "" 0 0 0.0 0.0 -999 ""
FIBERMAP 228 R+13C11 APOGEE 0 0 0 1 0 0 82.23757826810265 271.9972395280756 143.1 237.6541265571361 155.64596367545195 132.69771 49.853893 -999.0 -999.0 -999.0 -999.0 -999.0 140.34474123551746 13.694739890792953 140.37011792636298 13.58586757850992 65.33879840328501 137.08395865762716 -999.0 16600.0 -999.0 2 53 {-999.0 -999.0 -999.0 -999.0 -999.0} "" -999.0 -999.0 -999.0 -999.0 -999 -999 "" ops_sky_apogee_best_unassigned ops_sky sky_apogee 0 0 0.0 0.0 -999 ""
FIBERMAP 228 R+13C11 BOSS 1 1 0 1 0 0 82.97739530196809 272.0629678534942 143.1 238.26328553265424 155.2213473678808 132.69771 49.853893 140.34759521484372 13.69271892889607 -999.0 -999.0 -999.0 140.34759521484372 13.69271892889607 140.37290952021965 13.583918135755615 65.33562461450182 137.0814557337785 5400.0 5400.0 2015.5 1 163 {-999.0 -999.0 -999.0 -999.0 -999.0} "" -999.0 -999.0 -999.0 -999.0 27021603088174258 816601191 "" ops_sky_boss_good ops_sky sky_boss 0 0 0.0 0.0 -999 ""
FIBERMAP 228 R+13C11 METROLOGY 0 0 0 1 0 0 82.66771528240304 271.38541832649446 143.1 237.59095265039034 154.90093182732465 132.69771 49.853893 -999.0 -999.0 -999.0 -999.0 -999.0 140.3445018677959 13.691334554028849 140.36983190758122 13.582517654881078 65.33625504608662 137.08922588525488 -999.0 6231.0 -999.0 -1 -999 {-999.0 -999.0 -999.0 -999.0 -999.0} "" -999.0 -999.0 -999.0 -999.0 -999 -999 "" "" "" "" 0 0 0.0 0.0 -999 ""
FIBERMAP 233 R+4C4 APOGEE 0 0 0 1 0 0 -161.96231097894176 72.97213552942533 143.1 -77.26935871878992 159.90744996864814 20.999365 76.40558 -999.0 -999.0 -999.0 -999.0 -999.0 138.87815307111944 13.717480420076015 138.9045167877528 13.611055739442083 66.17638525835363 139.89153956429428 -999.0 16600.0 -999.0 2 -999 {-999.0 -999.0 -999.0 -999.0 -999.0} "" -999.0 -999.0 -999.0 -999.0 -999 -999 "" "" "" "" 0 0 0.0 0.0 -999 ""
FIBERMAP 233 R+4C4 BOSS 1 1 0 1 0 0 -161.85278480910958 72.24738331059771 143.1 -77.65073840951194 159.2817162435086 20.999365 76.40558 138.87637061682855 13.714617914565594 10.544553 -0.25651413 1.4013216 138.8764011978932 13.71461719183806 138.902708872112 13.608270985028797 66.17505239280953 139.89899358783873 5400.0 5400.0 2016.0 1 36 {-999.0 19.672115 19.980362 20.240381 -999.0} sdss_psfmag 19.809446 19.828833 19.915384 -999.0 63050394818514512 1143448965 dark_1x3 mwm_wd_pwd_boss_1x3 mwm_wd science 0 0 0.0 0.0 -999 ""
FIBERMAP 233 R+4C4 METROLOGY 0 0 0 1 0 0 -162.54661200599386 72.50818047740235 143.1 -78.01501277563757 159.9270385321373 20.999365 76.40558 -999.0 -999.0 -999.0 -999.0 -999.0 138.8746876255557 13.717536246797364 138.90101659254134 13.61117110713268 66.17837706117822 139.89837341740355 -999.0 6231.0 -999.0 -1 -999 {-999.0 -999.0 -999.0 -999.0 -999.0} "" -999.0 -999.0 -999.0 -999.0 -999 -999 "" "" "" "" 0 0 0.0 0.0 -999 ""
FIBERMAP 238 R-5C3 APOGEE 0 0 0 1 0 0 -211.38747744816632 -94.70126405596075 143.1 -222.7982854977464 63.14345469448789 234.20685 40.117485 -999.0 -999.0 -999.0 -999.0 -999.0 138.20278491417233 13.274303684816651 138.22875488608605 13.16912265808835 66.16457320496463 141.85203286693286 -999.0 16600.0 -999.0 2 290 {-999.0 -999.0 -999.0 -999.0 -999.0} "" -999.0 -999.0 -999.0 -999.0 -999 -999 "" ops_sky_apogee_best_unassigned ops_sky sky_apogee 0 0 0.0 0.0 -999 ""
FIBERMAP 238 R-5C3 BOSS 1 1 0 1 0 0 -211.4545971173966 -93.96862372192787 143.1 -222.37934312827974 63.74800709129869 234.20685 40.117485 138.20472891449896 13.27698755669409 -2.2326968 1.1791217 -0.06934442 138.20472245114328 13.276990878856095 138.23064668570802 13.171882308299923 66.16592461257929 141.84453398423736 5400.0 5400.0 2016.0 1 444 {-999.0 20.593018 20.488653 20.46549 20.090757} sdss_psfmag 20.785275 20.692415 20.159777 -999.0 63050394818503381 1060382485 dark_flexible_2x2 bhm_aqmes_bonus_faint bhm_filler science 0 0 0.0 0.0 -999 ""
FIBERMAP 238 R-5C3 METROLOGY 0 0 0 1 0 0 -210.7750021386386 -94.27139667148072 143.1 -222.0529254849812 63.07965419762993 234.20685 40.117485 -999.0 -999.0 -999.0 -999.0 -999.0 138.20622787690482 13.273997162238754 138.23215971956137 13.168864981502855 66.16258663092157 141.84543428454418 -999.0 6231.0 -999.0 -1 -999 {-999.0 -999.0 -999.0 -999.0 -999.0} "" -999.0 -999.0 -999.0 -999.0 -999 -999 "" "" "" "" 0 0 0.0 0.0 -999 ""
FIBERMAP 240 R-13C13 APOGEE 0 0 0 1 0 0 121.65531135794679 -236.82451714163005 143.1 -58.81863466242631 -259.5973736662785 112.172455 99.7184 -999.0 -999.0 -999.0 -999.0 -999.0 138.97107750738093 11.817020937385138 138.99392590204957 11.710827318931038 64.53192057367698 142.1857358329186 -999.0 16600.0 -999.0 2 176 {-999.0 -999.0 -999.0 -999.0 -999.0} "" -999.0 -999.0 -999.0 -999.0 -999 -999 "" ops_sky_apogee_best_unassigned ops_sky sky_apogee 0 0 0.0 0.0 -999 ""
FIBERMAP 240 R-13C13 BOSS 1 1 0 1 0 0 122.29285640042443 -236.43667284761406 143.1 -58.08104267356406 -259.7094741877824 112.172455 99.7184 138.97453767177453 11.816430080174133 -999.0 -999.0 -999.0 138.97453767177453 11.816430080174134 138.99733061606148 11.71031345821889 64.52972827027642 142.17977396757564 5400.0 5400.0 2016.0 1 345 {-999.0 22.135084 21.74632 21.707994 21.729769} sdss_psfmag_from_lsdr10 1e+20 1e+20 1e+20 -999.0 63050396815467523 1059067407 dark_flexible_2x2 bhm_spiders_agn_lsdr10 bhm_spiders science 0 0 0.0 0.0 -999 ""
FIBERMAP 240 R-13C13 METROLOGY 0 0 0 1 0 0 122.30880084383121 -237.17885951932945 143.1 -58.54533227344063 -260.2884862215062 112.172455 99.7184 -999.0 -999.0 -999.0 -999.0 -999.0 138.97239592555167 11.813878470228987 138.9952003944914 11.707742564161025 64.52864093328209 142.1870453030439 -999.0 6231.0 -999.0 -1 -999 {-999.0 -999.0 -999.0 -999.0 -999.0} "" -999.0 -999.0 -999.0 -999.0 -999 -999 "" "" "" "" 0 0 0.0 0.0 -999 ""
FIBERMAP 245 R-9C16 APOGEE 0 0 0 1 0 0 137.48517330555958 -159.39968539515766 143.1 3.0219168824378366 -210.42611091402418 147.79092 82.65243 -999.0 -999.0 -999.0 -999.0 -999.0 139.25651148963817 12.037327961046518 139.2795917002564 11.930607218977585 64.5694435990691 141.36271375220227 -999.0 16600.0 -999.0 2 193 {-999.0 -999.0 -999.0 -999.0 -999.0} "" -999.0 -999.0 -999.0 -999.0 -999 -999 "" ops_sky_apogee_best_unassigned ops_sky sky_apogee 0 0 0.0 0.0 -999 ""
FIBERMAP 245 R-9C16 BOSS 1 1 0 1 0 0 137.95833863971265 -158.8281999434391 143.1 3.7514401474618584 -210.29194066904998 147.79092 82.65243 139.25994873046875 12.037809707699125 -999.0 -999.0 -999.0 139.25994873046875 12.037809707699124 139.28297444402355 11.93116505026554 64.56813805329524 141.3555132320532 5400.0 5400.0 2015.5 1 308 {-999.0 -999.0 -999.0 -999.0 -999.0} "" -999.0 -999.0 -999.0 -999.0 27021603088159347 804850462 "" ops_sky_boss_good ops_sky sky_boss 0 0 0.0 0.0 -999 ""
FIBERMAP 245 R-9C16 METROLOGY 0 0 0 1 0 0 138.21955771864958 -159.5232488327557 143.1 3.5053809316320783 -210.99230314543007 147.79092 82.65243 -999.0 -999.0 -999.0 -999.0 -999.0 139.25879699304548 12.034692142803738 139.28183294351118 11.92802685049011 64.56608949373171 141.36162945176346 -999.0 6231.0 -999.0 -1 -999 {-999.0 -999.0 -999.0 -999.0 -999.0} "" -999.0 -999.0 -999.0 -999.0 -999 -999 "" "" "" "" 0 0 0.0 0.0 -999 ""
FIBERMAP 251 R-9C13 APOGEE 0 0 0 1 0 0 83.95132644253106 -191.3003211899208 143.1 -58.48505011417408 -200.50266312607368 319.4798 83.04308 -999.0 -999.0 -999.0 -999.0 -999.0 138.9710719195162 12.08166650967692 138.99439863594563 11.975417986771175 64.75626354029873 141.8581574351649 -999.0 16600.0 -999.0 2 172 {-999.0 -999.0 -999.0 -999.0 -999.0} "" -999.0 -999.0 -999.0 -999.0 -999 -999 "" "" "" "" 0 0 0.0 0.0 -999 ""
FIBERMAP 251 R-9C13 BOSS 1 1 0 1 0 0 83.40630323559067 -191.79765131402561 143.1 -59.22203150277614 -200.5338692400562 319.4798 83.04308 138.96769518806028 12.081399476038198 -999.0 -999.0 -999.0 138.96769518806028 12.081399476038198 138.99097105974633 11.975238345501959 64.75789119683844 141.86504404471293 5400.0 5400.0 2016.0 1 397 {-999.0 23.7084 22.890202 22.179422 21.675644} sdss_fiber2mag_from_lsdr10 1e+20 1e+20 1e+20 -999.0 63050396815408360 1059068787 dark_flexible_2x2 bhm_spiders_agn_lsdr10 bhm_spiders science 0 0 0.0 0.0 -999 ""
FIBERMAP 251 R-9C13 METROLOGY 0 0 0 1 0 0 83.24386302105806 -191.06595385859217 143.1 -58.87674344575046 -199.86884044490793 319.4798 83.04308 -999.0 -999.0 -999.0 -999.0 -999.0 138.9692675075289 12.084423301008187 138.99256280848454 11.978235744661404 64.75960482971956 141.8582182992763 -999.0 6231.0 -999.0 -1 -999 {-999.0 -999.0 -999.0 -999.0 -999.0} "" -999.0 -999.0 -999.0 -999.0 -999 -999 "" "" "" "" 0 0 0.0 0.0 -999 ""
FIBERMAP 256 R-3C17 APOGEE 0 0 0 1 0 0 97.95172853536171 -71.53918537400102 143.1 29.13481513721047 -117.71237588037499 259.546 114.95919 -999.0 -999.0 -999.0 -999.0 -999.0 139.37749653785647 12.456536700254643 139.401259526371 12.349525930113023 64.8572149112103 140.59751260266495 -999.0 16600.0 -999.0 2 -999 {-999.0 -999.0 -999.0 -999.0 -999.0} "" -999.0 -999.0 -999.0 -999.0 -999 -999 "" "" "" "" 0 0 0.0 0.0 -999 ""
FIBERMAP 256 R-3C17 BOSS 1 1 0 1 0 0 97.23261645897986 -71.74800865794967 143.1 28.449651674493953 -117.41071374809775 259.546 114.95919 139.3743882641151 12.457757573590307 -6.106564 3.55707 3.8528144 139.37437064408152 12.457767595594088 139.39808373869954 12.350842145433614 64.86001228742491 140.6019354877761 5400.0 5400.0 2016.0 1 302 {-999.0 17.562965 17.942774 18.279985 -999.0} sdss_psfmag 17.689127 17.765223 17.981585 -999.0 63050394818029699 1143449544 dark_1x3 mwm_wd_pwd_boss_1x3 mwm_wd science 0 0 0.0 0.0 -999 ""
FIBERMAP 256 R-3C17 METROLOGY 0 0 0 1 0 0 97.40703523547586 -71.02931167437407 143.1 29.044745069415498 -116.97192259542021 259.546 114.95919 -999.0 -999.0 -999.0 -999.0 -999.0 139.3771242631228 12.459796363152767 139.40085491199028 12.352843080390228 64.86020901953822 140.59402536100285 -999.0 6231.0 -999.0 -1 -999 {-999.0 -999.0 -999.0 -999.0 -999.0} "" -999.0 -999.0 -999.0 -999.0 -999 -999 "" "" "" "" 0 0 0.0 0.0 -999 ""
FIBERMAP 260 R+3C9 APOGEE 0 0 0 1 0 0 -91.71481264548656 60.81292918632149 143.1 -31.241765916632946 105.48799516762018 168.59686 117.097916 -999.0 -999.0 -999.0 -999.0 -999.0 139.09369160585894 13.471751866672722 139.11946890467254 13.365011603939427 65.8555898368277 139.80219937143838 -999.0 16600.0 -999.0 2 121 {-999.0 -999.0 -999.0 -999.0 -999.0} "" -999.0 -999.0 -999.0 -999.0 -999 -999 "" ops_sky_apogee_best_unassigned ops_sky sky_apogee 0 0 0.0 0.0 -999 ""
FIBERMAP 260 R+3C9 BOSS 1 1 0 1 0 0 -91.91908181148303 61.51299956492857 143.1 -30.948839139512412 106.15564211882356 168.59686 117.097916 139.09509467717675 13.4747613090152 -0.04571075 0.0242885 -0.17530258 139.09509454474164 13.474761377447773 139.12082386951187 13.368094125393561 65.85741262071271 139.79532009617373 5400.0 5400.0 2016.0 1 32 {-999.0 16.912592 16.589113 16.557991 16.681372} sdss_psfmag 16.727036 16.60309 16.279425 15.208 63050394818513106 1060286806 dark_flexible_2x2 bhm_aqmes_bonus_core bhm_filler science 0 0 0.0 0.0 -999 ""
FIBERMAP 260 R+3C9 METROLOGY 0 0 0 1 0 0 -91.19383426867388 61.35593627510226 143.1 -30.493885159993518 105.56964343293782 168.59686 117.097916 -999.0 -999.0 -999.0 -999.0 -999.0 139.09721598885235 13.472118371510437 139.12295409587415 13.36542654256558 65.85404254412316 139.79475386986624 -999.0 6231.0 -999.0 -1 -999 {-999.0 -999.0 -999.0 -999.0 -999.0} "" -999.0 -999.0 -999.0 -999.0 -999 -999 "" "" "" "" 0 0 0.0 0.0 -999 ""
FIBERMAP 261 R+4C15 APOGEE 1 1 0 1 0 0 70.32385284986269 97.33431356427262 143.1 116.38460409116458 29.441942904555958 131.30511 54.731426 139.78432588988525 13.126845355002285 -8.903747 -207.83615 2.5834599 139.78430013064252 13.126259779006771 139.8090174914512 13.01843140065607 65.19142267656126 138.93284632806223 16000.0 16600.0 2016.0 2 65 {-999.0 12.71009 12.453501 12.362386 -999.0} sdss_psfmag_from_g3xp 12.677947 12.436827 12.033271 11.288 63050394818040324 1135911272 dark_flexible_3x1 mwm_halo_local_high_apogee_triple mwm_halo science 0 0 0.0 0.0 -999 ""
FIBERMAP 261 R+4C15 BOSS 0 0 0 1 0 0 71.05591370633461 97.43838956291415 143.1 117.01243960288113 29.05169408262916 131.30511 54.731426 -999.0 -999.0 -999.0 -999.0 -999.0 139.78733533547415 13.12441669141072 139.81199278373617 13.016661402940533 65.18832109703544 138.92954763864023 -999.0 5400.0 -999.0 1 212 {-999.0 -999.0 -999.0 -999.0 -999.0} "" -999.0 -999.0 -999.0 -999.0 -999 -999 "" "" "" "" 0 0 0.0 0.0 -999 ""
FIBERMAP 261 R+4C15 METROLOGY 0 0 0 1 0 0 70.79013964764778 96.74446508771126 143.1 116.36324081446186 28.690540498031023 131.30511 54.731426 -999.0 -999.0 -999.0 -999.0 -999.0 139.78428451522242 13.122796237038763 139.80895654940906 13.015024316587255 65.1886497929411 138.9375664833403 -999.0 6231.0 -999.0 -1 -999 {-999.0 -999.0 -999.0 -999.0 -999.0} "" -999.0 -999.0 -999.0 -999.0 -999 -999 "" "" "" "" 0 0 0.0 0.0 -999 ""
FIBERMAP 264 R+10C3 APOGEE 0 0 0 1 0 0 -150.84371714663206 187.82916601920985 143.1 4.993431749041721 240.78969052941005 229.73633 83.36216 -999.0 -999.0 -999.0 -999.0 -999.0 139.26210277526283 14.082770748780375 139.28888743451284 13.975623225616433 66.26619393315156 138.616755080047 -999.0 16600.0 -999.0 2 136 {-999.0 -999.0 -999.0 -999.0 -999.0} "" -999.0 -999.0 -999.0 -999.0 -999 -999 "" ops_sky_apogee_best_unassigned ops_sky sky_apogee 0 0 0.0 0.0 -999 ""
FIBERMAP 264 R+10C3 BOSS 1 1 0 1 0 0 -151.3608494223212 188.3626420167757 143.1 4.939636551077685 241.530536350415 229.73633 83.36216 139.2618688087563 14.086109428232279 10.290006 -25.369793 0.7280079 139.2618986995048 14.086037949127098 139.28863631495238 13.97896373622337 66.2690714976917 138.6124961887328 5400.0 5400.0 2016.0 1 16 {-999.0 16.897377 16.331736 16.3993 -999.0} sdss_psfmag 16.754856 16.358515 15.795954 14.498 63050394818515570 1136072213 dark_flexible_3x1 mwm_halo_local_high_boss_triple mwm_halo science 0 0 0.0 0.0 -999 ""
FIBERMAP 264 R+10C3 METROLOGY 0 0 0 1 0 0 -150.63819985892025 188.5501850334545 143.1 5.613848326570613 241.2102948886629 229.73633 83.36216 -999.0 -999.0 -999.0 -999.0 -999.0 139.26503494272487 14.084624836386922 139.29178306597385 13.977524755096304 66.2661426465996 138.6083263773849 -999.0 6231.0 -999.0 -1 -999 {-999.0 -999.0 -999.0 -999.0 -999.0} "" -999.0 -999.0 -999.0 -999.0 -999 -999 "" "" "" "" 0 0 0.0 0.0 -999 ""
FIBERMAP 285 R-8C18 APOGEE 0 0 0 1 0 0 191.23808060955162 -171.82129704572003 143.1 36.2403977068114 -254.45658179317022 1.0177256 50.300945 -999.0 -999.0 -999.0 -999.0 -999.0 139.4104272317868 11.84048724291237 139.4330646416488 11.733549136081288 64.32255202095025 141.31408126719666 -999.0 16600.0 -999.0 2 -999 {-999.0 -999.0 -999.0 -999.0 -999.0} "" -999.0 -999.0 -999.0 -999.0 -999 -999 "" "" "" "" 0 0 0.0 0.0 -999 ""
FIBERMAP 285 R-8C18 BOSS 1 1 0 1 0 0 190.78839196990955 -172.39924562374318 143.1 35.524716276716276 -254.6107778806 1.0177256 50.300945 139.40717435908834 11.839691536281446 -999.0 -999.0 -999.0 139.40717435908834 11.839691536281444 139.42975832066057 11.732841912776898 64.32369292554776 141.32126092054557 5400.0 5400.0 2016.0 1 319 {-999.0 21.934158 21.744402 21.55918 21.389761} sdss_psfmag_from_lsdr10 1e+20 1e+20 1e+20 -999.0 63050397530845493 1059067418 dark_flexible_2x2 bhm_spiders_agn_lsdr10 bhm_spiders science 0 0 0.0 0.0 -999 ""
FIBERMAP 285 R-8C18 METROLOGY 0 0 0 1 0 0 190.49972867988353 -171.714066413589 143.1 35.743406942441496 -253.9003589381526 1.0177256 50.300945 -999.0 -999.0 -999.0 -999.0 -999.0 139.4081723969747 11.842891057314807 139.43077683496972 11.736015600822231 64.32583543147567 141.31538731043963 -999.0 6231.0 -999.0 -1 -999 {-999.0 -999.0 -999.0 -999.0 -999.0} "" -999.0 -999.0 -999.0 -999.0 -999 -999 "" "" "" "" 0 0 0.0 0.0 -999 ""
FIBERMAP 288 R-1C7 APOGEE 0 0 0 1 0 0 -133.04623684320518 -22.28151783846544 143.1 -116.26553624875008 68.34467433448981 347.56604 117.9134 -999.0 -999.0 -999.0 -999.0 -999.0 138.6967964337204 13.301330874988613 138.72251058788345 13.195298529581411 65.92721640966471 140.82029054887394 -999.0 16600.0 -999.0 2 247 {-999.0 -999.0 -999.0 -999.0 -999.0} "" -999.0 -999.0 -999.0 -999.0 -999 -999 "" ops_sky_apogee_best_unassigned ops_sky sky_apogee 0 0 0.0 0.0 -999 ""
FIBERMAP 288 R-1C7 BOSS 1 1 0 1 0 0 -132.80755066016908 -22.986054724115277 143.1 -116.53495517243451 67.65150759863214 347.56604 117.9134 138.69568468206435 13.298338838237742 -46.49601 -75.6936 1.5217274 138.69555007066865 13.298125572334508 138.72120778088575 13.19217251293072 65.92528865753069 140.8270774940581 5400.0 5400.0 2016.0 1 483 {-999.0 18.425718 17.368803 16.978876 -999.0} sdss_psfmag 18.075594 17.430239 16.602402 15.144 63050394818502648 1136768426 dark_flexible_3x1 mwm_halo_local_high_boss_triple mwm_halo science 0 0 0.0 0.0 -999 ""
FIBERMAP 288 R-1C7 METROLOGY 0 0 0 1 0 0 -133.5426659754691 -22.838075184955738 143.1 -117.00330339622143 68.2368803866758 347.56604 117.9134 -999.0 -999.0 -999.0 -999.0 -999.0 138.69335456856152 13.300791012265389 138.7190332257365 13.194819449407346 65.9286620485074 140.82788741374725 -999.0 6231.0 -999.0 -1 -999 {-999.0 -999.0 -999.0 -999.0 -999.0} "" -999.0 -999.0 -999.0 -999.0 -999 -999 "" "" "" "" 0 0 0.0 0.0 -999 ""
FIBERMAP 289 R-11C12 APOGEE 0 0 0 1 0 0 70.3900861956759 -198.21111138045154 143.1 -73.31467224585667 -197.09198183459156 144.9985 84.1909 -999.0 -999.0 -999.0 -999.0 -999.0 138.90224313475977 12.097002041098975 138.9256377221356 11.990866863872355 64.80502654570851 141.97277626336205 -999.0 16600.0 -999.0 2 175 {-999.0 -999.0 -999.0 -999.0 -999.0} "" -999.0 -999.0 -999.0 -999.0 -999 -999 "" ops_sky_apogee_best_unassigned ops_sky sky_apogee 0 0 0.0 0.0 -999 ""
FIBERMAP 289 R-11C12 BOSS 1 1 0 1 0 0 70.87044529194418 -197.65402976330483 143.1 -72.58888378013239 -196.97346861180563 144.9985 84.1909 138.9056396484375 12.097411087631471 -999.0 -999.0 -999.0 138.9056396484375 12.09741108763147 138.92898088702427 11.991351597064902 64.80370573984554 141.96565708493435 5400.0 5400.0 2015.5 1 394 {-999.0 -999.0 -999.0 -999.0 -999.0} "" -999.0 -999.0 -999.0 -999.0 27021603088161328 804850738 "" ops_sky_boss_good ops_sky sky_boss 0 0 0.0 0.0 -999 ""
FIBERMAP 289 R-11C12 METROLOGY 0 0 0 1 0 0 71.12157528942035 -198.34877641599735 143.1 -72.84248072314114 -197.6671219416986 144.9985 84.1909 -999.0 -999.0 -999.0 -999.0 -999.0 138.90447209698527 12.094321472738955 138.92782323798946 11.988241504323815 64.80166740532087 141.97178233711057 -999.0 6231.0 -999.0 -1 -999 {-999.0 -999.0 -999.0 -999.0 -999.0} "" -999.0 -999.0 -999.0 -999.0 -999 -999 "" "" "" "" 0 0 0.0 0.0 -999 ""
FIBERMAP 293 R-11C16 APOGEE 0 0 0 1 0 0 174.28339583091153 -217.57180980846684 143.1 -6.126191701582018 -278.6320387548615 256.67148 168.48355 -999.0 -999.0 -999.0 -999.0 -999.0 139.21476322860863 11.732427363234192 139.2373195037742 11.625840337146563 64.33378104003839 141.82097223896045 -999.0 16600.0 -999.0 2 218 {-999.0 -999.0 -999.0 -999.0 -999.0} "" -999.0 -999.0 -999.0 -999.0 -999 -999 "" ops_sky_apogee_best_unassigned ops_sky sky_apogee 0 0 0.0 0.0 -999 ""
FIBERMAP 293 R-11C16 BOSS 1 1 0 1 0 0 173.98335784345434 -218.24359453119587 143.1 -6.787434210288045 -278.9542269411257 256.67148 168.48355 139.21176771992577 11.730915764205797 -999.0 -999.0 -999.0 139.21176771992577 11.730915764205797 139.2342697551874 11.62441730292867 64.33415983832768 141.82856130042197 5400.0 5400.0 2016.0 1 259 {-999.0 22.011742 21.542843 21.343216 21.190096} sdss_psfmag_from_lsdr10 1e+20 1e+20 1e+20 -999.0 63050398245739180 1059067412 dark_flexible_2x2 bhm_spiders_agn_lsdr10 bhm_spiders science 0 0 0.0 0.0 -999 ""
FIBERMAP 293 R-11C16 METROLOGY 0 0 0 1 0 0 173.54313586345842 -217.63891140982273 143.1 -6.736571808521792 -278.2081904799108 256.67148 168.48355 -999.0 -999.0 -999.0 -999.0 -999.0 139.21197957979817 11.734252652550547 139.23450262513978 11.627729547542712 64.33684640225935 141.82405720512955 -999.0 6231.0 -999.0 -1 -999 {-999.0 -999.0 -999.0 -999.0 -999.0} "" -999.0 -999.0 -999.0 -999.0 -999 -999 "" "" "" "" 0 0 0.0 0.0 -999 ""
FIBERMAP 296 R+3C13 APOGEE 1 1 0 1 0 0 13.166503295955001 49.439028202501696 143.1 41.83166453511363 29.434291860191546 239.89433 153.12715 139.43616586845755 13.126311411182614 6.4813895 -12.050582 2.6288288 139.43618461963115 13.126277458804267 139.46111950196558 13.019030793735245 65.38281141119853 139.6020054252837 16000.0 16600.0 2016.0 2 5 {-999.0 11.860813 11.580263 11.500969 -999.0} sdss_psfmag_from_g3xp 11.829151 11.581181 11.175406 10.473 63050394818041381 974606222 "" ops_std_apogee ops_std standard_apogee 0 0 0.0 0.0 -999 ""
FIBERMAP 296 R+3C13 BOSS 0 0 0 1 0 0 12.552688517109456 49.04665299900101 143.1 41.10934925175337 29.52768449482884 239.89433 153.12715 -999.0 -999.0 -999.0 -999.0 -999.0 139.43288367639468 13.126639221315804 139.45776781155888 13.019475577074896 65.38500661317693 139.60790710763925 -999.0 5400.0 -999.0 1 106 {-999.0 -999.0 -999.0 -999.0 -999.0} "" -999.0 -999.0 -999.0 -999.0 -999 -999 "" "" "" "" 0 0 0.0 0.0 -999 ""
FIBERMAP 296 R+3C13 METROLOGY 0 0 0 1 0 0 12.473851692244471 49.780313948151054 143.1 41.51996744147978 30.140541845883156 239.89433 153.12715 -999.0 -999.0 -999.0 -999.0 -999.0 139.4347806825494 13.129450985565239 139.45968393928695 13.022261590165204 65.38627188609259 139.60045031088077 -999.0 6231.0 -999.0 -1 -999 {-999.0 -999.0 -999.0 -999.0 -999.0} "" -999.0 -999.0 -999.0 -999.0 -999 -999 "" "" "" "" 0 0 0.0 0.0 -999 ""
FIBERMAP 298 R-12C13 APOGEE 0 0 0 1 0 0 114.88913874559523 -218.9390242245135 143.1 -52.52081096125521 -241.54670741216273 87.28876 107.72679 -999.0 -999.0 -999.0 -999.0 -999.0 138.99970042318665 11.897572844409398 139.0226778052978 11.791314088330639 64.5854499125334 142.03123587593512 -999.0 16600.0 -999.0 2 -999 {-999.0 -999.0 -999.0 -999.0 -999.0} "" -999.0 -999.0 -999.0 -999.0 -999 -999 "" "" "" "" 0 0 0.0 0.0 -999 ""
FIBERMAP 298 R-12C13 BOSS 1 1 0 1 0 0 115.59948265204525 -218.73954736589286 143.1 -51.84836770768036 -241.84990272472535 87.28876 107.72679 139.0029211646205 11.896109565285219 -19.239206 0.86074966 2.2232046 139.00286576863436 11.89611199043221 139.0257860297042 11.7899306110837 64.58266733141325 142.02692109182104 5400.0 5400.0 2016.0 1 344 {-999.0 18.502577 18.888153 19.253351 -999.0} sdss_psfmag 18.66503 18.735151 18.966269 -999.0 63050394818026404 1143449478 dark_1x3 mwm_wd_pwd_boss_1x3 mwm_wd science 0 0 0.0 0.0 -999 ""
FIBERMAP 298 R-12C13 METROLOGY 0 0 0 1 0 0 115.42333446074754 -219.45988593209498 143.1 -52.44584039147325 -242.28884156309465 87.28876 107.72679 -999.0 -999.0 -999.0 -999.0 -999.0 139.0000996549916 11.894179079050252 139.02303312425084 11.787979413835316 64.58243511237534 142.03465389746322 -999.0 6231.0 -999.0 -1 -999 {-999.0 -999.0 -999.0 -999.0 -999.0} "" -999.0 -999.0 -999.0 -999.0 -999 -999 "" "" "" "" 0 0 0.0 0.0 -999 ""
FIBERMAP 302 R-2C21 APOGEE 1 1 0 1 0 0 176.09739602008474 -46.285065107447174 143.1 105.23577958180702 -148.53099543473576 180.70464 165.73247 139.73130963069912 12.317730839043806 -36.489624 -9.787792 7.8247476 139.7312043991365 12.317703262030339 139.75450598958014 12.210130040439747 64.55117413867292 140.10154971523872 16000.0 16600.0 2016.0 2 228 {-999.0 8.694884 8.566973 8.555786 -999.0} sdss_psfmag_from_g3xp 8.720271 8.550468 8.237639 7.807 63050394818025086 974606160 "" ops_std_apogee ops_std standard_apogee 0 0 0.0 0.0 -999 ""
FIBERMAP 302 R-2C21 BOSS 0 0 0 1 0 0 175.37548628295352 -46.11808536325728 143.1 104.78975022644504 -147.93954025126624 180.70464 165.73247 -999.0 -999.0 -999.0 -999.0 -999.0 139.72923138234802 12.320245844409898 139.75248446844836 12.212756377202929 64.55445472650956 140.10201146364224 -999.0 5400.0 -999.0 1 284 {-999.0 -999.0 -999.0 -999.0 -999.0} "" -999.0 -999.0 -999.0 -999.0 -999 -999 "" "" "" "" 0 0 0.0 0.0 -999 ""
FIBERMAP 302 R-2C21 METROLOGY 0 0 0 1 0 0 175.88138843209572 -45.569358058672066 143.1 105.52974987723418 -147.8438288536626 180.70464 165.73247 -999.0 -999.0 -999.0 -999.0 -999.0 139.73264356149767 12.320720377820027 139.75591099880188 12.213202158586506 64.55297819918422 140.09493898853438 -999.0 6231.0 -999.0 -1 -999 {-999.0 -999.0 -999.0 -999.0 -999.0} "" -999.0 -999.0 -999.0 -999.0 -999 -999 "" "" "" "" 0 0 0.0 0.0 -999 ""
FIBERMAP 307 R0C7 APOGEE 0 0 0 1 0 0 -144.0007393570346 14.752663361103385 143.1 -100.88334403533251 103.75899619058322 97.2068 59.695297 -999.0 -999.0 -999.0 -999.0 -999.0 138.7682100988689 13.462549838254377 138.79417552071982 13.356363361149505 66.02373524156278 140.4602102617599 -999.0 16600.0 -999.0 2 250 {-999.0 -999.0 -999.0 -999.0 -999.0} "" -999.0 -999.0 -999.0 -999.0 -999 -999 "" ops_sky_apogee_best_unassigned ops_sky sky_apogee 0 0 0.0 0.0 -999 ""
FIBERMAP 307 R0C7 BOSS 1 1 0 1 0 0 -143.32347804716687 14.461598063750971 143.1 -100.55119809672661 103.10111375606151 97.2068 59.695297 138.7697865338855 13.459564525168844 -3.6707458 -9.617756 0.23621307 138.76977589952313 13.45953742725068 138.79568333899587 13.3534247768055 66.02047421809206 140.4611740878769 5400.0 5400.0 2016.0 1 493 {-999.0 17.074501 16.757187 16.727215 -999.0} sdss_psfmag 17.024317 16.757284 16.325708 15.863 63050394818502880 976112064 "" ops_std_boss ops_std standard_boss 0 0 0.0 0.0 -999 ""
FIBERMAP 307 R0C7 METROLOGY 0 0 0 1 0 0 -143.91897014213646 14.010312526868372 143.1 -101.29729418280128 103.13759664891703 97.2068 59.695297 -999.0 -999.0 -999.0 -999.0 -999.0 138.76628663290853 13.459698001587926 138.79221121497278 13.353569747049153 66.02245383146796 140.46791970588205 -999.0 6231.0 -999.0 -1 -999 {-999.0 -999.0 -999.0 -999.0 -999.0} "" -999.0 -999.0 -999.0 -999.0 -999 -999 "" "" "" "" 0 0 0.0 0.0 -999 ""
FIBERMAP 310 R+1C8 APOGEE 0 0 0 1 0 0 -121.8693367561458 32.9934735076073 143.1 -72.21172197431251 103.5287515089936 89.98504 111.411705 -999.0 -999.0 -999.0 -999.0 -999.0 138.90211085493996 13.46216354155861 138.92799140199503 13.355749633652428 65.9513881187707 140.19420396478887 -999.0 16600.0 -999.0 2 -999 {-999.0 -999.0 -999.0 -999.0 -999.0} "" -999.0 -999.0 -999.0 -999.0 -999 -999 "" "" "" "" 0 0 0.0 0.0 -999 ""
FIBERMAP 310 R+1C8 BOSS 1 1 0 1 0 0 -121.17850637935227 33.27357443733453 143.1 -71.50246957847155 103.29987083595653 89.98504 111.411705 138.90544624314865 13.46120416859062 0.40568087 -34.27035 2.0766442 138.9054474184372 13.461107612264916 138.93127184658042 13.354764228632838 65.94880123612182 140.18901802074194 5400.0 5400.0 2016.0 1 46 {-999.0 19.557781 19.843163 19.972687 -999.0} sdss_psfmag 19.699652 19.675665 19.734102 -999.0 63050394818502902 1143448939 dark_1x3 mwm_wd_pwd_boss_1x3 mwm_wd science 0 0 0.0 0.0 -999 ""
FIBERMAP 310 R+1C8 METROLOGY 0 0 0 1 0 0 -121.28494924195537 32.529627397598674 143.1 -72.06168097341867 102.79808648152634 89.98504 111.411705 -999.0 -999.0 -999.0 -999.0 -999.0 138.90282873619017 13.458831142399536 138.9286655786908 13.352471117960672 65.94829418319392 140.1973140586059 -999.0 6231.0 -999.0 -1 -999 {-999.0 -999.0 -999.0 -999.0 -999.0} "" -999.0 -999.0 -999.0 -999.0 -999 -999 "" "" "" "" 0 0 0.0 0.0 -999 ""
FIBERMAP 322 R+11C6 APOGEE 0 0 0 1 0 0 -56.859901099236126 205.32387461876087 143.1 88.25016868850878 193.85602114440093 198.5668 165.98422 -999.0 -999.0 -999.0 -999.0 -999.0 139.65149118212636 13.871671727121816 139.6776376139394 13.763913243142754 65.87592010521712 138.15582568592836 -999.0 16600.0 -999.0 2 4 {-999.0 -999.0 -999.0 -999.0 -999.0} "" -999.0 -999.0 -999.0 -999.0 -999 -999 "" ops_sky_apogee_best_unassigned ops_sky sky_apogee 0 0 0.0 0.0 -999 ""
FIBERMAP 322 R+11C6 BOSS 1 1 0 1 0 0 -57.59620066412132 205.26160284787403 143.1 87.64592455076058 194.28102805188718 198.5668 165.98422 139.64873859014753 13.873559615641662 -999.0 -999.0 -999.0 139.64873859014753 13.873559615641664 139.67483577499343 13.765880027243382 65.87909736280857 138.15848226267673 5400.0 5400.0 2016.0 1 143 {-999.0 21.24518 21.117792 20.773369 20.744205} sdss_fiber2mag_from_lsdr10 20.439377 20.7657 20.136963 -999.0 63050394818513854 1059077920 dark_flexible_2x2 bhm_spiders_agn_lsdr10 bhm_spiders science 0 0 0.0 0.0 -999 ""
FIBERMAP 322 R+11C6 METROLOGY 0 0 0 1 0 0 -57.29045398722649 205.94755953240653 143.1 88.32064078962509 194.61041175966417 198.5668 165.98422 -999.0 -999.0 -999.0 -999.0 -999.0 139.65186105800814 13.875044165529935 139.67797437176984 13.76733789370569 65.87852685266128 138.15033253709805 -999.0 6231.0 -999.0 -1 -999 {-999.0 -999.0 -999.0 -999.0 -999.0} "" -999.0 -999.0 -999.0 -999.0 -999 -999 "" "" "" "" 0 0 0.0 0.0 -999 ""
FIBERMAP 325 R+6C4 APOGEE 0 0 0 1 0 0 -166.00446918392245 111.8998225992001 143.1 -55.374193587797436 192.33490517627564 178.07571 142.03342 -999.0 -999.0 -999.0 -999.0 -999.0 138.9803278648187 13.864323405840578 139.00689551046406 13.757695900742284 66.24218988445155 139.48369414805344 -999.0 16600.0 -999.0 2 -999 {-999.0 -999.0 -999.0 -999.0 -999.0} "" -999.0 -999.0 -999.0 -999.0 -999 -999 "" "" "" "" 0 0 0.0 0.0 -999 ""
FIBERMAP 325 R+6C4 BOSS 1 1 0 1 0 0 -166.5878929641459 112.37954262328479 143.1 -55.51330444759 193.07711643722402 178.07571 142.03342 138.9797494253175 13.86765137202293 -12.152152 -5.5210333 1.4900222 138.97971415882006 13.86763581657185 139.00623602163586 13.761083048966155 66.24535073153528 139.48027964363186 5400.0 5400.0 2016.0 1 38 {-999.0 19.956947 17.876673 16.692759 -999.0} sdss_psfmag 18.571487 17.37029 16.079967 -999.0 63050394818514778 1075806213 dark_flexible_2x1 mwm_erosita_stars_boss mwm_erosita science 0 0 0.0 0.0 -999 ""
FIBERMAP 325 R+6C4 METROLOGY 0 0 0 1 0 0 -165.8830795833417 112.63597920304377 143.1 -54.80852947194167 192.82112302081245 178.07571 142.03342 -999.0 -999.0 -999.0 -999.0 -999.0 138.98299515913402 13.86651106607037 139.00952777914517 13.759931878826617 66.24260051193394 139.4753250834606 -999.0 6231.0 -999.0 -1 -999 {-999.0 -999.0 -999.0 -999.0 -999.0} "" -999.0 -999.0 -999.0 -999.0 -999 -999 "" "" "" "" 0 0 0.0 0.0 -999 ""
FIBERMAP 333 R+12C2 APOGEE 0 0 0 1 0 0 -139.3356096775056 217.75142425882535 143.1 33.023765526355845 256.3320403906716 269.20093 99.02878 -999.0 -999.0 -999.0 -999.0 -999.0 139.39277639594474 14.152233211450662 139.41960211619244 14.044851839344044 66.24991460161394 138.2601623315397 -999.0 16600.0 -999.0 2 132 {-999.0 -999.0 -999.0 -999.0 -999.0} "" -999.0 -999.0 -999.0 -999.0 -999 -999 "" ops_sky_apogee_best_unassigned ops_sky sky_apogee 0 0 0.0 0.0 -999 ""
FIBERMAP 333 R+12C2 BOSS 1 1 0 1 0 0 -140.06491630027094 217.6455893277459 143.1 32.39691142979651 256.71917294371315 269.20093 99.02878 139.38990158127152 14.153901933517066 -999.0 -999.0 -999.0 139.38990158127152 14.153901933517066 139.4166787081448 14.046598464408609 66.25297756596183 138.2634108186728 5400.0 5400.0 2016.0 1 6 {-999.0 21.441757 21.40513 21.04784 20.71575} sdss_psfmag_from_lsdr10 1e+20 1e+20 1e+20 -999.0 63050398245732060 1059080568 dark_flexible_2x2 bhm_spiders_agn_lsdr10 bhm_spiders science 0 0 0.0 0.0 -999 ""
FIBERMAP 333 R+12C2 METROLOGY 0 0 0 1 0 0 -139.80095687432626 218.34128697948628 143.1 33.04585801196774 257.0828504579674 269.20093 99.02878 -999.0 -999.0 -999.0 -999.0 -999.0 139.3929086389675 14.15553815934213 139.41970198232923 14.048208501954171 66.25259999031863 138.25515583765073 -999.0 6231.0 -999.0 -1 -999 {-999.0 -999.0 -999.0 -999.0 -999.0} "" -999.0 -999.0 -999.0 -999.0 -999 -999 "" "" "" "" 0 0 0.0 0.0 -999 ""
FIBERMAP 343 R+11C1 APOGEE 0 0 0 1 0 0 -184.60926412122257 203.15781357717822 143.1 -11.041310224473273 274.21541706505525 257.22836 64.11833 -999.0 -999.0 -999.0 -999.0 -999.0 139.18701262503754 14.231680507101654 139.2141191107583 14.12462982628566 66.42986059879075 138.55189755157735 -999.0 16600.0 -999.0 2 139 {-999.0 -999.0 -999.0 -999.0 -999.0} "" -999.0 -999.0 -999.0 -999.0 -999 -999 "" ops_sky_apogee_best_unassigned ops_sky sky_apogee 0 0 0.0 0.0 -999 ""
FIBERMAP 343 R+11C1 BOSS 1 1 0 1 0 0 -185.17645769908026 203.6158333064447 143.1 -11.181915373742141 274.9305779609829 257.22836 64.11833 139.18640562394484 14.234783380549453 0.006944249 -0.48000845 -0.040570546 139.18640564412993 14.23478202813109 139.21346539711502 14.12780472342571 66.43282424379146 138.54863806760937 5400.0 5400.0 2016.0 1 9 {-999.0 19.818842 19.685354 19.67974 19.705925} sdss_psfmag_from_lsdr10 19.70497 19.516378 19.241264 -999.0 63050394818516108 1059080566 dark_flexible_2x2 bhm_spiders_agn_lsdr10 bhm_spiders science 0 0 0.0 0.0 -999 ""
FIBERMAP 343 R+11C1 METROLOGY 0 0 0 1 0 0 -184.48564251099077 203.888313417625 143.1 -10.477567437822305 274.6958668210708 257.22836 64.11833 -999.0 -999.0 -999.0 -999.0 -999.0 139.18967706357753 14.233766835412698 139.21674780873695 14.126763535897453 66.43014448257881 138.5436143621021 -999.0 6231.0 -999.0 -1 -999 {-999.0 -999.0 -999.0 -999.0 -999.0} "" -999.0 -999.0 -999.0 -999.0 -999 -999 "" "" "" "" 0 0 0.0 0.0 -999 ""
FIBERMAP 361 R+13C14 APOGEE 0 0 0 1 0 0 126.27715964615497 255.37323682345988 143.1 260.7307192375545 114.63126775396034 215.42186 62.534767 -999.0 -999.0 -999.0 -999.0 -999.0 140.4514080649041 13.509097550307366 140.4763849349311 13.400087832584667 65.12778372478613 137.14550656098208 -999.0 16600.0 -999.0 2 98 {-999.0 -999.0 -999.0 -999.0 -999.0} "" -999.0 -999.0 -999.0 -999.0 -999 -999 "" ops_sky_apogee_best_unassigned ops_sky sky_apogee 0 0 0.0 0.0 -999 ""
FIBERMAP 361 R+13C14 BOSS 1 1 0 1 0 0 126.17635566441487 256.10212848452386 143.1 261.12144084214697 115.25457380687503 215.42186 62.534767 140.45322929877605 13.511805833212467 -999.0 -999.0 -999.0 140.45322929877605 13.51180583321247 140.4781524920902 13.402869171057251 65.12902250891872 137.13831135358515 5400.0 5400.0 2016.0 1 90 {-999.0 21.166012 20.577864 20.190104 19.952127} sdss_fiber2mag_from_lsdr10 20.564009 21.077726 19.188047 -999.0 63050394818043409 1059076695 dark_flexible_2x2 bhm_spiders_agn_lsdr10 bhm_spiders science 0 0 0.0 0.0 -999 ""
FIBERMAP 361 R+13C14 METROLOGY 0 0 0 1 0 0 126.86853146604709 255.83268184188992 143.1 261.47889640822035 114.60368323854573 215.42186 62.534767 -999.0 -999.0 -999.0 -999.0 -999.0 140.45485972244623 13.508879839226347 140.47979294721512 13.399919401261913 65.12569827170836 137.13936637663525 -999.0 6231.0 -999.0 -1 -999 {-999.0 -999.0 -999.0 -999.0 -999.0} "" -999.0 -999.0 -999.0 -999.0 -999 -999 "" "" "" "" 0 0 0.0 0.0 -999 ""
FIBERMAP 368 R-8C2 APOGEE 0 0 0 1 0 0 -193.57765066110258 -147.5310475002554 143.1 -243.0682003715433 11.22281711893583 174.93759 92.30142 -999.0 -999.0 -999.0 -999.0 -999.0 138.11059131740456 13.038428835896047 138.1361809006592 12.933454132679794 66.01257785425972 142.3489721470948 -999.0 16600.0 -999.0 2 -999 {-999.0 -999.0 -999.0 -999.0 -999.0} "" -999.0 -999.0 -999.0 -999.0 -999 -999 "" "" "" "" 0 0 0.0 0.0 -999 ""
FIBERMAP 368 R-8C2 BOSS 1 1 0 1 0 0 -193.47699532999795 -146.6967911912523 143.1 -242.455442687297 11.797525820608412 174.93759 92.30142 138.1134136232988 13.040975313426694 -1.0377792 -0.37465593 -2.4463625 138.11341062195999 13.040974257837846 138.13895397420265 12.936071426370813 66.01337749345069 142.33992881450314 5400.0 5400.0 2016.0 1 489 {-999.0 21.13665 20.834906 20.792028 20.694643} sdss_psfmag 21.160446 20.89546 20.343649 -999.0 63050394818502994 1060382483 dark_flexible_2x2 bhm_aqmes_bonus_faint bhm_filler science 0 0 0.0 0.0 -999 ""
FIBERMAP 368 R-8C2 METROLOGY 0 0 0 1 0 0 -192.91269863459254 -147.19266785702607 143.1 -242.34136298319953 11.055213135634173 174.93759 92.30142 -999.0 -999.0 -999.0 -999.0 -999.0 138.11394549954468 13.037637224710549 138.13949634854225 12.932712264660703 66.01024429129941 142.34317936052514 -999.0 6231.0 -999.0 -1 -999 {-999.0 -999.0 -999.0 -999.0 -999.0} "" -999.0 -999.0 -999.0 -999.0 -999 -999 "" "" "" "" 0 0 0.0 0.0 -999 ""
FIBERMAP 372 R+12C4 APOGEE 0 0 0 1 0 0 -81.86726452077598 249.47933358341848 143.1 97.43504131471425 243.75014425592704 103.78739 70.98367 -999.0 -999.0 -999.0 -999.0 -999.0 139.6932678447715 14.095181907829025 139.71979184632744 13.987308571465654 66.03415268927321 137.7559752795043 -999.0 16600.0 -999.0 2 -999 {-999.0 -999.0 -999.0 -999.0 -999.0} "" -999.0 -999.0 -999.0 -999.0 -999 -999 "" "" "" "" 0 0 0.0 0.0 -999 ""
FIBERMAP 372 R+12C4 BOSS 1 1 0 1 0 0 -81.13300975579513 249.4345570844175 143.1 97.96898985414212 243.24441367713408 103.78739 70.98367 139.69582018476322 14.092849530820935 1.4169805 -0.9806695 0.8560068 139.6958243009778 14.092846767795733 139.72228771983734 13.985043465027475 66.03090068016269 137.75437804989443 5400.0 5400.0 2016.0 1 93 {-999.0 20.274437 19.80428 19.419292 19.18375} sdss_fiber2mag_from_lsdr10 19.42766 19.823576 18.357857 16.007 63050394818516812 1059079303 dark_flexible_2x2 bhm_spiders_agn_lsdr10 bhm_spiders science 0 0 0.0 0.0 -999 ""
FIBERMAP 372 R+12C4 METROLOGY 0 0 0 1 0 0 -81.54054663802344 248.8085747552235 143.1 97.25477217415356 243.0263440616231 103.78739 70.98367 -999.0 -999.0 -999.0 -999.0 -999.0 139.69248821766274 14.091908622568232 139.71896773040555 13.984090147628944 66.03200263197975 137.7621909856798 -999.0 6231.0 -999.0 -1 -999 {-999.0 -999.0 -999.0 -999.0 -999.0} "" -999.0 -999.0 -999.0 -999.0 -999 -999 "" "" "" "" 0 0 0.0 0.0 -999 ""
FIBERMAP 373 R-8C13 APOGEE 0 0 0 1 0 0 79.90281638276676 -149.8316599366497 143.1 -34.96336243399106 -166.12385283730592 29.330173 110.84548 -999.0 -999.0 -999.0 -999.0 -999.0 139.0795798787674 12.236776156930837 139.10312349692583 12.130312187746231 64.83056129135062 141.45296981333067 -999.0 16600.0 -999.0 2 -999 {-999.0 -999.0 -999.0 -999.0 -999.0} "" -999.0 -999.0 -999.0 -999.0 -999 -999 "" "" "" "" 0 0 0.0 0.0 -999 ""
FIBERMAP 373 R-8C13 BOSS 1 1 0 1 0 0 80.47592127653584 -150.30091584342006 143.1 -34.82544114574298 -166.85141984636897 29.330173 110.84548 139.08027912038963 12.233356192911277 -1.7412232 -0.9716778 0.10314708 139.0802741005255 12.233353455220126 139.10375841828474 12.126970080587833 64.82740698813191 141.4559488979559 5400.0 5400.0 2016.0 1 353 {-999.0 16.626093 16.556828 16.630295 -999.0} sdss_psfmag 16.672747 16.518068 16.281221 15.723 63050394818029730 981735587 "" ops_std_boss_tic ops_std standard_boss 0 0 0.0 0.0 -999 ""
FIBERMAP 373 R-8C13 METROLOGY 0 0 0 1 0 0 79.79339216672152 -150.56968996412465 143.1 -35.52105967130106 -166.61918855761056 29.330173 110.84548 -999.0 -999.0 -999.0 -999.0 -999.0 139.07702399813766 12.234432132122667 139.1005271787389 12.128031044902498 64.82999574844375 141.4608831883655 -999.0 6231.0 -999.0 -1 -999 {-999.0 -999.0 -999.0 -999.0 -999.0} "" -999.0 -999.0 -999.0 -999.0 -999 -999 "" "" "" "" 0 0 0.0 0.0 -999 ""
FIBERMAP 375 R+2C25 APOGEE 0 0 0 1 0 0 284.5859131051578 48.990853105829245 143.1 249.54633676018662 -145.1694941250392 75.9764 64.27256 -999.0 -999.0 -999.0 -999.0 -999.0 140.39582398779 12.335606169279655 140.4187582026766 12.22693035223886 64.20210268979265 138.83516856761287 -999.0 16600.0 -999.0 2 57 {-999.0 -999.0 -999.0 -999.0 -999.0} "" -999.0 -999.0 -999.0 -999.0 -999 -999 "" ops_sky_apogee_best_unassigned ops_sky sky_apogee 0 0 0.0 0.0 -999 ""
FIBERMAP 375 R+2C25 BOSS 1 1 0 1 0 0 285.16000269098436 48.52984124287754 143.1 249.69030561923046 -145.8913755117289 75.9764 64.27256 140.3964636808158 12.332337109230487 7.5421166 -15.746385 0.11029071 140.3964854325575 12.332292743969875 140.41935610434416 12.223697931008203 64.19910760761655 138.8382679362603 5400.0 5400.0 2016.0 1 176 {-999.0 18.107891 17.868593 17.770674 -999.0} sdss_psfmag 18.10694 17.850986 17.473507 -999.0 63050394818033383 976570465 "" ops_std_boss ops_std standard_boss 0 0 0.0 0.0 -999 ""
FIBERMAP 375 R+2C25 METROLOGY 0 0 0 1 0 0 284.47228126526795 48.25430121794821 143.1 248.98636402299454 -145.6609956371976 75.9764 64.27256 -999.0 -999.0 -999.0 -999.0 -999.0 140.39327358794407 12.333332614900558 140.4161643374195 12.22471978433673 64.2017163017457 138.8428459772047 -999.0 6231.0 -999.0 -1 -999 {-999.0 -999.0 -999.0 -999.0 -999.0} "" -999.0 -999.0 -999.0 -999.0 -999 -999 "" "" "" "" 0 0 0.0 0.0 -999 ""
FIBERMAP 380 R-1C10 APOGEE 0 0 0 1 0 0 -70.87153910139935 -32.58300564851818 143.1 -75.23182132049249 20.531890782753006 313.73544 102.013504 -999.0 -999.0 -999.0 -999.0 -999.0 138.88889060246478 13.084610984892281 138.9140891707674 12.978295987217336 65.6435326272431 140.72795559049538 -999.0 16600.0 -999.0 2 -999 {-999.0 -999.0 -999.0 -999.0 -999.0} "" -999.0 -999.0 -999.0 -999.0 -999 -999 "" "" "" "" 0 0 0.0 0.0 -999 ""
FIBERMAP 380 R-1C10 BOSS 1 1 0 1 0 0 -71.27045439387756 -33.231316971677884 143.1 -75.95376780031731 20.291173981713847 313.73544 102.013504 138.88553362810637 13.083436810331529 -999.0 -999.0 -999.0 138.88553362810637 13.083436810331529 138.9106802227864 12.977205216176245 65.64443324974285 140.73614734757524 5400.0 5400.0 2016.0 1 441 {-999.0 21.585419 20.464941 19.985886 19.629818} sdss_fiber2mag_from_lsdr10 20.538 21.167261 18.828514 -999.0 63050394818502072 1059074165 dark_flexible_2x2 bhm_spiders_agn_lsdr10 bhm_spiders science 0 0 0.0 0.0 -999 ""
FIBERMAP 380 R-1C10 METROLOGY 0 0 0 1 0 0 -71.61718775792988 -32.557120101855716 143.1 -75.78663019742024 21.03045952865982 313.73544 102.013504 -999.0 -999.0 -999.0 -999.0 -999.0 138.88629713302134 13.086825879566703 138.91146419945034 12.980570337647872 65.64683490143322 140.73013873096536 -999.0 6231.0 -999.0 -1 -999 {-999.0 -999.0 -999.0 -999.0 -999.0} "" -999.0 -999.0 -999.0 -999.0 -999 -999 "" "" "" "" 0 0 0.0 0.0 -999 ""
FIBERMAP 382 R+9C5 APOGEE 0 0 0 1 0 0 -116.10762640249202 170.6558958022503 143.1 20.587641120804268 205.32721487641544 212.12968 98.34856 -999.0 -999.0 -999.0 -999.0 -999.0 139.33531254420345 13.923758409071878 139.36175925015215 13.816519554517875 66.09523373172975 138.6985284467625 -999.0 16600.0 -999.0 2 112 {-999.0 -999.0 -999.0 -999.0 -999.0} "" -999.0 -999.0 -999.0 -999.0 -999 -999 "" ops_sky_apogee_best_unassigned ops_sky sky_apogee 0 0 0.0 0.0 -999 ""
FIBERMAP 382 R+9C5 BOSS 1 1 0 1 0 0 -116.53271896345173 171.26798341827768 143.1 20.6548518941451 206.06921218386773 212.12968 98.34856 139.33568329467855 13.927067863099449 -2.1290886 0.017845301 0.21987641 139.3356771143105 13.927067913378306 139.36207623453333 13.819902073218055 66.09783329190816 138.6931335886602 5400.0 5400.0 2016.0 1 80 {-999.0 17.671705 17.411161 17.225227 -999.0} sdss_psfmag 17.64546 17.346724 16.908215 16.297 63050394818514176 976112102 "" ops_std_boss ops_std standard_boss 0 0 0.0 0.0 -999 ""
FIBERMAP 382 R+9C5 METROLOGY 0 0 0 1 0 0 -115.77673708091545 171.33474857075566 143.1 21.277064488032387 205.63501207652286 212.12968 98.34856 -999.0 -999.0 -999.0 -999.0 -999.0 139.3385740396235 13.925128621242102 139.3649829242117 13.81793724809483 66.09460772372032 138.69018994360798 -999.0 6231.0 -999.0 -1 -999 {-999.0 -999.0 -999.0 -999.0 -999.0} "" -999.0 -999.0 -999.0 -999.0 -999 -999 "" "" "" "" 0 0 0.0 0.0 -999 ""
FIBERMAP 383 R+6C1 APOGEE 0 0 0 1 0 0 -243.13240374722224 120.27868480128895 143.1 -109.10171972540512 248.27476101544238 213.802 62.030792 -999.0 -999.0 -999.0 -999.0 -999.0 138.7300211517128 14.113344996700912 138.75720900331834 14.007093037512218 66.584690434458 139.63461645175053 -999.0 16600.0 -999.0 2 119 {-999.0 -999.0 -999.0 -999.0 -999.0} "" -999.0 -999.0 -999.0 -999.0 -999 -999 "" ops_sky_apogee_best_unassigned ops_sky sky_apogee 0 0 0.0 0.0 -999 ""
FIBERMAP 383 R+6C1 BOSS 1 1 0 1 0 0 -243.22654719214404 120.99728713705531 143.1 -108.71249990523278 248.88590555108948 213.802 62.030792 138.7318864749676 14.116016669259096 0.6405705 -0.31983468 0.6613729 138.7318883359626 14.11601576812852 138.75902859814406 14.0098333155057 66.5859671706289 139.62706864249407 5400.0 5400.0 2016.0 1 83 {-999.0 19.624645 19.54253 19.250862 18.974575} sdss_psfmag_from_lsdr10 19.827085 19.515564 19.024376 -999.0 63050394818520140 1131802686 dark_flexible_3x1 bhm_spiders_agn_lsdr10_d3 bhm_spiders science 0 0 0.0 0.0 -999 ""
FIBERMAP 383 R+6C1 METROLOGY 0 0 0 1 0 0 -242.53359637242355 120.72993034682398 143.1 -108.35310864857115 248.2361189548118 213.802 62.030792 -999.0 -999.0 -999.0 -999.0 -999.0 138.73353869398048 14.113153620192437 138.76068722110665 14.006948177470111 66.58267616191465 139.62779318010263 -999.0 6231.0 -999.0 -1 -999 {-999.0 -999.0 -999.0 -999.0 -999.0} "" -999.0 -999.0 -999.0 -999.0 -999 -999 "" "" "" "" 0 0 0.0 0.0 -999 ""
FIBERMAP 386 R-4C2 APOGEE 0 0 0 1 0 0 -228.32789609264236 -90.63807973345193 143.1 -233.17188469512277 77.13359285404852 256.2776 114.0782 -999.0 -999.0 -999.0 -999.0 -999.0 138.15487266054168 13.337177394854036 138.18098868268038 13.232066215719486 66.24262024035855 141.86630861426855 -999.0 16600.0 -999.0 2 -999 {-999.0 -999.0 -999.0 -999.0 -999.0} "" -999.0 -999.0 -999.0 -999.0 -999 -999 "" "" "" "" 0 0 0.0 0.0 -999 ""
FIBERMAP 386 R-4C2 BOSS 1 1 0 1 0 0 -229.06341011861525 -90.78370875454372 143.1 -233.82904497352777 77.49421454427721 256.2776 114.0782 138.1518730434257 13.338710292310145 -999.0 -999.0 -999.0 138.1518730434257 13.338710292310147 138.17794442935855 13.233680026529466 66.24556592217624 141.87039421739146 5400.0 5400.0 2016.0 1 486 {-999.0 21.930292 21.612354 21.134233 20.757639} sdss_fiber2mag_from_lsdr10 1e+20 1e+20 1e+20 -999.0 63050396815309829 1059075430 dark_flexible_2x2 bhm_spiders_agn_lsdr10 bhm_spiders science 0 0 0.0 0.0 -999 ""
FIBERMAP 386 R-4C2 METROLOGY 0 0 0 1 0 0 -228.81331222804337 -90.0714818548783 143.1 -233.1801088574363 77.87945882556564 256.2776 114.0782 -999.0 -999.0 -999.0 -999.0 -999.0 138.15484443237932 13.340501763212481 138.18093132723732 13.235444461651884 66.24550748436975 141.86195244434614 -999.0 6231.0 -999.0 -1 -999 {-999.0 -999.0 -999.0 -999.0 -999.0} "" -999.0 -999.0 -999.0 -999.0 -999 -999 "" "" "" "" 0 0 0.0 0.0 -999 ""
FIBERMAP 388 R+2C3 APOGEE 0 0 0 1 0 0 -222.89122182078864 58.24602847348546 143.1 -133.4169160118727 187.74048548021995 133.78261 57.237198 -999.0 -999.0 -999.0 -999.0 -999.0 138.616461285864 13.841067913085395 138.64321961100495 13.73506404581708 66.42053462188639 140.24538300043866 -999.0 16600.0 -999.0 2 116 {-999.0 -999.0 -999.0 -999.0 -999.0} "" -999.0 -999.0 -999.0 -999.0 -999 -999 "" ops_sky_apogee_best_unassigned ops_sky sky_apogee 0 0 0.0 0.0 -999 ""
FIBERMAP 388 R+2C3 BOSS 1 1 0 1 0 0 -222.16136411427092 58.41274261313165 143.1 -132.75055310665297 187.3996539283344 133.78261 57.237198 138.61958825854546 13.839517743975826 -0.123268045 0.18932298 -0.15962388 138.61958790085524 13.839518277391162 138.64629047362806 13.733583647481737 66.41765032032919 140.24122156538562 5400.0 5400.0 2016.0 1 60 {-999.0 19.502193 19.349737 19.217072 19.091682} sdss_psfmag_from_gdr3 19.545715 19.331905 18.921783 -999.0 63050394818515024 1059174175 dark_flexible_2x1 bhm_spiders_agn_gaiadr3 bhm_spiders science 0 0 0.0 0.0 -999 ""
FIBERMAP 388 R+2C3 METROLOGY 0 0 0 1 0 0 -222.37051268141047 57.703619850408344 143.1 -133.3661147263679 186.99049767072944 133.78261 57.237198 -999.0 -999.0 -999.0 -999.0 -999.0 138.6167133398935 13.837666069154572 138.64342880915393 13.731715676083375 66.41763354754822 140.24959312507545 -999.0 6231.0 -999.0 -1 -999 {-999.0 -999.0 -999.0 -999.0 -999.0} "" -999.0 -999.0 -999.0 -999.0 -999 -999 "" "" "" "" 0 0 0.0 0.0 -999 ""
FIBERMAP 394 R-1C26 APOGEE 0 0 0 1 0 0 284.45977909171376 -12.061646435158693 143.1 210.25192997496467 -191.87612884162056 11.418964 154.01762 -999.0 -999.0 -999.0 -999.0 -999.0 140.21397846265918 12.12482153964404 140.23664978041495 12.016488824842506 64.12831350472075 139.44465008118513 -999.0 16600.0 -999.0 2 240 {-999.0 -999.0 -999.0 -999.0 -999.0} "" -999.0 -999.0 -999.0 -999.0 -999 -999 "" ops_sky_apogee_best_unassigned ops_sky sky_apogee 0 0 0.0 0.0 -999 ""
FIBERMAP 394 R-1C26 BOSS 1 1 0 1 0 0 285.1804454790159 -12.24190980165946 143.1 210.68847795928534 -192.47696566431395 11.418964 154.01762 140.21599136857475 12.122071023845553 -999.0 -999.0 -999.0 140.21599136857475 12.122071023845553 140.23859993269357 12.013817727864225 64.1250324300495 139.44444705520868 5400.0 5400.0 2016.0 1 262 {-999.0 21.869799 21.689049 21.549473 21.425047} sdss_psfmag_from_lsdr10 1e+20 1e+20 1e+20 -999.0 63050396822507934 1059068806 dark_flexible_2x2 bhm_spiders_agn_lsdr10 bhm_spiders science 0 0 0.0 0.0 -999 ""
FIBERMAP 394 R-1C26 METROLOGY 0 0 0 1 0 0 284.66516658552564 -12.789468129500294 143.1 209.9420429573667 -192.56576103287648 11.418964 154.01762 -999.0 -999.0 -999.0 -999.0 -999.0 140.21255668191185 12.121671559454946 140.23518271078882 12.01340072227429 64.12655484245408 139.45133225425684 -999.0 6231.0 -999.0 -1 -999 {-999.0 -999.0 -999.0 -999.0 -999.0} "" -999.0 -999.0 -999.0 -999.0 -999 -999 "" "" "" "" 0 0 0.0 0.0 -999 ""
FIBERMAP 396 R+11C2 APOGEE 0 0 0 1 0 0 -163.17847108607734 208.17450101516152 143.1 8.603070829823517 264.3006733358593 230.80624 76.46921 -999.0 -999.0 -999.0 -999.0 -999.0 139.27873322801068 14.187731173228023 139.3056988538985 14.080534598017058 66.34273682739533 138.43367073072974 -999.0 16600.0 -999.0 2 -999 {-999.0 -999.0 -999.0 -999.0 -999.0} "" -999.0 -999.0 -999.0 -999.0 -999 -999 "" "" "" "" 0 0 0.0 0.0 -999 ""
FIBERMAP 396 R+11C2 BOSS 1 1 0 1 0 0 -163.64332033967912 208.75819504788763 143.1 8.621584410804124 265.0464363295485 230.80624 76.46921 139.27838276385899 14.191001935950041 5.0344834 -5.353536 0.17045231 139.2788658292957 14.190986852422382 139.30578416726027 14.083862601596941 66.3454114741286 138.4287308283625 5400.0 5400.0 2016.0 1 17 {-999.0 15.10334 14.58041 14.354315 -999.0} sdss_psfmag_from_g3xp 14.985166 14.588597 14.0117445 12.879 63050394818515788 1133199258 dark_flexible_3x1 mwm_halo_mp_xp_boss_triple mwm_halo science 0 0 1.6349023580551147 0.0 -999 ""
FIBERMAP 396 R+11C2 METROLOGY 0 0 0 1 0 0 -162.90835576394574 208.86998623661597 143.1 9.256598599121103 264.6602357630814 230.80624 76.46921 -999.0 -999.0 -999.0 -999.0 -999.0 139.28181733724168 14.189288207578489 139.30874573994004 14.08213858418614 66.342348819376 138.42534688676648 -999.0 6231.0 -999.0 -1 -999 {-999.0 -999.0 -999.0 -999.0 -999.0} "" -999.0 -999.0 -999.0 -999.0 -999 -999 "" "" "" "" 0 0 0.0 0.0 -999 ""
FIBERMAP 402 R+12C13 APOGEE 0 0 0 1 0 0 103.97682742649016 212.97507652138927 143.1 216.41981219209802 96.45697217088048 311.88898 37.56105 -999.0 -999.0 -999.0 -999.0 -999.0 140.2481089236573 13.428724319558377 140.27307365869837 13.320065532768735 65.17862503800575 137.63870232050996 -999.0 16600.0 -999.0 2 -999 {-999.0 -999.0 -999.0 -999.0 -999.0} "" -999.0 -999.0 -999.0 -999.0 -999 -999 "" "" "" "" 0 0 0.0 0.0 -999 ""
FIBERMAP 402 R+12C13 BOSS 1 1 0 1 0 0 103.23383049046107 213.11314144906092 143.1 215.93905837215127 97.03980715465953 311.88898 37.56105 140.2459716796875 13.431310303101213 -999.0 -999.0 -999.0 140.2459716796875 13.431310303101213 140.2708858020276 13.322731317799692 65.18203191263237 137.6391279566909 5400.0 5400.0 2015.5 1 100 {-999.0 -999.0 -999.0 -999.0 -999.0} "" -999.0 -999.0 -999.0 -999.0 27021603088171630 804852133 "" ops_sky_boss_good ops_sky sky_boss 0 0 0.0 0.0 -999 ""
FIBERMAP 402 R+12C13 METROLOGY 0 0 0 1 0 0 103.72153762332628 213.6761393551726 143.1 216.67427646493175 97.15813664385676 311.88898 37.56105 -999.0 -999.0 -999.0 -999.0 -999.0 140.2493379559826 13.431841606940027 140.27426694454545 13.323235196057249 65.18052576136643 137.63205666138913 -999.0 6231.0 -999.0 -1 -999 {-999.0 -999.0 -999.0 -999.0 -999.0} "" -999.0 -999.0 -999.0 -999.0 -999 -999 "" "" "" "" 0 0 0.0 0.0 -999 ""
FIBERMAP 404 R+1C23 APOGEE 0 0 0 1 0 0 225.72438655039176 35.193610058306064 143.1 195.57948228319822 -117.95195292900941 106.55433 48.37336 -999.0 -999.0 -999.0 -999.0 -999.0 140.14963192433024 12.457247713865206 140.17293045502817 12.348951759183919 64.4384581478799 139.13355965992616 -999.0 16600.0 -999.0 2 -999 {-999.0 -999.0 -999.0 -999.0 -999.0} "" -999.0 -999.0 -999.0 -999.0 -999 -999 "" "" "" "" 0 0 0.0 0.0 -999 ""
FIBERMAP 404 R+1C23 BOSS 1 1 0 1 0 0 226.40975036291397 34.8882911169368 143.1 195.9086862636747 -118.62596072888303 106.55433 48.37336 140.15121459960938 12.45410728918398 -999.0 -999.0 -999.0 140.15121459960938 12.454107289183982 140.17445019167636 12.345890126016236 64.43509210739825 139.13471270982222 5400.0 5400.0 2015.5 1 182 {-999.0 -999.0 -999.0 -999.0 -999.0} "" -999.0 -999.0 -999.0 -999.0 27021603088166657 804851468 "" ops_sky_boss_good ops_sky sky_boss 0 0 0.0 0.0 -999 ""
FIBERMAP 404 R+1C23 METROLOGY 0 0 0 1 0 0 225.79715639883676 34.45106946704585 143.1 195.15851363589653 -118.56771999722751 106.55433 48.37336 -999.0 -999.0 -999.0 -999.0 -999.0 140.1477404459519 12.45438609774881 140.1709946838103 12.346151724394971 64.43720932977845 139.14083562490475 -999.0 6231.0 -999.0 -1 -999 {-999.0 -999.0 -999.0 -999.0 -999.0} "" -999.0 -999.0 -999.0 -999.0 -999 -999 "" "" "" "" 0 0 0.0 0.0 -999 ""
FIBERMAP 409 R+9C6 APOGEE 0 0 0 1 0 0 -68.61477547052625 179.95459942522842 143.1 62.95389214785584 181.96128496522422 14.596207 130.84184 -999.0 -999.0 -999.0 -999.0 -999.0 139.53358623921144 13.818389088308747 139.55971269077713 13.710838625713384 65.89848017367345 138.4598828424152 -999.0 16600.0 -999.0 2 17 {-999.0 -999.0 -999.0 -999.0 -999.0} "" -999.0 -999.0 -999.0 -999.0 -999 -999 "" ops_sky_apogee_best_unassigned ops_sky sky_apogee 0 0 0.0 0.0 -999 ""
FIBERMAP 409 R+9C6 BOSS 1 1 0 1 0 0 -68.00012370259184 179.53410053028614 143.1 63.154956536340876 181.24440843836553 14.596207 130.84184 139.53460693359372 13.815128893668529 -999.0 -999.0 -999.0 139.53460693359372 13.815128893668529 139.5606727424461 13.707652229985786 65.89533552063955 138.46249082895662 5400.0 5400.0 2015.5 1 147 {-999.0 -999.0 -999.0 -999.0 -999.0} "" -999.0 -999.0 -999.0 -999.0 27021603088394162 816613925 "" ops_sky_boss_good ops_sky sky_boss 0 0 0.0 0.0 -999 ""
FIBERMAP 409 R+9C6 METROLOGY 0 0 0 1 0 0 -68.67314780180678 179.1961190085403 143.1 62.422188717881966 181.41750006257843 14.596207 130.84184 -999.0 -999.0 -999.0 -999.0 -999.0 139.53116268091523 13.815927429496835 139.557247549672 13.708435158606362 65.89788648407134 138.4680634400295 -999.0 6231.0 -999.0 -1 -999 {-999.0 -999.0 -999.0 -999.0 -999.0} "" -999.0 -999.0 -999.0 -999.0 -999 -999 "" "" "" "" 0 0 0.0 0.0 -999 ""
FIBERMAP 410 R-2C2 APOGEE 0 0 0 1 0 0 -242.37741710009584 -49.33144118804188 143.1 -217.41850130505063 117.80922002177535 274.92657 132.59027 -999.0 -999.0 -999.0 -999.0 -999.0 138.22718125265658 13.521753043717212 138.2535946743285 13.416480339032972 66.36044791163141 141.4719953629763 -999.0 16600.0 -999.0 2 -999 {-999.0 -999.0 -999.0 -999.0 -999.0} "" -999.0 -999.0 -999.0 -999.0 -999 -999 "" "" "" "" 0 0 0.0 0.0 -999 ""
FIBERMAP 410 R-2C2 BOSS 1 1 0 1 0 0 -242.86917762170845 -49.903243531539545 143.1 -218.1624784574292 117.68674565805513 274.92657 132.59027 138.22378155924108 13.521097389696402 -999.0 -999.0 -999.0 138.22378155924108 13.5210973896964 138.2501463285362 13.415906016688618 66.36176994119398 141.47981561513782 5400.0 5400.0 2016.0 1 435 {-999.0 21.93182 21.558756 21.426191 21.33277} sdss_psfmag_from_lsdr10 1e+20 1e+20 1e+20 -999.0 63050398245622064 1059076660 dark_flexible_2x2 bhm_spiders_agn_lsdr10 bhm_spiders science 0 0 0.0 0.0 -999 ""
FIBERMAP 410 R-2C2 METROLOGY 0 0 0 1 0 0 -243.1100066343414 -49.190109822713225 143.1 -217.8891822447767 118.38787634230724 274.92657 132.59027 -999.0 -999.0 -999.0 -999.0 -999.0 138.22503118446022 13.524295479953766 138.2514151957442 13.41907995331949 66.36378001486797 141.4729594621183 -999.0 6231.0 -999.0 -1 -999 {-999.0 -999.0 -999.0 -999.0 -999.0} "" -999.0 -999.0 -999.0 -999.0 -999 -999 "" "" "" "" 0 0 0.0 0.0 -999 ""
FIBERMAP 415 R-2C4 APOGEE 0 0 0 1 0 0 -191.99633996173554 -35.610303786113036 143.1 -169.9995063196146 95.97808700192819 355.39862 139.546 -999.0 -999.0 -999.0 -999.0 -999.0 138.44658939412543 13.425093556990596 138.47268709151933 13.319463641913991 66.16365306636364 141.15659927227307 -999.0 16600.0 -999.0 2 -999 {-999.0 -999.0 -999.0 -999.0 -999.0} "" -999.0 -999.0 -999.0 -999.0 -999 -999 "" "" "" "" 0 0 0.0 0.0 -999 ""
FIBERMAP 415 R-2C4 BOSS 1 1 0 1 0 0 -191.4656354322709 -36.12257007320015 143.1 -169.92169267487316 95.24478141409107 355.39862 139.546 138.44696044921875 13.42172277687068 -999.0 -999.0 -999.0 138.44696044921875 13.421722776870682 138.47300135402 13.316168771173858 66.16071824905474 141.1603815106005 5400.0 5400.0 2015.5 1 474 {-999.0 -999.0 -999.0 -999.0 -999.0} "" -999.0 -999.0 -999.0 -999.0 27021603088387739 816613555 "" ops_sky_boss_good ops_sky sky_boss 0 0 0.0 0.0 -999 ""
FIBERMAP 415 R-2C4 METROLOGY 0 0 0 1 0 0 -192.19200022174715 -36.33028923260763 143.1 -170.61170537346763 95.55194617687808 355.39862 139.546 -999.0 -999.0 -999.0 -999.0 -999.0 138.44375165372279 13.423105594773652 138.46981143340975 13.317535301389082 66.16354890693155 141.165004550871 -999.0 6231.0 -999.0 -1 -999 {-999.0 -999.0 -999.0 -999.0 -999.0} "" -999.0 -999.0 -999.0 -999.0 -999 -999 "" "" "" "" 0 0 0.0 0.0 -999 ""
FIBERMAP 417 R+13C12 APOGEE 0 0 0 1 0 0 94.00720703523776 242.1827935136174 143.1 227.53191793563116 125.24115161180319 224.20245 128.56378 -999.0 -999.0 -999.0 -999.0 -999.0 140.29888991342906 13.558317835554073 140.3240530532052 13.449548863037041 65.25477793496525 137.3622815369265 -999.0 16600.0 -999.0 2 93 {-999.0 -999.0 -999.0 -999.0 -999.0} "" -999.0 -999.0 -999.0 -999.0 -999 -999 "" ops_sky_apogee_best_unassigned ops_sky sky_apogee 0 0 0.0 0.0 -999 ""
FIBERMAP 417 R+13C12 BOSS 1 1 0 1 0 0 93.26461714695613 242.2639598363552 143.1 227.0149452521197 125.78012097980803 224.20245 128.56378 140.296573567329 13.560700287801387 -1.2537876 -0.53172237 0.460811 140.29656993349275 13.560698789679634 140.32168202980102 13.452009469120778 65.25812286984669 137.36330431160567 5400.0 5400.0 2016.0 1 92 {-999.0 20.748459 20.292915 19.907639 19.670969} sdss_fiber2mag_from_lsdr10 20.064705 20.340029 18.93291 -999.0 63050394818043525 1059076692 dark_flexible_2x2 bhm_spiders_agn_lsdr10 bhm_spiders science 0 0 0.0 0.0 -999 ""
FIBERMAP 417 R+13C12 METROLOGY 0 0 0 1 0 0 93.69683176310402 242.86497056963935 143.1 227.73204212856947 125.96320966947525 224.20245 128.56378 -999.0 -999.0 -999.0 -999.0 -999.0 140.29984635989047 13.561515353125413 140.32497395165615 13.452798835555786 65.25688761916193 137.35599964312217 -999.0 6231.0 -999.0 -1 -999 {-999.0 -999.0 -999.0 -999.0 -999.0} "" -999.0 -999.0 -999.0 -999.0 -999 -999 "" "" "" "" 0 0 0.0 0.0 -999 ""
FIBERMAP 422 R+8C8 APOGEE 0 0 0 1 0 0 -42.996374449077834 171.03541934446253 143.1 76.86015649302564 158.67819721810775 104.88999 92.35291 -999.0 -999.0 -999.0 -999.0 -999.0 139.59885164026204 13.71314681603536 139.62474517564647 13.60550838506943 65.77595406856645 138.48107212953693 -999.0 16600.0 -999.0 2 -999 {-999.0 -999.0 -999.0 -999.0 -999.0} "" -999.0 -999.0 -999.0 -999.0 -999 -999 "" "" "" "" 0 0 0.0 0.0 -999 ""
FIBERMAP 422 R+8C8 BOSS 1 1 0 1 0 0 -42.27870484506216 171.27511196946688 143.1 77.564033664264 158.40111793794975 104.88999 92.35291 139.60222705717283 13.711875836044909 -1.7350639 -4.978614 1.4278502 139.60222202524025 13.711861808856893 139.62805663790297 13.604293326746213 65.77311278559618 138.47634462415132 5400.0 5400.0 2016.0 1 132 {-999.0 20.440647 20.640667 21.062098 -999.0} sdss_psfmag 20.284727 20.513992 20.215902 -999.0 63050394818513618 1092174848 dark_flexible_2x1 mwm_cb_galex_mag_boss mwm_cb science 0 0 0.0 0.0 -999 ""
FIBERMAP 422 R+8C8 METROLOGY 0 0 0 1 0 0 -42.433849300458824 170.54528932326104 143.1 76.97656810901695 157.94142586960456 104.88999 92.35291 -999.0 -999.0 -999.0 -999.0 -999.0 139.59946409309183 13.7098020439295 139.6253123123896 13.60221723489473 65.77294174581066 138.48457118940465 -999.0 6231.0 -999.0 -1 -999 {-999.0 -999.0 -999.0 -999.0 -999.0} "" -999.0 -999.0 -999.0 -999.0 -999 -999 "" "" "" "" 0 0 0.0 0.0 -999 ""
FIBERMAP 423 R-11C2 APOGEE 0 0 0 1 0 0 -154.93029523727424 -221.85733426880282 143.1 -261.17073672642846 -70.55006710749362 216.4505 122.69067 -999.0 -999.0 -999.0 -999.0 -999.0 138.03076774396698 12.668062147547998 138.05572002135892 12.563300100955184 65.73807308604783 142.98614483849434 -999.0 16600.0 -999.0 2 -999 {-999.0 -999.0 -999.0 -999.0 -999.0} "" -999.0 -999.0 -999.0 -999.0 -999 -999 "" "" "" "" 0 0 0.0 0.0 -999 ""
FIBERMAP 423 R-11C2 BOSS 1 1 0 1 0 0 -155.69884494142502 -221.51013155442354 143.1 -261.5367994799746 -69.79055353397852 216.4505 122.69067 138.02910653923632 12.67140802344088 0.06467656 0.6590674 -0.068699226 138.02910672601084 12.67140988035577 138.05401719078662 12.566728731494708 65.74186650818024 142.98527532960856 5400.0 5400.0 2016.0 1 428 {-999.0 19.98438 19.996996 19.974953 19.955702} sdss_psfmag_from_lsdr10 20.023966 19.869062 19.555435 -999.0 63050394818498654 1059072853 dark_flexible_2x2 bhm_spiders_agn_lsdr10 bhm_spiders science 0 0 0.0 0.0 -999 ""
FIBERMAP 423 R-11C2 METROLOGY 0 0 0 1 0 0 -155.05940374732324 -221.12249212715284 143.1 -260.7978859055542 -69.90402844790246 216.4505 122.69067 -999.0 -999.0 -999.0 -999.0 -999.0 138.03247243927453 12.67092748091082 138.05739393730772 12.566218318599393 65.73972063300783 142.97906154484477 -999.0 6231.0 -999.0 -1 -999 {-999.0 -999.0 -999.0 -999.0 -999.0} "" -999.0 -999.0 -999.0 -999.0 -999 -999 "" "" "" "" 0 0 0.0 0.0 -999 ""
FIBERMAP 425 R-10C2 APOGEE 0 0 0 1 0 0 -152.3858820321597 -200.26045002662042 143.1 -245.3549032131839 -55.632881124796725 224.96239 174.33186 -999.0 -999.0 -999.0 -999.0 -999.0 138.10239956148362 12.735685051773775 138.1274341868123 12.630785749611006 65.75931344513083 142.7551564533207 -999.0 16600.0 -999.0 2 -999 {-999.0 -999.0 -999.0 -999.0 -999.0} "" -999.0 -999.0 -999.0 -999.0 -999 -999 "" "" "" "" 0 0 0.0 0.0 -999 ""
FIBERMAP 425 R-10C2 BOSS 1 1 0 1 0 0 -152.9411874919841 -200.72616784720884 143.1 -246.0794682572632 -55.633259582616084 224.96239 174.33186 138.099110698126 12.735591289972799 0.24357034 -0.2946467 -0.065315366 138.09911140169194 12.73559045980904 138.12409859240026 12.63077532721998 65.76100193735107 142.76193406860813 5400.0 5400.0 2016.0 1 427 {-999.0 18.457062 18.268866 18.108063 17.990728} sdss_psfmag_from_gaiadr2 18.520498 18.270838 17.87961 16.342 63050394818498844 1057574749 bright_flexible_2x1 bhm_gua_bright bhm_filler science 0 0 0.0 0.0 -999 ""
FIBERMAP 425 R-10C2 METROLOGY 0 0 0 1 0 0 -153.08499480586633 -199.99986739068308 143.1 -245.72336592002821 -54.984329725154495 224.96239 174.33186 -999.0 -999.0 -999.0 -999.0 -999.0 138.10070495930688 12.73855434997552 138.1257106690046 12.633713619969347 65.76268870694882 142.75493218683582 -999.0 6231.0 -999.0 -1 -999 {-999.0 -999.0 -999.0 -999.0 -999.0} "" -999.0 -999.0 -999.0 -999.0 -999 -999 "" "" "" "" 0 0 0.0 0.0 -999 ""
FIBERMAP 428 R+3C23 APOGEE 0 0 0 1 0 0 214.56591514980852 59.9778447097744 143.1 202.94048798370304 -91.7944295825361 232.19115 48.240402 -999.0 -999.0 -999.0 -999.0 -999.0 140.18428264927837 12.57563686263316 140.20777006935276 12.467259141472704 64.5168944444984 138.91335086465548 -999.0 16600.0 -999.0 2 -999 {-999.0 -999.0 -999.0 -999.0 -999.0} "" -999.0 -999.0 -999.0 -999.0 -999 -999 "" "" "" "" 0 0 0.0 0.0 -999 ""
FIBERMAP 428 R+3C23 BOSS 1 1 0 1 0 0 214.43781087500977 60.689879808715226 143.1 203.29946551762458 -91.16651386537805 232.19115 48.240402 140.18604671553092 12.578384932184182 -0.2437954 0.254433 -0.35590908 140.1860460117487 12.578385649046286 140.20948071942993 12.470084708239412 64.5182783722494 138.90643286750264 5400.0 5400.0 2016.0 1 186 {-999.0 19.318932 19.06077 18.888 18.73886} sdss_psfmag_from_lsdr10 19.29667 18.99337 18.381176 -999.0 63050394818035009 1059071495 dark_flexible_2x2 bhm_spiders_agn_lsdr10 bhm_spiders science 0 0 0.0 0.0 -999 ""
FIBERMAP 428 R+3C23 METROLOGY 0 0 0 1 0 0 215.14013905347264 60.454215247247646 143.1 203.6863905877873 -91.79803368204774 232.19115 48.240402 -999.0 -999.0 -999.0 -999.0 -999.0 140.18778686146408 12.575557104405195 140.21123154590003 12.467231143762842 64.51495833423446 138.90691173757216 -999.0 6231.0 -999.0 -1 -999 {-999.0 -999.0 -999.0 -999.0 -999.0} "" -999.0 -999.0 -999.0 -999.0 -999 -999 "" "" "" "" 0 0 0.0 0.0 -999 ""
FIBERMAP 432 R+11C15 APOGEE 0 0 0 1 0 0 157.3256368744116 217.28052230003456 143.1 260.06794196817225 65.50473537307285 15.679069 120.80985 -999.0 -999.0 -999.0 -999.0 -999.0 140.44888390200845 13.28745306020845 140.47346878161255 13.17849295274522 64.94987257128028 137.4586246773183 -999.0 16600.0 -999.0 2 -999 {-999.0 -999.0 -999.0 -999.0 -999.0} "" -999.0 -999.0 -999.0 -999.0 -999 -999 "" "" "" "" 0 0 0.0 0.0 -999 ""
FIBERMAP 432 R+11C15 BOSS 1 1 0 1 0 0 157.86266882620478 216.7959141749493 143.1 260.16836210034575 64.78856321658625 15.679069 120.80985 140.44940833406983 13.284136809455598 -0.026388355 0.28890982 -0.2505478 140.44940825767685 13.284137623455743 140.4739295900806 13.175254860908112 64.94698177129854 137.46222948027068 5400.0 5400.0 2016.0 1 178 {-999.0 18.794952 18.699047 18.76398 18.620062} sdss_psfmag 18.903273 18.83208 18.55826 -999.0 63050394818040805 1128935817 dark_1x4 bhm_aqmes_wide1 bhm_aqmes science 0 0 0.0 0.0 -999 ""
FIBERMAP 432 R+11C15 METROLOGY 0 0 0 1 0 0 157.15611679009774 216.5539378785624 143.1 259.47153869015085 65.05675455397649 15.679069 120.80985 -999.0 -999.0 -999.0 -999.0 -999.0 140.44619965122206 13.285392343663306 140.47074156295065 13.176492615173492 64.94979901808347 137.46647453736043 -999.0 6231.0 -999.0 -1 -999 {-999.0 -999.0 -999.0 -999.0 -999.0} "" -999.0 -999.0 -999.0 -999.0 -999 -999 "" "" "" "" 0 0 0.0 0.0 -999 ""
FIBERMAP 436 R+4C3 APOGEE 0 0 0 1 0 0 -207.51530520874687 67.8862401933242 143.1 -115.44423585187754 185.256415056904 223.5812 132.8408 -999.0 -999.0 -999.0 -999.0 -999.0 138.7000872831536 13.830622064963078 138.72677285068625 13.724477623596968 66.36672157341499 140.09136278265822 -999.0 16600.0 -999.0 2 149 {-999.0 -999.0 -999.0 -999.0 -999.0} "" -999.0 -999.0 -999.0 -999.0 -999 -999 "" ops_sky_apogee_best_unassigned ops_sky sky_apogee 0 0 0.0 0.0 -999 ""
FIBERMAP 436 R+4C3 BOSS 1 1 0 1 0 0 -208.2499934467839 67.93460659903434 143.1 -115.97621174360958 185.76517506687983 223.5812 132.8408 138.6976382277938 13.832854575784715 0.5751984 -0.5946279 -0.6593342 138.69763989681482 13.832852900427307 138.72427997948054 13.726786516818661 66.36998651345237 140.09318812196312 5400.0 5400.0 2016.0 1 29 {-999.0 20.369421 20.284111 20.286356 20.291502} sdss_psfmag_from_gdr3 20.366302 20.297554 20.10163 -999.0 63050394818514930 1128539395 dark_flexible_3x1 bhm_spiders_agn_gaiadr3_d3 bhm_spiders science 0 0 0.0 0.0 -999 ""
FIBERMAP 436 R+4C3 METROLOGY 0 0 0 1 0 0 -207.83713178574845 68.55326253790558 143.1 -115.26261720371706 185.9742114132472 223.5812 132.8408 -999.0 -999.0 -999.0 -999.0 -999.0 138.70095360145106 13.833835483665464 138.72760791447695 13.727742188084159 66.36898585272417 140.0851570038862 -999.0 6231.0 -999.0 -1 -999 {-999.0 -999.0 -999.0 -999.0 -999.0} "" -999.0 -999.0 -999.0 -999.0 -999 -999 "" "" "" "" 0 0 0.0 0.0 -999 ""
FIBERMAP 440 R+8C4 APOGEE 0 0 0 1 0 0 -146.62959634259045 145.29068244285025 143.1 -19.088201709644647 205.48469367918685 237.13258 97.69864 -999.0 -999.0 -999.0 -999.0 -999.0 139.14984345672966 13.924162284441067 139.1764112188252 13.817235976654585 66.19831769259308 139.06337674465783 -999.0 16600.0 -999.0 2 -999 {-999.0 -999.0 -999.0 -999.0 -999.0} "" -999.0 -999.0 -999.0 -999.0 -999 -999 "" "" "" "" 0 0 0.0 0.0 -999 ""
FIBERMAP 440 R+8C4 BOSS 1 1 0 1 0 0 -147.33001526141408 145.62165465295917 143.1 -19.412472923832127 206.188026756921 237.13258 97.69864 139.14837168855723 13.927293537697357 -999.0 -999.0 -999.0 139.14837168855723 13.927293537697357 139.17489341766475 13.820443275460434 66.20179495654509 139.0618745162101 5400.0 5400.0 2016.0 1 57 {-999.0 21.40445 21.16976 21.022984 20.89771} sdss_psfmag_from_lsdr10 21.01159 21.059172 20.72427 -999.0 63050394818514945 1059079298 dark_flexible_2x2 bhm_spiders_agn_lsdr10 bhm_spiders science 0 0 0.0 0.0 -999 ""
FIBERMAP 440 R+8C4 METROLOGY 0 0 0 1 0 0 -146.70568517816795 146.0328902773631 143.1 -18.669990210923395 206.10233663968282 237.13258 97.69864 -999.0 -999.0 -999.0 -999.0 -999.0 139.15182874146154 13.926930093687988 139.1783625448573 13.820053043940586 66.19956212365457 139.05554957227247 -999.0 6231.0 -999.0 -1 -999 {-999.0 -999.0 -999.0 -999.0 -999.0} "" -999.0 -999.0 -999.0 -999.0 -999 -999 "" "" "" "" 0 0 0.0 0.0 -999 ""
FIBERMAP 448 R+7C8 APOGEE 0 0 0 1 0 0 -47.63905729650977 128.9543944142656 143.1 46.284810362340274 129.41013782518206 303.55548 134.97891 -999.0 -999.0 -999.0 -999.0 -999.0 139.45626396480495 13.580810097912723 139.48200928416406 13.47343729576933 65.74670167481736 138.94223553268682 -999.0 16600.0 -999.0 2 27 {-999.0 -999.0 -999.0 -999.0 -999.0} "" -999.0 -999.0 -999.0 -999.0 -999 -999 "" ops_sky_apogee_best_unassigned ops_sky sky_apogee 0 0 0.0 0.0 -999 ""
FIBERMAP 448 R+7C8 BOSS 1 1 0 1 0 0 -47.80494011145583 128.2337447228181 143.1 45.69500480262225 128.96436984131736 303.55548 134.97891 139.45358276367185 13.578766940082673 -999.0 -999.0 -999.0 139.45358276367185 13.578766940082675 139.47927227971905 13.471474811859741 65.74659785440643 138.9502820064505 5400.0 5400.0 2015.5 1 104 {-999.0 -999.0 -999.0 -999.0 -999.0} "" -999.0 -999.0 -999.0 -999.0 27021603088393611 804882180 "" ops_sky_boss_good ops_sky sky_boss 0 0 0.0 0.0 -999 ""
FIBERMAP 448 R+7C8 METROLOGY 0 0 0 1 0 0 -48.35826736544095 128.74423412210942 143.1 45.59871339905258 129.71083825496584 303.55548 134.97891 -999.0 -999.0 -999.0 -999.0 -999.0 139.45310642203154 13.582163263098536 139.4788177011543 13.474849765561403 65.74962691988205 138.94650208855757 -999.0 6231.0 -999.0 -1 -999 {-999.0 -999.0 -999.0 -999.0 -999.0} "" -999.0 -999.0 -999.0 -999.0 -999 -999 "" "" "" "" 0 0 0.0 0.0 -999 ""
FIBERMAP 450 R+2C17 APOGEE 0 0 0 1 0 0 85.37005118377546 47.758435749106866 143.1 96.08589711310383 -18.210720508453 85.13477 142.79353 -999.0 -999.0 -999.0 -999.0 -999.0 139.68966368317018 12.909415478920742 139.71405086516728 12.801789237457633 65.0647441744769 139.40511855746985 -999.0 16600.0 -999.0 2 61 {-999.0 -999.0 -999.0 -999.0 -999.0} "" -999.0 -999.0 -999.0 -999.0 -999 -999 "" ops_sky_apogee_best_unassigned ops_sky sky_apogee 0 0 0.0 0.0 -999 ""
FIBERMAP 450 R+2C17 BOSS 1 1 0 1 0 0 85.85529775648034 48.328267448503226 143.1 96.82361707778107 -18.08557417616488 85.13477 142.79353 139.69287818018572 12.90989938556271 -1.5555329 -0.23242274 0.008822897 139.6932065485386 12.90989873071424 139.7175376742257 12.80234509981402 65.0632962182809 139.39770332789004 5400.0 5400.0 2016.0 1 199 {-999.0 16.913464 16.041977 15.74999 -999.0} sdss_psfmag 16.630442 16.07509 15.370869 13.863 63050394818040049 1061215369 dark_flexible_2x1 manual_mwm_halo_distant_kgiant_near_boss mwm_halo science 0 0 1.168022632598877 0.0 -999 ""
FIBERMAP 450 R+2C17 METROLOGY 0 0 0 1 0 0 86.11175889644906 47.62462348470187 143.1 96.56839328787531 -18.78946873691789 85.13477 142.79353 -999.0 -999.0 -999.0 -999.0 -999.0 139.69199103744145 12.906717938260648 139.71633276650687 12.799144716883998 65.06130661610334 139.40426948611375 -999.0 6231.0 -999.0 -1 -999 {-999.0 -999.0 -999.0 -999.0 -999.0} "" -999.0 -999.0 -999.0 -999.0 -999 -999 "" "" "" "" 0 0 0.0 0.0 -999 ""
FIBERMAP 452 R+12C9 APOGEE 0 0 0 1 0 0 37.4009753061861 241.46921969769198 143.1 183.69356255523567 161.0373953905205 61.16489 81.154335 -999.0 -999.0 -999.0 -999.0 -999.0 140.09584114922228 13.721337909355643 140.1214275096362 13.612870959251666 65.5024821846748 137.5164649394665 -999.0 16600.0 -999.0 2 -999 {-999.0 -999.0 -999.0 -999.0 -999.0} "" -999.0 -999.0 -999.0 -999.0 -999 -999 "" "" "" "" 0 0 0.0 0.0 -999 ""
FIBERMAP 452 R+12C9 BOSS 1 1 0 1 0 0 38.00048197217439 241.04196894774847 143.1 183.87868556999535 160.32506823713732 61.16489 81.154335 140.09645593015634 13.718070681185822 0.022363883 -2.210563 0.032986887 140.0967897492022 13.718064452949843 140.1223135824013 13.609672156480705 65.49938301724946 137.51928677155408 5400.0 5400.0 2016.0 1 154 {-999.0 16.766703 16.04791 15.752295 -999.0} sdss_psfmag 16.57497 16.083689 15.42678 14.131 63050394818045115 1133105078 dark_flexible_3x1 mwm_halo_mp_xp_boss_triple mwm_halo science 0 0 1.167241096496582 0.0 -999 ""
FIBERMAP 452 R+12C9 METROLOGY 0 0 0 1 0 0 37.3219855468844 240.72731498788266 143.1 183.15670110529499 160.51955036748706 61.16489 81.154335 -999.0 -999.0 -999.0 -999.0 -999.0 140.09342398733853 13.718984667470876 140.11896759994784 13.610576337134097 65.50201689095925 137.52437743527392 -999.0 6231.0 -999.0 -1 -999 {-999.0 -999.0 -999.0 -999.0 -999.0} "" -999.0 -999.0 -999.0 -999.0 -999 -999 "" "" "" "" 0 0 0.0 0.0 -999 ""
FIBERMAP 455 R-2C17 APOGEE 0 0 0 1 0 0 79.72247930741963 -52.09221336033232 143.1 27.650425435768057 -91.10539118817856 257.72638 87.71709 -999.0 -999.0 -999.0 -999.0 -999.0 139.37049027844895 12.577374977331084 139.39447512470701 12.47035105060319 64.96195989353558 140.454628395702 -999.0 16600.0 -999.0 2 238 {-999.0 -999.0 -999.0 -999.0 -999.0} "" -999.0 -999.0 -999.0 -999.0 -999 -999 "" ops_sky_apogee_best_unassigned ops_sky sky_apogee 0 0 0.0 0.0 -999 ""
FIBERMAP 455 R-2C17 BOSS 1 1 0 1 0 0 78.99399539440275 -51.97957287882896 143.1 27.164470335435926 -90.55135808837753 257.72638 87.71709 139.36828941268124 12.579765163655534 -999.0 -999.0 -999.0 139.36828941268124 12.579765163655534 139.39222624689455 12.472824229466964 64.96523210174519 140.45576302913702 5400.0 5400.0 2016.0 1 303 {-999.0 22.165474 21.937994 21.75917 21.600431} sdss_psfmag_from_lsdr10 1e+20 1e+20 1e+20 -999.0 63050396815410349 1059071483 dark_flexible_2x2 bhm_spiders_agn_lsdr10 bhm_spiders science 0 0 0.0 0.0 -999 ""
FIBERMAP 455 R-2C17 METROLOGY 0 0 0 1 0 0 79.46864766569242 -51.39214486247067 143.1 27.905368774556 -90.40592491343493 257.72638 87.71709 -999.0 -999.0 -999.0 -999.0 -999.0 139.37172674724883 12.580462862300365 139.3956780075535 12.4734934022713 64.96394362543572 140.44823598331462 -999.0 6231.0 -999.0 -1 -999 {-999.0 -999.0 -999.0 -999.0 -999.0} "" -999.0 -999.0 -999.0 -999.0 -999 -999 "" "" "" "" 0 0 0.0 0.0 -999 ""
FIBERMAP 463 R+8C11 APOGEE 0 0 0 1 0 0 16.6469086213958 170.3996739217726 143.1 122.15964983773854 119.89801348925684 133.08069 91.79569 -999.0 -999.0 -999.0 -999.0 -999.0 139.81067348081288 13.537049231045794 139.8361128960484 13.429093076008053 65.51351549021828 138.31869800334718 -999.0 16600.0 -999.0 2 -999 {-999.0 -999.0 -999.0 -999.0 -999.0} "" -999.0 -999.0 -999.0 -999.0 -999 -999 "" "" "" "" 0 0 0.0 0.0 -999 ""
FIBERMAP 463 R+8C11 BOSS 1 1 0 1 0 0 17.179349233744343 170.93434289285403 143.1 122.91096133488985 119.96591269537689 133.08069 91.79569 139.8142665194568 13.537308224600082 1.0532506 -0.1234939 0.0163299 139.81426957177877 13.537307876657394 139.8396520725194 13.429421813393457 65.51180526490091 138.31144664679417 5400.0 5400.0 2016.0 1 134 {-999.0 20.053009 19.788849 19.763538 19.784288} sdss_psfmag_from_lsdr10 20.163755 20.05333 19.725496 -999.0 63050394818042597 1059076684 dark_flexible_2x2 bhm_spiders_agn_lsdr10 bhm_spiders science 0 0 0.0 0.0 -999 ""
FIBERMAP 463 R+8C11 METROLOGY 0 0 0 1 0 0 17.368972294056785 170.21182815222983 143.1 122.59240047645872 119.29046878390571 133.08069 91.79569 -999.0 -999.0 -999.0 -999.0 -999.0 139.81276976022028 13.534267134230074 139.83816340941468 13.426362619544438 65.51013475183984 138.31854791947416 -999.0 6231.0 -999.0 -1 -999 {-999.0 -999.0 -999.0 -999.0 -999.0} "" -999.0 -999.0 -999.0 -999.0 -999 -999 "" "" "" "" 0 0 0.0 0.0 -999 ""
FIBERMAP 466 R+5C5 APOGEE 1 1 0 1 0 0 -160.5826650500349 109.4750407142152 143.1 -52.775981935530496 186.9956928835205 185.43298 61.871017 138.99251029544655 13.840316682680676 -9.099981 2.6865332 0.64644724 138.99248388969218 13.840324251956064 139.01899958697004 13.733680976141516 66.21572011306642 139.49307770406767 16000.0 16600.0 2016.0 2 128 {-999.0 13.774426 13.030413 12.76217 -999.0} sdss_psfmag_from_g3xp 13.573324 13.071873 12.413955 11.16 63050394818514766 1107917465 bright_flexible_3x1 mwm_tess_rgb_apogee mwm_tessrgb science 0 0 0.0 0.0 -999 ""
FIBERMAP 466 R+5C5 BOSS 0 0 0 1 0 0 -160.28510181272566 110.15799755589681 143.1 -52.1094630794498 187.32803170160915 185.43298 61.871017 -999.0 -999.0 -999.0 -999.0 -999.0 138.99563492164728 13.84181190021262 139.02209931334403 13.735237430026226 66.21531405005213 139.48473371939136 -999.0 5400.0 -999.0 1 42 {-999.0 -999.0 -999.0 -999.0 -999.0} "" -999.0 -999.0 -999.0 -999.0 -999 -999 "" "" "" "" 0 0 0.0 0.0 -999 ""
FIBERMAP 466 R+5C5 METROLOGY 0 0 0 1 0 0 -159.83621086116588 109.55848513736667 143.1 -52.1503622461071 186.58039204209726 185.43298 61.871017 -999.0 -999.0 -999.0 -999.0 -999.0 138.99543434221562 13.838452709077755 139.0219074770526 13.73185816383142 66.21262447651841 139.4898272940348 -999.0 6231.0 -999.0 -1 -999 {-999.0 -999.0 -999.0 -999.0 -999.0} "" -999.0 -999.0 -999.0 -999.0 -999 -999 "" "" "" "" 0 0 0.0 0.0 -999 ""
FIBERMAP 469 R+1C6 APOGEE 0 0 0 1 0 0 -157.20697223459223 26.134001983675205 143.1 -103.69674840056159 120.95993397908842 31.154205 117.33919 -999.0 -999.0 -999.0 -999.0 -999.0 138.7549668094475 13.540483734069165 138.7810836564637 13.434304087816932 66.09580422158605 140.38062147876644 -999.0 16600.0 -999.0 2 -999 {-999.0 -999.0 -999.0 -999.0 -999.0} "" -999.0 -999.0 -999.0 -999.0 -999 -999 "" "" "" "" 0 0 0.0 0.0 -999 ""
FIBERMAP 469 R+1C6 BOSS 1 1 0 1 0 0 -156.5562077772849 25.757269972787586 143.1 -103.43990923108178 120.25341267538398 31.154205 117.33919 138.7561797606539 13.537266816737338 0.9296412 -3.8230312 0.1992391 138.7561824547551 13.537256045390393 138.7822411945059 13.431150540869412 66.09255245342817 140.38259348158434 5400.0 5400.0 2016.0 1 20 {-999.0 18.400156 17.992126 17.919147 -999.0} sdss_psfmag 18.348352 18.009329 17.542217 -999.0 63050394818504300 976572154 "" ops_std_boss ops_std standard_boss 0 0 0.0 0.0 -999 ""
FIBERMAP 469 R+1C6 METROLOGY 0 0 0 1 0 0 -157.2021152956306 25.387919956914253 143.1 -104.17203586368157 120.38505528604621 31.154205 117.33919 -999.0 -999.0 -999.0 -999.0 -999.0 138.75275840032 13.537845837744253 138.77883502021234 13.431724624341179 66.09485773247332 140.38863382931174 -999.0 6231.0 -999.0 -1 -999 {-999.0 -999.0 -999.0 -999.0 -999.0} "" -999.0 -999.0 -999.0 -999.0 -999 -999 "" "" "" "" 0 0 0.0 0.0 -999 ""
FIBERMAP 481 R+7C10 APOGEE 0 0 0 1 0 0 -2.248674183005358 147.20616491652166 143.1 92.78800198482797 114.2552502582792 63.015316 104.18695 -999.0 -999.0 -999.0 -999.0 -999.0 139.67373561528797 13.511835806893403 139.69921721775603 13.404113069495589 65.56937099725654 138.6168200585405 -999.0 16600.0 -999.0 2 30 {-999.0 -999.0 -999.0 -999.0 -999.0} "" -999.0 -999.0 -999.0 -999.0 -999 -999 "" ops_sky_apogee_best_unassigned ops_sky sky_apogee 0 0 0.0 0.0 -999 ""
FIBERMAP 481 R+7C10 BOSS 1 1 0 1 0 0 -1.5187448331186622 147.07657978279354 143.1 93.26418576381393 113.68730359607582 63.015316 104.18695 139.67605590820312 13.509223184706897 -999.0 -999.0 -999.0 139.67605590820312 13.509223184706897 139.70147671901523 13.401573271752623 65.56603067403279 138.61596821060976 5400.0 5400.0 2015.5 1 127 {-999.0 -999.0 -999.0 -999.0 -999.0} "" -999.0 -999.0 -999.0 -999.0 27021603088172713 804852295 "" ops_sky_boss_good ops_sky sky_boss 0 0 0.0 0.0 -999 ""
FIBERMAP 481 R+7C10 METROLOGY 0 0 0 1 0 0 -1.9832827508497015 146.49577534216345 143.1 92.53529102201763 113.54045264926181 63.015316 104.18695 -999.0 -999.0 -999.0 -999.0 -999.0 139.67263206773657 13.508577527242863 139.69806942918927 13.400911877141056 65.5673819398611 138.62345806859324 -999.0 6231.0 -999.0 -1 -999 {-999.0 -999.0 -999.0 -999.0 -999.0} "" -999.0 -999.0 -999.0 -999.0 -999 -999 "" "" "" "" 0 0 0.0 0.0 -999 ""
FIBERMAP 483 R+13C1 APOGEE 0 0 0 1 0 0 -129.0984693648327 258.06700645491736 143.1 66.75295404316742 280.65532321018156 53.899544 78.12288 -999.0 -999.0 -999.0 -999.0 -999.0 139.54955983505957 14.260086465571133 139.57647845926255 14.152420378315774 66.24933765464921 137.7975088795614 -999.0 16600.0 -999.0 2 135 {-999.0 -999.0 -999.0 -999.0 -999.0} "" -999.0 -999.0 -999.0 -999.0 -999 -999 "" ops_sky_apogee_best_unassigned ops_sky sky_apogee 0 0 0.0 0.0 -999 ""
FIBERMAP 483 R+13C1 BOSS 1 1 0 1 0 0 -128.6324205046922 257.48512681700936 143.1 66.73652468340035 279.91018049150415 53.899544 78.12288 139.54954711180642 14.25669123272682 1.0409396 0.33966276 0.5285766 139.54955013783706 14.256692189722768 139.576408474618 14.149099887291886 66.24667818153117 137.80244791278113 5400.0 5400.0 2016.0 1 7 {-999.0 20.629368 20.345942 20.270683 20.231594} sdss_psfmag_from_lsdr10 20.394476 20.338781 19.90063 -999.0 63050394818518051 1059080571 dark_flexible_2x2 bhm_spiders_agn_lsdr10 bhm_spiders science 0 0 0.0 0.0 -999 ""
FIBERMAP 483 R+13C1 METROLOGY 0 0 0 1 0 0 -129.35772827440496 257.3542107514711 143.1 66.09663218404599 280.275524705984 53.899544 78.12288 -999.0 -999.0 -999.0 -999.0 -999.0 139.546547569079 14.258345194225095 139.57342632845092 14.150736866176468 66.24969314089759 137.8059165450952 -999.0 6231.0 -999.0 -1 -999 {-999.0 -999.0 -999.0 -999.0 -999.0} "" -999.0 -999.0 -999.0 -999.0 -999 -999 "" "" "" "" 0 0 0.0 0.0 -999 ""
FIBERMAP 488 R+13C8 APOGEE 0 0 0 1 0 0 21.48956227042137 259.2809007980373 143.1 182.93553652175504 184.90304572893103 31.523876 119.70971 -999.0 -999.0 -999.0 -999.0 -999.0 140.09174673438508 13.828698886841615 140.11752835397294 13.720216903962848 65.5917403062711 137.37211306739366 -999.0 16600.0 -999.0 2 37 {-999.0 -999.0 -999.0 -999.0 -999.0} "" -999.0 -999.0 -999.0 -999.0 -999 -999 "" ops_sky_apogee_best_unassigned ops_sky sky_apogee 0 0 0.0 0.0 -999 ""
FIBERMAP 488 R+13C8 BOSS 1 1 0 1 0 0 22.139498247520244 258.93280087379117 143.1 183.21012354092792 184.21899855270854 31.523876 119.70971 140.09310192303406 13.825545593201394 -0.44312403 1.3420563 0.25917596 140.09310063728623 13.825549374429695 140.11881968637127 13.717140913980698 65.58851280665029 137.3740166786091 5400.0 5400.0 2016.0 1 166 {-999.0 19.320906 19.039381 18.68753 18.552322} sdss_psfmag 19.527168 19.441074 18.519318 -999.0 63050394818045170 1128935824 dark_1x4 bhm_aqmes_wide1 bhm_aqmes science 0 0 0.0 0.0 -999 ""
FIBERMAP 488 R+13C8 METROLOGY 0 0 0 1 0 0 21.50687105476367 258.52778334023833 143.1 182.46527455554917 184.31478092876415 31.523876 119.70971 -999.0 -999.0 -999.0 -999.0 -999.0 140.08963436644927 13.826029320450903 140.11537249444433 13.717605204996383 65.5908519232218 137.37992373854715 -999.0 6231.0 -999.0 -1 -999 {-999.0 -999.0 -999.0 -999.0 -999.0} "" -999.0 -999.0 -999.0 -999.0 -999 -999 "" "" "" "" 0 0 0.0 0.0 -999 ""
FIBERMAP 489 R-5C2 APOGEE 0 0 0 1 0 0 -199.25656228630518 -111.6830922070125 143.1 -224.40465280046712 42.340968532223094 4.9858246 55.365337 -999.0 -999.0 -999.0 -999.0 -999.0 138.19571241638852 13.180016270222135 138.22151218689493 13.074866404785384 66.08854862663352 141.99080331328375 -999.0 16600.0 -999.0 2 -999 {-999.0 -999.0 -999.0 -999.0 -999.0} "" -999.0 -999.0 -999.0 -999.0 -999 -999 "" "" "" "" 0 0 0.0 0.0 -999 ""
FIBERMAP 489 R-5C2 BOSS 1 1 0 1 0 0 -199.61534515184965 -112.32498619607018 143.1 -225.09172362976085 42.0794033001901 4.9858246 55.365337 138.19257383272185 13.178732520761407 -2.4942844 1.417777 -0.4713564 138.19256661501538 13.178736515331734 138.21831645409887 13.073669045770174 66.08918900256123 141.9988787098519 5400.0 5400.0 2016.0 1 487 {-999.0 20.920755 20.720558 20.54833 20.418238} sdss_psfmag_from_gaiadr2 20.93252 20.7277 20.255814 -999.0 63050394818503153 1129194674 dark_flexible_3x1 bhm_gua_dark_d3 bhm_filler science 0 0 0.0 0.0 -999 ""
FIBERMAP 489 R-5C2 METROLOGY 0 0 0 1 0 0 -200.0026375876881 -111.68889092912876 143.1 -224.9801309957538 42.81552994138161 4.9858246 55.365337 -999.0 -999.0 -999.0 -999.0 -999.0 138.19306059345357 13.182096208836107 138.2188304208757 13.077005459463116 66.09174902336338 141.99345698547043 -999.0 6231.0 -999.0 -1 -999 {-999.0 -999.0 -999.0 -999.0 -999.0} "" -999.0 -999.0 -999.0 -999.0 -999 -999 "" "" "" "" 0 0 0.0 0.0 -999 ""
FIBERMAP 493 R+8C15 APOGEE 0 0 0 1 0 0 101.34940007795542 161.16943966836448 143.1 181.1453325681319 58.44258968272134 142.91325 125.37042 -999.0 -999.0 -999.0 -999.0 -999.0 140.08527851955822 13.257351111272794 140.11004121888323 13.148996345966394 65.13103942068764 138.1824019455899 -999.0 16600.0 -999.0 2 78 {-999.0 -999.0 -999.0 -999.0 -999.0} "" -999.0 -999.0 -999.0 -999.0 -999 -999 "" ops_sky_apogee_best_unassigned ops_sky sky_apogee 0 0 0.0 0.0 -999 ""
FIBERMAP 493 R+8C15 BOSS 1 1 0 1 0 0 101.37528442436398 161.91343931908276 143.1 181.6428416774137 58.99613561373119 142.91325 125.37042 140.08768922548896 13.259792731951 -999.0 -999.0 -999.0 140.08768922548896 13.259792731950999 140.1123986937473 13.151510891912586 65.1317733722048 138.1744957874779 5400.0 5400.0 2016.0 1 230 {-999.0 21.985727 21.433867 21.292578 21.209963} sdss_psfmag_from_lsdr10 1e+20 1e+20 1e+20 -999.0 63050397537896588 1059075444 dark_flexible_2x2 bhm_spiders_agn_lsdr10 bhm_spiders science 0 0 0.0 0.0 -999 ""
FIBERMAP 493 R+8C15 METROLOGY 0 0 0 1 0 0 102.00939541690406 161.5219849518314 143.1 181.8774662103849 58.28902390466362 142.91325 125.37042 -999.0 -999.0 -999.0 -999.0 -999.0 140.08875275072447 13.25659925766354 140.11347177313627 13.148294384234292 65.1285419962179 138.17686869298956 -999.0 6231.0 -999.0 -1 -999 {-999.0 -999.0 -999.0 -999.0 -999.0} "" -999.0 -999.0 -999.0 -999.0 -999 -999 "" "" "" "" 0 0 0.0 0.0 -999 ""
FIBERMAP 495 R+5C10 APOGEE 0 0 0 1 0 0 -36.030746587681975 115.0046512873523 143.1 46.2246447063613 111.26682122120238 134.80305 74.12898 -999.0 -999.0 -999.0 -999.0 -999.0 139.45614836713943 13.498499649661381 139.48174455999856 13.391143727315066 65.6790718962778 139.0562332521126 -999.0 16600.0 -999.0 2 7 {-999.0 -999.0 -999.0 -999.0 -999.0} "" -999.0 -999.0 -999.0 -999.0 -999 -999 "" ops_sky_apogee_best_unassigned ops_sky sky_apogee 0 0 0.0 0.0 -999 ""
FIBERMAP 495 R+5C10 BOSS 1 1 0 1 0 0 -35.36691251207654 115.35855444267649 143.1 46.96059196567199 111.11183145184647 134.80305 74.12898 139.45966738870564 13.497769090536071 -999.0 -999.0 -999.0 139.45966738870564 13.497769090536075 139.48520617689323 13.390483508627971 65.67662016974542 139.0504033589437 5400.0 5400.0 2016.0 1 129 {-999.0 22.217808 21.900013 21.535799 21.224255} sdss_psfmag_from_lsdr10 1e+20 1e+20 1e+20 -999.0 63050398245770013 1059076678 dark_flexible_2x2 bhm_spiders_agn_lsdr10 bhm_spiders science 0 0 0.0 0.0 -999 ""
FIBERMAP 495 R+5C10 METROLOGY 0 0 0 1 0 0 -35.39551787594385 114.61246190960279 143.1 46.45965390277152 110.55842862337295 134.80305 74.12898 -999.0 -999.0 -999.0 -999.0 -999.0 139.45730981381274 13.495269544524847 139.4828608854878 13.38796686571443 65.67583867997097 139.05842931480038 -999.0 6231.0 -999.0 -1 -999 {-999.0 -999.0 -999.0 -999.0 -999.0} "" -999.0 -999.0 -999.0 -999.0 -999 -999 "" "" "" "" 0 0 0.0 0.0 -999 ""
FIBERMAP 501 R+6C19 APOGEE 0 0 0 1 0 0 165.4973097608295 126.89515773634886 143.1 208.29988502520405 -9.008625945607434 171.79521 84.41528 -999.0 -999.0 -999.0 -999.0 -999.0 140.21057259720538 12.950907376712516 140.23471024755457 12.842408650293738 64.81029748787346 138.36360298422613 -999.0 16600.0 -999.0 2 34 {-999.0 -999.0 -999.0 -999.0 -999.0} "" -999.0 -999.0 -999.0 -999.0 -999 -999 "" ops_sky_apogee_best_unassigned ops_sky sky_apogee 0 0 0.0 0.0 -999 ""
FIBERMAP 501 R+6C19 BOSS 1 1 0 1 0 0 165.68581710132347 127.61118630413944 143.1 208.90406198691667 -8.580925063507737 171.79521 84.41528 140.2134489894531 12.952882205649525 6.7556734 -42.49915 3.2590458 140.21346852044854 12.952762464778477 140.2375508732834 12.84433735566499 64.81029091316752 138.35567329677804 5400.0 5400.0 2016.0 1 195 {-999.0 20.074526 18.714998 17.429136 -999.0} sdss_psfmag 19.477621 18.18062 16.937906 14.682 63050394818039782 1092517988 dark_flexible_2x1 mwm_cb_galex_vol_boss mwm_cb science 0 0 0.0 0.0 -999 ""
FIBERMAP 501 R+6C19 METROLOGY 0 0 0 1 0 0 166.2187539753671 127.08368684570297 143.1 208.97380618535936 -9.32733784045954 171.79521 84.41528 -999.0 -999.0 -999.0 -999.0 -999.0 140.2137563480277 12.949398276200704 140.23784885082523 12.84095104608746 64.8073493873741 138.35967341635737 -999.0 6231.0 -999.0 -1 -999 {-999.0 -999.0 -999.0 -999.0 -999.0} "" -999.0 -999.0 -999.0 -999.0 -999 -999 "" "" "" "" 0 0 0.0 0.0 -999 ""
FIBERMAP 506 R+6C10 APOGEE 0 0 0 1 0 0 -18.905360399281417 137.46392556427156 143.1 73.76829817874352 117.48342861355205 146.16054 30.94784 -999.0 -999.0 -999.0 -999.0 -999.0 139.58486724812835 13.526623167382402 139.61043231478476 13.419045936482883 65.63091564118797 138.76787568477587 -999.0 16600.0 -999.0 2 -999 {-999.0 -999.0 -999.0 -999.0 -999.0} "" -999.0 -999.0 -999.0 -999.0 -999 -999 "" "" "" "" 0 0 0.0 0.0 -999 ""
FIBERMAP 506 R+6C10 BOSS 1 1 0 1 0 0 -18.148946882296297 137.45429429854337 143.1 74.34179250373296 116.99040494490811 146.16054 30.94784 139.58766913443753 13.524391618019822 -10.971375 -13.077735 2.481621 139.58763734110173 13.5243547716482 139.61314206450615 13.4168494583538 65.62760870490138 138.76565936252217 5400.0 5400.0 2016.0 1 128 {-999.0 19.989332 20.000668 20.134792 -999.0} sdss_psfmag 20.100882 19.978985 19.83658 -999.0 63050394818042053 1143449422 dark_1x3 mwm_wd_pwd_boss_1x3 mwm_wd science 0 0 0.0 0.0 -999 ""
FIBERMAP 506 R+6C10 METROLOGY 0 0 0 1 0 0 -18.537801985223933 136.81464689315465 143.1 73.63311818035497 116.74986876435868 146.16054 30.94784 -999.0 -999.0 -999.0 -999.0 -999.0 139.58430671165937 13.523280828695956 139.60982724934996 13.415759718829602 65.62855030674483 138.7735854144064 -999.0 6231.0 -999.0 -1 -999 {-999.0 -999.0 -999.0 -999.0 -999.0} "" -999.0 -999.0 -999.0 -999.0 -999 -999 "" "" "" "" 0 0 0.0 0.0 -999 ""
FIBERMAP 507 R+1C26 APOGEE 0 0 0 1 0 0 298.8531452365222 30.592223141686866 143.1 248.6675030682959 -168.4293339937919 111.957214 10.590273 -999.0 -999.0 -999.0 -999.0 -999.0 140.39058013638703 12.231153329201087 140.4133333717876 12.122507955402792 64.11897179702723 138.98066479680256 -999.0 16600.0 -999.0 2 42 {-999.0 -999.0 -999.0 -999.0 -999.0} "" -999.0 -999.0 -999.0 -999.0 -999 -999 "" ops_sky_apogee_best_unassigned ops_sky sky_apogee 0 0 0.0 0.0 -999 ""
FIBERMAP 507 R+1C26 BOSS 1 1 0 1 0 0 299.219022716846 29.964476276923644 143.1 248.54485902426683 -169.14531371561344 111.957214 10.590273 140.39001210805804 12.227875345458727 -999.0 -999.0 -999.0 140.39001210805804 12.227875345458727 140.4127026205633 12.119313414223098 64.11668282137464 138.9859614888402 5400.0 5400.0 2016.0 1 175 {-999.0 21.538353 21.17554 21.044981 20.952547} sdss_psfmag_from_lsdr10 1e+20 1e+20 1e+20 -999.0 63050397537963776 1059070173 dark_flexible_2x2 bhm_spiders_agn_lsdr10 bhm_spiders science 0 0 0.0 0.0 -999 ""
FIBERMAP 507 R+1C26 METROLOGY 0 0 0 1 0 0 298.4775123750888 29.932108983780168 143.1 247.95582127831355 -168.6940440021863 111.957214 10.590273 -999.0 -999.0 -999.0 -999.0 -999.0 140.38734264893807 12.229901099755601 140.41005462724246 12.12131993100733 64.11980044399917 138.988263364355 -999.0 6231.0 -999.0 -1 -999 {-999.0 -999.0 -999.0 -999.0 -999.0} "" -999.0 -999.0 -999.0 -999.0 -999 -999 "" "" "" "" 0 0 0.0 0.0 -999 ""
FIBERMAP 514 R+11C3 APOGEE 0 0 0 1 0 0 -129.73725622465292 196.6268269978338 143.1 26.816772009116367 233.9807300248056 281.717 78.28795 -999.0 -999.0 -999.0 -999.0 -999.0 139.36409323417902 14.05235960699616 139.39075562567797 13.945046496807946 66.18443302904072 138.45941752111202 -999.0 16600.0 -999.0 2 133 {-999.0 -999.0 -999.0 -999.0 -999.0} "" -999.0 -999.0 -999.0 -999.0 -999 -999 "" ops_sky_apogee_best_unassigned ops_sky sky_apogee 0 0 0.0 0.0 -999 ""
FIBERMAP 514 R+11C3 BOSS 1 1 0 1 0 0 -130.4770917242393 196.59143961303857 143.1 26.22707877967761 234.42860998470147 281.717 78.28795 139.3613950405356 14.054357953294364 -1.370517 -12.45498 0.14845833 139.36139105996477 14.054322861529997 139.38800534839874 13.947087694510811 66.18763724626214 138.46192348241857 5400.0 5400.0 2016.0 1 5 {-999.0 17.1947 16.883375 16.819939 -999.0} sdss_psfmag 17.151865 16.893082 16.47758 15.755 63050394818515625 976112100 "" ops_std_boss ops_std standard_boss 0 0 0.0 0.0 -999 ""
FIBERMAP 514 R+11C3 METROLOGY 0 0 0 1 0 0 -130.14204052392026 197.25615018942983 143.1 26.91061184529466 234.72289724285648 281.717 78.28795 -999.0 -999.0 -999.0 -999.0 -999.0 139.3645636837964 14.055654207244089 139.39119352050074 13.948392521243303 66.18692733111875 138.45379444570437 -999.0 6231.0 -999.0 -1 -999 {-999.0 -999.0 -999.0 -999.0 -999.0} "" -999.0 -999.0 -999.0 -999.0 -999 -999 "" "" "" "" 0 0 0.0 0.0 -999 ""
FIBERMAP 515 R+3C19 APOGEE 0 0 0 1 0 0 158.54646892440246 59.412260541468676 143.1 159.64683029701735 -56.26150974759439 7.2074094 115.76532 -999.0 -999.0 -999.0 -999.0 -999.0 139.98494557696128 12.736495313971682 140.00884130549525 12.628413825383987 64.75959172351779 139.07465685365412 -999.0 16600.0 -999.0 2 -999 {-999.0 -999.0 -999.0 -999.0 -999.0} "" -999.0 -999.0 -999.0 -999.0 -999 -999 "" "" "" "" 0 0 0.0 0.0 -999 ""
FIBERMAP 515 R+3C19 BOSS 1 1 0 1 0 0 158.96386556139623 58.80658537442863 143.1 159.577838754498 -56.99365183096321 7.2074094 115.76532 139.98472586087757 12.7330721819293 -999.0 -999.0 -999.0 139.98472586087757 12.733072181929304 140.00855984135094 12.625071272390333 64.75698758586626 139.079612830105 5400.0 5400.0 2016.0 1 217 {-999.0 22.058287 20.722313 20.210958 19.853014} sdss_fiber2mag_from_lsdr10 1e+20 1e+20 1e+20 -999.0 63050397530900312 1058143506 dark_flexible_2x2 bhm_spiders_clusters_lsdr10 bhm_spiders science 0 0 0.0 0.0 -999 ""
FIBERMAP 515 R+3C19 METROLOGY 0 0 0 1 0 0 158.22270003285655 58.7400733016471 143.1 158.9671431673516 -56.56877036999767 7.2074094 115.76532 -999.0 -999.0 -999.0 -999.0 -999.0 139.98187534424622 12.73502579597891 140.00573042442426 12.627006667450855 64.76014362785624 139.08239602906968 -999.0 6231.0 -999.0 -1 -999 {-999.0 -999.0 -999.0 -999.0 -999.0} "" -999.0 -999.0 -999.0 -999.0 -999 -999 "" "" "" "" 0 0 0.0 0.0 -999 ""
FIBERMAP 533 R+1C3 APOGEE 0 0 0 1 0 0 -243.20723013528712 0.41677646780355815 143.1 -186.11441161549968 156.4665619656267 302.0738 50.97867 -999.0 -999.0 -999.0 -999.0 -999.0 138.3718326402524 13.697735448412114 138.39848138919734 13.592178971821292 66.43179022449226 140.93852540370094 -999.0 16600.0 -999.0 2 104 {-999.0 -999.0 -999.0 -999.0 -999.0} "" -999.0 -999.0 -999.0 -999.0 -999 -999 "" ops_sky_apogee_best_unassigned ops_sky sky_apogee 0 0 0.0 0.0 -999 ""
FIBERMAP 533 R+1C3 BOSS 1 1 0 1 0 0 -243.94150746049033 0.48617260486813463 143.1 -186.63257081401153 156.9911743021536 302.0738 50.97867 138.36946833490265 13.70001385742024 -0.16099785 -0.05906353 0.1736668 138.36946786800948 13.700013691009408 138.39607227455525 13.59453551947456 66.43504230973035 140.94022211342983 5400.0 5400.0 2016.0 1 61 {-999.0 20.34011 20.124882 20.113365 20.144854} sdss_psfmag_from_lsdr10 20.341957 20.121563 19.74522 -999.0 63050394818504845 1059077911 dark_flexible_2x2 bhm_spiders_agn_lsdr10 bhm_spiders science 0 0 0.0 0.0 -999 ""
FIBERMAP 533 R+1C3 METROLOGY 0 0 0 1 0 0 -243.50855597022635 1.1002532517234158 143.1 -185.90651791261362 157.1838060295577 302.0738 50.97867 -999.0 -999.0 -999.0 -999.0 -999.0 138.37281798516145 13.700937132964732 138.39943622160268 13.595431855176825 66.43401116298166 140.93214388973226 -999.0 6231.0 -999.0 -1 -999 {-999.0 -999.0 -999.0 -999.0 -999.0} "" -999.0 -999.0 -999.0 -999.0 -999 -999 "" "" "" "" 0 0 0.0 0.0 -999 ""
FIBERMAP 544 R-6C19 APOGEE 0 0 0 1 0 0 188.74747315514082 -123.10335934485047 143.1 65.61026252647754 -215.5225099764415 313.4159 128.43121 -999.0 -999.0 -999.0 -999.0 -999.0 139.54662829593357 12.015189990960048 139.56949908836702 11.9079875282938 64.3973153065198 140.83669290569267 -999.0 16600.0 -999.0 2 229 {-999.0 -999.0 -999.0 -999.0 -999.0} "" -999.0 -999.0 -999.0 -999.0 -999 -999 "" ops_sky_apogee_best_unassigned ops_sky sky_apogee 0 0 0.0 0.0 -999 ""
FIBERMAP 544 R-6C19 BOSS 1 1 0 1 0 0 188.66532782363566 -123.83557161140376 143.1 65.0772056743311 -216.03090120744346 313.4159 128.43121 139.54421997070312 12.01278107404724 -999.0 -999.0 -999.0 139.54421997070312 12.01278107404724 139.56703351066824 11.905665363962127 64.3966740129637 140.84429823169626 5400.0 5400.0 2015.5 1 277 {-999.0 -999.0 -999.0 -999.0 -999.0} "" -999.0 -999.0 -999.0 -999.0 27021603088159300 804850490 "" ops_sky_boss_good ops_sky sky_boss 0 0 0.0 0.0 -999 ""
FIBERMAP 544 R-6C19 METROLOGY 0 0 0 1 0 0 188.0650376551553 -123.39432095010287 143.1 64.90047063270212 -215.30734217943848 313.4159 128.43121 -999.0 -999.0 -999.0 -999.0 -999.0 139.54339189063865 12.016056298514627 139.56622722922748 11.908917977848064 64.39983422709979 140.84174728199872 -999.0 6231.0 -999.0 -1 -999 {-999.0 -999.0 -999.0 -999.0 -999.0} "" -999.0 -999.0 -999.0 -999.0 -999 -999 "" "" "" "" 0 0 0.0 0.0 -999 ""
FIBERMAP 546 R-12C1 APOGEE 0 0 0 1 0 0 -138.6935881024445 -241.21102282319063 143.1 -261.15344166921346 -95.80628539232583 27.15525 54.423134 -999.0 -999.0 -999.0 -999.0 -999.0 138.0321696196642 12.55406103347496 138.05691039696336 12.449319740272626 65.63995241288907 143.12705340583696 -999.0 16600.0 -999.0 2 296 {-999.0 -999.0 -999.0 -999.0 -999.0} "" -999.0 -999.0 -999.0 -999.0 -999 -999 "" ops_sky_apogee_best_unassigned ops_sky sky_apogee 0 0 0.0 0.0 -999 ""
FIBERMAP 546 R-12C1 BOSS 1 1 0 1 0 0 -138.77907923902333 -241.9388517247779 143.1 -261.68624831422176 -96.30916931053885 27.15525 54.423134 138.02982347932087 12.551715355727493 0.080776304 -0.32174888 0.17107727 138.0298237124796 12.551714449203672 138.0545125179926 12.447056884220357 65.63922472704007 143.13474805811254 5400.0 5400.0 2016.0 1 429 {-999.0 19.957312 19.703302 19.593283 19.510132} sdss_psfmag_from_lsdr10 19.853626 19.626307 19.256779 -999.0 63050394818498489 1059071459 dark_flexible_2x2 bhm_spiders_agn_lsdr10 bhm_spiders science 0 0 0.0 0.0 -999 ""
FIBERMAP 546 R-12C1 METROLOGY 0 0 0 1 0 0 -139.38120604970337 -241.50568354242316 143.1 -261.86958008906703 -95.59062510913014 27.15525 54.423134 -999.0 -999.0 -999.0 -999.0 -999.0 138.0289343789154 12.554977298578606 138.0536436895456 12.450298147946672 65.64243826494575 143.1324494237787 -999.0 6231.0 -999.0 -1 -999 {-999.0 -999.0 -999.0 -999.0 -999.0} "" -999.0 -999.0 -999.0 -999.0 -999 -999 "" "" "" "" 0 0 0.0 0.0 -999 ""
FIBERMAP 548 R+1C14 APOGEE 0 0 0 1 0 0 0.2569103675392128 15.263371709824764 143.1 9.996477851092873 11.532148358704701 184.12733 131.80206 -999.0 -999.0 -999.0 -999.0 -999.0 139.2874251356215 13.044560348394253 139.3123047960048 12.937580216664143 65.39593196305715 140.00014283439793 -999.0 16600.0 -999.0 2 13 {-999.0 -999.0 -999.0 -999.0 -999.0} "" -999.0 -999.0 -999.0 -999.0 -999 -999 "" ops_sky_apogee_best_unassigned ops_sky sky_apogee 0 0 0.0 0.0 -999 ""
FIBERMAP 548 R+1C14 BOSS 1 1 0 1 0 0 -0.26550633500934495 15.782969080364232 143.1 9.92972238755753 12.265751064720309 184.12733 131.80206 139.28717762175148 13.047828088821143 -3.7557375 1.2289248 -3.0893183 139.28716675956292 13.047831551302439 139.31199920617934 12.94092901710216 65.39888367552516 139.99627681265488 5400.0 5400.0 2016.0 1 96 {-999.0 20.542742 20.394115 20.306297 20.234034} sdss_psfmag_from_lsdr10 20.637863 20.541489 20.043304 -999.0 63050394818032642 1059074168 dark_flexible_2x2 bhm_spiders_agn_lsdr10 bhm_spiders science 0 0 0.0 0.0 -999 ""
FIBERMAP 548 R+1C14 METROLOGY 0 0 0 1 0 0 0.44145654605822315 15.986676331355188 143.1 10.602290643651479 11.967968446927465 184.12733 131.80206 -999.0 -999.0 -999.0 -999.0 -999.0 139.29029842456393 13.046500032770409 139.31514166695376 12.939570450629102 65.39605454696883 139.9919657974636 -999.0 6231.0 -999.0 -1 -999 {-999.0 -999.0 -999.0 -999.0 -999.0} "" -999.0 -999.0 -999.0 -999.0 -999 -999 "" "" "" "" 0 0 0.0 0.0 -999 ""
FIBERMAP 550 R+1C1 APOGEE 0 0 0 1 0 0 -273.9313561616391 -1.8292774149160316 143.1 -211.10190429022208 174.47121244633328 358.95334 23.759983 -999.0 -999.0 -999.0 -999.0 -999.0 138.2566005958504 13.777286348248332 138.28346981652248 13.671911918612857 66.55952705570637 141.06473427371924 -999.0 16600.0 -999.0 2 141 {-999.0 -999.0 -999.0 -999.0 -999.0} "" -999.0 -999.0 -999.0 -999.0 -999 -999 "" ops_sky_apogee_best_unassigned ops_sky sky_apogee 0 0 0.0 0.0 -999 ""
FIBERMAP 550 R+1C1 BOSS 1 1 0 1 0 0 -274.5968156118107 -2.123926345942956 143.1 -211.8010539650918 174.6726552681831 358.95334 23.759983 138.25343246463848 13.778071487695993 -999.0 -999.0 -999.0 138.25343246463848 13.778071487695994 138.28025551537678 13.672776677892381 66.56195120782613 141.07014099768838 5400.0 5400.0 2016.0 1 12 {-999.0 21.267447 21.210735 21.00145 20.793577} sdss_psfmag_from_lsdr10 20.858267 20.96227 20.701193 -999.0 63050394818509941 1059077909 dark_flexible_2x2 bhm_spiders_agn_lsdr10 bhm_spiders science 0 0 0.0 0.0 -999 ""
FIBERMAP 550 R+1C1 METROLOGY 0 0 0 1 0 0 -274.5227172160332 -1.3732386693382637 143.1 -211.26230205626564 175.20037154146164 358.95334 23.759983 -999.0 -999.0 -999.0 -999.0 -999.0 138.25590829743672 13.780495185108913 138.28274839127204 13.675174563305015 66.56264619955854 141.06175205813705 -999.0 6231.0 -999.0 -1 -999 {-999.0 -999.0 -999.0 -999.0 -999.0} "" -999.0 -999.0 -999.0 -999.0 -999 -999 "" "" "" "" 0 0 0.0 0.0 -999 ""
FIBERMAP 554 R-2C23 APOGEE 0 0 0 1 0 0 243.2282172051515 -43.15291598936098 143.1 158.69246606969298 -189.2309006475494 37.368103 57.760883 -999.0 -999.0 -999.0 -999.0 -999.0 139.97735905509407 12.135217926610725 140.00018959465285 12.027273874327093 64.26598878832776 139.87229824855638 -999.0 16600.0 -999.0 2 197 {-999.0 -999.0 -999.0 -999.0 -999.0} "" -999.0 -999.0 -999.0 -999.0 -999 -999 "" ops_sky_apogee_best_unassigned ops_sky sky_apogee 0 0 0.0 0.0 -999 ""
FIBERMAP 554 R-2C23 BOSS 1 1 0 1 0 0 243.2648666417479 -43.89391564250343 143.1 158.2448058584298 -189.82229630612304 37.368103 57.760883 139.97526049908234 12.132536318911264 30.21109 -30.6669 1.0757751 139.97534756311623 12.132449915253586 139.99811845821318 12.02459175599355 64.26487830504905 139.87960436300725 5400.0 5400.0 2016.0 1 310 {-999.0 18.683363 17.669952 17.264345 -999.0} sdss_psfmag 18.340944 17.675459 16.91408 15.479 63050394818024583 1075238334 dark_flexible_2x1 mwm_halo_local_low_boss mwm_halo science 0 0 0.0 0.0 -999 ""
FIBERMAP 554 R-2C23 METROLOGY 0 0 0 1 0 0 242.5874871380464 -43.58304007887679 143.1 157.9252881945425 -189.14915637863922 37.368103 57.760883 -999.0 -999.0 -999.0 -999.0 -999.0 139.97388003788242 12.135493363488973 139.99667316678563 12.027613750601535 64.26817730555447 139.87845874056842 -999.0 6231.0 -999.0 -1 -999 {-999.0 -999.0 -999.0 -999.0 -999.0} "" -999.0 -999.0 -999.0 -999.0 -999 -999 "" "" "" "" 0 0 0.0 0.0 -999 ""
FIBERMAP 565 R+8C3 APOGEE 0 0 0 1 0 0 -148.12617751342458 161.13555467376318 143.1 -10.062170316680865 218.588275421356 14.607364 135.69029 -999.0 -999.0 -999.0 -999.0 -999.0 139.19194306365117 13.983150995690574 139.21859138077104 13.876141772297057 66.2235035948491 138.89683631019483 -999.0 16600.0 -999.0 2 137 {-999.0 -999.0 -999.0 -999.0 -999.0} "" -999.0 -999.0 -999.0 -999.0 -999 -999 "" ops_sky_apogee_best_unassigned ops_sky sky_apogee 0 0 0.0 0.0 -999 ""
FIBERMAP 565 R+8C3 BOSS 1 1 0 1 0 0 -147.4692257274121 160.79031780975058 143.1 -9.780368548147848 217.90191796927832 14.607364 135.69029 139.19333907432787 13.98005782832964 -8.052489 -6.1265736 0.3092151 139.1933156940043 13.980040566777124 139.21990454266174 13.873103656254186 66.22028015539317 138.89852755638898 5400.0 5400.0 2016.0 1 25 {-999.0 18.28322 17.92337 17.784666 17.73595} sdss_psfmag_from_gaia 18.2312 17.9344 17.46 -999.0 63050394818515418 969134037 "" ops_std_boss_gdr2 ops_std standard_boss 0 0 0.0 0.0 -999 ""
FIBERMAP 565 R+8C3 METROLOGY 0 0 0 1 0 0 -148.09944524676044 160.38168527407802 143.1 -10.525693363776746 217.99338417970313 14.607364 135.69029 -999.0 -999.0 -999.0 -999.0 -999.0 139.18981730620908 13.980455762107987 139.21642425151947 13.873503693637927 66.2225328096625 138.90485170294747 -999.0 6231.0 -999.0 -1 -999 {-999.0 -999.0 -999.0 -999.0 -999.0} "" -999.0 -999.0 -999.0 -999.0 -999 -999 "" "" "" "" 0 0 0.0 0.0 -999 ""
FIBERMAP 566 R+8C7 APOGEE 0 0 0 1 0 0 -74.51427532691388 136.30037605087088 143.1 30.40533765621398 152.29452256854682 300.76752 54.83405 -999.0 -999.0 -999.0 -999.0 -999.0 139.38176517282585 13.684470044670359 139.4077463784771 13.577201338310966 65.87311397179054 138.94340437899822 -999.0 16600.0 -999.0 2 -999 {-999.0 -999.0 -999.0 -999.0 -999.0} "" -999.0 -999.0 -999.0 -999.0 -999 -999 "" "" "" "" 0 0 0.0 0.0 -999 ""
FIBERMAP 566 R+8C7 BOSS 1 1 0 1 0 0 -75.22989737734196 136.3554305806284 143.1 29.89226714698393 152.79616689683192 300.76752 54.83405 139.3794250488281 13.686720083192569 -999.0 -999.0 -999.0 139.3794250488281 13.68672008319257 139.40535830435974 13.579530139087025 65.8763492365519 138.94484064221083 5400.0 5400.0 2015.5 1 103 {-999.0 -999.0 -999.0 -999.0 -999.0} "" -999.0 -999.0 -999.0 -999.0 27021603088393687 804882182 "" ops_sky_boss_good ops_sky sky_boss 0 0 0.0 0.0 -999 ""
FIBERMAP 566 R+8C7 METROLOGY 0 0 0 1 0 0 -74.8435615652101 136.96987777139185 143.1 30.58283143096061 153.01900834773033 300.76752 54.83405 -999.0 -999.0 -999.0 -999.0 -999.0 139.38263610242944 13.687740381692597 139.40858436507966 13.580523499331214 65.87538487440773 138.93714617820703 -999.0 6231.0 -999.0 -1 -999 {-999.0 -999.0 -999.0 -999.0 -999.0} "" -999.0 -999.0 -999.0 -999.0 -999 -999 "" "" "" "" 0 0 0.0 0.0 -999 ""
FIBERMAP 572 R+10C5 APOGEE 0 0 1 1 0 0 -88.97734669080519 201.6306623083074 143.1 61.26578074334472 211.6461986584465 9.99315 170.09451 -999.0 -999.0 -999.0 -999.0 -999.0 139.52526927232776 13.95200772103255 139.55164368542705 13.844444243928823 66.01228577898111 138.28702977335988 -999.0 16600.0 -999.0 2 -999 {-999.0 -999.0 -999.0 -999.0 -999.0} "" -999.0 -999.0 -999.0 -999.0 -999 -999 "" "" "" "" 0 0 0.0 0.0 -999 ""
FIBERMAP 572 R+10C5 BOSS 1 0 1 1 0 0 -88.22734283432477 201.64027420147238 143.1 61.846717772191155 211.1720372114513 9.99315 170.09451 139.47158959250902 13.89712662886344 -3.7079923 -12.791149 0.20817648 139.52805483616933 13.949837589434358 139.5543695276756 13.842344184937932 66.00904428770099 138.28468625454406 5400.0 5400.0 2016.0 1 146 {-999.0 17.084688 16.765402 16.68945 -999.0} sdss_psfmag 17.028456 16.768631 16.343262 15.382 63050394818514078 976112104 "" ops_std_boss ops_std standard_boss 0 0 0.0 0.0 -999 ""
FIBERMAP 572 R+10C5 METROLOGY 0 0 1 1 0 0 -88.59241511108422 200.9915303505355 143.1 61.15042920899812 210.90926059603092 9.99315 170.09451 -999.0 -999.0 -999.0 -999.0 -999.0 139.52479042684 13.948677085042332 139.55112044104487 13.841168329559851 66.00990115873907 138.29269411252318 -999.0 6231.0 -999.0 -1 -999 {-999.0 -999.0 -999.0 -999.0 -999.0} "" -999.0 -999.0 -999.0 -999.0 -999 -999 "" "" "" "" 0 0 0.0 0.0 -999 ""
FIBERMAP 575 R+3C14 APOGEE 1 1 0 1 0 0 41.766408841636114 38.31452127854844 143.1 56.606913036804144 2.546925171217996 358.32535 33.830643 139.50543883385888 13.00387896618126 -23.961508 -7.8424416 2.2302084 139.50536954568207 13.003856870182089 139.53004046818228 12.896519276528135 65.24368359726661 139.63264744940963 16000.0 16600.0 2016.0 2 24 {-999.0 11.045565 10.553553 10.378592 -999.0} sdss_psfmag_from_g3xp 10.941269 10.582218 10.045138 9.065 63050394818041271 1108435677 bright_1x1 mwm_tess_rgb_apogee mwm_tessrgb science 0 0 0.0 0.0 -999 ""
FIBERMAP 575 R+3C14 BOSS 0 0 0 1 0 0 41.14809661319385 37.918493546107484 143.1 55.8788060848676 2.640406201131209 358.32535 33.830643 -999.0 -999.0 -999.0 -999.0 -999.0 139.50205284968106 13.004203887343731 139.52667270620265 12.896949878358038 65.24587482911215 139.63857512965978 -999.0 5400.0 -999.0 1 97 {-999.0 -999.0 -999.0 -999.0 -999.0} "" -999.0 -999.0 -999.0 -999.0 -999 -999 "" "" "" "" 0 0 0.0 0.0 -999 ""
FIBERMAP 575 R+3C14 METROLOGY 0 0 0 1 0 0 41.09974165852686 38.66342495298731 143.1 56.32002008307303 3.242330294943625 358.32535 33.830643 -999.0 -999.0 -999.0 -999.0 -999.0 139.50409103333877 13.006969052167236 139.5287299077151 12.899688916475325 65.24702614411558 139.63094840470004 -999.0 6231.0 -999.0 -1 -999 {-999.0 -999.0 -999.0 -999.0 -999.0} "" -999.0 -999.0 -999.0 -999.0 -999 -999 "" "" "" "" 0 0 0.0 0.0 -999 ""
FIBERMAP 577 R+6C15 APOGEE 0 0 0 1 0 0 69.2268180867938 123.54662404486943 143.1 132.37306973394274 50.23409457429258 223.67044 36.025562 -999.0 -999.0 -999.0 -999.0 -999.0 139.85873603136216 13.220703803396114 139.88357636645878 13.112732230668701 65.22769568422214 138.66247699013834 -999.0 16600.0 -999.0 2 36 {-999.0 -999.0 -999.0 -999.0 -999.0} "" -999.0 -999.0 -999.0 -999.0 -999 -999 "" ops_sky_apogee_best_unassigned ops_sky sky_apogee 0 0 0.0 0.0 -999 ""
FIBERMAP 577 R+6C15 BOSS 1 1 0 1 0 0 69.34139586460778 124.28167285803976 143.1 132.93280236702057 50.72383688056829 223.67044 36.025562 139.8614501953125 13.222867529473675 -999.0 -999.0 -999.0 139.8614501953125 13.222867529473676 139.88623742243558 13.114968437574504 65.22805446413153 138.654352483261 5400.0 5400.0 2015.5 1 188 {-999.0 -999.0 -999.0 -999.0 -999.0} "" -999.0 -999.0 -999.0 -999.0 27021603088171863 804852166 "" ops_sky_boss_good ops_sky sky_boss 0 0 0.0 0.0 -999 ""
FIBERMAP 577 R+6C15 METROLOGY 0 0 0 1 0 0 69.93317275752473 123.81573985909213 143.1 133.08716637000688 49.98682833664807 223.67044 36.025562 -999.0 -999.0 -999.0 -999.0 -999.0 139.8621454061309 13.219534153880575 139.886941926978 13.111612654016929 65.22490670474293 138.6575751468693 -999.0 6231.0 -999.0 -1 -999 {-999.0 -999.0 -999.0 -999.0 -999.0} "" -999.0 -999.0 -999.0 -999.0 -999 -999 "" "" "" "" 0 0 0.0 0.0 -999 ""
FIBERMAP 580 R+9C7 APOGEE 1 1 0 1 0 0 -43.15120154113748 176.4748473441494 143.1 80.23379912255024 162.94611005425853 10.485205 115.990395 139.61455772928986 13.732401055643152 -2.7209544 -1.3298388 0.32874677 139.61454983744366 13.73239730883745 139.6404679925394 13.624728734307228 65.78292621193029 138.4236826833766 16000.0 16600.0 2016.0 2 29 {-999.0 14.266022 13.442513 13.127069 -999.0} sdss_psfmag_from_g3xp 14.02441 13.474469 12.775553 11.272 63050394818513624 1109701861 bright_flexible_3x1 mwm_tess_rgb_apogee mwm_tessrgb science 0 0 0.0 0.0 -999 ""
FIBERMAP 580 R+9C7 BOSS 0 0 0 1 0 0 -42.70562321455542 175.8856536158856 143.1 80.19698626770415 162.20850494464943 10.485205 115.990395 -999.0 -999.0 -999.0 -999.0 -999.0 139.6144674038031 13.729039590864447 139.64032534148146 13.621447071315432 65.78031898601483 138.4285526342081 -999.0 5400.0 -999.0 1 118 {-999.0 -999.0 -999.0 -999.0 -999.0} "" -999.0 -999.0 -999.0 -999.0 -999 -999 "" "" "" "" 0 0 0.0 0.0 -999 ""
FIBERMAP 580 R+9C7 METROLOGY 0 0 0 1 0 0 -43.4471746284274 175.7930593167788 143.1 79.56924929664807 162.61364602824207 10.485205 115.990395 -999.0 -999.0 -999.0 -999.0 -999.0 139.61151032503784 13.730888607913275 139.63738891090344 13.623279329253634 65.78345759762222 138.43168458316538 -999.0 6231.0 -999.0 -1 -999 {-999.0 -999.0 -999.0 -999.0 -999.0} "" -999.0 -999.0 -999.0 -999.0 -999 -999 "" "" "" "" 0 0 0.0 0.0 -999 ""
FIBERMAP 581 R-1C19 APOGEE 0 0 0 1 0 0 121.4349546100027 -33.09948460581731 143.1 71.81077030919792 -103.33110532646559 267.5858 112.59921 -999.0 -999.0 -999.0 -999.0 -999.0 139.57628297496424 12.522180463937145 139.60004436530124 12.414823262266818 64.80515637860856 140.13165752959142 -999.0 16600.0 -999.0 2 -999 {-999.0 -999.0 -999.0 -999.0 -999.0} "" -999.0 -999.0 -999.0 -999.0 -999 -999 "" "" "" "" 0 0 0.0 0.0 -999 ""
FIBERMAP 581 R-1C19 BOSS 1 1 0 1 0 0 120.72912410616468 -33.36909843597894 143.1 71.09675562585659 -103.08455727626564 267.5858 112.59921 139.5730495997474 12.523169457220375 -1.3079871 -0.13029988 -1.506646 139.57304582469408 12.523169090101915 139.59675657138527 12.415897230672586 64.80782404920083 140.1365551715989 5400.0 5400.0 2016.0 1 296 {-999.0 20.70019 20.407671 20.084991 19.804047} sdss_psfmag_from_lsdr10 20.745874 20.567146 19.545013 -999.0 63050394818030287 1059071487 dark_flexible_2x2 bhm_spiders_agn_lsdr10 bhm_spiders science 0 0 0.0 0.0 -999 ""
FIBERMAP 581 R-1C19 METROLOGY 0 0 0 1 0 0 120.8490504455235 -32.637555725406344 143.1 71.6583360970732 -102.60093582882357 267.5858 112.59921 -999.0 -999.0 -999.0 -999.0 -999.0 139.57564155709366 12.525400671666938 139.5993701920629 12.418101297975657 64.8082532594303 140.12869682027772 -999.0 6231.0 -999.0 -1 -999 {-999.0 -999.0 -999.0 -999.0 -999.0} "" -999.0 -999.0 -999.0 -999.0 -999 -999 "" "" "" "" 0 0 0.0 0.0 -999 ""
FIBERMAP 587 R-10C13 APOGEE 0 0 0 1 0 0 105.63913941591942 -189.8488971738201 143.1 -40.93271988717521 -213.31466384583592 42.29514 85.7068 -999.0 -999.0 -999.0 -999.0 -999.0 139.0527227329728 12.024107411549965 139.07589788357961 11.917732811872819 64.66502896444152 141.7717870580861 -999.0 16600.0 -999.0 2 -999 {-999.0 -999.0 -999.0 -999.0 -999.0} "" -999.0 -999.0 -999.0 -999.0 -999 -999 "" "" "" "" 0 0 0.0 0.0 -999 ""
FIBERMAP 587 R-10C13 BOSS 1 1 0 1 0 0 106.11562720250738 -190.4237055502512 143.1 -40.936609383800935 -214.06108963879797 42.29514 85.7068 139.05276418956677 12.02063183405053 0.06364026 -0.0046905745 0.10153448 139.0527643728923 12.02063182083489 139.07588057993436 11.914339794145054 64.66216441926403 141.77603675096057 5400.0 5400.0 2016.0 1 396 {-999.0 19.506987 19.162188 18.882748 18.642986} sdss_psfmag_from_lsdr10 19.413559 19.121115 18.354116 -999.0 63050394818026638 1059068789 dark_flexible_2x2 bhm_spiders_agn_lsdr10 bhm_spiders science 0 0 0.0 0.0 -999 ""
FIBERMAP 587 R-10C13 METROLOGY 0 0 0 1 0 0 105.37964002923165 -190.54841275536236 143.1 -41.5806997542374 -213.68413072688878 42.29514 85.7068 -999.0 -999.0 -999.0 -999.0 -999.0 139.04975799615875 12.022354401931196 139.07289404269847 11.916043872133343 64.66516145923428 141.77970282418914 -999.0 6231.0 -999.0 -1 -999 {-999.0 -999.0 -999.0 -999.0 -999.0} "" -999.0 -999.0 -999.0 -999.0 -999 -999 "" "" "" "" 0 0 0.0 0.0 -999 ""
FIBERMAP 588 R+8C1 APOGEE 0 0 0 1 0 0 -208.07039456088424 171.46926111354827 143.1 -49.36586968834077 264.9937066320623 143.12663 80.36772 -999.0 -999.0 -999.0 -999.0 -999.0 139.00831170500598 14.189943603608736 139.03545903012042 14.083203491178107 66.49490387113723 138.96722248184307 -999.0 16600.0 -999.0 2 94 {-999.0 -999.0 -999.0 -999.0 -999.0} "" -999.0 -999.0 -999.0 -999.0 -999 -999 "" ops_sky_apogee_best_unassigned ops_sky sky_apogee 0 0 0.0 0.0 -999 ""
FIBERMAP 588 R+8C1 BOSS 1 1 0 1 0 0 -207.5201367043678 171.9521385965867 143.1 -48.634155801421706 265.0104761366586 143.12663 80.36772 139.01177470350203 14.189967151565966 -999.0 -999.0 -999.0 139.01177470350203 14.189967151565966 139.03886758608738 14.083294225950159 66.49309667764228 138.96027735903039 5400.0 5400.0 2016.0 1 81 {-999.0 21.04059 20.991417 20.888613 20.596113} sdss_psfmag 1e+20 21.00687 1e+20 -999.0 63050394818515994 1060382519 dark_flexible_2x2 bhm_aqmes_bonus_faint bhm_filler science 0 0 0.0 0.0 -999 ""
FIBERMAP 588 R+8C1 METROLOGY 0 0 0 1 0 0 -207.368813680475 171.2157007677376 143.1 -48.991007001740556 264.34895216142274 143.12663 80.36772 -999.0 -999.0 -999.0 -999.0 -999.0 139.01009581852674 14.18703219815023 139.03719925734754 14.08034200677035 66.49159036964768 138.96782585410313 -999.0 6231.0 -999.0 -1 -999 {-999.0 -999.0 -999.0 -999.0 -999.0} "" -999.0 -999.0 -999.0 -999.0 -999 -999 "" "" "" "" 0 0 0.0 0.0 -999 ""
FIBERMAP 589 R-2C25 APOGEE 0 0 0 1 0 0 280.0467886570811 -34.433264840799254 143.1 192.5067060532577 -206.18734378769128 15.626308 122.905975 -999.0 -999.0 -999.0 -999.0 -999.0 140.13201467640175 12.060153869129676 140.1546203817656 11.951969841214972 64.11949425548214 139.67970637418264 -999.0 16600.0 -999.0 2 216 {-999.0 -999.0 -999.0 -999.0 -999.0} "" -999.0 -999.0 -999.0 -999.0 -999 -999 "" ops_sky_apogee_best_unassigned ops_sky sky_apogee 0 0 0.0 0.0 -999 ""
FIBERMAP 589 R-2C25 BOSS 1 1 0 1 0 0 280.61474014599236 -34.90276948949226 143.1 192.64051832620532 -206.91179276221794 15.626308 122.905975 140.1326407239625 12.056841112859853 0.29160452 0.22579232 -0.29666996 140.13264156408735 12.056841749027145 140.1551846261406 11.94873976061254 64.1165027315796 139.68277046674248 5400.0 5400.0 2016.0 1 254 {-999.0 19.667908 19.594288 19.434961 19.276794} sdss_psfmag_from_lsdr10 19.584856 19.332773 18.88176 -999.0 63050394818023331 1059068804 dark_flexible_2x2 bhm_spiders_agn_lsdr10 bhm_spiders science 0 0 0.0 0.0 -999 ""
FIBERMAP 589 R-2C25 METROLOGY 0 0 0 1 0 0 279.9097061678927 -35.15846577817373 143.1 191.93604958729512 -206.6550903924957 15.626308 122.905975 -999.0 -999.0 -999.0 -999.0 -999.0 140.1294105593003 12.057989997180968 140.15197361220817 11.949869750023458 64.11918885050868 139.6873122645097 -999.0 6231.0 -999.0 -1 -999 {-999.0 -999.0 -999.0 -999.0 -999.0} "" -999.0 -999.0 -999.0 -999.0 -999 -999 "" "" "" "" 0 0 0.0 0.0 -999 ""
FIBERMAP 592 R0C5 APOGEE 1 1 0 1 0 0 -185.8284018407787 -10.144739704101864 143.1 -148.9229607979985 111.53361390575009 9.325399 67.59671 138.54438844080437 13.496319356703191 -5.399612 5.4251895 0.90262514 138.54437279540917 13.496334642112464 138.5705406410705 13.390523102341188 66.17151686076423 140.86322538878107 16000.0 16600.0 2016.0 2 243 {-999.0 13.326923 12.6595745 12.355662 -999.0} sdss_psfmag_from_g3xp 13.153523 12.696264 12.004785 10.676 63050394818504166 1109649460 bright_flexible_2x1 mwm_tess_rgb_apogee mwm_tessrgb science 0 0 0.0 0.0 -999 ""
FIBERMAP 592 R0C5 BOSS 0 0 0 1 0 0 -185.9754374823201 -10.870192755093829 143.1 -149.50140673316363 111.07206434978963 9.325399 67.59671 -999.0 -999.0 -999.0 -999.0 -999.0 138.54169231714124 13.494179762875426 138.56780742042156 13.388448848190679 66.17122898025946 140.8715422824119 -999.0 5400.0 -999.0 1 495 {-999.0 -999.0 -999.0 -999.0 -999.0} "" -999.0 -999.0 -999.0 -999.0 -999 -999 "" "" "" "" 0 0 0.0 0.0 -999 ""
FIBERMAP 592 R0C5 METROLOGY 0 0 0 1 0 0 -186.55104553725437 -10.40399945513617 143.1 -149.6432126162299 111.79889144149493 9.325399 67.59671 -999.0 -999.0 -999.0 -999.0 -999.0 138.5410235202784 13.49748218047402 138.56715946980688 13.391730304594777 66.17432306168575 140.86841905523772 -999.0 6231.0 -999.0 -1 -999 {-999.0 -999.0 -999.0 -999.0 -999.0} "" -999.0 -999.0 -999.0 -999.0 -999 -999 "" "" "" "" 0 0 0.0 0.0 -999 ""
FIBERMAP 594 R+1C22 APOGEE 0 0 0 1 0 0 174.50727973216667 26.37343151477777 143.1 150.66637477133744 -91.82820838465341 187.33968 82.947 -999.0 -999.0 -999.0 -999.0 -999.0 139.94278069625608 12.575033853861338 139.96641439884462 12.467055649334235 64.64949961456685 139.36726046236083 -999.0 16600.0 -999.0 2 86 {-999.0 -999.0 -999.0 -999.0 -999.0} "" -999.0 -999.0 -999.0 -999.0 -999 -999 "" ops_sky_apogee_best_unassigned ops_sky sky_apogee 0 0 0.0 0.0 -999 ""
FIBERMAP 594 R+1C22 BOSS 1 1 0 1 0 0 174.5277816760338 27.10905929477485 143.1 151.15438405280815 -91.27762255921651 187.33968 82.947 139.94521561772518 12.577457708148787 -20.883013 -11.207274 0.7670422 139.94515533340908 12.577426131773665 139.96873613115568 12.469523625927762 64.65027139043876 139.3596437198897 5400.0 5400.0 2016.0 1 235 {-999.0 20.521135 19.428102 18.68926 -999.0} sdss_psfmag 20.087889 19.526934 18.41541 16.288 63050394818025335 1092517836 dark_flexible_2x1 mwm_cb_galex_vol_boss mwm_cb science 0 0 0.0 0.0 -999 ""
FIBERMAP 594 R+1C22 METROLOGY 0 0 0 1 0 0 175.16708407071604 26.73615317154404 143.1 151.40489561188653 -91.97385286473957 187.33968 82.947 -999.0 -999.0 -999.0 -999.0 -999.0 139.94627896922964 12.574298650695406 139.96986938642715 12.466372225674059 64.64704177259497 139.36163256382488 -999.0 6231.0 -999.0 -1 -999 {-999.0 -999.0 -999.0 -999.0 -999.0} "" -999.0 -999.0 -999.0 -999.0 -999 -999 "" "" "" "" 0 0 0.0 0.0 -999 ""
FIBERMAP 597 R+1C2 APOGEE 0 0 0 1 0 0 -240.93517030652004 21.515459881409885 143.1 -170.8271578359406 171.1768114308264 35.737156 86.321724 -999.0 -999.0 -999.0 -999.0 -999.0 138.44270005036574 13.764766378431105 138.46942803309412 13.6590749833675 66.45011919482619 140.70258511365992 -999.0 16600.0 -999.0 2 -999 {-999.0 -999.0 -999.0 -999.0 -999.0} "" -999.0 -999.0 -999.0 -999.0 -999 -999 "" "" "" "" 0 0 0.0 0.0 -999 ""
FIBERMAP 597 R+1C2 BOSS 1 1 0 1 0 0 -240.52291431430407 20.86741774241123 143.1 -170.92728992553594 170.41550186059214 35.737156 86.321724 138.4422613525778 13.761279594264973 -999.0 -999.0 -999.0 138.4422613525778 13.761279594264973 138.46893287176198 13.655664139023632 66.44752982482262 140.70827042284628 5400.0 5400.0 2016.0 1 11 {-999.0 21.787685 20.784466 20.255192 19.846949} sdss_fiber2mag_from_lsdr10 20.617947 21.482807 19.377203 -999.0 63050394818504871 1059077913 dark_flexible_2x2 bhm_spiders_agn_lsdr10 bhm_spiders science 0 0 0.0 0.0 -999 ""
FIBERMAP 597 R+1C2 METROLOGY 0 0 0 1 0 0 -241.278652659272 20.85312925863924 143.1 -171.51562411019498 170.88976113292173 35.737156 86.321724 -999.0 -999.0 -999.0 -999.0 -999.0 138.4395287480671 13.763400804090086 138.46622023532876 13.657768489679617 66.45073457973503 140.71090292283859 -999.0 6231.0 -999.0 -1 -999 {-999.0 -999.0 -999.0 -999.0 -999.0} "" -999.0 -999.0 -999.0 -999.0 -999 -999 "" "" "" "" 0 0 0.0 0.0 -999 ""
FIBERMAP 598 R+11C9 APOGEE 0 0 0 1 0 0 22.48635116022839 232.18497649045065 143.1 166.3029378078429 163.4980973105604 135.14162 17.420454 -999.0 -999.0 -999.0 -999.0 -999.0 140.01522525129778 13.733026819706485 140.0408850079159 13.62469101952014 65.55776223752555 137.65327342598766 -999.0 16600.0 -999.0 2 21 {-999.0 -999.0 -999.0 -999.0 -999.0} "" -999.0 -999.0 -999.0 -999.0 -999 -999 "" ops_sky_apogee_best_unassigned ops_sky sky_apogee 0 0 0.0 0.0 -999 ""
FIBERMAP 598 R+11C9 BOSS 1 1 0 1 0 0 23.138183812296973 231.84769173346237 143.1 166.58592204354915 162.82112061509756 135.14162 17.420454 140.01663208007812 13.72991519084033 -999.0 -999.0 -999.0 140.01663208007812 13.72991519084033 140.0422295767832 13.621653154379876 65.55453203018726 137.6549858676118 5400.0 5400.0 2015.5 1 110 {-999.0 -999.0 -999.0 -999.0 -999.0} "" -999.0 -999.0 -999.0 -999.0 27021603088172827 804852332 "" ops_sky_boss_good ops_sky sky_boss 0 0 0.0 0.0 -999 ""
FIBERMAP 598 R+11C9 METROLOGY 0 0 0 1 0 0 22.518304211631254 231.43778054411774 143.1 165.84770029198563 162.90496835541308 135.14162 17.420454 -999.0 -999.0 -999.0 -999.0 -999.0 140.01318616457425 13.730333773805135 140.0388025111963 13.622055976581292 65.55680043737885 137.66095943857223 -999.0 6231.0 -999.0 -1 -999 {-999.0 -999.0 -999.0 -999.0 -999.0} "" -999.0 -999.0 -999.0 -999.0 -999 -999 "" "" "" "" 0 0 0.0 0.0 -999 ""
FIBERMAP 599 R+2C11 APOGEE 0 0 0 1 0 0 -54.677314735459035 34.89149697685149 143.1 -19.500484079490644 61.8437804384298 175.8929 139.2106 -999.0 -999.0 -999.0 -999.0 -999.0 139.14900799765377 13.273440759426483 139.17438925469736 13.16664726502554 65.66104602421441 139.96299304711556 -999.0 16600.0 -999.0 2 142 {-999.0 -999.0 -999.0 -999.0 -999.0} "" -999.0 -999.0 -999.0 -999.0 -999 -999 "" ops_sky_apogee_best_unassigned ops_sky sky_apogee 0 0 0.0 0.0 -999 ""
FIBERMAP 599 R+2C11 BOSS 1 1 0 1 0 0 -55.20594018633926 35.41223157567404 143.1 -19.571267482219614 62.58224088377914 175.8929 139.2106 139.14871215820312 13.276757946733014 -999.0 -999.0 -999.0 139.14871215820312 13.276757946733015 139.17404684783818 13.17004110121858 65.66405311837653 139.95909045320136 5400.0 5400.0 2015.5 1 23 {-999.0 -999.0 -999.0 -999.0 -999.0} "" -999.0 -999.0 -999.0 -999.0 27021603088386619 804881195 "" ops_sky_boss_good ops_sky sky_boss 0 0 0.0 0.0 -999 ""
FIBERMAP 599 R+2C11 METROLOGY 0 0 0 1 0 0 -54.48750854784269 35.61724080350028 143.1 -18.88907422487828 62.2780927113216 175.8929 139.2106 -999.0 -999.0 -999.0 -999.0 -999.0 139.15189429895176 13.275396148750767 139.17723952130876 13.168652443753157 65.66117134737404 139.95469082613863 -999.0 6231.0 -999.0 -1 -999 {-999.0 -999.0 -999.0 -999.0 -999.0} "" -999.0 -999.0 -999.0 -999.0 -999 -999 "" "" "" "" 0 0 0.0 0.0 -999 ""
FIBERMAP 600 R+1C17 APOGEE 0 0 0 1 0 0 73.24940556716824 8.294769380784134 143.1 61.46024167564714 -40.671863843815174 236.30081 125.05621 -999.0 -999.0 -999.0 -999.0 -999.0 139.52812989425706 12.807051691575513 139.55243248477706 12.699716330181742 65.06810144551298 139.85051690652213 -999.0 16600.0 -999.0 2 -999 {-999.0 -999.0 -999.0 -999.0 -999.0} "" -999.0 -999.0 -999.0 -999.0 -999 -999 "" "" "" "" 0 0 0.0 0.0 -999 ""
FIBERMAP 600 R+1C17 BOSS 1 1 0 1 0 0 72.47544080987235 8.246059425745756 143.1 60.83583993550613 -40.212281519634516 236.30081 125.05621 139.52532858425815 12.809083020006385 -8.947463 -14.96185 0.5322242 139.5253027315214 12.809040865162284 139.54955643283594 12.701788768857936 65.07138361439138 139.85331777646581 5400.0 5400.0 2016.0 1 191 {-999.0 17.022879 16.659817 16.476934 -999.0} sdss_psfmag 16.928005 16.62117 16.152948 15.145 63050394818030886 976570451 "" ops_std_boss ops_std standard_boss 0 0 0.0 0.0 -999 ""
FIBERMAP 600 R+1C17 METROLOGY 0 0 0 1 0 0 72.84393136780916 8.92107015051535 143.1 61.55161231071775 -39.931569921538554 236.30081 125.05621 -999.0 -999.0 -999.0 -999.0 -999.0 139.5286216630076 12.810348765494608 139.5528911138685 12.70306846867991 65.070639415139 139.84521441515017 -999.0 6231.0 -999.0 -1 -999 {-999.0 -999.0 -999.0 -999.0 -999.0} "" -999.0 -999.0 -999.0 -999.0 -999 -999 "" "" "" "" 0 0 0.0 0.0 -999 ""
FIBERMAP 604 R+7C14 APOGEE 0 0 0 1 0 0 89.10353106065048 136.91394334108415 143.1 156.18786524088344 47.71663351932322 347.11047 134.67023 -999.0 -999.0 -999.0 -999.0 -999.0 139.9695024530323 13.209014846105367 139.99425195839757 13.100861751906548 65.15636596964572 138.46779696853693 -999.0 16600.0 -999.0 2 43 {-999.0 -999.0 -999.0 -999.0 -999.0} "" -999.0 -999.0 -999.0 -999.0 -999 -999 "" ops_sky_apogee_best_unassigned ops_sky sky_apogee 0 0 0.0 0.0 -999 ""
FIBERMAP 604 R+7C14 BOSS 1 1 0 1 0 0 89.46820254006863 136.28076287393748 143.1 156.06080842317246 46.99726404615715 347.11047 134.67023 139.96901952477276 13.20568447302714 1.8044256 0.96980834 0.004007143 139.96902474681175 13.205687205451063 139.99371294024664 13.097613151597574 65.15400267746892 138.4732470920488 5400.0 5400.0 2016.0 1 160 {-999.0 20.895494 20.731134 20.590418 20.498842} sdss_psfmag_from_gaiadr2 20.579231 20.724998 20.015684 -999.0 63050394818040370 1055736595 dark_flexible_2x2 bhm_gua_dark bhm_filler science 0 0 0.0 0.0 -999 ""
FIBERMAP 604 R+7C14 METROLOGY 0 0 0 1 0 0 88.72270105018174 136.26439034351708 143.1 155.47898123053875 47.46335380529682 347.11047 134.67023 -999.0 -999.0 -999.0 -999.0 -999.0 139.96629484865102 13.20783056677758 139.99100443051236 13.099738612294752 65.15725550415141 138.47550037519662 -999.0 6231.0 -999.0 -1 -999 {-999.0 -999.0 -999.0 -999.0 -999.0} "" -999.0 -999.0 -999.0 -999.0 -999 -999 "" "" "" "" 0 0 0.0 0.0 -999 ""
FIBERMAP 605 R+13C13 APOGEE 1 1 0 1 0 0 109.76647089329678 236.6598609756092 143.1 236.0631313944995 110.89067542024323 281.00992 54.20888 140.3381440826267 13.493309949985584 73.06091 -21.19096 5.0144777 140.3383557741526 13.493250244608031 140.3633770217632 13.384429662504312 65.1795914846673 137.37925618332608 16000.0 16600.0 2016.0 2 103 {-999.0 10.771671 10.460667 10.368669 -999.0} sdss_psfmag_from_g3xp 10.727716 10.466145 10.045384 9.381 63050394818041203 974606201 "" ops_std_apogee ops_std standard_apogee 0 0 0.0 0.0 -999 ""
FIBERMAP 605 R+13C13 BOSS 0 0 0 1 0 0 109.10988846156056 236.9986459702135 143.1 235.777470365163 111.57185134083072 281.00992 54.20888 -999.0 -999.0 -999.0 -999.0 -999.0 140.33710119487924 13.496263807834008 140.36207221214562 13.387521200791026 65.18284114419203 137.3773973704915 -999.0 5400.0 -999.0 1 91 {-999.0 -999.0 -999.0 -999.0 -999.0} "" -999.0 -999.0 -999.0 -999.0 -999 -999 "" "" "" "" 0 0 0.0 0.0 -999 ""
FIBERMAP 605 R+13C13 METROLOGY 0 0 0 1 0 0 109.7286280565603 237.40921492705843 143.1 236.51524078145584 111.48923960271955 281.00992 54.20888 -999.0 -999.0 -999.0 -999.0 -999.0 140.34047241518263 13.4958824830342 140.36545667788766 13.387112702096879 65.18058266531352 137.37160721417465 -999.0 6231.0 -999.0 -1 -999 {-999.0 -999.0 -999.0 -999.0 -999.0} "" -999.0 -999.0 -999.0 -999.0 -999 -999 "" "" "" "" 0 0 0.0 0.0 -999 ""
FIBERMAP 610 R-4C21 APOGEE 0 0 0 1 0 0 211.58483270210624 -75.87881786335114 143.1 113.4314186854585 -193.9943039745386 344.56195 140.4555 -999.0 -999.0 -999.0 -999.0 -999.0 139.7683070477902 12.112793901427613 139.79122161590993 12.005201494529784 64.36033310545967 140.29368585457058 -999.0 16600.0 -999.0 2 232 {-999.0 -999.0 -999.0 -999.0 -999.0} "" -999.0 -999.0 -999.0 -999.0 -999 -999 "" ops_sky_apogee_best_unassigned ops_sky sky_apogee 0 0 0.0 0.0 -999 ""
FIBERMAP 610 R-4C21 BOSS 1 1 0 1 0 0 212.01312142570828 -76.49058194892112 143.1 113.36686501049543 -194.73810538741608 344.56195 140.4555 139.76806640625 12.109332956265007 -999.0 -999.0 -999.0 139.76806640625 12.109332956265007 139.79091982597038 12.001823624140028 64.35767228161693 140.29854267251858 5400.0 5400.0 2015.5 1 279 {-999.0 -999.0 -999.0 -999.0 -999.0} "" -999.0 -999.0 -999.0 -999.0 27021603088159238 804850466 "" ops_sky_boss_good ops_sky sky_boss 0 0 0.0 0.0 -999 ""
FIBERMAP 610 R-4C21 METROLOGY 0 0 0 1 0 0 211.24854390705318 -76.54302570338663 143.1 112.74725996196125 -194.28741138325188 344.56195 140.4555 -999.0 -999.0 -999.0 -999.0 -999.0 139.7651921114827 12.11137693120628 139.78806655120292 12.003848722471925 64.36089733772916 140.3013630472871 -999.0 6231.0 -999.0 -1 -999 {-999.0 -999.0 -999.0 -999.0 -999.0} "" -999.0 -999.0 -999.0 -999.0 -999 -999 "" "" "" "" 0 0 0.0 0.0 -999 ""
FIBERMAP 613 R0C25 APOGEE 0 0 0 1 0 0 266.3347324948126 -1.8719080225341713 143.1 202.90394284592693 -172.43033183585928 46.890907 53.794468 -999.0 -999.0 -999.0 -999.0 -999.0 140.1812496318698 12.211855768850722 140.2040943981135 12.103558798219803 64.2182963097016 139.39343283294912 -999.0 16600.0 -999.0 2 35 {-999.0 -999.0 -999.0 -999.0 -999.0} "" -999.0 -999.0 -999.0 -999.0 -999 -999 "" ops_sky_apogee_best_unassigned ops_sky sky_apogee 0 0 0.0 0.0 -999 ""
FIBERMAP 613 R0C25 BOSS 1 1 0 1 0 0 266.4729295301919 -2.6039445312968565 143.1 202.53985833151674 -173.08005553395438 46.890907 53.794468 140.17960418063046 12.208866376579872 3.0335 -9.105327 0.23115331 140.17961292525692 12.20884072242535 140.20239676958087 12.100628861235192 64.21679728447232 139.40036544619056 5400.0 5400.0 2016.0 1 172 {-999.0 17.37262 17.049152 16.928446 16.893507} sdss_psfmag_from_gaia 17.3407 17.0572 16.6164 15.732 63050394818023520 969129683 "" ops_std_boss_gdr2 ops_std standard_boss 0 0 0.0 0.0 -999 ""
FIBERMAP 613 R0C25 METROLOGY 0 0 0 1 0 0 265.76306435220914 -2.360828454857907 143.1 202.1519413990806 -172.43798623920927 46.890907 53.794468 -999.0 -999.0 -999.0 -999.0 -999.0 140.1778447080606 12.211739806446172 140.20065083684779 12.103507068866758 64.22013796919882 139.39991474656784 -999.0 6231.0 -999.0 -1 -999 {-999.0 -999.0 -999.0 -999.0 -999.0} "" -999.0 -999.0 -999.0 -999.0 -999 -999 "" "" "" "" 0 0 0.0 0.0 -999 ""
FIBERMAP 614 R+1C11 APOGEE 0 0 0 1 0 0 -71.97227208029004 32.384713968396035 143.1 -34.36392267631131 71.02664616878383 196.25821 47.567646 -999.0 -999.0 -999.0 -999.0 -999.0 139.07938215100617 13.315053853021647 139.10488274000932 13.20836950878643 65.73331592556796 140.04348884608856 -999.0 16600.0 -999.0 2 134 {-999.0 -999.0 -999.0 -999.0 -999.0} "" -999.0 -999.0 -999.0 -999.0 -999 -999 "" ops_sky_apogee_best_unassigned ops_sky sky_apogee 0 0 0.0 0.0 -999 ""
FIBERMAP 614 R+1C11 BOSS 1 1 0 1 0 0 -71.64583829657641 33.05486387591342 143.1 -33.683501340439264 71.33063453066163 196.25821 47.567646 139.08259881357395 13.316411852298572 -0.56972647 -2.0615225 -0.0013999812 139.0825971640246 13.316406043982393 139.10804565101623 13.209792618224029 65.73279176994919 140.0353341137563 5400.0 5400.0 2016.0 1 31 {-999.0 18.170563 17.813354 17.675982 17.628305} sdss_psfmag_from_gaia 18.112 17.8242 17.3442 16.973 63050394818502418 969133966 "" ops_std_boss_gdr2 ops_std standard_boss 0 0 0.0 0.0 -999 ""
FIBERMAP 614 R+1C11 METROLOGY 0 0 0 1 0 0 -71.21816874449078 32.43038500347851 143.1 -33.75669283569082 70.57748666259567 196.25821 47.567646 -999.0 -999.0 -999.0 -999.0 -999.0 139.08225005341785 13.312993178032992 139.10770748118927 13.20635932559734 65.73011790204824 140.04063469899518 -999.0 6231.0 -999.0 -1 -999 {-999.0 -999.0 -999.0 -999.0 -999.0} "" -999.0 -999.0 -999.0 -999.0 -999 -999 "" "" "" "" 0 0 0.0 0.0 -999 ""
FIBERMAP 615 R-10C5 APOGEE 0 0 0 1 0 0 -79.16922053921475 -194.26902029312217 143.1 -185.3985759642026 -98.04888779854942 337.78036 136.48166 -999.0 -999.0 -999.0 -999.0 -999.0 138.3799050862841 12.544255319335928 138.40442220764305 12.438918148672565 65.45433098281205 142.44030969895326 -999.0 16600.0 -999.0 2 -999 {-999.0 -999.0 -999.0 -999.0 -999.0} "" -999.0 -999.0 -999.0 -999.0 -999 -999 "" "" "" "" 0 0 0.0 0.0 -999 ""
FIBERMAP 615 R-10C5 BOSS 1 1 0 1 0 0 -78.84057898773519 -194.9347551834009 143.1 -185.57414536421854 -98.77007295481316 337.78036 136.48166 138.37913406477955 12.540888423189644 -999.0 -999.0 -999.0 138.37913406477955 12.540888423189646 138.40359524818084 12.435632684264737 65.45195829220823 142.44611508378082 5400.0 5400.0 2016.0 1 348 {-999.0 nan nan nan nan} undefined 1e+20 1e+20 1e+20 -999.0 63050398960622450 1059071466 dark_flexible_2x2 bhm_spiders_agn_lsdr10 bhm_spiders science 0 0 0.0 0.0 -999 ""
FIBERMAP 615 R-10C5 METROLOGY 0 0 0 1 0 0 -79.59022934068092 -194.88498585189944 143.1 -186.11668675581225 -98.25063163435762 337.78036 136.48166 -999.0 -999.0 -999.0 -999.0 -999.0 138.37660303342187 12.543263882695907 138.40108436268974 12.437989479618727 65.45525131004959 142.44816183364244 -999.0 6231.0 -999.0 -1 -999 {-999.0 -999.0 -999.0 -999.0 -999.0} "" -999.0 -999.0 -999.0 -999.0 -999 -999 "" "" "" "" 0 0 0.0 0.0 -999 ""
FIBERMAP 619 R+7C12 APOGEE 1 1 0 1 0 0 19.13767113718444 119.5423810013505 143.1 91.41636634209789 79.3243460560367 293.55786 34.882442 139.66764818011714 13.353289553668912 -10.798733 -15.492886 1.6482953 139.66761690939586 13.353245902637886 139.69281617239278 13.24556567466673 65.44264864514443 138.84713013459213 16000.0 16600.0 2016.0 2 6 {-999.0 11.534095 11.268069 11.20102 -999.0} sdss_psfmag_from_g3xp 11.511581 11.268673 10.877441 10.26 63050394818041913 974606221 "" ops_std_apogee ops_std standard_apogee 0 0 0.0 0.0 -999 ""
FIBERMAP 619 R+7C12 BOSS 0 0 0 1 0 0 18.515516929931398 119.93726498050057 143.1 91.19310682357003 80.02640939456788 293.55786 34.882442 -999.0 -999.0 -999.0 -999.0 -999.0 139.66666627906503 13.356396985695616 139.69181750459785 13.248794464317045 65.44585758873498 138.84463773124554 -999.0 5400.0 -999.0 1 138 {-999.0 -999.0 -999.0 -999.0 -999.0} "" -999.0 -999.0 -999.0 -999.0 -999 -999 "" "" "" "" 0 0 0.0 0.0 -999 ""
FIBERMAP 619 R+7C12 METROLOGY 0 0 0 1 0 0 19.176857445843858 120.2932815682826 143.1 91.92850003625215 79.87464020396106 293.55786 34.882442 -999.0 -999.0 -999.0 -999.0 -999.0 139.67007772977016 13.355717663482979 139.6952410099135 13.24808782925241 65.44338164703804 138.83900783472777 -999.0 6231.0 -999.0 -1 -999 {-999.0 -999.0 -999.0 -999.0 -999.0} "" -999.0 -999.0 -999.0 -999.0 -999 -999 "" "" "" "" 0 0 0.0 0.0 -999 ""
FIBERMAP 623 R+6C11 APOGEE 0 0 0 1 0 0 -16.829255508605897 102.78646580754783 143.1 53.0952348936857 89.57540936599162 283.23892 34.6052 -999.0 -999.0 -999.0 -999.0 -999.0 139.48846148870302 13.39996581740587 139.5138587538529 13.292575728387707 65.58012277193521 139.1289824478444 -999.0 16600.0 -999.0 2 -999 {-999.0 -999.0 -999.0 -999.0 -999.0} "" -999.0 -999.0 -999.0 -999.0 -999 -999 "" "" "" "" 0 0 0.0 0.0 -999 ""
FIBERMAP 623 R+6C11 BOSS 1 1 0 1 0 0 -17.407195635546184 103.29103650461315 143.1 52.976281396723884 90.33314426542799 283.23892 34.6052 139.48797952367556 13.403375766667358 -0.090618014 0.18695378 -0.03003743 139.4879792612114 13.403376293407518 139.51332905074608 13.296062812314785 65.58329038806801 139.12524149075094 5400.0 5400.0 2016.0 1 136 {-999.0 19.143179 18.857834 18.794016 18.769032} sdss_psfmag_from_lsdr10 19.050226 18.81256 18.375053 -999.0 63050394818041982 1059076679 dark_flexible_2x2 bhm_spiders_agn_lsdr10 bhm_spiders science 0 0 0.0 0.0 -999 ""
FIBERMAP 623 R+6C11 METROLOGY 0 0 0 1 0 0 -16.69808328767307 103.52094237556572 143.1 53.6673172869722 90.05405894512494 283.23892 34.6052 -999.0 -999.0 -999.0 -999.0 -999.0 139.4911932831212 13.402121067646434 139.51655409659088 13.294780783009605 65.58045828208793 139.12073329675428 -999.0 6231.0 -999.0 -1 -999 {-999.0 -999.0 -999.0 -999.0 -999.0} "" -999.0 -999.0 -999.0 -999.0 -999 -999 "" "" "" "" 0 0 0.0 0.0 -999 ""
FIBERMAP 624 R-5C1 APOGEE 0 0 0 1 0 0 -226.15883160017432 -96.9780869389539 143.1 -235.5801173032932 70.88231295442307 321.44678 150.20323 -999.0 -999.0 -999.0 -999.0 -999.0 138.14386729538776 13.308795115010064 138.1699374765438 13.203708600111465 66.22436116331434 141.92640099298382 -999.0 16600.0 -999.0 2 241 {-999.0 -999.0 -999.0 -999.0 -999.0} "" -999.0 -999.0 -999.0 -999.0 -999 -999 "" ops_sky_apogee_best_unassigned ops_sky sky_apogee 0 0 0.0 0.0 -999 ""
FIBERMAP 624 R-5C1 BOSS 1 1 0 1 0 0 -225.8589769312223 -97.65755342647803 143.1 -235.78656369081787 70.16908672106659 321.44678 150.20323 138.14295207843298 13.305490388369686 -999.0 -999.0 -999.0 138.14295207843298 13.305490388369686 138.16896739195528 13.200482299052718 66.22213347244171 141.93264542057952 5400.0 5400.0 2016.0 1 498 {-999.0 21.869118 20.330482 19.7725 19.398504} sdss_fiber2mag_from_lsdr10 20.250399 21.556997 18.674202 -999.0 63050394818503718 1062088393 dark_flexible_2x2 bhm_colr_galaxies_lsdr10 bhm_filler science 0 0 0.0 0.0 -999 ""
FIBERMAP 624 R-5C1 METROLOGY 0 0 0 1 0 0 -226.59424091970007 -97.59221142512253 143.1 -236.3080819098158 70.69122563921664 321.44678 150.20323 -999.0 -999.0 -999.0 -999.0 -999.0 138.14054057673977 13.307849503337952 138.1665757780629 13.202823497217434 66.22535508056187 141.9344413292333 -999.0 6231.0 -999.0 -1 -999 {-999.0 -999.0 -999.0 -999.0 -999.0} "" -999.0 -999.0 -999.0 -999.0 -999 -999 "" "" "" "" 0 0 0.0 0.0 -999 ""
FIBERMAP 627 R+5C4 APOGEE 0 0 0 1 0 0 -176.3520318888934 87.92634419393514 143.1 -78.69582789161264 180.60629754654337 219.03152 126.19635 -999.0 -999.0 -999.0 -999.0 -999.0 138.8714405246525 13.810880094694284 138.89798002884828 13.704448054554117 66.25742130958909 139.77534694482495 -999.0 16600.0 -999.0 2 -999 {-999.0 -999.0 -999.0 -999.0 -999.0} "" -999.0 -999.0 -999.0 -999.0 -999 -999 "" "" "" "" 0 0 0.0 0.0 -999 ""
FIBERMAP 627 R+5C4 BOSS 1 1 0 1 0 0 -177.08693754906375 88.1033372779689 143.1 -79.14538778118657 181.21377027523596 219.03152 126.19635 138.86937210186713 13.813577814934728 -999.0 -999.0 -999.0 138.86937210186713 13.813577814934728 138.8958661289273 13.707223246679659 66.26087038382407 139.77572378073413 5400.0 5400.0 2016.0 1 37 {-999.0 20.392746 19.363487 18.941107 18.594807} sdss_fiber2mag_from_lsdr10 19.40734 20.35491 17.782393 15.523 63050394818514633 1058145663 dark_flexible_2x2 bhm_spiders_clusters_lsdr10 bhm_spiders science 0 0 0.0 0.0 -999 ""
FIBERMAP 627 R+5C4 METROLOGY 0 0 0 1 0 0 -176.56303868974334 88.64198244787835 143.1 -78.39806940876106 181.29020073428475 219.03152 126.19635 -999.0 -999.0 -999.0 -999.0 -999.0 138.8728498906459 13.813955773001826 138.89935709074098 13.707574109579372 66.25926552005107 139.76825145993945 -999.0 6231.0 -999.0 -1 -999 {-999.0 -999.0 -999.0 -999.0 -999.0} "" -999.0 -999.0 -999.0 -999.0 -999 -999 "" "" "" "" 0 0 0.0 0.0 -999 ""
FIBERMAP 630 R+11C4 APOGEE 0 0 0 1 0 0 -93.44648158520798 203.08899133256273 143.1 58.77715267542026 215.63312379230743 303.14563 120.658485 -999.0 -999.0 -999.0 -999.0 -999.0 139.51358901170548 13.969934226865721 139.54000361896618 13.862386713854509 66.03346208974776 138.28431239250128 -999.0 16600.0 -999.0 2 26 {-999.0 -999.0 -999.0 -999.0 -999.0} "" -999.0 -999.0 -999.0 -999.0 -999 -999 "" ops_sky_apogee_best_unassigned ops_sky sky_apogee 0 0 0.0 0.0 -999 ""
FIBERMAP 630 R+11C4 BOSS 1 1 0 1 0 0 -93.78702174899846 202.42819699221386 143.1 58.09192749394025 215.34536184170577 303.14563 120.658485 139.51045884568168 13.968613819550354 0.07459198 -0.46919018 -0.10003257 139.510459062248 13.968612497612352 139.53681934495748 13.86114471455563 66.03422866228875 138.29229433404907 5400.0 5400.0 2016.0 1 145 {-999.0 20.62021 20.41566 20.336935 20.282932} sdss_psfmag_from_lsdr10 20.577816 20.454016 19.988369 -999.0 63050394818514301 1059079300 dark_flexible_2x2 bhm_spiders_agn_lsdr10 bhm_spiders science 0 0 0.0 0.0 -999 ""
FIBERMAP 630 R+11C4 METROLOGY 0 0 0 1 0 0 -94.19719798111298 203.03920153060764 143.1 58.16987403216799 216.07695235067393 303.14563 120.658485 -999.0 -999.0 -999.0 -999.0 -999.0 139.51079409037348 13.971909065081777 139.5371754867752 13.864419014757043 66.03670537227671 138.28695314222176 -999.0 6231.0 -999.0 -1 -999 {-999.0 -999.0 -999.0 -999.0 -999.0} "" -999.0 -999.0 -999.0 -999.0 -999 -999 "" "" "" "" 0 0 0.0 0.0 -999 ""
FIBERMAP 631 R-5C16 APOGEE 0 0 0 1 0 0 110.49336483843486 -107.25928478612667 143.1 15.812608184624475 -153.13864333247497 320.4277 111.166016 -999.0 -999.0 -999.0 -999.0 -999.0 139.31560022504536 12.295865089193628 139.33911089007074 12.188991442029884 64.75560685238261 140.9224771571999 -999.0 16600.0 -999.0 2 202 {-999.0 -999.0 -999.0 -999.0 -999.0} "" -999.0 -999.0 -999.0 -999.0 -999 -999 "" ops_sky_apogee_best_unassigned ops_sky sky_apogee 0 0 0.0 0.0 -999 ""
FIBERMAP 631 R-5C16 BOSS 1 1 0 1 0 0 110.26726288995421 -107.96994279804302 143.1 15.183068650432684 -153.53809149207336 320.4277 111.166016 139.31273264533615 12.293914555311781 -999.0 -999.0 -999.0 139.31273264533615 12.293914555311781 139.3361880019622 12.187127064902812 64.75558952295418 140.9304761373233 5400.0 5400.0 2016.0 1 304 {-999.0 22.030716 21.53367 21.21456 20.954613} sdss_psfmag_from_lsdr10 1e+20 1e+20 1e+20 -999.0 63050397530835849 1059070157 dark_flexible_2x2 bhm_spiders_agn_lsdr10 bhm_spiders science 0 0 0.0 0.0 -999 ""
FIBERMAP 631 R-5C16 METROLOGY 0 0 0 1 0 0 109.7641655127579 -107.42684712514728 143.1 15.146205257599114 -152.79888450114188 320.4277 111.166016 -999.0 -999.0 -999.0 -999.0 -999.0 139.3125413377322 12.297292646720626 139.33601809995753 12.190481832411999 64.75849840054487 140.92653803392352 -999.0 6231.0 -999.0 -1 -999 {-999.0 -999.0 -999.0 -999.0 -999.0} "" -999.0 -999.0 -999.0 -999.0 -999 -999 "" "" "" "" 0 0 0.0 0.0 -999 ""
FIBERMAP 635 R+9C12 APOGEE 0 0 0 1 0 0 45.796239898999 178.24468390544445 143.1 149.5350145082265 107.1951969575931 138.08014 136.39236 -999.0 -999.0 -999.0 -999.0 -999.0 139.9382265027881 13.479012431193727 139.96347986333586 13.370856054424474 65.39456478649275 138.1555519639365 -999.0 16600.0 -999.0 2 25 {-999.0 -999.0 -999.0 -999.0 -999.0} "" -999.0 -999.0 -999.0 -999.0 -999 -999 "" ops_sky_apogee_best_unassigned ops_sky sky_apogee 0 0 0.0 0.0 -999 ""
FIBERMAP 635 R+9C12 BOSS 1 1 0 1 0 0 45.733432648554825 178.98763893030275 143.1 149.9638840782574 107.8048853065532 138.08014 136.39236 139.94031387955638 13.481721073195045 0.16334566 0.08117682 0.39938903 139.94031435282207 13.481721301909806 139.96551568844635 13.373637339483059 65.39569495462624 138.14781338054655 5400.0 5400.0 2016.0 1 140 {-999.0 19.550459 19.321657 19.120237 18.96039} sdss_psfmag_from_gaiadr2 19.561491 19.342983 18.805609 -999.0 63050394818042252 1055736618 dark_flexible_2x2 bhm_gua_dark bhm_filler science 0 0 0.0 0.0 -999 ""
FIBERMAP 635 R+9C12 METROLOGY 0 0 0 1 0 0 46.409008988485475 178.6763556375373 143.1 150.28175811086078 107.13259060698535 138.08014 136.39236 -999.0 -999.0 -999.0 -999.0 -999.0 139.94177501840522 13.478684765054245 139.9669857768672 13.37057734244015 65.39237027467291 138.1492452719831 -999.0 6231.0 -999.0 -1 -999 {-999.0 -999.0 -999.0 -999.0 -999.0} "" -999.0 -999.0 -999.0 -999.0 -999 -999 "" "" "" "" 0 0 0.0 0.0 -999 ""
FIBERMAP 637 R-13C10 APOGEE 1 1 0 1 0 0 45.75714742074345 -243.66055784779047 143.1 -121.37220125560052 -216.10702094718306 142.70032 115.2801 138.68065115394737 12.011777716904815 1.0215772 6.3610973 5.580813 138.68065409666102 12.011795639224264 138.70402209501697 11.906054354932515 64.84701956502764 142.51112010631337 16000.0 16600.0 2016.0 2 181 {-999.0 14.21584 13.091946 12.688906 -999.0} sdss_psfmag_from_g3xp 13.80909 13.147124 12.310618 10.708 63050394818026832 1094060426 bright_1x1 mwm_bin_vis_apogee mwm_filler science 0 0 0.0 0.0 -999 ""
FIBERMAP 637 R-13C10 BOSS 0 0 0 1 0 0 45.938617934175426 -242.93679677946528 143.1 -120.76845244660335 -215.66887638098947 142.70032 115.2801 -999.0 -999.0 -999.0 -999.0 -999.0 138.6834600050246 12.013651670397493 138.70677898753564 11.907986944679648 64.8472557192215 142.50333265596953 -999.0 5400.0 -999.0 1 335 {-999.0 -999.0 -999.0 -999.0 -999.0} "" -999.0 -999.0 -999.0 -999.0 -999 -999 "" "" "" "" 0 0 0.0 0.0 -999 ""
FIBERMAP 637 R-13C10 METROLOGY 0 0 0 1 0 0 46.47328725105729 -243.44955972719296 143.1 -120.68791925754059 -216.40510811093395 142.70032 115.2801 -999.0 -999.0 -999.0 -999.0 -999.0 138.68385266315474 12.010379847023742 138.7071800027016 11.904691971377195 64.84424223720201 142.50660081314135 -999.0 6231.0 -999.0 -1 -999 {-999.0 -999.0 -999.0 -999.0 -999.0} "" -999.0 -999.0 -999.0 -999.0 -999 -999 "" "" "" "" 0 0 0.0 0.0 -999 ""
FIBERMAP 640 R-5C17 APOGEE 0 0 0 1 0 0 116.70486115724563 -79.75906547004912 143.1 38.228851174974196 -136.05182307673743 147.788 72.16635 -999.0 -999.0 -999.0 -999.0 -999.0 139.41987449568012 12.373447072463229 139.4434626622001 12.266382393645081 64.76504739778379 140.62305409988164 -999.0 16600.0 -999.0 2 -999 {-999.0 -999.0 -999.0 -999.0 -999.0} "" -999.0 -999.0 -999.0 -999.0 -999 -999 "" "" "" "" 0 0 0.0 0.0 -999 ""
FIBERMAP 640 R-5C17 BOSS 1 1 0 1 0 0 117.28636034192364 -79.26369623611787 143.1 38.99252699240786 -136.04553848806776 147.788 72.16635 139.42349893608545 12.373347797368847 -999.0 -999.0 -999.0 139.42349893608545 12.373347797368845 139.44703088785994 12.26635773334466 64.76312301546443 140.61623380291337 5400.0 5400.0 2016.0 1 300 {-999.0 22.133398 20.99299 20.435926 20.011738} sdss_fiber2mag_from_lsdr10 1e+20 1e+20 1e+20 -999.0 63050396815395774 1059070160 dark_flexible_2x2 bhm_spiders_agn_lsdr10 bhm_spiders science 0 0 0.0 0.0 -999 ""
FIBERMAP 640 R-5C17 METROLOGY 0 0 0 1 0 0 117.41248518120001 -79.99556118086521 143.1 38.619301093630725 -136.687379954864 147.788 72.16635 -999.0 -999.0 -999.0 -999.0 -999.0 139.42174360050018 12.370468462869548 139.44528674431194 12.263459083481242 64.76162506626652 140.62329459090074 -999.0 6231.0 -999.0 -1 -999 {-999.0 -999.0 -999.0 -999.0 -999.0} "" -999.0 -999.0 -999.0 -999.0 -999 -999 "" "" "" "" 0 0 0.0 0.0 -999 ""
FIBERMAP 641 R-8C16 APOGEE 0 0 0 1 0 0 134.51643727483983 -140.8144849892693 143.1 12.679143797831985 -194.27730456009255 101.09978 104.96391 -999.0 -999.0 -999.0 -999.0 -999.0 139.30122998203885 12.110076309510916 139.32441485421168 12.003265301370554 64.60712324596926 141.1855122532592 -999.0 16600.0 -999.0 2 -999 {-999.0 -999.0 -999.0 -999.0 -999.0} "" -999.0 -999.0 -999.0 -999.0 -999 -999 "" "" "" "" 0 0 0.0 0.0 -999 ""
FIBERMAP 641 R-8C16 BOSS 1 1 0 1 0 0 135.19395523427065 -140.474540159629 143.1 13.416615997810235 -194.45177681056657 101.09978 104.96391 139.30471183792613 12.109164654904022 -999.0 -999.0 -999.0 139.30471183792613 12.109164654904022 139.3278395267315 12.00242968040423 64.60461416224977 141.1799820781499 5400.0 5400.0 2016.0 1 307 {-999.0 21.463867 21.37033 21.128712 20.896101} sdss_psfmag_from_lsdr10 1e+20 1e+20 1e+20 -999.0 63050398245779064 1059068792 dark_flexible_2x2 bhm_spiders_agn_lsdr10 bhm_spiders science 0 0 0.0 0.0 -999 ""
FIBERMAP 641 R-8C16 METROLOGY 0 0 0 1 0 0 135.14152057448882 -141.22183354887363 143.1 12.896645350966043 -194.9908007119372 101.09978 104.96391 -999.0 -999.0 -999.0 -999.0 -999.0 139.30228435915808 12.106764825967726 139.32542437339464 12.000011282556386 64.60384994515653 141.187661081904 -999.0 6231.0 -999.0 -1 -999 {-999.0 -999.0 -999.0 -999.0 -999.0} "" -999.0 -999.0 -999.0 -999.0 -999 -999 "" "" "" "" 0 0 0.0 0.0 -999 ""
FIBERMAP 647 R-6C1 APOGEE 0 0 1 1 0 0 -223.53952827134748 -108.75839820465119 143.1 -241.13616604661408 60.172784642330264 10.002448 170.05411 -999.0 -999.0 -999.0 -999.0 -999.0 138.11847557707154 13.260107402529972 138.14447109899612 13.15507443647173 66.19636547245797 142.04258232417095 -999.0 16600.0 -999.0 2 261 {-999.0 -999.0 -999.0 -999.0 -999.0} "" -999.0 -999.0 -999.0 -999.0 -999 -999 "" ops_sky_apogee_best_unassigned ops_sky sky_apogee 0 0 0.0 0.0 -999 ""
FIBERMAP 647 R-6C1 BOSS 1 0 1 1 0 0 -222.80199958678483 -108.71582011015892 143.1 -240.5436239703496 59.73189633910344 10.002448 170.05411 138.063097418769 13.303309957790296 -2.995117 -0.39088902 0.11967031 138.121229330729 13.258066630982597 138.1471702103758 13.153105694861129 66.19330137137374 142.03965596240238 5400.0 5400.0 2016.0 1 499 {-999.0 17.250233 16.930527 16.81168 -999.0} sdss_psfmag 17.220058 16.937164 16.500202 15.78 63050394818503558 980403435 "" ops_std_boss_tic ops_std standard_boss 0 0 0.0 0.0 -999 ""
FIBERMAP 647 R-6C1 METROLOGY 0 0 1 1 0 0 -223.10055072030912 -109.39458777465804 143.1 -241.20821030957046 59.4034021616443 10.002448 170.05411 -999.0 -999.0 -999.0 -999.0 -999.0 138.11817389082688 13.256572725947988 138.144127817926 13.15159571882024 66.19359547959097 142.04786150329357 -999.0 6231.0 -999.0 -1 -999 {-999.0 -999.0 -999.0 -999.0 -999.0} "" -999.0 -999.0 -999.0 -999.0 -999 -999 "" "" "" "" 0 0 0.0 0.0 -999 ""
FIBERMAP 648 R+10C6 APOGEE 0 0 0 1 1 0 -50.59133151549797 197.25946965755185 143.1 87.87647313060364 183.65122887022216 41.282177 83.88423 -999.0 -999.0 -999.0 -999.0 -999.0 139.64991751340133 13.825722052437722 139.67598177808065 13.717975481597147 65.83933228368126 138.2238550805642 -999.0 16600.0 -999.0 2 -999 {-999.0 -999.0 -999.0 -999.0 -999.0} "" -999.0 -999.0 -999.0 -999.0 -999 -999 "" "" "" "" 0 0 0.0 0.0 -999 ""
FIBERMAP 648 R+10C6 BOSS 1 0 0 1 1 0 -50.152086713697315 196.62088221004214 143.1 87.80309415796944 182.87983719086293 41.282177 83.88423 139.51556649057756 13.916933496957979 0.6157511 0.19166793 -0.59131646 139.64966384423363 13.822216101037078 139.67566752874444 13.714545547761883 65.8367060428945 138.22929637797634 5400.0 5400.0 2016.0 1 119 {-999.0 20.262617 20.092806 20.083069 20.109695} sdss_psfmag_from_lsdr10 20.182028 20.04942 19.626413 -999.0 63050394818514217 1059079301 dark_flexible_2x2 bhm_spiders_agn_lsdr10 bhm_spiders science 0 0 0.0 0.0 -999 ""
FIBERMAP 648 R+10C6 METROLOGY 0 0 0 1 1 0 -50.89999435506801 196.58021327592533 143.1 87.20382390711352 183.3288522171422 41.282177 83.88423 -999.0 -999.0 -999.0 -999.0 -999.0 139.64684060087112 13.824260871737565 139.67286524350584 13.71657339418062 65.83993254632972 138.23187404236663 -999.0 6231.0 -999.0 -1 -999 {-999.0 -999.0 -999.0 -999.0 -999.0} "" -999.0 -999.0 -999.0 -999.0 -999 -999 "" "" "" "" 0 0 0.0 0.0 -999 ""
FIBERMAP 650 R-2C1 APOGEE 0 0 0 1 0 0 -280.8597266550772 -56.36642243434116 143.1 -251.4261335621194 137.12488631064446 297.53177 39.093678 -999.0 -999.0 -999.0 -999.0 -999.0 138.07095173528688 13.606849724746874 138.0976209183309 13.501829207862516 66.51393961896098 141.67728433632055 -999.0 16600.0 -999.0 2 275 {-999.0 -999.0 -999.0 -999.0 -999.0} "" -999.0 -999.0 -999.0 -999.0 -999 -999 "" ops_sky_apogee_best_unassigned ops_sky sky_apogee 0 0 0.0 0.0 -999 ""
FIBERMAP 650 R-2C1 BOSS 1 1 0 1 0 0 -281.5504756635156 -56.079037774659845 143.1 -251.7709788983451 137.78860763942433 297.53177 39.093678 138.06943949677066 13.609731033760657 -999.0 -999.0 -999.0 138.06943949677066 13.609731033760658 138.0960659709814 13.504787466761472 66.517247319011 141.67650581883038 5400.0 5400.0 2016.0 1 426 {-999.0 21.724216 20.498833 20.005604 19.6437} sdss_fiber2mag_from_lsdr10 20.500242 21.323088 18.854273 -999.0 63050394818509193 1058145147 dark_flexible_2x2 bhm_spiders_clusters_lsdr10 bhm_spiders science 0 0 0.0 0.0 -999 ""
FIBERMAP 650 R-2C1 METROLOGY 0 0 0 1 0 0 -280.961457527201 -55.62692537794801 143.1 -251.0293132624567 137.75691490875116 297.53177 39.093678 -999.0 -999.0 -999.0 -999.0 -999.0 138.07282167854922 13.609657856883313 138.09945983170792 13.504687237869778 66.51539295926264 141.66965114838976 -999.0 6231.0 -999.0 -1 -999 {-999.0 -999.0 -999.0 -999.0 -999.0} "" -999.0 -999.0 -999.0 -999.0 -999 -999 "" "" "" "" 0 0 0.0 0.0 -999 ""
FIBERMAP 654 R+12C14 APOGEE 0 0 0 1 0 0 137.0532492105839 217.51744200954477 143.1 244.68429677812634 78.70184892039404 297.48764 98.7995 -999.0 -999.0 -999.0 -999.0 -999.0 140.37830248582387 13.347573859778134 140.40303927847447 13.238717348338954 65.03879554761453 137.50716565451336 -999.0 16600.0 -999.0 2 91 {-999.0 -999.0 -999.0 -999.0 -999.0} "" -999.0 -999.0 -999.0 -999.0 -999 -999 "" ops_sky_apogee_best_unassigned ops_sky sky_apogee 0 0 0.0 0.0 -999 ""
FIBERMAP 654 R+12C14 BOSS 1 1 0 1 0 0 136.4486308429275 217.08783741664354 143.1 243.9451266581034 78.76080638861416 297.48764 98.7995 140.37512440886937 13.347887821658905 -49.139977 -34.260666 5.6198893 140.37498211367347 13.347791292582345 140.39966395167576 13.239017489800823 65.04095638461143 137.5130737486534 5400.0 5400.0 2016.0 1 89 {-999.0 20.039904 19.841816 19.728203 -999.0} sdss_psfmag 20.085445 19.794413 19.370016 -999.0 63050394818041083 1143449413 dark_1x3 mwm_wd_pwd_boss_1x3 mwm_wd science 0 0 0.0 0.0 -999 ""
FIBERMAP 654 R+12C14 METROLOGY 0 0 0 1 0 0 136.36896134287403 217.83388684999278 143.1 244.3630605473786 79.38369226670521 297.48764 98.7995 -999.0 -999.0 -999.0 -999.0 -999.0 140.37687510727403 13.35061384405388 140.40157737287694 13.24181438569672 65.04214101244658 137.5056215321676 -999.0 6231.0 -999.0 -1 -999 {-999.0 -999.0 -999.0 -999.0 -999.0} "" -999.0 -999.0 -999.0 -999.0 -999 -999 "" "" "" "" 0 0 0.0 0.0 -999 ""
FIBERMAP 660 R+8C18 APOGEE 0 0 0 1 0 0 168.99102430984024 148.8155456258266 143.1 225.05091629799782 5.546994066747554 202.2079 127.3373 -999.0 -999.0 -999.0 -999.0 -999.0 140.2879178751615 13.016757286932055 140.31212411907723 12.908117522789283 64.82073585990693 138.129734392804 -999.0 16600.0 -999.0 2 -999 {-999.0 -999.0 -999.0 -999.0 -999.0} "" -999.0 -999.0 -999.0 -999.0 -999 -999 "" "" "" "" 0 0 0.0 0.0 -999 ""
FIBERMAP 660 R+8C18 BOSS 1 1 0 1 0 0 168.33505277168368 149.1929834054561 143.1 224.79053980631986 6.2573993565461405 202.2079 127.3373 140.28680941795756 13.019907897057777 4.560763 -1.5811561 4.067479 140.2868226069188 13.019903442168003 140.3109780347952 12.911343387355984 64.8240164814899 138.1275149596035 5400.0 5400.0 2016.0 1 239 {-999.0 19.600386 19.825356 20.03471 -999.0} sdss_psfmag 19.818481 19.708088 19.585012 -999.0 63050394818040433 1143449388 dark_1x3 mwm_wd_pwd_boss_1x3 mwm_wd science 0 0 0.0 0.0 -999 ""
FIBERMAP 660 R+8C18 METROLOGY 0 0 0 1 0 0 168.991929538032 149.56164291242783 143.1 225.53062939844648 6.118184950402788 202.2079 127.3373 -999.0 -999.0 -999.0 -999.0 -999.0 140.29020312510767 13.019285459266062 140.3143717644857 12.91069767376034 64.82158372407221 138.1220321099688 -999.0 6231.0 -999.0 -1 -999 {-999.0 -999.0 -999.0 -999.0 -999.0} "" -999.0 -999.0 -999.0 -999.0 -999 -999 "" "" "" "" 0 0 0.0 0.0 -999 ""
FIBERMAP 661 R-11C8 APOGEE 0 0 0 1 0 0 0.9903097225482735 -202.5484478632098 143.1 -129.28394442266958 -155.85892754864545 66.88958 89.84881 -999.0 -999.0 -999.0 -999.0 -999.0 138.64160697857196 12.282928494381279 138.66549180212968 12.177197762289959 65.0975959098028 142.25056519060055 -999.0 16600.0 -999.0 2 158 {-999.0 -999.0 -999.0 -999.0 -999.0} "" -999.0 -999.0 -999.0 -999.0 -999 -999 "" ops_sky_apogee_best_unassigned ops_sky sky_apogee 0 0 0.0 0.0 -999 ""
FIBERMAP 661 R-11C8 BOSS 1 1 0 1 0 0 1.6878805307449094 -202.81255827846414 143.1 -128.91892835410363 -156.5091924705681 66.88958 89.84881 138.6433410644531 12.279874188782372 -999.0 -999.0 -999.0 138.6433410644531 12.279874188782374 138.66716813360134 12.174221763876762 65.09420304848662 142.25097898262462 5400.0 5400.0 2015.5 1 360 {-999.0 -999.0 -999.0 -999.0 -999.0} "" -999.0 -999.0 -999.0 -999.0 27021603088162292 804850856 "" ops_sky_boss_good ops_sky sky_boss 0 0 0.0 0.0 -999 ""
FIBERMAP 661 R-11C8 METROLOGY 0 0 0 1 0 0 1.105268168752053 -203.28631247422845 143.1 -129.66957967912643 -156.4981976657041 66.88958 89.84881 -999.0 -999.0 -999.0 -999.0 -999.0 138.6398579634126 12.279954591453826 138.6637017800606 12.174285231676725 65.09604134984319 142.2577400376195 -999.0 6231.0 -999.0 -1 -999 {-999.0 -999.0 -999.0 -999.0 -999.0} "" -999.0 -999.0 -999.0 -999.0 -999 -999 "" "" "" "" 0 0 0.0 0.0 -999 ""
FIBERMAP 663 R0C1 APOGEE 0 0 0 1 0 0 -302.52797529050304 -9.970702978778421 143.1 -238.2440064012661 186.5920110727466 233.61838 103.4042 -999.0 -999.0 -999.0 -999.0 -999.0 138.13200074889937 13.829778057798697 138.1590465689406 13.724607734478099 66.66940344152769 141.2484458143529 -999.0 16600.0 -999.0 2 277 {-999.0 -999.0 -999.0 -999.0 -999.0} "" -999.0 -999.0 -999.0 -999.0 -999 -999 "" ops_sky_apogee_best_unassigned ops_sky sky_apogee 0 0 0.0 0.0 -999 ""
FIBERMAP 663 R0C1 BOSS 1 1 0 1 0 0 -303.21831612903986 -9.696364498525197 143.1 -238.59691501920778 187.2454723959585 233.61838 103.4042 138.13043508321215 13.832610497196205 12.809003 -10.184729 0.226583 138.13047225033534 13.832581801836238 138.15747503668348 13.727487605180714 66.67265109055751 141.24774558728242 5400.0 5400.0 2016.0 1 424 {-999.0 17.095913 16.845327 16.761139 -999.0} sdss_psfmag 17.08021 16.827976 16.432781 15.692 63050394818510370 976572167 "" ops_std_boss ops_std standard_boss 0 0 0.0 0.0 -999 ""
FIBERMAP 663 R0C1 METROLOGY 0 0 0 1 0 0 -302.6432624843417 -9.222835940331825 143.1 -237.85220118824316 187.23915762258775 233.61838 103.4042 -999.0 -999.0 -999.0 -999.0 -999.0 138.13387016507093 13.832632036426528 138.16088489440546 13.727510984478855 66.67087584798665 141.2406834241726 -999.0 6231.0 -999.0 -1 -999 {-999.0 -999.0 -999.0 -999.0 -999.0} "" -999.0 -999.0 -999.0 -999.0 -999 -999 "" "" "" "" 0 0 0.0 0.0 -999 ""
FIBERMAP 664 R+7C5 APOGEE 0 0 0 1 0 0 -107.73357449054319 140.5872180183753 143.1 7.700005000974172 176.90764591129127 42.286762 89.83288 -999.0 -999.0 -999.0 -999.0 -999.0 139.27532401302082 13.795641395902999 139.30157602337482 13.688529313405416 66.02334588924211 138.99660978740727 -999.0 16600.0 -999.0 2 117 {-999.0 -999.0 -999.0 -999.0 -999.0} "" -999.0 -999.0 -999.0 -999.0 -999 -999 "" ops_sky_apogee_best_unassigned ops_sky sky_apogee 0 0 0.0 0.0 -999 ""
FIBERMAP 664 R+7C5 BOSS 1 1 0 1 0 0 -107.2427687785841 140.0330745362901 143.1 7.720355606813074 176.16786408528026 42.286762 89.83288 139.27548431339628 13.792280945426736 -1.0041379 0.46533525 -0.95333827 139.2754814002528 13.792282256503498 139.30167401739598 13.68524538764836 66.0205885836499 139.00100511321793 5400.0 5400.0 2016.0 1 56 {-999.0 20.119385 19.97178 19.841833 19.768631} sdss_psfmag_from_gaiadr2 19.98958 19.962547 19.487244 -999.0 63050394818513511 1129194806 dark_flexible_3x1 bhm_gua_dark_d3 bhm_filler science 0 0 0.0 0.0 -999 ""
FIBERMAP 664 R+7C5 METROLOGY 0 0 0 1 0 0 -107.97061303019919 139.8820988141649 143.1 7.065640303603217 176.5194640768843 42.286762 89.83288 -999.0 -999.0 -999.0 -999.0 -999.0 139.2724002044543 13.793876535171806 139.29861283768003 13.68682333066372 66.0235762348897 139.00482556308793 -999.0 6231.0 -999.0 -1 -999 {-999.0 -999.0 -999.0 -999.0 -999.0} "" -999.0 -999.0 -999.0 -999.0 -999 -999 "" "" "" "" 0 0 0.0 0.0 -999 ""
FIBERMAP 665 R-5C18 APOGEE 0 0 0 1 0 0 123.64703561855282 -98.65436473068299 143.1 31.417577187619614 -154.98935404927332 256.50095 23.80971 -999.0 -999.0 -999.0 -999.0 -999.0 139.38819714348634 12.287633687799213 139.4116499109603 12.180639883312475 64.71009013443984 140.79361290826992 -999.0 16600.0 -999.0 2 220 {-999.0 -999.0 -999.0 -999.0 -999.0} "" -999.0 -999.0 -999.0 -999.0 -999 -999 "" ops_sky_apogee_best_unassigned ops_sky sky_apogee 0 0 0.0 0.0 -999 ""
FIBERMAP 665 R-5C18 BOSS 1 1 0 1 0 0 123.49336211616895 -97.93113039030314 143.1 31.764150016834346 -154.33643948906717 256.50095 23.80971 139.38987402775498 12.290454430637563 -999.0 -999.0 -999.0 139.38987402775498 12.290454430637565 139.41327710167945 12.183538222258868 64.71165742069134 140.78679850214 5400.0 5400.0 2016.0 1 292 {-999.0 21.939974 21.818428 21.464302 21.142803} sdss_psfmag_from_lsdr10 1e+20 1e+20 1e+20 -999.0 63050398960681811 1059070159 dark_flexible_2x2 bhm_spiders_agn_lsdr10 bhm_spiders science 0 0 0.0 0.0 -999 ""
FIBERMAP 665 R-5C18 METROLOGY 0 0 0 1 0 0 124.2049659565786 -98.16936474369795 143.1 32.15653360343625 -154.97588395199435 256.50095 23.80971 -999.0 -999.0 -999.0 -999.0 -999.0 139.39168235942708 12.287598287662204 139.41509450690478 12.180656694341454 64.70827319093706 140.78697737367725 -999.0 6231.0 -999.0 -1 -999 {-999.0 -999.0 -999.0 -999.0 -999.0} "" -999.0 -999.0 -999.0 -999.0 -999 -999 "" "" "" "" 0 0 0.0 0.0 -999 ""
FIBERMAP 667 R0C9 APOGEE 0 0 0 1 0 0 -124.63295154037328 17.739989237552724 143.1 -84.12286608218892 93.61356835695729 199.1277 21.703531 -999.0 -999.0 -999.0 -999.0 -999.0 138.84654315693507 13.416885635172076 138.87237569437514 13.310575206694404 65.94361200331858 140.3661075234336 -999.0 16600.0 -999.0 2 246 {-999.0 -999.0 -999.0 -999.0 -999.0} "" -999.0 -999.0 -999.0 -999.0 -999 -999 "" ops_sky_apogee_best_unassigned ops_sky sky_apogee 0 0 0.0 0.0 -999 ""
FIBERMAP 667 R0C9 BOSS 1 1 0 1 0 0 -124.08399769411398 18.23947566867061 143.1 -83.38148802483454 93.64390335628842 199.1277 21.703531 138.85003935249551 13.417149899213003 -6.556134 -51.77452 1.4532875 138.8500203623653 13.417004025088016 138.87579908560735 13.310763779741968 65.94193292356589 140.35903381534698 5400.0 5400.0 2016.0 1 492 {-999.0 19.330164 17.92976 17.256363 -999.0} sdss_psfmag 18.791111 17.821398 16.863014 15.024 63050394818502883 1074948717 dark_flexible_2x1 mwm_halo_local_high_boss mwm_halo science 0 0 0.0 0.0 -999 ""
FIBERMAP 667 R0C9 METROLOGY 0 0 0 1 0 0 -123.92157557154313 17.511831695441742 143.1 -83.72418747567984 92.98199256512498 199.1277 21.703531 -999.0 -999.0 -999.0 -999.0 -999.0 138.84841721341468 13.414004103885931 138.8742062760619 13.307745612578985 65.94026914800202 140.3662871871744 -999.0 6231.0 -999.0 -1 -999 {-999.0 -999.0 -999.0 -999.0 -999.0} "" -999.0 -999.0 -999.0 -999.0 -999 -999 "" "" "" "" 0 0 0.0 0.0 -999 ""
FIBERMAP 669 R+3C3 APOGEE 0 0 0 1 0 0 -214.5916674433187 67.97014060202834 143.1 -120.8133431198039 189.8639730932395 72.19818 141.72742 -999.0 -999.0 -999.0 -999.0 -999.0 138.67510517134613 13.851147939289461 138.7018445748555 13.745041981761592 66.39727008359486 140.11313261570984 -999.0 16600.0 -999.0 2 107 {-999.0 -999.0 -999.0 -999.0 -999.0} "" -999.0 -999.0 -999.0 -999.0 -999 -999 "" ops_sky_apogee_best_unassigned ops_sky sky_apogee 0 0 0.0 0.0 -999 ""
FIBERMAP 669 R+3C3 BOSS 1 1 0 1 0 0 -213.96698774361016 68.36620587130679 143.1 -120.08033235281896 189.76643270047035 72.19818 141.72742 138.67854330179665 13.850698985596516 1.1487648 -0.8012794 0.26163948 138.6785466353591 13.850696728000816 138.70523188693815 13.744659246680692 66.39512503312908 140.10682845549076 5400.0 5400.0 2016.0 1 59 {-999.0 20.313637 20.151037 20.011616 19.921965} sdss_psfmag_from_gaiadr2 20.309597 20.144453 19.752176 -999.0 63050394818514936 1055740504 dark_flexible_2x2 bhm_gua_dark bhm_filler science 0 0 0.0 0.0 -999 ""
FIBERMAP 669 R+3C3 METROLOGY 0 0 0 1 0 0 -213.92262581115696 67.62462744154148 143.1 -120.52245368251789 189.16964181616555 72.19818 141.72742 -999.0 -999.0 -999.0 -999.0 -999.0 138.6764760021056 13.848008569305874 138.70317217642372 13.741954118423315 66.39398581282073 140.114734664982 -999.0 6231.0 -999.0 -1 -999 {-999.0 -999.0 -999.0 -999.0 -999.0} "" -999.0 -999.0 -999.0 -999.0 -999 -999 "" "" "" "" 0 0 0.0 0.0 -999 ""
FIBERMAP 671 R+1C15 APOGEE 0 0 0 1 0 0 22.559986265335624 15.13932819222397 143.1 27.008812383601942 -2.8822321292190924 187.73538 128.80234 -999.0 -999.0 -999.0 -999.0 -999.0 139.36706693429412 12.978995247210982 139.39177873375905 12.871894643989457 65.29830079522372 139.93302301345133 -999.0 16600.0 -999.0 2 -999 {-999.0 -999.0 -999.0 -999.0 -999.0} "" -999.0 -999.0 -999.0 -999.0 -999 -999 "" "" "" "" 0 0 0.0 0.0 -999 ""
FIBERMAP 671 R+1C15 BOSS 1 1 0 1 0 0 21.99162505948426 15.654458492794733 143.1 26.903979316292943 -2.122554859049257 187.73538 128.80234 139.3666765467885 12.98253711615801 -11.880717 -57.056126 2.4861028 139.3666421949423 12.982376361170061 139.3913065930852 12.875353948111353 65.30143339298618 139.9293424650785 5400.0 5400.0 2016.0 1 189 {-999.0 19.634924 19.82126 20.01711 -999.0} sdss_psfmag 19.890024 19.715929 19.84283 -999.0 63050394818032320 1143449311 dark_1x3 mwm_wd_pwd_boss_1x3 mwm_wd science 0 0 0.0 0.0 -999 ""
FIBERMAP 671 R+1C15 METROLOGY 0 0 0 1 0 0 22.709863279726953 15.870217281668427 143.1 27.59292592468539 -2.418340918442383 187.73538 128.80234 -999.0 -999.0 -999.0 -999.0 -999.0 139.3698464246355 12.981054921787699 139.39452187319148 12.874005231425356 65.29857123939841 139.9248965303375 -999.0 6231.0 -999.0 -1 -999 {-999.0 -999.0 -999.0 -999.0 -999.0} "" -999.0 -999.0 -999.0 -999.0 -999 -999 "" "" "" "" 0 0 0.0 0.0 -999 ""
FIBERMAP 673 R-11C1 APOGEE 0 0 0 1 0 0 -187.0377978082014 -209.48764269867152 143.1 -277.8345840253753 -40.456458025530345 214.92766 60.648777 -999.0 -999.0 -999.0 -999.0 -999.0 137.95340628532017 12.803770483658585 137.9786558326971 12.699114536270105 65.89319305938851 142.97104801229725 -999.0 16600.0 -999.0 2 271 {-999.0 -999.0 -999.0 -999.0 -999.0} "" -999.0 -999.0 -999.0 -999.0 -999 -999 "" ops_sky_apogee_best_unassigned ops_sky sky_apogee 0 0 0.0 0.0 -999 ""
FIBERMAP 673 R-11C1 BOSS 1 1 0 1 0 0 -187.1200369047381 -208.74440451804486 143.1 -277.4204242659399 -39.834076785757105 214.92766 60.648777 137.955322265625 12.806512871946836 -999.0 -999.0 -999.0 137.955322265625 12.806512871946838 137.9805270347995 12.701931179563616 65.89465273228967 142.96364778599036 5400.0 5400.0 2015.5 1 421 {-999.0 -999.0 -999.0 -999.0 -999.0} "" -999.0 -999.0 -999.0 -999.0 27021603088385182 816613386 "" ops_sky_boss_good ops_sky sky_boss 0 0 0.0 0.0 -999 ""
FIBERMAP 673 R-11C1 METROLOGY 0 0 0 1 0 0 -186.43241776638885 -209.04339357636903 143.1 -277.08542791892324 -40.50468167075081 214.92766 60.648777 -999.0 -999.0 -999.0 -999.0 -999.0 137.95686316759114 12.80351175745088 137.98207530475452 12.698905879462503 65.891282985489 142.96433296450803 -999.0 6231.0 -999.0 -1 -999 {-999.0 -999.0 -999.0 -999.0 -999.0} "" -999.0 -999.0 -999.0 -999.0 -999 -999 "" "" "" "" 0 0 0.0 0.0 -999 ""
FIBERMAP 674 R+4C1 APOGEE 0 0 0 1 0 0 -265.8086955663633 78.38651050416803 143.1 -153.37588370337326 230.72960670881915 220.02283 65.41716 -999.0 -999.0 -999.0 -999.0 -999.0 138.5242363997199 14.032784394513898 138.5514084936891 13.926899878144994 66.62961930047345 140.16473208613522 -999.0 16600.0 -999.0 2 144 {-999.0 -999.0 -999.0 -999.0 -999.0} "" -999.0 -999.0 -999.0 -999.0 -999 -999 "" ops_sky_apogee_best_unassigned ops_sky sky_apogee 0 0 0.0 0.0 -999 ""
FIBERMAP 674 R+4C1 BOSS 1 1 0 1 0 0 -265.9990715366128 79.09561762969234 143.1 -153.06650797461154 231.3952590803318 220.02283 65.41716 138.52573802948177 14.035691525998836 -1.3202152 2.0972703 3.5663772 138.5257341953208 14.035697435033905 138.55285987953587 13.929883258514996 66.63131911060366 140.1576033202293 5400.0 5400.0 2016.0 1 2 {-999.0 21.18895 20.778082 20.399248 20.084227} sdss_psfmag_from_lsdr10 21.08056 20.835142 20.240305 -999.0 63050394818520058 1059079288 dark_flexible_2x2 bhm_spiders_agn_lsdr10 bhm_spiders science 0 0 0.0 0.0 -999 ""
FIBERMAP 674 R+4C1 METROLOGY 0 0 0 1 0 0 -265.2729314403191 78.90611936146284 143.1 -152.63169432572593 230.78383078156497 220.02283 65.41716 -999.0 -999.0 -999.0 -999.0 -999.0 138.52772540869495 14.03301206565541 138.55485949306455 13.927174161492598 66.62798842228631 140.15732439833025 -999.0 6231.0 -999.0 -1 -999 {-999.0 -999.0 -999.0 -999.0 -999.0} "" -999.0 -999.0 -999.0 -999.0 -999 -999 "" "" "" "" 0 0 0.0 0.0 -999 ""
FIBERMAP 675 R-1C20 APOGEE 0 0 0 1 0 0 125.79387243808625 -13.949905284663641 143.1 87.44589894756001 -91.45438540464943 219.23932 48.476894 -999.0 -999.0 -999.0 -999.0 -999.0 139.6491301092996 12.57624169676974 139.6729443858227 12.468751687071185 64.81070052545135 139.9222474134725 -999.0 16600.0 -999.0 2 227 {-999.0 -999.0 -999.0 -999.0 -999.0} "" -999.0 -999.0 -999.0 -999.0 -999 -999 "" ops_sky_apogee_best_unassigned ops_sky sky_apogee 0 0 0.0 0.0 -999 ""
FIBERMAP 675 R-1C20 BOSS 1 1 0 1 0 0 125.79079640014069 -13.20221717972536 143.1 87.92358236099807 -90.87941929063912 219.23932 48.476894 139.65144800163654 12.578738330013278 0.94972205 -0.18155196 0.3845623 139.6514507432734 12.57873781849267 139.6752134212071 12.471323377100159 64.811612083586 139.91456473191604 5400.0 5400.0 2016.0 1 271 {-999.0 20.122921 19.835678 19.78065 19.766771} sdss_psfmag_from_lsdr10 19.878443 19.688267 19.270882 -999.0 63050394818030445 1059071489 dark_flexible_2x2 bhm_spiders_agn_lsdr10 bhm_spiders science 0 0 0.0 0.0 -999 ""
FIBERMAP 675 R-1C20 METROLOGY 0 0 0 1 0 0 126.44904592142484 -13.58445774547004 143.1 88.18262103720903 -91.59496773950183 219.23932 48.476894 -999.0 -999.0 -999.0 -999.0 -999.0 139.65262931120594 12.57551917429445 139.67640106374063 12.468080779866568 64.80827070960665 139.91652235549577 -999.0 6231.0 -999.0 -1 -999 {-999.0 -999.0 -999.0 -999.0 -999.0} "" -999.0 -999.0 -999.0 -999.0 -999 -999 "" "" "" "" 0 0 0.0 0.0 -999 ""
FIBERMAP 676 R-9C12 APOGEE 0 0 0 1 0 0 46.00918324250953 -182.42744459738364 143.1 -81.86534951546636 -169.34280598015062 212.58188 122.88774 -999.0 -999.0 -999.0 -999.0 -999.0 138.86181718596578 12.222068467264807 138.88546216780003 12.11597597808143 64.9319365363043 141.89504392431851 -999.0 16600.0 -999.0 2 152 {-999.0 -999.0 -999.0 -999.0 -999.0} "" -999.0 -999.0 -999.0 -999.0 -999 -999 "" ops_sky_apogee_best_unassigned ops_sky sky_apogee 0 0 0.0 0.0 -999 ""
FIBERMAP 676 R-9C12 BOSS 1 1 0 1 0 0 45.32446814739274 -182.11561313295692 143.1 -82.1898750936715 -168.66422380285323 212.58188 122.88774 138.86032104492185 12.225002791742668 -999.0 -999.0 -999.0 138.86032104492185 12.225002791742668 138.88392029656723 12.11899320886434 64.9352938079449 141.89427975819044 5400.0 5400.0 2015.5 1 368 {-999.0 -999.0 -999.0 -999.0 -999.0} "" -999.0 -999.0 -999.0 -999.0 27021603088161427 804850731 "" ops_sky_boss_good ops_sky sky_boss 0 0 0.0 0.0 -999 ""
FIBERMAP 676 R-9C12 METROLOGY 0 0 0 1 0 0 45.9335975115071 -181.67789738910497 143.1 -81.44204033917491 -168.71986149643013 212.58188 122.88774 -999.0 -999.0 -999.0 -999.0 -999.0 138.86378219125356 12.224784587366939 138.88739377396433 12.118746234848537 64.9332819438896 141.8877956530778 -999.0 6231.0 -999.0 -1 -999 {-999.0 -999.0 -999.0 -999.0 -999.0} "" -999.0 -999.0 -999.0 -999.0 -999 -999 "" "" "" "" 0 0 0.0 0.0 -999 ""
FIBERMAP 677 R-11C3 APOGEE 1 1 0 1 0 0 -138.53447509132673 -205.3219723170432 143.1 -237.98953617306222 -68.4048474515905 181.3326 83.10693 138.13680051139883 12.678025309797425 -33.179783 -8.941105 4.2173867 138.1367046915428 12.678000118318836 138.1616119566903 12.573053474728473 65.69265887098155 142.7591565670036 16000.0 16600.0 2016.0 2 206 {-999.0 10.610048 10.38863 10.3333645 -999.0} sdss_psfmag_from_g3xp 10.598901 10.381899 10.009436 9.403 63050394818498726 974607892 "" ops_std_apogee ops_std standard_apogee 0 0 0.0 0.0 -999 ""
FIBERMAP 677 R-11C3 BOSS 0 0 0 1 0 0 -138.49670023376603 -204.5827356761015 143.1 -237.48597277531366 -67.86258576108445 181.3326 83.10693 -999.0 -999.0 -999.0 -999.0 -999.0 138.13901439480566 12.680373095150044 138.16387578320342 12.575500682588121 65.69359499782719 142.7514763424491 -999.0 5400.0 -999.0 1 338 {-999.0 -999.0 -999.0 -999.0 -999.0} "" -999.0 -999.0 -999.0 -999.0 -999 -999 "" "" "" "" 0 0 0.0 0.0 -999 ""
FIBERMAP 677 R-11C3 METROLOGY 0 0 0 1 0 0 -137.87493977130268 -204.98021114662703 143.1 -237.26467882734548 -68.5663822931656 181.3326 83.10693 -999.0 -999.0 -999.0 -999.0 -999.0 138.1400519460071 12.67721575179869 138.16492085864104 12.572319892749384 65.69034901138312 142.75339135604492 -999.0 6231.0 -999.0 -1 -999 {-999.0 -999.0 -999.0 -999.0 -999.0} "" -999.0 -999.0 -999.0 -999.0 -999 -999 "" "" "" "" 0 0 0.0 0.0 -999 ""
FIBERMAP 678 R+11C16 APOGEE 0 0 0 1 0 0 170.83318849338463 198.2329991081287 143.1 258.1903155674122 42.23535608143253 297.24005 100.54033 -999.0 -999.0 -999.0 -999.0 -999.0 140.44030012146797 13.1823094202536 140.46470396649363 13.073385029893545 64.86944308698753 137.61946303549104 -999.0 16600.0 -999.0 2 58 {-999.0 -999.0 -999.0 -999.0 -999.0} "" -999.0 -999.0 -999.0 -999.0 -999 -999 "" ops_sky_apogee_best_unassigned ops_sky sky_apogee 0 0 0.0 0.0 -999 ""
FIBERMAP 678 R+11C16 BOSS 1 1 0 1 0 0 170.24220535700994 197.7706024047087 143.1 257.44054118422355 42.260429023613504 297.24005 100.54033 140.43698154814996 13.182376933291128 -15.485657 -4.2283287 3.1459677 140.43693673666695 13.182365020019153 140.46128528925476 13.073524109694056 64.87149374505651 137.62564993549856 5400.0 5400.0 2016.0 1 171 {-999.0 19.615276 18.23994 16.891579 -999.0} sdss_psfmag 19.098717 17.603853 16.422937 14.118 63050394818040672 1122811945 dark_1x1 openfibertargets_mwm_snc_further_ext_boss open_fiber science 0 0 0.0 0.0 -999 ""
FIBERMAP 678 R+11C16 METROLOGY 0 0 0 1 0 0 170.13878162886408 198.50874705129976 143.1 257.83519587046794 42.89250807182558 297.24005 100.54033 -999.0 -999.0 -999.0 -999.0 -999.0 140.43872491112228 13.18523572096571 140.46309392843455 13.076369152958765 64.87278255508281 137.618377497607 -999.0 6231.0 -999.0 -1 -999 {-999.0 -999.0 -999.0 -999.0 -999.0} "" -999.0 -999.0 -999.0 -999.0 -999 -999 "" "" "" "" 0 0 0.0 0.0 -999 ""
FIBERMAP 681 R+6C17 APOGEE 1 1 0 1 0 0 121.08019939772137 127.40924253076574 143.1 174.59086741305214 19.902611647090236 169.77962 84.07981 140.05484475110444 13.082529808019281 13.190965 -24.357399 0.5401736 140.0548829068176 13.082461181321596 140.0793523242081 12.974192604806492 65.005043748237 138.47846017819515 16000.0 16600.0 2016.0 2 71 {-999.0 13.653617 13.100429 12.864109 -999.0} sdss_psfmag_from_g3xp 13.52283 13.111095 12.522017 11.351 63050394818040249 1110203773 bright_flexible_4x1 mwm_tess_rgb_apogee mwm_tessrgb science 0 0 0.0 0.0 -999 ""
FIBERMAP 681 R+6C17 BOSS 0 0 0 1 0 0 121.29791331889251 128.11259705995323 143.1 175.209289697997 20.30184817233927 169.77962 84.07981 -999.0 -999.0 -999.0 -999.0 -999.0 140.057863887407 13.084196866784948 140.08227872381877 12.97600110658676 65.00489575856189 138.47047631647897 -999.0 5400.0 -999.0 1 207 {-999.0 -999.0 -999.0 -999.0 -999.0} "" -999.0 -999.0 -999.0 -999.0 -999 -999 "" "" "" "" 0 0 0.0 0.0 -999 ""
FIBERMAP 681 R+6C17 METROLOGY 0 0 0 1 0 0 121.81365425658294 127.58124000920007 143.1 175.2633790779407 19.563519492869442 169.77962 84.07981 -999.0 -999.0 -999.0 -999.0 -999.0 140.05808520543613 13.080863300583763 140.08250979710567 12.972645732551634 65.00201489575313 138.47458196363274 -999.0 6231.0 -999.0 -1 -999 {-999.0 -999.0 -999.0 -999.0 -999.0} "" -999.0 -999.0 -999.0 -999.0 -999 -999 "" "" "" "" 0 0 0.0 0.0 -999 ""
FIBERMAP 683 R-1C25 APOGEE 0 0 0 1 0 0 239.5110105799746 -15.374744724960923 143.1 173.67829647358943 -165.55651284400557 206.34195 72.25113 -999.0 -999.0 -999.0 -999.0 -999.0 140.04720972932208 12.242062834495998 140.07018825442304 12.133980896227065 64.31665921134805 139.6044134363932 -999.0 16600.0 -999.0 2 -999 {-999.0 -999.0 -999.0 -999.0 -999.0} "" -999.0 -999.0 -999.0 -999.0 -999 -999 "" "" "" "" 0 0 0.0 0.0 -999 ""
FIBERMAP 683 R-1C25 BOSS 1 1 0 1 0 0 239.40160732165958 -14.62488533136945 143.1 174.07589000242166 -164.91161713482643 206.34195 72.25113 140.04914441357027 12.244903270079742 -1.2745763 -10.239494 0.24905616 140.0491407388668 12.244874420420807 140.07206699332562 12.136870258856957 64.3180340915408 139.59717830196013 5400.0 5400.0 2016.0 1 261 {-999.0 16.341322 16.047365 15.940714 15.916045} sdss_psfmag_from_gaia 16.3067 16.0523 15.6205 14.688 63050394818024783 968193412 "" ops_std_boss_gdr2 ops_std standard_boss 0 0 0.0 0.0 -999 ""
FIBERMAP 683 R-1C25 METROLOGY 0 0 0 1 0 0 240.09314219704285 -14.908070576414747 143.1 174.424033752678 -165.57262479269252 206.34195 72.25113 -999.0 -999.0 -999.0 -999.0 -999.0 140.05069996529457 12.241933090511433 140.0736360245548 12.133903859701537 64.31471629393852 139.59805569285643 -999.0 6231.0 -999.0 -1 -999 {-999.0 -999.0 -999.0 -999.0 -999.0} "" -999.0 -999.0 -999.0 -999.0 -999 -999 "" "" "" "" 0 0 0.0 0.0 -999 ""
FIBERMAP 685 R+6C6 APOGEE 0 0 0 1 0 0 -118.69770439904408 109.44063845632574 143.1 -20.699506452762485 160.07778496064134 189.4904 148.16324 -999.0 -999.0 -999.0 -999.0 -999.0 139.14260640150178 13.719332272503268 139.1688044710993 13.612459392036174 66.03359483865852 139.36439804051312 -999.0 16600.0 -999.0 2 -999 {-999.0 -999.0 -999.0 -999.0 -999.0} "" -999.0 -999.0 -999.0 -999.0 -999 -999 "" "" "" "" 0 0 0.0 0.0 -999 ""
FIBERMAP 685 R+6C6 BOSS 1 1 0 1 0 0 -119.46010910639554 109.80359319986935 143.1 -21.05074665573956 160.84542481727047 189.4904 148.16324 139.1410136946503 13.72279920472236 -3.6632836 -6.718242 0.135007 139.14100307011168 13.722780276151157 139.16715574372301 13.615984421037142 66.03740986901946 139.36276704886237 5400.0 5400.0 2016.0 1 55 {-999.0 18.229322 17.90089 17.777773 17.741028} sdss_psfmag_from_gaia 18.183 17.9094 17.4523 16.212 63050394818513463 968182431 "" ops_std_boss_gdr2 ops_std standard_boss 0 0 0.0 0.0 -999 ""
FIBERMAP 685 R+6C6 METROLOGY 0 0 0 1 0 0 -118.8189728457438 110.17681502777232 143.1 -20.319790646481135 160.71981267871357 189.4904 148.16324 -999.0 -999.0 -999.0 -999.0 -999.0 139.14440996182998 13.722232512174637 139.17057444052335 13.615409757795145 66.03506284649242 139.3568064057858 -999.0 6231.0 -999.0 -1 -999 {-999.0 -999.0 -999.0 -999.0 -999.0} "" -999.0 -999.0 -999.0 -999.0 -999 -999 "" "" "" "" 0 0 0.0 0.0 -999 ""
FIBERMAP 687 R-7C16 APOGEE 0 0 0 1 0 0 112.30042678047347 -130.3517969567719 143.1 2.371286984266811 -171.99579699733303 146.49966 124.04916 -999.0 -999.0 -999.0 -999.0 -999.0 139.25320550592903 12.210496201643855 139.2765993610177 12.103745104076117 64.71695968086313 141.15095076680242 -999.0 16600.0 -999.0 2 186 {-999.0 -999.0 -999.0 -999.0 -999.0} "" -999.0 -999.0 -999.0 -999.0 -999 -999 "" ops_sky_apogee_best_unassigned ops_sky sky_apogee 0 0 0.0 0.0 -999 ""
FIBERMAP 687 R-7C16 BOSS 1 1 0 1 0 0 112.32510985976585 -129.62395228300932 143.1 2.857503467029892 -171.45386018828282 146.49966 124.04916 139.25551865806602 12.21281386767164 -0.8901302 -1.0277538 -1.6542858 139.25551609206204 12.21281097198689 139.2788594415545 12.106136747758983 64.71778117876414 141.14357284737827 5400.0 5400.0 2016.0 1 306 {-999.0 21.134668 20.77351 20.37508 20.04128} sdss_psfmag_from_lsdr10 20.554382 20.804682 19.719065 -999.0 63050394818029417 1059070156 dark_flexible_2x2 bhm_spiders_agn_lsdr10 bhm_spiders science 0 0 0.0 0.0 -999 ""
FIBERMAP 687 R-7C16 METROLOGY 0 0 0 1 0 0 112.95882998172733 -130.00083988028487 143.1 3.1011808089836297 -172.1495576931139 146.49966 124.04916 -999.0 -999.0 -999.0 -999.0 -999.0 139.25663872468058 12.209703934348447 139.2799909696639 12.10300545280501 64.71454784990931 141.14534749766997 -999.0 6231.0 -999.0 -1 -999 {-999.0 -999.0 -999.0 -999.0 -999.0} "" -999.0 -999.0 -999.0 -999.0 -999 -999 "" "" "" "" 0 0 0.0 0.0 -999 ""
FIBERMAP 688 R-7C2 APOGEE 0 0 0 1 0 0 -203.92299861315482 -138.60090445779744 143.1 -245.26291341814093 24.708496133532634 195.66837 110.066414 -999.0 -999.0 -999.0 -999.0 -999.0 138.1001891653181 13.099427248250986 138.1258980430971 12.994458168040007 66.06969190417328 142.29070273689052 -999.0 16600.0 -999.0 2 -999 {-999.0 -999.0 -999.0 -999.0 -999.0} "" -999.0 -999.0 -999.0 -999.0 -999 -999 "" "" "" "" 0 0 0.0 0.0 -999 ""
FIBERMAP 688 R-7C2 BOSS 1 1 0 1 0 0 -204.40465931130592 -138.0019895085634 143.1 -245.24751096024684 25.476717193968 195.66837 110.066414 138.1002451530182 13.103006032262153 7.765691 -61.979763 4.5238514 138.10026761763538 13.102831404983082 138.12593319964802 12.997938540076804 66.07262973619042 142.28610126982562 5400.0 5400.0 2016.0 1 488 {-999.0 17.876518 18.1315 18.39564 -999.0} sdss_psfmag 17.989979 18.005241 18.097672 -999.0 63050394818503091 1143448946 dark_1x3 mwm_wd_pwd_boss_1x3 mwm_wd science 0 0 0.0 0.0 -999 ""
FIBERMAP 688 R-7C2 METROLOGY 0 0 0 1 0 0 -203.66458347620087 -137.90098760737527 143.1 -244.6155068384414 25.078966651758737 195.66837 110.066414 -999.0 -999.0 -999.0 -999.0 -999.0 138.10316746366118 13.101073229780125 138.1288423763354 12.996153858458225 66.06961756879264 142.28248888089155 -999.0 6231.0 -999.0 -1 -999 {-999.0 -999.0 -999.0 -999.0 -999.0} "" -999.0 -999.0 -999.0 -999.0 -999 -999 "" "" "" "" 0 0 0.0 0.0 -999 ""
FIBERMAP 689 R+5C20 APOGEE 0 0 0 1 0 0 180.97093522142063 112.82254004887379 143.1 211.1230159062113 -29.727768713020282 160.25426 72.44056 -999.0 -999.0 -999.0 -999.0 -999.0 140.2233114097437 12.856908828552925 140.2472740686074 12.748408500978124 64.7262031812595 138.46624095903815 -999.0 16600.0 -999.0 2 45 {-999.0 -999.0 -999.0 -999.0 -999.0} "" -999.0 -999.0 -999.0 -999.0 -999 -999 "" ops_sky_apogee_best_unassigned ops_sky sky_apogee 0 0 0.0 0.0 -999 ""
FIBERMAP 689 R+5C20 BOSS 1 1 0 1 0 0 181.43266780031587 113.40745070369974 143.1 211.85239710169608 -29.575969845440927 160.25426 72.44056 140.22678646048357 12.857519009461493 -3.375874 -3.4011934 0.110489085 140.22677670437696 12.857509426637609 140.25068165850558 12.749082400862159 64.72485599920276 138.45895162871412 5400.0 5400.0 2016.0 1 194 {-999.0 17.012072 16.793747 16.745003 -999.0} sdss_psfmag 17.003712 16.79079 16.4428 15.888 63050394818035381 981735590 "" ops_std_boss_tic ops_std standard_boss 0 0 0.0 0.0 -999 ""
FIBERMAP 689 R+5C20 METROLOGY 0 0 0 1 0 0 181.70461610585292 112.70610126132493 143.1 211.61051506912887 -30.28804927600322 160.25426 72.44056 -999.0 -999.0 -999.0 -999.0 -999.0 140.22562591360096 12.854304514967698 140.24954199234259 12.745857629504886 64.72284569220813 138.4654054034879 -999.0 6231.0 -999.0 -1 -999 {-999.0 -999.0 -999.0 -999.0 -999.0} "" -999.0 -999.0 -999.0 -999.0 -999 -999 "" "" "" "" 0 0 0.0 0.0 -999 ""
FIBERMAP 690 R-4C17 APOGEE 0 0 0 1 0 0 100.87599631353768 -95.79096660596515 143.1 15.8053757925029 -138.17521949736948 301.72748 38.901073 -999.0 -999.0 -999.0 -999.0 -999.0 139.31549471372944 12.363626135694288 139.33912745375557 12.256738655785206 64.8124935196841 140.8361190985686 -999.0 16600.0 -999.0 2 201 {-999.0 -999.0 -999.0 -999.0 -999.0} "" -999.0 -999.0 -999.0 -999.0 -999 -999 "" ops_sky_apogee_best_unassigned ops_sky sky_apogee 0 0 0.0 0.0 -999 ""
FIBERMAP 690 R-4C17 BOSS 1 1 0 1 0 0 100.17908676809057 -95.54667490772165 143.1 15.42814220472868 -137.5405672130185 301.72748 38.901073 139.3138238347674 12.366393234038457 -9.865585 -10.902561 0.33224633 139.31379537835215 12.366362516194714 139.33738054307972 12.259557966538749 64.81578784508918 140.83588603009358 5400.0 5400.0 2016.0 1 301 {-999.0 16.86745 16.677431 16.329184 -999.0} sdss_psfmag 16.766537 16.459763 15.981528 15.056 63050394818029622 976570445 "" ops_std_boss ops_std standard_boss 0 0 0.0 0.0 -999 ""
FIBERMAP 690 R-4C17 METROLOGY 0 0 0 1 0 0 100.7465363086551 -95.05785454075072 143.1 16.176846478258295 -137.53028101139316 301.72748 38.901073 -999.0 -999.0 -999.0 -999.0 -999.0 139.3172650059933 12.36644845439971 139.3408634829139 12.259615204360369 64.81398616559464 140.8290993712104 -999.0 6231.0 -999.0 -1 -999 {-999.0 -999.0 -999.0 -999.0 -999.0} "" -999.0 -999.0 -999.0 -999.0 -999 -999 "" "" "" "" 0 0 0.0 0.0 -999 ""
FIBERMAP 691 R+10C2 APOGEE 0 0 0 1 0 0 -178.39750635882336 193.20118882468444 143.1 -12.67341186110022 262.5969961886858 246.27304 36.084717 -999.0 -999.0 -999.0 -999.0 -999.0 139.17946712917404 14.179959858296371 139.20648381217364 14.072932257969635 66.39175204746593 138.6411336743274 -999.0 16600.0 -999.0 2 -999 {-999.0 -999.0 -999.0 -999.0 -999.0} "" -999.0 -999.0 -999.0 -999.0 -999 -999 "" "" "" "" 0 0 0.0 0.0 -999 ""
FIBERMAP 691 R+10C2 BOSS 1 1 0 1 0 0 -178.54899619952562 193.95037557324693 143.1 -12.308503268654622 263.26839740759544 246.27304 36.084717 139.1812165253067 14.182893428842936 0.6492938 -0.756946 1.1120886 139.18121841219977 14.1828912961561 139.20818642472608 14.075933348252983 66.39326574079746 138.63346032246264 5400.0 5400.0 2016.0 1 18 {-999.0 20.232944 19.934616 19.910666 19.938328} sdss_psfmag_from_lsdr10 20.178545 20.030045 19.677397 -999.0 63050394818515942 1059080565 dark_flexible_2x2 bhm_spiders_agn_lsdr10 bhm_spiders science 0 0 0.0 0.0 -999 ""
FIBERMAP 691 R+10C2 METROLOGY 0 0 0 1 0 0 -177.85027511105912 193.70833766080872 143.1 -11.92843439811489 262.6343092421238 246.27304 36.084717 -999.0 -999.0 -999.0 -999.0 -999.0 139.182980662456 14.180089359954884 139.20995747925394 14.073108250166737 66.38996608203541 138.63398613266654 -999.0 6231.0 -999.0 -1 -999 {-999.0 -999.0 -999.0 -999.0 -999.0} "" -999.0 -999.0 -999.0 -999.0 -999 -999 "" "" "" "" 0 0 0.0 0.0 -999 ""
FIBERMAP 692 R+8C17 APOGEE 0 0 0 1 0 0 149.53065958858494 166.42346270902755 143.1 221.4423258623449 31.535035257608016 124.50793 115.310486 -999.0 -999.0 -999.0 -999.0 -999.0 140.27147508543973 13.13461960069667 140.29590116658898 13.02598264547939 64.92614664227703 138.00008457367647 -999.0 16600.0 -999.0 2 81 {-999.0 -999.0 -999.0 -999.0 -999.0} "" -999.0 -999.0 -999.0 -999.0 -999 -999 "" ops_sky_apogee_best_unassigned ops_sky sky_apogee 0 0 0.0 0.0 -999 ""
FIBERMAP 692 R+8C17 BOSS 1 1 0 1 0 0 149.9371191138806 167.03336844349766 143.1 222.14539619846363 31.741476264949796 124.50793 115.310486 140.27481079101562 13.135470598452727 -999.0 -999.0 -999.0 140.27481079101562 13.135470598452729 140.29917954083768 13.026906001658997 64.92505564452779 137.99267351275304 5400.0 5400.0 2015.5 1 226 {-999.0 -999.0 -999.0 -999.0 -999.0} "" -999.0 -999.0 -999.0 -999.0 27021603088171155 816601045 "" ops_sky_boss_good ops_sky sky_boss 0 0 0.0 0.0 -999 ""
FIBERMAP 692 R+8C17 METROLOGY 0 0 0 1 0 0 150.29237576901755 166.38563912602464 143.1 222.0017834770762 31.017001903899654 124.50793 115.310486 -999.0 -999.0 -999.0 -999.0 -999.0 140.27412255587592 13.132210215633002 140.2985020714578 13.023625320051508 64.92275874177416 137.99841576525452 -999.0 6231.0 -999.0 -1 -999 {-999.0 -999.0 -999.0 -999.0 -999.0} "" -999.0 -999.0 -999.0 -999.0 -999 -999 "" "" "" "" 0 0 0.0 0.0 -999 ""
FIBERMAP 693 R+2C15 APOGEE 0 0 0 1 0 0 43.19591811315728 19.26052070862763 143.1 45.469113475086814 -12.972911458087447 310.66754 62.3212 -999.0 -999.0 -999.0 -999.0 -999.0 139.45338957470634 12.933120492031577 139.47796527614025 12.825884444274065 65.21335028179939 139.8272224753913 -999.0 16600.0 -999.0 2 54 {-999.0 -999.0 -999.0 -999.0 -999.0} "" -999.0 -999.0 -999.0 -999.0 -999 -999 "" "" "" "" 0 0 0.0 0.0 -999 ""
FIBERMAP 693 R+2C15 BOSS 1 1 0 1 0 0 42.47717778665516 19.08583044536668 143.1 44.8061494424525 -12.64533014226904 310.66754 62.3212 139.45038093640497 12.934536107478516 -3.5538726 -4.204032 0.18839411 139.45037066273022 12.934524262666079 139.47489686115443 12.827371372566885 65.21625023516245 139.83117962769182 5400.0 5400.0 2016.0 1 198 {-999.0 17.9637 17.66525 17.556494 17.530313} sdss_psfmag_from_gaia 17.908 17.6707 17.216 -999.0 63050394818032225 969129770 "" ops_std_boss_gdr2 ops_std standard_boss 0 0 0.0 0.0 -999 ""
FIBERMAP 693 R+2C15 METROLOGY 0 0 0 1 0 0 42.676056022636295 19.805623677159442 143.1 45.420691185720145 -12.221402669118271 310.66754 62.3212 -999.0 -999.0 -999.0 -999.0 -999.0 139.4532202883806 12.936481869515264 139.4777635875932 12.82930158215299 65.2162991406744 139.82307727633912 -999.0 6231.0 -999.0 -1 -999 {-999.0 -999.0 -999.0 -999.0 -999.0} "" -999.0 -999.0 -999.0 -999.0 -999 -999 "" "" "" "" 0 0 0.0 0.0 -999 ""
FIBERMAP 694 R+3C15 APOGEE 0 0 0 1 0 0 51.40232994946106 38.946007597712494 143.1 64.39684184412323 -3.155718136691379 304.471 58.859432 -999.0 -999.0 -999.0 -999.0 -999.0 139.54177495870425 12.977905171362972 139.5663767993334 12.870511929155738 65.20232039806487 139.59724315234422 -999.0 16600.0 -999.0 2 -999 {-999.0 -999.0 -999.0 -999.0 -999.0} "" -999.0 -999.0 -999.0 -999.0 -999 -999 "" "" "" "" 0 0 0.0 0.0 -999 ""
FIBERMAP 694 R+3C15 BOSS 1 1 0 1 0 0 50.61776088823055 38.91276973638617 143.1 63.77424709071134 -2.677470447573216 304.471 58.859432 139.5389538565322 12.980014341004473 0.6329566 -4.34907 -0.9777959 139.53895568664234 12.980002087548957 139.56350886475985 12.872691378913123 65.20569045537736 139.5998651760826 5400.0 5400.0 2016.0 1 197 {-999.0 20.673527 20.570908 20.451273 20.337706} sdss_psfmag_from_lsdr10 20.48265 20.50852 19.92919 -999.0 63050394818041255 1059074171 dark_flexible_2x2 bhm_spiders_agn_lsdr10 bhm_spiders science 0 0 0.0 0.0 -999 ""
FIBERMAP 694 R+3C15 METROLOGY 0 0 0 1 0 0 50.9867433400932 39.56564438698982 143.1 64.47618433012711 -2.414038654551267 304.471 58.859432 -999.0 -999.0 -999.0 -999.0 -999.0 139.5422115690863 12.981226287467063 139.56678033414084 12.873887703815067 65.20489929914702 139.59196514857672 -999.0 6231.0 -999.0 -1 -999 {-999.0 -999.0 -999.0 -999.0 -999.0} "" -999.0 -999.0 -999.0 -999.0 -999 -999 "" "" "" "" 0 0 0.0 0.0 -999 ""
FIBERMAP 695 R-4C1 APOGEE 1 1 0 1 0 0 -239.17374567400196 -97.81295972388914 143.1 -246.0901201530221 78.59851727680127 354.33136 36.49358 138.09552324252172 13.343216109821615 -2.631176 -3.890042 0.5951941 138.09551562353977 13.34320514967218 138.1216793473026 13.238195077674499 66.27856412472866 141.97956373568618 16000.0 16600.0 2016.0 2 248 {-999.0 14.066578 13.243134 12.948105 -999.0} sdss_psfmag_from_g3xp 13.822619 13.283648 12.595212 11.16 63050394818503824 1105105898 bright_flexible_3x1 mwm_tess_rgb_apogee mwm_tessrgb science 0 0 0.0 0.0 -999 ""
FIBERMAP 695 R-4C1 BOSS 0 0 0 1 0 0 -239.7999805852685 -98.20821958490005 143.1 -246.82380565824008 78.69767339240974 354.33136 36.49358 -999.0 -999.0 -999.0 -999.0 -999.0 138.09218364695732 13.343546733327765 138.11830112178058 13.238618336877995 66.28067211871307 141.9859257482641 -999.0 5400.0 -999.0 1 497 {-999.0 -999.0 -999.0 -999.0 -999.0} "" -999.0 -999.0 -999.0 -999.0 -999 -999 "" "" "" "" 0 0 0.0 0.0 -999 ""
FIBERMAP 695 R-4C1 METROLOGY 0 0 0 1 0 0 -239.83312104532797 -97.45717923554734 143.1 -246.36700987852166 79.29451086396672 354.33136 36.49358 -999.0 -999.0 -999.0 -999.0 -999.0 138.09426407748336 13.346285877503293 138.12039925115505 13.241331796576311 66.28188300647385 141.9780375913441 -999.0 6231.0 -999.0 -1 -999 {-999.0 -999.0 -999.0 -999.0 -999.0} "" -999.0 -999.0 -999.0 -999.0 -999 -999 "" "" "" "" 0 0 0.0 0.0 -999 ""
FIBERMAP 698 R+7C18 APOGEE 0 0 0 1 0 0 185.53984016543296 139.75513465380487 143.1 231.9160240595296 -12.021349443593683 49.727287 74.991135 -999.0 -999.0 -999.0 -999.0 -999.0 140.31928547113074 12.937057073380204 140.34333058260353 12.82838212487021 64.73801793595204 138.17901918361045 -999.0 16600.0 -999.0 2 40 {-999.0 -999.0 -999.0 -999.0 -999.0} "" -999.0 -999.0 -999.0 -999.0 -999 -999 "" ops_sky_apogee_best_unassigned ops_sky sky_apogee 0 0 0.0 0.0 -999 ""
FIBERMAP 698 R+7C18 BOSS 1 1 0 1 0 0 185.97178194369104 139.14711101937468 143.1 231.85667139959932 -12.764629742765168 49.727287 74.991135 140.31909040729008 12.933607106048362 1.1954095 0.50531465 1.0224067 140.31909386301436 12.93360852976662 140.3430759798124 12.825013499622878 64.73540465743424 138.184033716722 5400.0 5400.0 2016.0 1 196 {-999.0 20.393497 19.60642 19.134619 18.772419} sdss_fiber2mag_from_lsdr10 19.109657 20.19293 17.588285 15.232 63050394818035973 1059074176 dark_flexible_2x2 bhm_spiders_agn_lsdr10 bhm_spiders science 0 0 0.0 0.0 -999 ""
FIBERMAP 698 R+7C18 METROLOGY 0 0 0 1 0 0 185.2336592364347 139.07503198728452 143.1 231.2447335064175 -12.34596811705768 49.727287 74.991135 -999.0 -999.0 -999.0 -999.0 -999.0 140.3162639966708 12.935533666434718 140.34026755945916 12.826920523031127 64.73853945679004 138.18671423209886 -999.0 6231.0 -999.0 -1 -999 {-999.0 -999.0 -999.0 -999.0 -999.0} "" -999.0 -999.0 -999.0 -999.0 -999 -999 "" "" "" "" 0 0 0.0 0.0 -999 ""
FIBERMAP 704 R+5C16 APOGEE 0 0 0 1 1 0 93.98552890911127 92.17048533506299 143.1 131.20239249452453 10.293053918830282 154.81444 164.03313 -999.0 -999.0 -999.0 -999.0 -999.0 139.85330538759726 13.03908008868983 139.87782350039328 12.931154761591266 65.08151469746599 138.9191735361204 -999.0 16600.0 -999.0 2 79 {-999.0 -999.0 -999.0 -999.0 -999.0} "" -999.0 -999.0 -999.0 -999.0 -999 -999 "" ops_sky_apogee_best_unassigned ops_sky sky_apogee 0 0 0.0 0.0 -999 ""
FIBERMAP 704 R+5C16 BOSS 1 0 0 1 1 0 93.4197697745582 92.6471711566772 143.1 131.07487088643126 11.021598624492986 154.81444 164.03313 139.85943625320294 12.951030400488252 2.8970275 -23.298471 0.8894024 139.85282569496897 13.0423211818946 139.87729470978815 12.934474153988234 65.08454122262143 138.91571419070286 5400.0 5400.0 2016.0 1 214 {-999.0 22.888485 21.453434 19.656244 -999.0} sdss_psfmag 21.557098 20.368319 19.06005 16.116 63050394818040008 1092174510 dark_flexible_2x1 mwm_cb_galex_mag_boss mwm_cb science 0 0 0.0 0.0 -999 ""
FIBERMAP 704 R+5C16 METROLOGY 0 0 0 1 1 0 94.11319923312654 92.90368497904107 143.1 131.77097137927737 10.772973261303342 154.81444 164.03313 -999.0 -999.0 -999.0 -999.0 -999.0 139.8560384916113 13.041208378050639 139.8805191431972 12.933334091084266 65.08182023489191 138.91110424133745 -999.0 6231.0 -999.0 -1 -999 {-999.0 -999.0 -999.0 -999.0 -999.0} "" -999.0 -999.0 -999.0 -999.0 -999 -999 "" "" "" "" 0 0 0.0 0.0 -999 ""
FIBERMAP 706 R+6C21 APOGEE 1 1 0 1 0 0 206.83797865382869 123.09977669450174 143.1 237.5445682172426 -38.45930856207326 196.13892 73.689415 140.3446619617872 12.81727025883196 3.4134307 -4.7503486 2.3443305 140.3446718248515 12.817256874778664 140.36848849077725 12.70856496621001 64.6258382205184 138.2929518339486 16000.0 16600.0 2016.0 2 67 {-999.0 11.401472 11.185361 11.149011 -999.0} sdss_psfmag_from_g3xp 11.399082 11.184533 10.827089 10.312 63050394818035284 974606137 "" ops_std_apogee ops_std standard_apogee 0 0 0.0 0.0 -999 ""
FIBERMAP 706 R+6C21 BOSS 0 0 0 1 0 0 206.82913894497776 123.84274742398372 143.1 238.0148059256704 -37.88425714213353 196.13892 73.689415 -999.0 -999.0 -999.0 -999.0 -999.0 140.3469275299471 12.819775828704048 140.37069052516523 12.711159027604456 64.62673119710593 138.28537363721424 -999.0 5400.0 -999.0 1 249 {-999.0 -999.0 -999.0 -999.0 -999.0} "" -999.0 -999.0 -999.0 -999.0 -999 -999 "" "" "" "" 0 0 0.0 0.0 -999 ""
FIBERMAP 706 R+6C21 METROLOGY 0 0 0 1 0 0 207.47932737512912 123.48452513214728 143.1 238.2830875142912 -38.57622368367838 196.13892 73.689415 -999.0 -999.0 -999.0 -999.0 -999.0 140.34812089163586 12.816665215137824 140.37189377612088 12.708024615126847 64.62349039807955 138.28732528770337 -999.0 6231.0 -999.0 -1 -999 {-999.0 -999.0 -999.0 -999.0 -999.0} "" -999.0 -999.0 -999.0 -999.0 -999 -999 "" "" "" "" 0 0 0.0 0.0 -999 ""
FIBERMAP 709 R+2C18 APOGEE 0 0 0 1 0 0 120.30040874810749 25.530380565781964 143.1 108.58364218773984 -57.6716592179484 321.0125 96.96326 -999.0 -999.0 -999.0 -999.0 -999.0 139.74773092025023 12.729908470450889 139.77176045770966 12.622222390010462 64.88446128288145 139.53267350406864 -999.0 16600.0 -999.0 2 -999 {-999.0 -999.0 -999.0 -999.0 -999.0} "" -999.0 -999.0 -999.0 -999.0 -999 -999 "" "" "" "" 0 0 0.0 0.0 -999 ""
FIBERMAP 709 R+2C18 BOSS 1 1 0 1 0 0 119.93536268282372 24.898902926968898 143.1 107.89845919661633 -57.9212206907512 321.0125 96.96326 139.7446555740808 12.728699769864416 -3.8962522 -12.017161 2.3044755 139.7446443198556 12.728665911648566 139.76861840874696 12.621064640254044 64.88521606898486 139.5401875564949 5400.0 5400.0 2016.0 1 200 {-999.0 19.612667 18.32284 17.10608 -999.0} sdss_psfmag 19.039108 17.776896 16.59927 14.473 63050394818030550 1094681004 bright_1x1 mwm_bin_vis_boss mwm_filler science 0 0 0.0 0.0 -999 ""
FIBERMAP 709 R+2C18 METROLOGY 0 0 0 1 0 0 119.55434959903643 25.53797836804001 143.1 108.01677738689064 -57.1868417452114 321.0125 96.96326 -999.0 -999.0 -999.0 -999.0 -999.0 139.74517508593317 12.732033102033702 139.76917067169938 12.624407721765147 64.88768625036309 139.5347301572843 -999.0 6231.0 -999.0 -1 -999 {-999.0 -999.0 -999.0 -999.0 -999.0} "" -999.0 -999.0 -999.0 -999.0 -999 -999 "" "" "" "" 0 0 0.0 0.0 -999 ""
FIBERMAP 710 R+8C6 APOGEE 0 0 0 1 0 0 -70.46227364343545 160.3437066085665 143.1 48.94721268609113 168.11862188734705 67.32847 54.326584 -999.0 -999.0 -999.0 -999.0 -999.0 139.4683051531858 13.755994666029874 139.4943605863662 13.648566228617826 65.88379590058628 138.67462707992055 -999.0 16600.0 -999.0 2 -999 {-999.0 -999.0 -999.0 -999.0 -999.0} "" -999.0 -999.0 -999.0 -999.0 -999 -999 "" "" "" "" 0 0 0.0 0.0 -999 ""
FIBERMAP 710 R+8C6 BOSS 1 1 0 1 0 0 -70.0678382358061 159.7018370224952 143.1 48.837386766738426 167.3734840670086 67.32847 54.326584 139.46800972274926 13.752556523145582 -48.037006 17.97018 1.5871891 139.467870384373 13.752607153885865 139.49386598446668 13.645255219896928 65.8813531446252 138.68022215189995 5400.0 5400.0 2016.0 1 77 {-999.0 19.684864 18.329548 17.417633 -999.0} sdss_psfmag 19.12467 18.050526 17.011456 14.983 63050394818513691 1136072197 dark_flexible_3x1 mwm_halo_local_high_boss_triple mwm_halo science 0 0 0.0 0.0 -999 ""
FIBERMAP 710 R+8C6 METROLOGY 0 0 0 1 0 0 -70.81780832266779 159.68776676957594 143.1 48.253613201382606 167.84420716630427 67.32847 54.326584 -999.0 -999.0 -999.0 -999.0 -999.0 139.46511736040677 13.754747283573362 139.49113405800728 13.647378231362463 65.88461233527993 138.68258636812186 -999.0 6231.0 -999.0 -1 -999 {-999.0 -999.0 -999.0 -999.0 -999.0} "" -999.0 -999.0 -999.0 -999.0 -999 -999 "" "" "" "" 0 0 0.0 0.0 -999 ""
FIBERMAP 714 R-3C22 APOGEE 0 0 0 1 0 0 198.5688776620452 -57.72570650416378 143.1 115.11153812700994 -171.72597911159335 185.29533 109.194626 -999.0 -999.0 -999.0 -999.0 -999.0 139.77655919061738 12.213111890998356 139.7996477122183 12.105484864231421 64.43954354059011 140.15007723368194 -999.0 16600.0 -999.0 2 209 {-999.0 -999.0 -999.0 -999.0 -999.0} "" -999.0 -999.0 -999.0 -999.0 -999 -999 "" ops_sky_apogee_best_unassigned ops_sky sky_apogee 0 0 0.0 0.0 -999 ""
FIBERMAP 714 R-3C22 BOSS 1 1 0 1 0 0 198.24272698972644 -57.068256331142216 143.1 115.2836973484595 -171.0127421806245 185.29533 109.194626 139.77746538639735 12.216209416509262 -4.3495307 0.49511933 0.33721676 139.77745284771902 12.216210811502073 139.80049120193368 12.108663172713811 64.44174107456038 140.1444222235657 5400.0 5400.0 2016.0 1 309 {-999.0 18.209064 17.837723 17.693182 17.639858} sdss_psfmag_from_gaia 18.1341 17.8495 17.3481 16.481 63050394818024962 969129698 "" ops_std_boss_gdr2 ops_std standard_boss 0 0 0.0 0.0 -999 ""
FIBERMAP 714 R-3C22 METROLOGY 0 0 0 1 0 0 198.99514276361077 -57.11580172356478 143.1 115.82978586509724 -171.53225467674062 185.29533 109.194626 -999.0 -999.0 -999.0 -999.0 -999.0 139.77994940298458 12.213908148138577 139.80299785823667 12.106333740346766 64.43844660368248 140.14265816526907 -999.0 6231.0 -999.0 -1 -999 {-999.0 -999.0 -999.0 -999.0 -999.0} "" -999.0 -999.0 -999.0 -999.0 -999 -999 "" "" "" "" 0 0 0.0 0.0 -999 ""
FIBERMAP 715 R-6C17 APOGEE 0 0 0 1 0 0 118.74538708075147 -103.00068811255989 143.1 24.870711323249402 -155.17313930861926 197.13255 44.631214 -999.0 -999.0 -999.0 -999.0 -999.0 139.35774607357723 12.286740510290965 139.3812153107749 12.179797982757862 64.72555012972342 140.8531592863244 -999.0 16600.0 -999.0 2 205 {-999.0 -999.0 -999.0 -999.0 -999.0} "" -999.0 -999.0 -999.0 -999.0 -999 -999 "" ops_sky_apogee_best_unassigned ops_sky sky_apogee 0 0 0.0 0.0 -999 ""
FIBERMAP 715 R-6C17 BOSS 1 1 0 1 0 0 119.1218085551015 -102.36041711689538 143.1 25.570257494239826 -154.92414243447408 197.13255 44.631214 139.36106175977426 12.287736735330668 0.34336898 -0.07082297 0.36475304 139.36106274989498 12.287736535787756 139.38447811406584 12.18086922649037 64.72471734013908 140.84552435751274 5400.0 5400.0 2016.0 1 299 {-999.0 19.535477 19.471737 19.022486 19.046347} sdss_psfmag 19.350279 19.215563 18.758389 -999.0 63050394818029512 1060286200 dark_flexible_2x2 bhm_aqmes_bonus_core bhm_filler science 0 0 0.0 0.0 -999 ""
FIBERMAP 715 R-6C17 METROLOGY 0 0 0 1 0 0 119.51356235849222 -102.99391044841775 143.1 25.463754361182854 -155.66113942799285 197.13255 44.631214 -999.0 -999.0 -999.0 -999.0 -999.0 139.36055209325377 12.28443438119387 139.38397710824978 12.17754566799815 64.72219276564084 140.8507151579914 -999.0 6231.0 -999.0 -1 -999 {-999.0 -999.0 -999.0 -999.0 -999.0} "" -999.0 -999.0 -999.0 -999.0 -999 -999 "" "" "" "" 0 0 0.0 0.0 -999 ""
FIBERMAP 717 R+6C9 APOGEE 0 0 0 1 0 0 -51.274786441255465 100.17987484090249 143.1 25.0243646499122 109.69302830011141 278.5614 83.019066 -999.0 -999.0 -999.0 -999.0 -999.0 139.35697592735593 13.491322416334283 139.3826221278573 13.384134458556723 65.72779931503605 139.25918466451228 -999.0 16600.0 -999.0 2 -999 {-999.0 -999.0 -999.0 -999.0 -999.0} "" -999.0 -999.0 -999.0 -999.0 -999 -999 "" "" "" "" 0 0 0.0 0.0 -999 ""
FIBERMAP 717 R+6C9 BOSS 1 1 0 1 0 0 -52.03077639353967 100.14382342805519 143.1 24.421865118478635 110.15077107994568 278.5614 83.019066 139.35422087669528 13.493367831901496 -1.0514323 2.013589 0.8658676 139.3542178302043 13.493373505165339 139.37981596267204 13.386265833565446 65.73109912657999 139.26174340821802 5400.0 5400.0 2016.0 1 130 {-999.0 20.118658 19.913248 19.941956 20.027842} sdss_psfmag_from_lsdr10 20.060055 20.130175 19.914658 -999.0 63050394818512896 1059076675 dark_flexible_2x2 bhm_spiders_agn_lsdr10 bhm_spiders science 0 0 0.0 0.0 -999 ""
FIBERMAP 717 R+6C9 METROLOGY 0 0 0 1 0 0 -51.679670370436156 100.80655736371847 143.1 25.116432737093508 110.4332358059067 278.5614 83.019066 -999.0 -999.0 -999.0 -999.0 -999.0 139.35744852497396 13.494670754019248 139.3830622234592 13.387535822183448 65.73036619621212 139.25365646093215 -999.0 6231.0 -999.0 -1 -999 {-999.0 -999.0 -999.0 -999.0 -999.0} "" -999.0 -999.0 -999.0 -999.0 -999 -999 "" "" "" "" 0 0 0.0 0.0 -999 ""
FIBERMAP 719 R+3C18 APOGEE 0 0 0 1 0 0 142.70389723740675 61.73225004937685 143.1 148.9953774306155 -44.31212431913725 62.70186 52.834164 -999.0 -999.0 -999.0 -999.0 -999.0 139.93568478760506 12.790754207781553 139.95970765492387 12.68274318535961 64.83149839511127 139.09557433102162 -999.0 16600.0 -999.0 2 87 {-999.0 -999.0 -999.0 -999.0 -999.0} "" -999.0 -999.0 -999.0 -999.0 -999 -999 "" ops_sky_apogee_best_unassigned ops_sky sky_apogee 0 0 0.0 0.0 -999 ""
FIBERMAP 719 R+3C18 BOSS 1 1 0 1 0 0 143.01083949681478 61.04231350345083 143.1 148.78764049477383 -45.037924757375656 62.70186 52.834164 139.93482213365394 12.787358448883765 0.8445887 0.58656305 -1.2631352 139.9348245737928 12.787360101518486 139.95878631452933 12.679430462898257 64.82927083216968 139.10171471229086 5400.0 5400.0 2016.0 1 218 {-999.0 20.678682 20.589409 20.356182 20.340162} sdss_psfmag_from_gaiadr2 20.300022 20.6667 20.220669 -999.0 63050394818039609 1129190904 dark_flexible_3x1 bhm_gua_dark_d3 bhm_filler science 0 0 0.0 0.0 -999 ""
FIBERMAP 719 R+3C18 METROLOGY 0 0 0 1 0 0 142.2657218993569 61.12487203792389 143.1 148.26962454636498 -44.49626559341457 62.70186 52.834164 -999.0 -999.0 -999.0 -999.0 -999.0 139.93239990687928 12.789846259459324 139.95638339171256 12.68189766129141 64.83263060790944 139.10299200185744 -999.0 6231.0 -999.0 -1 -999 {-999.0 -999.0 -999.0 -999.0 -999.0} "" -999.0 -999.0 -999.0 -999.0 -999 -999 "" "" "" "" 0 0 0.0 0.0 -999 ""
FIBERMAP 721 R+9C9 APOGEE 0 0 0 1 0 0 -0.9220707300530187 180.23356753485587 143.1 115.0093409045634 138.71409489032476 19.189556 126.20254 -999.0 -999.0 -999.0 -999.0 -999.0 139.77712196093324 13.622356886940107 139.80273660988797 13.514439270842015 65.60199673033966 138.2641967052504 -999.0 16600.0 -999.0 2 9 {-999.0 -999.0 -999.0 -999.0 -999.0} "" -999.0 -999.0 -999.0 -999.0 -999 -999 "" ops_sky_apogee_best_unassigned ops_sky sky_apogee 0 0 0.0 0.0 -999 ""
FIBERMAP 721 R+9C9 BOSS 1 1 0 1 0 0 -0.3055332598035269 179.82087629347268 143.1 115.2168631764336 138.00199107924144 19.189556 126.20254 139.77819627692188 13.619096359558213 -2.3007705 0.4473617 -0.042552315 139.77818960698562 13.619097619994655 139.80374275538932 13.511254665514867 65.5988295552529 138.2666982731094 5400.0 5400.0 2016.0 1 125 {-999.0 18.033957 17.706146 17.583332 17.546814} sdss_psfmag_from_gaia 17.9962 17.7146 17.2663 -999.0 63050394818042727 968182380 "" ops_std_boss_gdr2 ops_std standard_boss 0 0 0.0 0.0 -999 ""
FIBERMAP 721 R+9C9 METROLOGY 0 0 0 1 0 0 -0.964384985623969 179.48572423276295 143.1 114.4967729726966 138.16815192540307 19.189556 126.20254 -999.0 -999.0 -999.0 -999.0 -999.0 139.77480862344956 13.619875081509418 139.8003809758465 13.51201612362191 65.60133387504925 138.2721074773911 -999.0 6231.0 -999.0 -1 -999 {-999.0 -999.0 -999.0 -999.0 -999.0} "" -999.0 -999.0 -999.0 -999.0 -999 -999 "" "" "" "" 0 0 0.0 0.0 -999 ""
FIBERMAP 723 R-2C19 APOGEE 0 0 0 1 0 0 137.60097854630203 -22.341515886679137 143.1 91.10658698405145 -105.46585734440724 107.25532 85.79415 -999.0 -999.0 -999.0 -999.0 -999.0 139.66606419077095 12.512654494771681 139.68975428760672 12.405149374619297 64.74865898641369 139.97288583792056 -999.0 16600.0 -999.0 2 212 {-999.0 -999.0 -999.0 -999.0 -999.0} "" -999.0 -999.0 -999.0 -999.0 -999 -999 "" ops_sky_apogee_best_unassigned ops_sky sky_apogee 0 0 0.0 0.0 -999 ""
FIBERMAP 723 R-2C19 BOSS 1 1 0 1 0 0 138.32528222359642 -22.183715459121398 143.1 91.76297065500121 -105.8099540522365 107.25532 85.79415 139.66920691598398 12.510975945774463 -999.0 -999.0 -999.0 139.66920691598398 12.510975945774463 139.6928373984281 12.403546172028847 64.7456565498745 139.96908951100855 5400.0 5400.0 2016.0 1 297 {-999.0 22.069513 21.389277 21.00592 20.783785} sdss_fiber2mag_from_lsdr10 1e+20 1e+20 1e+20 -999.0 63050398245736993 1059071491 dark_flexible_2x2 bhm_spiders_agn_lsdr10 bhm_spiders science 0 0 0.0 0.0 -999 ""
FIBERMAP 723 R-2C19 METROLOGY 0 0 0 1 0 0 138.10703230085673 -22.88730365717806 143.1 91.14398758173753 -106.2090255188434 107.25532 85.79415 -999.0 -999.0 -999.0 -999.0 -999.0 139.6663022251959 12.509189766112089 139.68994682341287 12.4017424708291 64.74571791329356 139.97694072410852 -999.0 6231.0 -999.0 -1 -999 {-999.0 -999.0 -999.0 -999.0 -999.0} "" -999.0 -999.0 -999.0 -999.0 -999 -999 "" "" "" "" 0 0 0.0 0.0 -999 ""
FIBERMAP 724 R+1C21 APOGEE 0 0 0 1 0 0 153.81108354650198 15.606694544365567 143.1 127.89322856438655 -86.7916540250167 204.40314 106.69865 -999.0 -999.0 -999.0 -999.0 -999.0 139.83722533097847 12.597712679164426 139.86096376732974 12.489905005144292 64.72607612289414 139.53687256647686 -999.0 16600.0 -999.0 2 -999 {-999.0 -999.0 -999.0 -999.0 -999.0} "" -999.0 -999.0 -999.0 -999.0 -999 -999 "" "" "" "" 0 0 0.0 0.0 -999 ""
FIBERMAP 724 R+1C21 BOSS 1 1 0 1 0 0 153.30355324178691 16.14646059209807 143.1 127.85083026451713 -86.05215260664937 204.40314 106.69865 139.83714305386914 12.600956841854755 -0.5494765 0.26481164 0.41604155 139.83714146751498 12.600957587958522 139.86083043698366 12.493229352162185 64.72890539583136 139.5327728570453 5400.0 5400.0 2016.0 1 234 {-999.0 20.49937 20.298038 20.111345 19.932789} sdss_psfmag_from_gdr3 20.424217 20.336475 19.677982 -999.0 63050394818030355 1128537976 dark_flexible_3x1 bhm_spiders_agn_gaiadr3_d3 bhm_spiders science 0 0 0.0 0.0 -999 ""
FIBERMAP 724 R+1C21 METROLOGY 0 0 0 1 0 0 154.03142596800225 16.319513734482666 143.1 128.51974183046502 -86.38685183660785 204.40314 106.69865 -999.0 -999.0 -999.0 -999.0 -999.0 139.84021866286278 12.599471468655775 139.8639188429484 12.491715766425825 64.72596487298306 139.5288985679285 -999.0 6231.0 -999.0 -1 -999 {-999.0 -999.0 -999.0 -999.0 -999.0} "" -999.0 -999.0 -999.0 -999.0 -999 -999 "" "" "" "" 0 0 0.0 0.0 -999 ""
FIBERMAP 730 R+6C13 APOGEE 0 0 0 1 0 0 44.640782907812834 126.33811178424912 143.1 115.32377637248186 68.15840853599911 61.558064 142.30978 -999.0 -999.0 -999.0 -999.0 -999.0 139.7792300265375 13.302323706991112 139.8042671662991 13.194467740100983 65.33887615494604 138.70276820783204 -999.0 16600.0 -999.0 2 -999 {-999.0 -999.0 -999.0 -999.0 -999.0} "" -999.0 -999.0 -999.0 -999.0 -999 -999 "" "" "" "" 0 0 0.0 0.0 -999 ""
FIBERMAP 730 R+6C13 BOSS 1 1 0 1 0 0 45.33278553299494 126.63633876935491 143.1 116.04556465450676 67.9426661529592 61.558064 142.30978 139.78281188350883 13.301462703638448 -38.364708 -61.963184 1.3850863 139.78270081173545 13.301288123046472 139.80767879694693 13.19350367660134 65.33619062661315 138.69754475982572 5400.0 5400.0 2016.0 1 149 {-999.0 18.92298 17.63539 17.054274 -999.0} sdss_psfmag 18.387543 17.569685 16.634073 14.836 63050394818041631 1136071409 dark_flexible_3x1 mwm_halo_local_high_boss_triple mwm_halo science 0 0 0.0 0.0 -999 ""
FIBERMAP 730 R+6C13 METROLOGY 0 0 0 1 0 0 45.246721123616986 125.90279482025636 143.1 115.50864943018016 67.4357705651934 61.558064 142.30978 -999.0 -999.0 -999.0 -999.0 -999.0 139.780175598754 13.299005749646684 139.80516682145003 13.191204121483056 65.3356953243145 138.70550141520306 -999.0 6231.0 -999.0 -1 -999 {-999.0 -999.0 -999.0 -999.0 -999.0} "" -999.0 -999.0 -999.0 -999.0 -999 -999 "" "" "" "" 0 0 0.0 0.0 -999 ""
FIBERMAP 733 R+2C2 APOGEE 0 0 0 1 0 0 -255.5989853703704 26.33070493560915 143.1 -178.9732325043434 184.2816362108607 249.87065 100.49404 -999.0 -999.0 -999.0 -999.0 -999.0 138.40508557256328 13.823257451813625 138.43194580111327 13.717618839516646 66.51904641049441 140.69849288061138 -999.0 16600.0 -999.0 2 -999 {-999.0 -999.0 -999.0 -999.0 -999.0} "" -999.0 -999.0 -999.0 -999.0 -999 -999 "" "" "" "" 0 0 0.0 0.0 -999 ""
FIBERMAP 733 R+2C2 BOSS 1 1 0 1 0 0 -256.30612878352014 26.43000337212763 143.1 -179.45139933925444 184.81174331336322 249.87065 100.49404 138.40297824533138 13.82559755370465 -20.75286 -17.543793 0.7332723 138.40291802981184 13.825548124260646 138.42973367743042 13.719986993437763 66.52220509250527 140.69974497902075 5400.0 5400.0 2016.0 1 10 {-999.0 17.304737 16.593838 16.32932 -999.0} sdss_psfmag 17.097921 16.62215 15.985979 14.606 63050394818510136 1136072143 dark_flexible_3x1 mwm_halo_local_high_boss_triple mwm_halo science 0 0 0.0 0.0 -999 ""
FIBERMAP 733 R+2C2 METROLOGY 0 0 0 1 0 0 -255.86536870666916 27.027628101140447 143.1 -178.72992757208164 184.98675066557712 249.87065 100.49404 -999.0 -999.0 -999.0 -999.0 -999.0 138.40624675195122 13.826393018233484 138.4330761577511 13.720804967775297 66.52110883022979 140.69180340450296 -999.0 6231.0 -999.0 -1 -999 {-999.0 -999.0 -999.0 -999.0 -999.0} "" -999.0 -999.0 -999.0 -999.0 -999 -999 "" "" "" "" 0 0 0.0 0.0 -999 ""
FIBERMAP 741 R+5C9 APOGEE 0 0 0 1 0 0 -37.268278983805104 99.43753689676696 143.1 35.28165367214508 100.1314915862385 51.769165 65.010994 -999.0 -999.0 -999.0 -999.0 -999.0 139.405050520174 13.447922021418481 139.4305874850043 13.34066210815503 65.66557650369072 139.22517181023846 -999.0 16600.0 -999.0 2 101 {-999.0 -999.0 -999.0 -999.0 -999.0} "" -999.0 -999.0 -999.0 -999.0 -999 -999 "" ops_sky_apogee_best_unassigned ops_sky sky_apogee 0 0 0.0 0.0 -999 ""
FIBERMAP 741 R+5C9 BOSS 1 1 0 1 0 0 -36.91573457673215 98.7873968504359 143.1 35.13441464949851 99.40691111563632 51.769165 65.010994 139.40444102819507 13.444595888209426 -0.8755312 1.7644545 0.41810107 139.40443849188887 13.444600859539873 139.42991613452216 13.337418933171307 65.6632678028219 139.23092200070457 5400.0 5400.0 2016.0 1 75 {-999.0 20.801348 20.661732 20.53537 20.470968} sdss_psfmag_from_gaiadr2 20.65309 20.652168 20.182741 -999.0 63050394818512866 1129194798 dark_flexible_3x1 bhm_gua_dark_d3 bhm_filler science 0 0 0.0 0.0 -999 ""
FIBERMAP 741 R+5C9 METROLOGY 0 0 0 1 0 0 -37.65494971031997 98.79244024220304 143.1 34.57115474686514 99.88537692793693 51.769165 65.010994 -999.0 -999.0 -999.0 -999.0 -999.0 139.40178058222517 13.446786583354532 139.4272791658355 13.339587046240112 65.66650568708923 139.23309345724726 -999.0 6231.0 -999.0 -1 -999 {-999.0 -999.0 -999.0 -999.0 -999.0} "" -999.0 -999.0 -999.0 -999.0 -999 -999 "" "" "" "" 0 0 0.0 0.0 -999 ""
FIBERMAP 742 R-5C19 APOGEE 0 0 0 1 0 0 153.91627101469564 -96.99554237788469 143.1 55.67944191870618 -173.15197476106263 185.32741 111.16219 -999.0 -999.0 -999.0 -999.0 -999.0 139.50092021768504 12.205810022990814 139.5241592677765 12.098644345770087 64.58143316189064 140.68236867234722 -999.0 16600.0 -999.0 2 -999 {-999.0 -999.0 -999.0 -999.0 -999.0} "" -999.0 -999.0 -999.0 -999.0 -999 -999 "" "" "" "" 0 0 0.0 0.0 -999 ""
FIBERMAP 742 R-5C19 BOSS 1 1 0 1 0 0 153.57170129334168 -96.33865229988766 143.1 55.83712609197383 -172.42734141453377 185.32741 111.16219 139.5017278482032 12.208950409753863 -999.0 -999.0 -999.0 139.5017278482032 12.20895040975386 139.52491787717076 12.101864120577593 64.58372862238991 140.67683157705798 5400.0 5400.0 2016.0 1 287 {-999.0 21.96884 20.57146 19.993223 19.565321} sdss_fiber2mag_from_lsdr10 20.868998 21.401983 18.763248 -999.0 63050394818023981 1059070161 dark_flexible_2x2 bhm_spiders_agn_lsdr10 bhm_spiders science 0 0 0.0 0.0 -999 ""
FIBERMAP 742 R-5C19 METROLOGY 0 0 0 1 0 0 154.32113077446115 -96.36884424047369 143.1 56.39206755719095 -172.93163778348716 185.32741 111.16219 -999.0 -999.0 -999.0 -999.0 -999.0 139.5042836609018 12.206713179036413 139.5274835601336 12.099600020417919 64.58046314623122 140.6748059305098 -999.0 6231.0 -999.0 -1 -999 {-999.0 -999.0 -999.0 -999.0 -999.0} "" -999.0 -999.0 -999.0 -999.0 -999 -999 "" "" "" "" 0 0 0.0 0.0 -999 ""
FIBERMAP 743 R-1C3 APOGEE 0 0 0 1 0 0 -233.8658543462034 -31.86440255991289 143.1 -199.6812382423749 125.73038720360351 270.88327 122.87265 -999.0 -999.0 -999.0 -999.0 -999.0 138.3090315420614 13.55840731505029 138.3354617105291 13.45298655717901 66.34819662646552 141.2557403231338 -999.0 16600.0 -999.0 2 281 {-999.0 -999.0 -999.0 -999.0 -999.0} "" -999.0 -999.0 -999.0 -999.0 -999 -999 "" ops_sky_apogee_best_unassigned ops_sky sky_apogee 0 0 0.0 0.0 -999 ""
FIBERMAP 743 R-1C3 BOSS 1 1 0 1 0 0 -234.48027171313836 -32.28871573172056 143.1 -200.42452056186255 125.79969104015281 270.88327 122.87265 138.3053322292407 13.55870756732331 -35.91046 -29.337467 0.70999515 138.3056202156732 13.558624909321294 138.3320030286482 13.453285217322145 66.35026779766781 141.26238904924324 5400.0 5400.0 2016.0 1 433 {-999.0 15.529215 15.228161 15.128509 -999.0} sdss_psfmag 15.478278 15.219455 14.793002 13.945 63050394818504595 1136768428 dark_flexible_3x1 mwm_halo_local_high_boss_triple mwm_halo science 0 0 1.3720953464508057 0.0 -999 ""
FIBERMAP 743 R-1C3 METROLOGY 0 0 0 1 0 0 -234.5464543728619 -31.54620262034065 143.1 -199.99852146182292 126.41120785397209 270.88327 122.87265 -999.0 -999.0 -999.0 -999.0 -999.0 138.30757981073276 13.561425008886044 138.33398080930243 13.456060050302122 66.35156061895242 141.25461369382046 -999.0 6231.0 -999.0 -1 -999 {-999.0 -999.0 -999.0 -999.0 -999.0} "" -999.0 -999.0 -999.0 -999.0 -999 -999 "" "" "" "" 0 0 0.0 0.0 -999 ""
FIBERMAP 748 R-1C24 APOGEE 0 0 0 1 0 0 247.8182311545589 -24.18658588859641 143.1 174.3870432289335 -177.6429852963672 342.58218 113.607574 -999.0 -999.0 -999.0 -999.0 -999.0 140.05003624082084 12.187691184722723 140.0729166231116 12.079615915751729 64.27002146452953 139.66911227275332 -999.0 16600.0 -999.0 2 210 {-999.0 -999.0 -999.0 -999.0 -999.0} "" -999.0 -999.0 -999.0 -999.0 -999 -999 "" ops_sky_apogee_best_unassigned ops_sky sky_apogee 0 0 0.0 0.0 -999 ""
FIBERMAP 748 R-1C24 BOSS 1 1 0 1 0 0 247.9072717169542 -24.927083759971456 143.1 173.97985514670853 -178.26763326687822 342.58218 113.607574 140.0482108338299 12.184822777150575 0.11624397 -16.91791 2.2790544 140.04821116889428 12.184775111132446 140.07103120784498 12.076785287920975 64.26869560810616 139.676268939502 5400.0 5400.0 2016.0 1 311 {-999.0 18.808825 17.360188 16.433538 -999.0} sdss_psfmag 18.254196 17.112715 16.07381 14.068 63050394818024598 1118901153 dark_1x1 openfibertargets_mwm_snc_further_ext_boss open_fiber science 0 0 0.0 0.0 -999 ""
FIBERMAP 748 R-1C24 METROLOGY 0 0 0 1 0 0 247.22239866523216 -24.641176118968787 143.1 173.63856455785378 -177.60881641265806 342.58218 113.607574 -999.0 -999.0 -999.0 -999.0 -999.0 140.04664580748184 12.187755658564722 140.06948818364236 12.079744593177814 64.27199407825343 139.6753636409835 -999.0 6231.0 -999.0 -1 -999 {-999.0 -999.0 -999.0 -999.0 -999.0} "" -999.0 -999.0 -999.0 -999.0 -999 -999 "" "" "" "" 0 0 0.0 0.0 -999 ""
FIBERMAP 751 R-10C16 APOGEE 0 0 0 1 0 0 164.10393906641667 -178.82918665787892 143.1 10.946834048792416 -242.40605671807333 92.277534 85.26204 -999.0 -999.0 -999.0 -999.0 -999.0 139.29342169783274 11.894014453079803 139.31622286118557 11.787261490453794 64.42920521463509 141.47082540172036 -999.0 16600.0 -999.0 2 -999 {-999.0 -999.0 -999.0 -999.0 -999.0} "" -999.0 -999.0 -999.0 -999.0 -999 -999 "" "" "" "" 0 0 0.0 0.0 -999 ""
FIBERMAP 751 R-10C16 BOSS 1 1 0 1 0 0 164.85529056581237 -178.85122567140965 143.1 11.50848290526872 -242.90533908677565 92.277534 85.26204 139.29607839446183 11.891678455200582 -999.0 -999.0 -999.0 139.29607839446183 11.891678455200582 139.31882031605772 11.785004105543669 64.42593758206172 141.46864724269392 5400.0 5400.0 2016.0 1 268 {-999.0 21.212912 21.172594 20.976862 20.779514} sdss_psfmag_from_lsdr10 21.547848 20.921864 20.51652 -999.0 63050394818021671 1059068791 dark_flexible_2x2 bhm_spiders_agn_lsdr10 bhm_spiders science 0 0 0.0 0.0 -999 ""
FIBERMAP 751 R-10C16 METROLOGY 0 0 0 1 0 0 164.46001741714525 -179.48483152261457 143.1 10.79876898854945 -243.13712471918413 92.277534 85.26204 -999.0 -999.0 -999.0 -999.0 -999.0 139.29277907541325 11.890664632951843 139.31553630851465 11.783972633681737 64.42678630254018 141.4762175026854 -999.0 6231.0 -999.0 -1 -999 {-999.0 -999.0 -999.0 -999.0 -999.0} "" -999.0 -999.0 -999.0 -999.0 -999 -999 "" "" "" "" 0 0 0.0 0.0 -999 ""
FIBERMAP 753 R-2C22 APOGEE 0 0 0 1 0 0 217.1611403955473 -33.2354388644404 143.1 145.08329883119202 -164.89470256345592 45.041317 89.10003 -999.0 -999.0 -999.0 -999.0 -999.0 139.9153330082215 12.244458059593091 139.9383946372406 12.136594019861729 64.39047132322445 139.848497640686 -999.0 16600.0 -999.0 2 -999 {-999.0 -999.0 -999.0 -999.0 -999.0} "" -999.0 -999.0 -999.0 -999.0 -999 -999 "" "" "" "" 0 0 0.0 0.0 -999 ""
FIBERMAP 753 R-2C22 BOSS 1 1 0 1 0 0 217.69096168069817 -33.7722328201429 143.1 145.14468801866522 -165.64623787142233 45.041317 89.10003 139.91568850169926 12.240960149474686 -3.1759672 -0.43446508 -0.7677493 139.91567934527245 12.240958925374105 139.93867892503815 12.13317653354167 64.387473354375 139.85234703212112 5400.0 5400.0 2016.0 1 285 {-999.0 20.580984 20.444935 20.195824 19.96133} sdss_psfmag_from_lsdr10 20.61003 20.694859 19.90952 -999.0 63050394818024711 1059070169 dark_flexible_2x2 bhm_spiders_agn_lsdr10 bhm_spiders science 0 0 0.0 0.0 -999 ""
FIBERMAP 753 R-2C22 METROLOGY 0 0 0 1 0 0 216.97365737730465 -33.957596810032925 143.1 144.47597159413058 -165.3277583467405 45.041317 89.10003 -999.0 -999.0 -999.0 -999.0 -999.0 139.91257777526553 12.242410883482618 139.93559760882505 12.134610233108424 64.39033697910668 139.85630735201596 -999.0 6231.0 -999.0 -1 -999 {-999.0 -999.0 -999.0 -999.0 -999.0} "" -999.0 -999.0 -999.0 -999.0 -999 -999 "" "" "" "" 0 0 0.0 0.0 -999 ""
FIBERMAP 756 R-13C9 APOGEE 0 0 0 1 0 0 43.3580008099453 -266.18038615165125 143.1 -137.66927054828986 -231.82477163025692 332.4276 85.3717 -999.0 -999.0 -999.0 -999.0 -999.0 138.6062984147479 11.941638674669925 138.6295821660056 11.836038485325549 64.82527662912082 142.74317741730508 -999.0 16600.0 -999.0 2 207 {-999.0 -999.0 -999.0 -999.0 -999.0} "" -999.0 -999.0 -999.0 -999.0 -999 -999 "" "" "" "" 0 0 0.0 0.0 -999 ""
FIBERMAP 756 R-13C9 BOSS 1 1 0 1 0 0 42.98734771391127 -266.82179103797347 143.1 -138.36512411502602 -232.07834095368597 332.4276 85.3717 138.60315860867473 11.940431063946718 -999.0 -999.0 -999.0 138.60315860867473 11.940431063946717 138.62639088271828 11.834918488402684 64.8259443931822 142.75081825736478 5400.0 5400.0 2016.0 1 334 {-999.0 20.365686 19.6081 19.175444 18.80066} sdss_psfmag_from_gdr3 18.319973 20.21681 16.891035 14.594 63050394818026216 1059171675 dark_flexible_2x1 bhm_spiders_agn_gaiadr3 bhm_spiders science 0 0 0.0 0.0 -999 ""
FIBERMAP 756 R-13C9 METROLOGY 0 0 0 1 0 0 42.6134185553788 -266.1771624503633 143.1 -138.2378118491361 -231.34425446783175 332.4276 85.3717 -999.0 -999.0 -999.0 -999.0 -999.0 138.60369259383648 11.94373368170955 138.6269450953763 11.838196261834682 64.82846197898483 142.74572154932096 -999.0 6231.0 -999.0 -1 -999 {-999.0 -999.0 -999.0 -999.0 -999.0} "" -999.0 -999.0 -999.0 -999.0 -999 -999 "" "" "" "" 0 0 0.0 0.0 -999 ""
FIBERMAP 758 R+4C17 APOGEE 0 0 0 1 0 0 105.608728706999 86.65868615819532 143.1 136.57107895109613 -1.3933989403278901 106.75186 133.6566 -999.0 -999.0 -999.0 -999.0 -999.0 139.87825192818966 12.985902964501681 139.90265925468964 12.877947103544017 65.0239571984707 138.94337979280388 -999.0 16600.0 -999.0 2 83 {-999.0 -999.0 -999.0 -999.0 -999.0} "" -999.0 -999.0 -999.0 -999.0 -999 -999 "" ops_sky_apogee_best_unassigned ops_sky sky_apogee 0 0 0.0 0.0 -999 ""
FIBERMAP 758 R+4C17 BOSS 1 1 0 1 0 0 105.97419695038751 87.30386743668983 143.1 137.26538367303434 -1.133606728080891 106.75186 133.6566 139.8815937992771 12.987003421155006 0.4400371 -0.018682618 0.49579474 139.88159507162186 12.98700336851694 139.9059468682908 12.879120142796658 65.02310786986122 138.93555133730246 5400.0 5400.0 2016.0 1 210 {-999.0 20.645626 20.219543 19.821423 19.485529} sdss_psfmag_from_gaiadr2 20.412926 20.354837 19.228857 -999.0 63050394818040208 1055736594 dark_flexible_2x2 bhm_gua_dark bhm_filler science 0 0 0.0 0.0 -999 ""
FIBERMAP 758 R+4C17 METROLOGY 0 0 0 1 0 0 106.35902092474547 86.67352891763387 143.1 137.15559535662237 -1.863736847610501 106.75186 133.6566 -999.0 -999.0 -999.0 -999.0 -999.0 139.88105556096968 12.983704992984737 139.90541757075044 12.875801124696425 65.02066542235508 138.94101176092798 -999.0 6231.0 -999.0 -1 -999 {-999.0 -999.0 -999.0 -999.0 -999.0} "" -999.0 -999.0 -999.0 -999.0 -999 -999 "" "" "" "" 0 0 0.0 0.0 -999 ""
FIBERMAP 760 R+10C10 APOGEE 0 0 0 1 0 0 17.43416208081661 178.60323218413777 143.1 128.0299203747373 125.67937190857587 274.16782 94.19095 -999.0 -999.0 -999.0 -999.0 -999.0 139.83795145939393 13.563136339279609 139.86342032715555 13.455129481322817 65.51952662160912 138.23013393914727 -999.0 16600.0 -999.0 2 -999 {-999.0 -999.0 -999.0 -999.0 -999.0} "" -999.0 -999.0 -999.0 -999.0 -999 -999 "" "" "" "" 0 0 0.0 0.0 -999 ""
FIBERMAP 760 R+10C10 BOSS 1 1 0 1 0 0 16.679529748027306 178.48961756710543 143.1 127.37866308799062 126.0768024466992 274.16782 94.19095 139.8350088451669 13.564909768730725 -999.0 -999.0 -999.0 139.8350088451669 13.564909768730724 139.86042765222754 13.456983476141003 65.52271849230038 138.23329905908477 5400.0 5400.0 2016.0 1 122 {-999.0 22.15644 21.652695 21.457842 21.31311} sdss_psfmag_from_lsdr10 1e+20 1e+20 1e+20 -999.0 63050397530803632 1059076685 dark_flexible_2x2 bhm_spiders_agn_lsdr10 bhm_spiders science 0 0 0.0 0.0 -999 ""
FIBERMAP 760 R+10C10 METROLOGY 0 0 0 1 0 0 16.96686508608685 179.18486393982886 143.1 128.04523407720524 126.42512600667365 274.16782 94.19095 -999.0 -999.0 -999.0 -999.0 -999.0 139.83808583205922 13.566489381374955 139.86352117366664 13.458536098480186 65.52225490318631 138.22520506163832 -999.0 6231.0 -999.0 -1 -999 {-999.0 -999.0 -999.0 -999.0 -999.0} "" -999.0 -999.0 -999.0 -999.0 -999 -999 "" "" "" "" 0 0 0.0 0.0 -999 ""
FIBERMAP 761 R+4C9 APOGEE 0 0 0 1 0 0 -56.86696673111592 65.52975795641012 143.1 -1.5077382092875073 86.72925849143616 331.76025 95.42247 -999.0 -999.0 -999.0 -999.0 -999.0 139.23299619449486 13.386819995980012 139.25853094885008 13.27986186371239 65.70937023529412 139.64455371717213 -999.0 16600.0 -999.0 2 118 {-999.0 -999.0 -999.0 -999.0 -999.0} "" -999.0 -999.0 -999.0 -999.0 -999 -999 "" ops_sky_apogee_best_unassigned ops_sky sky_apogee 0 0 0.0 0.0 -999 ""
FIBERMAP 761 R+4C9 BOSS 1 1 0 1 0 0 -57.14956274037061 64.83757420299754 143.1 -2.1687109073457975 86.38023916408271 331.76025 95.42247 139.22995207251788 13.385198244670088 1.962651 -1.085121 2.2916636 139.22995775667067 13.385195187353833 139.25543823588544 13.278318960085262 65.70977511667019 139.6527169484595 5400.0 5400.0 2016.0 1 64 {-999.0 20.982763 20.594328 20.362614 20.170227} sdss_psfmag_from_lsdr10 20.580158 20.548357 20.106905 -999.0 63050394818512690 1059076674 dark_flexible_2x2 bhm_spiders_agn_lsdr10 bhm_spiders science 0 0 0.0 0.0 -999 ""
FIBERMAP 761 R+4C9 METROLOGY 0 0 0 1 0 0 -57.636829064956764 65.40115017408029 143.1 -2.1802931287135934 87.12497717836895 331.76025 95.42247 -999.0 -999.0 -999.0 -999.0 -999.0 139.2298823468512 13.388595050032048 139.25538431865976 13.281696562437627 65.71260422636885 139.6482295449118 -999.0 6231.0 -999.0 -1 -999 {-999.0 -999.0 -999.0 -999.0 -999.0} "" -999.0 -999.0 -999.0 -999.0 -999 -999 "" "" "" "" 0 0 0.0 0.0 -999 ""
FIBERMAP 762 R+2C22 APOGEE 0 0 0 1 0 0 210.71213473504875 46.83299895060972 143.1 191.54771119319625 -99.39373369210817 36.39217 123.34547 -999.0 -999.0 -999.0 -999.0 -999.0 140.13158547752764 12.541130975396163 140.15504383306666 12.432847386091654 64.51760039110236 139.05727880041715 -999.0 16600.0 -999.0 2 -999 {-999.0 -999.0 -999.0 -999.0 -999.0} "" -999.0 -999.0 -999.0 -999.0 -999 -999 "" "" "" "" 0 0 0.0 0.0 -999 ""
FIBERMAP 762 R+2C22 BOSS 1 1 0 1 0 0 211.39994782612334 46.5912111172172 143.1 191.91958127297048 -100.02062691070157 36.39217 123.34547 140.1333785166349 12.538197559918064 -999.0 -999.0 -999.0 140.1333785166349 12.538197559918062 140.15677423953227 12.429992012913035 64.51428945872213 139.0577808081552 5400.0 5400.0 2016.0 1 224 {-999.0 21.21414 20.871109 20.830795 20.8435} sdss_psfmag_from_lsdr10 21.517733 20.808073 1e+20 -999.0 63050394818034976 1059071494 dark_flexible_2x2 bhm_spiders_agn_lsdr10 bhm_spiders science 0 0 0.0 0.0 -999 ""
FIBERMAP 762 R+2C22 METROLOGY 0 0 0 1 0 0 210.83872151209715 46.097718209403816 143.1 191.17264624527044 -100.03848943589826 36.39217 123.34547 -999.0 -999.0 -999.0 -999.0 -999.0 140.12991102174016 12.53813532577007 140.15332476917524 12.429912733321963 64.51612466903867 139.0643487634886 -999.0 6231.0 -999.0 -1 -999 {-999.0 -999.0 -999.0 -999.0 -999.0} "" -999.0 -999.0 -999.0 -999.0 -999 -999 "" "" "" "" 0 0 0.0 0.0 -999 ""
FIBERMAP 765 R+2C19 APOGEE 0 0 0 1 0 0 151.59865820388418 36.042925596575856 143.1 139.31847809712144 -69.70988602939158 22.186481 82.27572 -999.0 -999.0 -999.0 -999.0 -999.0 139.89048000342396 12.675342039537808 139.91432457124148 12.56742986049083 64.76111685717669 139.3339583198187 -999.0 16600.0 -999.0 2 72 {-999.0 -999.0 -999.0 -999.0 -999.0} "" -999.0 -999.0 -999.0 -999.0 -999 -999 "" ops_sky_apogee_best_unassigned ops_sky sky_apogee 0 0 0.0 0.0 -999 ""
FIBERMAP 765 R+2C19 BOSS 1 1 0 1 0 0 151.78885085593777 35.321576526781364 143.1 139.00110214524494 -70.38480232529702 22.186481 82.27572 139.88910606605407 12.672169979311668 -999.0 -999.0 -999.0 139.88910606605407 12.672169979311668 139.91289035683803 12.564340439765658 64.7593459581258 139.34074226944082 5400.0 5400.0 2016.0 1 221 {-999.0 21.081226 20.296568 19.860138 19.485518} sdss_psfmag_from_gdr3 21.478924 20.923727 20.02771 -999.0 63050394818039533 1128538019 dark_flexible_3x1 bhm_spiders_agn_gaiadr3_d3 bhm_spiders science 0 0 0.0 0.0 -999 ""
FIBERMAP 765 R+2C19 METROLOGY 0 0 0 1 0 0 151.0650651418064 35.51673433397549 143.1 138.57172639148737 -69.77054842768483 22.186481 82.27572 -999.0 -999.0 -999.0 -999.0 -999.0 139.88709533554055 12.674984797221079 139.9109016518322 12.567135418269915 64.76274867805932 139.3408303738775 -999.0 6231.0 -999.0 -1 -999 {-999.0 -999.0 -999.0 -999.0 -999.0} "" -999.0 -999.0 -999.0 -999.0 -999 -999 "" "" "" "" 0 0 0.0 0.0 -999 ""
FIBERMAP 766 R+7C3 APOGEE 0 0 0 1 0 0 -176.46637595364692 151.49837284077404 143.1 -37.96808977481235 229.39816975254772 151.30252 77.35437 -999.0 -999.0 -999.0 -999.0 -999.0 139.06152688773702 14.031210586926615 139.0883480337809 13.924412111459407 66.33508075351408 139.08720909387867 -999.0 16600.0 -999.0 2 123 {-999.0 -999.0 -999.0 -999.0 -999.0} "" -999.0 -999.0 -999.0 -999.0 -999 -999 "" ops_sky_apogee_best_unassigned ops_sky sky_apogee 0 0 0.0 0.0 -999 ""
FIBERMAP 766 R+7C3 BOSS 1 1 0 1 0 0 -175.97922311769437 152.07166968681548 143.1 -37.22668420435029 229.52474771721788 151.30252 77.35437 139.0650380673065 14.03175231650257 -0.89689434 -0.1978803 0.16872546 139.06503546259628 14.031751758977064 139.09180289031 13.925020964250823 66.3336793205248 139.07946925754638 5400.0 5400.0 2016.0 1 26 {-999.0 18.032866 17.68202 17.54784 17.502647} sdss_psfmag_from_gaia 17.9888 17.6924 17.2292 15.674 63050394818515541 968182378 "" ops_std_boss_gdr2 ops_std standard_boss 0 0 0.0 0.0 -999 ""
FIBERMAP 766 R+7C3 METROLOGY 0 0 0 1 0 0 -175.731226964514 151.36597846042037 143.1 -37.489709552553144 228.82471903989426 151.30252 77.35437 -999.0 -999.0 -999.0 -999.0 -999.0 139.06379544387443 14.028624224425347 139.09057286218524 13.921875267828657 66.33176654055853 139.0863648678261 -999.0 6231.0 -999.0 -1 -999 {-999.0 -999.0 -999.0 -999.0 -999.0} "" -999.0 -999.0 -999.0 -999.0 -999 -999 "" "" "" "" 0 0 0.0 0.0 -999 ""
FIBERMAP 776 R+1C5 APOGEE 0 0 0 1 0 0 -189.90874970375665 32.75205456586192 143.1 -124.50876293836073 147.02731565892478 89.79919 114.305115 -999.0 -999.0 -999.0 -999.0 -999.0 138.65785281898496 13.65781897544225 138.6842468700039 13.551781202997223 66.2457277706035 140.41479719903882 -999.0 16600.0 -999.0 2 110 {-999.0 -999.0 -999.0 -999.0 -999.0} "" -999.0 -999.0 -999.0 -999.0 -999 -999 "" ops_sky_apogee_best_unassigned ops_sky sky_apogee 0 0 0.0 0.0 -999 ""
FIBERMAP 776 R+1C5 BOSS 1 1 0 1 0 0 -189.20795189417555 33.027235884570025 143.1 -123.79503054945523 146.78826541447722 89.79919 114.305115 138.66119384765622 13.656728147383873 -999.0 -999.0 -999.0 138.66119384765622 13.656728147383873 138.68753271811855 13.550759920802067 66.24311485186391 140.4095781850717 5400.0 5400.0 2015.5 1 63 {-999.0 -999.0 -999.0 -999.0 -999.0} "" -999.0 -999.0 -999.0 -999.0 27021603088387949 804881386 "" ops_sky_boss_good ops_sky sky_boss 0 0 0.0 0.0 -999 ""
FIBERMAP 776 R+1C5 METROLOGY 0 0 0 1 0 0 -189.3219139229243 32.28376377100075 143.1 -124.35969934309655 146.2916725757913 89.79919 114.305115 -999.0 -999.0 -999.0 -999.0 -999.0 138.6585567952897 13.654477294868094 138.6849077139251 13.548492762158151 66.2426297954178 140.4179656442057 -999.0 6231.0 -999.0 -1 -999 {-999.0 -999.0 -999.0 -999.0 -999.0} "" -999.0 -999.0 -999.0 -999.0 -999 -999 "" "" "" "" 0 0 0.0 0.0 -999 ""
FIBERMAP 779 R+1C20 APOGEE 0 0 0 1 0 0 142.88678017526885 -2.416764666346772 143.1 107.94971978924777 -93.59017436561057 333.14563 25.450184 -999.0 -999.0 -999.0 -999.0 -999.0 139.74449044348415 12.566699930629717 139.7682297997883 12.459052937891638 64.75095916887976 139.7533075909568 -999.0 16600.0 -999.0 2 85 {-999.0 -999.0 -999.0 -999.0 -999.0} "" -999.0 -999.0 -999.0 -999.0 -999 -999 "" ops_sky_apogee_best_unassigned ops_sky sky_apogee 0 0 0.0 0.0 -999 ""
FIBERMAP 779 R+1C20 BOSS 1 1 0 1 0 0 142.14951672407503 -2.4145595928082675 143.1 107.3861332643969 -93.11513674534737 333.14563 25.450184 139.74197387695312 12.568735214550117 -999.0 -999.0 -999.0 139.74197387695312 12.568735214550118 139.76566344652977 12.461172036107012 64.75411417453948 139.7554251253324 5400.0 5400.0 2015.5 1 233 {-999.0 -999.0 -999.0 -999.0 -999.0} "" -999.0 -999.0 -999.0 -999.0 27021603088163581 804851049 "" ops_sky_boss_good ops_sky sky_boss 0 0 0.0 0.0 -999 ""
FIBERMAP 779 R+1C20 METROLOGY 0 0 0 1 0 0 142.5203297309367 -1.7644923937972514 143.1 108.08767087296003 -92.85503172186586 333.14563 25.450184 -999.0 -999.0 -999.0 -999.0 -999.0 139.74521435055354 12.569951091673634 139.76891974354714 12.46235957978893 64.75333182044453 139.74768170010307 -999.0 6231.0 -999.0 -1 -999 {-999.0 -999.0 -999.0 -999.0 -999.0} "" -999.0 -999.0 -999.0 -999.0 -999 -999 "" "" "" "" 0 0 0.0 0.0 -999 ""
FIBERMAP 781 R+8C12 APOGEE 0 0 0 1 0 0 34.10441850297352 166.28189184896905 143.1 132.8944686128483 105.53404446787025 149.93344 99.106064 -999.0 -999.0 -999.0 -999.0 -999.0 139.86082304560648 13.471778338087477 139.88611293760778 13.363752034358079 65.43208917024775 138.3133048250899 -999.0 16600.0 -999.0 2 -999 {-999.0 -999.0 -999.0 -999.0 -999.0} "" -999.0 -999.0 -999.0 -999.0 -999 -999 "" "" "" "" 0 0 0.0 0.0 -999 ""
FIBERMAP 781 R+8C12 BOSS 1 1 0 1 0 0 34.37304245633589 166.9834121321225 143.1 133.55072818204772 105.89918937654353 149.93344 99.106064 139.86397545845696 13.473381823936485 -0.03746922 -0.08186623 -0.16633281 139.86397534990016 13.473381593279322 139.88921085353542 13.365426139252964 65.43172638652446 138.305058371557 5400.0 5400.0 2016.0 1 139 {-999.0 20.188814 19.830667 19.49359 19.212244} sdss_psfmag_from_gaiadr2 20.354967 19.927494 19.303503 -999.0 63050394818042267 1055736619 dark_flexible_2x2 bhm_gua_dark bhm_filler science 0 0 0.0 0.0 -999 ""
FIBERMAP 781 R+8C12 METROLOGY 0 0 0 1 0 0 34.839406659039355 166.4101665189345 143.1 133.54008381748352 105.16046088705235 149.93344 99.106064 -999.0 -999.0 -999.0 -999.0 -999.0 139.86390909660796 13.470047780541146 139.88915435755428 13.362071469554454 65.42901306898051 138.30980468381492 -999.0 6231.0 -999.0 -1 -999 {-999.0 -999.0 -999.0 -999.0 -999.0} "" -999.0 -999.0 -999.0 -999.0 -999 -999 "" "" "" "" 0 0 0.0 0.0 -999 ""
FIBERMAP 784 R0C21 APOGEE 0 0 0 1 0 0 146.19114187601232 11.39861639511023 143.1 119.35195530336722 -85.12425998885428 150.26355 97.173195 -999.0 -999.0 -999.0 -999.0 -999.0 139.7975716195519 12.605222293790254 139.8213476117757 12.497478997074136 64.75396247260592 139.60214047233077 -999.0 16600.0 -999.0 2 73 {-999.0 -999.0 -999.0 -999.0 -999.0} "" -999.0 -999.0 -999.0 -999.0 -999 -999 "" ops_sky_apogee_best_unassigned ops_sky sky_apogee 0 0 0.0 0.0 -999 ""
FIBERMAP 784 R0C21 BOSS 1 1 0 1 0 0 146.4680790710839 12.083698000677558 143.1 120.00403154989542 -84.77705024873552 150.26355 97.173195 139.80070785070527 12.606692163843219 0.050005056 -0.48974407 0.16173552 139.80070799507453 12.606690783994875 139.8244295367046 12.499021890240895 64.7535628546425 139.59426778451112 5400.0 5400.0 2016.0 1 243 {-999.0 18.103092 17.834198 17.739101 17.722515} sdss_psfmag_from_gaia 18.0701 17.836 17.4163 -999.0 63050394818030394 969129751 "" ops_std_boss_gdr2 ops_std standard_boss 0 0 0.0 0.0 -999 ""
FIBERMAP 784 R0C21 METROLOGY 0 0 0 1 0 0 146.9331023953529 11.50262030764674 143.1 119.98733114553988 -85.52091996822708 150.26355 97.173195 -999.0 -999.0 -999.0 -999.0 -999.0 139.8005977856653 12.60334145329661 139.8243290981619 12.495650794439916 64.75082074500655 139.59887081999375 -999.0 6231.0 -999.0 -1 -999 {-999.0 -999.0 -999.0 -999.0 -999.0} "" -999.0 -999.0 -999.0 -999.0 -999 -999 "" "" "" "" 0 0 0.0 0.0 -999 ""
FIBERMAP 786 R+11C5 APOGEE 0 0 0 1 1 0 -78.94343511201367 203.4601788034835 143.1 70.12988515764597 206.6061432663837 236.43237 144.59471 -999.0 -999.0 -999.0 -999.0 -999.0 139.56672700319808 13.929266713716435 139.59303307986215 13.821638382334118 65.9704820482102 138.23863566239274 -999.0 16600.0 -999.0 2 22 {-999.0 -999.0 -999.0 -999.0 -999.0} "" -999.0 -999.0 -999.0 -999.0 -999 -999 "" ops_sky_apogee_best_unassigned ops_sky sky_apogee 0 0 0.0 0.0 -999 ""
FIBERMAP 786 R+11C5 BOSS 1 0 0 1 1 0 -79.6357297576256 203.19208647424404 143.1 69.4272205411932 206.84516684657018 236.43237 144.59471 139.5326442151589 13.949634817471196 0.17232758 1.2418026 1.4480252 139.56351155321707 13.930314978199814 139.58976754223698 13.822766219867022 65.97323220631571 138.24340015412434 5400.0 5400.0 2016.0 1 144 {-999.0 20.751028 19.633707 19.16025 18.81042} sdss_fiber2mag_from_lsdr10 19.348642 20.251045 17.878386 15.767 63050394818514228 1059079302 dark_flexible_2x2 bhm_spiders_agn_lsdr10 bhm_spiders science 0 0 0.0 0.0 -999 ""
FIBERMAP 786 R+11C5 METROLOGY 0 0 0 1 1 0 -79.53200544662151 203.9337108853881 143.1 69.98285736747718 207.34691665421641 236.43237 144.59471 -999.0 -999.0 -999.0 -999.0 -999.0 139.5660785200059 13.932575710477833 139.5923522586853 13.825001108694638 65.9736103754364 138.235198667492 -999.0 6231.0 -999.0 -1 -999 {-999.0 -999.0 -999.0 -999.0 -999.0} "" -999.0 -999.0 -999.0 -999.0 -999 -999 "" "" "" "" 0 0 0.0 0.0 -999 ""
FIBERMAP 787 R+9C16 APOGEE 0 0 0 1 0 0 129.19851462375595 182.24335855483224 143.1 216.01767679641992 56.712537413736285 188.2236 76.82134 -999.0 -999.0 -999.0 -999.0 -999.0 140.2464959389535 13.248827600850086 140.27114109988395 13.140208342516134 65.03328372188656 137.89043082679208 -999.0 16600.0 -999.0 2 88 {-999.0 -999.0 -999.0 -999.0 -999.0} "" -999.0 -999.0 -999.0 -999.0 -999 -999 "" ops_sky_apogee_best_unassigned ops_sky sky_apogee 0 0 0.0 0.0 -999 ""
FIBERMAP 787 R+9C16 BOSS 1 1 0 1 0 0 129.24202444882897 182.98937148484524 143.1 216.52998579362793 57.25631007644345 188.2236 76.82134 140.24895269121217 13.251212316771685 -999.0 -999.0 -999.0 140.24895269121217 13.251212316771685 140.27354390708734 13.142666060491356 65.03393248716449 137.88253933747004 5400.0 5400.0 2016.0 1 227 {-999.0 20.908653 20.701439 20.522263 20.384785} sdss_psfmag_from_gaiadr2 20.73465 20.711847 20.037786 -999.0 63050394818040921 1055736601 dark_flexible_2x2 bhm_gua_dark bhm_filler science 0 0 0.0 0.0 -999 ""
FIBERMAP 787 R+9C16 METROLOGY 0 0 0 1 0 0 129.86597408823923 182.59013333697598 143.1 216.7518257208368 56.54975719087961 188.2236 76.82134 -999.0 -999.0 -999.0 -999.0 -999.0 140.24995310714078 13.248026222554882 140.27455410799678 13.13945700639567 65.03074662291904 137.88504195976972 -999.0 6231.0 -999.0 -1 -999 {-999.0 -999.0 -999.0 -999.0 -999.0} "" -999.0 -999.0 -999.0 -999.0 -999 -999 "" "" "" "" 0 0 0.0 0.0 -999 ""
FIBERMAP 789 R+2C9 APOGEE 0 0 0 1 0 0 -103.32903839124474 43.84702498820751 143.1 -51.03501144568081 99.94288590736812 169.87148 105.23529 -999.0 -999.0 -999.0 -999.0 -999.0 139.00114469347332 13.446269463019043 139.02693383308338 13.339690906612114 65.88466171603936 140.0196456302894 -999.0 16600.0 -999.0 2 109 {-999.0 -999.0 -999.0 -999.0 -999.0} "" -999.0 -999.0 -999.0 -999.0 -999 -999 "" ops_sky_apogee_best_unassigned ops_sky sky_apogee 0 0 0.0 0.0 -999 ""
FIBERMAP 789 R+2C9 BOSS 1 1 0 1 0 0 -103.4227706428038 44.592877103455876 143.1 -50.62798123865164 100.57464932679802 169.87148 105.23529 139.0031166003593 13.449256015656223 -15.418221 -49.65293 7.6299105 139.00307193482624 13.44911611908277 139.02881219832338 13.34260986906905 65.88607426386211 140.0119577956389 5400.0 5400.0 2016.0 1 53 {-999.0 19.308723 17.803722 16.111864 -999.0} sdss_psfmag 18.661453 16.884773 15.605434 13.181 63050394818513113 1077831985 bright_flexible_2x1 mwm_snc_ext_main_boss mwm_snc science 0 0 0.0 0.0 -999 ""
FIBERMAP 789 R+2C9 METROLOGY 0 0 0 1 0 0 -102.73448478029346 44.30257808699112 143.1 -50.286894650074466 99.910276001034 169.87148 105.23529 -999.0 -999.0 -999.0 -999.0 -999.0 139.00466170292228 13.446116886052495 139.0304109424858 13.33958690980934 65.88269645741353 140.0129006124884 -999.0 6231.0 -999.0 -1 -999 {-999.0 -999.0 -999.0 -999.0 -999.0} "" -999.0 -999.0 -999.0 -999.0 -999 -999 "" "" "" "" 0 0 0.0 0.0 -999 ""
FIBERMAP 790 R+6C16 APOGEE 0 0 0 1 0 0 110.06044960932199 96.62338171227886 143.1 146.3803251151314 3.384897526765056 313.47858 59.05466 -999.0 -999.0 -999.0 -999.0 -999.0 139.92387566439731 13.007593508092592 139.9482933732628 12.899557435397536 65.01652193087818 138.8275999950735 -999.0 16600.0 -999.0 2 -999 {-999.0 -999.0 -999.0 -999.0 -999.0} "" -999.0 -999.0 -999.0 -999.0 -999 -999 "" "" "" "" 0 0 0.0 0.0 -999 ""
FIBERMAP 790 R+6C16 BOSS 1 1 0 1 0 0 109.31053478745108 96.44917479258518 143.1 145.69378081335364 3.732864320478021 313.47858 59.05466 139.92080281093567 13.009127621568606 -0.98218584 -9.044053 0.19294655 139.9207999707427 13.009102140051805 139.94516676747162 12.901149205418108 65.01956283402583 138.83139929899298 5400.0 5400.0 2016.0 1 215 {-999.0 17.939598 17.567842 17.460543 -999.0} sdss_psfmag 17.876059 17.589657 17.162975 -999.0 63050394818040193 976112129 "" ops_std_boss ops_std standard_boss 0 0 0.0 0.0 -999 ""
FIBERMAP 790 R+6C16 METROLOGY 0 0 0 1 0 0 109.55040616768636 97.16791607130159 143.1 146.33906228649994 4.129666660984697 313.47858 59.05466 -999.0 -999.0 -999.0 -999.0 -999.0 139.92377418225686 13.010925393733583 139.94815817347518 12.902944940821296 65.01938494167663 138.82330146960925 -999.0 6231.0 -999.0 -1 -999 {-999.0 -999.0 -999.0 -999.0 -999.0} "" -999.0 -999.0 -999.0 -999.0 -999 -999 "" "" "" "" 0 0 0.0 0.0 -999 ""
FIBERMAP 791 R+7C20 APOGEE 0 0 0 1 0 0 223.5947266616102 149.79035771359895 143.1 267.5223558728998 -28.763358870597717 87.34034 76.5359 -999.0 -999.0 -999.0 -999.0 -999.0 140.48209408744663 12.861003344049848 140.50590281977384 12.752076742609523 64.5843142385292 137.9789399395929 -999.0 16600.0 -999.0 2 76 {-999.0 -999.0 -999.0 -999.0 -999.0} "" -999.0 -999.0 -999.0 -999.0 -999 -999 "" ops_sky_apogee_best_unassigned ops_sky sky_apogee 0 0 0.0 0.0 -999 ""
FIBERMAP 791 R+7C20 BOSS 1 1 0 1 0 0 224.32519518834218 149.65333777159506 143.1 267.99417945511857 -29.33734937180045 87.34034 76.5359 140.48429470078483 12.858326326314367 0.42224246 -0.26856092 -0.4363074 140.48429592104833 12.858325569647036 140.50804103210365 12.749475198493974 64.58098605011605 137.9784698576266 5400.0 5400.0 2016.0 1 250 {-999.0 19.21686 19.006662 19.007149 19.061506} sdss_psfmag 19.64823 19.594675 19.194107 -999.0 63050394818035849 1128935809 dark_1x4 bhm_aqmes_wide1 bhm_aqmes science 0 0 0.0 0.0 -999 ""
FIBERMAP 791 R+7C20 METROLOGY 0 0 0 1 0 0 223.84587141923222 149.08455363254146 143.1 267.26167100299864 -29.465495543372384 87.34034 76.5359 -999.0 -999.0 -999.0 -999.0 -999.0 140.48093148808778 12.857773130609166 140.50469407883196 12.748905920725242 64.5824050219777 137.9854466160074 -999.0 6231.0 -999.0 -1 -999 {-999.0 -999.0 -999.0 -999.0 -999.0} "" -999.0 -999.0 -999.0 -999.0 -999 -999 "" "" "" "" 0 0 0.0 0.0 -999 ""
FIBERMAP 792 R-7C14 APOGEE 0 0 0 1 0 0 74.5465081129648 -145.43734630847268 143.1 -36.246876131135835 -159.3173393305315 222.31978 140.8282 -999.0 -999.0 -999.0 -999.0 -999.0 139.07350144886314 12.267537787722691 139.097104260042 12.161077725883711 64.85968604420516 141.42584938359337 -999.0 16600.0 -999.0 2 184 {-999.0 -999.0 -999.0 -999.0 -999.0} "" -999.0 -999.0 -999.0 -999.0 -999 -999 "" ops_sky_apogee_best_unassigned ops_sky sky_apogee 0 0 0.0 0.0 -999 ""
FIBERMAP 792 R-7C14 BOSS 1 1 0 1 0 0 73.80849118679592 -145.5022642441713 143.1 -36.854135295852046 -158.8932577096144 222.31978 140.8282 139.0707103161365 12.269316298711818 0.15247473 -0.049573738 0.0634105 139.07071075577386 12.269316159038377 139.09426576609704 12.162941347365592 64.86274712450327 141.42900928295919 5400.0 5400.0 2016.0 1 326 {-999.0 18.956093 18.498735 18.177504 18.157795} sdss_psfmag 18.851591 18.659035 18.028292 -999.0 63050394818029742 1060286201 dark_flexible_2x2 bhm_aqmes_bonus_core bhm_filler science 0 0 0.0 0.0 -999 ""
FIBERMAP 792 R-7C14 METROLOGY 0 0 0 1 0 0 74.1321203479834 -144.8200328797319 143.1 -36.16810658513666 -158.57821005516885 222.31978 140.8282 -999.0 -999.0 -999.0 -999.0 -999.0 139.0738830010727 12.270777674410496 139.09745375072202 12.164374273551195 64.86228500098417 141.42100836083844 -999.0 6231.0 -999.0 -1 -999 {-999.0 -999.0 -999.0 -999.0 -999.0} "" -999.0 -999.0 -999.0 -999.0 -999 -999 "" "" "" "" 0 0 0.0 0.0 -999 ""
FIBERMAP 793 R+7C1 APOGEE 0 0 0 1 0 0 -196.75147468744365 127.7199934638968 143.1 -68.78010024651776 224.19930642486554 10.1685 75.52286 -999.0 -999.0 -999.0 -999.0 -999.0 138.91771160380964 14.007165005436413 138.94458199293922 13.900615068946719 66.39437070866683 139.40784967734203 -999.0 16600.0 -999.0 2 97 {-999.0 -999.0 -999.0 -999.0 -999.0} "" -999.0 -999.0 -999.0 -999.0 -999 -999 "" ops_sky_apogee_best_unassigned ops_sky sky_apogee 0 0 0.0 0.0 -999 ""
FIBERMAP 793 R+7C1 BOSS 1 1 0 1 0 0 -196.8022587688775 126.98126366583833 143.1 -69.29330786015412 223.66578550993125 10.1685 75.52286 138.9153851685 14.00474904354122 -9.117301 -11.690939 0.31907907 138.91535869366504 14.004716104452132 138.94217418128457 13.898244409920434 66.39372967601761 139.41600754926768 5400.0 5400.0 2016.0 1 82 {-999.0 17.444424 17.144865 17.022596 -999.0} sdss_psfmag 17.40636 17.126328 16.696701 16.01 63050394818515233 976112087 "" ops_std_boss ops_std standard_boss 0 0 0.0 0.0 -999 ""
FIBERMAP 793 R+7C1 METROLOGY 0 0 0 1 0 0 -197.42785532567945 127.39196208112217 143.1 -69.50905202895827 224.38217835377375 10.1685 75.52286 -999.0 -999.0 -999.0 -999.0 -999.0 138.9143406044028 14.007935055655777 138.94117745456816 13.901443529398929 66.39691769013595 139.4135012303788 -999.0 6231.0 -999.0 -1 -999 {-999.0 -999.0 -999.0 -999.0 -999.0} "" -999.0 -999.0 -999.0 -999.0 -999 -999 "" "" "" "" 0 0 0.0 0.0 -999 ""
FIBERMAP 795 R+5C3 APOGEE 0 0 0 1 0 0 -190.11753561759446 109.58549508675186 143.1 -75.33913101884788 206.04271304902525 86.4542 120.016754 -999.0 -999.0 -999.0 -999.0 -999.0 138.88709330680234 13.925481466182491 138.91383333614158 13.818999864487017 66.34368678866208 139.58396122917287 -999.0 16600.0 -999.0 2 130 {-999.0 -999.0 -999.0 -999.0 -999.0} "" -999.0 -999.0 -999.0 -999.0 -999 -999 "" ops_sky_apogee_best_unassigned ops_sky sky_apogee 0 0 0.0 0.0 -999 ""
FIBERMAP 795 R+5C3 BOSS 1 1 0 1 0 0 -189.47183153693203 109.92497625553284 143.1 -74.6263370883095 205.88831104457546 86.4542 120.016754 138.8904566205369 13.924773136239857 -999.0 -999.0 -999.0 138.8904566205369 13.924773136239855 138.91714135757462 13.818360027812146 66.34135373712982 139.57823189314772 5400.0 5400.0 2016.0 1 28 {-999.0 20.844954 20.962889 20.806257 20.624676} sdss_psfmag_from_lsdr10 21.06939 20.898294 20.545847 -999.0 63050394818515162 1059079296 dark_flexible_2x2 bhm_spiders_agn_lsdr10 bhm_spiders science 0 0 0.0 0.0 -999 ""
FIBERMAP 795 R+5C3 METROLOGY 0 0 0 1 0 0 -189.4921291591982 109.17997156248266 143.1 -75.1202100791852 205.33040803531478 86.4542 120.016754 -999.0 -999.0 -999.0 -999.0 -999.0 138.88813986686245 13.922264747897954 138.91483622749917 13.815835093781798 66.3405210740779 139.58638051096227 -999.0 6231.0 -999.0 -1 -999 {-999.0 -999.0 -999.0 -999.0 -999.0} "" -999.0 -999.0 -999.0 -999.0 -999 -999 "" "" "" "" 0 0 0.0 0.0 -999 ""
FIBERMAP 796 R-1C17 APOGEE 0 0 0 1 0 0 71.40075933391388 -32.02970612538088 143.1 34.15387045818372 -70.38765543870278 248.64517 108.44388 -999.0 -999.0 -999.0 -999.0 -999.0 139.40075598748737 12.67164026560322 139.4248923962994 12.564546150313411 65.0243455592727 140.27350184030252 -999.0 16600.0 -999.0 2 -999 {-999.0 -999.0 -999.0 -999.0 -999.0} "" -999.0 -999.0 -999.0 -999.0 -999 -999 "" "" "" "" 0 0 0.0 0.0 -999 ""
FIBERMAP 796 R-1C17 BOSS 1 1 0 1 0 0 70.65930112249788 -32.00966355333204 143.1 33.598521546336656 -69.89625486536778 248.64517 108.44388 139.39788185880306 12.673763161520514 -0.6827269 -2.4632995 0.020055886 139.39823476239695 12.673756221202119 139.42232277579146 12.566745322030373 65.02756227170228 140.27559258010763 5400.0 5400.0 2016.0 1 280 {-999.0 16.607256 15.736006 15.514686 -999.0} sdss_psfmag 16.326921 15.748693 15.026231 13.489 63050394818030709 1061215367 dark_flexible_2x1 manual_mwm_halo_distant_kgiant_near_boss mwm_halo science 0 0 1.246423363685608 0.0 -999 ""
FIBERMAP 796 R-1C17 METROLOGY 0 0 0 1 0 0 71.04439046427927 -31.37421912378044 143.1 34.30161152569598 -69.65652189325212 248.64517 108.44388 -999.0 -999.0 -999.0 -999.0 -999.0 139.40149653714676 12.674881271088166 139.425599869133 12.567842159042506 65.02671661962555 140.2678380028089 -999.0 6231.0 -999.0 -1 -999 {-999.0 -999.0 -999.0 -999.0 -999.0} "" -999.0 -999.0 -999.0 -999.0 -999 -999 "" "" "" "" 0 0 0.0 0.0 -999 ""
FIBERMAP 800 R+11C7 APOGEE 0 0 0 1 0 0 -18.53479077946087 223.97792228837238 143.1 129.5971599553504 183.54556002841358 75.306786 70.77166 -999.0 -999.0 -999.0 -999.0 -999.0 139.84431078558538 13.824394981960213 139.8702461986207 13.716324525386625 65.72876014665539 137.8509702843142 -999.0 16600.0 -999.0 2 16 {-999.0 -999.0 -999.0 -999.0 -999.0} "" -999.0 -999.0 -999.0 -999.0 -999 -999 "" ops_sky_apogee_best_unassigned ops_sky sky_apogee 0 0 0.0 0.0 -999 ""
FIBERMAP 800 R+11C7 BOSS 1 1 0 1 0 0 -17.918954146551318 223.55670464933135 143.1 129.7986709080498 182.8273719687256 75.306786 70.77166 139.84534255061286 13.82111138695397 -0.48695582 0.74676114 -1.4275593 139.84534113771167 13.821113490944999 139.87121481309902 13.713116982673707 65.72560252773832 137.85363881326614 5400.0 5400.0 2016.0 1 112 {-999.0 20.307693 20.414696 20.231949 20.02742} sdss_psfmag_from_lsdr10 20.508965 20.342077 19.870964 -999.0 63050394818513809 1059077922 dark_flexible_2x2 bhm_spiders_agn_lsdr10 bhm_spiders science 0 0 0.0 0.0 -999 ""
FIBERMAP 800 R+11C7 METROLOGY 0 0 0 1 0 0 -18.587007231057708 223.22995966627334 143.1 129.07692686262462 183.00588316312977 75.306786 70.77166 -999.0 -999.0 -999.0 -999.0 -999.0 139.8419595472286 13.821950857301003 139.86785262141746 13.713938549101824 65.72816840342847 137.8589464623761 -999.0 6231.0 -999.0 -1 -999 {-999.0 -999.0 -999.0 -999.0 -999.0} "" -999.0 -999.0 -999.0 -999.0 -999 -999 "" "" "" "" 0 0 0.0 0.0 -999 ""
FIBERMAP 804 R-6C16 APOGEE 0 0 0 1 0 0 116.48397336673716 -108.72679146196482 143.1 19.461326058913755 -158.1094386562847 18.69325 150.13258 -999.0 -999.0 -999.0 -999.0 -999.0 139.33259443323527 12.273408280125969 139.3560546034991 12.166510737217243 64.72773710324896 140.9184358007713 -999.0 16600.0 -999.0 2 -999 {-999.0 -999.0 -999.0 -999.0 -999.0} "" -999.0 -999.0 -999.0 -999.0 -999 -999 "" "" "" "" 0 0 0.0 0.0 -999 ""
FIBERMAP 804 R-6C16 BOSS 1 1 0 1 0 0 117.23241708287229 -108.8766477022867 143.1 19.93868360526105 -158.70480693382427 18.69325 150.13258 139.3348778855207 12.270582486444997 -999.0 -999.0 -999.0 139.3348778855207 12.270582486444999 139.35827803863577 12.16376273836554 64.72424954911118 140.91764886392642 5400.0 5400.0 2016.0 1 305 {-999.0 21.891043 21.161947 20.681398 20.308477} sdss_fiber2mag_from_lsdr10 1e+20 1e+20 1e+20 -999.0 63050398245730433 1059070158 dark_flexible_2x2 bhm_spiders_agn_lsdr10 bhm_spiders science 0 0 0.0 0.0 -999 ""
FIBERMAP 804 R-6C16 METROLOGY 0 0 0 1 0 0 116.7362910039815 -109.42892947578207 143.1 19.203893763581416 -158.80951886428437 18.69325 150.13258 -999.0 -999.0 -999.0 -999.0 -999.0 139.33144396511864 12.270135479717243 139.35486059030495 12.163298623327064 64.72567115672797 140.92481258269356 -999.0 6231.0 -999.0 -1 -999 {-999.0 -999.0 -999.0 -999.0 -999.0} "" -999.0 -999.0 -999.0 -999.0 -999 -999 "" "" "" "" 0 0 0.0 0.0 -999 ""
FIBERMAP 805 R0C18 APOGEE 0 0 0 1 0 0 69.58898408672295 -4.667511874671755 143.1 50.33285812115299 -48.25540243866357 247.54967 49.030815 -999.0 -999.0 -999.0 -999.0 -999.0 139.4762063340849 12.772469309695696 139.5004784442276 12.66522798526658 65.06753662882323 139.99594502826696 -999.0 16600.0 -999.0 2 -999 {-999.0 -999.0 -999.0 -999.0 -999.0} "" -999.0 -999.0 -999.0 -999.0 -999 -999 "" "" "" "" 0 0 0.0 0.0 -999 ""
FIBERMAP 805 R0C18 BOSS 1 1 0 1 0 0 69.24102779156824 -3.998498912694015 143.1 50.49573028813651 -47.51930441976151 247.54967 49.030815 139.47705841608652 12.775720266024715 -3.9741135 -1.2117474 0.16808976 139.47704693482734 12.775716851939913 139.5012703691929 12.668552500948524 65.06987604230875 139.9900491773705 5400.0 5400.0 2016.0 1 241 {-999.0 17.659534 17.310429 17.184769 -999.0} sdss_psfmag 17.618992 17.313324 16.860659 15.716 63050394818030872 976570450 "" ops_std_boss ops_std standard_boss 0 0 0.0 0.0 -999 ""
FIBERMAP 805 R0C18 METROLOGY 0 0 0 1 0 0 69.98676512893655 -4.036296996070771 143.1 51.042958879213536 -48.027059280862126 247.54967 49.030815 -999.0 -999.0 -999.0 -999.0 -999.0 139.4795817894163 12.773435415804263 139.50381492283867 12.666244892405778 65.0665794743696 139.98818011465008 -999.0 6231.0 -999.0 -1 -999 {-999.0 -999.0 -999.0 -999.0 -999.0} "" -999.0 -999.0 -999.0 -999.0 -999 -999 "" "" "" "" 0 0 0.0 0.0 -999 ""
FIBERMAP 806 R+4C22 APOGEE 0 0 0 1 0 0 236.0660091569801 86.43203899000802 143.1 236.40157330123967 -85.32502156345635 52.103134 100.490715 -999.0 -999.0 -999.0 -999.0 -999.0 140.33819166985123 12.60519945491736 140.36163717455457 12.496562150561106 64.45570662140207 138.58762364374965 -999.0 16600.0 -999.0 2 -999 {-999.0 -999.0 -999.0 -999.0 -999.0} "" -999.0 -999.0 -999.0 -999.0 -999 -999 "" "" "" "" 0 0 0.0 0.0 -999 ""
FIBERMAP 806 R+4C22 BOSS 1 1 0 1 0 0 236.7253544695926 86.11969730781696 143.1 236.70632915567154 -85.98770649867974 52.103134 100.490715 140.33964299117667 12.602119565678825 -0.05676555 0.16184495 0.08323183 140.33964282729218 12.602120021675143 140.36302494148208 12.493561223903503 64.45246838413104 138.58900589995878 5400.0 5400.0 2016.0 1 236 {-999.0 18.534674 18.1127 17.889679 17.977089} sdss_psfmag 18.250774 18.104568 17.576416 -999.0 63050394818034857 1128935807 dark_1x4 bhm_aqmes_wide1 bhm_aqmes science 0 0 0.0 0.0 -999 ""
FIBERMAP 806 R+4C22 METROLOGY 0 0 0 1 0 0 236.11153294675793 85.68733128555206 143.1 235.95833326267535 -85.92495652036958 52.103134 100.490715 -999.0 -999.0 -999.0 -999.0 -999.0 140.33619707786573 12.602421168088963 140.3595980695469 12.493845226872441 64.45460777155449 138.59500726686824 -999.0 6231.0 -999.0 -1 -999 {-999.0 -999.0 -999.0 -999.0 -999.0} "" -999.0 -999.0 -999.0 -999.0 -999 -999 "" "" "" "" 0 0 0.0 0.0 -999 ""
FIBERMAP 808 R-9C5 APOGEE 0 0 0 1 0 0 -107.82560499923179 -163.92661487325475 143.1 -187.8785743837656 -56.39761256333002 120.835205 119.08094 -999.0 -999.0 -999.0 -999.0 -999.0 138.36688718649415 12.733005021754714 138.39175876725875 12.627651689512541 65.62130849319273 142.22577886898063 -999.0 16600.0 -999.0 2 287 {-999.0 -999.0 -999.0 -999.0 -999.0} "" -999.0 -999.0 -999.0 -999.0 -999 -999 "" "" "" "" 0 0 0.0 0.0 -999 ""
FIBERMAP 808 R-9C5 BOSS 1 1 0 1 0 0 -107.44673594639544 -163.27264020996822 143.1 -187.16835429731324 -56.1396853030235 120.835205 119.08094 138.37029714628727 12.734089065742566 -47.315563 0.7004301 3.1485887 138.37016047356346 12.734091039161353 138.39498167459823 12.628810533189698 65.62063245744702 142.21782571880556 5400.0 5400.0 2016.0 1 412 {-999.0 18.741455 18.089735 17.858715 -999.0} sdss_psfmag_gaia 16.75053 18.132505 15.694279 -999.0 63050394818498437 1092350799 dark_flexible_2x1 mwm_cb_galex_vol_boss mwm_cb science 0 0 0.0 0.0 -999 ""
FIBERMAP 808 R-9C5 METROLOGY 0 0 0 1 0 0 -107.07530059256257 -163.9354478854486 143.1 -187.30924927343176 -56.88610223706152 120.835205 119.08094 -999.0 -999.0 -999.0 -999.0 -999.0 138.36952991721668 12.730728197482174 138.39435983559753 12.625427153597743 65.61807932662742 142.22340118795188 -999.0 6231.0 -999.0 -1 -999 {-999.0 -999.0 -999.0 -999.0 -999.0} "" -999.0 -999.0 -999.0 -999.0 -999 -999 "" "" "" "" 0 0 0.0 0.0 -999 ""
FIBERMAP 809 R+9C1 APOGEE 0 0 0 1 0 0 -200.5872476678887 193.57966237675066 143.1 -29.435539788205784 277.13359468353315 186.7546 27.247572 -999.0 -999.0 -999.0 -999.0 -999.0 139.10122574983862 14.244365188708477 139.12841200326744 14.137456925848856 66.48800612386084 138.70401784233803 -999.0 16600.0 -999.0 2 120 {-999.0 -999.0 -999.0 -999.0 -999.0} "" -999.0 -999.0 -999.0 -999.0 -999 -999 "" ops_sky_apogee_best_unassigned ops_sky sky_apogee 0 0 0.0 0.0 -999 ""
FIBERMAP 809 R+9C1 BOSS 1 1 0 1 0 0 -199.98105967184023 194.0212704086935 143.1 -28.687460173801494 277.0828283036413 186.7546 27.247572 139.10476684570312 14.244074827746786 -999.0 -999.0 -999.0 139.10476684570312 14.244074827746788 139.1318977017892 14.137233525029522 66.4858884115887 138.6973904957159 5400.0 5400.0 2015.5 1 78 {-999.0 -999.0 -999.0 -999.0 -999.0} "" -999.0 -999.0 -999.0 -999.0 27021603088395705 804882462 "" ops_sky_boss_good ops_sky sky_boss 0 0 0.0 0.0 -999 ""
FIBERMAP 809 R+9C1 METROLOGY 0 0 0 1 0 0 -199.89829422356652 193.27120502816587 143.1 -29.105599853661687 276.4548771000325 186.7546 27.247572 -999.0 -999.0 -999.0 -999.0 -999.0 139.10280390280843 14.241298169797458 139.1299458951052 14.134440091861558 66.4846808976877 138.70528763029722 -999.0 6231.0 -999.0 -1 -999 {-999.0 -999.0 -999.0 -999.0 -999.0} "" -999.0 -999.0 -999.0 -999.0 -999 -999 "" "" "" "" 0 0 0.0 0.0 -999 ""
FIBERMAP 816 R+4C16 APOGEE 0 0 0 1 0 0 81.80673876701334 86.33117327618396 143.1 118.12013651807148 13.63728392987134 121.116005 128.10864 -999.0 -999.0 -999.0 -999.0 -999.0 139.79239295881308 13.054344519103884 139.81697645679463 12.946517377069227 65.12776501278228 139.01459868775828 -999.0 16600.0 -999.0 2 -999 {-999.0 -999.0 -999.0 -999.0 -999.0} "" -999.0 -999.0 -999.0 -999.0 -999 -999 "" "" "" "" 0 0 0.0 0.0 -999 ""
FIBERMAP 816 R+4C16 BOSS 1 1 0 1 0 0 82.0559331153877 87.01489726400533 143.1 118.75008038267066 14.001265093091437 121.116005 128.10864 139.7954374457613 13.055926727480957 -999.0 -999.0 -999.0 139.7954374457613 13.055926727480957 139.81996681178998 12.948172272866346 65.12748001890948 139.00665920238308 5400.0 5400.0 2016.0 1 211 {-999.0 21.108433 19.991041 19.52033 19.173742} sdss_fiber2mag_from_lsdr10 20.243078 21.45169 18.295004 15.589 63050394818040292 1059074173 dark_flexible_2x2 bhm_spiders_agn_lsdr10 bhm_spiders science 0 0 0.0 0.0 -999 ""
FIBERMAP 816 R+4C16 METROLOGY 0 0 0 1 0 0 82.54241006858835 86.45547016492517 143.1 118.76372138324004 13.260213371966202 121.116005 128.10864 -999.0 -999.0 -999.0 -999.0 -999.0 139.79547505454062 13.052575553778198 139.82001404009674 12.94479960682026 65.12467346211473 139.0111071040844 -999.0 6231.0 -999.0 -1 -999 {-999.0 -999.0 -999.0 -999.0 -999.0} "" -999.0 -999.0 -999.0 -999.0 -999 -999 "" "" "" "" 0 0 0.0 0.0 -999 ""
FIBERMAP 818 R+7C11 APOGEE 1 1 0 1 0 0 17.056222227792258 125.07873576000854 143.1 93.37577148747884 84.90349432544758 292.53867 124.455086 139.67672336902206 13.378596825477134 1.0813688 -4.219277 0.4198636 139.67672650075397 13.378584937712377 139.7019657605193 13.270884324905673 65.45840681653917 138.79483827561228 16000.0 16600.0 2016.0 2 19 {-999.0 13.769136 12.951814 12.653214 -999.0} sdss_psfmag_from_g3xp 13.52906 12.98993 12.302713 10.877 63050394818041917 1108390571 bright_flexible_2x1 mwm_tess_rgb_apogee mwm_tessrgb science 0 0 0.0 0.0 -999 ""
FIBERMAP 818 R+7C11 BOSS 0 0 0 1 0 0 16.668618984649118 124.43108681656074 143.1 92.66291927285016 84.65602242596312 292.53867 124.455086 -999.0 -999.0 -999.0 -999.0 -999.0 139.67349662916286 13.377425939797314 139.69868141390242 13.269807650091114 65.45934071013636 138.8026421340648 -999.0 5400.0 -999.0 1 135 {-999.0 -999.0 -999.0 -999.0 -999.0} "" -999.0 -999.0 -999.0 -999.0 -999 -999 "" "" "" "" 0 0 0.0 0.0 -999 ""
FIBERMAP 818 R+7C11 METROLOGY 0 0 0 1 0 0 16.307064343508447 125.07031329931377 143.1 92.79624642526962 85.37802415227114 292.53867 124.455086 -999.0 -999.0 -999.0 -999.0 -999.0 139.67409055097224 13.380720255211303 139.6992963510616 13.273078557384379 65.46168971589493 138.79697528761162 -999.0 6231.0 -999.0 -1 -999 {-999.0 -999.0 -999.0 -999.0 -999.0} "" -999.0 -999.0 -999.0 -999.0 -999 -999 "" "" "" "" 0 0 0.0 0.0 -999 ""
FIBERMAP 819 R+10C16 APOGEE 0 0 0 1 0 0 144.04935969713944 196.14831700751472 143.1 236.3260779397188 57.833871485860826 166.98042 120.249146 -999.0 -999.0 -999.0 -999.0 -999.0 140.339999932588 13.25342746247878 140.3645938125764 13.144653271216747 64.98411853744979 137.70885983515538 -999.0 16600.0 -999.0 2 -999 {-999.0 -999.0 -999.0 -999.0 -999.0} "" -999.0 -999.0 -999.0 -999.0 -999 -999 "" "" "" "" 0 0 0.0 0.0 -999 ""
FIBERMAP 819 R+10C16 BOSS 1 1 0 1 0 0 143.8294224890564 196.86814677538683 143.1 236.619683691965 58.52672046235929 166.98042 120.249146 140.34143116609619 13.256484423126139 -999.0 -999.0 -999.0 140.34143116609619 13.25648442312614 140.36597261496206 13.147784823001679 64.98588685404067 137.70197215860458 5400.0 5400.0 2016.0 1 177 {-999.0 21.333399 21.14951 20.734724 20.374426} sdss_psfmag_from_lsdr10 1e+20 1e+20 1e+20 -999.0 63050398252871505 1059075448 dark_flexible_2x2 bhm_spiders_agn_lsdr10 bhm_spiders science 0 0 0.0 0.0 -999 ""
FIBERMAP 819 R+10C16 METROLOGY 0 0 0 1 0 0 144.54803554778073 196.7032804085593 143.1 237.06454349485236 57.93900144445564 166.98042 120.249146 -999.0 -999.0 -999.0 -999.0 -999.0 140.34345485454023 13.253833760500516 140.36800648696988 13.145109400699198 64.98255863738675 137.70183743365416 -999.0 6231.0 -999.0 -1 -999 {-999.0 -999.0 -999.0 -999.0 -999.0} "" -999.0 -999.0 -999.0 -999.0 -999 -999 "" "" "" "" 0 0 0.0 0.0 -999 ""
FIBERMAP 820 R+4C5 APOGEE 0 0 0 1 0 0 -169.75398544194513 87.57928038513705 143.1 -73.86223788621308 176.10415880406987 165.13794 91.509224 -999.0 -999.0 -999.0 -999.0 -999.0 138.8940168511248 13.790705175538621 138.92050484019524 13.684238849476701 66.2284309257588 139.75834750994065 -999.0 16600.0 -999.0 2 127 {-999.0 -999.0 -999.0 -999.0 -999.0} "" -999.0 -999.0 -999.0 -999.0 -999 -999 "" ops_sky_apogee_best_unassigned ops_sky sky_apogee 0 0 0.0 0.0 -999 ""
FIBERMAP 820 R+4C5 BOSS 1 1 0 1 0 0 -169.6068233378647 88.303573923242 143.1 -73.28443948241312 176.56473857351074 165.13794 91.509224 138.8967486080464 13.792777052385713 -1.1893632 -1.9170574 0.04330897 138.8967451575312 13.79277165109826 138.92318333368752 13.686374877540427 66.22874667440564 139.7500316825118 5400.0 5400.0 2016.0 1 41 {-999.0 18.0913 17.761242 17.637331 17.599989} sdss_psfmag_from_gaia 18.0432 17.7699 17.3104 15.917 63050394818514607 968182347 "" ops_std_boss_gdr2 ops_std standard_boss 0 0 0.0 0.0 -999 ""
FIBERMAP 820 R+4C5 METROLOGY 0 0 0 1 0 0 -169.04401454227272 87.81599847578885 143.1 -73.16617037173486 175.82974281318909 165.13794 91.509224 -999.0 -999.0 -999.0 -999.0 -999.0 138.89728827066108 13.789470978936386 138.92373478561456 13.683052814910454 66.22569293883713 139.75353801095227 -999.0 6231.0 -999.0 -1 -999 {-999.0 -999.0 -999.0 -999.0 -999.0} "" -999.0 -999.0 -999.0 -999.0 -999 -999 "" "" "" "" 0 0 0.0 0.0 -999 ""
FIBERMAP 824 R-6C7 APOGEE 1 1 0 1 0 0 -72.17265863604246 -103.55391400578439 143.1 -121.79462865699004 -33.02134209427078 110.3862 20.308578 138.67273285820337 12.840147305542397 -1.245386 -2.9525928 0.56533694 138.67272925934918 12.840138986645567 138.6976129819141 12.73424121326854 65.552670274429 141.47733954323164 16000.0 16600.0 2016.0 2 280 {-999.0 13.549859 12.760694 12.463275 -999.0} sdss_psfmag_from_g3xp 13.323143 12.79349 12.112429 10.684 63050394818501269 1108282577 bright_flexible_2x1 mwm_tess_rgb_apogee mwm_tessrgb science 0 0 0.0 0.0 -999 ""
FIBERMAP 824 R-6C7 BOSS 0 0 0 1 0 0 -71.66335672268234 -104.11242757562017 143.1 -121.762909219225 -33.776348118548334 110.3862 20.308578 -999.0 -999.0 -999.0 -999.0 -999.0 138.67289029610814 12.836612059928031 138.69771645726206 12.730793089906541 65.54970712397542 141.4816069662624 -999.0 5400.0 -999.0 1 438 {-999.0 -999.0 -999.0 -999.0 -999.0} "" -999.0 -999.0 -999.0 -999.0 -999 -999 "" "" "" "" 0 0 0.0 0.0 -999 ""
FIBERMAP 824 R-6C7 METROLOGY 0 0 0 1 0 0 -72.38953733603766 -104.26864978083765 143.1 -122.41971800971208 -33.42983688350869 110.3862 20.308578 -999.0 -999.0 -999.0 -999.0 -999.0 138.66982213601716 12.838203834805203 138.6946675633746 12.73236755392742 65.55263201656989 141.48562695197774 -999.0 6231.0 -999.0 -1 -999 {-999.0 -999.0 -999.0 -999.0 -999.0} "" -999.0 -999.0 -999.0 -999.0 -999 -999 "" "" "" "" 0 0 0.0 0.0 -999 ""
FIBERMAP 825 R+3C17 APOGEE 0 0 0 1 0 0 93.40784476132214 61.955477678938536 143.1 111.36063980294112 -12.491341478832064 95.08926 159.93355 -999.0 -999.0 -999.0 -999.0 -999.0 139.76086314005238 12.935455313436483 139.78525298816214 12.827705065588109 65.04715088833396 139.23442004327512 -999.0 16600.0 -999.0 2 -999 {-999.0 -999.0 -999.0 -999.0 -999.0} "" -999.0 -999.0 -999.0 -999.0 -999 -999 "" "" "" "" 0 0 0.0 0.0 -999 ""
FIBERMAP 825 R+3C17 BOSS 1 1 0 1 0 0 93.56876705274247 62.6717291466464 143.1 111.94382005615185 -12.04575925438602 95.08926 159.93355 139.76368903143404 12.937398871363728 -999.0 -999.0 -999.0 139.76368903143404 12.937398871363728 139.7880256380164 12.829722063838567 65.04729508753113 139.22643198632872 5400.0 5400.0 2016.0 1 219 {-999.0 nan nan nan nan} undefined 1e+20 1e+20 1e+20 -999.0 63050397530851669 1059074172 dark_flexible_2x2 bhm_spiders_agn_lsdr10 bhm_spiders science 0 0 0.0 0.0 -999 ""
FIBERMAP 825 R+3C17 METROLOGY 0 0 0 1 0 0 94.12105949874143 62.1745363898809 143.1 112.04785532266743 -12.781373397351752 95.08926 159.93355 -999.0 -999.0 -999.0 -999.0 -999.0 139.76414653595174 12.934074213620168 139.78849252362926 12.826375078197486 65.04427304130112 139.2300084357797 -999.0 6231.0 -999.0 -1 -999 {-999.0 -999.0 -999.0 -999.0 -999.0} "" -999.0 -999.0 -999.0 -999.0 -999 -999 "" "" "" "" 0 0 0.0 0.0 -999 ""
FIBERMAP 827 R+5C13 APOGEE 0 0 0 1 0 0 24.02206806244697 98.9733104125349 143.1 81.95349629778065 60.425281405360174 134.28566 145.74016 -999.0 -999.0 -999.0 -999.0 -999.0 139.62353884445577 13.267358371964264 139.6486113033813 13.159769250180233 65.39640217451769 139.049331089155 -999.0 16600.0 -999.0 2 3 {-999.0 -999.0 -999.0 -999.0 -999.0} "" -999.0 -999.0 -999.0 -999.0 -999 -999 "" ops_sky_apogee_best_unassigned ops_sky sky_apogee 0 0 0.0 0.0 -999 ""
FIBERMAP 827 R+5C13 BOSS 1 1 0 1 0 0 23.905154227876796 99.70509946513073 143.1 82.33373232983922 61.06115093948669 134.28566 145.74016 139.62538041030697 13.27028048414988 9.048093 -27.908985 0.41651008 139.6254066025818 13.27020185090003 139.65042853208266 13.162686143857616 65.39780518937644 139.0418613547891 5400.0 5400.0 2016.0 1 148 {-999.0 17.250616 16.883696 16.756252 -999.0} sdss_psfmag 17.185125 16.883211 16.414778 15.496 63050394818041598 976570490 "" ops_std_boss ops_std standard_boss 0 0 0.0 0.0 -999 ""
FIBERMAP 827 R+5C13 METROLOGY 0 0 0 1 0 0 24.605132296732855 99.45135898366267 143.1 82.70725104780583 60.41728748033842 134.28566 145.74016 -999.0 -999.0 -999.0 -999.0 -999.0 139.62713191573408 13.267288050012363 139.652163011202 13.159748206610182 65.39442727012309 139.04251191757535 -999.0 6231.0 -999.0 -1 -999 {-999.0 -999.0 -999.0 -999.0 -999.0} "" -999.0 -999.0 -999.0 -999.0 -999 -999 "" "" "" "" 0 0 0.0 0.0 -999 ""
FIBERMAP 828 R-2C18 APOGEE 0 0 0 1 0 0 132.7705775020107 -46.490707663339116 143.1 71.90021873281826 -120.87132507833282 60.936073 12.259143 -999.0 -999.0 -999.0 -999.0 -999.0 139.5766131441395 12.442586786292933 139.60023156789805 12.335245485310681 64.73866099315771 140.23422183513392 -999.0 16600.0 -999.0 2 -999 {-999.0 -999.0 -999.0 -999.0 -999.0} "" -999.0 -999.0 -999.0 -999.0 -999 -999 "" "" "" "" 0 0 0.0 0.0 -999 ""
FIBERMAP 828 R-2C18 BOSS 1 1 0 1 0 0 132.57564611526792 -47.20455335099043 143.1 71.2925201816509 -121.29322865676353 60.936073 12.259143 139.57386718443973 12.440539690878037 0.03150816 -0.37443992 -0.39407325 139.57386727534814 12.440538635897802 139.5974292888861 12.333282823830688 64.73852963956358 140.2421089978706 5400.0 5400.0 2016.0 1 294 {-999.0 19.428465 19.30384 19.184736 19.074696} sdss_psfmag_from_lsdr10 19.46838 19.267897 18.739475 -999.0 63050394818030172 1059071488 dark_flexible_2x2 bhm_spiders_agn_lsdr10 bhm_spiders science 0 0 0.0 0.0 -999 ""
FIBERMAP 828 R-2C18 METROLOGY 0 0 0 1 0 0 132.04563960387793 -46.667136188137775 143.1 71.23138916575245 -120.54109683221887 60.936073 12.259143 -999.0 -999.0 -999.0 -999.0 -999.0 139.57356622490917 12.44398079424262 139.59715005483207 12.336701956599775 64.74153423485599 140.23823183504334 -999.0 6231.0 -999.0 -1 -999 {-999.0 -999.0 -999.0 -999.0 -999.0} "" -999.0 -999.0 -999.0 -999.0 -999 -999 "" "" "" "" 0 0 0.0 0.0 -999 ""
FIBERMAP 830 R+9C18 APOGEE 0 0 0 1 0 0 205.06161260529078 157.9791096260936 143.1 258.576945851628 -10.589026042918666 32.20318 12.167382 -999.0 -999.0 -999.0 -999.0 -999.0 140.44156647078066 12.943289855535527 140.4655460843107 12.834412697156617 64.67426151811216 137.94297226601117 -999.0 16600.0 -999.0 2 52 {-999.0 -999.0 -999.0 -999.0 -999.0} "" -999.0 -999.0 -999.0 -999.0 -999 -999 "" ops_sky_apogee_best_unassigned ops_sky sky_apogee 0 0 0.0 0.0 -999 ""
FIBERMAP 830 R+9C18 BOSS 1 1 0 1 0 0 204.53974588498562 157.4577312710786 143.1 257.8422706819561 -10.653528769896461 32.20318 12.167382 140.43827393850182 12.943024194664337 0.88542306 -34.782875 2.4248471 140.43827649820392 12.942926194309061 140.46220001539618 12.834133448155097 64.67591819630218 137.94957495037713 5400.0 5400.0 2016.0 1 169 {-999.0 20.345423 20.696495 20.967737 -999.0} sdss_psfmag 20.455494 20.439062 20.429863 -999.0 63050394818035963 1092174490 dark_flexible_2x1 mwm_cb_galex_mag_boss mwm_cb science 0 0 0.0 0.0 -999 ""
FIBERMAP 830 R+9C18 METROLOGY 0 0 0 1 0 0 204.33941012432243 158.17539422434135 143.1 258.14950684697743 -9.974925116928167 32.20318 12.167382 -999.0 -999.0 -999.0 -999.0 -999.0 140.43967256121942 12.946016428781453 140.46361714295176 12.837198354770402 64.67762180972579 137.94279879136874 -999.0 6231.0 -999.0 -1 -999 {-999.0 -999.0 -999.0 -999.0 -999.0} "" -999.0 -999.0 -999.0 -999.0 -999 -999 "" "" "" "" 0 0 0.0 0.0 -999 ""
FIBERMAP 831 R-6C18 APOGEE 0 0 0 1 0 0 164.24006013858428 -130.34457019819902 143.1 42.179893705183574 -205.33723821341493 317.0947 96.387825 -999.0 -999.0 -999.0 -999.0 -999.0 139.43812484058788 12.060615182217788 139.4611405872692 11.953584800987851 64.4930883368863 140.98596625619 -999.0 16600.0 -999.0 2 -999 {-999.0 -999.0 -999.0 -999.0 -999.0} "" -999.0 -999.0 -999.0 -999.0 -999 -999 "" "" "" "" 0 0 0.0 0.0 -999 ""
FIBERMAP 831 R-6C18 BOSS 1 1 0 1 0 0 163.80653063273684 -130.9624209724518 143.1 41.450977293507066 -205.5323880747353 317.0947 96.387825 139.43480965322544 12.059637327335487 -0.79884356 -12.617545 0.4105898 139.43480735169993 12.059601777545446 139.45776923179724 11.952659138014887 64.49409427677026 140.99357077474576 5400.0 5400.0 2016.0 1 288 {-999.0 17.037678 16.6711 16.56297 -999.0} sdss_psfmag 16.987135 16.68376 16.213419 15.35 63050394818024172 976438922 "" ops_std_boss ops_std standard_boss 0 0 0.0 0.0 -999 ""
FIBERMAP 831 R-6C18 METROLOGY 0 0 0 1 0 0 163.4961607380678 -130.28733679516372 143.1 41.64655174241277 -204.81576910113628 317.0947 96.387825 -999.0 -999.0 -999.0 -999.0 -999.0 139.43569975586996 12.0628585402639 139.45868232326194 11.955890486667181 64.49632861082279 140.9877660357366 -999.0 6231.0 -999.0 -1 -999 {-999.0 -999.0 -999.0 -999.0 -999.0} "" -999.0 -999.0 -999.0 -999.0 -999 -999 "" "" "" "" 0 0 0.0 0.0 -999 ""
FIBERMAP 835 R+3C22 APOGEE 0 0 0 1 0 0 199.30203585038439 48.951486233970776 143.1 184.16371516463911 -90.44456519314882 236.49461 92.62904 -999.0 -999.0 -999.0 -999.0 -999.0 140.09774049127554 12.581582531466328 140.12129134718577 12.473346458857112 64.5696333683162 139.0674197626601 -999.0 16600.0 -999.0 2 31 {-999.0 -999.0 -999.0 -999.0 -999.0} "" -999.0 -999.0 -999.0 -999.0 -999 -999 "" ops_sky_apogee_best_unassigned ops_sky sky_apogee 0 0 0.0 0.0 -999 ""
FIBERMAP 835 R+3C22 BOSS 1 1 0 1 0 0 198.64484486105283 49.32251848318277 143.1 183.89829158139665 -89.73828585676182 236.49461 92.62904 140.09620839848083 12.584743353128617 16.935799 -22.980282 0.7292192 140.0966316852054 12.584678606441239 140.1201324712917 12.47652391265011 64.57289510317221 139.06541979176208 5400.0 5400.0 2016.0 1 192 {-999.0 15.843277 15.44884 15.302866 -999.0} sdss_psfmag 15.75618 15.43643 14.944238 14.012 63050394818034997 1136071395 dark_flexible_3x1 mwm_halo_local_high_boss_triple mwm_halo science 0 0 1.3154428005218506 0.0 -999 ""
FIBERMAP 835 R+3C22 METROLOGY 0 0 0 1 0 0 199.2892219280425 49.7020368964399 143.1 184.63577380250294 -89.86115330954671 236.49461 92.62904 -999.0 -999.0 -999.0 -999.0 -999.0 140.10000887907944 12.58415506389635 140.12352269097408 12.475972171190373 64.57057171573287 139.05978058327716 -999.0 6231.0 -999.0 -1 -999 {-999.0 -999.0 -999.0 -999.0 -999.0} "" -999.0 -999.0 -999.0 -999.0 -999 -999 "" "" "" "" 0 0 0.0 0.0 -999 ""
FIBERMAP 837 R+1C18 APOGEE 0 0 0 1 0 0 121.2080236430713 19.324458130409354 143.1 105.29478388017735 -63.01029040428635 55.381737 48.45365 -999.0 -999.0 -999.0 -999.0 -999.0 139.73238947546056 12.705620098064669 139.7563848950141 12.59796457823493 64.87273144908079 139.59391627314125 -999.0 16600.0 -999.0 2 69 {-999.0 -999.0 -999.0 -999.0 -999.0} "" -999.0 -999.0 -999.0 -999.0 -999 -999 "" ops_sky_apogee_best_unassigned ops_sky sky_apogee 0 0 0.0 0.0 -999 ""
FIBERMAP 837 R+1C18 BOSS 1 1 0 1 0 0 121.38175135384395 18.61510659008198 143.1 104.97249282604251 -63.66544134456822 55.381737 48.45365 139.73098754882812 12.702532482367317 -999.0 -999.0 -999.0 139.73098754882815 12.702532482367317 139.7549233984669 12.594959423554055 64.8710350992796 139.60065460139492 5400.0 5400.0 2015.5 1 231 {-999.0 -999.0 -999.0 -999.0 -999.0} "" -999.0 -999.0 -999.0 -999.0 27021603088163693 804851068 "" ops_sky_boss_good ops_sky sky_boss 0 0 0.0 0.0 -999 ""
FIBERMAP 837 R+1C18 METROLOGY 0 0 0 1 0 0 120.66865237903973 18.808268440162866 143.1 104.55002538977627 -63.05957829339421 55.381737 48.45365 -999.0 -999.0 -999.0 -999.0 -999.0 139.72900084699307 12.705312726591913 139.75295850283038 12.597719868949673 64.87439591460074 139.60077072483702 -999.0 6231.0 -999.0 -1 -999 {-999.0 -999.0 -999.0 -999.0 -999.0} "" -999.0 -999.0 -999.0 -999.0 -999 -999 "" "" "" "" 0 0 0.0 0.0 -999 ""
FIBERMAP 838 R-8C6 APOGEE 0 0 0 1 0 0 -102.60312272720414 -151.60402185588256 143.1 -175.96480588820756 -50.30719460781637 164.33421 115.96955 -999.0 -999.0 -999.0 -999.0 -999.0 138.4217748031478 12.760804647652513 138.44666454977698 12.655351627856621 65.61649225532454 142.08014205238769 -999.0 16600.0 -999.0 2 -999 {-999.0 -999.0 -999.0 -999.0 -999.0} "" -999.0 -999.0 -999.0 -999.0 -999 -999 "" "" "" "" 0 0 0.0 0.0 -999 ""
FIBERMAP 838 R-8C6 BOSS 1 1 0 1 0 0 -102.75211536081359 -150.8912992615872 143.1 -175.62139476469318 -49.66534100416463 164.33421 115.96955 138.42334268743298 12.763627092759219 -0.5482095 0.8921003 -0.5232137 138.42334110372525 12.763629606241603 138.44818476039103 12.658251863784773 65.6181665300047 142.07337323987707 5400.0 5400.0 2016.0 1 411 {-999.0 19.90239 19.966251 19.93391 19.893385} sdss_psfmag_from_lsdr10 19.939537 19.911724 19.550072 -999.0 63050394818501134 1059072855 dark_flexible_2x2 bhm_spiders_agn_lsdr10 bhm_spiders science 0 0 0.0 0.0 -999 ""
FIBERMAP 838 R-8C6 METROLOGY 0 0 0 1 0 0 -102.04452517715015 -151.10942024085742 143.1 -175.21917358817737 -50.28679466995828 164.33421 115.96955 -999.0 -999.0 -999.0 -999.0 -999.0 138.42521751995918 12.760839157478445 138.4500692334658 12.655436523236022 65.61480468471544 142.0732082648567 -999.0 6231.0 -999.0 -1 -999 {-999.0 -999.0 -999.0 -999.0 -999.0} "" -999.0 -999.0 -999.0 -999.0 -999 -999 "" "" "" "" 0 0 0.0 0.0 -999 ""
FIBERMAP 839 R+3C1 APOGEE 0 0 0 1 0 0 -271.0002676274744 41.729905580322395 143.1 -180.88921256352327 205.9709598121178 292.24042 41.049 -999.0 -999.0 -999.0 -999.0 -999.0 138.39649398261471 13.92042777268515 138.42353986008624 13.814784500566681 66.60473912916089 140.5815244489365 -999.0 16600.0 -999.0 2 143 {-999.0 -999.0 -999.0 -999.0 -999.0} "" -999.0 -999.0 -999.0 -999.0 -999 -999 "" ops_sky_apogee_best_unassigned ops_sky sky_apogee 0 0 0.0 0.0 -999 ""
FIBERMAP 839 R+3C1 BOSS 1 1 0 1 0 0 -271.6628336490821 42.041299735382985 143.1 -181.1970449541502 206.63498641214744 292.24042 41.049 138.39513164902235 13.923307772497555 0.2656827 -0.20511316 0.34012446 138.39513242023972 13.923307194593566 138.4221343728158 13.817739502336167 66.60795773965204 140.58030315047344 5400.0 5400.0 2016.0 1 3 {-999.0 19.613249 19.412014 19.210808 19.027315} sdss_psfmag_from_lsdr10 19.645895 19.450872 19.039991 -999.0 63050394818510258 1131802680 dark_flexible_3x1 bhm_spiders_agn_lsdr10_d3 bhm_spiders science 0 0 0.0 0.0 -999 ""
FIBERMAP 839 R+3C1 METROLOGY 0 0 0 1 0 0 -271.04295147139993 42.476951792186824 143.1 -180.44229473101169 206.5708635453897 292.24042 41.049 -999.0 -999.0 -999.0 -999.0 -999.0 138.3986072520115 13.923086387257618 138.4256208400999 13.817491857484098 66.60588918086978 140.5735242456977 -999.0 6231.0 -999.0 -1 -999 {-999.0 -999.0 -999.0 -999.0 -999.0} "" -999.0 -999.0 -999.0 -999.0 -999 -999 "" "" "" "" 0 0 0.0 0.0 -999 ""
FIBERMAP 840 R+10C12 APOGEE 0 0 0 1 0 0 61.22698781811492 186.28882826215997 143.1 166.52498611366684 103.45277589263559 199.01772 146.01073 -999.0 -999.0 -999.0 -999.0 -999.0 140.0171838274147 13.46170480884892 140.04235557844095 13.35342100320997 65.33602763341491 138.02936814354305 -999.0 16600.0 -999.0 2 -999 {-999.0 -999.0 -999.0 -999.0 -999.0} "" -999.0 -999.0 -999.0 -999.0 -999 -999 "" "" "" "" 0 0 0.0 0.0 -999 ""
FIBERMAP 840 R+10C12 BOSS 1 1 0 1 0 0 60.500340422693185 186.4575633380023 143.1 166.07645303279048 104.04861801035742 199.01772 146.01073 140.0151961035036 13.464363884106282 -999.0 -999.0 -999.0 140.0151961035036 13.464363884106284 140.04031810861972 13.356159369902047 65.33940801348463 138.02945200401774 5400.0 5400.0 2016.0 1 141 {-999.0 22.167547 22.156618 21.97952 21.79601} sdss_psfmag_from_lsdr10 1e+20 1e+20 1e+20 -999.0 63050398967791538 1059076687 dark_flexible_2x2 bhm_spiders_agn_lsdr10 bhm_spiders science 0 0 0.0 0.0 -999 ""
FIBERMAP 840 R+10C12 METROLOGY 0 0 0 1 0 0 61.01611291820175 187.00450539404167 143.1 166.8228706398097 104.13662418969976 199.01772 146.01073 -999.0 -999.0 -999.0 -999.0 -999.0 140.01863499446972 13.464762293931058 140.0437713593817 13.356530309121544 65.33776872021933 138.02236740239604 -999.0 6231.0 -999.0 -1 -999 {-999.0 -999.0 -999.0 -999.0 -999.0} "" -999.0 -999.0 -999.0 -999.0 -999 -999 "" "" "" "" 0 0 0.0 0.0 -999 ""
FIBERMAP 842 R-4C20 APOGEE 0 0 0 1 0 0 190.2101022523368 -78.1143688345892 143.1 95.61558372875139 -181.9842288201941 342.65662 132.52277 -999.0 -999.0 -999.0 -999.0 -999.0 139.68607977301096 12.1665390795489 139.7091388980313 12.059072383561618 64.44942244284657 140.38060381865733 -999.0 16600.0 -999.0 2 -999 {-999.0 -999.0 -999.0 -999.0 -999.0} "" -999.0 -999.0 -999.0 -999.0 -999 -999 "" "" "" "" 0 0 0.0 0.0 -999 ""
FIBERMAP 842 R-4C20 BOSS 1 1 0 1 0 0 190.53082993593924 -78.76032767025347 143.1 95.44664641928854 -182.68517761850183 342.65662 132.52277 139.6854322167985 12.163313343835233 -23.992273 -20.96132 2.250324 139.68536306650137 12.163254285543237 139.70836175742508 12.055871167129299 64.44716194170267 140.38614648475755 5400.0 5400.0 2016.0 1 286 {-999.0 18.015453 18.343386 18.654963 -999.0} sdss_psfmag 18.158875 18.192562 18.36315 -999.0 63050394818024373 1143449430 dark_1x3 mwm_wd_pwd_boss_1x3 mwm_wd science 0 0 0.0 0.0 -999 ""
FIBERMAP 842 R-4C20 METROLOGY 0 0 0 1 0 0 189.79336443551657 -78.73323196367649 143.1 94.89888567167915 -182.19093532541777 342.65662 132.52277 -999.0 -999.0 -999.0 -999.0 -999.0 139.68281345353415 12.165503340588893 139.7058334325983 12.058100830834013 64.45038224176866 140.38810680294145 -999.0 6231.0 -999.0 -1 -999 {-999.0 -999.0 -999.0 -999.0 -999.0} "" -999.0 -999.0 -999.0 -999.0 -999 -999 "" "" "" "" 0 0 0.0 0.0 -999 ""
FIBERMAP 846 R+1C13 APOGEE 0 0 0 1 0 0 -14.405296696405683 31.329813675850154 143.1 9.075279691834014 33.258301757724695 100.021454 121.55023 -999.0 -999.0 -999.0 -999.0 -999.0 139.28295076167487 13.143527449507499 139.30801253921152 13.036534662413334 65.48054321222216 139.8762903845733 -999.0 16600.0 -999.0 2 131 {-999.0 -999.0 -999.0 -999.0 -999.0} "" -999.0 -999.0 -999.0 -999.0 -999 -999 "" "" "" "" 0 0 0.0 0.0 -999 ""
FIBERMAP 846 R+1C13 BOSS 1 1 0 1 0 0 -13.876246596855488 31.85093168784826 143.1 9.815292699271541 33.317993001280115 100.021454 121.55023 139.28649027266943 13.143775346475191 -6.481715 -10.403235 3.0623255 139.28647151921948 13.143746035476878 139.31147798195101 13.03682475480959 65.47890618655275 139.86914130108002 5400.0 5400.0 2016.0 1 13 {-999.0 19.064734 17.533192 16.49203 -999.0} sdss_psfmag_ps1 18.26419 17.099445 15.959073 13.95 63050394818032679 1096529669 bright_1x1 mwm_bin_vis_boss mwm_filler science 0 0 0.0 0.0 -999 ""
FIBERMAP 846 R+1C13 METROLOGY 0 0 0 1 0 0 -13.683287735963049 31.131353334831037 143.1 9.501173492391159 32.64265769669298 100.021454 121.55023 -999.0 -999.0 -999.0 -999.0 -999.0 139.28499063152907 13.14068587146328 139.31000785746306 13.033745732981687 65.47714427553765 139.87613582905317 -999.0 6231.0 -999.0 -1 -999 {-999.0 -999.0 -999.0 -999.0 -999.0} "" -999.0 -999.0 -999.0 -999.0 -999 -999 "" "" "" "" 0 0 0.0 0.0 -999 ""
FIBERMAP 847 R+5C22 APOGEE 0 0 0 1 0 0 252.10052170303948 97.11859652924656 143.1 255.55075778637382 -87.43006487368294 29.329187 84.30511 -999.0 -999.0 -999.0 -999.0 -999.0 140.42571461342362 12.595868159990717 140.44908987608193 12.487089048269697 64.39921154028389 138.43769694538886 -999.0 16600.0 -999.0 2 74 {-999.0 -999.0 -999.0 -999.0 -999.0} "" -999.0 -999.0 -999.0 -999.0 -999 -999 "" ops_sky_apogee_best_unassigned ops_sky sky_apogee 0 0 0.0 0.0 -999 ""
FIBERMAP 847 R+5C22 BOSS 1 1 0 1 0 0 252.41873203995235 96.43085157131789 143.1 255.35306322068794 -88.1614202693632 29.329187 84.30511 140.42484911376158 12.592431209261662 -1.19554 18.517876 1.267505 140.42484566231818 12.592483383165936 140.4481580429413 12.48378675482402 64.39702109374673 138.4437911062333 5400.0 5400.0 2016.0 1 248 {-999.0 21.867449 20.25068 19.018532 -999.0} sdss_psfmag 20.78253 19.766224 18.670135 15.852 63050394818034794 1092517946 dark_flexible_2x1 mwm_cb_galex_vol_boss mwm_cb science 0 0 0.0 0.0 -999 ""
FIBERMAP 847 R+5C22 METROLOGY 0 0 0 1 0 0 251.6805971762833 96.49688854637017 143.1 254.82979110121718 -87.63690555997165 29.329187 84.30511 -999.0 -999.0 -999.0 -999.0 -999.0 140.42245726421592 12.594869341751107 140.44579172340036 12.486153348090737 64.40028340639614 138.4450505354769 -999.0 6231.0 -999.0 -1 -999 {-999.0 -999.0 -999.0 -999.0 -999.0} "" -999.0 -999.0 -999.0 -999.0 -999 -999 "" "" "" "" 0 0 0.0 0.0 -999 ""
FIBERMAP 849 R+6C12 APOGEE 0 0 0 1 0 0 27.993212007797943 125.24735936391137 143.1 101.86560167184034 78.01080637395516 35.10969 136.9705 -999.0 -999.0 -999.0 -999.0 -999.0 139.7163996681362 13.347205725423363 139.7415573435755 13.239445310184538 65.41062112251524 138.761680548838 -999.0 16600.0 -999.0 2 -999 {-999.0 -999.0 -999.0 -999.0 -999.0} "" -999.0 -999.0 -999.0 -999.0 -999 -999 "" "" "" "" 0 0 0.0 0.0 -999 ""
FIBERMAP 849 R+6C12 BOSS 1 1 0 1 0 0 28.729926655499792 125.1594573387164 143.1 102.37374731551103 77.47044719731802 35.10969 136.9705 139.71887813021155 13.344705907977577 -1.3661764 -1.094314 -1.6407384 139.7188741742095 13.344702824760345 139.74397101036098 13.237015652608871 65.40728591022174 138.76036394649606 5400.0 5400.0 2016.0 1 117 {-999.0 20.741802 20.59597 20.466923 20.395674} sdss_psfmag_from_gaiadr2 20.516323 20.586588 20.020906 -999.0 63050394818041648 1055736610 dark_flexible_2x2 bhm_gua_dark bhm_filler science 0 0 0.0 0.0 -999 ""
FIBERMAP 849 R+6C12 METROLOGY 0 0 0 1 0 0 28.29067122355018 124.56312256610241 143.1 101.6542568288887 77.29546237162435 35.10969 136.9705 -999.0 -999.0 -999.0 -999.0 -999.0 139.71549406166392 13.343928840333497 139.74060722220685 13.236225682595796 65.40850101272144 138.76791312331227 -999.0 6231.0 -999.0 -1 -999 {-999.0 -999.0 -999.0 -999.0 -999.0} "" -999.0 -999.0 -999.0 -999.0 -999 -999 "" "" "" "" 0 0 0.0 0.0 -999 ""
FIBERMAP 852 R0C15 APOGEE 0 0 0 1 0 0 11.964550589381252 16.334507552151894 143.1 19.656339431800845 4.836317838813553 167.16896 62.27568 -999.0 -999.0 -999.0 -999.0 -999.0 139.3326440862831 13.014117239005843 139.35744066819694 12.907067288137547 65.34613796047469 139.95294006782046 -999.0 16600.0 -999.0 2 32 {-999.0 -999.0 -999.0 -999.0 -999.0} "" -999.0 -999.0 -999.0 -999.0 -999 -999 "" ops_sky_apogee_best_unassigned ops_sky sky_apogee 0 0 0.0 0.0 -999 ""
FIBERMAP 852 R0C15 BOSS 1 1 0 1 0 0 12.451616141774785 16.892425803690376 143.1 20.387804541129114 4.951166447996664 167.16896 62.27568 139.33612916290542 13.014569933696254 -999.0 -999.0 -999.0 139.33612916290545 13.014569933696256 139.36087093600813 12.907592026166231 65.34471834617398 139.94557460907154 5400.0 5400.0 2016.0 1 180 {-999.0 22.858215 21.854876 21.44778 21.153847} sdss_psfmag_from_lsdr10 1e+20 1e+20 1e+20 -999.0 63050396815441907 1059074169 dark_flexible_2x2 bhm_spiders_agn_lsdr10 bhm_spiders science 0 0 0.0 0.0 -999 ""
FIBERMAP 852 R0C15 METROLOGY 0 0 0 1 0 0 12.701328025858084 16.196466914555387 143.1 20.132342529847463 4.257494596196524 167.16896 62.27568 -999.0 -999.0 -999.0 -999.0 -999.0 139.33492164717384 13.011429199344445 139.35967368971575 12.904431869183245 65.34273763973772 139.95210658124213 -999.0 6231.0 -999.0 -1 -999 {-999.0 -999.0 -999.0 -999.0 -999.0} "" -999.0 -999.0 -999.0 -999.0 -999 -999 "" "" "" "" 0 0 0.0 0.0 -999 ""
FIBERMAP 857 R+13C3 APOGEE 0 0 0 1 0 0 -101.06160650149154 261.6982948130886 143.1 90.57042790021757 265.43756064754484 60.016464 143.47313 -999.0 -999.0 -999.0 -999.0 -999.0 139.66078125563726 14.191993753124166 139.68750234952773 14.084155220854951 66.13109525807667 137.67944349087276 -999.0 16600.0 -999.0 2 106 {-999.0 -999.0 -999.0 -999.0 -999.0} "" -999.0 -999.0 -999.0 -999.0 -999 -999 "" ops_sky_apogee_best_unassigned ops_sky sky_apogee 0 0 0.0 0.0 -999 ""
FIBERMAP 857 R+13C3 BOSS 1 1 0 1 0 0 -100.37792037941425 261.99626574316784 143.1 91.2856784295849 265.22696150936497 60.016464 143.47313 139.6641658333691 14.19095860474861 0.19977981 -0.02531987 -0.008453113 139.66416641396384 14.190958533410164 139.69082890648343 14.083187958011127 66.12842643405688 137.67436457501572 5400.0 5400.0 2016.0 1 87 {-999.0 19.240345 18.908583 18.938555 19.082159} sdss_psfmag 18.71178 18.6079 18.19963 -999.0 63050394818516916 1128936072 dark_1x4 bhm_aqmes_wide1 bhm_aqmes science 0 0 0.0 0.0 -999 ""
FIBERMAP 857 R+13C3 METROLOGY 0 0 0 1 0 0 -100.45072600226435 261.2535771998043 143.1 90.7530529487295 264.7045453728938 60.016464 143.47313 -999.0 -999.0 -999.0 -999.0 -999.0 139.661686125782 14.188668983323312 139.68836159901122 14.080882216050712 66.12795116497615 137.68249196621983 -999.0 6231.0 -999.0 -1 -999 {-999.0 -999.0 -999.0 -999.0 -999.0} "" -999.0 -999.0 -999.0 -999.0 -999 -999 "" "" "" "" 0 0 0.0 0.0 -999 ""
FIBERMAP 859 R-9C1 APOGEE 0 0 0 1 0 0 -206.22216500790037 -166.83067777442875 143.1 -265.1493382321878 4.55073527726541 186.04515 79.66822 -999.0 -999.0 -999.0 -999.0 -999.0 138.00964926354774 13.007557875770681 138.03524279719795 12.902763560640006 66.03816997559835 142.5946608532369 -999.0 16600.0 -999.0 2 272 {-999.0 -999.0 -999.0 -999.0 -999.0} "" -999.0 -999.0 -999.0 -999.0 -999 -999 "" ops_sky_apogee_best_unassigned ops_sky sky_apogee 0 0 0.0 0.0 -999 ""
FIBERMAP 859 R-9C1 BOSS 1 1 0 1 0 0 -206.17927912370183 -166.07727132328296 143.1 -264.63276050489833 5.1005745598848335 186.04515 79.66822 138.0120346697627 13.009983697091936 -999.0 -999.0 -999.0 138.0120346697627 13.009983697091936 138.03758237237292 12.90526209323234 66.0391027220416 142.58665410300503 5400.0 5400.0 2016.0 1 419 {-999.0 22.164185 20.870293 20.267967 19.820494} sdss_fiber2mag_from_lsdr10 1e+20 1e+20 1e+20 -999.0 63050398960590105 1059074155 dark_flexible_2x2 bhm_spiders_agn_lsdr10 bhm_spiders science 0 0 0.0 0.0 -999 ""
FIBERMAP 859 R-9C1 METROLOGY 0 0 0 1 0 0 -205.5529077940014 -166.4862933082437 143.1 -264.41534626419093 4.384969019273524 186.04515 79.66822 -999.0 -999.0 -999.0 -999.0 -999.0 138.0130382844502 13.006775015053346 138.0385933302348 12.90203042349535 66.03583403055735 142.58875822417278 -999.0 6231.0 -999.0 -1 -999 {-999.0 -999.0 -999.0 -999.0 -999.0} "" -999.0 -999.0 -999.0 -999.0 -999 -999 "" "" "" "" 0 0 0.0 0.0 -999 ""
FIBERMAP 865 R-9C11 APOGEE 0 0 0 1 0 0 22.717591084060146 -190.79022031969336 143.1 -105.0840554533496 -160.79764367842031 280.91998 64.11835 -999.0 -999.0 -999.0 -999.0 -999.0 138.75387685499155 12.260625970469968 138.77765520821606 12.15470878566373 65.02062736735093 142.05785659196087 -999.0 16600.0 -999.0 2 179 {-999.0 -999.0 -999.0 -999.0 -999.0} "" -999.0 -999.0 -999.0 -999.0 -999 -999 "" ops_sky_apogee_best_unassigned ops_sky sky_apogee 0 0 0.0 0.0 -999 ""
FIBERMAP 865 R-9C11 BOSS 1 1 0 1 0 0 22.000024650559794 -190.60641270747027 143.1 -105.51595226221606 -160.19608099492916 280.91998 64.11835 138.75187523366384 12.263219861162057 0.8818634 -0.5416651 0.4244639 138.75187777632203 12.263218335026844 138.7756104344559 12.157384776622196 65.0239556295143 142.05852235990045 5400.0 5400.0 2016.0 1 374 {-999.0 20.22856 20.00386 19.806747 19.651112} sdss_psfmag_from_gaiadr2 20.261927 20.023027 19.516949 -999.0 63050394818028475 1129190752 dark_flexible_3x1 bhm_gua_dark_d3 bhm_filler science 0 0 0.0 0.0 -999 ""
FIBERMAP 865 R-9C11 METROLOGY 0 0 0 1 0 0 22.52221603837193 -190.0719038559952 143.1 -104.77259806612186 -160.12172415207277 280.91998 64.11835 -999.0 -999.0 -999.0 -999.0 -999.0 138.75531207650027 12.263585536204014 138.7790580697262 12.157723175739584 65.02246020870045 142.05132472773172 -999.0 6231.0 -999.0 -1 -999 {-999.0 -999.0 -999.0 -999.0 -999.0} "" -999.0 -999.0 -999.0 -999.0 -999 -999 "" "" "" "" 0 0 0.0 0.0 -999 ""
FIBERMAP 866 R+11C13 APOGEE 1 1 0 1 0 0 88.96355027138344 210.74367441623176 143.1 203.4817442150916 104.38596131759832 182.64745 127.0695 140.18840944831143 13.46499769635183 -34.988613 -10.053062 3.6405997 140.18830808198115 13.464969371942331 140.213375565164 13.356401889672856 65.24197876745386 137.70093253952535 16000.0 16600.0 2016.0 2 12 {-999.0 11.2740135 10.969382 10.887867 -999.0} sdss_psfmag_from_g3xp 11.237506 10.980353 10.563756 9.897 63050394818041184 974606200 "" ops_std_apogee ops_std standard_apogee 0 0 0.0 0.0 -999 ""
FIBERMAP 866 R+11C13 BOSS 0 0 0 1 0 0 88.47863169882261 211.31886477939526 143.1 203.47941802244068 105.1380926924955 182.64745 127.0695 -999.0 -999.0 -999.0 -999.0 -999.0 140.18837795218064 13.468310707318397 140.21339537174202 13.359819000649457 65.2447471427825 137.69614876768983 -999.0 5400.0 -999.0 1 99 {-999.0 -999.0 -999.0 -999.0 -999.0} "" -999.0 -999.0 -999.0 -999.0 -999 -999 "" "" "" "" 0 0 0.0 0.0 -999 ""
FIBERMAP 866 R+11C13 METROLOGY 0 0 0 1 0 0 89.2166672867549 211.4514097800214 143.1 204.13011032309814 104.76582512890839 182.64745 127.0695 -999.0 -999.0 -999.0 -999.0 -999.0 140.19136478824237 13.466625839006355 140.2163932329335 13.35810783736151 65.24165856614695 137.69286051184957 -999.0 6231.0 -999.0 -1 -999 {-999.0 -999.0 -999.0 -999.0 -999.0} "" -999.0 -999.0 -999.0 -999.0 -999 -999 "" "" "" "" 0 0 0.0 0.0 -999 ""
FIBERMAP 868 R+9C15 APOGEE 0 0 0 1 0 0 136.04053730301257 170.18803688991687 143.1 213.5211455130856 43.08112786369406 346.56522 112.8613 -999.0 -999.0 -999.0 -999.0 -999.0 140.2349856174021 13.187100513068444 140.25952816232962 13.078512907812616 64.98949441131182 137.99673802911923 -999.0 16600.0 -999.0 2 -999 {-999.0 -999.0 -999.0 -999.0 -999.0} "" -999.0 -999.0 -999.0 -999.0 -999 -999 "" "" "" "" 0 0 0.0 0.0 -999 ""
FIBERMAP 868 R+9C15 BOSS 1 1 0 1 0 0 136.17485766340837 169.44961659854377 143.1 213.14999150498653 42.42900090507013 346.56522 112.8613 140.23337339926618 13.18408059376757 -0.51438195 0.3378156 0.07122018 140.23337191076752 13.184081545559216 140.25785351154687 13.075575028410858 64.9880384511484 138.00390112555826 5400.0 5400.0 2016.0 1 229 {-999.0 19.149769 19.090961 18.976788 18.863024} sdss_psfmag_from_lsdr10 19.25654 19.032808 18.703245 -999.0 63050394818040617 1059075447 dark_flexible_2x2 bhm_spiders_agn_lsdr10 bhm_spiders science 0 0 0.0 0.0 -999 ""
FIBERMAP 868 R+9C15 METROLOGY 0 0 0 1 0 0 135.47081040103836 169.7062970870371 143.1 212.77524194101727 43.077729998387454 346.56522 112.8613 -999.0 -999.0 -999.0 -999.0 -999.0 140.23161937408102 13.18704997420854 140.25612346413288 13.078523677214726 64.99141889097771 138.00312663486358 -999.0 6231.0 -999.0 -1 -999 {-999.0 -999.0 -999.0 -999.0 -999.0} "" -999.0 -999.0 -999.0 -999.0 -999 -999 "" "" "" "" 0 0 0.0 0.0 -999 ""
FIBERMAP 869 R+10C1 APOGEE 0 0 0 1 0 0 -189.3981581389767 196.37231407497805 143.1 -19.06779913964898 272.0899756618334 141.05746 140.37846 -999.0 -999.0 -999.0 -999.0 -999.0 139.14958818657445 14.22212454982856 139.176701798878 14.115138981353951 66.44289425477047 138.6398739767653 -999.0 16600.0 -999.0 2 115 {-999.0 -999.0 -999.0 -999.0 -999.0} "" -999.0 -999.0 -999.0 -999.0 -999 -999 "" ops_sky_apogee_best_unassigned ops_sky sky_apogee 0 0 0.0 0.0 -999 ""
FIBERMAP 869 R+10C1 BOSS 1 1 0 1 0 0 -189.49996053819748 197.10179230494282 143.1 -18.677466076021698 272.714372249522 141.05746 140.37846 139.15145874023438 14.224833091488748 -999.0 -999.0 -999.0 139.15145874023438 14.224833091488748 139.17852339172842 14.117916814301246 66.44415858514465 138.63226849467932 5400.0 5400.0 2015.5 1 79 {-999.0 -999.0 -999.0 -999.0 -999.0} "" -999.0 -999.0 -999.0 -999.0 27021603088395663 804882477 "" ops_sky_boss_good ops_sky sky_boss 0 0 0.0 0.0 -999 ""
FIBERMAP 869 R+10C1 METROLOGY 0 0 0 1 0 0 -188.8012980057653 196.824129656799 143.1 -18.320314350152728 272.05302064296615 141.05746 140.37846 -999.0 -999.0 -999.0 -999.0 -999.0 139.15311257310944 14.221917419530483 139.1801857678829 14.114978254719679 66.4408265468146 138.63317599305512 -999.0 6231.0 -999.0 -1 -999 {-999.0 -999.0 -999.0 -999.0 -999.0} "" -999.0 -999.0 -999.0 -999.0 -999 -999 "" "" "" "" 0 0 0.0 0.0 -999 ""
FIBERMAP 870 R0C26 APOGEE 0 0 0 1 0 0 286.133778668463 11.705195237286672 143.1 226.79390666895839 -174.73716015381316 96.554596 38.185555 -999.0 -999.0 -999.0 -999.0 -999.0 140.2904839630441 12.202183461618421 140.31324619571427 12.093708618308114 64.15028680178179 139.2032049199867 -999.0 16600.0 -999.0 2 38 {-999.0 -999.0 -999.0 -999.0 -999.0} "" -999.0 -999.0 -999.0 -999.0 -999 -999 "" "" "" "" 0 0 0.0 0.0 -999 ""
FIBERMAP 870 R0C26 BOSS 1 1 0 1 0 0 286.67665409480946 11.202212405249108 143.1 226.88700777550937 -175.47116548302884 96.554596 38.185555 140.29091005666285 12.19885027205842 2.049595 -10.366209 0.23088643 140.2909159647776 12.198821065382203 140.31361504210594 12.09042810235844 64.14737037458303 139.2067477219396 5400.0 5400.0 2016.0 1 173 {-999.0 17.64599 17.358534 17.254915 17.232399} sdss_psfmag_from_gaia 17.609 17.3627 16.9312 16.052 63050394818023538 969129684 "" ops_std_boss_gdr2 ops_std standard_boss 0 0 0.0 0.0 -999 ""
FIBERMAP 870 R0C26 METROLOGY 0 0 0 1 0 0 285.9430819600816 10.983870592286895 143.1 226.184651625486 -175.16751404031598 96.554596 38.185555 -999.0 -999.0 -999.0 -999.0 -999.0 140.2877081581625 12.200184117681195 140.31042777544627 12.091772933444764 64.1502338699389 139.2109279428489 -999.0 6231.0 -999.0 -1 -999 {-999.0 -999.0 -999.0 -999.0 -999.0} "" -999.0 -999.0 -999.0 -999.0 -999 -999 "" "" "" "" 0 0 0.0 0.0 -999 ""
FIBERMAP 871 R-7C18 APOGEE 0 0 0 1 0 0 188.22376187621728 -136.6363061615898 143.1 56.52031222772754 -225.55725115977702 52.20865 50.991932 -999.0 -999.0 -999.0 -999.0 -999.0 139.50444096313643 11.970033265845128 139.52725564477413 11.862910745547513 64.38183055042667 140.9735786851694 -999.0 16600.0 -999.0 2 234 {-999.0 -999.0 -999.0 -999.0 -999.0} "" -999.0 -999.0 -999.0 -999.0 -999 -999 "" ops_sky_apogee_best_unassigned ops_sky sky_apogee 0 0 0.0 0.0 -999 ""
FIBERMAP 871 R-7C18 BOSS 1 1 0 1 0 0 188.35816181907478 -137.37807910999354 143.1 56.14706668989679 -226.21199852357884 52.20865 50.991932 139.50276163082813 11.967024430509422 2.8361273 -16.455473 0.2761806 139.50276979910348 11.966978067401254 139.52552575068 11.859941373116266 64.38024908336668 140.98058676654583 5400.0 5400.0 2016.0 1 276 {-999.0 17.993288 17.790596 17.570398 -999.0} sdss_psfmag 17.95187 17.670147 17.235046 16.438 63050394818024139 976112106 "" ops_std_boss ops_std standard_boss 0 0 0.0 0.0 -999 ""
FIBERMAP 871 R-7C18 METROLOGY 0 0 0 1 0 0 187.65095653847635 -137.1419719779758 143.1 55.756688194876475 -225.57700828025133 52.20865 50.991932 -999.0 -999.0 -999.0 -999.0 -999.0 139.50095127340632 11.969847814424714 139.52372886201584 11.862790203564975 64.38359641333454 140.98044329432497 -999.0 6231.0 -999.0 -1 -999 {-999.0 -999.0 -999.0 -999.0 -999.0} "" -999.0 -999.0 -999.0 -999.0 -999 -999 "" "" "" "" 0 0 0.0 0.0 -999 ""
FIBERMAP 872 R+4C23 APOGEE 0 0 0 1 0 0 254.18596680968577 85.88588253362195 143.1 249.9371622353088 -97.37718690342514 33.772587 129.10214 -999.0 -999.0 -999.0 -999.0 -999.0 140.39970709654432 12.550906449852816 140.42301891262895 12.442179375300254 64.37686330395351 138.54534759286884 -999.0 16600.0 -999.0 2 77 {-999.0 -999.0 -999.0 -999.0 -999.0} "" -999.0 -999.0 -999.0 -999.0 -999 -999 "" "" "" "" 0 0 0.0 0.0 -999 ""
FIBERMAP 872 R+4C23 BOSS 1 1 0 1 0 0 254.88401207340385 85.63567406012608 143.1 250.31146741407375 -98.01710268084425 33.772587 129.10214 140.40133066576936 12.548102314157317 42.892807 -57.183937 2.1775565 140.4014544729544 12.547941199036 140.42470255233994 12.439292403955445 64.37355408496538 138.54602953168714 5400.0 5400.0 2016.0 1 247 {-999.0 20.265818 18.788614 17.613367 -999.0} sdss_psfmag 19.519722 18.288942 17.177006 15.112 63050394818034774 1136071385 dark_flexible_3x1 mwm_halo_local_high_boss_triple mwm_halo science 0 0 0.0 0.0 -999 ""
FIBERMAP 872 R+4C23 METROLOGY 0 0 0 1 0 0 254.31482955454638 85.14685173458503 143.1 249.5614338141984 -98.02627775347375 33.772587 129.10214 -999.0 -999.0 -999.0 -999.0 -999.0 140.39800929187388 12.547913890944265 140.42127587782414 12.439247919911049 64.37542501002609 138.55244536977142 -999.0 6231.0 -999.0 -1 -999 {-999.0 -999.0 -999.0 -999.0 -999.0} "" -999.0 -999.0 -999.0 -999.0 -999 -999 "" "" "" "" 0 0 0.0 0.0 -999 ""
FIBERMAP 875 R+1C7 APOGEE 0 0 0 1 0 0 -153.2937364545751 35.896029583338695 143.1 -94.4302902054138 125.92864118104498 152.81293 73.04001 -999.0 -999.0 -999.0 -999.0 -999.0 138.79818013402652 13.563252923380212 138.82431152251945 13.456995172463575 66.09151668247361 140.26320355011444 -999.0 16600.0 -999.0 2 138 {-999.0 -999.0 -999.0 -999.0 -999.0} "" -999.0 -999.0 -999.0 -999.0 -999 -999 "" ops_sky_apogee_best_unassigned ops_sky sky_apogee 0 0 0.0 0.0 -999 ""
FIBERMAP 875 R+1C7 BOSS 1 1 0 1 0 0 -152.76262725923732 36.422437193498006 143.1 -93.68530311007783 125.99106410282077 152.81293 73.04001 138.8016738177891 13.563525533761663 -999.0 -999.0 -999.0 138.8016738177891 13.563525533761664 138.82775194893853 13.45733726238162 66.08995220140974 140.25585700873108 5400.0 5400.0 2016.0 1 21 {-999.0 21.99996 21.18795 20.646223 20.223606} sdss_fiber2mag_from_lsdr10 20.226755 20.998348 19.26426 -999.0 63050394818504140 1059076666 dark_flexible_2x2 bhm_spiders_agn_lsdr10 bhm_spiders science 0 0 0.0 0.0 -999 ""
FIBERMAP 875 R+1C7 METROLOGY 0 0 0 1 0 0 -152.5658598868568 35.6959270907511 143.1 -94.00095407691505 125.3079714563914 152.81293 73.04001 -999.0 -999.0 -999.0 -999.0 -999.0 138.8001958938219 13.560434637839043 138.82628394600948 13.45422812154783 66.08815044128293 140.26303270738106 -999.0 6231.0 -999.0 -1 -999 {-999.0 -999.0 -999.0 -999.0 -999.0} "" -999.0 -999.0 -999.0 -999.0 -999 -999 "" "" "" "" 0 0 0.0 0.0 -999 ""
FIBERMAP 877 R+13C4 APOGEE 0 0 0 1 0 0 -87.8145268300195 248.60023220888147 143.1 92.31294109233225 246.89478547526457 169.13544 143.65617 -999.0 -999.0 -999.0 -999.0 -999.0 139.6693474020836 14.109340117139169 139.69591285245224 14.00150388800543 66.05918726108219 137.78200009079063 -999.0 16600.0 -999.0 2 114 {-999.0 -999.0 -999.0 -999.0 -999.0} "" -999.0 -999.0 -999.0 -999.0 -999 -999 "" ops_sky_apogee_best_unassigned ops_sky sky_apogee 0 0 0.0 0.0 -999 ""
FIBERMAP 877 R+13C4 BOSS 1 1 0 1 0 0 -88.33005373230932 249.12698873008273 143.1 92.25606204490265 247.62945111847844 169.13544 143.65617 139.6691378002056 14.112610983596936 -5.0562673 -20.16055 3.342096 139.66912311088598 14.112554181478295 139.69563978065315 14.004791459590287 66.06201408688027 137.77781244841344 5400.0 5400.0 2016.0 1 86 {-999.0 20.66299 20.69824 20.741266 -999.0} sdss_psfmag 20.925087 20.662996 20.301136 -999.0 63050394818516872 1092518686 dark_flexible_2x1 mwm_cb_galex_vol_boss mwm_cb science 0 0 0.0 0.0 -999 ""
FIBERMAP 877 R+13C4 METROLOGY 0 0 0 1 0 0 -87.62602828911216 249.32324714344057 143.1 92.92159679129314 247.32784601305005 169.13544 143.65617 -999.0 -999.0 -999.0 -999.0 -999.0 139.6722120127995 14.111211056753815 139.6987399493844 14.00342250190976 66.05914939951944 137.7737513871865 -999.0 6231.0 -999.0 -1 -999 {-999.0 -999.0 -999.0 -999.0 -999.0} "" -999.0 -999.0 -999.0 -999.0 -999 -999 "" "" "" "" 0 0 0.0 0.0 -999 ""
FIBERMAP 880 R-8C1 APOGEE 0 0 0 1 0 0 -185.11414519019618 -152.3025659225218 143.1 -239.64566244862957 2.1323081221993223 37.972534 87.19573 -999.0 -999.0 -999.0 -999.0 -999.0 138.1265480228312 12.997352748725902 138.15205190692728 12.892358844596874 65.96949844535688 142.36986966175903 -999.0 16600.0 -999.0 2 276 {-999.0 -999.0 -999.0 -999.0 -999.0} "" -999.0 -999.0 -999.0 -999.0 -999 -999 "" ops_sky_apogee_best_unassigned ops_sky sky_apogee 0 0 0.0 0.0 -999 ""
FIBERMAP 880 R-8C1 BOSS 1 1 0 1 0 0 -184.6602320895331 -152.90625660227565 143.1 -239.6853954717927 1.378242062407063 37.972534 87.19573 138.1264042910447 12.99385804690797 0.7914982 0.11208761 0.2760277 138.12640657968439 12.993858362713521 138.15185477807216 12.88894285467785 65.96669575130107 142.37468824182966 5400.0 5400.0 2016.0 1 418 {-999.0 19.796515 19.554457 19.427048 19.323275} sdss_psfmag_from_lsdr10 19.797516 19.482613 19.006638 -999.0 63050394818502984 1059074156 dark_flexible_2x2 bhm_spiders_agn_lsdr10 bhm_spiders science 0 0 0.0 0.0 -999 ""
FIBERMAP 880 R-8C1 METROLOGY 0 0 0 1 0 0 -185.40449632630398 -152.9926260682647 143.1 -240.31121486540894 1.7898952732320894 37.972534 87.19573 -999.0 -999.0 -999.0 -999.0 -999.0 138.1235145819257 12.995727746004064 138.1489820356078 12.8907948870345 65.96974489521779 142.37813919344936 -999.0 6231.0 -999.0 -1 -999 {-999.0 -999.0 -999.0 -999.0 -999.0} "" -999.0 -999.0 -999.0 -999.0 -999 -999 "" "" "" "" 0 0 0.0 0.0 -999 ""
FIBERMAP 885 R+12C10 APOGEE 0 0 0 1 0 0 64.30798175558252 231.36633075276876 143.1 197.82736975879786 136.01984397193127 44.377502 58.031517 -999.0 -999.0 -999.0 -999.0 -999.0 140.16170963322483 13.608052182114557 140.18705036379475 13.499499376918465 65.37319624095335 137.5511616933927 -999.0 16600.0 -999.0 2 -999 {-999.0 -999.0 -999.0 -999.0 -999.0} "" -999.0 -999.0 -999.0 -999.0 -999 -999 "" "" "" "" 0 0 0.0 0.0 -999 ""
FIBERMAP 885 R+12C10 BOSS 1 1 0 1 0 0 64.48807804823842 230.63696362178985 143.1 197.49710859319288 135.34526523034023 44.377502 58.031517 140.16032442010564 13.604966391961955 -16.464006 -2.1253116 1.1234576 140.16027669378454 13.60496040391609 140.1855564633964 13.496486664581466 65.37159758658825 137.5582115438808 5400.0 5400.0 2016.0 1 153 {-999.0 19.77667 20.13599 20.378302 -999.0} sdss_psfmag 19.93482 19.947111 19.923237 -999.0 63050394818042404 1143449429 dark_1x3 mwm_wd_pwd_boss_1x3 mwm_wd science 0 0 0.0 0.0 -999 ""
FIBERMAP 885 R+12C10 METROLOGY 0 0 0 1 0 0 63.77116155744877 230.84817435226077 143.1 197.0833035854881 135.96741102380682 44.377502 58.031517 -999.0 -999.0 -999.0 -999.0 -999.0 140.15833159126151 13.607800184483905 140.18363378422953 13.499307502964099 65.37497934738192 137.55790450557282 -999.0 6231.0 -999.0 -1 -999 {-999.0 -999.0 -999.0 -999.0 -999.0} "" -999.0 -999.0 -999.0 -999.0 -999 -999 "" "" "" "" 0 0 0.0 0.0 -999 ""
FIBERMAP 886 R+3C2 APOGEE 0 0 0 1 0 0 -228.60058030364877 77.25181595781342 143.1 -125.58993568401647 205.97118012908206 125.462364 49.87737 -999.0 -999.0 -999.0 -999.0 -999.0 138.65296834688533 13.923325688142826 138.67985514029135 13.817243055236974 66.46916881876048 140.05722418523558 -999.0 16600.0 -999.0 2 -999 {-999.0 -999.0 -999.0 -999.0 -999.0} "" -999.0 -999.0 -999.0 -999.0 -999 -999 "" "" "" "" 0 0 0.0 0.0 -999 ""
FIBERMAP 886 R+3C2 BOSS 1 1 0 1 0 0 -227.88762298658224 77.21659964404864 143.1 -125.06617049739783 205.48644967647493 125.462364 49.87737 138.6554334775349 13.921122954780817 1.1997625 0.07688634 1.7150137 138.6554369601437 13.921123171407183 138.6822669544552 13.815110747740405 66.46609431111531 140.05531746091836 5400.0 5400.0 2016.0 1 73 {-999.0 20.927725 20.711475 20.326532 20.08698} sdss_fiber2mag_from_lsdr10 20.246025 20.24277 19.415878 -999.0 63050394818515117 1059079290 dark_flexible_2x2 bhm_spiders_agn_lsdr10 bhm_spiders science 0 0 0.0 0.0 -999 ""
FIBERMAP 886 R+3C2 METROLOGY 0 0 0 1 0 0 -228.27266825332228 76.58164010942548 143.1 -125.76891538108472 205.24706000620859 125.462364 49.87737 -999.0 -999.0 -999.0 -999.0 -999.0 138.6521556812936 13.920033484808068 138.67900042238932 13.814005895643657 66.46693936177044 140.0634594640959 -999.0 6231.0 -999.0 -1 -999 {-999.0 -999.0 -999.0 -999.0 -999.0} "" -999.0 -999.0 -999.0 -999.0 -999 -999 "" "" "" "" 0 0 0.0 0.0 -999 ""
FIBERMAP 891 R+9C3 APOGEE 1 1 0 1 0 0 -133.0264232212521 172.39932246889546 143.1 8.741249924522773 217.52572353240606 350.7208 117.91257 139.27980245183858 13.978584699682244 7.5440903 -18.56091 0.5304758 139.2798243558871 13.978532404530291 139.30640694703146 13.871375953121133 66.17096271271316 138.7300627144993 16000.0 16600.0 2016.0 2 99 {-999.0 12.644846 11.970285 11.708864 -999.0} sdss_psfmag_from_g3xp 12.469387 11.999931 11.362763 10.089 63050394818515439 1135905734 dark_flexible_3x1 mwm_halo_local_high_apogee_triple mwm_halo science 0 0 0.0 0.0 -999 ""
FIBERMAP 891 R+9C3 BOSS 0 0 0 1 0 0 -132.77717407901415 171.6847621330032 143.1 8.473490540647402 216.8180935472625 350.7208 117.91257 -999.0 -999.0 -999.0 -999.0 -999.0 139.2786344892542 13.975322526389823 139.3051590121512 13.868242780735931 66.16908328346989 138.73695422620617 -999.0 5400.0 -999.0 1 58 {-999.0 -999.0 -999.0 -999.0 -999.0} "" -999.0 -999.0 -999.0 -999.0 -999 -999 "" "" "" "" 0 0 0.0 0.0 -999 ""
FIBERMAP 891 R+9C3 METROLOGY 0 0 0 1 0 0 -133.51063710816538 171.82204912811451 143.1 7.999543576849606 217.39421127533473 350.7208 117.91257 -999.0 -999.0 -999.0 -999.0 -999.0 139.27639874502302 13.977918760415267 139.30294451421702 13.87082126162989 66.17242777939198 138.73767636320864 -999.0 6231.0 -999.0 -1 -999 {-999.0 -999.0 -999.0 -999.0 -999.0} "" -999.0 -999.0 -999.0 -999.0 -999 -999 "" "" "" "" 0 0 0.0 0.0 -999 ""
FIBERMAP 894 R+13C9 APOGEE 0 0 0 1 0 0 32.44801630894352 263.02551093936904 143.1 193.73771865077072 180.7370362776224 77.28749 133.36395 -999.0 -999.0 -999.0 -999.0 -999.0 140.14179253467853 13.809528985781515 140.1675070338493 13.700968104210688 65.54767066159695 137.3043293050282 -999.0 16600.0 -999.0 2 56 {-999.0 -999.0 -999.0 -999.0 -999.0} "" -999.0 -999.0 -999.0 -999.0 -999 -999 "" ops_sky_apogee_best_unassigned ops_sky sky_apogee 0 0 0.0 0.0 -999 ""
FIBERMAP 894 R+13C9 BOSS 1 1 0 1 0 0 33.08266103115834 263.41759270971585 143.1 194.475808578927 180.63004525094254 77.28749 133.36395 140.1452666949494 13.808946015657753 -999.0 -999.0 -999.0 140.1452666949494 13.808946015657755 140.1709216791357 13.70045472573539 65.54530781985302 137.29856858547342 5400.0 5400.0 2016.0 1 165 {-999.0 21.210615 21.003386 20.697678 20.422535} sdss_psfmag_from_lsdr10 1e+20 1e+20 1e+20 -999.0 63050398252809100 1059077925 dark_flexible_2x2 bhm_spiders_agn_lsdr10 bhm_spiders science 0 0 0.0 0.0 -999 ""
FIBERMAP 894 R+13C9 METROLOGY 0 0 0 1 0 0 33.1170007959391 262.66817434294745 143.1 194.02097325404333 180.03368079295186 77.28749 133.36395 -999.0 -999.0 -999.0 -999.0 -999.0 140.14316457044706 13.806307467025801 140.16883217944326 13.697798879504031 65.54434905666618 137.30630432971992 -999.0 6231.0 -999.0 -1 -999 {-999.0 -999.0 -999.0 -999.0 -999.0} "" -999.0 -999.0 -999.0 -999.0 -999 -999 "" "" "" "" 0 0 0.0 0.0 -999 ""
FIBERMAP 895 R+11C14 APOGEE 0 0 0 1 0 0 139.88533204556467 201.6557964356991 143.1 236.670958781564 64.72797624220011 21.580893 48.377888 -999.0 -999.0 -999.0 -999.0 -999.0 140.3415673868291 13.284616224129763 140.36621571866925 13.17583304875376 65.00857007119654 137.6629352663726 -999.0 16600.0 -999.0 2 96 {-999.0 -999.0 -999.0 -999.0 -999.0} "" -999.0 -999.0 -999.0 -999.0 -999 -999 "" ops_sky_apogee_best_unassigned ops_sky sky_apogee 0 0 0.0 0.0 -999 ""
FIBERMAP 895 R+11C14 BOSS 1 1 0 1 0 0 139.6290154491629 200.9511758865197 143.1 236.02214048787346 64.35255370868869 21.580893 48.377888 140.33867613081372 13.28288877009571 -2.6826475 -8.747542 0.28603232 140.33866836472367 13.28286412399433 140.3632584676468 13.17416354615265 65.00888656702531 137.6707776719555 5400.0 5400.0 2016.0 1 88 {-999.0 18.139744 17.777721 17.637918 17.58834} sdss_psfmag_from_gaia 18.0821 17.7889 17.3081 17.002 63050394818040794 969129818 "" ops_std_boss_gdr2 ops_std standard_boss 0 0 0.0 0.0 -999 ""
FIBERMAP 895 R+11C14 METROLOGY 0 0 0 1 0 0 139.14531199305887 201.51998604956196 143.1 236.01664919881247 65.09901546832457 21.580893 48.377888 -999.0 -999.0 -999.0 -999.0 -999.0 140.33861863632484 13.286262320003855 140.363231020152 13.177539160064958 65.01164818368345 137.66618220688125 -999.0 6231.0 -999.0 -1 -999 {-999.0 -999.0 -999.0 -999.0 -999.0} "" -999.0 -999.0 -999.0 -999.0 -999 -999 "" "" "" "" 0 0 0.0 0.0 -999 ""
FIBERMAP 896 R-8C17 APOGEE 0 0 0 1 0 0 156.37418948913182 -176.79054444181253 143.1 6.332012557985256 -235.8809847131519 334.45325 33.51425 -999.0 -999.0 -999.0 -999.0 -999.0 139.27202221572497 11.923167070032868 139.29488815435678 11.816443993514625 64.46503308886992 141.47552605204052 -999.0 16600.0 -999.0 2 230 {-999.0 -999.0 -999.0 -999.0 -999.0} "" -999.0 -999.0 -999.0 -999.0 -999 -999 "" ops_sky_apogee_best_unassigned ops_sky sky_apogee 0 0 0.0 0.0 -999 ""
FIBERMAP 896 R-8C17 BOSS 1 1 0 1 0 0 155.6534666004572 -176.92487111368146 143.1 5.693443961581863 -235.5211978654954 334.45325 33.51425 139.26911755756652 11.924656919514636 -0.09310539 0.45804852 0.1762598 139.26911728945737 11.924658210061143 139.29193417187224 11.818022144231483 64.46791335836183 141.47923385721717 5400.0 5400.0 2016.0 1 275 {-999.0 20.175877 20.07176 20.015358 19.9651} sdss_psfmag_from_gdr3 19.965015 20.027777 19.52694 -999.0 63050394818021758 1128537941 dark_flexible_3x1 bhm_spiders_agn_gaiadr3_d3 bhm_spiders science 0 0 0.0 0.0 -999 ""
FIBERMAP 896 R-8C17 METROLOGY 0 0 0 1 0 0 155.88904851134956 -176.21711469652027 143.1 6.32838554948972 -235.13005979715842 334.45325 33.51425 -999.0 -999.0 -999.0 -999.0 -999.0 139.27203995984704 11.926444737469806 139.29487354697955 11.819780020227665 64.46785895921215 141.47141260580509 -999.0 6231.0 -999.0 -1 -999 {-999.0 -999.0 -999.0 -999.0 -999.0} "" -999.0 -999.0 -999.0 -999.0 -999 -999 "" "" "" "" 0 0 0.0 0.0 -999 ""
FIBERMAP 897 R-6C3 APOGEE 0 0 0 1 0 0 -194.92176340339242 -116.28414791531733 143.1 -224.036708710701 36.03186126311986 196.85123 97.85536 -999.0 -999.0 -999.0 -999.0 -999.0 138.19752488453577 13.151440494835656 138.2232706697779 13.046293271841867 66.06343269708681 142.02466387568123 -999.0 16600.0 -999.0 2 298 {-999.0 -999.0 -999.0 -999.0 -999.0} "" -999.0 -999.0 -999.0 -999.0 -999 -999 "" ops_sky_apogee_best_unassigned ops_sky sky_apogee 0 0 0.0 0.0 -999 ""
FIBERMAP 897 R-6C3 BOSS 1 1 0 1 0 0 -195.23693815883496 -115.61310670733987 143.1 -223.84741219085666 36.748466786043224 196.85123 97.85536 138.19839477539062 13.154623420860048 -999.0 -999.0 -999.0 138.19839477539062 13.15462342086005 138.22409640528747 13.049550884168191 66.06576546666244 142.0187188568972 5400.0 5400.0 2015.5 1 445 {-999.0 -999.0 -999.0 -999.0 -999.0} "" -999.0 -999.0 -999.0 -999.0 27021603088387133 816613501 "" ops_sky_boss_good ops_sky sky_boss 0 0 0.0 0.0 -999 ""
FIBERMAP 897 R-6C3 METROLOGY 0 0 0 1 0 0 -194.495844793762 -115.67337498773684 143.1 -223.31816912754184 36.22647346229003 196.85123 97.85536 -999.0 -999.0 -999.0 -999.0 -999.0 138.20083556676204 13.152296456858545 138.2265454725977 13.047198425755168 66.06250502791949 142.01681684735374 -999.0 6231.0 -999.0 -1 -999 {-999.0 -999.0 -999.0 -999.0 -999.0} "" -999.0 -999.0 -999.0 -999.0 -999 -999 "" "" "" "" 0 0 0.0 0.0 -999 ""
FIBERMAP 898 R+4C19 APOGEE 0 0 0 1 0 0 173.5934461588965 63.140081931910565 143.1 173.57147551150535 -63.06535371965966 37.63586 17.004189 -999.0 -999.0 -999.0 -999.0 -999.0 140.0493280702236 12.70565500380928 140.07312927144494 12.597473289693125 64.69862019678526 138.99433810402195 -999.0 16600.0 -999.0 2 90 {-999.0 -999.0 -999.0 -999.0 -999.0} "" -999.0 -999.0 -999.0 -999.0 -999 -999 "" ops_sky_apogee_best_unassigned ops_sky sky_apogee 0 0 0.0 0.0 -999 ""
FIBERMAP 898 R+4C19 BOSS 1 1 0 1 0 0 173.15090614144526 62.560280897473625 143.1 172.86008309310915 -63.225559092309005 37.63586 17.004189 140.04614150921745 12.70482732331815 -999.0 -999.0 -999.0 140.04614150921745 12.704827323318153 140.06988719557444 12.596730711872842 64.6997962427821 139.00142724556795 5400.0 5400.0 2016.0 1 208 {-999.0 22.169392 20.801958 20.290754 19.93706} sdss_fiber2mag_from_lsdr10 21.370623 21.61948 19.105148 -999.0 63050394818035137 1058143514 dark_flexible_2x2 bhm_spiders_clusters_lsdr10 bhm_spiders science 0 0 0.0 0.0 -999 ""
FIBERMAP 898 R+4C19 METROLOGY 0 0 0 1 0 0 172.85086964869134 63.24013633682202 143.1 173.0666398599247 -62.51191804855189 37.63586 17.004189 -999.0 -999.0 -999.0 -999.0 -999.0 140.04708365613413 12.70809259120169 140.0708504936946 12.599971161787208 64.70193784971949 138.99532621163465 -999.0 6231.0 -999.0 -1 -999 {-999.0 -999.0 -999.0 -999.0 -999.0} "" -999.0 -999.0 -999.0 -999.0 -999 -999 "" "" "" "" 0 0 0.0 0.0 -999 ""
FIBERMAP 899 R+4C21 APOGEE 0 0 0 1 0 0 218.65974098458034 74.86094753509971 143.1 215.63324281112236 -83.01712838128563 23.071194 82.09875 -999.0 -999.0 -999.0 -999.0 -999.0 140.24292784435175 12.615467216354274 140.26644998200493 12.50698455572709 64.51713812172247 138.75131082051283 -999.0 16600.0 -999.0 2 33 {-999.0 -999.0 -999.0 -999.0 -999.0} "" -999.0 -999.0 -999.0 -999.0 -999 -999 "" ops_sky_apogee_best_unassigned ops_sky sky_apogee 0 0 0.0 0.0 -999 ""
FIBERMAP 899 R+4C21 BOSS 1 1 0 1 0 0 218.85309650189745 74.14191315232823 143.1 215.3197768291804 -83.69230148064582 23.071194 82.09875 140.24156447202532 12.612347278665911 -2.3324127 -10.842995 0.12904325 140.24155773798554 12.612316728651491 140.26501842240938 12.503917132465926 64.51540682270601 138.75803286800982 5400.0 5400.0 2016.0 1 193 {-999.0 17.23921 16.934479 16.819921 -999.0} sdss_psfmag 17.199581 16.9317 16.513504 15.518 63050394818035024 980406440 "" ops_std_boss_tic ops_std standard_boss 0 0 0.0 0.0 -999 ""
FIBERMAP 899 R+4C21 METROLOGY 0 0 0 1 0 0 218.1291276627549 74.34077129182853 143.1 214.89263647440373 -83.07509425893984 23.071194 82.09875 -999.0 -999.0 -999.0 -999.0 -999.0 140.23958800471013 12.615131749775012 140.2630710183102 12.50671208990584 64.5187870790288 138.75798179573763 -999.0 6231.0 -999.0 -1 -999 {-999.0 -999.0 -999.0 -999.0 -999.0} "" -999.0 -999.0 -999.0 -999.0 -999 -999 "" "" "" "" 0 0 0.0 0.0 -999 ""
FIBERMAP 901 R+8C13 APOGEE 0 0 0 1 0 0 66.39278515252914 169.26286875393697 143.1 159.55256308619926 87.08830792670894 101.12741 108.88613 -999.0 -999.0 -999.0 -999.0 -999.0 139.98495605837175 13.387678687456734 140.0100157515779 13.279463418848808 65.29377804878153 138.19308830370463 -999.0 16600.0 -999.0 2 -999 {-999.0 -999.0 -999.0 -999.0 -999.0} "" -999.0 -999.0 -999.0 -999.0 -999 -999 "" "" "" "" 0 0 0.0 0.0 -999 ""
FIBERMAP 901 R+8C13 BOSS 1 1 0 1 0 0 67.04032912638897 169.6369159616619 143.1 160.2889595714513 86.95921435253447 101.12741 108.88613 139.98848406197828 13.387029734707049 -0.72828734 -0.35176635 0.28597486 139.988481952725 13.387028743609353 140.0134825110022 13.278884604261288 65.29136144791656 138.18728704576256 5400.0 5400.0 2016.0 1 151 {-999.0 17.43789 17.06294 16.978117 -999.0} sdss_psfmag 17.375256 17.081354 16.626251 16.073 63050394818042147 976112094 "" ops_std_boss ops_std standard_boss 0 0 0.0 0.0 -999 ""
FIBERMAP 901 R+8C13 METROLOGY 0 0 0 1 0 0 67.0425958740911 168.8962517785322 143.1 159.81516555039167 86.39015061627451 101.12741 108.88613 -999.0 -999.0 -999.0 -999.0 -999.0 139.9862608565459 13.384473727210516 140.0112741130137 13.276312019955743 65.29049643492972 138.19503523212845 -999.0 6231.0 -999.0 -1 -999 {-999.0 -999.0 -999.0 -999.0 -999.0} "" -999.0 -999.0 -999.0 -999.0 -999 -999 "" "" "" "" 0 0 0.0 0.0 -999 ""
FIBERMAP 903 R+10C13 APOGEE 0 0 0 1 0 0 100.0135438356485 208.4579543294136 143.1 210.4824042856093 95.53983351027327 89.212555 76.44337 -999.0 -999.0 -999.0 -999.0 -999.0 140.22072866190385 13.424754414112426 140.245703880525 13.316141598446317 65.19093288695309 137.69575117571716 -999.0 16600.0 -999.0 2 -999 {-999.0 -999.0 -999.0 -999.0 -999.0} "" -999.0 -999.0 -999.0 -999.0 -999 -999 "" "" "" "" 0 0 0.0 0.0 -999 ""
FIBERMAP 903 R+10C13 BOSS 1 1 0 1 0 0 100.72872273770166 208.29081366020023 143.1 210.923172142527 94.95257642275864 89.212555 76.44337 140.22286899434636 13.422021474431572 -3.9241798 0.366653 0.19324517 140.22285762755 13.422022507471963 140.2477700758279 13.313483572054073 65.18760121329302 137.6955373112466 5400.0 5400.0 2016.0 1 98 {-999.0 17.506573 17.192024 17.047243 -999.0} sdss_psfmag 17.463171 17.170542 16.712051 16.091 63050394818041161 976117804 "" ops_std_boss ops_std standard_boss 0 0 0.0 0.0 -999 ""
FIBERMAP 903 R+10C13 METROLOGY 0 0 0 1 0 0 100.22540253986051 207.74256781153576 143.1 210.18546028233507 94.85557629019274 89.212555 76.44337 -999.0 -999.0 -999.0 -999.0 -999.0 140.2194315739806 13.421624262857716 140.24436159630102 13.313069285224039 65.18919320447554 137.70254165008265 -999.0 6231.0 -999.0 -1 -999 {-999.0 -999.0 -999.0 -999.0 -999.0} "" -999.0 -999.0 -999.0 -999.0 -999 -999 "" "" "" "" 0 0 0.0 0.0 -999 ""
FIBERMAP 904 R+7C9 APOGEE 0 0 0 1 0 0 -29.255983399801746 121.81300562420836 143.1 55.78767913135526 112.13478310262589 299.55127 105.603004 -999.0 -999.0 -999.0 -999.0 -999.0 139.5008649420409 13.502426796699128 139.52643978895958 13.394995112628559 65.65759249588794 138.9640057880891 -999.0 16600.0 -999.0 2 23 {-999.0 -999.0 -999.0 -999.0 -999.0} "" -999.0 -999.0 -999.0 -999.0 -999 -999 "" ops_sky_apogee_best_unassigned ops_sky sky_apogee 0 0 0.0 0.0 -999 ""
FIBERMAP 904 R+7C9 BOSS 1 1 0 1 0 0 -29.763634405593084 121.28103995948184 143.1 55.05710077594392 112.05303982142892 299.55127 105.603004 139.49752807617188 13.502030162274153 -999.0 -999.0 -999.0 139.49752807617188 13.502030162274155 139.5230503559561 13.394680248044551 65.65920426033934 138.9710259721829 5400.0 5400.0 2015.5 1 131 {-999.0 -999.0 -999.0 -999.0 -999.0} "" -999.0 -999.0 -999.0 -999.0 27021603088393589 804882194 "" ops_sky_boss_good ops_sky sky_boss 0 0 0.0 0.0 -999 ""
FIBERMAP 904 R+7C9 METROLOGY 0 0 0 1 0 0 -29.987597507138616 121.99305826930181 143.1 55.34260606551767 112.74248724077763 299.55127 105.603004 -999.0 -999.0 -999.0 -999.0 -999.0 139.49883723646272 13.505171553583509 139.52437971206433 13.39779723412312 65.66103697184474 138.96415093653292 -999.0 6231.0 -999.0 -1 -999 {-999.0 -999.0 -999.0 -999.0 -999.0} "" -999.0 -999.0 -999.0 -999.0 -999 -999 "" "" "" "" 0 0 0.0 0.0 -999 ""
FIBERMAP 905 R-1C5 APOGEE 1 1 0 1 0 0 -177.11038456439834 -16.58300726907541 143.1 -146.375486232004 101.00238569680992 18.94137 110.91069 138.55628338382544 13.448757752903303 0.44504353 -20.11387 2.318428 138.5562846730839 13.448701082301369 138.58235716372403 13.3428787873368 66.12531013205505 140.90364093667168 16000.0 16600.0 2016.0 2 266 {-999.0 10.571112 10.351273 10.305461 -999.0} sdss_psfmag_from_g3xp 10.567044 10.350384 9.981991 9.426 63050394818504147 974607950 "" ops_std_apogee ops_std standard_apogee 0 0 0.0 0.0 -999 ""
FIBERMAP 905 R-1C5 BOSS 0 0 0 1 0 0 -176.62376812530414 -17.14045649288905 143.1 -146.3604684743586 100.26276016689219 18.94137 110.91069 -999.0 -999.0 -999.0 -999.0 -999.0 138.5563630858331 13.445304202746389 138.58237887792035 13.339558254918924 66.12251452205307 140.90806803106386 -999.0 5400.0 -999.0 1 485 {-999.0 -999.0 -999.0 -999.0 -999.0} "" -999.0 -999.0 -999.0 -999.0 -999 -999 "" "" "" "" 0 0 0.0 0.0 -999 ""
FIBERMAP 905 R-1C5 METROLOGY 0 0 0 1 0 0 -177.34829566584622 -17.294370915329896 143.1 -147.01452875795158 100.60997864458552 18.94137 110.91069 -999.0 -999.0 -999.0 -999.0 -999.0 138.55331383157255 13.446871672329666 138.57934877835532 13.341109125375237 66.12542150175977 140.91208788274494 -999.0 6231.0 -999.0 -1 -999 {-999.0 -999.0 -999.0 -999.0 -999.0} "" -999.0 -999.0 -999.0 -999.0 -999 -999 "" "" "" "" 0 0 0.0 0.0 -999 ""
FIBERMAP 906 R+11C11 APOGEE 0 0 0 1 0 0 56.58081290996712 225.0818474217441 143.1 187.87080141200377 136.16482717055425 75.35392 126.86838 -999.0 -999.0 -999.0 -999.0 -999.0 140.11566402316097 13.609045078330064 140.14103631954555 13.500568189165678 65.40015780402484 137.6369324863469 -999.0 16600.0 -999.0 2 1 {-999.0 -999.0 -999.0 -999.0 -999.0} "" -999.0 -999.0 -999.0 -999.0 -999 -999 "" ops_sky_apogee_best_unassigned ops_sky sky_apogee 0 0 0.0 0.0 -999 ""
FIBERMAP 906 R+11C11 BOSS 1 1 0 1 0 0 57.26265556425773 225.37248853190044 143.1 188.57993320959483 135.94979438869393 75.35392 126.86838 140.11903348049947 13.607994839451457 -999.0 -999.0 -999.0 140.11903348049947 13.607994839451457 140.14434558756355 13.499588607770754 65.39748655110878 137.63202202000056 5400.0 5400.0 2016.0 1 108 {-999.0 21.637093 20.668903 20.193048 19.833052} sdss_fiber2mag_from_lsdr10 20.35033 20.699375 19.20863 -999.0 63050394818042460 1059076688 dark_flexible_2x2 bhm_spiders_agn_lsdr10 bhm_spiders science 0 0 0.0 0.0 -999 ""
FIBERMAP 906 R+11C11 METROLOGY 0 0 0 1 0 0 57.182949623578345 224.63515283856515 143.1 188.04545637484276 135.43591064634114 75.35392 126.86838 -999.0 -999.0 -999.0 -999.0 -999.0 140.1165478072468 13.605710368957812 140.1418733927468 13.497287177124011 65.39701706241065 137.6399358685614 -999.0 6231.0 -999.0 -1 -999 {-999.0 -999.0 -999.0 -999.0 -999.0} "" -999.0 -999.0 -999.0 -999.0 -999 -999 "" "" "" "" 0 0 0.0 0.0 -999 ""
FIBERMAP 907 R-6C6 APOGEE 0 0 0 1 0 0 -102.46180900423434 -128.14497969678314 143.1 -160.7950214187248 -32.420072736969935 322.65875 102.79346 -999.0 -999.0 -999.0 -999.0 -999.0 138.49153204221423 12.842270676894538 138.51652937513592 12.736681726853693 65.64919730606897 141.83547077123058 -999.0 16600.0 -999.0 2 -999 {-999.0 -999.0 -999.0 -999.0 -999.0} "" -999.0 -999.0 -999.0 -999.0 -999 -999 "" "" "" "" 0 0 0.0 0.0 -999 ""
FIBERMAP 907 R-6C6 BOSS 1 1 0 1 0 0 -102.77951492908048 -128.832747145736 143.1 -161.48006520514474 -32.743165888432806 322.65875 102.79346 138.4883861614659 12.840722339506096 -9.749976 -7.2865644 0.77654284 138.48835798640928 12.840701809692334 138.513303739969 12.735196866539052 65.64961646715929 141.84384694307752 5400.0 5400.0 2016.0 1 465 {-999.0 18.914501 19.36013 19.682968 -999.0} sdss_psfmag 19.030863 19.14571 19.507524 -999.0 63050394818501204 1143448931 dark_1x3 mwm_wd_pwd_boss_1x3 mwm_wd science 0 0 0.0 0.0 -999 ""
FIBERMAP 907 R-6C6 METROLOGY 0 0 0 1 0 0 -103.20337806618866 -128.22706079609353 143.1 -161.41602208897893 -32.006863526210005 322.65875 102.79346 -999.0 -999.0 -999.0 -999.0 -999.0 138.48863121037618 12.844072715188451 138.51359742494412 12.738544425917953 65.65229710941588 141.83893438172302 -999.0 6231.0 -999.0 -1 -999 {-999.0 -999.0 -999.0 -999.0 -999.0} "" -999.0 -999.0 -999.0 -999.0 -999 -999 "" "" "" "" 0 0 0.0 0.0 -999 ""
FIBERMAP 908 R+6C18 APOGEE 0 0 0 1 0 0 158.868974912221 124.77227570246079 143.1 201.85729575692835 -6.3798854073506055 27.614798 155.23062 -999.0 -999.0 -999.0 -999.0 -999.0 140.18086511049418 12.962884048657829 140.20504262193782 12.854431863828978 64.83672114626751 138.40314706964676 -999.0 16600.0 -999.0 2 -999 {-999.0 -999.0 -999.0 -999.0 -999.0} "" -999.0 -999.0 -999.0 -999.0 -999 -999 "" "" "" "" 0 0 0.0 0.0 -999 ""
FIBERMAP 908 R+6C18 BOSS 1 1 0 1 0 0 159.61502946029518 124.82673744485581 143.1 202.46400133231313 -6.817140559546198 27.614798 155.23062 140.18376865304273 12.96082728357917 -0.08354056 -4.4291472 1.2864026 140.1837684115149 12.960814804507134 140.20788388997622 12.852436958900183 64.83349945600384 138.4004926428855 5400.0 5400.0 2016.0 1 203 {-999.0 19.625246 18.215105 17.419804 -999.0} sdss_psfmag 19.054499 18.032953 17.032429 15.129 63050394818039803 1096110973 bright_1x1 mwm_bin_vis_boss mwm_filler science 0 0 0.0 0.0 -999 ""
FIBERMAP 908 R+6C18 METROLOGY 0 0 0 1 0 0 159.28701671009838 124.15429266406957 143.1 201.7808965693094 -7.121873849608344 27.614798 155.23062 -999.0 -999.0 -999.0 -999.0 -999.0 140.18058566433217 12.959459590113523 140.20471686618345 12.851064964806882 64.83414260913653 138.40829300936556 -999.0 6231.0 -999.0 -1 -999 {-999.0 -999.0 -999.0 -999.0 -999.0} "" -999.0 -999.0 -999.0 -999.0 -999 -999 "" "" "" "" 0 0 0.0 0.0 -999 ""
FIBERMAP 910 R+11C8 APOGEE 0 0 0 1 0 0 -12.529951589466007 228.3789400110217 143.1 137.02457218297917 183.062975079947 108.69371 100.057274 -999.0 -999.0 -999.0 -999.0 -999.0 139.87886222885015 13.822021849625443 139.90477084927875 13.713894399649584 65.70728910337345 137.78803333638325 -999.0 16600.0 -999.0 2 15 {-999.0 -999.0 -999.0 -999.0 -999.0} "" -999.0 -999.0 -999.0 -999.0 -999 -999 "" ops_sky_apogee_best_unassigned ops_sky sky_apogee 0 0 0.0 0.0 -999 ""
FIBERMAP 910 R+11C8 BOSS 1 1 0 1 0 0 -11.880860391797194 228.75386015103174 143.1 137.7627148357412 182.9335571085505 108.69371 100.057274 139.88237291784267 13.821371988634109 0.4116197 0.11553861 0.08935773 139.8823741121576 13.821372314162836 139.9082239884698 13.713314175757432 65.70486603749873 137.78222020612154 5400.0 5400.0 2016.0 1 111 {-999.0 19.841595 19.76441 19.729774 19.709776} sdss_psfmag_from_lsdr10 19.9727 19.730501 19.343254 -999.0 63050394818042949 1059077923 dark_flexible_2x2 bhm_spiders_agn_lsdr10 bhm_spiders science 0 0 0.0 0.0 -999 ""
FIBERMAP 910 R+11C8 METROLOGY 0 0 0 1 0 0 -11.8755095316419 228.0107083684037 143.1 137.28968720400871 182.3606068958249 108.69371 100.057274 -999.0 -999.0 -999.0 -999.0 -999.0 139.88016717810603 13.818822801647933 139.90602962462356 13.710747595042818 65.70401794873744 137.79006313407405 -999.0 6231.0 -999.0 -1 -999 {-999.0 -999.0 -999.0 -999.0 -999.0} "" -999.0 -999.0 -999.0 -999.0 -999 -999 "" "" "" "" 0 0 0.0 0.0 -999 ""
FIBERMAP 912 R+3C20 APOGEE 1 1 0 1 0 0 157.22716818114125 39.05515195484659 143.1 145.56583978052737 -71.01515608775414 313.78494 22.555313 139.91942425304862 12.669482225259605 9.868135 -12.657302 0.53890085 139.91945275026873 12.669446563453794 139.94326895635493 12.561487523265399 64.74033244613283 139.2869861029878 16000.0 16600.0 2016.0 2 62 {-999.0 13.68999 13.0278 12.767744 -999.0} sdss_psfmag_from_g3xp 13.519521 13.054052 12.422624 11.146 63050394818039529 1108971742 bright_flexible_3x1 mwm_tess_rgb_apogee mwm_tessrgb science 0 0 0.0 0.0 -999 ""
FIBERMAP 912 R+3C20 BOSS 0 0 0 1 0 0 156.54108552435304 39.34742566961293 143.1 145.2277094421466 -70.35068398251153 313.78494 22.555313 -999.0 -999.0 -999.0 -999.0 -999.0 139.9180016454958 12.67235714963326 139.94176855435347 12.564479629146227 64.7436304351688 139.28588471845976 -999.0 5400.0 -999.0 1 216 {-999.0 -999.0 -999.0 -999.0 -999.0} "" -999.0 -999.0 -999.0 -999.0 -999 -999 "" "" "" "" 0 0 0.0 0.0 -999 ""
FIBERMAP 912 R+3C20 METROLOGY 0 0 0 1 0 0 157.14203270567089 39.795295405412446 143.1 145.97579297829088 -70.39328692406652 313.78494 22.555313 -999.0 -999.0 -999.0 -999.0 -999.0 139.9214456208298 12.672194894267765 139.94522584790457 12.564289103691841 64.74157641512127 139.2795940705536 -999.0 6231.0 -999.0 -1 -999 {-999.0 -999.0 -999.0 -999.0 -999.0} "" -999.0 -999.0 -999.0 -999.0 -999 -999 "" "" "" "" 0 0 0.0 0.0 -999 ""
FIBERMAP 914 R+3C11 APOGEE 0 0 0 1 0 0 -15.462999139446826 53.42991413413654 143.1 22.453711494083862 50.87380632743193 27.311531 66.62154 -999.0 -999.0 -999.0 -999.0 -999.0 139.34540835850527 13.223826927349144 139.3705767095342 13.116712752078115 65.5131133740893 139.64651576610908 -999.0 16600.0 -999.0 2 124 {-999.0 -999.0 -999.0 -999.0 -999.0} "" -999.0 -999.0 -999.0 -999.0 -999 -999 "" ops_sky_apogee_best_unassigned ops_sky sky_apogee 0 0 0.0 0.0 -999 ""
FIBERMAP 914 R+3C11 BOSS 1 1 0 1 0 0 -15.388955403198608 52.691394129459276 143.1 22.036300442285903 50.260302559458324 27.311531 66.62154 139.34368545209242 13.221006293814524 -55.048664 -8.51907 1.491498 139.34352613031712 13.220982291383203 139.36863691681327 13.113949032347342 65.51187785333894 139.65402210957467 5400.0 5400.0 2016.0 1 14 {-999.0 19.184334 17.865732 17.116879 -999.0} sdss_psfmag 18.657328 17.696943 16.723915 14.773 63050394818041778 1074406477 dark_flexible_2x1 mwm_halo_local_high_boss mwm_halo science 0 0 0.0 0.0 -999 ""
FIBERMAP 914 R+3C11 METROLOGY 0 0 0 1 0 0 -16.065558243448752 52.99481087062273 143.1 21.712589161713563 50.92722777032362 27.311531 66.62154 -999.0 -999.0 -999.0 -999.0 -999.0 139.34198895312133 13.224033944846806 139.36712155233465 13.116980755364951 65.51521670325617 139.65288606879898 -999.0 6231.0 -999.0 -1 -999 {-999.0 -999.0 -999.0 -999.0 -999.0} "" -999.0 -999.0 -999.0 -999.0 -999 -999 "" "" "" "" 0 0 0.0 0.0 -999 ""
FIBERMAP 916 R-13C3 APOGEE 0 0 0 1 0 0 -99.99254572474065 -270.17972688271027 143.1 -250.09375191375884 -142.85382971010853 307.73706 77.575005 -999.0 -999.0 -999.0 -999.0 -999.0 138.08546126350882 12.342137771134066 138.10977983649684 12.237347800715073 65.43169614786821 143.28408445641162 -999.0 16600.0 -999.0 2 198 {-999.0 -999.0 -999.0 -999.0 -999.0} "" -999.0 -999.0 -999.0 -999.0 -999 -999 "" ops_sky_apogee_best_unassigned ops_sky sky_apogee 0 0 0.0 0.0 -999 ""
FIBERMAP 916 R-13C3 BOSS 1 1 0 1 0 0 -100.67410170577568 -270.47538820748383 143.1 -250.80588716460502 -142.64282822631637 307.73706 77.575005 138.08226592290595 12.343021547431478 -999.0 -999.0 -999.0 138.08226592290595 12.343021547431476 138.10653877094592 12.238316987057688 65.43415649776804 143.28941851749806 5400.0 5400.0 2016.0 1 342 {-999.0 21.259956 20.75958 20.500628 20.293785} sdss_psfmag_from_lsdr10 21.067518 20.906252 20.375826 -999.0 63050394818497318 1059070144 dark_flexible_2x2 bhm_spiders_agn_lsdr10 bhm_spiders science 0 0 0.0 0.0 -999 ""
FIBERMAP 916 R-13C3 METROLOGY 0 0 0 1 0 0 -100.59120448619933 -269.7277472888156 143.1 -250.26234839262847 -142.1230959764438 307.73706 77.575005 -999.0 -999.0 -999.0 -999.0 -999.0 138.08469367655852 12.34537508188289 138.10898343575684 12.240643155911945 65.43492240761148 143.28161231967098 -999.0 6231.0 -999.0 -1 -999 {-999.0 -999.0 -999.0 -999.0 -999.0} "" -999.0 -999.0 -999.0 -999.0 -999 -999 "" "" "" "" 0 0 0.0 0.0 -999 ""
FIBERMAP 918 R-4C10 APOGEE 0 0 0 1 0 0 -48.412369692555835 -91.93872320817087 143.1 -96.1285775653716 -39.374933285707186 267.28586 105.86176 -999.0 -999.0 -999.0 -999.0 -999.0 138.79237883349361 12.811580309623205 138.81713800485767 12.70548477100255 65.4656966953008 141.277599006473 -999.0 16600.0 -999.0 2 -999 {-999.0 -999.0 -999.0 -999.0 -999.0} "" -999.0 -999.0 -999.0 -999.0 -999 -999 "" "" "" "" 0 0 0.0 0.0 -999 ""
FIBERMAP 918 R-4C10 BOSS 1 1 0 1 0 0 -49.112226244398755 -92.11804533849192 143.1 -96.78004382015826 -39.06302561785176 267.28586 105.86176 138.78934285954261 12.812893315344486 -0.488338 0.28558737 -0.4846506 138.78934144852067 12.812894119983651 138.81405325790215 12.706881998275463 65.46849591778948 141.2818880354393 5400.0 5400.0 2016.0 1 408 {-999.0 19.919079 19.6738 19.70535 19.802258} sdss_psfmag_from_lsdr10 19.841915 19.639389 19.367702 -999.0 63050394818031859 1059072867 dark_flexible_2x2 bhm_spiders_agn_lsdr10 bhm_spiders science 0 0 0.0 0.0 -999 ""
FIBERMAP 918 R-4C10 METROLOGY 0 0 0 1 0 0 -48.93116074534725 -91.40251632267294 143.1 -96.1818906468237 -38.63092965691293 267.28586 105.86176 -999.0 -999.0 -999.0 -999.0 -999.0 138.79211441370705 12.814893722078194 138.81684285747724 12.708854222590064 65.4686895415425 141.27380704744377 -999.0 6231.0 -999.0 -1 -999 {-999.0 -999.0 -999.0 -999.0 -999.0} "" -999.0 -999.0 -999.0 -999.0 -999 -999 "" "" "" "" 0 0 0.0 0.0 -999 ""
FIBERMAP 919 R-12C2 APOGEE 0 0 0 1 0 0 -148.70240182965048 -227.7290447953117 143.1 -260.16782142946306 -79.04837131889525 174.8235 101.57527 -999.0 -999.0 -999.0 -999.0 -999.0 138.03577014788 12.629692241647591 138.06064853463909 12.524929357389016 65.7027662260252 143.02451172754684 -999.0 16600.0 -999.0 2 204 {-999.0 -999.0 -999.0 -999.0 -999.0} "" -999.0 -999.0 -999.0 -999.0 -999 -999 "" ops_sky_apogee_best_unassigned ops_sky sky_apogee 0 0 0.0 0.0 -999 ""
FIBERMAP 919 R-12C2 BOSS 1 1 0 1 0 0 -148.7926728201078 -226.99104758238994 143.1 -259.76318179271874 -78.42484975346693 174.8235 101.57527 138.03764457747982 12.632427824285912 -4.1099386 1.3046339 0.43696335 138.03763271051233 12.632431500076716 138.06246599745072 12.527743724395275 65.70425400992222 143.0172794888472 5400.0 5400.0 2016.0 1 339 {-999.0 16.642584 16.27924 16.180534 -999.0} sdss_psfmag 16.595638 16.301662 15.849844 15.111 63050394818498565 976112071 "" ops_std_boss ops_std standard_boss 0 0 0.0 0.0 -999 ""
FIBERMAP 919 R-12C2 METROLOGY 0 0 0 1 0 0 -148.09861797753436 -227.2743640982441 143.1 -259.413191144449 -79.08757591389568 174.8235 101.57527 -999.0 -999.0 -999.0 -999.0 -999.0 138.03925166320857 12.629464589197546 138.06409248154614 12.524752276176969 65.70087279482176 143.01774661362313 -999.0 6231.0 -999.0 -1 -999 {-999.0 -999.0 -999.0 -999.0 -999.0} "" -999.0 -999.0 -999.0 -999.0 -999 -999 "" "" "" "" 0 0 0.0 0.0 -999 ""
FIBERMAP 920 R+5C2 APOGEE 0 0 0 1 0 0 -221.9146222553853 76.69748612947248 143.1 -120.82204628149196 201.25376077292833 319.34586 23.381376 -999.0 -999.0 -999.0 -999.0 -999.0 138.67511864577472 13.902348839839103 138.7019524943886 13.796232614329517 66.43977405201238 140.04181946421596 -999.0 16600.0 -999.0 2 -999 {-999.0 -999.0 -999.0 -999.0 -999.0} "" -999.0 -999.0 -999.0 -999.0 -999 -999 "" "" "" "" 0 0 0.0 0.0 -999 ""
FIBERMAP 920 R+5C2 BOSS 1 1 0 1 0 0 -222.59229878793025 76.86760848763761 143.1 -121.23215983278894 201.8192251055916 319.34586 23.381376 138.67325155211432 13.904820153455134 -1.2912765 1.6241342 0.39872319 138.67324780412753 13.904824729434713 138.7000363189883 13.79878523560105 66.44293037262102 140.04213748530623 5400.0 5400.0 2016.0 1 71 {-999.0 16.308586 16.000591 15.897987 -999.0} sdss_psfmag 16.269657 16.004519 15.581418 14.782 63050394818515088 978071747 "" ops_std_boss ops_std standard_boss 0 0 0.0 0.0 -999 ""
FIBERMAP 920 R+5C2 METROLOGY 0 0 0 1 0 0 -222.0888842392239 77.422947873123 143.1 -120.48982137918945 201.92160079763713 319.34586 23.381376 -999.0 -999.0 -999.0 -999.0 -999.0 138.67669152657425 13.905331100928588 138.70349330992428 13.799264646855962 66.4414618036894 140.03448942819267 -999.0 6231.0 -999.0 -1 -999 {-999.0 -999.0 -999.0 -999.0 -999.0} "" -999.0 -999.0 -999.0 -999.0 -999 -999 "" "" "" "" 0 0 0.0 0.0 -999 ""
FIBERMAP 921 R+2C21 APOGEE 0 0 0 1 0 0 192.41959466677255 36.05593010754525 143.1 170.60997478081467 -95.90832468046948 350.66364 114.80653 -999.0 -999.0 -999.0 -999.0 -999.0 140.03500342774876 12.556710218243467 140.05854832975098 12.448583049245697 64.58368760591836 139.21782311153896 -999.0 16600.0 -999.0 2 80 {-999.0 -999.0 -999.0 -999.0 -999.0} "" -999.0 -999.0 -999.0 -999.0 -999 -999 "" ops_sky_apogee_best_unassigned ops_sky sky_apogee 0 0 0.0 0.0 -999 ""
FIBERMAP 921 R+2C21 BOSS 1 1 0 1 0 0 192.65767228572034 35.35212755245482 143.1 170.34056094844928 -96.6005379432234 350.66364 114.80653 140.03384271951674 12.553467043091835 0.52904934 -0.27980685 -0.57306814 140.03384424661465 12.553466254739202 140.0573281039438 12.445421950270498 64.58174400801917 139.224260735447 5400.0 5400.0 2016.0 1 223 {-999.0 20.90412 20.704802 20.533436 20.404272} sdss_psfmag_from_gaiadr2 20.644264 20.711546 19.970127 -999.0 63050394818034964 1055736530 dark_flexible_2x2 bhm_gua_dark bhm_filler science 0 0 0.0 0.0 -999 ""
FIBERMAP 921 R+2C21 METROLOGY 0 0 0 1 0 0 191.9248714353425 35.48370924379267 143.1 169.86345845013778 -96.02921761875977 350.66364 114.80653 -999.0 -999.0 -999.0 -999.0 -999.0 140.03162665896568 12.556077810980048 140.05513243187 12.44801387744038 64.58509304091966 139.22499521271058 -999.0 6231.0 -999.0 -1 -999 {-999.0 -999.0 -999.0 -999.0 -999.0} "" -999.0 -999.0 -999.0 -999.0 -999 -999 "" "" "" "" 0 0 0.0 0.0 -999 ""
FIBERMAP 925 R-13C12 APOGEE 0 0 0 1 0 0 84.0169095915814 -261.51529970173647 143.1 -103.51515187966803 -254.35405751780115 253.59895 64.60952 -999.0 -999.0 -999.0 -999.0 -999.0 138.76468466180495 11.840692989561532 138.78769420615163 11.734844246049725 64.65824940199934 142.55718035395324 -999.0 16600.0 -999.0 2 182 {-999.0 -999.0 -999.0 -999.0 -999.0} "" -999.0 -999.0 -999.0 -999.0 -999 -999 "" ops_sky_apogee_best_unassigned ops_sky sky_apogee 0 0 0.0 0.0 -999 ""
FIBERMAP 925 R-13C12 BOSS 1 1 0 1 0 0 83.44976418771718 -261.0344297527808 143.1 -103.64104950651176 -253.62141627262366 253.59895 64.60952 138.76412486739875 11.843877283962925 -999.0 -999.0 -999.0 138.76412486739875 11.843877283962925 138.7870888455372 11.738111328589932 64.6613451726352 142.5543753452125 5400.0 5400.0 2016.0 1 337 {-999.0 22.600452 22.334818 21.775055 21.3348} sdss_fiber2mag_from_lsdr10 1e+20 1e+20 1e+20 -999.0 63050397530696355 1059067404 dark_flexible_2x2 bhm_spiders_agn_lsdr10 bhm_spiders science 0 0 0.0 0.0 -999 ""
FIBERMAP 925 R-13C12 METROLOGY 0 0 0 1 0 0 84.14126580755621 -260.7777833638071 143.1 -102.94634130175628 -253.86870230646238 253.59895 64.60952 -999.0 -999.0 -999.0 -999.0 -999.0 138.76732299224304 11.842792691213413 138.7902978527797 11.736998154480407 64.65875513633554 142.5494731073995 -999.0 6231.0 -999.0 -1 -999 {-999.0 -999.0 -999.0 -999.0 -999.0} "" -999.0 -999.0 -999.0 -999.0 -999 -999 "" "" "" "" 0 0 0.0 0.0 -999 ""
FIBERMAP 932 R0C19 APOGEE 0 0 0 1 0 0 102.01959634952927 12.315713940503562 143.1 86.08987408740447 -56.06183417758581 147.3351 93.993065 -999.0 -999.0 -999.0 -999.0 -999.0 139.64297886096782 12.73712877652951 139.66708545730665 12.629615856552006 64.94761040536385 139.7228484215688 -999.0 16600.0 -999.0 2 64 {-999.0 -999.0 -999.0 -999.0 -999.0} "" -999.0 -999.0 -999.0 -999.0 -999 -999 "" ops_sky_apogee_best_unassigned ops_sky sky_apogee 0 0 0.0 0.0 -999 ""
FIBERMAP 932 R0C19 BOSS 1 1 0 1 0 0 102.32388303950225 13.000485864348171 143.1 86.76271080854602 -55.73242105145192 147.3351 93.993065 139.646211781164 12.738524725384842 0.35812503 -0.03751589 0.6444763 139.64621281563925 12.738524619684247 139.67026529598448 12.631085314707006 64.94710186890686 139.71482991393407 5400.0 5400.0 2016.0 1 242 {-999.0 19.997814 19.834057 19.693789 19.60287} sdss_psfmag_from_gaiadr2 19.89589 19.827765 19.334435 -999.0 63050394818030812 1055736472 dark_flexible_2x2 bhm_gua_dark bhm_filler science 0 0 0.0 0.0 -999 ""
FIBERMAP 932 R0C19 METROLOGY 0 0 0 1 0 0 102.7892232685738 12.416076010882978 143.1 86.7441139060661 -56.479047837413084 147.3351 93.993065 -999.0 -999.0 -999.0 -999.0 -999.0 139.64610025697937 12.735155130223706 139.67016232782316 12.627694239326358 64.94434192640446 139.71948866115204 -999.0 6231.0 -999.0 -1 -999 {-999.0 -999.0 -999.0 -999.0 -999.0} "" -999.0 -999.0 -999.0 -999.0 -999 -999 "" "" "" "" 0 0 0.0 0.0 -999 ""
FIBERMAP 934 R+3C10 APOGEE 0 0 0 1 0 0 -53.16917598679801 49.00016616385248 143.1 -9.2864842506468 71.68769146395871 255.9728 145.42477 -999.0 -999.0 -999.0 -999.0 -999.0 139.19671793769675 13.318337477921375 139.2221509782849 13.21145438793871 65.6723980115363 139.80871148615043 -999.0 16600.0 -999.0 2 -999 {-999.0 -999.0 -999.0 -999.0 -999.0} "" -999.0 -999.0 -999.0 -999.0 -999 -999 "" "" "" "" 0 0 0.0 0.0 -999 ""
FIBERMAP 934 R+3C10 BOSS 1 1 0 1 0 0 -53.80978866469116 48.47814813908256 143.1 -10.112571140282922 71.6989373967022 255.9728 145.42477 139.19289942443748 13.318342375605958 -999.0 -999.0 -999.0 139.19289942443748 13.318342375605956 139.21828193293248 13.211542401060015 65.67457044697642 139.8161840277472 5400.0 5400.0 2016.0 1 24 {-999.0 21.975367 21.706812 21.348328 21.03692} sdss_psfmag_from_lsdr10 1e+20 1e+20 1e+20 -999.0 63050398960760960 1059075437 dark_flexible_2x2 bhm_spiders_agn_lsdr10 bhm_spiders science 0 0 0.0 0.0 -999 ""
FIBERMAP 934 R+3C10 METROLOGY 0 0 0 1 0 0 -53.881420219036684 49.222360075007906 143.1 -9.689657101565833 72.31525447800172 255.9728 145.42477 -999.0 -999.0 -999.0 -999.0 -999.0 139.1948595072456 13.321165234844885 139.22026096539452 13.214339645079775 65.6758190825035 139.808515664376 -999.0 6231.0 -999.0 -1 -999 {-999.0 -999.0 -999.0 -999.0 -999.0} "" -999.0 -999.0 -999.0 -999.0 -999 -999 "" "" "" "" 0 0 0.0 0.0 -999 ""
FIBERMAP 936 R+2C20 APOGEE 0 0 0 1 0 0 168.65194514877456 54.06084939999217 143.1 163.95538292505248 -66.85061991912666 97.9741 60.25144 -999.0 -999.0 -999.0 -999.0 -999.0 140.00475260374637 12.688438602743489 140.02855051264936 12.580334236197345 64.70904471318246 139.1010188967778 -999.0 16600.0 -999.0 2 -999 {-999.0 -999.0 -999.0 -999.0 -999.0} "" -999.0 -999.0 -999.0 -999.0 -999 -999 "" "" "" "" 0 0 0.0 0.0 -999 ""
FIBERMAP 936 R+2C20 BOSS 1 1 0 1 0 0 169.3538741997554 53.80840420600999 143.1 164.3312283970848 -67.49474332967868 97.9741 60.25144 140.00659101384525 12.685416377806808 -999.0 -999.0 -999.0 140.00659101384525 12.685416377806808 140.030326546725 12.577389307633494 64.70563521153301 139.1015568439757 5400.0 5400.0 2016.0 1 222 {-999.0 21.751467 20.313725 19.710926 19.310324} sdss_fiber2mag_from_lsdr10 20.251781 21.194782 18.41165 16.06 63050394818035109 1058143510 dark_flexible_2x2 bhm_spiders_clusters_lsdr10 bhm_spiders science 0 0 0.0 0.0 -999 ""
FIBERMAP 936 R+2C20 METROLOGY 0 0 0 1 0 0 168.78406460866975 53.326542632470044 143.1 163.58518327533886 -67.49818142482697 97.9741 60.25144 -999.0 -999.0 -999.0 -999.0 -999.0 140.00311049577212 12.68542378872008 140.0268640656255 12.577379888975601 64.70753358804056 139.10810069900336 -999.0 6231.0 -999.0 -1 -999 {-999.0 -999.0 -999.0 -999.0 -999.0} "" -999.0 -999.0 -999.0 -999.0 -999 -999 "" "" "" "" 0 0 0.0 0.0 -999 ""
FIBERMAP 938 R+12C15 APOGEE 0 0 0 1 0 0 140.68803885869872 239.71805845453176 143.1 261.7233571240747 93.3816473164 185.76567 83.33867 -999.0 -999.0 -999.0 -999.0 -999.0 140.45625217997022 13.413261536238052 140.48105566038475 13.304263505735902 65.04754542295241 137.2703338656471 -999.0 16600.0 -999.0 2 44 {-999.0 -999.0 -999.0 -999.0 -999.0} "" -999.0 -999.0 -999.0 -999.0 -999 -999 "" ops_sky_apogee_best_unassigned ops_sky sky_apogee 0 0 0.0 0.0 -999 ""
FIBERMAP 938 R+12C15 BOSS 1 1 0 1 0 0 140.6960628846007 240.46011921644083 143.1 262.2059341354305 93.94517430120895 185.76567 83.33867 140.45859022937057 13.415719409296154 -29.300829 -4.7790036 3.3190703 140.45850535869369 13.415705944493567 140.4832541474521 13.306780752655042 65.04833000995453 137.26272674117985 5400.0 5400.0 2016.0 1 179 {-999.0 22.410381 20.795835 19.091303 -999.0} sdss_psfmag 21.221188 19.861876 18.53276 17.175 63050394818043380 1094782927 bright_1x1 mwm_bin_vis_boss mwm_filler science 0 0 0.0 0.0 -999 ""
FIBERMAP 938 R+12C15 METROLOGY 0 0 0 1 0 0 141.33915819080153 240.0859721869012 143.1 262.45855569106214 93.24555785056468 185.76567 83.33867 -999.0 -999.0 -999.0 -999.0 -999.0 140.45965165524885 13.412561729801354 140.4844106586038 13.303613447565336 65.04510446707783 137.2649682222318 -999.0 6231.0 -999.0 -1 -999 {-999.0 -999.0 -999.0 -999.0 -999.0} "" -999.0 -999.0 -999.0 -999.0 -999 -999 "" "" "" "" 0 0 0.0 0.0 -999 ""
FIBERMAP 940 R+12C5 APOGEE 0 0 0 1 0 0 -64.51512732216648 211.93035611371988 143.1 86.6251635987465 203.83381283761113 337.57324 44.39412 -999.0 -999.0 -999.0 -999.0 -999.0 139.64373622569477 13.916572144842641 139.6699690393919 13.808817556485792 65.91687154007462 138.10716922188578 -999.0 16600.0 -999.0 2 -999 {-999.0 -999.0 -999.0 -999.0 -999.0} "" -999.0 -999.0 -999.0 -999.0 -999 -999 "" "" "" "" 0 0 0.0 0.0 -999 ""
FIBERMAP 940 R+12C5 BOSS 1 1 0 1 0 0 -65.1989943263147 211.66023575441713 143.1 85.92765544697623 204.06587140852062 337.57324 44.39412 139.64000122143224 13.917620800222345 -10.735302 -11.25397 0.15018675 139.64054951035536 13.91758909228735 139.66673181004083 13.80991412216056 65.91958379060614 138.1119013232202 5400.0 5400.0 2016.0 1 157 {-999.0 14.276076 13.653341 13.377715 -999.0} sdss_psfmag_from_g3xp 14.117118 13.659436 13.0289545 11.761 63050394818513919 1133207859 dark_flexible_3x1 mwm_halo_mp_xp_boss_triple mwm_halo science 0 0 2.0247809886932373 0.0 -999 ""
FIBERMAP 940 R+12C5 METROLOGY 0 0 0 1 0 0 -65.10347971717802 212.3891626522478 143.1 86.46884853601422 204.56316137259006 337.57324 44.39412 -999.0 -999.0 -999.0 -999.0 -999.0 139.64304587878888 13.919828527760165 139.66924608427973 13.812127814381611 65.91997825218002 138.10388207147489 -999.0 6231.0 -999.0 -1 -999 {-999.0 -999.0 -999.0 -999.0 -999.0} "" -999.0 -999.0 -999.0 -999.0 -999 -999 "" "" "" "" 0 0 0.0 0.0 -999 ""
FIBERMAP 941 R-13C14 APOGEE 0 0 0 1 0 0 132.41422346554313 -242.34068690781143 143.1 -54.115101622143015 -270.73227436383127 167.78375 90.73621 -999.0 -999.0 -999.0 -999.0 -999.0 138.99310020639032 11.76744789661733 139.01584649970516 11.661227361268741 64.47844858349943 142.20398508224767 -999.0 16600.0 -999.0 2 -999 {-999.0 -999.0 -999.0 -999.0 -999.0} "" -999.0 -999.0 -999.0 -999.0 -999 -999 "" "" "" "" 0 0 0.0 0.0 -999 ""
FIBERMAP 941 R-13C14 BOSS 1 1 0 1 0 0 132.55854895224388 -241.61435546657643 143.1 -53.53816865977172 -270.2683116430903 167.78375 90.73621 138.9958026094382 11.769427765891392 0.13771233 0.44327798 -0.5480077 138.99580300577352 11.769429014822077 139.01849884619654 11.663286430118175 64.47883247646229 142.19634328607177 5400.0 5400.0 2016.0 1 257 {-999.0 19.806137 19.82735 19.808273 19.791216} sdss_psfmag_from_lsdr10 20.157682 20.159044 19.73095 -999.0 63050394818021535 1059067409 dark_flexible_2x2 bhm_spiders_agn_lsdr10 bhm_spiders science 0 0 0.0 0.0 -999 ""
FIBERMAP 941 R-13C14 METROLOGY 0 0 0 1 0 0 133.1219555030629 -242.1045146325971 143.1 -53.421100292661784 -271.005671216394 167.78375 90.73621 -999.0 -999.0 -999.0 -999.0 -999.0 138.99634875640422 11.766175570135234 139.01905333392324 11.660009248456086 64.47576008094973 142.19927453553856 -999.0 6231.0 -999.0 -1 -999 {-999.0 -999.0 -999.0 -999.0 -999.0} "" -999.0 -999.0 -999.0 -999.0 -999 -999 "" "" "" "" 0 0 0.0 0.0 -999 ""
FIBERMAP 942 R+1C24 APOGEE 0 0 0 1 0 0 256.59636598605766 16.783754053045616 143.1 207.41849842623603 -151.88119826351996 61.41866 30.26904 -999.0 -999.0 -999.0 -999.0 -999.0 140.20283449411335 12.304400116257623 140.22583006425424 12.196048243650646 64.28296115633958 139.23355402425656 -999.0 16600.0 -999.0 2 59 {-999.0 -999.0 -999.0 -999.0 -999.0} "" -999.0 -999.0 -999.0 -999.0 -999 -999 "" ops_sky_apogee_best_unassigned ops_sky sky_apogee 0 0 0.0 0.0 -999 ""
FIBERMAP 942 R+1C24 BOSS 1 1 0 1 0 0 256.63712103506526 16.04626872427543 143.1 206.97624086695538 -152.47253665795628 61.41866 30.26904 140.20068978549895 12.302256707623492 55.773647 -219.89394 5.584823 140.2008506199582 12.301637158909942 140.2237854788418 12.193370585340285 64.28186835329048 139.2408302179395 5400.0 5400.0 2016.0 1 183 {-999.0 21.631819 20.113739 18.115118 -999.0} sdss_psfmag 20.71584 18.856276 17.511215 14.994 63050394818024800 1136071304 dark_flexible_3x1 mwm_halo_local_high_boss_triple mwm_halo science 0 0 0.0 0.0 -999 ""
FIBERMAP 942 R+1C24 METROLOGY 0 0 0 1 0 0 255.9656727908623 16.3836739616463 143.1 206.67830156374117 -151.78287376695653 61.41866 30.26904 -999.0 -999.0 -999.0 -999.0 -999.0 140.19949227158014 12.304760990321343 140.22244997905722 12.196472879637588 64.28516828586353 139.2393035771549 -999.0 6231.0 -999.0 -1 -999 {-999.0 -999.0 -999.0 -999.0 -999.0} "" -999.0 -999.0 -999.0 -999.0 -999 -999 "" "" "" "" 0 0 0.0 0.0 -999 ""
FIBERMAP 943 R-4C19 APOGEE 1 1 0 1 0 0 148.4383067879258 -91.04603821680736 143.1 55.30118137819198 -165.07553293697862 256.56662 97.367744 139.4992100733694 12.242293969994659 -1.9185159 -4.030898 0.27465862 139.49920454219185 12.242282612985024 139.52250991302057 12.135112240135149 64.612883802452 140.6391729233027 16000.0 16600.0 2016.0 2 223 {-999.0 13.972608 13.111354 12.773888 -999.0} sdss_psfmag_from_g3xp 13.713007 13.137666 12.418132 10.9 63050394818024507 1106821108 bright_flexible_2x1 mwm_tess_rgb_apogee mwm_tessrgb science 0 0 0.0 0.0 -999 ""
FIBERMAP 943 R-4C19 BOSS 0 0 0 1 0 0 147.69458841197638 -90.97104510084205 143.1 54.77938047259032 -164.54056988264074 256.56662 97.367744 -999.0 -999.0 -999.0 -999.0 -999.0 139.496855299992 12.244559259220951 139.52011215468815 12.137473584636615 64.61614162798979 140.64075145964642 -999.0 5400.0 -999.0 1 291 {-999.0 -999.0 -999.0 -999.0 -999.0} "" -999.0 -999.0 -999.0 -999.0 -999 -999 "" "" "" "" 0 0 0.0 0.0 -999 ""
FIBERMAP 943 R-4C19 METROLOGY 0 0 0 1 0 0 148.1304950188459 -90.3680605952512 143.1 55.50057393592892 -164.35833897282802 256.56662 97.367744 -999.0 -999.0 -999.0 -999.0 -999.0 139.5001881798876 12.245424348793856 139.52345992627 12.138309893579857 64.61505713195059 140.63328853791583 -999.0 6231.0 -999.0 -1 -999 {-999.0 -999.0 -999.0 -999.0 -999.0} "" -999.0 -999.0 -999.0 -999.0 -999 -999 "" "" "" "" 0 0 0.0 0.0 -999 ""
FIBERMAP 944 R-1C11 APOGEE 0 0 0 1 0 0 -69.75763056555873 -19.19821945630549 143.1 -65.78469709542055 30.074162637048875 183.55573 112.75464 -999.0 -999.0 -999.0 -999.0 -999.0 138.93289914300914 13.12820402830791 138.95815011720163 13.021805546067215 65.65646326908944 140.58306158943495 -999.0 16600.0 -999.0 2 282 {-999.0 -999.0 -999.0 -999.0 -999.0} "" -999.0 -999.0 -999.0 -999.0 -999 -999 "" ops_sky_apogee_best_unassigned ops_sky sky_apogee 0 0 0.0 0.0 -999 ""
FIBERMAP 944 R-1C11 BOSS 1 1 0 1 0 0 -70.05421943232736 -18.525261328011002 143.1 -65.57992654258746 30.78030443160882 183.55573 112.75464 138.9338643854302 13.131362604034166 -0.23096514 -0.4492499 -0.16496705 138.93386371721593 13.131361338277696 138.9590677964735 13.025037879768274 65.65867688503884 140.57694934861314 5400.0 5400.0 2016.0 1 440 {-999.0 19.23141 18.912231 18.803371 18.729826} sdss_psfmag_from_lsdr10 19.162962 18.921812 18.403732 -999.0 63050394818502089 1059075436 dark_flexible_2x2 bhm_spiders_agn_lsdr10 bhm_spiders science 0 0 0.0 0.0 -999 ""
FIBERMAP 944 R-1C11 METROLOGY 0 0 0 1 0 0 -69.31978791005898 -18.58831919369528 143.1 -65.05757979313884 30.260450433211904 183.55573 112.75464 -999.0 -999.0 -999.0 -999.0 -999.0 138.93630289223248 13.129020773134549 138.9615159887038 13.022671757545067 65.65539052688112 140.5752557816025 -999.0 6231.0 -999.0 -1 -999 {-999.0 -999.0 -999.0 -999.0 -999.0} "" -999.0 -999.0 -999.0 -999.0 -999 -999 "" "" "" "" 0 0 0.0 0.0 -999 ""
FIBERMAP 948 R-8C9 APOGEE 0 0 0 1 0 0 -27.657755645781762 -144.09239529949306 143.1 -113.70766701415732 -92.66808432930144 109.09623 124.01263 -999.0 -999.0 -999.0 -999.0 -999.0 138.71180798377077 12.569147369902783 138.7361732355567 12.463238386584818 65.30358499056919 141.7495769687052 -999.0 16600.0 -999.0 2 -999 {-999.0 -999.0 -999.0 -999.0 -999.0} "" -999.0 -999.0 -999.0 -999.0 -999 -999 "" "" "" "" 0 0 0.0 0.0 -999 ""
FIBERMAP 948 R-8C9 BOSS 1 1 0 1 0 0 -27.21254082895827 -143.49120321184037 143.1 -112.98049099113014 -92.49320322166521 109.09623 124.01263 138.71518918861676 12.569831483566821 -999.0 -999.0 -999.0 138.71518918861676 12.569831483566823 138.73950229375782 12.463996086075372 65.30249274337109 141.74202815173703 5400.0 5400.0 2016.0 1 384 {-999.0 21.33542 21.222105 21.083267 20.950975} sdss_psfmag_from_lsdr10 21.595888 21.141455 20.568945 -999.0 63050394818031462 1059071470 dark_flexible_2x2 bhm_spiders_agn_lsdr10 bhm_spiders science 0 0 0.0 0.0 -999 ""
FIBERMAP 948 R-8C9 METROLOGY 0 0 0 1 0 0 -26.916457501677275 -144.17688815161105 143.1 -113.19382000248534 -93.20877364203905 109.09623 124.01263 -999.0 -999.0 -999.0 -999.0 -999.0 138.71421082403583 12.566610446461786 138.738533247519 12.46075485859575 65.30025527173001 141.74808010172785 -999.0 6231.0 -999.0 -1 -999 {-999.0 -999.0 -999.0 -999.0 -999.0} "" -999.0 -999.0 -999.0 -999.0 -999 -999 "" "" "" "" 0 0 0.0 0.0 -999 ""
FIBERMAP 950 R-5C15 APOGEE 0 0 0 1 0 0 68.73717121363634 -83.18462070630255 143.1 -0.7305355599102573 -107.88014012859652 151.83983 86.158005 -999.0 -999.0 -999.0 -999.0 -999.0 139.23825291578584 12.500933906763319 139.26217942655717 12.39414798403184 64.96869015801386 140.80872535706487 -999.0 16600.0 -999.0 2 -999 {-999.0 -999.0 -999.0 -999.0 -999.0} "" -999.0 -999.0 -999.0 -999.0 -999 -999 "" "" "" "" 0 0 0.0 0.0 -999 ""
FIBERMAP 950 R-5C15 BOSS 1 1 0 1 0 0 69.11801156489715 -82.5534391249168 143.1 -0.03343868770412752 -107.64094599870842 151.83983 86.158005 139.24155115255726 12.501905113806346 1.0374624 -3.5662544 1.0746672 139.24155414658756 12.501895065925142 139.2654271124345 12.39518343966055 64.96783305915217 140.80110382580622 5400.0 5400.0 2016.0 1 315 {-999.0 19.578794 19.95265 20.360685 -999.0} sdss_psfmag 19.701374 19.773214 20.018776 -999.0 63050394818030020 1143449563 dark_1x3 mwm_wd_pwd_boss_1x3 mwm_wd science 0 0 0.0 0.0 -999 ""
FIBERMAP 950 R-5C15 METROLOGY 0 0 0 1 0 0 69.48323033765958 -83.192220967712 143.1 -0.16367235711380473 -108.36495946982403 151.83983 86.158005 -999.0 -999.0 -999.0 -999.0 -999.0 139.2409377206824 12.49863772318395 139.26482038975962 12.391905122414448 64.96540493989208 140.80649433242937 -999.0 6231.0 -999.0 -1 -999 {-999.0 -999.0 -999.0 -999.0 -999.0} "" -999.0 -999.0 -999.0 -999.0 -999 -999 "" "" "" "" 0 0 0.0 0.0 -999 ""
FIBERMAP 951 R+2C24 APOGEE 0 0 0 1 0 0 258.0083875881846 49.03170266584843 143.1 229.2048620860624 -128.07452994677476 60.4073 96.83681 -999.0 -999.0 -999.0 -999.0 -999.0 140.30367005705378 12.412113591479466 140.32679519172723 12.303573230957355 64.31615122924539 138.90586042444875 -999.0 16600.0 -999.0 2 -999 {-999.0 -999.0 -999.0 -999.0 -999.0} "" -999.0 -999.0 -999.0 -999.0 -999 -999 "" "" "" "" 0 0 0.0 0.0 -999 ""
FIBERMAP 951 R+2C24 BOSS 1 1 0 1 0 0 258.6974147892161 48.753227909298225 143.1 229.5541083696336 -128.7303177084714 60.4073 96.83681 140.30530759267566 12.40908031035063 0.06902951 -0.62196964 -0.5121777 140.30530779181782 12.409078557958233 140.32836961013354 12.30061716247149 64.31284338465356 138.90679182759393 5400.0 5400.0 2016.0 1 185 {-999.0 20.50968 20.045597 19.618465 19.25502} sdss_psfmag_from_gaiadr2 20.700401 20.200672 19.446207 -999.0 63050394818034570 1055736520 dark_flexible_2x2 bhm_gua_dark bhm_filler science 0 0 0.0 0.0 -999 ""
FIBERMAP 951 R+2C24 METROLOGY 0 0 0 1 0 0 258.1129426187977 48.29296710687939 143.1 228.81069498860919 -128.70778817498677 60.4073 96.83681 -999.0 -999.0 -999.0 -999.0 -999.0 140.30188645935465 12.409190167571417 140.32496674949562 12.300711412556272 64.31480178826712 138.9129944451339 -999.0 6231.0 -999.0 -1 -999 {-999.0 -999.0 -999.0 -999.0 -999.0} "" -999.0 -999.0 -999.0 -999.0 -999 -999 "" "" "" "" 0 0 0.0 0.0 -999 ""
FIBERMAP 954 R+12C12 APOGEE 0 0 0 1 0 0 81.42502691062587 227.66287735500205 143.1 208.5672860497673 122.191985687275 176.34401 148.00745 -999.0 -999.0 -999.0 -999.0 -999.0 140.21154477688194 13.545264707908519 140.23674105462902 13.436642417212918 65.29395173508826 137.54503729774314 -999.0 16600.0 -999.0 2 -999 {-999.0 -999.0 -999.0 -999.0 -999.0} "" -999.0 -999.0 -999.0 -999.0 -999 -999 "" "" "" "" 0 0 0.0 0.0 -999 ""
FIBERMAP 954 R+12C12 BOSS 1 1 0 1 0 0 80.82109828992198 228.0907823741098 143.1 208.37919433020954 122.90765328282065 176.34401 148.00745 140.2107474323803 13.548439280881333 -0.4763989 0.24061145 -0.714889 140.21074605171086 13.54843995880135 140.2358920592397 13.43989464849995 65.29707455327504 137.542100247737 5400.0 5400.0 2016.0 1 101 {-999.0 20.052927 20.035591 19.900782 19.759789} sdss_psfmag_from_lsdr10 20.036432 19.861086 19.522274 -999.0 63050394818042367 1059076689 dark_flexible_2x2 bhm_spiders_agn_lsdr10 bhm_spiders science 0 0 0.0 0.0 -999 ""
FIBERMAP 954 R+12C12 METROLOGY 0 0 0 1 0 0 81.48923802714873 228.40620696764148 143.1 209.093736713808 122.7204110676685 176.34401 148.00745 -999.0 -999.0 -999.0 -999.0 -999.0 140.21402508662322 13.54758807513925 140.2391834957407 13.439015905432628 65.29449261906998 137.537107690774 -999.0 6231.0 -999.0 -1 -999 {-999.0 -999.0 -999.0 -999.0 -999.0} "" -999.0 -999.0 -999.0 -999.0 -999 -999 "" "" "" "" 0 0 0.0 0.0 -999 ""
FIBERMAP 956 R+10C8 APOGEE 0 0 0 1 0 0 -33.86716152187003 199.5083948855063 143.1 102.13693521572866 174.63721823070662 150.01546 121.38585 -999.0 -999.0 -999.0 -999.0 -999.0 139.71657787252482 13.784856552524172 139.74252495164393 13.677006940160506 65.76856754436349 138.15270150779418 -999.0 16600.0 -999.0 2 -999 {-999.0 -999.0 -999.0 -999.0 -999.0} "" -999.0 -999.0 -999.0 -999.0 -999 -999 "" "" "" "" 0 0 0.0 0.0 -999 ""
FIBERMAP 956 R+10C8 BOSS 1 1 0 1 0 0 -33.90077775607092 200.25236055538494 143.1 102.58882420514621 175.22893948060545 150.01546 121.38585 139.71876698575693 13.787488193906405 -4.1403766 -1.6517217 0.22967081 139.7187549741963 13.787483540198949 139.74465065953052 13.679704830835327 65.76957761019693 138.1447969150564 5400.0 5400.0 2016.0 1 120 {-999.0 17.366285 16.989136 16.849695 -999.0} sdss_psfmag 17.33725 17.027397 16.556494 15.398 63050394818513787 976572170 "" ops_std_boss ops_std standard_boss 0 0 0.0 0.0 -999 ""
FIBERMAP 956 R+10C8 METROLOGY 0 0 0 1 0 0 -33.23729847757501 199.90831303456085 143.1 102.87639191922514 174.53930261414303 150.01546 121.38585 -999.0 -999.0 -999.0 -999.0 -999.0 139.72008694663057 13.784381962740156 139.74599173001764 13.676580392594602 65.7662743328361 138.14660088338417 -999.0 6231.0 -999.0 -1 -999 {-999.0 -999.0 -999.0 -999.0 -999.0} "" -999.0 -999.0 -999.0 -999.0 -999 -999 "" "" "" "" 0 0 0.0 0.0 -999 ""
FIBERMAP 962 R-1C12 APOGEE 0 0 0 1 0 0 -25.266437431791537 -25.3982662661683 143.1 -35.66948364096539 -3.2420787205681014 302.0944 138.7237 -999.0 -999.0 -999.0 -999.0 -999.0 139.07404201734252 12.976840338222532 139.09893035273512 12.870233797935628 65.45447899471333 140.5066169894726 -999.0 16600.0 -999.0 2 -999 {-999.0 -999.0 -999.0 -999.0 -999.0} "" -999.0 -999.0 -999.0 -999.0 -999 -999 "" "" "" "" 0 0 0.0 0.0 -999 ""
FIBERMAP 962 R-1C12 BOSS 1 1 0 1 0 0 -25.36707103299997 -26.130754000621366 143.1 -36.216885848470284 -3.7388109698738075 302.0944 138.7237 139.0715204950313 12.974491601293117 0.06681589 -0.07655961 0.019003922 139.0715206882163 12.974491385587283 139.0963537427792 12.8679675982697 65.453961941787 140.51466495561385 5400.0 5400.0 2016.0 1 439 {-999.0 18.16279 17.949844 17.830374 17.881586} sdss_psfmag 18.244192 18.03421 17.599194 15.938 63050394818032538 1060368634 bright_flexible_2x1 bhm_aqmes_bonus_bright bhm_filler science 0 0 0.0 0.0 -999 ""
FIBERMAP 962 R-1C12 METROLOGY 0 0 0 1 0 0 -25.958750041399902 -25.676412326879287 143.1 -36.37861685554523 -3.010748289598569 302.0944 138.7237 -999.0 -999.0 -999.0 -999.0 -999.0 139.07074546698624 12.977829272752116 139.09560001242534 12.871283996287632 65.45713802868525 140.5117651637397 -999.0 6231.0 -999.0 -1 -999 {-999.0 -999.0 -999.0 -999.0 -999.0} "" -999.0 -999.0 -999.0 -999.0 -999 -999 "" "" "" "" 0 0 0.0 0.0 -999 ""
FIBERMAP 963 R+9C11 APOGEE 0 0 0 1 0 0 25.523989438734574 180.9680319964222 143.1 135.74784453406147 122.29769818814523 114.16514 141.0117 -999.0 -999.0 -999.0 -999.0 -999.0 139.87392437197266 13.547683666412814 139.89934233950822 13.439620124787812 65.48671986024624 138.18282122103682 -999.0 16600.0 -999.0 2 28 {-999.0 -999.0 -999.0 -999.0 -999.0} "" -999.0 -999.0 -999.0 -999.0 -999 -999 "" ops_sky_apogee_best_unassigned ops_sky sky_apogee 0 0 0.0 0.0 -999 ""
FIBERMAP 963 R+9C11 BOSS 1 1 0 1 0 0 25.692854519975263 181.69052618908165 143.1 136.34111978659848 122.74296499196763 114.16514 141.0117 139.87677639291618 13.549648171682284 0.1477079 0.11727804 0.83393204 139.87677682099613 13.549648502111829 139.90214113746612 13.441655945627662 65.48681398224915 138.1746314608338 5400.0 5400.0 2016.0 1 133 {-999.0 20.462357 20.146723 19.741034 19.459486} sdss_fiber2mag_from_lsdr10 19.67175 20.03958 18.60706 -999.0 63050394818042604 1059076686 dark_flexible_2x2 bhm_spiders_agn_lsdr10 bhm_spiders science 0 0 0.0 0.0 -999 ""
FIBERMAP 963 R+9C11 METROLOGY 0 0 0 1 0 0 26.25021518959828 181.15715156874265 143.1 136.42580912418504 121.97636888888665 114.16514 141.0117 -999.0 -999.0 -999.0 -999.0 -999.0 139.87715694221285 13.546190647769029 139.902530575576 13.438176591411647 65.48375272571374 138.1787200760071 -999.0 6231.0 -999.0 -1 -999 {-999.0 -999.0 -999.0 -999.0 -999.0} "" -999.0 -999.0 -999.0 -999.0 -999 -999 "" "" "" "" 0 0 0.0 0.0 -999 ""
FIBERMAP 964 R+8C14 APOGEE 0 0 0 1 0 0 94.32873311353752 136.5856249486854 143.1 159.98141036508486 44.11027229235803 329.12802 63.277596 -999.0 -999.0 -999.0 -999.0 -999.0 139.98712754044416 13.192587444746753 140.0118365247265 13.084408493190978 65.13307050354348 138.45679618477973 -999.0 16600.0 -999.0 2 -999 {-999.0 -999.0 -999.0 -999.0 -999.0} "" -999.0 -999.0 -999.0 -999.0 -999 -999 "" "" "" "" 0 0 0.0 0.0 -999 ""
FIBERMAP 964 R+8C14 BOSS 1 1 0 1 0 0 93.68348009895912 136.15982173363244 143.1 159.2135404723499 44.19823174916343 329.12802 63.277596 139.9836730957031 13.19293355748168 -999.0 -999.0 -999.0 139.9836730957031 13.19293355748168 140.00832916885585 13.084837888415016 65.1353783258296 138.4628728003669 5400.0 5400.0 2015.5 1 161 {-999.0 -999.0 -999.0 -999.0 -999.0} "" -999.0 -999.0 -999.0 -999.0 27021603088171008 804852039 "" ops_sky_boss_good ops_sky sky_boss 0 0 0.0 0.0 -999 ""
FIBERMAP 964 R+8C14 METROLOGY 0 0 0 1 0 0 93.65880149014603 136.9140356678951 143.1 159.6788585439882 44.79206850814689 329.12802 63.277596 -999.0 -999.0 -999.0 -999.0 -999.0 139.9858073617556 13.195644958512279 140.01048277122385 13.087523189880578 65.13637912412838 138.45512624219103 -999.0 6231.0 -999.0 -1 -999 {-999.0 -999.0 -999.0 -999.0 -999.0} "" -999.0 -999.0 -999.0 -999.0 -999 -999 "" "" "" "" 0 0 0.0 0.0 -999 ""
FIBERMAP 965 R+5C15 APOGEE 0 0 0 1 0 0 84.42361849866417 114.65201980800683 143.1 138.3085131705733 33.660856221028666 111.441765 68.413536 -999.0 -999.0 -999.0 -999.0 -999.0 139.88638884406478 13.14531013399021 139.91107659073776 13.03730804560464 65.15045240502133 138.71245592462387 -999.0 16600.0 -999.0 2 -999 {-999.0 -999.0 -999.0 -999.0 -999.0} "" -999.0 -999.0 -999.0 -999.0 -999 -999 "" "" "" "" 0 0 0.0 0.0 -999 ""
FIBERMAP 965 R+5C15 BOSS 1 1 0 1 0 0 85.17053975765168 114.67075819263422 143.1 138.89294736146914 33.19566799639168 111.441765 68.413536 139.88921991890385 13.143125321190702 0.09638684 0.22788441 0.1452701 139.88922019777775 13.143125963252443 139.91384685503252 13.03519739693922 65.14718038058237 138.71003759001687 5400.0 5400.0 2016.0 1 213 {-999.0 19.562626 19.600897 19.36591 19.12367} sdss_psfmag_from_lsdr10 19.663788 19.729881 19.158506 -999.0 63050394818040376 1059075442 dark_flexible_2x2 bhm_spiders_agn_lsdr10 bhm_spiders science 0 0 0.0 0.0 -999 ""
FIBERMAP 965 R+5C15 METROLOGY 0 0 0 1 0 0 84.81744600029364 114.01833070484021 143.1 138.20347352537993 32.92237781426879 111.441765 68.413536 -999.0 -999.0 -999.0 -999.0 -999.0 139.88598639895903 13.14190834020238 139.910628668963 13.033963354924701 65.14795159412054 138.7178418625936 -999.0 6231.0 -999.0 -1 -999 {-999.0 -999.0 -999.0 -999.0 -999.0} "" -999.0 -999.0 -999.0 -999.0 -999 -999 "" "" "" "" 0 0 0.0 0.0 -999 ""
FIBERMAP 971 R+4C2 APOGEE 0 0 0 1 0 0 -209.51914239853372 91.45308480762478 143.1 -101.84917620007317 204.60340993519412 97.85115 50.612965 -999.0 -999.0 -999.0 -999.0 -999.0 138.76347672760227 13.918141104999174 138.79028289609602 13.811871158260413 66.40495834545634 139.84196346583025 -999.0 16600.0 -999.0 2 -999 {-999.0 -999.0 -999.0 -999.0 -999.0} "" -999.0 -999.0 -999.0 -999.0 -999 -999 "" "" "" "" 0 0 0.0 0.0 -999 ""
FIBERMAP 971 R+4C2 BOSS 1 1 0 1 0 0 -208.8801376071204 91.0633152392197 143.1 -101.60971960448155 203.89444739032518 97.85115 50.612965 138.76462578376925 13.914925115207089 -0.44318676 -0.5466374 0.02898017 138.764624497344 13.91492357506238 138.79137261090688 13.808726355264303 66.40175857697095 139.8441573266828 5400.0 5400.0 2016.0 1 72 {-999.0 19.304918 19.31661 19.274927 19.23204} sdss_psfmag_from_lsdr10 19.481846 19.408556 19.107082 -999.0 63050394818514998 1059079293 dark_flexible_2x2 bhm_spiders_agn_lsdr10 bhm_spiders science 0 0 0.0 0.0 -999 ""
FIBERMAP 971 R+4C2 METROLOGY 0 0 0 1 0 0 -209.52791920648028 90.7070385971565 143.1 -102.33488889745992 204.0373120108822 97.85115 50.612965 -999.0 -999.0 -999.0 -999.0 -999.0 138.76123512522355 13.91555289403646 138.7880012009856 13.809340333881975 66.40409603138724 139.85008609894595 -999.0 6231.0 -999.0 -1 -999 {-999.0 -999.0 -999.0 -999.0 -999.0} "" -999.0 -999.0 -999.0 -999.0 -999 -999 "" "" "" "" 0 0 0.0 0.0 -999 ""
FIBERMAP 973 R+9C14 APOGEE 1 0 1 1 0 0 101.3628225530468 182.14869017114157 143.1 194.6249984380621 74.51143229189233 9.988654 170.085 140.14604077326666 13.276488347590709 3.375743 -4.280175 0.8151728 140.14762035386184 13.329952094252148 140.17247309622115 13.221479387321414 65.15515824899187 137.96479590281254 16000.0 16600.0 2016.0 2 39 {-999.0 13.737288 13.038183 12.767126 -999.0} sdss_psfmag_from_g3xp 13.551479 13.092765 12.421221 11.142 63050394818040930 1108449205 bright_flexible_3x1 mwm_tess_rgb_apogee mwm_tessrgb science 0 0 0.0 0.0 -999 ""
FIBERMAP 973 R+9C14 BOSS 0 0 1 1 0 0 102.11222413461576 182.18036861616426 143.1 195.2196413765307 74.05456823979118 9.988654 170.085 -999.0 -999.0 -999.0 -999.0 -999.0 140.15047449095593 13.327807898027432 140.17526537890637 13.219408087318213 65.15189634433494 137.96236969487856 -999.0 5400.0 -999.0 1 162 {-999.0 -999.0 -999.0 -999.0 -999.0} "" -999.0 -999.0 -999.0 -999.0 -999 -999 "" "" "" "" 0 0 0.0 0.0 -999 ""
FIBERMAP 973 R+9C14 METROLOGY 0 0 1 1 0 0 101.75453728086373 181.51782013643344 143.1 194.52014960359267 73.77647075116914 9.988654 170.085 -999.0 -999.0 -999.0 -999.0 -999.0 140.1472157108356 13.326581681574696 140.17202242253217 13.218165638388403 65.15270864216662 137.97020877039978 -999.0 6231.0 -999.0 -1 -999 {-999.0 -999.0 -999.0 -999.0 -999.0} "" -999.0 -999.0 -999.0 -999.0 -999 -999 "" "" "" "" 0 0 0.0 0.0 -999 ""
FIBERMAP 975 R-1C21 APOGEE 0 0 0 1 0 0 150.99799435227533 -14.642673008677285 143.1 106.31631177118877 -108.16717644442662 195.46732 80.85321 -999.0 -999.0 -999.0 -999.0 -999.0 139.73674680564127 12.500535076097757 139.7603724998154 12.392914663886447 64.7002384383247 139.854335371285 -999.0 16600.0 -999.0 2 -999 {-999.0 -999.0 -999.0 -999.0 -999.0} "" -999.0 -999.0 -999.0 -999.0 -999 -999 "" "" "" "" 0 0 0.0 0.0 -999 ""
FIBERMAP 975 R-1C21 BOSS 1 1 0 1 0 0 150.8899965873293 -13.931403842843812 143.1 106.69020618547664 -107.55275675143223 195.46732 80.85321 139.73858696832107 12.503204648796634 -7.552229e-05 0.129291 -0.088400126 139.73858696810314 12.503205013072554 139.7621613713726 12.395661295793357 64.70155306991666 139.84736669668516 5400.0 5400.0 2016.0 1 270 {-999.0 19.460539 19.392311 19.22721 19.06265} sdss_psfmag_from_lsdr10 19.39868 19.23123 18.778381 -999.0 63050394818030329 1059071492 dark_flexible_2x2 bhm_spiders_agn_lsdr10 bhm_spiders science 0 0 0.0 0.0 -999 ""
FIBERMAP 975 R-1C21 METROLOGY 0 0 0 1 0 0 151.59483873287547 -14.19496912678898 143.1 107.06114463997137 -108.20727235312066 195.46732 80.85321 -999.0 -999.0 -999.0 -999.0 -999.0 139.74028010597087 12.500269547869005 139.76386385364987 12.392700868406804 64.6981676671071 139.8479763201753 -999.0 6231.0 -999.0 -1 -999 {-999.0 -999.0 -999.0 -999.0 -999.0} "" -999.0 -999.0 -999.0 -999.0 -999 -999 "" "" "" "" 0 0 0.0 0.0 -999 ""
FIBERMAP 979 R+3C7 APOGEE 0 0 0 1 0 0 -142.1770828445118 55.3133182497991 143.1 -73.4444886520559 133.67182822196926 231.14764 66.37133 -999.0 -999.0 -999.0 -999.0 -999.0 138.89614236728076 13.598854719592904 138.92227707246712 13.492423370938102 66.06821160584956 140.01919769025434 -999.0 16600.0 -999.0 2 125 {-999.0 -999.0 -999.0 -999.0 -999.0} "" -999.0 -999.0 -999.0 -999.0 -999 -999 "" ops_sky_apogee_best_unassigned ops_sky sky_apogee 0 0 0.0 0.0 -999 ""
FIBERMAP 979 R+3C7 BOSS 1 1 0 1 0 0 -142.51743346334297 55.970443718687015 143.1 -73.28342003840999 134.39393315569674 231.14764 66.37133 138.89695108425448 13.602133722673921 -12.550668 -10.433284 1.5392364 138.89691470246754 13.602104327012706 138.92300287563287 13.495746403372303 66.07058218676147 140.01319879956696 5400.0 5400.0 2016.0 1 43 {-999.0 20.925657 19.633081 18.242865 -999.0} sdss_psfmag 20.331804 18.949093 17.759644 15.274 63050394818514398 1092518666 dark_flexible_2x1 mwm_cb_galex_vol_boss mwm_cb science 0 0 0.0 0.0 -999 ""
FIBERMAP 979 R+3C7 METROLOGY 0 0 0 1 0 0 -141.7776399335474 55.94481705369613 143.1 -72.7329320304308 133.89932199083324 231.14764 66.37133 -999.0 -999.0 -999.0 -999.0 -999.0 138.899480017996 13.599888389114902 138.92557736903348 13.493505185536273 66.06732775118414 140.01113847424952 -999.0 6231.0 -999.0 -1 -999 {-999.0 -999.0 -999.0 -999.0 -999.0} "" -999.0 -999.0 -999.0 -999.0 -999 -999 "" "" "" "" 0 0 0.0 0.0 -999 ""
FIBERMAP 983 R+6C5 APOGEE 0 0 0 1 0 0 -148.50241574031094 119.20909046773504 143.1 -37.2686910930393 186.69946377583653 174.34456 110.93906 -999.0 -999.0 -999.0 -999.0 -999.0 139.0649605135815 13.839291866119877 139.09142779383336 13.732526085709459 66.17514890947747 139.35063243800866 -999.0 16600.0 -999.0 2 150 {-999.0 -999.0 -999.0 -999.0 -999.0} "" -999.0 -999.0 -999.0 -999.0 -999 -999 "" ops_sky_apogee_best_unassigned ops_sky sky_apogee 0 0 0.0 0.0 -999 ""
FIBERMAP 983 R+6C5 BOSS 1 1 0 1 0 0 -148.72072688649922 119.9272562589535 143.1 -36.97490753594596 187.389993576853 174.34456 110.93906 139.06635743191922 13.842435873442787 5.195464 -17.5141 0.38563055 139.0663725079245 13.842386527667054 139.09279207582358 13.735692230011042 66.17701615643043 139.3435024462899 5400.0 5400.0 2016.0 1 49 {-999.0 17.847233 17.474916 17.346786 -999.0} sdss_psfmag 17.771645 17.475468 17.027557 16.262 63050394818514732 976112077 "" ops_std_boss ops_std standard_boss 0 0 0.0 0.0 -999 ""
FIBERMAP 983 R+6C5 METROLOGY 0 0 0 1 0 0 -147.98972472604063 119.75633064791485 143.1 -36.52444357522442 186.78967683665888 174.34456 110.93906 -999.0 -999.0 -999.0 -999.0 -999.0 139.06846832125515 13.83969982757646 139.09489655512675 13.73298141833955 66.17362468883508 139.34310817935543 -999.0 6231.0 -999.0 -1 -999 {-999.0 -999.0 -999.0 -999.0 -999.0} "" -999.0 -999.0 -999.0 -999.0 -999 -999 "" "" "" "" 0 0 0.0 0.0 -999 ""
FIBERMAP 985 R+9C10 APOGEE 0 0 0 1 0 0 7.7879984896842185 154.77562284369657 143.1 105.3394564835399 113.61222945932148 313.79657 54.042183 -999.0 -999.0 -999.0 -999.0 -999.0 139.73231797723133 13.508788148238978 139.75775664509274 13.400968286678344 65.5342146246995 138.50831427057926 -999.0 16600.0 -999.0 2 10 {-999.0 -999.0 -999.0 -999.0 -999.0} "" -999.0 -999.0 -999.0 -999.0 -999 -999 "" ops_sky_apogee_best_unassigned ops_sky sky_apogee 0 0 0.0 0.0 -999 ""
FIBERMAP 985 R+9C10 BOSS 1 1 0 1 0 0 7.058755912449248 154.67168925705326 143.1 104.71387219494298 114.0007779893591 313.79657 54.042183 139.72952303441033 13.510562334425652 -11.353555 -13.947175 0.41623843 139.72949013548796 13.510523038416343 139.75487892634214 13.4027837366788 65.53730597577206 138.51134513156353 5400.0 5400.0 2016.0 1 126 {-999.0 21.654194 20.735817 18.540483 -999.0} sdss_psfmag_ps1 19.996372 19.490507 17.978601 16.068 63050394818042583 1092358683 dark_flexible_2x1 mwm_cb_galex_vol_boss mwm_cb science 0 0 0.0 0.0 -999 ""
FIBERMAP 985 R+9C10 METROLOGY 0 0 0 1 0 0 7.336622207224853 155.3700118566019 143.1 105.37516161794304 114.35753845953421 313.79657 54.042183 -999.0 -999.0 -999.0 -999.0 -999.0 139.73254885332238 13.5121468944552 139.75795421289206 13.404380561113788 65.53690177186012 138.50321483285018 -999.0 6231.0 -999.0 -1 -999 {-999.0 -999.0 -999.0 -999.0 -999.0} "" -999.0 -999.0 -999.0 -999.0 -999 -999 "" "" "" "" 0 0 0.0 0.0 -999 ""
FIBERMAP 986 R+2C13 APOGEE 0 0 1 1 0 0 0.5913855604370196 46.38991112316343 143.1 30.23708105899479 35.17124489772541 9.999181 169.95726 -999.0 -999.0 -999.0 -999.0 -999.0 139.38192675685306 13.152360354332306 139.40694289482934 13.045199393367385 65.43401344969593 139.67202346693335 -999.0 16600.0 -999.0 2 -999 {-999.0 -999.0 -999.0 -999.0 -999.0} "" -999.0 -999.0 -999.0 -999.0 -999 -999 "" "" "" "" 0 0 0.0 0.0 -999 ""
FIBERMAP 986 R+2C13 BOSS 1 0 1 1 0 0 1.3445078342414631 46.38973696405317 143.1 30.814124916267524 34.68758177604841 9.999181 169.95726 139.4194002324502 13.150314358423849 -1.2983886 1.655227 -0.45536348 139.384700244832 13.150102196084863 139.40965701107808 13.043014505303157 65.43072422128427 139.6696842558921 5400.0 5400.0 2016.0 1 105 {-999.0 20.390217 20.349993 20.207388 20.06159} sdss_psfmag_from_lsdr10 20.229652 20.237091 19.61023 -999.0 63050394818041676 1059075440 dark_flexible_2x2 bhm_spiders_agn_lsdr10 bhm_spiders science 0 0 0.0 0.0 -999 ""
FIBERMAP 986 R+2C13 METROLOGY 0 0 1 1 0 0 0.9746696467679882 45.74978981459978 143.1 30.119831770919298 34.43460639156467 9.999181 169.95726 -999.0 -999.0 -999.0 -999.0 -999.0 139.38143573230155 13.148965152612432 139.40640766129576 13.04186122405647 65.43153582525005 139.67754850342968 -999.0 6231.0 -999.0 -1 -999 {-999.0 -999.0 -999.0 -999.0 -999.0} "" -999.0 -999.0 -999.0 -999.0 -999 -999 "" "" "" "" 0 0 0.0 0.0 -999 ""
FIBERMAP 988 R+7C6 APOGEE 0 0 0 1 0 0 -105.94484703111178 128.3469417976816 143.1 1.2121311140199265 166.3788806503486 189.24277 154.76686 -999.0 -999.0 -999.0 -999.0 -999.0 139.2450652354568 13.748040542540458 139.27124994847935 13.640989030971562 66.00089789690247 139.12262338111256 -999.0 16600.0 -999.0 2 -999 {-999.0 -999.0 -999.0 -999.0 -999.0} "" -999.0 -999.0 -999.0 -999.0 -999 -999 "" "" "" "" 0 0 0.0 0.0 -999 ""
FIBERMAP 988 R+7C6 BOSS 1 1 0 1 0 0 -106.75080669451454 128.63368218565464 143.1 0.778580384353409 167.1160773297736 189.24277 154.76686 139.24260694255898 13.751365321602412 0.43238798 -5.3649745 0.10890686 139.24308422406406 13.751350205847718 139.26922317505773 13.644376316841218 66.00480503957492 139.12189827618386 5400.0 5400.0 2016.0 1 67 {-999.0 15.196025 14.557313 14.2724905 -999.0} sdss_psfmag_from_g3xp 15.030369 14.563361 13.928361 12.611 63050394818513494 1133188339 dark_flexible_3x1 mwm_halo_mp_xp_boss_triple mwm_halo science 0 0 1.6645774841308594 0.0 -999 ""
FIBERMAP 988 R+7C6 METROLOGY 0 0 0 1 0 0 -106.13642439271236 129.06802438312795 143.1 1.5282748011129061 167.0544817556054 189.24277 154.76686 -999.0 -999.0 -999.0 -999.0 -999.0 139.24657703481304 13.75108845928523 139.27272834905943 13.644087497502598 66.00263795765326 139.11539747675207 -999.0 6231.0 -999.0 -1 -999 {-999.0 -999.0 -999.0 -999.0 -999.0} "" -999.0 -999.0 -999.0 -999.0 -999 -999 "" "" "" "" 0 0 0.0 0.0 -999 ""
FIBERMAP 990 R+4C7 APOGEE 0 0 0 1 0 0 -98.52995050197704 94.47272126308063 143.1 -14.85383982121327 135.6587416748844 124.115005 21.85405 -999.0 -999.0 -999.0 -999.0 -999.0 139.17013812701228 13.60884536361916 139.196116981413 13.50194829278952 65.92730150926026 139.4632610321294 -999.0 16600.0 -999.0 2 95 {-999.0 -999.0 -999.0 -999.0 -999.0} "" -999.0 -999.0 -999.0 -999.0 -999 -999 "" ops_sky_apogee_best_unassigned ops_sky sky_apogee 0 0 0.0 0.0 -999 ""
FIBERMAP 990 R+4C7 BOSS 1 1 0 1 0 0 -97.89840056834954 94.07975758505336 143.1 -14.622146985094066 134.95211759002814 124.115005 21.85405 139.17090845294598 13.605731723832209 12.75217 -37.787025 0.7906085 139.17127448640431 13.605625259314627 139.1971938558195 13.49880243266606 65.92411097307462 139.46547211882452 5400.0 5400.0 2016.0 1 51 {-999.0 16.545553 16.019749 15.7982025 -999.0} sdss_psfmag 16.416914 16.017586 15.452564 14.435 63050394818513336 1136072211 dark_flexible_3x1 mwm_halo_local_high_boss_triple mwm_halo science 0 0 1.1513972282409668 0.0 -999 ""
FIBERMAP 990 R+4C7 METROLOGY 0 0 0 1 0 0 -98.54909373842183 93.72288722910557 143.1 -15.349928746051072 135.0963965432661 124.115005 21.85405 -999.0 -999.0 -999.0 -999.0 -999.0 139.16785360389827 13.606282543791044 139.19379144064095 13.499443947265263 65.92650092585754 139.4712968729943 -999.0 6231.0 -999.0 -1 -999 {-999.0 -999.0 -999.0 -999.0 -999.0} "" -999.0 -999.0 -999.0 -999.0 -999 -999 "" "" "" "" 0 0 0.0 0.0 -999 ""
FIBERMAP 991 R-3C20 APOGEE 0 0 0 1 0 0 179.58126823664537 -69.5203693919643 143.1 92.98780556108352 -168.57414611866625 337.3831 93.67944 -999.0 -999.0 -999.0 -999.0 -999.0 139.67410555073351 12.226978406796444 139.69727975133372 12.11951909959545 64.50632003796801 140.3261264131839 -999.0 16600.0 -999.0 2 226 {-999.0 -999.0 -999.0 -999.0 -999.0} "" -999.0 -999.0 -999.0 -999.0 -999 -999 "" ops_sky_apogee_best_unassigned ops_sky sky_apogee 0 0 0.0 0.0 -999 ""
FIBERMAP 991 R-3C20 BOSS 1 1 0 1 0 0 179.35230502841412 -70.222424399892 143.1 92.3615967147999 -168.96516433704642 337.3831 93.67944 139.67127643699956 12.225077560322156 -999.0 -999.0 -999.0 139.67127643699956 12.225077560322157 139.69439415891534 12.11770478437432 64.5063525391119 140.33391918622578 5400.0 5400.0 2016.0 1 290 {-999.0 23.378834 22.761065 22.116755 21.635391} sdss_fiber2mag_from_lsdr10 1e+20 1e+20 1e+20 -999.0 63050398960683257 1059070165 dark_flexible_2x2 bhm_spiders_agn_lsdr10 bhm_spiders science 0 0 0.0 0.0 -999 ""
FIBERMAP 991 R-3C20 METROLOGY 0 0 0 1 0 0 178.851162968633 -69.67685205014863 143.1 92.32782188981395 -168.22531472252572 337.3831 93.67944 -999.0 -999.0 -999.0 -999.0 -999.0 139.67111009320396 12.228448013207002 139.69424950637716 12.121051730483966 64.50922766489525 140.3299246057224 -999.0 6231.0 -999.0 -1 -999 {-999.0 -999.0 -999.0 -999.0 -999.0} "" -999.0 -999.0 -999.0 -999.0 -999 -999 "" "" "" "" 0 0 0.0 0.0 -999 ""
FIBERMAP 994 R+7C2 APOGEE 0 0 1 1 0 0 -189.79754739206498 143.28822952746432 143.1 -53.45562665163026 231.66537919647274 9.987706 169.95482 -999.0 -999.0 -999.0 -999.0 -999.0 138.98922184015555 14.04102447462502 139.0161080201206 13.934346481422521 66.3829968871627 139.21724147608273 -999.0 16600.0 -999.0 2 -999 {-999.0 -999.0 -999.0 -999.0 -999.0} "" -999.0 -999.0 -999.0 -999.0 -999 -999 "" "" "" "" 0 0 0.0 0.0 -999 ""
FIBERMAP 994 R+7C2 BOSS 1 0 1 1 0 0 -189.04308554367617 143.31731930344193 143.1 -52.85876778686176 231.20328245609386 9.987706 169.95482 138.95447435795177 14.065940077206708 -1.8833208 1.4179752 -2.6959696 138.9920527083031 14.038926388225216 139.01888110172587 13.93231767350196 66.37980104366379 139.21456863152008 5400.0 5400.0 2016.0 1 70 {-999.0 20.414906 20.376232 20.241228 20.102955} sdss_psfmag_from_lsdr10 20.38599 20.383287 19.93299 -999.0 63050394818515251 1059079297 dark_flexible_2x2 bhm_spiders_agn_lsdr10 bhm_spiders science 0 0 0.0 0.0 -999 ""
FIBERMAP 994 R+7C2 METROLOGY 0 0 1 1 0 0 -189.41121303464826 142.64994452467076 143.1 -53.56935939312466 230.92818956834094 9.987706 169.95482 -999.0 -999.0 -999.0 -999.0 -999.0 138.98872311538526 14.037691048537436 139.01556617560868 13.931067352685107 66.3805908689579 139.22295527611155 -999.0 6231.0 -999.0 -1 -999 {-999.0 -999.0 -999.0 -999.0 -999.0} "" -999.0 -999.0 -999.0 -999.0 -999 -999 "" "" "" "" 0 0 0.0 0.0 -999 ""
FIBERMAP 996 R-6C15 APOGEE 0 0 0 1 0 0 97.07147952465591 -117.40470465268754 143.1 -0.9869595081803535 -152.29629281317028 274.0563 173.60506 -999.0 -999.0 -999.0 -999.0 -999.0 139.2374297370465 12.299538983749548 139.2609933787411 12.192796003275593 64.80014814741031 141.0682903262152 -999.0 16600.0 -999.0 2 183 {-999.0 -999.0 -999.0 -999.0 -999.0} "" -999.0 -999.0 -999.0 -999.0 -999 -999 "" ops_sky_apogee_best_unassigned ops_sky sky_apogee 0 0 0.0 0.0 -999 ""
FIBERMAP 996 R-6C15 BOSS 1 1 0 1 0 0 97.02290655262888 -118.14909693337216 143.1 -1.5021081398715406 -152.8355727809055 274.0563 173.60506 139.23509037879995 12.296957801367116 -0.061191007 -0.40418935 -0.060378104 139.2350902023466 12.296956662568219 139.25859734797606 12.190299033316592 64.79931335004245 141.07608778357502 5400.0 5400.0 2016.0 1 316 {-999.0 19.938171 19.84273 19.700903 19.563202} sdss_psfmag_from_lsdr10 20.069042 19.700165 19.251837 -999.0 63050394818029452 1059070154 dark_flexible_2x2 bhm_spiders_agn_lsdr10 bhm_spiders science 0 0 0.0 0.0 -999 ""
FIBERMAP 996 R-6C15 METROLOGY 0 0 0 1 0 0 96.39234929004326 -117.73169767238751 143.1 -1.7173517815567758 -152.11085980142954 274.0563 173.60506 -999.0 -999.0 -999.0 -999.0 -999.0 139.23406740895007 12.300268151030203 139.2575962670557 12.1935886274401 64.80260992456881 141.07384525231018 -999.0 6231.0 -999.0 -1 -999 {-999.0 -999.0 -999.0 -999.0 -999.0} "" -999.0 -999.0 -999.0 -999.0 -999 -999 "" "" "" "" 0 0 0.0 0.0 -999 ""
FIBERMAP 999 R0C27 APOGEE 0 0 0 1 0 0 306.2519581381904 -9.414262440331353 143.1 228.65208745258354 -203.83861147161915 2.7852643 77.69629 -999.0 -999.0 -999.0 -999.0 -999.0 140.29734046738008 12.0719485130187 140.31986880343266 11.963489664899992 64.03884488716386 139.358103343253 -999.0 16600.0 -999.0 2 -999 {-999.0 -999.0 -999.0 -999.0 -999.0} "" -999.0 -999.0 -999.0 -999.0 -999 -999 "" "" "" "" 0 0 0.0 0.0 -999 ""
FIBERMAP 999 R0C27 BOSS 1 1 0 1 0 0 306.1505506870837 -10.141137208074005 143.1 228.10769591688512 -204.33054538328375 2.7852643 77.69629 140.2949255275879 12.069710021108934 -23.521929 -13.117518 2.2642858 140.29485775668064 12.069673062641622 140.31732641182577 11.961301212892915 64.03842378458938 139.36560963118936 5400.0 5400.0 2016.0 1 174 {-999.0 19.427309 19.618456 19.966534 -999.0} sdss_psfmag 19.504873 19.52923 19.564026 -999.0 63050394818023391 1143449398 dark_1x3 mwm_wd_pwd_boss_1x3 mwm_wd science 0 0 0.0 0.0 -999 ""
FIBERMAP 999 R0C27 METROLOGY 0 0 0 1 0 0 305.5576757105143 -9.687454481086487 143.1 227.94462531311268 -203.60221983570895 2.7852643 77.69629 -999.0 -999.0 -999.0 -999.0 -999.0 140.29414491926875 12.072941385431026 140.31663612571674 11.96454663898265 64.04149113138983 139.36273787536652 -999.0 6231.0 -999.0 -1 -999 {-999.0 -999.0 -999.0 -999.0 -999.0} "" -999.0 -999.0 -999.0 -999.0 -999 -999 "" "" "" "" 0 0 0.0 0.0 -999 ""
FIBERMAP 1004 R-13C1 APOGEE 0 0 0 1 0 0 -164.09084809134532 -255.4892516849179 143.1 -289.7837458166169 -90.44252481440907 228.90596 69.935005 -999.0 -999.0 -999.0 -999.0 -999.0 137.9016777097221 12.578145700584926 137.92653995776118 12.47362495920619 65.72638265014041 143.3615692342079 -999.0 16600.0 -999.0 2 199 {-999.0 -999.0 -999.0 -999.0 -999.0} "" -999.0 -999.0 -999.0 -999.0 -999 -999 "" ops_sky_apogee_best_unassigned ops_sky sky_apogee 0 0 0.0 0.0 -999 ""
FIBERMAP 1004 R-13C1 BOSS 1 1 0 1 0 0 -164.45946564983632 -254.85171606647648 143.1 -289.65691692620004 -89.7172842540596 228.90596 69.935005 137.9022920294242 12.581343897578279 -999.0 -999.0 -999.0 137.90229202942422 12.581343897578279 137.92711127578255 12.476900460349903 65.72890565162325 143.35630963720038 5400.0 5400.0 2016.0 1 340 {-999.0 21.748917 21.21193 20.450747 19.907984} sdss_psfmag_from_lsdr10 21.438719 21.023342 20.616543 -999.0 63050394818498589 1059071458 dark_flexible_2x2 bhm_spiders_agn_lsdr10 bhm_spiders science 0 0 0.0 0.0 -999 ""
FIBERMAP 1004 R-13C1 METROLOGY 0 0 0 1 0 0 -163.7159083769153 -254.83730303485055 143.1 -289.07783774899417 -90.18362742395915 228.90596 69.935005 -999.0 -999.0 -999.0 -999.0 -999.0 137.90492807519192 12.579266902600823 137.9297557259008 12.474796941725906 65.72577412620618 143.35355233302062 -999.0 6231.0 -999.0 -1 -999 {-999.0 -999.0 -999.0 -999.0 -999.0} "" -999.0 -999.0 -999.0 -999.0 -999 -999 "" "" "" "" 0 0 0.0 0.0 -999 ""
FIBERMAP 1009 R-13C2 APOGEE 0 0 0 1 0 0 -112.51281388720147 -236.62241444950365 143.1 -238.1437509542375 -109.0987343217222 98.08307 67.56411 -999.0 -999.0 -999.0 -999.0 -999.0 138.13801021721315 12.494134040278794 138.16257806629233 12.389222536542288 65.535125694497 142.98864699578402 -999.0 16600.0 -999.0 2 190 {-999.0 -999.0 -999.0 -999.0 -999.0} "" -999.0 -999.0 -999.0 -999.0 -999 -999 "" ops_sky_apogee_best_unassigned ops_sky sky_apogee 0 0 0.0 0.0 -999 ""
FIBERMAP 1009 R-13C2 BOSS 1 1 0 1 0 0 -111.79708684608184 -236.8104606090811 143.1 -237.71598505371745 -109.70236426698906 98.08307 67.56411 138.14003914321353 12.491325500413785 0.34389555 0.36508158 1.000035 138.140040135627 12.491326529026983 138.16455213827666 12.386491616199626 65.53179085153411 142.9880827135512 5400.0 5400.0 2016.0 1 341 {-999.0 20.889996 20.503613 20.114035 19.865746} sdss_fiber2mag_from_lsdr10 20.1112 19.948326 19.107212 -999.0 63050394818498130 1059071462 dark_flexible_2x2 bhm_spiders_agn_lsdr10 bhm_spiders science 0 0 0.0 0.0 -999 ""
FIBERMAP 1009 R-13C2 METROLOGY 0 0 0 1 0 0 -112.32472820409694 -237.34425619338947 143.1 -238.46305789616187 -109.77267543425147 98.08307 67.56411 -999.0 -999.0 -999.0 -999.0 -999.0 138.13661497512444 12.49103309700095 138.16114259127704 12.386181601079059 65.53325149539924 142.99534737602005 -999.0 6231.0 -999.0 -1 -999 {-999.0 -999.0 -999.0 -999.0 -999.0} "" -999.0 -999.0 -999.0 -999.0 -999 -999 "" "" "" "" 0 0 0.0 0.0 -999 ""
FIBERMAP 1011 R+6C3 APOGEE 0 0 0 1 0 0 -180.2560707190477 106.32377203707433 143.1 -69.87592705361749 197.21169992981197 235.31552 142.663 -999.0 -999.0 -999.0 -999.0 -999.0 138.9125942702488 13.885920604153766 138.93924517217317 13.77940363951213 66.29706458633558 139.58845284127057 -999.0 16600.0 -999.0 2 126 {-999.0 -999.0 -999.0 -999.0 -999.0} "" -999.0 -999.0 -999.0 -999.0 -999 -999 "" ops_sky_apogee_best_unassigned ops_sky sky_apogee 0 0 0.0 0.0 -999 ""
FIBERMAP 1011 R+6C3 BOSS 1 1 0 1 0 0 -180.9572210978238 106.09493218674545 143.1 -70.56017686357526 197.48649034551542 235.31552 142.663 138.90947012357395 13.88714535703136 -11.807282 -13.448095 1.446612 138.90943585503808 13.88710746717321 138.9360389659306 13.780669871204426 66.29986022933187 139.5930961991891 5400.0 5400.0 2016.0 1 27 {-999.0 19.08917 17.792473 17.013948 -999.0} sdss_psfmag 18.590902 17.590136 16.612135 14.725 63050394818514794 1092518675 dark_flexible_2x1 mwm_cb_galex_vol_boss mwm_cb science 0 0 0.0 0.0 -999 ""
FIBERMAP 1011 R+6C3 METROLOGY 0 0 0 1 0 0 -180.81659256680362 106.82804819052164 143.1 -69.98172114948319 197.9580259885603 235.31552 142.663 -999.0 -999.0 -999.0 -999.0 -999.0 138.91212423028026 13.889257552602652 138.9387444214176 13.782793901346704 66.30014338892292 139.5847200825385 -999.0 6231.0 -999.0 -1 -999 {-999.0 -999.0 -999.0 -999.0 -999.0} "" -999.0 -999.0 -999.0 -999.0 -999 -999 "" "" "" "" 0 0 0.0 0.0 -999 ""
FIBERMAP 1012 R+1C12 APOGEE 0 0 0 1 0 0 -33.160288944851125 36.00614293549401 143.1 -2.2952594665461983 48.883340742889246 114.67687 87.354294 -999.0 -999.0 -999.0 -999.0 -999.0 139.22962610867057 13.214600281268583 139.25485006130526 13.107682807411921 65.56847376756429 139.8846323748513 -999.0 16600.0 -999.0 2 -999 {-999.0 -999.0 -999.0 -999.0 -999.0} "" -999.0 -999.0 -999.0 -999.0 -999 -999 "" "" "" "" 0 0 0.0 0.0 -999 ""
FIBERMAP 1012 R+1C12 BOSS 1 1 0 1 0 0 -32.45787862186323 36.30281074697863 143.1 -1.5664962810641239 48.6597213966601 114.67687 87.354294 139.23309012367426 13.213538153938124 -999.0 -999.0 -999.0 139.23309012367426 13.213538153938126 139.25825689722527 13.106692186353206 65.56580462128821 139.87929871034285 5400.0 5400.0 2016.0 1 22 {-999.0 21.262934 21.194012 21.005245 20.817963} sdss_psfmag_from_lsdr10 23.51788 20.938372 20.620182 -999.0 63050394818032788 1059075438 dark_flexible_2x2 bhm_spiders_agn_lsdr10 bhm_spiders science 0 0 0.0 0.0 -999 ""
FIBERMAP 1012 R+1C12 METROLOGY 0 0 0 1 0 0 -32.562998652223726 35.559034126762995 143.1 -2.1245845077625396 48.15721834084046 114.67687 87.354294 -999.0 -999.0 -999.0 -999.0 -999.0 139.2304678618408 13.211262021081716 139.25564723897344 13.104399082997322 65.56531310358925 139.88748871063703 -999.0 6231.0 -999.0 -1 -999 {-999.0 -999.0 -999.0 -999.0 -999.0} "" -999.0 -999.0 -999.0 -999.0 -999 -999 "" "" "" "" 0 0 0.0 0.0 -999 ""
FIBERMAP 1013 R+10C15 APOGEE 0 0 0 1 0 0 115.82313853124857 184.25610995890247 143.1 207.05970352083122 66.84244877228325 264.47427 45.27279 -999.0 -999.0 -999.0 -999.0 -999.0 140.20512781156958 13.294923550190308 140.229881424795 13.186363065373325 65.09417651381932 137.90474149625794 -999.0 16600.0 -999.0 2 68 {-999.0 -999.0 -999.0 -999.0 -999.0} "" -999.0 -999.0 -999.0 -999.0 -999 -999 "" ops_sky_apogee_best_unassigned ops_sky sky_apogee 0 0 0.0 0.0 -999 ""
FIBERMAP 1013 R+10C15 BOSS 1 1 0 1 0 0 115.32794841800458 184.80737519458745 143.1 207.03414499630512 67.5828397846331 264.47427 45.27279 140.2051046717404 13.29821263999755 -0.09263624 0.59721303 -0.66241133 140.20510440354755 13.29821432263848 140.22980742849586 13.18973052644485 65.09696379100534 137.90025082686842 5400.0 5400.0 2016.0 1 228 {-999.0 20.598127 20.35159 20.131296 19.953495} sdss_psfmag_from_gaiadr2 20.479866 20.382599 19.678328 -999.0 63050394818040940 1055736602 dark_flexible_2x2 bhm_gua_dark bhm_filler science 0 0 0.0 0.0 -999 ""
FIBERMAP 1013 R+10C15 METROLOGY 0 0 0 1 0 0 116.0513650347496 184.97322585233493 143.1 207.69501738457646 67.24548189768672 264.47427 45.27279 -999.0 -999.0 -999.0 -999.0 -999.0 140.20813312638816 13.296690008406173 140.23284754938862 13.188179619798435 65.0939854585547 137.89665283869556 -999.0 6231.0 -999.0 -1 -999 {-999.0 -999.0 -999.0 -999.0 -999.0} "" -999.0 -999.0 -999.0 -999.0 -999 -999 "" "" "" "" 0 0 0.0 0.0 -999 ""
FIBERMAP 1016 R+1C16 APOGEE 0 0 0 1 0 0 50.02508525037202 6.257799488104858 143.1 42.3544681812614 -27.322107496911457 254.78328 108.7213 -999.0 -999.0 -999.0 -999.0 -999.0 139.43889362083996 12.86774607608764 139.46336031578414 12.760547727706793 65.16693898170031 139.9419551401728 -999.0 16600.0 -999.0 2 51 {-999.0 -999.0 -999.0 -999.0 -999.0} "" -999.0 -999.0 -999.0 -999.0 -999 -999 "" ops_sky_apogee_best_unassigned ops_sky sky_apogee 0 0 0.0 0.0 -999 ""
FIBERMAP 1016 R+1C16 BOSS 1 1 0 1 0 0 49.28610888115931 6.196035753317913 143.1 41.74849884917359 -26.894992657891667 254.78328 108.7213 139.4361394232392 12.869594642193267 -999.0 -999.0 -999.0 139.4361394232392 12.869594642193267 139.46055730203204 12.76247917290728 65.17006264635417 139.94481891359314 5400.0 5400.0 2016.0 1 190 {-999.0 21.728237 21.217117 21.01489 20.86348} sdss_psfmag_from_lsdr10 1e+20 1e+20 1e+20 -999.0 63050396815444925 1059072878 dark_flexible_2x2 bhm_spiders_agn_lsdr10 bhm_spiders science 0 0 0.0 0.0 -999 ""
FIBERMAP 1016 R+1C16 METROLOGY 0 0 0 1 0 0 49.59692195904936 6.878581337203416 143.1 42.424907686708316 -26.57147584765322 254.78328 108.7213 -999.0 -999.0 -999.0 -999.0 -999.0 139.43927822387803 12.871096967742144 139.4637121839425 12.763953638676112 65.16958199340593 139.9367749927882 -999.0 6231.0 -999.0 -1 -999 {-999.0 -999.0 -999.0 -999.0 -999.0} "" -999.0 -999.0 -999.0 -999.0 -999 -999 "" "" "" "" 0 0 0.0 0.0 -999 ""
FIBERMAP 1017 R+5C18 APOGEE 1 1 0 1 0 0 157.16892916756046 105.4832628401022 143.1 188.1702742272739 -20.07054498727368 45.507786 106.85277 140.11748662219762 12.9008403440127 -6.6945467 -7.2405276 3.3766558 140.11746727194935 12.900819943907663 140.14157351769316 12.792485289289054 64.82124365432065 138.60578006157075 16000.0 16600.0 2016.0 2 70 {-999.0 12.21781 11.8237705 11.714925 -999.0} sdss_psfmag_from_g3xp 12.152962 11.850021 11.3876 10.636 63050394818039750 1103523776 bright_flexible_2x1 mwm_tess_2min_apogee mwm_planet science 0 0 0.0 0.0 -999 ""
FIBERMAP 1017 R+5C18 BOSS 0 0 0 1 0 0 157.727887276303 105.02639042148203 143.1 188.30530473196384 -20.77953919480561 45.507786 106.85277 -999.0 -999.0 -999.0 -999.0 -999.0 140.1181939140548 12.897515769575632 140.14223798609777 12.789259469703936 64.81822410972683 138.60885180001753 -999.0 5400.0 -999.0 1 209 {-999.0 -999.0 -999.0 -999.0 -999.0} "" -999.0 -999.0 -999.0 -999.0 -999 -999 "" "" "" "" 0 0 0.0 0.0 -999 ""
FIBERMAP 1017 R+5C18 METROLOGY 0 0 0 1 0 0 157.04103034127104 104.7484708727459 143.1 187.60049790488236 -20.551537901560724 45.507786 106.85277 -999.0 -999.0 -999.0 -999.0 -999.0 140.11491070011192 12.89857731059667 140.13897462617751 12.790303850350417 64.82089644461942 138.61359749510734 -999.0 6231.0 -999.0 -1 -999 {-999.0 -999.0 -999.0 -999.0 -999.0} "" -999.0 -999.0 -999.0 -999.0 -999 -999 "" "" "" "" 0 0 0.0 0.0 -999 ""
FIBERMAP 1018 R-1C8 APOGEE 0 0 0 1 0 0 -139.3386745214427 -8.140562055666754 143.1 -112.00878342859276 83.22155882301927 191.80585 60.33682 -999.0 -999.0 -999.0 -999.0 -999.0 138.71648794729026 13.369026169080044 138.74231408974026 13.2629466079228 65.97333516836008 140.68996184157461 -999.0 16600.0 -999.0 2 -999 {-999.0 -999.0 -999.0 -999.0 -999.0} "" -999.0 -999.0 -999.0 -999.0 -999 -999 "" "" "" "" 0 0 0.0 0.0 -999 ""
FIBERMAP 1018 R-1C8 BOSS 1 1 0 1 0 0 -139.1177295763908 -7.433534756788326 143.1 -111.38552700588515 83.62153555211232 191.80585 60.33682 138.71856728043502 13.371152239516672 90.05532 -119.31183 2.0154583 138.7193957296333 13.370816079661694 138.7451718938643 13.264807443790405 65.97336993902688 140.68174276897653 5400.0 5400.0 2016.0 1 482 {-999.0 13.9789295 13.599774 13.460835 -999.0} sdss_psfmag_from_g3xp 13.91342 13.605755 13.128886 12.312 63050394818502691 1135927743 dark_flexible_3x1 mwm_halo_local_high_boss_triple mwm_halo science 0 0 1.988144874572754 0.0 -999 ""
FIBERMAP 1018 R-1C8 METROLOGY 0 0 0 1 0 0 -138.61008411610365 -7.979882244365866 143.1 -111.3472659606856 82.87691650993715 191.80585 60.33682 -999.0 -999.0 -999.0 -999.0 -999.0 138.71957497080945 13.367450326746816 138.74535958871155 13.26142045189405 65.97043546023939 140.68592059516848 -999.0 6231.0 -999.0 -1 -999 {-999.0 -999.0 -999.0 -999.0 -999.0} "" -999.0 -999.0 -999.0 -999.0 -999 -999 "" "" "" "" 0 0 0.0 0.0 -999 ""
FIBERMAP 1019 R+3C24 APOGEE 0 0 0 1 0 0 275.45213135395255 62.387546224778724 143.1 251.14778248110548 -129.03873794443214 52.55142 70.011185 -999.0 -999.0 -999.0 -999.0 -999.0 140.40390505147303 12.40820678767192 140.42696242109974 12.299502552814856 64.25733395351693 138.7253281687463 -999.0 16600.0 -999.0 2 84 {-999.0 -999.0 -999.0 -999.0 -999.0} "" -999.0 -999.0 -999.0 -999.0 -999 -999 "" ops_sky_apogee_best_unassigned ops_sky sky_apogee 0 0 0.0 0.0 -999 ""
FIBERMAP 1019 R+3C24 BOSS 1 1 0 1 0 0 275.84788454676635 61.76337656497974 143.1 251.05033039102184 -129.77115747853492 52.55142 70.011185 140.40347454335745 12.404831526648747 -999.0 -999.0 -999.0 140.40347454335745 12.404831526648747 140.42646891611386 12.296209804168766 64.25489694744924 138.73054561381912 5400.0 5400.0 2016.0 1 246 {-999.0 22.506489 21.855421 21.299412 20.864403} sdss_fiber2mag_from_lsdr10 1e+20 1e+20 1e+20 -999.0 63050398967757836 1059071500 dark_flexible_2x2 bhm_spiders_agn_lsdr10 bhm_spiders science 0 0 0.0 0.0 -999 ""
FIBERMAP 1019 R+3C24 METROLOGY 0 0 0 1 0 0 275.10704416897454 61.72684659763581 143.1 250.45913349645218 -129.32350797203878 52.55142 70.011185 -999.0 -999.0 -999.0 -999.0 -999.0 140.40078307222686 12.4068569067871 140.42379894857163 12.29821618872177 64.25802962408426 138.7328681318695 -999.0 6231.0 -999.0 -1 -999 {-999.0 -999.0 -999.0 -999.0 -999.0} "" -999.0 -999.0 -999.0 -999.0 -999 -999 "" "" "" "" 0 0 0.0 0.0 -999 ""
FIBERMAP 1025 R-7C7 APOGEE 0 0 0 1 0 0 -74.50347013977874 -147.58136198415852 143.1 -151.84793950733402 -65.26534249354913 283.48154 122.94428 -999.0 -999.0 -999.0 -999.0 -999.0 138.5339550948219 12.693201270416468 138.55865352225936 12.587570170126455 65.50106836864714 141.94311658044847 -999.0 16600.0 -999.0 2 294 {-999.0 -999.0 -999.0 -999.0 -999.0} "" -999.0 -999.0 -999.0 -999.0 -999 -999 "" ops_sky_apogee_best_unassigned ops_sky sky_apogee 0 0 0.0 0.0 -999 ""
FIBERMAP 1025 R-7C7 BOSS 1 1 0 1 0 0 -75.00209334566887 -148.12567323929105 143.1 -152.57952568466644 -65.36234297389068 283.48154 122.94428 138.53056096469885 12.692650294752907 0.90248746 0.35458285 -0.46773997 138.53056357114133 12.692651293786033 138.55521230412995 12.58710497891509 65.5024577937944 141.95057497885037 5400.0 5400.0 2016.0 1 410 {-999.0 20.456903 20.362118 20.22017 20.082258} sdss_psfmag_from_lsdr10 20.538473 20.374517 19.943848 -999.0 63050394818501016 1059072859 dark_flexible_2x2 bhm_spiders_agn_lsdr10 bhm_spiders science 0 0 0.0 0.0 -999 ""
FIBERMAP 1025 R-7C7 METROLOGY 0 0 0 1 0 0 -75.23203845742806 -147.4126896631923 143.1 -152.297984978754 -64.66831517183088 283.48154 122.94428 -999.0 -999.0 -999.0 -999.0 -999.0 138.53184332925494 12.69583229597998 138.5565115430643 12.590260783687988 65.5044584141017 141.94394190769654 -999.0 6231.0 -999.0 -1 -999 {-999.0 -999.0 -999.0 -999.0 -999.0} "" -999.0 -999.0 -999.0 -999.0 -999 -999 "" "" "" "" 0 0 0.0 0.0 -999 ""
FIBERMAP 1028 R+9C8 APOGEE 0 0 0 1 0 0 -53.579594184297186 180.40835742015875 143.1 74.76743947424248 172.65593408253014 222.9921 45.874043 -999.0 -999.0 -999.0 -999.0 -999.0 139.58889119812397 13.776300098198476 139.61490553329907 13.668665554504111 65.83316096695594 138.4117323366297 -999.0 16600.0 -999.0 2 2 {-999.0 -999.0 -999.0 -999.0 -999.0} "" -999.0 -999.0 -999.0 -999.0 -999 -999 "" ops_sky_apogee_best_unassigned ops_sky sky_apogee 0 0 0.0 0.0 -999 ""
FIBERMAP 1028 R+9C8 BOSS 1 1 0 1 0 0 -53.54445689718222 181.14640365749676 143.1 75.26821728953942 173.198976914896 222.9921 45.874043 139.59129820733062 13.778718126243982 -0.041957483 0.3026122 -0.097165905 139.5912980856132 13.778718978850375 139.61726097648943 13.671154948065759 65.83388375269104 138.40366296420865 5400.0 5400.0 2016.0 1 124 {-999.0 19.207138 18.91763 18.907969 18.953531} sdss_psfmag_from_lsdr10 19.22271 19.021032 18.621613 -999.0 63050394818513718 1059077918 dark_flexible_2x2 bhm_spiders_agn_lsdr10 bhm_spiders science 0 0 0.0 0.0 -999 ""
FIBERMAP 1028 R+9C8 METROLOGY 0 0 0 1 0 0 -52.91800173664771 180.74683979069746 143.1 75.49176820182244 172.4905657862006 222.9921 45.874043 -999.0 -999.0 -999.0 -999.0 -999.0 139.59233259620274 13.775531732137601 139.61830446907703 13.667945362299271 65.83067422711221 138.4061398505824 -999.0 6231.0 -999.0 -1 -999 {-999.0 -999.0 -999.0 -999.0 -999.0} "" -999.0 -999.0 -999.0 -999.0 -999 -999 "" "" "" "" 0 0 0.0 0.0 -999 ""
FIBERMAP 1032 R+2C8 APOGEE 0 0 0 1 0 0 -125.66617382260694 44.73319944855276 143.1 -67.5841339995707 114.96319322514957 169.74484 102.94862 -999.0 -999.0 -999.0 -999.0 -999.0 138.9236516274717 13.514156555297495 138.94961378081553 13.407695610260381 65.982980246814 140.08054070390736 -999.0 16600.0 -999.0 2 -999 {-999.0 -999.0 -999.0 -999.0 -999.0} "" -999.0 -999.0 -999.0 -999.0 -999 -999 "" "" "" "" 0 0 0.0 0.0 -999 ""
FIBERMAP 1032 R+2C8 BOSS 1 1 0 1 0 0 -125.70529713055114 45.4843158973967 143.1 -67.13187432023986 115.56393020376848 169.74484 102.94862 138.92578568491797 13.516878008014713 -0.4194056 -5.05367 1.6681923 138.92578446958413 13.516863769357105 138.95169811441465 13.410474412681694 65.9841673791143 140.0726081193614 5400.0 5400.0 2016.0 1 44 {-999.0 20.714077 20.24049 20.064285 -999.0} sdss_psfmag 20.616745 20.268902 19.825838 -999.0 63050394818513208 1092518655 dark_flexible_2x1 mwm_cb_galex_vol_boss mwm_cb science 0 0 0.0 0.0 -999 ""
FIBERMAP 1032 R+2C8 METROLOGY 0 0 0 1 0 0 -125.0431792094682 45.14373530875491 143.1 -66.84312399691152 114.87782425964113 169.74484 102.94862 -999.0 -999.0 -999.0 -999.0 -999.0 138.92712948679892 13.513769236053399 138.95305152725632 13.407356748858584 65.98084317102754 140.0741668819352 -999.0 6231.0 -999.0 -1 -999 {-999.0 -999.0 -999.0 -999.0 -999.0} "" -999.0 -999.0 -999.0 -999.0 -999 -999 "" "" "" "" 0 0 0.0 0.0 -999 ""
FIBERMAP 1034 R+13C2 APOGEE 0 0 0 1 0 0 -115.48836668057727 264.9165413591 143.1 81.5806939911001 277.16632757909036 74.62844 100.638016 -999.0 -999.0 -999.0 -999.0 -999.0 139.61865645522414 14.244312250391388 139.6455005216672 14.13653365007329 66.19740177421916 137.68562940957437 -999.0 16600.0 -999.0 2 113 {-999.0 -999.0 -999.0 -999.0 -999.0} "" -999.0 -999.0 -999.0 -999.0 -999 -999 "" ops_sky_apogee_best_unassigned ops_sky sky_apogee 0 0 0.0 0.0 -999 ""
FIBERMAP 1034 R+13C2 BOSS 1 1 0 1 0 0 -114.74395992115869 264.8452688239109 143.1 82.1054111768852 276.63377382871903 74.62844 100.638016 139.62114831442844 14.241861811999787 4.2366753 -5.1335654 0.13079286 139.62116062971168 14.241847348237213 139.64794421853412 14.134138233609377 66.19407349328706 137.68432687051154 5400.0 5400.0 2016.0 1 95 {-999.0 17.642025 17.26711 17.120737 17.065956} sdss_psfmag_from_gaia 17.5881 17.2791 16.7975 16.384 63050394818518030 969134051 "" ops_std_boss_gdr2 ops_std standard_boss 0 0 0.0 0.0 -999 ""
FIBERMAP 1034 R+13C2 METROLOGY 0 0 0 1 0 0 -115.16471748727943 264.2393805400571 143.1 81.39396286671311 276.4395914166678 74.62844 100.638016 -999.0 -999.0 -999.0 -999.0 -999.0 139.617840037758 14.241023388673336 139.64463979526448 14.133299255230009 66.19526279739456 137.69198635632205 -999.0 6231.0 -999.0 -1 -999 {-999.0 -999.0 -999.0 -999.0 -999.0} "" -999.0 -999.0 -999.0 -999.0 -999 -999 "" "" "" "" 0 0 0.0 0.0 -999 ""
FIBERMAP 1036 R0C17 APOGEE 0 0 0 1 0 0 57.036258936798546 -13.355458517171053 143.1 35.13511829390792 -46.854146359725675 258.94528 88.276215 -999.0 -999.0 -999.0 -999.0 -999.0 139.40525147501435 12.778757881334698 139.429578272907 12.6716342132557 65.1111470834681 140.12432963941677 -999.0 16600.0 -999.0 2 47 {-999.0 -999.0 -999.0 -999.0 -999.0} "" -999.0 -999.0 -999.0 -999.0 -999 -999 "" ops_sky_apogee_best_unassigned ops_sky sky_apogee 0 0 0.0 0.0 -999 ""
FIBERMAP 1036 R0C17 BOSS 1 1 0 1 0 0 56.29865774019233 -13.203140250267525 143.1 34.66765062172898 -46.263852566433975 258.94528 88.276215 139.40314045087777 12.781338299506576 -0.24242684 -0.0059505827 -0.4690593 139.4031397504883 12.781338282740878 139.4274187528196 12.674296610983085 65.11453028038181 140.12500647612777 5400.0 5400.0 2016.0 1 181 {-999.0 19.79863 19.369003 19.108303 18.893225} sdss_psfmag_from_lsdr10 19.61836 19.345629 18.778181 -999.0 63050394818030896 1059072877 dark_flexible_2x2 bhm_spiders_agn_lsdr10 bhm_spiders science 0 0 0.0 0.0 -999 ""
FIBERMAP 1036 R0C17 METROLOGY 0 0 0 1 0 0 56.8132863702198 -12.636351813771764 143.1 35.42593366594084 -46.159902702550006 258.94528 88.276215 -999.0 -999.0 -999.0 -999.0 -999.0 139.40666150255518 12.781843550537776 139.43095453425144 12.674773483581287 65.11302146801401 140.11754832293076 -999.0 6231.0 -999.0 -1 -999 {-999.0 -999.0 -999.0 -999.0 -999.0} "" -999.0 -999.0 -999.0 -999.0 -999 -999 "" "" "" "" 0 0 0.0 0.0 -999 ""
FIBERMAP 1037 R+4C11 APOGEE 0 0 0 1 0 0 -13.009992512730065 82.29713053023532 143.1 42.86729160362365 71.4213014747161 6.801624 134.64067 -999.0 -999.0 -999.0 -999.0 -999.0 139.44075903657009 13.317411071532266 139.46603701890086 13.21011775204169 65.53829646571782 139.33430037289227 -999.0 16600.0 -999.0 2 -999 {-999.0 -999.0 -999.0 -999.0 -999.0} "" -999.0 -999.0 -999.0 -999.0 -999 -999 "" "" "" "" 0 0 0.0 0.0 -999 ""
FIBERMAP 1037 R+4C11 BOSS 1 1 0 1 0 0 -12.414963059764183 81.85331018055196 143.1 43.03834526722186 70.69915071966354 6.801624 134.64067 139.44163748784158 13.31408602466535 1.1819695 -0.07530476 -0.53643465 139.44164091000727 13.314085812495017 139.46685851658472 13.206868520752057 65.53516057051125 139.33712002387756 5400.0 5400.0 2016.0 1 113 {-999.0 20.472403 19.908386 19.839931 19.845926} sdss_psfmag_from_lsdr10 19.9641 19.966417 19.42633 -999.0 63050394818041830 1059075441 dark_flexible_2x2 bhm_spiders_agn_lsdr10 bhm_spiders science 0 0 0.0 0.0 -999 ""
FIBERMAP 1037 R+4C11 METROLOGY 0 0 0 1 0 0 -13.101042489218484 81.5566091718038 143.1 42.32207595732661 70.91225964603615 6.801624 134.64067 -999.0 -999.0 -999.0 -999.0 -999.0 139.43826921289337 13.315069116810326 139.4635060263779 13.207835503704434 65.53779673582952 139.3423208741172 -999.0 6231.0 -999.0 -1 -999 {-999.0 -999.0 -999.0 -999.0 -999.0} "" -999.0 -999.0 -999.0 -999.0 -999 -999 "" "" "" "" 0 0 0.0 0.0 -999 ""
FIBERMAP 1039 R-1C4 APOGEE 0 0 0 1 0 0 -212.66937758796686 -11.773160100427514 143.1 -170.53805776961295 127.51847597218978 19.418943 167.4943 -999.0 -999.0 -999.0 -999.0 -999.0 138.44394382124437 13.567824107821778 138.47030677527727 13.462170042705251 66.28472456357537 140.96913187012848 -999.0 16600.0 -999.0 2 -999 {-999.0 -999.0 -999.0 -999.0 -999.0} "" -999.0 -999.0 -999.0 -999.0 -999 -999 "" "" "" "" 0 0 0.0 0.0 -999 ""
FIBERMAP 1039 R-1C4 BOSS 1 1 0 1 0 0 -211.92656963754078 -11.675553706016741 143.1 -169.9061399184764 127.11636917218267 19.418943 167.4943 138.44688690995298 13.56598378773993 0.6668658 0.2925662 -1.0490035 138.44688884276448 13.565984612041893 138.47319622350443 13.460401153835912 66.281710746157 140.9656665259858 5400.0 5400.0 2016.0 1 432 {-999.0 21.628191 20.68813 20.19094 19.8082} sdss_fiber2mag_from_lsdr10 20.43263 20.987495 19.173512 -999.0 63050394818504520 1059076664 dark_flexible_2x2 bhm_spiders_agn_lsdr10 bhm_spiders science 0 0 0.0 0.0 -999 ""
FIBERMAP 1039 R-1C4 METROLOGY 0 0 0 1 0 0 -212.22170684622046 -12.37002933861626 143.1 -170.5781950346753 126.7736453308583 19.418943 167.4943 -999.0 -999.0 -999.0 -999.0 -999.0 138.44376558991695 13.56442251881309 138.47008636371214 13.458823393180312 66.28203415558167 140.97410914928892 -999.0 6231.0 -999.0 -1 -999 {-999.0 -999.0 -999.0 -999.0 -999.0} "" -999.0 -999.0 -999.0 -999.0 -999 -999 "" "" "" "" 0 0 0.0 0.0 -999 ""
FIBERMAP 1040 R+5C11 APOGEE 0 0 0 1 0 0 -3.694720640267896 103.24374602712962 143.1 63.454482166903055 81.49303622570898 10.016599 142.21004 -999.0 -999.0 -999.0 -999.0 -999.0 139.53695923287736 13.363213945481345 139.5622593541657 13.25575009693802 65.52310964397648 139.08544101962767 -999.0 16600.0 -999.0 2 20 {-999.0 -999.0 -999.0 -999.0 -999.0} "" -999.0 -999.0 -999.0 -999.0 -999 -999 "" ops_sky_apogee_best_unassigned ops_sky sky_apogee 0 0 0.0 0.0 -999 ""
FIBERMAP 1040 R+5C11 BOSS 1 1 0 1 0 0 -3.0357997121719515 102.88454713835546 143.1 63.728828902325375 80.79471471320419 10.016599 142.21004 139.5383324093145 13.35999992233134 -0.001542806 0.32621077 0.0048908787 139.53833240484676 13.360000841426467 139.56357171784046 13.25261204491115 65.51979937758054 139.08718376058476 5400.0 5400.0 2016.0 1 137 {-999.0 20.900393 19.780714 19.280563 18.861853} sdss_psfmag 20.12452 19.610847 18.642975 -999.0 63050394818041901 1060381321 dark_flexible_2x2 bhm_aqmes_bonus_faint bhm_filler science 0 0 0.0 0.0 -999 ""
FIBERMAP 1040 R+5C11 METROLOGY 0 0 0 1 0 0 -3.6679303507978176 102.49217342874849 143.1 62.99247820876917 80.89986788643296 10.016599 142.21004 -999.0 -999.0 -999.0 -999.0 -999.0 139.53486788486984 13.360494893017483 139.56012567947153 13.253090057969878 65.52209120249069 139.093206312347 -999.0 6231.0 -999.0 -1 -999 {-999.0 -999.0 -999.0 -999.0 -999.0} "" -999.0 -999.0 -999.0 -999.0 -999 -999 "" "" "" "" 0 0 0.0 0.0 -999 ""
FIBERMAP 1044 R+13C10 APOGEE 0 0 0 1 0 0 42.97126058385256 266.27592678985894 143.1 203.88908829422493 176.4717199614115 175.31665 63.784786 -999.0 -999.0 -999.0 -999.0 -999.0 140.18877242553273 13.78991907788535 140.21442106816403 13.681284545474801 65.50497215224352 137.24317208836248 -999.0 16600.0 -999.0 2 50 {-999.0 -999.0 -999.0 -999.0 -999.0} "" -999.0 -999.0 -999.0 -999.0 -999 -999 "" ops_sky_apogee_best_unassigned ops_sky sky_apogee 0 0 0.0 0.0 -999 ""
FIBERMAP 1044 R+13C10 BOSS 1 1 0 1 0 0 43.33506416629102 266.92893126854574 143.1 204.58714005814397 176.7385762554064 175.31665 63.784786 140.19203970671646 13.791043546526478 1.3197572 -11.239181 0.15343517 140.19204353549463 13.791011880262912 140.21763562151497 13.682447041849304 65.50407755743797 137.23542909082158 5400.0 5400.0 2016.0 1 164 {-999.0 17.170485 16.807322 16.659061 -999.0} sdss_psfmag 17.081541 16.8078 16.366766 15.64 63050394818045178 980406426 "" ops_std_boss_tic ops_std standard_boss 0 0 0.0 0.0 -999 ""
FIBERMAP 1044 R+13C10 METROLOGY 0 0 0 1 0 0 43.722439245402455 266.286576820636 143.1 204.4715921546112 175.99759982765835 175.31665 63.784786 -999.0 -999.0 -999.0 -999.0 -999.0 140.19151397356288 13.7877098228249 140.2171165270846 13.679125193440013 65.50168604906062 137.24112078362734 -999.0 6231.0 -999.0 -1 -999 {-999.0 -999.0 -999.0 -999.0 -999.0} "" -999.0 -999.0 -999.0 -999.0 -999 -999 "" "" "" "" 0 0 0.0 0.0 -999 ""
FIBERMAP 1046 R+5C21 APOGEE 0 0 0 1 0 0 213.19159455393353 82.50123077027561 143.1 216.34804278324353 -73.65126042678881 281.47488 107.12504 -999.0 -999.0 -999.0 -999.0 -999.0 140.2464640152395 12.657865519031432 140.2700591391823 12.549368237214138 64.55001024689473 138.6885514046548 -999.0 16600.0 -999.0 2 -999 {-999.0 -999.0 -999.0 -999.0 -999.0} "" -999.0 -999.0 -999.0 -999.0 -999 -999 "" "" "" "" 0 0 0.0 0.0 -999 ""
FIBERMAP 1046 R+5C21 BOSS 1 1 0 1 0 0 212.5571397563899 82.12941667192138 143.1 215.62311092634238 -73.5288591963919 281.47488 107.12504 140.24322509765625 12.658323846439302 -999.0 -999.0 -999.0 140.24322509765625 12.658323846439302 140.26676632697223 12.549911769661147 64.55228507443121 138.69398468271876 5400.0 5400.0 2015.5 1 237 {-999.0 -999.0 -999.0 -999.0 -999.0} "" -999.0 -999.0 -999.0 -999.0 27021603088166979 816600783 "" ops_sky_boss_good ops_sky sky_boss 0 0 0.0 0.0 -999 ""
FIBERMAP 1046 R+5C21 METROLOGY 0 0 0 1 0 0 212.5463428050714 82.87581341950293 143.1 216.09404831896902 -72.94992563053896 281.47488 107.12504 -999.0 -999.0 -999.0 -999.0 -999.0 140.24538256240623 12.660972808860633 140.26894327324862 12.552533960505434 64.55323361235969 138.68644649316096 -999.0 6231.0 -999.0 -1 -999 {-999.0 -999.0 -999.0 -999.0 -999.0} "" -999.0 -999.0 -999.0 -999.0 -999 -999 "" "" "" "" 0 0 0.0 0.0 -999 ""
FIBERMAP 1051 R-5C20 APOGEE 1 1 0 1 0 0 199.1819361817071 -100.05674511928649 143.1 88.40341517859268 -204.55999813513915 304.44547 148.75098 139.6523484303878 12.064815706744637 -14.289821 0.77962375 0.59386355 139.6523072595903 12.064817903322664 139.6752045674467 11.95742869213861 64.38249864375025 140.57371656124832 16000.0 16600.0 2016.0 2 233 {-999.0 13.79174 12.992889 12.724653 -999.0} sdss_psfmag_from_g3xp 13.56133 13.04402 12.37604 11.05 63050394818024001 1109701860 bright_flexible_3x1 mwm_tess_rgb_apogee mwm_tessrgb science 0 0 0.0 0.0 -999 ""
FIBERMAP 1051 R-5C20 BOSS 0 0 0 1 0 0 199.263861042803 -100.79715349163051 143.1 87.99083143608811 -205.18000900011296 304.44547 148.75098 -999.0 -999.0 -999.0 -999.0 -999.0 139.6504580005479 12.061905889871412 139.67329665970027 11.954602447646419 64.38114938829493 140.58090171021988 -999.0 5400.0 -999.0 1 278 {-999.0 -999.0 -999.0 -999.0 -999.0} "" -999.0 -999.0 -999.0 -999.0 -999 -999 "" "" "" "" 0 0 0.0 0.0 -999 ""
FIBERMAP 1051 R-5C20 METROLOGY 0 0 0 1 0 0 198.57904660450626 -100.50275479540086 143.1 87.6550373067291 -204.51472265277567 304.44547 148.75098 -999.0 -999.0 -999.0 -999.0 -999.0 139.64889604423112 12.064919950432508 139.67175649668582 11.957595213793969 64.38447946076872 140.5800438517837 -999.0 6231.0 -999.0 -1 -999 {-999.0 -999.0 -999.0 -999.0 -999.0} "" -999.0 -999.0 -999.0 -999.0 -999 -999 "" "" "" "" 0 0 0.0 0.0 -999 ""
FIBERMAP 1054 R-2C7 APOGEE 0 0 0 1 0 0 -121.98012725949569 -45.564816342598604 143.1 -122.73367233975496 43.39669361039363 341.65942 108.466385 -999.0 -999.0 -999.0 -999.0 -999.0 138.66696935883772 13.1877630225698 138.69249359445007 13.08180447449517 65.84791531855792 141.03152286389337 -999.0 16600.0 -999.0 2 255 {-999.0 -999.0 -999.0 -999.0 -999.0} "" -999.0 -999.0 -999.0 -999.0 -999 -999 "" ops_sky_apogee_best_unassigned ops_sky sky_apogee 0 0 0.0 0.0 -999 ""
FIBERMAP 1054 R-2C7 BOSS 1 1 0 1 0 0 -121.9925604888729 -46.30802976335183 143.1 -123.22036839212312 42.83511414074105 341.65942 108.466385 138.66470748621668 13.185139308144715 -999.0 -999.0 -999.0 138.6647074862167 13.18513930814471 138.69017718425863 13.079262086266773 65.84700500143762 141.0395269437752 5400.0 5400.0 2016.0 1 471 {-999.0 22.30232 21.927528 21.339535 20.881367} sdss_psfmag_from_lsdr10 1e+20 1e+20 1e+20 -999.0 63050396815377920 1059075433 dark_flexible_2x2 bhm_spiders_agn_lsdr10 bhm_spiders science 0 0 0.0 0.0 -999 ""
FIBERMAP 1054 R-2C7 METROLOGY 0 0 0 1 0 0 -122.63173005744099 -45.924632720867 143.1 -123.46404263926782 43.5392988892652 341.65942 108.466385 -999.0 -999.0 -999.0 -999.0 -999.0 138.66355758264444 13.188354672098916 138.68904842905596 13.082456945683978 65.8502850396784 141.0375451913707 -999.0 6231.0 -999.0 -1 -999 {-999.0 -999.0 -999.0 -999.0 -999.0} "" -999.0 -999.0 -999.0 -999.0 -999 -999 "" "" "" "" 0 0 0.0 0.0 -999 ""
FIBERMAP 1056 R-6C9 APOGEE 0 0 0 1 0 0 -55.69256324866174 -127.8889288621397 143.1 -124.78899074377439 -62.25126594757676 244.5537 99.579636 -999.0 -999.0 -999.0 -999.0 -999.0 138.6595008055007 12.707200592833228 138.68414950508128 12.601352456057011 65.44748683039003 141.67572916107366 -999.0 16600.0 -999.0 2 -999 {-999.0 -999.0 -999.0 -999.0 -999.0} "" -999.0 -999.0 -999.0 -999.0 -999 -999 "" "" "" "" 0 0 0.0 0.0 -999 ""
FIBERMAP 1056 R-6C9 BOSS 1 1 0 1 0 0 -56.40935806975935 -127.6935819077739 143.1 -125.21288758396697 -61.64135548375422 244.5537 99.579636 138.65751544298124 12.709862881241884 -0.34807736 0.28038934 0.11964903 138.65751443764313 12.70986367123566 138.68211803321935 12.6040972519366 65.45086622342221 141.6762325913285 5400.0 5400.0 2016.0 1 399 {-999.0 20.17212 20.19989 19.902498 19.609716} sdss_psfmag_from_lsdr10 20.395586 20.188765 19.667946 -999.0 63050394818031684 1059072863 dark_flexible_2x2 bhm_spiders_agn_lsdr10 bhm_spiders science 0 0 0.0 0.0 -999 ""
FIBERMAP 1056 R-6C9 METROLOGY 0 0 0 1 0 0 -55.87848135947611 -127.16636645197501 143.1 -124.46755998979842 -61.57816420585317 244.5537 99.579636 -999.0 -999.0 -999.0 -999.0 -999.0 138.66097223821478 12.710186177510332 138.6855888920308 12.604391447615056 65.44930496029195 141.66896344536246 -999.0 6231.0 -999.0 -1 -999 {-999.0 -999.0 -999.0 -999.0 -999.0} "" -999.0 -999.0 -999.0 -999.0 -999 -999 "" "" "" "" 0 0 0.0 0.0 -999 ""
FIBERMAP 1058 R-4C23 APOGEE 0 0 0 1 0 0 229.8380332598594 -82.65513269085696 143.1 123.0691486267184 -210.90650104142992 226.46411 84.243614 -999.0 -999.0 -999.0 -999.0 -999.0 139.81240432881316 12.037043605914466 139.83515794938359 11.929393688556502 64.27337484359592 140.3068372321359 -999.0 16600.0 -999.0 2 221 {-999.0 -999.0 -999.0 -999.0 -999.0} "" -999.0 -999.0 -999.0 -999.0 -999 -999 "" "" "" "" 0 0 0.0 0.0 -999 ""
FIBERMAP 1058 R-4C23 BOSS 1 1 0 1 0 0 229.3485089339371 -82.1072319826601 143.1 123.04577194243063 -210.1723260612941 226.46411 84.243614 139.81238574003186 12.040231493096282 -999.0 -999.0 -999.0 139.81238574003186 12.04023149309628 139.83508975571306 11.932663205185625 64.2761443130938 140.30283077071488 5400.0 5400.0 2016.0 1 252 {-999.0 nan nan nan nan} undefined 1e+20 1e+20 1e+20 -999.0 63050398960699404 1059068800 dark_flexible_2x2 bhm_spiders_agn_lsdr10 bhm_spiders science 0 0 0.0 0.0 -999 ""
FIBERMAP 1058 R-4C23 METROLOGY 0 0 0 1 0 0 230.07803848027444 -81.94354227930741 143.1 123.70994157279434 -210.51526470181798 226.46411 84.243614 -999.0 -999.0 -999.0 -999.0 -999.0 139.81542283202143 12.03873747244397 139.83813810843986 11.931141142735893 64.2732348305872 140.29901275407428 -999.0 6231.0 -999.0 -1 -999 {-999.0 -999.0 -999.0 -999.0 -999.0} "" -999.0 -999.0 -999.0 -999.0 -999 -999 "" "" "" "" 0 0 0.0 0.0 -999 ""
FIBERMAP 1063 R0C13 APOGEE 1 1 0 1 0 0 -23.89505327429233 8.996519914049973 143.1 -12.535921084829553 22.235910356307734 61.08428 148.81606 139.18195009581194 13.093158591571854 -0.034202036 -5.1416187 1.6330141 139.18194999687609 13.093144105119508 139.20698286442357 12.986331731128848 65.49336789398758 140.140816109155 16000.0 16600.0 2016.0 2 292 {-999.0 11.496969 11.326276 11.305843 -999.0} sdss_psfmag_from_g3xp 11.508537 11.31551 10.984455 10.5 63050394818032714 974605977 "" ops_std_apogee ops_std standard_apogee 0 0 0.0 0.0 -999 ""
FIBERMAP 1063 R0C13 BOSS 0 0 0 1 0 0 -23.26519067799501 9.3857492512036 143.1 -11.803327298912706 22.129803650430762 61.08428 148.81606 -999.0 -999.0 -999.0 -999.0 -999.0 139.18542351987932 13.092602526143331 139.2104005774434 12.985861979778885 65.49113457233834 140.1347540489079 -999.0 5400.0 -999.0 1 430 {-999.0 -999.0 -999.0 -999.0 -999.0} "" -999.0 -999.0 -999.0 -999.0 -999 -999 "" "" "" "" 0 0 0.0 0.0 -999 ""
FIBERMAP 1063 R0C13 METROLOGY 0 0 0 1 0 0 -23.23070457876089 8.643817067765927 143.1 -12.253244100563057 21.539082281590886 61.08428 148.81606 -999.0 -999.0 -999.0 -999.0 -999.0 139.18331054160922 13.089926684194964 139.20829903767373 12.983168263673194 65.49002300188593 140.14245802280487 -999.0 6231.0 -999.0 -1 -999 {-999.0 -999.0 -999.0 -999.0 -999.0} "" -999.0 -999.0 -999.0 -999.0 -999 -999 "" "" "" "" 0 0 0.0 0.0 -999 ""
FIBERMAP 1068 R-2C8 APOGEE 0 0 0 1 0 0 -104.85057577190022 -32.447011400224255 143.1 -101.18436211430239 42.451786523490206 11.380505 143.53697 -999.0 -999.0 -999.0 -999.0 -999.0 138.7674497890659 13.183924973934747 138.79290490247365 13.0777961152285 65.79134045843232 140.8364990723074 -999.0 16600.0 -999.0 2 -999 {-999.0 -999.0 -999.0 -999.0 -999.0} "" -999.0 -999.0 -999.0 -999.0 -999 -999 "" "" "" "" 0 0 0.0 0.0 -999 ""
FIBERMAP 1068 R-2C8 BOSS 1 1 0 1 0 0 -104.16916811153312 -32.76183721946822 143.1 -100.86429366636331 41.773033104294456 11.380505 143.53697 138.7689580317685 13.180784570986015 -0.99941176 0.38998938 -0.24793957 138.76895513974816 13.180785669776636 138.79435209183887 13.074731898659726 65.78800310882178 140.83769084699156 5400.0 5400.0 2016.0 1 450 {-999.0 20.349327 19.92904 19.772633 19.658875} sdss_psfmag_from_lsdr10 20.293404 19.903372 19.388926 -999.0 63050394818502508 1059075435 dark_flexible_2x2 bhm_spiders_agn_lsdr10 bhm_spiders science 0 0 0.0 0.0 -999 ""
FIBERMAP 1068 R-2C8 METROLOGY 0 0 0 1 0 0 -104.77541768462741 -33.18931406250515 143.1 -101.60334777509883 41.83466846318092 11.380505 143.53697 -999.0 -999.0 -999.0 -999.0 -999.0 138.7655004713998 13.18106959974887 138.79091472622088 13.074999820738357 65.79005298596289 140.8441795938421 -999.0 6231.0 -999.0 -1 -999 {-999.0 -999.0 -999.0 -999.0 -999.0} "" -999.0 -999.0 -999.0 -999.0 -999 -999 "" "" "" "" 0 0 0.0 0.0 -999 ""
FIBERMAP 1069 R+11C10 APOGEE 0 0 0 1 0 0 30.803122308091158 198.07403118354182 143.1 150.7761337774387 132.0175105455782 276.44666 99.64112 -999.0 -999.0 -999.0 -999.0 -999.0 139.94369142450958 13.591349602122245 139.9691429975228 13.483161273920869 65.48305491974246 137.98866058950964 -999.0 16600.0 -999.0 2 18 {-999.0 -999.0 -999.0 -999.0 -999.0} "" -999.0 -999.0 -999.0 -999.0 -999 -999 "" ops_sky_apogee_best_unassigned ops_sky sky_apogee 0 0 0.0 0.0 -999 ""
FIBERMAP 1069 R+11C10 BOSS 1 1 0 1 0 0 30.096420841731135 197.85329784845882 143.1 150.09283454197757 132.3020773773875 276.44666 99.64112 139.94063655245466 13.592620358837996 -10.70613 -3.9678152 0.10823154 139.94060551884465 13.592609179561947 139.96600582712793 13.484501696648271 65.48591351496891 137.99278689082826 5400.0 5400.0 2016.0 1 109 {-999.0 18.134018 17.90321 17.776995 -999.0} sdss_psfmag 18.11618 17.865992 17.45345 -999.0 63050394818042772 976570491 "" ops_std_boss ops_std standard_boss 0 0 0.0 0.0 -999 ""
FIBERMAP 1069 R+11C10 METROLOGY 0 0 0 1 0 0 30.244915957326665 198.58184413930223 143.1 150.6743849091971 132.76506040833735 276.44666 99.64112 -999.0 -999.0 -999.0 -999.0 -999.0 139.94327846139794 13.59470431932033 139.96869659192294 13.486570435053773 65.48608632248025 137.98475861238478 -999.0 6231.0 -999.0 -1 -999 {-999.0 -999.0 -999.0 -999.0 -999.0} "" -999.0 -999.0 -999.0 -999.0 -999 -999 "" "" "" "" 0 0 0.0 0.0 -999 ""
FIBERMAP 1070 R+9C13 APOGEE 1 1 0 1 0 0 66.94662054061352 188.25275733724263 143.1 172.16913789366757 101.28563878245976 162.24055 79.276024 140.04339920167038 13.451764394957477 -2.5190547 -0.83918524 0.7200495 140.04339190406074 13.451762030562502 140.06852893521454 13.343436845145648 65.31315781087658 137.99342298621036 16000.0 16600.0 2016.0 2 55 {-999.0 13.734721 13.020698 12.745614 -999.0} sdss_psfmag_from_g3xp 13.538626 13.056393 12.398699 11.083 63050394818042324 1107416868 bright_flexible_3x1 mwm_tess_rgb_apogee mwm_tessrgb science 0 0 0.0 0.0 -999 ""
FIBERMAP 1070 R+9C13 BOSS 0 0 0 1 0 0 67.3097029740825 188.89332443806563 143.1 172.85865179266472 101.54342668673942 162.24055 79.276024 -999.0 -999.0 -999.0 -999.0 -999.0 140.0466873321794 13.452862304965953 140.0717685165999 13.344608032206954 65.31229010646311 137.98564469315917 -999.0 5400.0 -999.0 1 152 {-999.0 -999.0 -999.0 -999.0 -999.0} "" -999.0 -999.0 -999.0 -999.0 -999 -999 "" "" "" "" 0 0 0.0 0.0 -999 ""
FIBERMAP 1070 R+9C13 METROLOGY 0 0 0 1 0 0 67.69228836677257 188.2515653649197 143.1 172.73981556076444 100.80598166343498 162.24055 79.276024 -999.0 -999.0 -999.0 -999.0 -999.0 140.0461191851814 13.44954187189009 140.071210609466 13.34126751838198 65.30987904923384 137.99133065690074 -999.0 6231.0 -999.0 -1 -999 {-999.0 -999.0 -999.0 -999.0 -999.0} "" -999.0 -999.0 -999.0 -999.0 -999 -999 "" "" "" "" 0 0 0.0 0.0 -999 ""
FIBERMAP 1078 R-3C9 APOGEE 0 0 0 1 0 0 -77.19693397990211 -36.37627833617442 143.1 -82.51469896652841 21.68602893554198 164.605 15.601021 -999.0 -999.0 -999.0 -999.0 -999.0 138.85486756847254 13.089750431254311 138.88009648328244 12.983492129222928 65.66596824051737 140.78839873957529 -999.0 16600.0 -999.0 2 245 {-999.0 -999.0 -999.0 -999.0 -999.0} "" -999.0 -999.0 -999.0 -999.0 -999 -999 "" ops_sky_apogee_best_unassigned ops_sky sky_apogee 0 0 0.0 0.0 -999 ""
FIBERMAP 1078 R-3C9 BOSS 1 1 0 1 0 0 -76.45888087459947 -36.35927898309739 143.1 -81.9381774064799 21.225201653979546 164.605 15.601021 138.85757446289062 13.087595073013048 -999.0 -999.0 -999.0 138.85757446289065 13.087595073013048 138.88274597219925 12.981410051457303 65.66281477469697 140.78590435289223 5400.0 5400.0 2015.5 1 470 {-999.0 -999.0 -999.0 -999.0 -999.0} "" -999.0 -999.0 -999.0 -999.0 27021603088386465 804881203 "" ops_sky_boss_good ops_sky sky_boss 0 0 0.0 0.0 -999 ""
FIBERMAP 1078 R-3C9 METROLOGY 0 0 0 1 0 0 -76.83314459228498 -37.00548127300117 143.1 -82.63987806846303 20.97027397734685 164.605 15.601021 -999.0 -999.0 -999.0 -999.0 -999.0 138.85429496385262 13.086442880063178 138.8794811249466 12.980241716973975 65.66357114630647 140.79392121036082 -999.0 6231.0 -999.0 -1 -999 {-999.0 -999.0 -999.0 -999.0 -999.0} "" -999.0 -999.0 -999.0 -999.0 -999 -999 "" "" "" "" 0 0 0.0 0.0 -999 ""
FIBERMAP 1081 R-1C22 APOGEE 0 0 0 1 0 0 195.74561145329477 -39.26917413233411 143.1 124.79763674585207 -155.769174061625 340.9112 49.159084 -999.0 -999.0 -999.0 -999.0 -999.0 139.82173078600925 12.285282487256094 139.8449210492442 12.177565346541892 64.47519975340393 139.97218904209836 -999.0 16600.0 -999.0 2 196 {-999.0 -999.0 -999.0 -999.0 -999.0} "" -999.0 -999.0 -999.0 -999.0 -999 -999 "" ops_sky_apogee_best_unassigned ops_sky sky_apogee 0 0 0.0 0.0 -999 ""
FIBERMAP 1081 R-1C22 BOSS 1 1 0 1 0 0 195.10238812349832 -39.64332443451126 143.1 124.06448519849835 -155.6429334917434 340.9112 49.159084 139.81842445361835 12.285724194557037 0.46296424 -1.159028 -0.19312693 139.81842578858746 12.28572092900866 139.84156354040513 12.178090442911646 64.47745283789362 139.97785967975568 5400.0 5400.0 2016.0 1 313 {-999.0 20.096893 19.960878 19.87248 19.822952} sdss_psfmag 20.129908 20.00777 19.307095 -999.0 63050394818025018 1060381276 dark_flexible_2x2 bhm_aqmes_bonus_faint bhm_filler science 0 0 0.0 0.0 -999 ""
FIBERMAP 1081 R-1C22 METROLOGY 0 0 0 1 0 0 195.09424031640526 -38.89350681061087 143.1 124.53964908113203 -155.0630791744982 340.9112 49.159084 -999.0 -999.0 -999.0 -999.0 -999.0 139.82061626774995 12.288377649468433 139.84377315269808 12.180719937307067 64.47844832224082 139.97030748572246 -999.0 6231.0 -999.0 -1 -999 {-999.0 -999.0 -999.0 -999.0 -999.0} "" -999.0 -999.0 -999.0 -999.0 -999 -999 "" "" "" "" 0 0 0.0 0.0 -999 ""
FIBERMAP 1083 R-3C10 APOGEE 0 0 0 1 0 0 -67.8991347477796 -41.07047813750272 143.1 -78.40315841871578 12.119128646082501 183.66428 43.63512 -999.0 -999.0 -999.0 -999.0 -999.0 138.8741979721777 13.046255697555972 138.8993355619275 12.939973425294289 65.61926608174187 140.80784244157056 -999.0 16600.0 -999.0 2 -999 {-999.0 -999.0 -999.0 -999.0 -999.0} "" -999.0 -999.0 -999.0 -999.0 -999 -999 "" "" "" "" 0 0 0.0 0.0 -999 ""
FIBERMAP 1083 R-3C10 BOSS 1 1 0 1 0 0 -67.39638081882246 -40.51764756992421 143.1 -77.66293697632138 12.220005844074556 183.66428 43.63512 138.87767249085348 13.046659753630994 -3.1968968 -1.7070653 1.9051831 138.877663244965 13.046654943993618 138.90274740662485 12.940444347268615 65.6178476993559 140.8004680187877 5400.0 5400.0 2016.0 1 447 {-999.0 20.265558 20.431772 20.479948 -999.0} sdss_psfmag 20.196983 20.324121 20.343565 -999.0 63050394818502020 1092105901 dark_flexible_2x1 mwm_cb_galex_mag_boss mwm_cb science 0 0 0.0 0.0 -999 ""
FIBERMAP 1083 R-3C10 METROLOGY 0 0 0 1 0 0 -67.17159315891686 -41.23584203013618 143.1 -77.95177565997814 11.525295934431062 183.66428 43.63512 -999.0 -999.0 -999.0 -999.0 -999.0 138.87631723363154 13.04350773869938 138.90141138161061 12.937278057736536 65.61590353128659 140.80729402258808 -999.0 6231.0 -999.0 -1 -999 {-999.0 -999.0 -999.0 -999.0 -999.0} "" -999.0 -999.0 -999.0 -999.0 -999 -999 "" "" "" "" 0 0 0.0 0.0 -999 ""
FIBERMAP 1085 R-2C13 APOGEE 0 0 0 1 0 0 6.2891022397500915 -45.24009747944297 143.1 -24.225996643938927 -38.70758755482738 271.1285 152.68571 -999.0 -999.0 -999.0 -999.0 -999.0 139.12791426187508 12.815402642880473 139.15247652062254 12.70873811143523 65.29076388465451 140.6140678171505 -999.0 16600.0 -999.0 2 -999 {-999.0 -999.0 -999.0 -999.0 -999.0} "" -999.0 -999.0 -999.0 -999.0 -999 -999 "" "" "" "" 0 0 0.0 0.0 -999 ""
FIBERMAP 1085 R-2C13 BOSS 1 1 0 1 0 0 5.985973047165407 -45.91493511383864 143.1 -24.89156817067298 -39.0301306847037 271.1285 152.68571 139.12484879219164 12.813826356789061 -0.44995186 0.26180404 0.13811909 139.12484749207923 12.813827094418977 139.1493559854006 12.707246760701084 65.29118021044283 140.62211561258147 5400.0 5400.0 2016.0 1 355 {-999.0 19.776361 19.731758 19.552206 19.370653} sdss_psfmag_from_lsdr10 19.843359 19.61133 19.28713 -999.0 63050394818032065 1059072874 dark_flexible_2x2 bhm_spiders_agn_lsdr10 bhm_spiders science 0 0 0.0 0.0 -999 ""
FIBERMAP 1085 R-2C13 METROLOGY 0 0 0 1 0 0 5.545675389297852 -45.30317281962015 143.1 -24.83621869926829 -38.27862050772174 271.1285 152.68571 -999.0 -999.0 -999.0 -999.0 -999.0 139.12508538377392 12.817276851965719 139.1496150016389 12.710673097101187 65.29391055852477 140.61712650121208 -999.0 6231.0 -999.0 -1 -999 {-999.0 -999.0 -999.0 -999.0 -999.0} "" -999.0 -999.0 -999.0 -999.0 -999 -999 "" "" "" "" 0 0 0.0 0.0 -999 ""
FIBERMAP 1086 R-3C15 APOGEE 0 0 0 1 0 0 65.82978304264999 -44.850335678294584 143.1 21.65327728654662 -76.63599916975447 79.7711 87.046326 -999.0 -999.0 -999.0 -999.0 -999.0 139.3424502434896 12.643124822322442 139.3665705851006 12.536134444393436 65.03190627635914 140.42314054081265 -999.0 16600.0 -999.0 2 -999 {-999.0 -999.0 -999.0 -999.0 -999.0} "" -999.0 -999.0 -999.0 -999.0 -999 -999 "" "" "" "" 0 0 0.0 0.0 -999 ""
FIBERMAP 1086 R-3C15 BOSS 1 1 0 1 0 0 66.56252485788531 -45.01113541859739 143.1 22.11157557989913 -77.22967285975325 79.7711 87.046326 139.34465276004974 12.640300826896635 1.5267509 2.6628451 -0.39013395 139.34465716850053 12.64030832943251 139.36871753686555 12.533394353219425 65.02846548125737 140.42255263271588 5400.0 5400.0 2016.0 1 274 {-999.0 21.906452 21.019289 20.370905 19.890825} sdss_fiber2mag_from_lsdr10 20.63455 20.821886 19.200865 -999.0 63050394818030678 1059072876 dark_flexible_2x2 bhm_spiders_agn_lsdr10 bhm_spiders science 0 0 0.0 0.0 -999 ""
FIBERMAP 1086 R-3C15 METROLOGY 0 0 0 1 0 0 66.06369176793345 -45.558819050539896 143.1 21.37766337924687 -77.3291230103601 79.7711 87.046326 -999.0 -999.0 -999.0 -999.0 -999.0 139.34121538251594 12.639880416769472 139.36529229764113 12.532949771483933 65.02992877062535 140.42975183122644 -999.0 6231.0 -999.0 -1 -999 {-999.0 -999.0 -999.0 -999.0 -999.0} "" -999.0 -999.0 -999.0 -999.0 -999 -999 "" "" "" "" 0 0 0.0 0.0 -999 ""
FIBERMAP 1091 R+10C17 APOGEE 0 0 0 1 0 0 172.94925339873765 211.76519581539324 143.1 268.5000853577299 51.247178203739225 148.83359 67.93299 -999.0 -999.0 -999.0 -999.0 -999.0 140.4874688687599 13.222778983159987 140.51191445424536 13.113768875820497 64.87546635329086 137.4760415884565 -999.0 16600.0 -999.0 2 49 {-999.0 -999.0 -999.0 -999.0 -999.0} "" -999.0 -999.0 -999.0 -999.0 -999 -999 "" ops_sky_apogee_best_unassigned ops_sky sky_apogee 0 0 0.0 0.0 -999 ""
FIBERMAP 1091 R+10C17 BOSS 1 1 0 1 0 0 173.52780658386382 212.22920608541406 143.1 269.241370004521 51.231322263093006 148.83359 67.93299 140.49091323283287 13.222610113056703 -0.38966233 -0.5957253 -0.0093497755 140.49091210506515 13.222608434607443 140.51529771122242 13.113670515714249 64.87346345346607 137.46987502560407 5400.0 5400.0 2016.0 1 170 {-999.0 20.618055 20.363644 20.13489 19.949245} sdss_psfmag_from_gaiadr2 20.556587 20.3991 19.735474 -999.0 63050394818040713 1055736598 dark_flexible_2x2 bhm_gua_dark bhm_filler science 0 0 0.0 0.0 -999 ""
FIBERMAP 1091 R+10C17 METROLOGY 0 0 0 1 0 0 173.64608386995752 211.48520682819725 143.1 268.85433949509695 50.58522005044815 148.83359 67.93299 -999.0 -999.0 -999.0 -999.0 -999.0 140.48912615343068 13.219721698936496 140.51352412521976 13.110765262821946 64.87211236024443 137.4771713246596 -999.0 6231.0 -999.0 -1 -999 {-999.0 -999.0 -999.0 -999.0 -999.0} "" -999.0 -999.0 -999.0 -999.0 -999 -999 "" "" "" "" 0 0 0.0 0.0 -999 ""
FIBERMAP 1092 R-7C20 APOGEE 0 0 0 1 0 0 200.87283646889338 -137.87470916732286 143.1 65.4188414807911 -234.62743037073156 179.6779 126.79953 -999.0 -999.0 -999.0 -999.0 -999.0 139.5455163277391 11.929558359331653 139.56823464883053 11.822375612501881 64.32603959642182 140.94633668190625 -999.0 16600.0 -999.0 2 200 {-999.0 -999.0 -999.0 -999.0 -999.0} "" -999.0 -999.0 -999.0 -999.0 -999 -999 "" ops_sky_apogee_best_unassigned ops_sky sky_apogee 0 0 0.0 0.0 -999 ""
FIBERMAP 1092 R-7C20 BOSS 1 1 0 1 0 0 200.50201810695793 -137.23459524300864 143.1 65.5456391427528 -233.8988009349229 179.6779 126.79953 139.54617491776855 11.932714244999099 -0.41239998 -0.29507026 -0.90181524 139.54617373017365 11.932713413641991 139.568842932372 11.825611468428313 64.32843805634678 140.9411379109307 5400.0 5400.0 2016.0 1 332 {-999.0 19.709309 19.54556 19.405298 19.314392} sdss_psfmag_from_gaiadr2 19.629763 19.539267 19.068338 -999.0 63050394818023813 1055736378 dark_flexible_2x2 bhm_gua_dark bhm_filler science 0 0 0.0 0.0 -999 ""
FIBERMAP 1092 R-7C20 METROLOGY 0 0 0 1 0 0 201.2478547368693 -137.22931203321502 143.1 66.12060345589488 -234.37360417217985 179.6779 126.79953 -999.0 -999.0 -999.0 -999.0 -999.0 139.54880968568125 11.930628059328406 139.5714890745748 11.823498755789666 64.32525963023718 140.93875154925897 -999.0 6231.0 -999.0 -1 -999 {-999.0 -999.0 -999.0 -999.0 -999.0} "" -999.0 -999.0 -999.0 -999.0 -999 -999 "" "" "" "" 0 0 0.0 0.0 -999 ""
FIBERMAP 1094 R+1C19 APOGEE 0 0 0 1 0 0 138.27325313985176 27.100144194264637 143.1 123.36498216060761 -68.00783639725066 55.63936 85.46017 -999.0 -999.0 -999.0 -999.0 -999.0 139.81639704112342 12.682994131216281 139.8403005989515 12.57520346101453 64.808062166311 139.46415446335158 -999.0 16600.0 -999.0 2 -999 {-999.0 -999.0 -999.0 -999.0 -999.0} "" -999.0 -999.0 -999.0 -999.0 -999 -999 "" "" "" "" 0 0 0.0 0.0 -999 ""
FIBERMAP 1094 R+1C19 BOSS 1 1 0 1 0 0 138.84981870375213 26.635627075115238 143.1 123.50859799526724 -68.73399369959957 55.63936 85.46017 139.81669720297222 12.679595356813714 1.3471657 -2.4643764 -0.031672344 139.81716332924765 12.679588413461042 139.841005127452 12.571876803934726 64.80492081986083 139.46719167964181 5400.0 5400.0 2016.0 1 232 {-999.0 15.642603 14.7509985 14.386367 -999.0} sdss_psfmag_from_g3xp 15.365022 14.768522 14.028331 12.475 63050394818030440 1061304453 dark_flexible_2x1 manual_mwm_halo_distant_kgiant_near_boss mwm_halo science 0 0 1.623467206954956 0.0 -999 ""
FIBERMAP 1094 R+1C19 METROLOGY 0 0 0 1 0 0 138.1681775859238 26.361482493295554 143.1 122.81021196744717 -68.50644818721722 55.63936 85.46017 -999.0 -999.0 -999.0 -999.0 -999.0 139.81389460547325 12.680646281915756 139.83775599455117 12.572917318136541 64.80755848749082 139.47199600199832 -999.0 6231.0 -999.0 -1 -999 {-999.0 -999.0 -999.0 -999.0 -999.0} "" -999.0 -999.0 -999.0 -999.0 -999 -999 "" "" "" "" 0 0 0.0 0.0 -999 ""
FIBERMAP 1095 R+5C8 APOGEE 0 0 0 1 0 0 -91.26601248705822 95.14998629550529 143.1 -8.852290112915377 131.5140732813551 186.38834 119.07735 -999.0 -999.0 -999.0 -999.0 -999.0 139.1982555048477 13.590118600289529 139.22418231395858 13.483177876644627 65.89643550469971 139.43381838516382 -999.0 16600.0 -999.0 2 -999 {-999.0 -999.0 -999.0 -999.0 -999.0} "" -999.0 -999.0 -999.0 -999.0 -999 -999 "" "" "" "" 0 0 0.0 0.0 -999 ""
FIBERMAP 1095 R+5C8 BOSS 1 1 0 1 0 0 -91.70644492938803 95.75051314881937 143.1 -8.804257461992762 132.25705970808016 186.38834 119.07735 139.19851905358612 13.593469293036808 1.5201439 -0.62473875 -0.4231843 139.19852346000775 13.593467532842434 139.22440327790142 13.486601245302642 65.89914533933994 139.42866868268135 5400.0 5400.0 2016.0 1 65 {-999.0 21.347363 20.98496 20.553791 20.19632} sdss_psfmag_from_lsdr10 20.865868 20.754114 19.832394 -999.0 63050394818513321 1059076673 dark_flexible_2x2 bhm_spiders_agn_lsdr10 bhm_spiders science 0 0 0.0 0.0 -999 ""
FIBERMAP 1095 R+5C8 METROLOGY 0 0 0 1 0 0 -90.96552401560709 95.83289819248523 143.1 -8.18355835802341 131.84449955802208 186.38834 119.07735 -999.0 -999.0 -999.0 -999.0 -999.0 139.2014173637341 13.591614310653926 139.22730700127386 13.484722109248862 65.89600351123062 139.42553965719551 -999.0 6231.0 -999.0 -1 -999 {-999.0 -999.0 -999.0 -999.0 -999.0} "" -999.0 -999.0 -999.0 -999.0 -999 -999 "" "" "" "" 0 0 0.0 0.0 -999 ""
FIBERMAP 1096 R+1C25 APOGEE 0 0 0 1 0 0 258.69931600910644 35.99400047403558 143.1 221.36371518740455 -138.50957939382272 111.71398 87.35065 -999.0 -999.0 -999.0 -999.0 -999.0 140.26732621219435 12.364930877147259 140.29038994563984 12.256460153496958 64.29737164629128 139.0349507744576 -999.0 16600.0 -999.0 2 -999 {-999.0 -999.0 -999.0 -999.0 -999.0} "" -999.0 -999.0 -999.0 -999.0 -999 -999 "" "" "" "" 0 0 0.0 0.0 -999 ""
FIBERMAP 1096 R+1C25 BOSS 1 1 0 1 0 0 259.3946309174986 36.253310018814766 143.1 222.0630555429417 -138.75727277534773 111.71398 87.35065 140.27058442265883 12.363742276745814 0.6666718 0.15059665 0.1392675 140.2705863455959 12.363742701050153 140.29358915278678 12.255348053002237 64.29468964716976 139.03044577557142 5400.0 5400.0 2016.0 1 184 {-999.0 17.973295 17.621986 17.487572 17.442202} sdss_psfmag_from_gaia 17.9362 17.6324 17.176 15.898 63050394818034554 968193365 "" ops_std_boss_gdr2 ops_std standard_boss 0 0 0.0 0.0 -999 ""
FIBERMAP 1096 R+1C25 METROLOGY 0 0 0 1 0 0 259.2768941237622 35.521702366922554 143.1 221.50311133673384 -139.2423497520286 111.71398 87.35065 -999.0 -999.0 -999.0 -999.0 -999.0 140.26798184961612 12.361570302850936 140.29099856466775 12.25315738964324 64.29430906320894 139.0381142225592 -999.0 6231.0 -999.0 -1 -999 {-999.0 -999.0 -999.0 -999.0 -999.0} "" -999.0 -999.0 -999.0 -999.0 -999 -999 "" "" "" "" 0 0 0.0 0.0 -999 ""
FIBERMAP 1098 R+5C1 APOGEE 0 0 0 1 0 0 -247.6326515373587 108.34047012682495 143.1 -120.21521968949924 242.0152129560592 164.33412 86.410614 -999.0 -999.0 -999.0 -999.0 -999.0 138.67828971739556 14.084906321896785 138.70545861856573 13.978748229533148 66.58935679530632 139.7792557092588 -999.0 16600.0 -999.0 2 122 {-999.0 -999.0 -999.0 -999.0 -999.0} "" -999.0 -999.0 -999.0 -999.0 -999 -999 "" ops_sky_apogee_best_unassigned ops_sky sky_apogee 0 0 0.0 0.0 -999 ""
FIBERMAP 1098 R+5C1 BOSS 1 1 0 1 0 0 -247.39968758872433 109.04570862308266 143.1 -119.58390096774419 242.40610223352382 164.33412 86.410614 138.68127805579059 14.086609952106798 -999.0 -999.0 -999.0 138.68127805579059 14.086609952106796 138.7083970849961 13.980519725051217 66.58922921329288 139.77081276629346 5400.0 5400.0 2016.0 1 1 {-999.0 20.983469 21.031954 20.668839 20.497509} sdss_fiber2mag_from_lsdr10 20.278149 20.663273 19.407051 -999.0 63050394818520115 1059079291 dark_flexible_2x2 bhm_spiders_agn_lsdr10 bhm_spiders science 0 0 0.0 0.0 -999 ""
FIBERMAP 1098 R+5C1 METROLOGY 0 0 0 1 0 0 -246.8928108575399 108.48865382573327 143.1 -119.55310348902721 241.65377118831228 164.33412 86.410614 -999.0 -999.0 -999.0 -999.0 -999.0 138.6813987187405 14.083273031903085 138.70852602823987 13.977162501006248 66.58637695013695 139.7752803356624 -999.0 6231.0 -999.0 -1 -999 {-999.0 -999.0 -999.0 -999.0 -999.0} "" -999.0 -999.0 -999.0 -999.0 -999 -999 "" "" "" "" 0 0 0.0 0.0 -999 ""
FIBERMAP 1100 R-9C17 APOGEE 0 0 0 1 0 0 187.65279596478362 -176.2735644838568 143.1 30.634308420971756 -255.56670692600127 44.975807 57.830395 -999.0 -999.0 -999.0 -999.0 -999.0 139.3845075813363 11.835458579351371 139.40715097721306 11.728564965943134 64.33195762435912 141.36967754361737 -999.0 16600.0 -999.0 2 -999 {-999.0 -999.0 -999.0 -999.0 -999.0} "" -999.0 -999.0 -999.0 -999.0 -999 -999 "" "" "" "" 0 0 0.0 0.0 -999 ""
FIBERMAP 1100 R-9C17 BOSS 1 1 0 1 0 0 187.82730941293752 -177.01065610990082 143.1 30.29480945554191 -256.24362096603767 44.975807 57.830395 139.3829906041649 11.832337260484776 0.57150865 0.2383015 0.3877491 139.38299224934102 11.832337931896541 139.40557707766277 11.72553039611748 64.33022212637236 141.37643626367125 5400.0 5400.0 2016.0 1 269 {-999.0 19.46502 19.262226 19.153736 19.065622} sdss_psfmag_from_lsdr10 19.214157 19.046406 18.748652 -999.0 63050394818021345 1059067415 dark_flexible_2x2 bhm_spiders_agn_lsdr10 bhm_spiders science 0 0 0.0 0.0 -999 ""
FIBERMAP 1100 R-9C17 METROLOGY 0 0 0 1 0 0 187.10764145221776 -176.78294502720422 143.1 29.889489634582016 -255.60706358287266 44.975807 57.830395 -999.0 -999.0 -999.0 -999.0 -999.0 139.3811041807022 11.835198685806116 139.40371056344128 11.728370218654849 64.33359916254801 141.37648357720818 -999.0 6231.0 -999.0 -1 -999 {-999.0 -999.0 -999.0 -999.0 -999.0} "" -999.0 -999.0 -999.0 -999.0 -999 -999 "" "" "" "" 0 0 0.0 0.0 -999 ""
FIBERMAP 1101 R-12C14 APOGEE 0 0 0 1 0 0 125.67667059570046 -221.26376148515084 143.1 -45.74633890010377 -250.2542268653875 136.78111 106.951385 -999.0 -999.0 -999.0 -999.0 -999.0 139.0312352630662 11.858670575828889 139.0541242535478 11.752366621711884 64.536116024578 142.0183175694649 -999.0 16600.0 -999.0 2 213 {-999.0 -999.0 -999.0 -999.0 -999.0} "" -999.0 -999.0 -999.0 -999.0 -999 -999 "" ops_sky_apogee_best_unassigned ops_sky sky_apogee 0 0 0.0 0.0 -999 ""
FIBERMAP 1101 R-12C14 BOSS 1 1 0 1 0 0 125.96897527013081 -220.5884974021086 143.1 -45.088788954600474 -249.92440722415006 136.78111 106.951385 139.03433767912279 11.860050790897688 -7.167477 -2.7663934 0.05566437 139.03431704433734 11.860042996614904 139.05715413297116 11.753816128781567 64.53577836611106 142.01067864625412 5400.0 5400.0 2016.0 1 256 {-999.0 17.481787 17.02305 16.962076 -999.0} sdss_psfmag 17.403532 17.07082 16.612183 15.679 63050394818021560 976570405 "" ops_std_boss ops_std standard_boss 0 0 0.0 0.0 -999 ""
FIBERMAP 1101 R-12C14 METROLOGY 0 0 0 1 0 0 126.42536865696887 -221.17956901416935 143.1 -45.11851934612725 -250.6703950809681 136.78111 106.951385 -999.0 -999.0 -999.0 -999.0 -999.0 139.03418276692045 11.856741101136663 139.05702893507936 11.750491754849078 64.53302129721745 142.01500795921226 -999.0 6231.0 -999.0 -1 -999 {-999.0 -999.0 -999.0 -999.0 -999.0} "" -999.0 -999.0 -999.0 -999.0 -999 -999 "" "" "" "" 0 0 0.0 0.0 -999 ""
FIBERMAP 1103 R-2C9 APOGEE 0 0 0 1 0 0 -98.31974610419704 -46.79865420038405 143.1 -105.39369120307775 27.260386302327213 210.42516 129.62709 -999.0 -999.0 -999.0 -999.0 -999.0 138.74802923450378 13.114719442209854 138.77336961428932 13.008637652541339 65.74368579363903 140.96711692829 -999.0 16600.0 -999.0 2 258 {-999.0 -999.0 -999.0 -999.0 -999.0} "" -999.0 -999.0 -999.0 -999.0 -999 -999 "" ops_sky_apogee_best_unassigned ops_sky sky_apogee 0 0 0.0 0.0 -999 ""
FIBERMAP 1103 R-2C9 BOSS 1 1 0 1 0 0 -99.00125985767515 -46.54720799926757 143.1 -105.75453278730573 27.890636831255076 210.42516 129.62709 138.746337890625 13.117516184301138 -999.0 -999.0 -999.0 138.746337890625 13.117516184301136 138.7716330211856 13.01151396276347 65.74701976707175 140.96676860931527 5400.0 5400.0 2015.5 1 449 {-999.0 -999.0 -999.0 -999.0 -999.0} "" -999.0 -999.0 -999.0 -999.0 27021603088386485 804881205 "" ops_sky_boss_good ops_sky sky_boss 0 0 0.0 0.0 -999 ""
FIBERMAP 1103 R-2C9 METROLOGY 0 0 0 1 0 0 -98.4365164541427 -46.06457677659217 143.1 -105.0118760007559 27.897917409070622 210.42516 129.62709 -999.0 -999.0 -999.0 -999.0 -999.0 138.74979600035235 13.117583094651948 138.77510373336855 13.011553082708277 65.7452145412533 140.95980716442088 -999.0 6231.0 -999.0 -1 -999 {-999.0 -999.0 -999.0 -999.0 -999.0} "" -999.0 -999.0 -999.0 -999.0 -999 -999 "" "" "" "" 0 0 0.0 0.0 -999 ""
FIBERMAP 1104 R-13C7 APOGEE 0 0 0 1 0 0 1.6892434907683995 -251.5881367882369 143.1 -160.23343440054364 -193.8892592448369 3.523169 117.21213 -999.0 -999.0 -999.0 -999.0 -999.0 138.50043213244697 12.1118377869316 138.52408715379113 12.006383099671027 65.02445335167484 142.74204562824264 -999.0 16600.0 -999.0 2 299 {-999.0 -999.0 -999.0 -999.0 -999.0} "" -999.0 -999.0 -999.0 -999.0 -999 -999 "" ops_sky_apogee_best_unassigned ops_sky sky_apogee 0 0 0.0 0.0 -999 ""
FIBERMAP 1104 R-13C7 BOSS 1 1 0 1 0 0 2.0668632088453314 -252.22902499243867 143.1 -160.3555169529945 -194.62284874828217 3.523169 117.21213 138.49994584628652 12.10844796931707 0.4017309 0.53870696 0.45203793 138.49994700391326 12.108449487117799 138.5235453863719 12.00307759435268 65.02190650459778 142.7471911684066 5400.0 5400.0 2016.0 1 416 {-999.0 21.033443 20.407345 19.997389 19.71507} sdss_fiber2mag_from_lsdr10 20.177748 20.336237 18.944681 -999.0 63050394818028247 1059068780 dark_flexible_2x2 bhm_spiders_agn_lsdr10 bhm_spiders science 0 0 0.0 0.0 -999 ""
FIBERMAP 1104 R-13C7 METROLOGY 0 0 0 1 0 0 1.3217886897743618 -252.2380512252941 143.1 -160.93230036789632 -194.1514032794443 3.523169 117.21213 -999.0 -999.0 -999.0 -999.0 -999.0 138.49725529540288 12.110598729962248 138.52087362003084 12.005207952677933 65.02508565342089 142.7498509768025 -999.0 6231.0 -999.0 -1 -999 {-999.0 -999.0 -999.0 -999.0 -999.0} "" -999.0 -999.0 -999.0 -999.0 -999 -999 "" "" "" "" 0 0 0.0 0.0 -999 ""
FIBERMAP 1105 R-7C6 APOGEE 0 0 0 1 0 0 -94.90189928509515 -122.35567295989001 143.1 -151.2845521092733 -32.83714884800229 79.23779 102.828415 -999.0 -999.0 -999.0 -999.0 -999.0 138.5356673422339 12.840528828194524 138.5606348148711 12.734864797502992 65.62472122329315 141.74959412591951 -999.0 16600.0 -999.0 2 -999 {-999.0 -999.0 -999.0 -999.0 -999.0} "" -999.0 -999.0 -999.0 -999.0 -999 -999 "" "" "" "" 0 0 0.0 0.0 -999 ""
FIBERMAP 1105 R-7C6 BOSS 1 1 0 1 0 0 -94.15480339695337 -122.32005032851553 143.1 -150.6891438408673 -33.28950993850745 79.23779 102.828415 138.53843399998397 12.838392013039371 0.89198 -0.15474011 -0.31728643 138.53843657756522 12.838391577060856 138.56334772976567 12.732801538064875 65.62156402796145 141.7468403449437 5400.0 5400.0 2016.0 1 437 {-999.0 20.930553 20.474344 20.09029 19.856634} sdss_fiber2mag_from_lsdr10 20.37139 20.078314 19.397688 -999.0 63050394818501198 1059072860 dark_flexible_2x2 bhm_spiders_agn_lsdr10 bhm_spiders science 0 0 0.0 0.0 -999 ""
FIBERMAP 1105 R-7C6 METROLOGY 0 0 0 1 0 0 -94.49947323210193 -122.98393664050835 143.1 -151.37951894735858 -33.57699003635085 79.23779 102.828415 -999.0 -999.0 -999.0 -999.0 -999.0 138.53523539570023 12.837098515954226 138.5601605428497 12.731492025368645 65.62211580966107 141.75490317134242 -999.0 6231.0 -999.0 -1 -999 {-999.0 -999.0 -999.0 -999.0 -999.0} "" -999.0 -999.0 -999.0 -999.0 -999 -999 "" "" "" "" 0 0 0.0 0.0 -999 ""
FIBERMAP 1106 R-10C9 APOGEE 0 0 0 1 0 0 -6.123159937863523 -184.0707479764394 143.1 -122.87205535259899 -137.1314468492005 110.415276 126.3351 -999.0 -999.0 -999.0 -999.0 -999.0 138.67063056217495 12.367577689700799 138.69465263263976 12.261780129911887 65.15440324766111 142.08689630889106 -999.0 16600.0 -999.0 2 -999 {-999.0 -999.0 -999.0 -999.0 -999.0} "" -999.0 -999.0 -999.0 -999.0 -999 -999 "" "" "" "" 0 0 0.0 0.0 -999 ""
FIBERMAP 1106 R-10C9 BOSS 1 1 0 1 0 0 -5.7379023758428325 -183.42948104144307 143.1 -122.16509821459329 -136.8873597998125 110.415276 126.3351 138.67390942818633 12.36856121360231 1.6588252 0.66324556 2.604175 138.67391421296225 12.368563082289095 138.69788467249765 12.262840034402576 65.15363268513929 142.07918264640898 5400.0 5400.0 2016.0 1 371 {-999.0 20.781923 20.599943 20.702648 20.462814} sdss_psfmag 20.725107 20.761433 20.499899 -999.0 63050394818028653 1060381287 dark_flexible_2x2 bhm_aqmes_bonus_faint bhm_filler science 0 0 0.0 0.0 -999 ""
FIBERMAP 1106 R-10C9 METROLOGY 0 0 0 1 0 0 -5.377440143048235 -184.09449598967063 143.1 -122.31581959094878 -137.6284231683288 110.415276 126.3351 -999.0 -999.0 -999.0 -999.0 -999.0 138.67323291988302 12.365240338481145 138.69721250984026 12.259496369813622 65.15114216301438 142.08471732194326 -999.0 6231.0 -999.0 -1 -999 {-999.0 -999.0 -999.0 -999.0 -999.0} "" -999.0 -999.0 -999.0 -999.0 -999 -999 "" "" "" "" 0 0 0.0 0.0 -999 ""
FIBERMAP 1107 R-13C5 APOGEE 0 0 0 1 0 0 -71.41986322700822 -265.9170451644816 143.1 -225.46027675573183 -157.931737722372 276.60825 48.310463 -999.0 -999.0 -999.0 -999.0 -999.0 138.19892043781203 12.274106450659708 138.22304773434104 12.169135122262537 65.31619577616694 143.14071484226747 -999.0 16600.0 -999.0 2 283 {-999.0 -999.0 -999.0 -999.0 -999.0} "" -999.0 -999.0 -999.0 -999.0 -999 -999 "" ops_sky_apogee_best_unassigned ops_sky sky_apogee 0 0 0.0 0.0 -999 ""
FIBERMAP 1107 R-13C5 BOSS 1 1 0 1 0 0 -72.04259953065562 -265.51473419571244 143.1 -225.67921398875154 -157.2236089808894 276.60825 48.310463 138.197928493419 12.277210782175015 -0.9040191 0.78407633 0.9061736 138.19792588674125 12.277212991301163 138.22200977041064 12.17232315689071 65.31945011513237 143.13885651317204 5400.0 5400.0 2016.0 1 414 {-999.0 20.319345 20.306074 20.210167 20.109531} sdss_psfmag_from_lsdr10 20.29572 20.105667 19.648 -999.0 63050394818028187 1059070145 dark_flexible_2x2 bhm_spiders_agn_lsdr10 bhm_spiders science 0 0 0.0 0.0 -999 ""
FIBERMAP 1107 R-13C5 METROLOGY 0 0 0 1 0 0 -71.3896569188008 -265.1713777052276 143.1 -224.95838471983637 -157.3796885091959 276.60825 48.310463 -999.0 -999.0 -999.0 -999.0 -999.0 138.201219445614 12.276527067634131 138.22531433039416 12.171608919922141 65.31717135067811 143.1331132655763 -999.0 6231.0 -999.0 -1 -999 {-999.0 -999.0 -999.0 -999.0 -999.0} "" -999.0 -999.0 -999.0 -999.0 -999 -999 "" "" "" "" 0 0 0.0 0.0 -999 ""
FIBERMAP 1108 R-9C7 APOGEE 0 0 0 1 0 0 -36.382105360368854 -173.53392461724707 143.1 -139.2960224639974 -109.62929277246197 55.58826 55.05106 -999.0 -999.0 -999.0 -999.0 -999.0 138.5935688731473 12.492047187933363 138.61786369636292 12.38635543512701 65.29980606184388 142.08159312311028 -999.0 16600.0 -999.0 2 178 {-999.0 -999.0 -999.0 -999.0 -999.0} "" -999.0 -999.0 -999.0 -999.0 -999 -999 "" ops_sky_apogee_best_unassigned ops_sky sky_apogee 0 0 0.0 0.0 -999 ""
FIBERMAP 1108 R-9C7 BOSS 1 1 0 1 0 0 -36.105211294967084 -174.22428862325452 143.1 -139.52706129367132 -110.33612885078263 55.58826 55.05106 138.592529296875 12.488729114206734 -999.0 -999.0 -999.0 138.59252929687503 12.488729114206734 138.616767710646 12.383119562048591 65.29762636766603 142.08786330036614 5400.0 5400.0 2015.5 1 390 {-999.0 -999.0 -999.0 -999.0 -999.0} "" -999.0 -999.0 -999.0 -999.0 27021603088162628 816600522 "" ops_sky_boss_good ops_sky sky_boss 0 0 0.0 0.0 -999 ""
FIBERMAP 1108 R-9C7 METROLOGY 0 0 0 1 0 0 -36.84559635903299 -174.10974086207437 143.1 -140.0209123104691 -109.77299316965825 55.58826 55.05106 -999.0 -999.0 -999.0 -999.0 -999.0 138.5902149657037 12.491307390240024 138.6144739605649 12.385678649656107 65.30098324856442 142.08917372531582 -999.0 6231.0 -999.0 -1 -999 {-999.0 -999.0 -999.0 -999.0 -999.0} "" -999.0 -999.0 -999.0 -999.0 -999 -999 "" "" "" "" 0 0 0.0 0.0 -999 ""
FIBERMAP 1109 R+8C19 APOGEE 0 0 0 1 0 0 212.067943321631 150.47349899294662 143.1 259.1273985707114 -20.839253262135923 325.4252 128.31883 -999.0 -999.0 -999.0 -999.0 -999.0 140.443901725183 12.896903874420628 140.46779779549854 12.788032477688251 64.63512410913654 138.00133661387719 -999.0 16600.0 -999.0 2 60 {-999.0 -999.0 -999.0 -999.0 -999.0} "" -999.0 -999.0 -999.0 -999.0 -999 -999 "" ops_sky_apogee_best_unassigned ops_sky sky_apogee 0 0 0.0 0.0 -999 ""
FIBERMAP 1109 R+8C19 BOSS 1 1 0 1 0 0 212.14199203080483 149.72613019447334 143.1 258.7043101087431 -21.459541500939057 325.4252 128.31883 140.44202546339818 12.894020881260989 0.015217637 -0.13499455 -0.3305909 140.44202550738277 12.894020500915373 140.46586028873128 12.785231893050279 64.6339265855973 138.00871062462897 5400.0 5400.0 2016.0 1 168 {-999.0 18.407343 18.196993 18.196136 18.229353} sdss_psfmag 18.61166 18.520521 18.161469 -999.0 63050394818035869 1128935810 dark_1x4 bhm_aqmes_wide1 bhm_aqmes science 0 0 0.0 0.0 -999 ""
FIBERMAP 1109 R+8C19 METROLOGY 0 0 0 1 0 0 211.45865557343382 150.0421622533178 143.1 258.3835379722607 -20.778625327254755 325.4252 128.31883 -999.0 -999.0 -999.0 -999.0 -999.0 140.44055171396903 12.89712662940337 140.46440922020582 12.78831736733709 64.63726326227486 138.00725393176737 -999.0 6231.0 -999.0 -1 -999 {-999.0 -999.0 -999.0 -999.0 -999.0} "" -999.0 -999.0 -999.0 -999.0 -999 -999 "" "" "" "" 0 0 0.0 0.0 -999 ""
FIBERMAP 1111 R+8C16 APOGEE 0 0 0 1 0 0 149.64340947315034 160.83870426680215 143.1 217.943130343186 27.182763328647397 45.349167 89.20158 -999.0 -999.0 -999.0 -999.0 -999.0 140.2553317611106 13.114947152521422 140.27973304322984 13.006340843757473 64.91919887034629 138.05718324107053 -999.0 16600.0 -999.0 2 -999 {-999.0 -999.0 -999.0 -999.0 -999.0} "" -999.0 -999.0 -999.0 -999.0 -999 -999 "" "" "" "" 0 0 0.0 0.0 -999 ""
FIBERMAP 1111 R+8C16 BOSS 1 1 0 1 0 0 150.18052636721433 160.32890883747416 143.1 218.02744448031342 26.447234331776173 45.349167 89.20158 140.25611092625508 13.111453532274428 -101.95658 29.893242 5.1447506 140.25581597546963 13.11153775597604 140.2801538379347 13.003009527441767 64.9162410575218 138.06092583628623 5400.0 5400.0 2016.0 1 202 {-999.0 20.216694 19.931622 19.802994 -999.0} sdss_psfmag 20.22539 19.91869 19.342716 -999.0 63050394818040577 1143449400 dark_1x3 mwm_wd_pwd_boss_1x3 mwm_wd science 0 0 0.0 0.0 -999 ""
FIBERMAP 1111 R+8C16 METROLOGY 0 0 0 1 0 0 149.45814672046865 160.1159735472526 143.1 217.33713686785998 26.7478431150734 45.349167 89.20158 -999.0 -999.0 -999.0 -999.0 -999.0 140.25261091730124 13.112932867161527 140.27696977632047 13.004387429598816 64.9191560745693 138.06502973512963 -999.0 6231.0 -999.0 -1 -999 {-999.0 -999.0 -999.0 -999.0 -999.0} "" -999.0 -999.0 -999.0 -999.0 -999 -999 "" "" "" "" 0 0 0.0 0.0 -999 ""
FIBERMAP 1112 R-6C10 APOGEE 0 0 0 1 0 0 -36.800356528549486 -122.2426438393694 143.1 -106.68583404480395 -70.05366001231292 217.3143 99.79584 -999.0 -999.0 -999.0 -999.0 -999.0 138.74388394727865 12.671934384916975 138.7684175361045 12.565949806514062 65.37357693860254 141.55426157677726 -999.0 16600.0 -999.0 2 -999 {-999.0 -999.0 -999.0 -999.0 -999.0} "" -999.0 -999.0 -999.0 -999.0 -999 -999 "" "" "" "" 0 0 0.0 0.0 -999 ""
FIBERMAP 1112 R-6C10 BOSS 1 1 0 1 0 0 -37.35830625258609 -121.73664177313485 143.1 -106.78854889857091 -69.30766268867956 217.3143 99.79584 138.74338917821447 12.6752206874326 1.283367 -2.0193021 -0.13775137 138.7433928844081 12.675214998071764 138.76788129474892 12.569309646739992 65.37669437527978 141.55100260228568 5400.0 5400.0 2016.0 1 367 {-999.0 21.208826 20.221296 19.728477 19.351707} sdss_fiber2mag_from_lsdr10 20.185997 20.240671 18.772882 -999.0 63050394818031575 1059072865 dark_flexible_2x2 bhm_spiders_agn_lsdr10 bhm_spiders science 0 0 0.0 0.0 -999 ""
FIBERMAP 1112 R-6C10 METROLOGY 0 0 0 1 0 0 -36.6510185563249 -121.51164442037947 143.1 -106.10206276373137 -69.58933816735214 217.3143 99.79584 -999.0 -999.0 -999.0 -999.0 -999.0 138.74658787289036 12.673969446595718 138.7710867152037 12.568036515339514 65.37394327974472 141.54629959022222 -999.0 6231.0 -999.0 -1 -999 {-999.0 -999.0 -999.0 -999.0 -999.0} "" -999.0 -999.0 -999.0 -999.0 -999 -999 "" "" "" "" 0 0 0.0 0.0 -999 ""
FIBERMAP 1113 R-3C16 APOGEE 0 0 0 1 0 0 84.42103440310237 -49.431223021637706 143.1 32.959610422490584 -92.08276907011475 35.31361 135.60957 -999.0 -999.0 -999.0 -999.0 -999.0 139.39525211204702 12.572973227083773 139.4192140830329 12.465908655442721 64.94499492218682 140.41267793871296 -999.0 16600.0 -999.0 2 235 {-999.0 -999.0 -999.0 -999.0 -999.0} "" -999.0 -999.0 -999.0 -999.0 -999 -999 "" ops_sky_apogee_best_unassigned ops_sky sky_apogee 0 0 0.0 0.0 -999 ""
FIBERMAP 1113 R-3C16 BOSS 1 1 0 1 0 0 85.15289806528462 -49.53986993461566 143.1 33.450719599856704 -92.63591160830688 35.31361 135.60957 139.39761448148667 12.570340084316204 -0.025725773 -0.7437023 1.0008643 139.3976144072245 12.570337988943445 139.42151637790087 12.463349851958876 64.94162212843243 140.4115562637019 5400.0 5400.0 2016.0 1 282 {-999.0 20.397327 20.233587 20.202604 20.200737} sdss_psfmag_from_lsdr10 20.390894 20.33519 19.68011 -999.0 63050394818030605 1059071484 dark_flexible_2x2 bhm_spiders_agn_lsdr10 bhm_spiders science 0 0 0.0 0.0 -999 ""
FIBERMAP 1113 R-3C16 METROLOGY 0 0 0 1 0 0 84.69874568864847 -50.12231717657052 143.1 32.72872908993091 -92.79068938109883 35.31361 135.60957 -999.0 -999.0 -999.0 -999.0 -999.0 139.3942295142348 12.569659825017125 139.4181476729085 12.462654870275774 64.94284621112416 140.41894944394187 -999.0 6231.0 -999.0 -1 -999 {-999.0 -999.0 -999.0 -999.0 -999.0} "" -999.0 -999.0 -999.0 -999.0 -999 -999 "" "" "" "" 0 0 0.0 0.0 -999 ""
FIBERMAP 1114 R-8C15 APOGEE 1 1 0 1 0 0 130.84126385475588 -144.98601262347736 143.1 7.1844125301390624 -195.1145729919827 99.1036 28.633884 139.27583921480687 12.106270997554471 -39.5768 -5.082508 4.377274 139.27572517133083 12.10625667762241 139.29891773054047 11.999489353201717 64.61737238085176 141.23926922870052 16000.0 16600.0 2016.0 2 203 {-999.0 9.694839 9.475687 9.432653 -999.0} sdss_psfmag_from_g3xp 9.69091 9.476633 9.111544 8.601 63050394818029236 974605931 "" ops_std_apogee ops_std standard_apogee 0 0 0.0 0.0 -999 ""
FIBERMAP 1114 R-8C15 BOSS 0 0 0 1 0 0 131.30669826126532 -145.54742395287107 143.1 7.180653621216375 -195.84363531129608 99.1036 28.633884 -999.0 -999.0 -999.0 -999.0 -999.0 139.27576741908743 12.102840177933052 139.29890088076115 11.99615516495473 64.61457113864648 141.24348760925764 -999.0 5400.0 -999.0 1 318 {-999.0 -999.0 -999.0 -999.0 -999.0} "" -999.0 -999.0 -999.0 -999.0 -999 -999 "" "" "" "" 0 0 0.0 0.0 -999 ""
FIBERMAP 1114 R-8C15 METROLOGY 0 0 0 1 0 0 130.5731262113973 -145.68185118342592 143.1 6.532173500953648 -195.4756759361847 99.1036 28.633884 -999.0 -999.0 -999.0 -999.0 -999.0 139.27273890526604 12.10452495215989 139.29589229559468 11.997821520127262 64.61755930284829 141.2471819660364 -999.0 6231.0 -999.0 -1 -999 {-999.0 -999.0 -999.0 -999.0 -999.0} "" -999.0 -999.0 -999.0 -999.0 -999 -999 "" "" "" "" 0 0 0.0 0.0 -999 ""
FIBERMAP 1115 R-5C21 APOGEE 0 0 0 1 0 0 205.0472097264386 -104.28662672497899 143.1 90.18254554775885 -211.5672717764686 199.42793 138.30241 -999.0 -999.0 -999.0 -999.0 -999.0 139.6604178680034 12.03337826907768 139.68325438813224 11.925982085224735 64.35184934439329 140.59812917770898 -999.0 16600.0 -999.0 2 -999 {-999.0 -999.0 -999.0 -999.0 -999.0} "" -999.0 -999.0 -999.0 -999.0 -999 -999 "" "" "" "" 0 0 0.0 0.0 -999 ""
FIBERMAP 1115 R-5C21 BOSS 1 1 0 1 0 0 204.36285423819947 -104.041330990927 143.1 89.81557739323034 -210.93991017276198 199.42793 138.30241 139.6588007176883 12.036073278114703 -0.0238791 -0.19592777 0.16571659 139.65880064889694 12.036072726090438 139.68158816470975 11.92876087170871 64.3550675344604 140.59778333932908 5400.0 5400.0 2016.0 1 321 {-999.0 19.895853 19.566862 19.555391 19.604513} sdss_psfmag_from_lsdr10 19.54936 19.399212 19.056608 -999.0 63050394818023989 1059068797 dark_flexible_2x2 bhm_spiders_agn_lsdr10 bhm_spiders science 0 0 0.0 0.0 -999 ""
FIBERMAP 1115 R-5C21 METROLOGY 0 0 0 1 0 0 204.92633456520358 -103.55038547653646 143.1 90.56260427336642 -210.925446995549 199.42793 138.30241 -999.0 -999.0 -999.0 -999.0 -999.0 139.66223835869837 12.036182022888077 139.685039617962 11.92884112161883 64.35329245312506 140.59114345059058 -999.0 6231.0 -999.0 -1 -999 {-999.0 -999.0 -999.0 -999.0 -999.0} "" -999.0 -999.0 -999.0 -999.0 -999 -999 "" "" "" "" 0 0 0.0 0.0 -999 ""
FIBERMAP 1118 R-13C4 APOGEE 0 0 0 1 0 0 -87.81819979214735 -247.82560990748516 143.1 -226.41184539404898 -133.53907646093512 130.33182 138.31007 -999.0 -999.0 -999.0 -999.0 -999.0 138.1930880624854 12.383900283456681 138.21742062395532 12.278916518959623 65.41301912031763 143.01588787421537 -999.0 16600.0 -999.0 2 279 {-999.0 -999.0 -999.0 -999.0 -999.0} "" -999.0 -999.0 -999.0 -999.0 -999 -999 "" ops_sky_apogee_best_unassigned ops_sky sky_apogee 0 0 0.0 0.0 -999 ""
FIBERMAP 1118 R-13C4 BOSS 1 1 0 1 0 0 -87.82937562974826 -247.09099763891606 143.1 -225.94876439027377 -132.96893067947667 130.33182 138.31007 138.19519158435716 12.38645959841774 8.619715 -27.495926 0.33524418 138.19521644907437 12.3863821289578 138.21950270059313 12.2814741635677 65.41415387098914 143.00852168433832 5400.0 5400.0 2016.0 1 413 {-999.0 17.063234 16.66615 16.52894 -999.0} sdss_psfmag 16.96392 16.664953 16.205538 15.022 63050394818497975 976572139 "" ops_std_boss ops_std standard_boss 0 0 0.0 0.0 -999 ""
FIBERMAP 1118 R-13C4 METROLOGY 0 0 0 1 0 0 -87.17710796441361 -247.44762177098363 143.1 -225.6778633066627 -133.6610074088302 130.33182 138.31007 -999.0 -999.0 -999.0 -999.0 -999.0 138.19648584856458 12.383286550811606 138.22077979227294 12.27835438174965 65.41083877520171 143.00983849647642 -999.0 6231.0 -999.0 -1 -999 {-999.0 -999.0 -999.0 -999.0 -999.0} "" -999.0 -999.0 -999.0 -999.0 -999 -999 "" "" "" "" 0 0 0.0 0.0 -999 ""
FIBERMAP 1121 R-3C7 APOGEE 0 0 0 1 0 0 -123.05330543088559 -71.77886067689933 143.1 -140.38639506340516 23.99656239190002 274.69928 114.99138 -999.0 -999.0 -999.0 -999.0 -999.0 138.5850969977515 13.099144626256447 138.61050897531373 12.99334368316699 65.8167512877031 141.31250694248885 -999.0 16600.0 -999.0 2 254 {-999.0 -999.0 -999.0 -999.0 -999.0} "" -999.0 -999.0 -999.0 -999.0 -999 -999 "" ops_sky_apogee_best_unassigned ops_sky sky_apogee 0 0 0.0 0.0 -999 ""
FIBERMAP 1121 R-3C7 BOSS 1 1 0 1 0 0 -123.70595770818386 -72.12870301154678 143.1 -141.11116596285694 24.147485085443865 274.69928 114.99138 138.58177204404643 13.099656749215903 -18.758192 31.878532 9.089446 138.58171778096357 13.099746566613078 138.6070813603916 12.99402861836415 65.81912948402137 141.318470366667 5400.0 5400.0 2016.0 1 468 {-999.0 19.404114 19.289001 19.284386 -999.0} sdss_psfmag 19.432573 19.244947 18.975216 -999.0 63050394818501828 1143448936 dark_1x3 mwm_wd_pwd_boss_1x3 mwm_wd science 0 0 0.0 0.0 -999 ""
FIBERMAP 1121 R-3C7 METROLOGY 0 0 0 1 0 0 -123.69254182978862 -71.38689138748786 143.1 -140.62461685716653 24.707359393929472 274.69928 114.99138 -999.0 -999.0 -999.0 -999.0 -999.0 138.58396641530473 13.102323758385085 138.6093485328663 12.996579448647703 65.82008583933262 141.31057007879093 -999.0 6231.0 -999.0 -1 -999 {-999.0 -999.0 -999.0 -999.0 -999.0} "" -999.0 -999.0 -999.0 -999.0 -999 -999 "" "" "" "" 0 0 0.0 0.0 -999 ""
FIBERMAP 1125 R0C22 APOGEE 0 0 0 1 0 0 188.19440063371812 -16.32426695437002 143.1 133.74215892492964 -133.3372021258356 338.57657 71.90846 -999.0 -999.0 -999.0 -999.0 -999.0 139.86360573448147 12.38681176720356 139.88695187149068 12.279003968792752 64.53682902587204 139.7620722030993 -999.0 16600.0 -999.0 2 -999 {-999.0 -999.0 -999.0 -999.0 -999.0} "" -999.0 -999.0 -999.0 -999.0 -999 -999 "" "" "" "" 0 0 0.0 0.0 -999 ""
FIBERMAP 1125 R0C22 BOSS 1 1 0 1 0 0 187.72085318432786 -16.89557208667443 143.1 133.01245859676789 -133.47098885218128 338.57657 71.90846 139.86032404516536 12.386087976091549 -2.5271797 -3.3499444 0.34414473 139.86031675518677 12.386078537661305 139.8836081395617 12.278357219359158 64.53810746836734 139.76922570062445 5400.0 5400.0 2016.0 1 244 {-999.0 17.414429 17.020903 16.900673 -999.0} sdss_psfmag 17.342606 17.036776 16.560564 15.757 63050394818025212 976570420 "" ops_std_boss ops_std standard_boss 0 0 0.0 0.0 -999 ""
FIBERMAP 1125 R0C22 METROLOGY 0 0 0 1 0 0 187.45860986041856 -16.200679259031816 143.1 133.25763268508632 -132.77008837426882 338.57657 71.90846 -999.0 -999.0 -999.0 -999.0 -999.0 139.8614434000064 12.389282905442702 139.88475559029206 12.281536123196735 64.54012685086504 139.7629474819049 -999.0 6231.0 -999.0 -1 -999 {-999.0 -999.0 -999.0 -999.0 -999.0} "" -999.0 -999.0 -999.0 -999.0 -999 -999 "" "" "" "" 0 0 0.0 0.0 -999 ""
FIBERMAP 1126 R+3C12 APOGEE 1 0 1 1 0 0 -10.653240648611938 65.77195641085683 143.1 34.063675964589756 57.244111686532584 10.002958 169.99187 139.39471527446244 13.257957000672254 -12.198682 -10.108638 2.922306 139.39967743654654 13.25287563268385 139.4248644119602 13.145664387233477 65.50749905434242 139.50173867920844 16000.0 16600.0 2016.0 2 14 {-999.0 11.6080065 11.300434 11.2097435 -999.0} sdss_psfmag_from_g3xp 11.566991 11.302412 10.882136 10.167 63050394818041814 974606223 "" ops_std_apogee ops_std standard_apogee 0 0 0.0 0.0 -999 ""
FIBERMAP 1126 R+3C12 BOSS 0 0 1 1 0 0 -9.921314868654246 65.78372277154666 143.1 34.63214208955435 56.783208045874524 10.002958 169.99187 -999.0 -999.0 -999.0 -999.0 -999.0 139.40241274134718 13.250733220479969 139.42754051781037 13.143594886136071 65.50432417374499 139.49933377812388 -999.0 5400.0 -999.0 1 114 {-999.0 -999.0 -999.0 -999.0 -999.0} "" -999.0 -999.0 -999.0 -999.0 -999 -999 "" "" "" "" 0 0 0.0 0.0 -999 ""
FIBERMAP 1126 R+3C12 METROLOGY 0 0 1 1 0 0 -10.274940870451173 65.1303391503509 143.1 33.94164649806385 56.509526849094854 10.002958 169.99187 -999.0 -999.0 -999.0 -999.0 -999.0 139.3991654580222 13.24950114843796 139.42430823913753 13.14234667862822 65.50505574183552 139.50730760595707 -999.0 6231.0 -999.0 -1 -999 {-999.0 -999.0 -999.0 -999.0 -999.0} "" -999.0 -999.0 -999.0 -999.0 -999 -999 "" "" "" "" 0 0 0.0 0.0 -999 ""
FIBERMAP 1127 R-13C6 APOGEE 0 0 0 1 0 0 -51.78048634598097 -262.1157578749933 143.1 -207.96907595790105 -167.6277550252254 266.04266 46.69461 -999.0 -999.0 -999.0 -999.0 -999.0 138.27961166783908 12.230334394531319 138.3036116674432 12.12523344076722 65.23791852781724 143.03369967672978 -999.0 16600.0 -999.0 2 274 {-999.0 -999.0 -999.0 -999.0 -999.0} "" -999.0 -999.0 -999.0 -999.0 -999 -999 "" ops_sky_apogee_best_unassigned ops_sky sky_apogee 0 0 0.0 0.0 -999 ""
FIBERMAP 1127 R-13C6 BOSS 1 1 0 1 0 0 -52.277210087164505 -261.55319639452 143.1 -207.9885572125924 -166.87772248903997 266.04266 46.69461 138.27922044720896 12.233758692804379 -7.109238 -48.772015 1.3172944 138.27952193734265 12.233621278206607 138.3034779956928 12.128600448468287 65.24086774066006 143.0298085612472 5400.0 5400.0 2016.0 1 415 {-999.0 17.04825 16.190702 15.851906 -999.0} sdss_psfmag 16.759632 16.199232 15.486776 14.058 63050394818028733 1136768299 dark_flexible_3x1 mwm_halo_local_high_boss_triple mwm_halo science 0 0 1.1328258514404297 0.0 -999 ""
FIBERMAP 1127 R-13C6 METROLOGY 0 0 0 1 0 0 -51.543938785505674 -261.3984874568299 143.1 -207.32728603747887 -167.22994587621682 266.04266 46.69461 -999.0 -999.0 -999.0 -999.0 -999.0 138.2825621736368 12.232055280679466 138.30652788629737 12.127006699964104 65.23796139332482 143.02568410055227 -999.0 6231.0 -999.0 -1 -999 {-999.0 -999.0 -999.0 -999.0 -999.0} "" -999.0 -999.0 -999.0 -999.0 -999 -999 "" "" "" "" 0 0 0.0 0.0 -999 ""
FIBERMAP 1129 R-8C8 APOGEE 0 0 0 1 0 0 -48.71196305448995 -171.1342408811175 143.1 -147.20433865264147 -99.87411333914302 280.0506 92.074974 -999.0 -999.0 -999.0 -999.0 -999.0 138.55659037209838 12.536215930519264 138.58098790076383 12.430578238577606 65.35638621773637 142.09876501986284 -999.0 16600.0 -999.0 2 -999 {-999.0 -999.0 -999.0 -999.0 -999.0} "" -999.0 -999.0 -999.0 -999.0 -999 -999 "" "" "" "" 0 0 0.0 0.0 -999 ""
FIBERMAP 1129 R-8C8 BOSS 1 1 0 1 0 0 -49.436692090995365 -171.2984260778269 143.1 -147.8651475329115 -99.53463650788196 280.0506 92.074974 138.55361643474873 12.537672227075458 -32.76831 -11.319352 2.127179 138.5535218550207 12.537640334912847 138.57787282067247 12.432087135567464 65.3592757641637 142.10304255230656 5400.0 5400.0 2016.0 1 389 {-999.0 20.683388 19.191193 18.13241 -999.0} sdss_psfmag 19.970589 18.828 17.700453 15.619 63050394818029158 1094951529 bright_1x1 mwm_bin_vis_boss mwm_filler science 0 0 0.0 0.0 -999 ""
FIBERMAP 1129 R-8C8 METROLOGY 0 0 0 1 0 0 -49.213381984908175 -170.58175464895416 143.1 -147.23388671415054 -99.12878750678918 280.0506 92.074974 -999.0 -999.0 -999.0 -999.0 -999.0 138.5564266105921 12.53951246520655 138.5807938901654 12.433931363953915 65.35933201272488 142.0948965430503 -999.0 6231.0 -999.0 -1 -999 {-999.0 -999.0 -999.0 -999.0 -999.0} "" -999.0 -999.0 -999.0 -999.0 -999 -999 "" "" "" "" 0 0 0.0 0.0 -999 ""
FIBERMAP 1130 R-3C13 APOGEE 0 0 0 1 0 0 -4.984856726197329 -59.353143443861434 143.1 -41.92684826303091 -42.28486995945762 203.56027 95.96729 -999.0 -999.0 -999.0 -999.0 -999.0 139.04529019141458 12.798944213086601 139.0698728654749 12.692422599145116 65.32108324326316 140.79699737295107 -999.0 16600.0 -999.0 2 174 {-999.0 -999.0 -999.0 -999.0 -999.0} "" -999.0 -999.0 -999.0 -999.0 -999 -999 "" ops_sky_apogee_best_unassigned ops_sky sky_apogee 0 0 0.0 0.0 -999 ""
FIBERMAP 1130 R-3C13 BOSS 1 1 0 1 0 0 -5.3422046616367895 -58.70590457359944 143.1 -41.78515307895684 -41.55942878109545 203.56027 95.96729 139.04604553582243 12.802191853647553 -25.619665 -15.812076 1.8103727 139.0459715125666 12.80214730329384 139.070506954914 12.695702604579528 65.32349657668627 140.79147453303327 5400.0 5400.0 2016.0 1 364 {-999.0 19.887968 20.219994 20.4283 -999.0} sdss_psfmag 20.123714 20.072891 19.946703 -999.0 63050394818032372 1092174473 dark_flexible_2x1 mwm_cb_galex_mag_boss mwm_cb science 0 0 0.0 0.0 -999 ""
FIBERMAP 1130 R-3C13 METROLOGY 0 0 0 1 0 0 -4.595912501904744 -58.71792452121875 143.1 -41.22094887528362 -42.04778476801573 203.56027 95.96729 -999.0 -999.0 -999.0 -999.0 -999.0 139.04860206246346 12.799955617410976 139.0731469850358 12.693484605692547 65.32023344082565 140.78919693024247 -999.0 6231.0 -999.0 -1 -999 {-999.0 -999.0 -999.0 -999.0 -999.0} "" -999.0 -999.0 -999.0 -999.0 -999 -999 "" "" "" "" 0 0 0.0 0.0 -999 ""
FIBERMAP 1131 R-8C19 APOGEE 0 0 0 1 0 0 215.10583253036916 -149.81133463341942 143.1 68.66259368223426 -252.91312879938357 34.224625 104.03007 -999.0 -999.0 -999.0 -999.0 -999.0 139.56025334899698 11.847921981674967 139.58281722530842 11.740731665589148 64.24964325447908 141.02042261845924 -999.0 16600.0 -999.0 2 185 {-999.0 -999.0 -999.0 -999.0 -999.0} "" -999.0 -999.0 -999.0 -999.0 -999 -999 "" ops_sky_apogee_best_unassigned ops_sky sky_apogee 0 0 0.0 0.0 -999 ""
FIBERMAP 1131 R-8C19 BOSS 1 1 0 1 0 0 215.67306427500336 -150.2991606928086 143.1 68.78409142113641 -253.6511562973173 34.224625 104.03007 139.56088961482638 11.844539487542121 -10.153772 0.30815572 0.2866714 139.5608603843157 11.844540355765849 139.5833634039903 11.737432666820272 64.24657816742014 141.02348877171798 5400.0 5400.0 2016.0 1 331 {-999.0 16.910332 16.54233 16.399492 16.347519} sdss_psfmag_from_gaia 16.8694 16.5539 16.0877 15.258 63050394818023665 969129686 "" ops_std_boss_gdr2 ops_std standard_boss 0 0 0.0 0.0 -999 ""
FIBERMAP 1131 R-8C19 METROLOGY 0 0 0 1 0 0 214.98268480565392 -150.55696167928622 143.1 68.08950188687042 -253.40547554801276 34.224625 104.03007 -999.0 -999.0 -999.0 -999.0 -999.0 139.55764032683297 11.845648577917505 139.58016270173982 11.738522527442381 64.24918818790698 141.02820371343722 -999.0 6231.0 -999.0 -1 -999 {-999.0 -999.0 -999.0 -999.0 -999.0} "" -999.0 -999.0 -999.0 -999.0 -999 -999 "" "" "" "" 0 0 0.0 0.0 -999 ""
FIBERMAP 1132 R+2C1 APOGEE 0 0 0 1 0 0 -263.03420526670476 22.493576390217576 143.1 -187.13478209530817 186.11471013329694 319.34106 86.20931 -999.0 -999.0 -999.0 -999.0 -999.0 138.36735793029382 13.831021977409863 138.3942565669767 13.725446535411391 66.5456544554159 140.76463746007286 -999.0 16600.0 -999.0 2 145 {-999.0 -999.0 -999.0 -999.0 -999.0} "" -999.0 -999.0 -999.0 -999.0 -999 -999 "" ops_sky_apogee_best_unassigned ops_sky sky_apogee 0 0 0.0 0.0 -999 ""
FIBERMAP 1132 R+2C1 BOSS 1 1 0 1 0 0 -263.5608087995104 21.99543137901026 143.1 -187.8581707411342 186.07105348410218 319.34106 86.20931 138.36405769852357 13.830715289816636 -999.0 -999.0 -999.0 138.36405769852357 13.830715289816634 138.39090785520438 13.725219743804738 66.54724555498798 140.77178911526457 5400.0 5400.0 2016.0 1 4 {-999.0 21.916224 21.424898 20.94009 20.55482} sdss_psfmag_from_lsdr10 1e+20 1e+20 1e+20 -999.0 63050397530758496 1059077910 dark_flexible_2x2 bhm_spiders_agn_lsdr10 bhm_spiders science 0 0 0.0 0.0 -999 ""
FIBERMAP 1132 R+2C1 METROLOGY 0 0 0 1 0 0 -263.75775159823615 22.711352225488056 143.1 -187.54945286858958 186.7461436776755 319.34106 86.20931 -999.0 -999.0 -999.0 -999.0 -999.0 138.365480632276 13.833782685932006 138.3923497908604 13.728263057758294 66.54902547968136 140.76465749923034 -999.0 6231.0 -999.0 -1 -999 {-999.0 -999.0 -999.0 -999.0 -999.0} "" -999.0 -999.0 -999.0 -999.0 -999 -999 "" "" "" "" 0 0 0.0 0.0 -999 ""
FIBERMAP 1135 R-2C11 APOGEE 0 0 0 1 0 0 -30.209965511385338 -49.054605829034074 143.1 -54.64611927563255 -18.19721755123537 0.12868428 77.82208 -999.0 -999.0 -999.0 -999.0 -999.0 138.98556629984742 12.908504134486561 139.01038455649217 12.802061167936964 65.44462911738094 140.77030837782164 -999.0 16600.0 -999.0 2 268 {-999.0 -999.0 -999.0 -999.0 -999.0} "" -999.0 -999.0 -999.0 -999.0 -999 -999 "" ops_sky_apogee_best_unassigned ops_sky sky_apogee 0 0 0.0 0.0 -999 ""
FIBERMAP 1135 R-2C11 BOSS 1 1 0 1 0 0 -30.340978241555526 -49.780339599238886 143.1 -55.212466274871105 -18.669269480800697 0.12868428 77.82208 138.98294989798845 12.906256943180917 -0.23410411 0.75625914 1.2276665 138.98294922130768 12.906259073932464 139.00771263514102 12.799899252961927 65.44423768830222 140.77840049687407 5400.0 5400.0 2016.0 1 448 {-999.0 21.014889 20.813541 20.64019 20.508886} sdss_psfmag_from_gaiadr2 20.786888 20.821207 20.106848 -999.0 63050394818032484 1055736492 dark_flexible_2x2 bhm_gua_dark bhm_filler science 0 0 0.0 0.0 -999 ""
FIBERMAP 1135 R-2C11 METROLOGY 0 0 0 1 0 0 -30.9166215938837 -49.300409635704725 143.1 -55.345479811281734 -17.931892627220595 0.12868428 77.82208 -999.0 -999.0 -999.0 -999.0 -999.0 138.98230868072667 12.909640369647017 139.0070935968215 12.803258746340214 65.44738299289921 140.77521006933924 -999.0 6231.0 -999.0 -1 -999 {-999.0 -999.0 -999.0 -999.0 -999.0} "" -999.0 -999.0 -999.0 -999.0 -999 -999 "" "" "" "" 0 0 0.0 0.0 -999 ""
FIBERMAP 1137 R-1C6 APOGEE 0 0 0 1 0 0 -171.2688331756603 -35.38510846312887 143.1 -153.97038705128412 82.84291388880588 280.3184 94.09365 -999.0 -999.0 -999.0 -999.0 -999.0 138.52113033177443 13.366097000350857 138.54707282064203 13.260351406024544 66.07472790041903 141.08554627741736 -999.0 16600.0 -999.0 2 -999 {-999.0 -999.0 -999.0 -999.0 -999.0} "" -999.0 -999.0 -999.0 -999.0 -999 -999 "" "" "" "" 0 0 0.0 0.0 -999 ""
FIBERMAP 1137 R-1C6 BOSS 1 1 0 1 0 0 -171.98273263629667 -35.57712102534449 143.1 -154.6407627781802 83.15411225361474 280.3184 94.09365 138.5180126076712 13.367436971499798 -999.0 -999.0 -999.0 138.5180126076712 13.367436971499798 138.5439089133047 13.26177256153666 66.07759269413228 141.09002306646443 5400.0 5400.0 2016.0 1 484 {-999.0 23.477057 22.187061 21.498405 21.009817} sdss_fiber2mag_from_lsdr10 1e+20 1e+20 1e+20 -999.0 63050398245689330 1059075431 dark_flexible_2x2 bhm_spiders_agn_lsdr10 bhm_spiders science 0 0 0.0 0.0 -999 ""
FIBERMAP 1137 R-1C6 METROLOGY 0 0 0 1 0 0 -171.7944800928659 -34.85562069278469 143.1 -154.03326802459486 83.58617001391245 280.3184 94.09365 -999.0 -999.0 -999.0 -999.0 -999.0 138.52082640864435 13.369433673681309 138.5467390215175 13.26374247249661 66.07775246332398 141.0816809922374 -999.0 6231.0 -999.0 -1 -999 {-999.0 -999.0 -999.0 -999.0 -999.0} "" -999.0 -999.0 -999.0 -999.0 -999 -999 "" "" "" "" 0 0 0.0 0.0 -999 ""
FIBERMAP 1140 R-5C12 APOGEE 0 0 0 1 0 0 29.80013280173182 -101.45028288128134 143.1 -42.29712180038466 -96.8791612987717 31.050863 64.885124 -999.0 -999.0 -999.0 -999.0 -999.0 139.04434144532712 12.550584722026617 139.06847403832052 12.444115618819847 65.11325660947841 141.12118284926143 -999.0 16600.0 -999.0 2 159 {-999.0 -999.0 -999.0 -999.0 -999.0} "" -999.0 -999.0 -999.0 -999.0 -999 -999 "" ops_sky_apogee_best_unassigned ops_sky sky_apogee 0 0 0.0 0.0 -999 ""
FIBERMAP 1140 R-5C12 BOSS 1 1 0 1 0 0 29.87572077820856 -102.18953629608548 143.1 -42.71382029662298 -97.49421856980953 31.050863 64.885124 139.04244784475085 12.547664128065561 -2.50386 -1.0812426 0.41201574 139.04244061753627 12.547661081676836 139.06651650029627 12.441275539975887 65.11190010901896 141.12865180004977 5400.0 5400.0 2016.0 1 387 {-999.0 16.720877 16.38042 16.258522 -999.0} sdss_psfmag 16.685751 16.38632 15.937265 15.113 63050394818031214 976570453 "" ops_std_boss ops_std standard_boss 0 0 0.0 0.0 -999 ""
FIBERMAP 1140 R-5C12 METROLOGY 0 0 0 1 0 0 29.189458204640005 -101.89722845617557 143.1 -43.05206660484644 -96.82960480016179 31.050863 64.885124 -999.0 -999.0 -999.0 -999.0 -999.0 139.04084240606727 12.55070936639353 139.06493974124555 12.444303287457899 65.11527977789193 141.12784229565577 -999.0 6231.0 -999.0 -1 -999 {-999.0 -999.0 -999.0 -999.0 -999.0} "" -999.0 -999.0 -999.0 -999.0 -999 -999 "" "" "" "" 0 0 0.0 0.0 -999 ""
FIBERMAP 1143 R-2C5 APOGEE 0 0 0 1 1 0 -192.8642836725549 -43.72820104459649 143.1 -175.87661664998657 90.3141807770834 206.79056 109.499626 -999.0 -999.0 -999.0 -999.0 -999.0 138.41937767438927 13.399210424589294 138.44544453827297 13.293632333127785 66.1562889393997 141.2463476478505 -999.0 16600.0 -999.0 2 249 {-999.0 -999.0 -999.0 -999.0 -999.0} "" -999.0 -999.0 -999.0 -999.0 -999 -999 "" ops_sky_apogee_best_unassigned ops_sky sky_apogee 0 0 0.0 0.0 -999 ""
FIBERMAP 1143 R-2C5 BOSS 1 0 0 1 1 0 -193.41033162861137 -43.223066277125284 143.1 -175.97076741201965 91.05187211325422 206.79056 109.499626 138.3954244278042 13.401691644994417 -3.7431931 -1.0347766 0.22357084 138.4189392834738 13.402496683525081 138.44496231045326 13.296994612309224 66.15937077723697 141.24282509159653 5400.0 5400.0 2016.0 1 473 {-999.0 17.236008 16.85971 16.763128 -999.0} sdss_psfmag 17.190802 16.883837 16.42677 15.8 63050394818504104 976572153 "" ops_std_boss ops_std standard_boss 0 0 0.0 0.0 -999 ""
FIBERMAP 1143 R-2C5 METROLOGY 0 0 0 1 1 0 -192.69268953180674 -42.996574845367874 143.1 -175.27538692794406 90.76469375186029 206.79056 109.499626 -999.0 -999.0 -999.0 -999.0 -999.0 138.42216028551033 13.401238481344153 138.44819319673582 13.295709631097035 66.15658916877318 141.23800232839685 -999.0 6231.0 -999.0 -1 -999 {-999.0 -999.0 -999.0 -999.0 -999.0} "" -999.0 -999.0 -999.0 -999.0 -999 -999 "" "" "" "" 0 0 0.0 0.0 -999 ""
FIBERMAP 1144 R+12C1 APOGEE 0 0 0 1 0 0 -148.7019584016784 240.31149620027742 143.1 40.33017868741072 279.6344727910003 28.642859 131.11906 -999.0 -999.0 -999.0 -999.0 -999.0 139.42649390338173 14.255877369201402 139.45348644499506 14.14841857469252 66.31538958644992 138.04457886659037 -999.0 16600.0 -999.0 2 129 {-999.0 -999.0 -999.0 -999.0 -999.0} "" -999.0 -999.0 -999.0 -999.0 -999 -999 "" ops_sky_apogee_best_unassigned ops_sky sky_apogee 0 0 0.0 0.0 -999 ""
FIBERMAP 1144 R+12C1 BOSS 1 1 0 1 0 0 -148.0378779159013 240.01892177122096 143.1 40.65125458118634 278.9838963618758 28.642859 131.11906 139.42805334974926 14.252904579025119 -999.0 -999.0 -999.0 139.42805334974926 14.252904579025115 139.45498578165373 14.145516788741594 66.31218231054667 138.04581764748434 5400.0 5400.0 2016.0 1 8 {-999.0 22.288084 21.63617 21.259653 20.965242} sdss_psfmag_from_lsdr10 1e+20 1e+20 1e+20 -999.0 63050398245732355 1059080570 dark_flexible_2x2 bhm_spiders_agn_lsdr10 bhm_spiders science 0 0 0.0 0.0 -999 ""
FIBERMAP 1144 R+12C1 METROLOGY 0 0 0 1 0 0 -148.62211690914236 239.57273444043727 143.1 39.91705553447784 279.0170614006361 28.642859 131.11906 -999.0 -999.0 -999.0 -999.0 -999.0 139.424615737455 14.25307757063766 139.45156602332133 14.145674822652877 66.31423344854143 138.052315596703 -999.0 6231.0 -999.0 -1 -999 {-999.0 -999.0 -999.0 -999.0 -999.0} "" -999.0 -999.0 -999.0 -999.0 -999 -999 "" "" "" "" 0 0 0.0 0.0 -999 ""
FIBERMAP 1148 R0C11 APOGEE 1 1 0 1 0 0 -74.97220994339135 -7.624509562857811 143.1 -62.35018457679074 42.29161578067913 202.53659 137.46924 138.94880430222744 13.183880460220442 -999.0 -999.0 -999.0 138.94880430222744 13.183880460220442 138.9741469623476 13.0774437162103 65.69442731768564 140.47731684539445 16000.0 16600.0 2016.0 2 285 {-999.0 11.405226 11.059152 10.903082 -999.0} sdss_psfmag_from_g3xp 11.334869 11.204955 10.556426 9.759 63050394818502336 974607941 "" ops_std_apogee ops_std standard_apogee 0 0 0.0 0.0 -999 ""
FIBERMAP 1148 R0C11 BOSS 0 0 0 1 0 0 -75.67128286185614 -7.37656066361914 143.1 -62.726728021487105 42.930459720781975 202.53659 137.46924 -999.0 -999.0 -999.0 -999.0 -999.0 138.94705550008845 13.18672831974565 138.9723524797638 13.080371042916726 65.69783362798685 140.47695817375958 -999.0 5400.0 -999.0 1 431 {-999.0 -999.0 -999.0 -999.0 -999.0} "" -999.0 -999.0 -999.0 -999.0 -999 -999 "" "" "" "" 0 0 0.0 0.0 -999 ""
FIBERMAP 1148 R0C11 METROLOGY 0 0 0 1 0 0 -75.10516252731722 -6.891620306360041 143.1 -61.98153348156502 42.93862586947262 202.53659 137.46924 -999.0 -999.0 -999.0 -999.0 -999.0 138.95053012930322 13.186794562458987 138.9758398110464 13.080409541134824 65.69599949140085 140.4700105933944 -999.0 6231.0 -999.0 -1 -999 {-999.0 -999.0 -999.0 -999.0 -999.0} "" -999.0 -999.0 -999.0 -999.0 -999 -999 "" "" "" "" 0 0 0.0 0.0 -999 ""
FIBERMAP 1149 R-5C9 APOGEE 0 0 0 1 0 0 -51.637593443787175 -105.11636555407027 143.1 -107.06071611144804 -47.402925450102124 259.81177 150.22963 -999.0 -999.0 -999.0 -999.0 -999.0 138.74162395858454 12.774920627410454 138.76634690920974 12.668918861485576 65.46155448727896 141.42555717706054 -999.0 16600.0 -999.0 2 284 {-999.0 -999.0 -999.0 -999.0 -999.0} "" -999.0 -999.0 -999.0 -999.0 -999 -999 "" ops_sky_apogee_best_unassigned ops_sky sky_apogee 0 0 0.0 0.0 -999 ""
FIBERMAP 1149 R-5C9 BOSS 1 1 0 1 0 0 -52.11125961821441 -105.69237010719905 143.1 -107.79352460974205 -47.54023735476998 259.81177 150.22963 138.73821701429293 12.774186836231205 -999.0 -999.0 -999.0 138.73821701429293 12.774186836231207 138.7628892549652 12.668269670184069 65.46281970130474 141.43324772311828 5400.0 5400.0 2016.0 1 409 {-999.0 21.760105 21.107157 20.695625 20.411476} sdss_fiber2mag_from_lsdr10 20.799738 21.06522 19.754417 -999.0 63050394818031850 1059072864 dark_flexible_2x2 bhm_spiders_agn_lsdr10 bhm_spiders science 0 0 0.0 0.0 -999 ""
FIBERMAP 1149 R-5C9 METROLOGY 0 0 0 1 0 0 -52.37944800327897 -104.99826557151277 143.1 -107.5534126321108 -46.836124057004426 259.81177 150.22963 -999.0 -999.0 -999.0 -999.0 -999.0 138.73931404311708 12.777418886187546 138.76400614451222 12.671476895547855 65.46493903884448 141.42688471665687 -999.0 6231.0 -999.0 -1 -999 {-999.0 -999.0 -999.0 -999.0 -999.0} "" -999.0 -999.0 -999.0 -999.0 -999 -999 "" "" "" "" 0 0 0.0 0.0 -999 ""
FIBERMAP 1150 R-9C10 APOGEE 0 0 0 1 0 0 1.3059111745986147 -177.22622307082707 143.1 -112.78436897255915 -136.65585317435782 167.39305 140.57976 -999.0 -999.0 -999.0 -999.0 -999.0 138.71739036897935 12.369756092393697 138.74138882686088 12.263878502330888 65.13200964505012 141.9920755730319 -999.0 16600.0 -999.0 2 180 {-999.0 -999.0 -999.0 -999.0 -999.0} "" -999.0 -999.0 -999.0 -999.0 -999 -999 "" ops_sky_apogee_best_unassigned ops_sky sky_apogee 0 0 0.0 0.0 -999 ""
FIBERMAP 1150 R-9C10 BOSS 1 1 0 1 0 0 0.8553047357839801 -176.64942871454863 143.1 -112.75937022528274 -135.92452211436648 167.39305 140.57976 138.71749877929688 12.372943170080546 -999.0 -999.0 -999.0 138.7174987792969 12.372943170080548 138.7414515651024 12.267145030226605 65.13474731364069 141.98783542148595 5400.0 5400.0 2015.5 1 375 {-999.0 -999.0 -999.0 -999.0 -999.0} "" -999.0 -999.0 -999.0 -999.0 27021603088162384 804850881 "" ops_sky_boss_good ops_sky sky_boss 0 0 0.0 0.0 -999 ""
FIBERMAP 1150 R-9C10 METROLOGY 0 0 0 1 0 0 1.6016883758146836 -176.54322571974794 143.1 -112.11919283784519 -136.32233661704282 167.39305 140.57976 -999.0 -999.0 -999.0 -999.0 -999.0 138.7204732382812 12.371175135277012 138.74443565933467 12.265349552005022 65.13167939798217 141.98421784701165 -999.0 6231.0 -999.0 -1 -999 {-999.0 -999.0 -999.0 -999.0 -999.0} "" -999.0 -999.0 -999.0 -999.0 -999 -999 "" "" "" "" 0 0 0.0 0.0 -999 ""
FIBERMAP 1151 R-9C4 APOGEE 0 0 0 1 0 0 -107.23731536738963 -183.90330241414472 143.1 -200.2534389379781 -72.08445975964902 9.317601 72.70824 -999.0 -999.0 -999.0 -999.0 -999.0 138.31034834530632 12.661740043141535 138.33512266656777 12.55649818066091 65.58992332433246 142.43026791193125 -999.0 16600.0 -999.0 2 -999 {-999.0 -999.0 -999.0 -999.0 -999.0} "" -999.0 -999.0 -999.0 -999.0 -999 -999 "" "" "" "" 0 0 0.0 0.0 -999 ""
FIBERMAP 1151 R-9C4 BOSS 1 1 0 1 0 0 -107.33604565940587 -184.6192873107038 143.1 -200.78878717028778 -72.56976703803333 9.317601 72.70824 138.3075747530944 12.65945254415516 -1.1087127 -3.8533077 0.067567185 138.30790716439023 12.659441687504412 138.33262875481384 12.554283383637728 65.5893171090865 142.43809497474973 5400.0 5400.0 2016.0 1 479 {-999.0 15.717924 15.901503 16.045246 -999.0} sdss_psfmag 15.839889 15.801116 15.736157 15.537 63050394818498384 1061021148 dark_flexible_2x1 manual_mwm_halo_distant_bhb_boss mwm_halo science 0 0 1.1788347959518433 0.0 -999 ""
FIBERMAP 1151 R-9C4 METROLOGY 0 0 0 1 0 0 -107.92927687662265 -184.18232078316683 143.1 -200.96286313766174 -71.85402324080673 9.317601 72.70824 -999.0 -999.0 -999.0 -999.0 -999.0 138.3070707565526 12.662708195759803 138.33181306670167 12.557528291850383 65.59249665636011 142.43561074614573 -999.0 6231.0 -999.0 -1 -999 {-999.0 -999.0 -999.0 -999.0 -999.0} "" -999.0 -999.0 -999.0 -999.0 -999 -999 "" "" "" "" 0 0 0.0 0.0 -999 ""
FIBERMAP 1152 R-9C3 APOGEE 0 0 0 1 0 0 -151.77962098058717 -163.08600735085398 143.1 -221.02306086147829 -27.53346615736268 118.00333 116.52651 -999.0 -999.0 -999.0 -999.0 -999.0 138.2130646286404 12.863356832330814 138.2382686718883 12.758241124463588 65.81121421467822 142.36779708889537 -999.0 16600.0 -999.0 2 256 {-999.0 -999.0 -999.0 -999.0 -999.0} "" -999.0 -999.0 -999.0 -999.0 -999 -999 "" ops_sky_apogee_best_unassigned ops_sky sky_apogee 0 0 0.0 0.0 -999 ""
FIBERMAP 1152 R-9C3 BOSS 1 1 0 1 0 0 -151.34997055088468 -162.4908157417868 143.1 -220.3116651228478 -27.353190663430237 118.00333 116.52651 138.2163437345871 12.864118020309208 -0.48887202 -4.568065 0.45989764 138.21634232173437 12.864105149837501 138.24149612543445 12.759061676286764 65.81025457649305 142.36021139725182 5400.0 5400.0 2016.0 1 477 {-999.0 17.603212 17.264763 17.091982 -999.0} sdss_psfmag 17.549055 17.265669 16.769575 15.652 63050394818498913 976572140 "" ops_std_boss ops_std standard_boss 0 0 0.0 0.0 -999 ""
FIBERMAP 1152 R-9C3 METROLOGY 0 0 0 1 0 0 -151.04089681777324 -163.2034900845457 143.1 -220.5323670276615 -28.09778470222363 118.00333 116.52651 -999.0 -999.0 -999.0 -999.0 -999.0 138.2153450227378 12.86074840742728 138.24050738015347 12.75568522465054 65.80789170573482 142.36655034370403 -999.0 6231.0 -999.0 -1 -999 {-999.0 -999.0 -999.0 -999.0 -999.0} "" -999.0 -999.0 -999.0 -999.0 -999 -999 "" "" "" "" 0 0 0.0 0.0 -999 ""
FIBERMAP 1153 R-6C11 APOGEE 0 0 0 1 0 0 13.086051869847612 -129.4828106330023 143.1 -73.10378614328292 -107.63090630271184 354.59055 72.0933 -999.0 -999.0 -999.0 -999.0 -999.0 138.90103127870557 12.501524695128884 138.9251605157429 12.395308213457904 65.14748831500167 141.4641085153554 -999.0 16600.0 -999.0 2 -999 {-999.0 -999.0 -999.0 -999.0 -999.0} "" -999.0 -999.0 -999.0 -999.0 -999 -999 "" "" "" "" 0 0 0.0 0.0 -999 ""
FIBERMAP 1153 R-6C11 BOSS 1 1 0 1 0 0 12.804778386628744 -130.16692034835435 143.1 -73.75856152066338 -107.97458719239731 354.59055 72.0933 138.89801117922283 12.499834592414102 -999.0 -999.0 -999.0 138.89801117922283 12.4998345924141 138.92208712432392 12.393703440506256 65.14774375966886 141.47218438778867 5400.0 5400.0 2016.0 1 386 {-999.0 22.69939 21.061094 20.381147 19.907875} sdss_fiber2mag_from_lsdr10 1e+20 1e+20 1e+20 -999.0 63050398245690600 1059071473 dark_flexible_2x2 bhm_spiders_agn_lsdr10 bhm_spiders science 0 0 0.0 0.0 -999 ""
FIBERMAP 1153 R-6C11 METROLOGY 0 0 0 1 0 0 12.345608241370098 -129.57449058478488 143.1 -73.7300871208639 -107.22577574376321 354.59055 72.0933 -999.0 -999.0 -999.0 -999.0 -999.0 138.89811867222153 12.503264741748348 138.92221557773297 12.397110060747504 65.15055177297981 141.46758522371974 -999.0 6231.0 -999.0 -1 -999 {-999.0 -999.0 -999.0 -999.0 -999.0} "" -999.0 -999.0 -999.0 -999.0 -999 -999 "" "" "" "" 0 0 0.0 0.0 -999 ""
FIBERMAP 1156 R-11C14 APOGEE 0 0 0 1 0 0 105.67815159502118 -213.06645594972258 143.1 -55.80927110357542 -231.13250004389118 209.68025 82.48269 -999.0 -999.0 -999.0 -999.0 -999.0 138.98422481119925 11.944173170450073 139.0072953060813 11.837930901028898 64.63297914318008 142.0035626933875 -999.0 16600.0 -999.0 2 239 {-999.0 -999.0 -999.0 -999.0 -999.0} "" -999.0 -999.0 -999.0 -999.0 -999 -999 "" ops_sky_apogee_best_unassigned ops_sky sky_apogee 0 0 0.0 0.0 -999 ""
FIBERMAP 1156 R-11C14 BOSS 1 1 0 1 0 0 105.39413364898101 -212.37793342345742 143.1 -55.584873955291 -230.42250141528095 209.68025 82.48269 138.98529052734372 11.94724090158077 -999.0 -999.0 -999.0 138.98529052734372 11.94724090158077 139.0083135358438 11.8410783823608 64.63512311110048 141.9977021608777 5400.0 5400.0 2015.5 1 255 {-999.0 -999.0 -999.0 -999.0 -999.0} "" -999.0 -999.0 -999.0 -999.0 27021603088161027 804850679 "" ops_sky_boss_good ops_sky sky_boss 0 0 0.0 0.0 -999 ""
FIBERMAP 1156 R-11C14 METROLOGY 0 0 0 1 0 0 106.13583103250254 -212.47380783781023 143.1 -55.07802832937901 -230.97216931960565 209.68025 82.48269 -999.0 -999.0 -999.0 -999.0 -999.0 138.98763676072846 11.944808789153617 139.01066891392873 11.83861952421562 64.63181702850856 141.99617194927689 -999.0 6231.0 -999.0 -1 -999 {-999.0 -999.0 -999.0 -999.0 -999.0} "" -999.0 -999.0 -999.0 -999.0 -999 -999 "" "" "" "" 0 0 0.0 0.0 -999 ""
FIBERMAP 1158 R-5C22 APOGEE 0 0 0 1 0 0 242.98835262901474 -99.43399603670339 143.1 122.3743124891587 -232.20793656248787 287.98795 160.47517 -999.0 -999.0 -999.0 -999.0 -999.0 139.8085741363235 11.94164048106696 139.83116025585298 11.834016867432457 64.19574272607484 140.4346197229919 -999.0 16600.0 -999.0 2 211 {-999.0 -999.0 -999.0 -999.0 -999.0} "" -999.0 -999.0 -999.0 -999.0 -999 -999 "" ops_sky_apogee_best_unassigned ops_sky sky_apogee 0 0 0.0 0.0 -999 ""
FIBERMAP 1158 R-5C22 BOSS 1 1 0 1 0 0 242.96606579964353 -100.17344217203095 143.1 121.88248384803093 -232.76030263054474 287.98795 160.47517 139.80635041873248 11.939066828283293 -999.0 -999.0 -999.0 139.80635041873248 11.939066828283293 139.82887797625725 11.831530128031261 64.19488357945245 140.4420406381227 5400.0 5400.0 2016.0 1 251 {-999.0 23.60485 22.964975 22.10091 21.562542} sdss_fiber2mag_from_lsdr10 1e+20 1e+20 1e+20 -999.0 63050397530830740 1059068799 dark_flexible_2x2 bhm_spiders_agn_lsdr10 bhm_spiders science 0 0 0.0 0.0 -999 ""
FIBERMAP 1158 R-5C22 METROLOGY 0 0 0 1 0 0 242.3326122646867 -99.78412655032861 143.1 121.64699001196564 -232.05525206004586 287.98795 160.47517 -999.0 -999.0 -999.0 -999.0 -999.0 139.8052696431105 11.942238062725446 139.82781919463963 11.834679054614254 64.19808636616453 140.4400752204999 -999.0 6231.0 -999.0 -1 -999 {-999.0 -999.0 -999.0 -999.0 -999.0} "" -999.0 -999.0 -999.0 -999.0 -999 -999 "" "" "" "" 0 0 0.0 0.0 -999 ""
FIBERMAP 1162 R-2C6 APOGEE 0 0 0 1 0 0 -142.9917241038537 -50.86022767761398 143.1 -142.23575221170842 52.82869917012224 355.687 74.37671 -999.0 -999.0 -999.0 -999.0 -999.0 138.5760466952777 13.230159983723766 138.6017049611711 13.124347982784787 65.93160804477252 141.156933089382 -999.0 16600.0 -999.0 2 -999 {-999.0 -999.0 -999.0 -999.0 -999.0} "" -999.0 -999.0 -999.0 -999.0 -999 -999 "" "" "" "" 0 0 0.0 0.0 -999 ""
FIBERMAP 1162 R-2C6 BOSS 1 1 0 1 0 0 -143.2388913724233 -51.57316229626172 143.1 -142.88289682322417 52.44103097078733 355.687 74.37671 138.5725961405421 13.228377347886964 -9.307518 -18.895426 0.55847 138.57303771204948 13.228324110238068 138.59864361918892 13.122594342163273 65.9317480847651 141.16540729535444 5400.0 5400.0 2016.0 1 472 {-999.0 15.148532 14.558464 14.335068 -999.0} sdss_psfmag_from_g3xp 15.0097065 14.585194 13.990725 12.847 63050394818502616 1074248011 dark_flexible_2x1 mwm_halo_local_high_boss mwm_halo science 0 0 1.6418826580047607 0.0 -999 ""
FIBERMAP 1162 R-2C6 METROLOGY 0 0 0 1 0 0 -143.72321642159744 -51.00713230515736 143.1 -142.89064943372438 53.18576122762575 355.687 74.37671 -999.0 -999.0 -999.0 -999.0 -999.0 138.5729870181309 13.231726210568363 138.59861370139743 13.125974084277036 65.93460532786274 141.1609800075783 -999.0 6231.0 -999.0 -1 -999 {-999.0 -999.0 -999.0 -999.0 -999.0} "" -999.0 -999.0 -999.0 -999.0 -999 -999 "" "" "" "" 0 0 0.0 0.0 -999 ""
FIBERMAP 1163 R-8C7 APOGEE 0 0 0 1 0 0 -67.28511184934824 -134.90822735683784 143.1 -138.17957089344551 -60.187705848237805 145.10168 47.911793 -999.0 -999.0 -999.0 -999.0 -999.0 138.5972349884295 12.716422144047973 138.62193796990903 12.610678283270015 65.48777326664559 141.78740127012944 -999.0 16600.0 -999.0 2 -999 {-999.0 -999.0 -999.0 -999.0 -999.0} "" -999.0 -999.0 -999.0 -999.0 -999 -999 "" "" "" "" 0 0 0.0 0.0 -999 ""
FIBERMAP 1163 R-8C7 BOSS 1 1 0 1 0 0 -66.56015447362499 -134.710482979121 143.1 -137.49704091017523 -60.50161118388071 145.10168 47.911793 138.60041079431127 12.714902184470343 -999.0 -999.0 -999.0 138.60041079431127 12.714902184470345 138.6250581279045 12.609232040918648 65.48492653686912 141.78304991519644 5400.0 5400.0 2016.0 1 401 {-999.0 21.57847 21.39395 21.120306 20.869709} sdss_psfmag_from_lsdr10 1e+20 1e+20 1e+20 -999.0 63050398960588819 1059072861 dark_flexible_2x2 bhm_spiders_agn_lsdr10 bhm_spiders science 0 0 0.0 0.0 -999 ""
FIBERMAP 1163 R-8C7 METROLOGY 0 0 0 1 0 0 -66.75900632328485 -135.43725945034197 143.1 -138.11604590523032 -60.9309072073493 145.10168 47.911793 -999.0 -999.0 -999.0 -999.0 -999.0 138.59754338057027 12.712971007665185 138.622203398779 12.607283816069081 65.48476306773318 141.79123349413535 -999.0 6231.0 -999.0 -1 -999 {-999.0 -999.0 -999.0 -999.0 -999.0} "" -999.0 -999.0 -999.0 -999.0 -999 -999 "" "" "" "" 0 0 0.0 0.0 -999 ""
FIBERMAP 1167 R-3C5 APOGEE 0 0 0 1 0 0 -184.167561268081 -72.09799630799976 143.1 -187.4262347361249 62.9893861423528 281.47696 41.547146 -999.0 -999.0 -999.0 -999.0 -999.0 138.36615849052887 13.274918575377985 138.39202886619069 13.169456751081505 66.07973676330249 141.51987597493718 -999.0 16600.0 -999.0 2 264 {-999.0 -999.0 -999.0 -999.0 -999.0} "" -999.0 -999.0 -999.0 -999.0 -999 -999 "" ops_sky_apogee_best_unassigned ops_sky sky_apogee 0 0 0.0 0.0 -999 ""
FIBERMAP 1167 R-3C5 BOSS 1 1 0 1 0 0 -184.7765261816405 -71.6430787236224 143.1 -187.60084305236543 63.72898830054086 281.47696 41.547146 138.3653669641901 13.278224881946473 -8.595141 -6.6158924 1.9321599 138.3653420822918 13.27820624174357 138.39116879982973 13.172821585838385 66.08302444587773 141.5171578764046 5400.0 5400.0 2016.0 1 466 {-999.0 19.882935 19.28677 18.17642 -999.0} sdss_psfmag 19.789883 18.68941 17.62822 15.27 63050394818503404 1092518706 dark_flexible_2x1 mwm_cb_galex_vol_boss mwm_cb science 0 0 0.0 0.0 -999 ""
FIBERMAP 1167 R-3C5 METROLOGY 0 0 0 1 0 0 -184.07819040725732 -71.3579643986916 143.1 -186.8826201237363 63.49913092976569 281.47696 41.547146 -999.0 -999.0 -999.0 -999.0 -999.0 138.36866502878738 13.27720729638333 138.3945022390646 13.17179547021965 66.08041478111542 141.51176705955416 -999.0 6231.0 -999.0 -1 -999 {-999.0 -999.0 -999.0 -999.0 -999.0} "" -999.0 -999.0 -999.0 -999.0 -999 -999 "" "" "" "" 0 0 0.0 0.0 -999 ""
FIBERMAP 1169 R-11C9 APOGEE 0 0 0 1 0 0 1.850055471312107 -217.86035587357398 143.1 -138.45583416431603 -168.14520225224146 179.00195 140.32127 -999.0 -999.0 -999.0 -999.0 -999.0 138.59967948515822 12.227515899759773 138.62348781970275 12.121868022226643 65.07211454953386 142.40252678566492 -999.0 16600.0 -999.0 2 168 {-999.0 -999.0 -999.0 -999.0 -999.0} "" -999.0 -999.0 -999.0 -999.0 -999 -999 "" ops_sky_apogee_best_unassigned ops_sky sky_apogee 0 0 0.0 0.0 -999 ""
FIBERMAP 1169 R-11C9 BOSS 1 1 0 1 0 0 1.2634353275465986 -217.4000949261501 143.1 -138.60988793625305 -167.41585129335522 179.00195 140.32127 138.5989601541698 12.230691017430695 0.13958813 -0.0010574165 -0.1403704 138.59896055659172 12.230691014451438 138.62272407799892 12.125124522011618 65.07527846762528 142.39998021000193 5400.0 5400.0 2016.0 1 361 {-999.0 19.735226 19.707178 19.66472 19.463306} sdss_psfmag 19.901735 19.718103 19.26645 -999.0 63050394818028332 1060381286 dark_flexible_2x2 bhm_aqmes_bonus_faint bhm_filler science 0 0 0.0 0.0 -999 ""
FIBERMAP 1169 R-11C9 METROLOGY 0 0 0 1 0 0 1.9599725016020813 -217.1188505508862 143.1 -137.89552800293097 -167.6475196407239 179.00195 140.32127 -999.0 -999.0 -999.0 -999.0 -999.0 138.60226280494967 12.229673432943686 138.62603704123347 12.124078622457633 65.0726883541766 142.39474056527607 -999.0 6231.0 -999.0 -1 -999 {-999.0 -999.0 -999.0 -999.0 -999.0} "" -999.0 -999.0 -999.0 -999.0 -999 -999 "" "" "" "" 0 0 0.0 0.0 -999 ""
FIBERMAP 1170 R-5C6 APOGEE 0 0 0 1 0 0 -133.95607402706293 -107.7227839243861 143.1 -171.818937122987 3.4508584287319697 239.49046 102.18152 -999.0 -999.0 -999.0 -999.0 -999.0 138.43953723152097 13.005045668515073 138.4648652356309 12.899512642678562 65.81379484113842 141.7277737047395 -999.0 16600.0 -999.0 2 -999 {-999.0 -999.0 -999.0 -999.0 -999.0} "" -999.0 -999.0 -999.0 -999.0 -999 -999 "" "" "" "" 0 0 0.0 0.0 -999 ""
FIBERMAP 1170 R-5C6 BOSS 1 1 0 1 0 0 -134.66691222837068 -107.5124058036148 143.1 -172.2286185934051 4.068463686424627 239.49046 102.18152 138.43762145347372 13.007764404164808 -1.3095933 0.54372233 -1.2522676 138.43761766653492 13.007765936096273 138.46290148805676 12.902313190152462 65.81718484335934 141.72807039922358 5400.0 5400.0 2016.0 1 456 {-999.0 21.09118 20.397087 19.998018 19.739586} sdss_fiber2mag_from_lsdr10 19.837011 20.44529 18.67258 -999.0 63050394818501620 1059074159 dark_flexible_2x2 bhm_spiders_agn_lsdr10 bhm_spiders science 0 0 0.0 0.0 -999 ""
FIBERMAP 1170 R-5C6 METROLOGY 0 0 0 1 0 0 -134.1163677547536 -106.99410848128758 143.1 -171.4739443374336 4.112193186800122 239.49046 102.18152 -999.0 -999.0 -999.0 -999.0 -999.0 138.44111119635392 13.008003495598242 138.46640763798928 12.90252274552547 65.81553572338817 141.72074565998375 -999.0 6231.0 -999.0 -1 -999 {-999.0 -999.0 -999.0 -999.0 -999.0} "" -999.0 -999.0 -999.0 -999.0 -999 -999 "" "" "" "" 0 0 0.0 0.0 -999 ""
FIBERMAP 1172 R-3C6 APOGEE 0 0 0 1 0 0 -164.87220123720218 -58.240142344185514 143.1 -163.74201973934692 61.22109460972245 223.95476 64.538414 -999.0 -999.0 -999.0 -999.0 -999.0 138.47598828684784 13.2676645131047 138.50177742597214 13.162015989169966 66.01590988242535 141.3079624816266 -999.0 16600.0 -999.0 2 -999 {-999.0 -999.0 -999.0 -999.0 -999.0} "" -999.0 -999.0 -999.0 -999.0 -999 -999 "" "" "" "" 0 0 0.0 0.0 -999 ""
FIBERMAP 1172 R-3C6 BOSS 1 1 0 1 0 0 -165.12094808337847 -57.54185926835204 143.1 -163.48432596523833 61.91592801672169 223.95476 64.538414 138.4771728515625 13.270769532847666 -999.0 -999.0 -999.0 138.4771728515625 13.270769532847668 138.50291651745857 13.16519484994201 66.01798679038605 141.30144311272696 5400.0 5400.0 2015.5 1 467 {-999.0 -999.0 -999.0 -999.0 -999.0} "" -999.0 -999.0 -999.0 -999.0 27021603088387221 804881308 "" ops_sky_boss_good ops_sky sky_boss 0 0 0.0 0.0 -999 ""
FIBERMAP 1172 R-3C6 METROLOGY 0 0 0 1 0 0 -164.38666211516775 -57.67364985395651 143.1 -163.00621946314635 61.34349411076769 223.95476 64.538414 -999.0 -999.0 -999.0 -999.0 -999.0 138.47939536832754 13.268203589321113 138.50514727597096 13.162603951446279 66.01463323637284 141.30038686067954 -999.0 6231.0 -999.0 -1 -999 {-999.0 -999.0 -999.0 -999.0 -999.0} "" -999.0 -999.0 -999.0 -999.0 -999 -999 "" "" "" "" 0 0 0.0 0.0 -999 ""
FIBERMAP 1174 R-1C1 APOGEE 0 0 0 1 0 0 -293.9342770715733 -3.2620283844784197 143.1 -227.3510278280801 186.2157662840388 195.39586 33.881783 -999.0 -999.0 -999.0 -999.0 -999.0 138.18199836952192 13.828879147711191 138.2090108081307 13.72362283468528 66.64224853647343 141.14688727593955 -999.0 16600.0 -999.0 2 293 {-999.0 -999.0 -999.0 -999.0 -999.0} "" -999.0 -999.0 -999.0 -999.0 -999 -999 "" ops_sky_apogee_best_unassigned ops_sky sky_apogee 0 0 0.0 0.0 -999 ""
FIBERMAP 1174 R-1C1 BOSS 1 1 0 1 0 0 -293.4942606689881 -2.6691032390121374 143.1 -226.6331432657015 186.387649571507 195.39586 33.881783 138.1853657587875 13.82961674220311 0.72594684 -1.9553086 1.092736 138.18536786519746 13.829611233143462 138.21233004204436 13.724423071687909 66.64116938736555 141.13896201890336 5400.0 5400.0 2016.0 1 425 {-999.0 20.678122 20.002235 19.556803 19.222378} sdss_fiber2mag_from_lsdr10 19.854744 20.361958 18.41753 -999.0 63050394818510063 1059077908 dark_flexible_2x2 bhm_spiders_agn_lsdr10 bhm_spiders science 0 0 0.0 0.0 -999 ""
FIBERMAP 1174 R-1C1 METROLOGY 0 0 0 1 0 0 -293.1951481996043 -3.363512915620632 143.1 -226.84975246478612 185.6634481338008 195.39586 33.881783 -999.0 -999.0 -999.0 -999.0 -999.0 138.18434453507754 13.826373913339914 138.21131547688242 13.721167157819295 66.63897070024701 141.14550876249388 -999.0 6231.0 -999.0 -1 -999 {-999.0 -999.0 -999.0 -999.0 -999.0} "" -999.0 -999.0 -999.0 -999.0 -999 -999 "" "" "" "" 0 0 0.0 0.0 -999 ""
FIBERMAP 1176 R+12C11 APOGEE 0 0 0 1 0 0 79.80649623436945 237.3962346251779 143.1 213.57606463654324 130.6903001972082 24.895859 113.40442 -999.0 -999.0 -999.0 -999.0 -999.0 140.2345068092451 13.583434577188251 140.25975642778275 13.47476660823959 65.31181905173393 137.44825408379356 -999.0 16600.0 -999.0 2 -999 {-999.0 -999.0 -999.0 -999.0 -999.0} "" -999.0 -999.0 -999.0 -999.0 -999 -999 "" "" "" "" 0 0 0.0 0.0 -999 ""
FIBERMAP 1176 R+12C11 BOSS 1 1 0 1 0 0 80.36552089260336 236.9154562165835 143.1 213.69579769742785 129.96294289397238 24.895859 113.40442 140.23514725563638 13.580085091502662 -0.027415898 -0.42274693 0.32386607 140.23514717617076 13.580083900418003 140.26033383272997 13.471491759476738 65.30883401934368 137.45174773824667 5400.0 5400.0 2016.0 1 102 {-999.0 20.360603 20.03477 19.78329 19.56644} sdss_psfmag_from_lsdr10 20.330725 20.061966 19.376478 -999.0 63050394818042379 1059076690 dark_flexible_2x2 bhm_spiders_agn_lsdr10 bhm_spiders science 0 0 0.0 0.0 -999 ""
FIBERMAP 1176 R+12C11 METROLOGY 0 0 0 1 0 0 79.65861264388208 236.66493959293962 143.1 212.99321812814438 130.22481804721724 24.895859 113.40442 -999.0 -999.0 -999.0 -999.0 -999.0 140.2318824273942 13.581310780876526 140.2570894908505 13.472702172615978 65.31166072293577 137.45618137792007 -999.0 6231.0 -999.0 -1 -999 {-999.0 -999.0 -999.0 -999.0 -999.0} "" -999.0 -999.0 -999.0 -999.0 -999 -999 "" "" "" "" 0 0 0.0 0.0 -999 ""
FIBERMAP 1177 R+4C12 APOGEE 0 0 0 1 0 0 12.50581957528434 72.22866697758636 143.1 55.95705848656657 47.32332522178987 343.88174 111.595505 -999.0 -999.0 -999.0 -999.0 -999.0 139.50212654416964 13.207764047884758 139.52716772782492 13.10039019786514 65.41409117000752 139.36444735362036 -999.0 16600.0 -999.0 2 -999 {-999.0 -999.0 -999.0 -999.0 -999.0} "" -999.0 -999.0 -999.0 -999.0 -999 -999 "" "" "" "" 0 0 0.0 0.0 -999 ""
FIBERMAP 1177 R+4C12 BOSS 1 1 0 1 0 0 12.583429034256733 71.48979064961995 143.1 55.542151256907545 46.70725907217825 343.88174 111.595505 139.5002746582031 13.204906705875189 -999.0 -999.0 -999.0 139.5002746582031 13.204906705875189 139.52525782076165 13.0976138476734 65.41284092566997 139.3718961940521 5400.0 5400.0 2015.5 1 115 {-999.0 -999.0 -999.0 -999.0 -999.0} "" -999.0 -999.0 -999.0 -999.0 27021603088172015 816601074 "" ops_sky_boss_good ops_sky sky_boss 0 0 0.0 0.0 -999 ""
FIBERMAP 1177 R+4C12 METROLOGY 0 0 0 1 0 0 11.90165421160304 71.79089284194146 143.1 55.21299040708026 47.375731112703676 343.88174 111.595505 -999.0 -999.0 -999.0 -999.0 -999.0 139.4987108608648 13.207966914403517 139.52371589258928 13.100654134054576 65.41619961537653 139.3707735354175 -999.0 6231.0 -999.0 -1 -999 {-999.0 -999.0 -999.0 -999.0 -999.0} "" -999.0 -999.0 -999.0 -999.0 -999 -999 "" "" "" "" 0 0 0.0 0.0 -999 ""
FIBERMAP 1189 R-13C11 APOGEE 0 0 0 1 0 0 57.12172569518552 -254.32619459936203 143.1 -119.5106454130914 -231.57707644081717 250.00876 35.838905 -999.0 -999.0 -999.0 -999.0 -999.0 138.68993719903992 11.94252594789409 138.7131744684807 11.836783160354482 64.78327817420528 142.57823815807973 -999.0 16600.0 -999.0 2 189 {-999.0 -999.0 -999.0 -999.0 -999.0} "" -999.0 -999.0 -999.0 -999.0 -999 -999 "" ops_sky_apogee_best_unassigned ops_sky sky_apogee 0 0 0.0 0.0 -999 ""
FIBERMAP 1189 R-13C11 BOSS 1 1 0 1 0 0 56.91817774196501 -253.61941440375912 143.1 -119.21285800753377 -230.90475046031995 250.00876 35.838905 138.69136592029815 11.945433306202258 -14.171037 0.880186 1.4744265 138.69132510981868 11.945435786113432 138.71451535967742 11.839772083049102 64.78514207114777 142.5719476586448 5400.0 5400.0 2016.0 1 336 {-999.0 19.36815 19.81606 20.202974 -999.0} sdss_psfmag 19.473774 19.604002 19.723547 -999.0 63050394818026785 1143449492 dark_1x3 mwm_wd_pwd_boss_1x3 mwm_wd science 0 0 0.0 0.0 -999 ""
FIBERMAP 1189 R-13C11 METROLOGY 0 0 0 1 0 0 57.663427164164126 -253.81448927872992 143.1 -118.76698028390805 -231.5327212202634 250.00876 35.838905 -999.0 -999.0 -999.0 -999.0 -999.0 138.69339668424215 11.942649973241272 138.7165954052128 11.836960073696325 64.78168087297 142.5713190319576 -999.0 6231.0 -999.0 -1 -999 {-999.0 -999.0 -999.0 -999.0 -999.0} "" -999.0 -999.0 -999.0 -999.0 -999 -999 "" "" "" "" 0 0 0.0 0.0 -999 ""
FIBERMAP 1190 R+13C5 APOGEE 0 0 0 1 0 0 -44.2914084925915 240.5758985526675 143.1 120.5150168002142 212.8020372325309 340.80475 88.68909 -999.0 -999.0 -999.0 -999.0 -999.0 139.80141529740345 13.956089093671489 139.82761646260565 13.848063423624783 65.86000618303102 137.7462434880757 -999.0 16600.0 -999.0 2 111 {-999.0 -999.0 -999.0 -999.0 -999.0} "" -999.0 -999.0 -999.0 -999.0 -999 -999 "" ops_sky_apogee_best_unassigned ops_sky sky_apogee 0 0 0.0 0.0 -999 ""
FIBERMAP 1190 R+13C5 BOSS 1 1 0 1 0 0 -44.52716884123134 239.8752342676899 143.1 119.88449185218488 212.41644878662967 340.80475 88.68909 139.7985593396099 13.954325419819606 -999.0 -999.0 -999.0 139.7985593396099 13.95432541981961 139.82470421915932 13.846379297794495 65.86028351443564 137.7542622174936 5400.0 5400.0 2016.0 1 85 {-999.0 21.743378 20.843384 20.37657 20.02388} sdss_fiber2mag_from_lsdr10 20.52901 20.659647 19.406166 -999.0 63050394818513935 1059079304 dark_flexible_2x2 bhm_spiders_agn_lsdr10 bhm_spiders science 0 0 0.0 0.0 -999 ""
FIBERMAP 1190 R+13C5 METROLOGY 0 0 0 1 0 0 -45.028925396561064 240.42789108602327 143.1 119.85479457365602 213.16212211425992 340.80475 88.68909 -999.0 -999.0 -999.0 -999.0 -999.0 139.79838488842404 13.95768591656854 139.8245515823357 13.849718302823357 65.86308441118719 137.7498026257277 -999.0 6231.0 -999.0 -1 -999 {-999.0 -999.0 -999.0 -999.0 -999.0} "" -999.0 -999.0 -999.0 -999.0 -999 -999 "" "" "" "" 0 0 0.0 0.0 -999 ""
FIBERMAP 1192 R-11C4 APOGEE 0 0 0 1 0 0 -88.44959206010726 -208.66549952097736 143.1 -201.75361435846787 -103.12332916953791 24.618677 115.40249 -999.0 -999.0 -999.0 -999.0 -999.0 138.3047462532946 12.521214842977063 138.3292655588353 12.416011240453033 65.47326434866514 142.6197592611322 -999.0 16600.0 -999.0 2 164 {-999.0 -999.0 -999.0 -999.0 -999.0} "" -999.0 -999.0 -999.0 -999.0 -999 -999 "" ops_sky_apogee_best_unassigned ops_sky sky_apogee 0 0 0.0 0.0 -999 ""
FIBERMAP 1192 R-11C4 BOSS 1 1 0 1 0 0 -87.87799917295925 -209.13832213155797 143.1 -201.6191417403118 -103.85265876529581 24.618677 115.40249 138.3054220353756 12.517815054233871 -2.5019624 1.8720729 0.38750088 138.3054148144743 12.517820328777999 138.32987749195047 12.412695755447627 65.47012543643288 142.6227063949588 5400.0 5400.0 2016.0 1 349 {-999.0 16.470737 16.123293 15.979822 -999.0} sdss_psfmag 16.387238 16.107332 15.663664 14.929 63050394818498247 976112073 "" ops_std_boss ops_std standard_boss 0 0 0.0 0.0 -999 ""
FIBERMAP 1192 R-11C4 METROLOGY 0 0 0 1 0 0 -88.57230803996194 -209.40306968760913 143.1 -202.32120250034185 -103.60977871890714 24.618677 115.40249 -999.0 -999.0 -999.0 -999.0 -999.0 138.30216493727687 12.518942241394077 138.32664584540998 12.413800483774347 65.47271685205472 142.62779707041452 -999.0 6231.0 -999.0 -1 -999 {-999.0 -999.0 -999.0 -999.0 -999.0} "" -999.0 -999.0 -999.0 -999.0 -999 -999 "" "" "" "" 0 0 0.0 0.0 -999 ""
FIBERMAP 1194 R-7C9 APOGEE 0 0 0 1 0 0 -30.443889695132984 -148.74823455338412 143.1 -118.8320267020973 -94.44729821092294 284.88623 117.1797 -999.0 -999.0 -999.0 -999.0 -999.0 138.68804946609825 12.561031903563498 138.71241408314995 12.455165021357269 65.30911393453965 141.8068671664382 -999.0 16600.0 -999.0 2 171 {-999.0 -999.0 -999.0 -999.0 -999.0} "" -999.0 -999.0 -999.0 -999.0 -999 -999 "" ops_sky_apogee_best_unassigned ops_sky sky_apogee 0 0 0.0 0.0 -999 ""
FIBERMAP 1194 R-7C9 BOSS 1 1 0 1 0 0 -31.01320960171216 -149.22575427359638 143.1 -119.57490893899121 -94.4477233181687 284.88623 117.1797 138.68460247127743 12.560916425983976 0.7691705 -2.4756918 0.32208017 138.684604691548 12.560909450750462 138.7089198418205 12.455127961522033 65.31089914595282 141.81382865335155 5400.0 5400.0 2016.0 1 388 {-999.0 17.20087 16.829777 16.675423 -999.0} sdss_psfmag 17.129333 16.821186 16.385935 15.594 63050394818031474 976570454 "" ops_std_boss ops_std standard_boss 0 0 0.0 0.0 -999 ""
FIBERMAP 1194 R-7C9 METROLOGY 0 0 0 1 0 0 -31.1456592573369 -148.4918744014652 143.1 -119.20523641605823 -93.8002769673014 284.88623 117.1797 -999.0 -999.0 -999.0 -999.0 -999.0 138.68629710792342 12.563879719081081 138.71063127083937 12.458072199882029 65.31250166032987 141.8066889799999 -999.0 6231.0 -999.0 -1 -999 {-999.0 -999.0 -999.0 -999.0 -999.0} "" -999.0 -999.0 -999.0 -999.0 -999 -999 "" "" "" "" 0 0 0.0 0.0 -999 ""
FIBERMAP 1200 R+2C7 APOGEE 0 0 0 1 0 0 -135.2689837762564 17.06363323319065 143.1 -92.70803844510586 99.92393050549677 337.1629 28.315023 -999.0 -999.0 -999.0 -999.0 -999.0 138.80639938298705 13.445344858072975 138.83230926729772 13.33909690147807 65.98889539947382 140.4074091783821 -999.0 16600.0 -999.0 2 146 {-999.0 -999.0 -999.0 -999.0 -999.0} "" -999.0 -999.0 -999.0 -999.0 -999 -999 "" ops_sky_apogee_best_unassigned ops_sky sky_apogee 0 0 0.0 0.0 -999 ""
FIBERMAP 1200 R+2C7 BOSS 1 1 0 1 0 0 -136.00408264032282 16.96345591401334 143.1 -93.33569905319605 100.31911758494637 337.1629 28.315023 138.80349690413968 13.447113301899961 -6.46538 -8.655735 0.22888464 138.80347817453392 13.447088914464214 138.82934150238162 13.340921523495409 65.9920087241136 140.41086290333428 5400.0 5400.0 2016.0 1 47 {-999.0 18.095648 17.682787 17.60166 -999.0} sdss_psfmag 17.995995 17.70571 17.24401 -999.0 63050394818502863 976112061 "" ops_std_boss ops_std standard_boss 0 0 0.0 0.0 -999 ""
FIBERMAP 1200 R+2C7 METROLOGY 0 0 0 1 0 0 -135.720738592152 17.65672305846353 143.1 -92.67345752186611 100.6684869036545 337.1629 28.315023 -999.0 -999.0 -999.0 -999.0 -999.0 138.80655982688128 13.448704893119592 138.83243885753393 13.342510407450495 65.99167497348944 140.40252969725566 -999.0 6231.0 -999.0 -1 -999 {-999.0 -999.0 -999.0 -999.0 -999.0} "" -999.0 -999.0 -999.0 -999.0 -999 -999 "" "" "" "" 0 0 0.0 0.0 -999 ""
FIBERMAP 1203 R-3C1 APOGEE 0 0 0 1 0 0 -265.9109566126081 -51.089543903546144 143.1 -236.58220305982627 131.57121543679702 120.077805 133.7341 -999.0 -999.0 -999.0 -999.0 -999.0 138.13901772171178 13.582761469436464 138.16559951626738 13.477628367543614 66.45803438999248 141.57006522584263 -999.0 16600.0 -999.0 2 269 {-999.0 -999.0 -999.0 -999.0 -999.0} "" -999.0 -999.0 -999.0 -999.0 -999 -999 "" ops_sky_apogee_best_unassigned ops_sky sky_apogee 0 0 0.0 0.0 -999 ""
FIBERMAP 1203 R-3C1 BOSS 1 1 0 1 0 0 -265.71463774059936 -50.38558271398827 143.1 -235.97978738648106 131.98465321273437 120.077805 133.7341 138.14183373422333 13.584585602606719 -999.0 -999.0 -999.0 138.14183373422333 13.584585602606722 138.1683678871956 13.479522335338704 66.45818442274305 141.56183269261186 5400.0 5400.0 2016.0 1 496 {-999.0 20.987465 19.816257 19.364126 19.020473} sdss_fiber2mag_from_lsdr10 19.947067 20.478804 18.258142 15.847 63050394818508723 1058145150 dark_flexible_2x2 bhm_spiders_clusters_lsdr10 bhm_spiders science 0 0 0.0 0.0 -999 ""
FIBERMAP 1203 R-3C1 METROLOGY 0 0 0 1 0 0 -265.1919590301848 -50.90422651737544 143.1 -235.9122189111102 131.25161305563483 120.077805 133.7341 -999.0 -999.0 -999.0 -999.0 -999.0 138.14212901678007 13.581307781216406 138.1686709036781 13.47622340114783 66.45524425928483 141.5656501700165 -999.0 6231.0 -999.0 -1 -999 {-999.0 -999.0 -999.0 -999.0 -999.0} "" -999.0 -999.0 -999.0 -999.0 -999 -999 "" "" "" "" 0 0 0.0 0.0 -999 ""
FIBERMAP 1207 R-4C13 APOGEE 0 0 0 1 0 0 10.39907390639015 -66.36075214290688 143.1 -34.63648331508379 -57.53215208523318 160.25928 90.642586 -999.0 -999.0 -999.0 -999.0 -999.0 139.07952573894644 12.729600032009559 139.1039617649467 12.623034762230795 65.24477428948761 140.8206569891187 -999.0 16600.0 -999.0 2 -999 {-999.0 -999.0 -999.0 -999.0 -999.0} "" -999.0 -999.0 -999.0 -999.0 -999 -999 "" "" "" "" 0 0 0.0 0.0 -999 ""
FIBERMAP 1207 R-4C13 BOSS 1 1 0 1 0 0 10.616631734329125 -65.67035485129297 143.1 -34.02649963157984 -57.142745129133715 160.25928 90.642586 139.08240223974403 12.731268285980946 -999.0 -999.0 -999.0 139.08240223974403 12.731268285980946 139.106786919504 12.624776829472028 65.24473458438044 140.8128694910018 5400.0 5400.0 2016.0 1 363 {-999.0 21.651592 21.573795 21.142088 20.819231} sdss_fiber2mag_from_lsdr10 1e+20 1e+20 1e+20 -999.0 63050398960758794 1059072872 dark_flexible_2x2 bhm_spiders_agn_lsdr10 bhm_spiders science 0 0 0.0 0.0 -999 ""
FIBERMAP 1207 R-4C13 METROLOGY 0 0 0 1 0 0 11.130227862083395 -66.21217262350422 143.1 -33.98077006049676 -57.88771334869113 160.25928 90.642586 -999.0 -999.0 -999.0 -999.0 -999.0 139.08261381940497 12.727905724198326 139.1070072339873 12.621392217481556 65.24177858567339 140.8168394507553 -999.0 6231.0 -999.0 -1 -999 {-999.0 -999.0 -999.0 -999.0 -999.0} "" -999.0 -999.0 -999.0 -999.0 -999 -999 "" "" "" "" 0 0 0.0 0.0 -999 ""
FIBERMAP 1208 R-3C19 APOGEE 0 0 0 1 0 0 157.5596900240972 -77.02359801445851 143.1 71.2942334644535 -160.18566079199587 28.872774 2.9261045 -999.0 -999.0 -999.0 -999.0 -999.0 139.57352563228764 12.264572376474582 139.59682688998788 12.157273114362251 64.59173874903564 140.46907357005995 -999.0 16600.0 -999.0 2 -999 {-999.0 -999.0 -999.0 -999.0 -999.0} "" -999.0 -999.0 -999.0 -999.0 -999 -999 "" "" "" "" 0 0 0.0 0.0 -999 ""
FIBERMAP 1208 R-3C19 BOSS 1 1 0 1 0 0 156.95903561727695 -77.43053912990435 143.1 70.57265183752816 -160.1118801504844 28.872774 2.9261045 139.57025241542505 12.264765141832665 -999.0 -999.0 -999.0 139.57025241542505 12.264765141832667 139.59350156196763 12.157552507597956 64.59375217581993 140.4750573007658 5400.0 5400.0 2016.0 1 289 {-999.0 20.915918 20.753525 20.564638 20.388468} sdss_psfmag_from_lsdr10 21.446192 21.0172 20.238586 -999.0 63050394818024512 1059070164 dark_flexible_2x2 bhm_spiders_agn_lsdr10 bhm_spiders science 0 0 0.0 0.0 -999 ""
FIBERMAP 1208 R-3C19 METROLOGY 0 0 0 1 0 0 156.89127945703802 -76.69210247247429 143.1 70.9948278649799 -159.5024770895287 28.872774 2.9261045 -999.0 -999.0 -999.0 -999.0 -999.0 139.5721986176425 12.267557126699733 139.59546706877632 12.160317643023951 64.59501422523101 140.46778109719244 -999.0 6231.0 -999.0 -1 -999 {-999.0 -999.0 -999.0 -999.0 -999.0} "" -999.0 -999.0 -999.0 -999.0 -999 -999 "" "" "" "" 0 0 0.0 0.0 -999 ""
FIBERMAP 1213 R+9C2 APOGEE 0 0 0 1 0 0 -186.9387418728881 169.55829738237122 143.1 -34.39851844579439 249.9620116722859 241.1713 62.33624 -999.0 -999.0 -999.0 -999.0 -999.0 139.07813685992693 14.123261439419348 139.10511601378545 14.016416434296579 66.40152671759517 138.92334725373033 -999.0 16600.0 -999.0 2 -999 {-999.0 -999.0 -999.0 -999.0 -999.0} "" -999.0 -999.0 -999.0 -999.0 -999 -999 "" "" "" "" 0 0 0.0 0.0 -999 ""
FIBERMAP 1213 R+9C2 BOSS 1 1 0 1 0 0 -187.35088847691392 170.18176902318876 143.1 -34.314077607007796 250.70442139670703 241.1713 62.33624 139.0781908485417 14.126527606230237 -2.980816 -1.7083467 0.16088694 139.07857906690043 14.126522792982598 139.10551144964836 14.019749739228459 66.40404811366594 138.9178170653739 5400.0 5400.0 2016.0 1 19 {-999.0 15.826069 15.31328 15.087271 -999.0} sdss_psfmag 15.686654 15.300724 14.735381 13.587 63050394818515913 1133101056 dark_flexible_3x1 mwm_halo_mp_xp_boss_triple mwm_halo science 0 0 1.3855561017990112 0.0 -999 ""
FIBERMAP 1213 R+9C2 METROLOGY 0 0 0 1 0 0 -186.60330130350792 170.2247368806947 143.1 -33.71357696135282 250.2573739027824 241.1713 62.33624 -999.0 -999.0 -999.0 -999.0 -999.0 139.0813682399536 14.12455507684675 139.10831010747012 14.017756915869446 66.4008636271399 138.91507725881982 -999.0 6231.0 -999.0 -1 -999 {-999.0 -999.0 -999.0 -999.0 -999.0} "" -999.0 -999.0 -999.0 -999.0 -999 -999 "" "" "" "" 0 0 0.0 0.0 -999 ""
FIBERMAP 1215 R-1C15 APOGEE 0 0 0 1 0 0 29.154535037366493 -38.342450603553445 143.1 -2.2745398251865003 -48.1019436188081 302.16138 62.61282 -999.0 -999.0 -999.0 -999.0 -999.0 139.23054302933485 12.772809499336695 139.25496561932272 12.665980691411265 65.2002225200213 140.47022568218839 -999.0 16600.0 -999.0 2 -999 {-999.0 -999.0 -999.0 -999.0 -999.0} "" -999.0 -999.0 -999.0 -999.0 -999 -999 "" "" "" "" 0 0 0.0 0.0 -999 ""
FIBERMAP 1215 R-1C15 BOSS 1 1 0 1 0 0 28.417061237605225 -38.42107856955887 143.1 -2.8901850620626304 -47.688717392533505 302.16138 62.61282 139.22766853567197 12.774635605624326 16.36501 -19.528088 3.017562 139.22771581415816 12.774580585455146 139.25208996720693 12.667835120339578 65.20331202896762 140.47339338884893 5400.0 5400.0 2016.0 1 272 {-999.0 19.02661 19.519415 19.539103 -999.0} sdss_psfmag 19.164885 19.124521 19.253637 -999.0 63050394818031954 1143449586 dark_1x3 mwm_wd_pwd_boss_1x3 mwm_wd science 0 0 0.0 0.0 -999 ""
FIBERMAP 1215 R-1C15 METROLOGY 0 0 0 1 0 0 28.715667366907038 -37.739079119028936 143.1 -2.2234816622207405 -47.35778184317897 302.16138 62.61282 -999.0 -999.0 -999.0 -999.0 -999.0 139.23081233079628 12.776120385364651 139.25520271630182 12.669346993217234 65.2029101668347 140.46536164151263 -999.0 6231.0 -999.0 -1 -999 {-999.0 -999.0 -999.0 -999.0 -999.0} "" -999.0 -999.0 -999.0 -999.0 -999 -999 "" "" "" "" 0 0 0.0 0.0 -999 ""
FIBERMAP 1222 R+1C10 APOGEE 0 0 0 1 0 0 -62.697372791557335 13.483415285032178 143.1 -39.39136352503709 50.58683028098188 8.525904 85.03071 -999.0 -999.0 -999.0 -999.0 -999.0 139.05606099759103 13.221967179116694 139.08140652987169 13.115341148632412 65.66849824067168 140.21490396233702 -999.0 16600.0 -999.0 2 -999 {-999.0 -999.0 -999.0 -999.0 -999.0} "" -999.0 -999.0 -999.0 -999.0 -999 -999 "" "" "" "" 0 0 0.0 0.0 -999 ""
FIBERMAP 1222 R+1C10 BOSS 1 1 0 1 0 0 -62.630134958134796 12.731809853593893 143.1 -39.822391565294986 49.96766810587232 8.525904 85.03071 139.05335235658444 13.219227612349668 70.675476 -47.773598 1.1584353 139.05408168280084 13.219093010699643 139.07937065401325 13.112547931343821 65.66726532503651 140.22266028589814 5400.0 5400.0 2016.0 1 30 {-999.0 14.147168 13.903257 13.816528 -999.0} sdss_psfmag_from_g3xp 14.124399 13.887075 13.489592 12.805 63050394818502292 1135927740 dark_flexible_3x1 mwm_halo_local_high_boss_triple mwm_halo science 0 0 1.8391444683074951 0.0 -999 ""
FIBERMAP 1222 R+1C10 METROLOGY 0 0 0 1 0 0 -63.30736217527061 13.053793437043854 143.1 -40.134660804543564 50.649222897461726 8.525904 85.03071 -999.0 -999.0 -999.0 -999.0 -999.0 139.052603408308 13.222208718039987 139.0779139880715 13.11564365932675 65.67062956336318 140.2213799560499 -999.0 6231.0 -999.0 -1 -999 {-999.0 -999.0 -999.0 -999.0 -999.0} "" -999.0 -999.0 -999.0 -999.0 -999 -999 "" "" "" "" 0 0 0.0 0.0 -999 ""
FIBERMAP 1226 R+8C2 APOGEE 0 0 0 1 0 0 -157.51927443328339 158.82576986375898 143.1 -18.743534360354165 222.84885250851593 89.84268 11.699279 -999.0 -999.0 -999.0 -999.0 -999.0 139.15135155974986 14.002165073193947 139.17806106042133 13.895220563072106 66.2615844570183 138.95018645914325 -999.0 16600.0 -999.0 2 -999 {-999.0 -999.0 -999.0 -999.0 -999.0} "" -999.0 -999.0 -999.0 -999.0 -999 -999 "" "" "" "" 0 0 0.0 0.0 -999 ""
FIBERMAP 1226 R+8C2 BOSS 1 1 0 1 0 0 -157.3574610593662 158.09927196692007 143.1 -19.085964506746304 222.18821085059952 89.84268 11.699279 139.14979566228777 13.999188537518421 3.1886618 -9.461509 2.7177427 139.14980492130584 13.999161879824845 139.17645700685853 13.89229452668637 66.26006359277591 138.9575019150402 5400.0 5400.0 2016.0 1 69 {-999.0 21.890383 20.99923 20.329199 -999.0} sdss_psfmag 20.85907 20.840895 20.048065 -999.0 63050394818515518 1092174853 dark_flexible_2x1 mwm_cb_galex_mag_boss mwm_cb science 0 0 0.0 0.0 -999 ""
FIBERMAP 1226 R+8C2 METROLOGY 0 0 0 1 0 0 -158.06401111834063 158.31594251605722 143.1 -19.48831980771958 222.80788518366285 89.84268 11.699279 -999.0 -999.0 -999.0 -999.0 -999.0 139.14790706630993 14.001949234907013 139.17458069249034 13.895063534504992 66.26337709746477 138.95731112285299 -999.0 6231.0 -999.0 -1 -999 {-999.0 -999.0 -999.0 -999.0 -999.0} "" -999.0 -999.0 -999.0 -999.0 -999 -999 "" "" "" "" 0 0 0.0 0.0 -999 ""
FIBERMAP 1229 R-10C17 APOGEE 0 0 0 1 0 0 195.68917173257714 -192.3247959898073 143.1 26.487562706115273 -273.0271987796128 31.759491 88.70058 -999.0 -999.0 -999.0 -999.0 -999.0 139.36531447079952 11.757650785288396 139.38782952615287 11.650805606663841 64.27640528250495 141.50253479766 -999.0 16600.0 -999.0 2 188 {-999.0 -999.0 -999.0 -999.0 -999.0} "" -999.0 -999.0 -999.0 -999.0 -999 -999 "" ops_sky_apogee_best_unassigned ops_sky sky_apogee 0 0 0.0 0.0 -999 ""
FIBERMAP 1229 R-10C17 BOSS 1 1 0 1 0 0 196.05192981118623 -192.95633045808285 143.1 26.36009633888363 -273.7440783734001 31.759491 88.70058 139.36477849323313 11.754381561109222 -999.0 -999.0 -999.0 139.36477849323313 11.754381561109223 139.38723422746645 11.647621161500023 64.2740252553784 141.5075907779811 5400.0 5400.0 2016.0 1 329 {-999.0 21.226591 21.272562 21.23927 -999.0} sdss_psfmag -999.0 -999.0 -999.0 -999.0 63050398245739839 1055503052 dark_flexible_2x2 bhm_csc_boss bhm_csc science 0 0 0.0 0.0 -999 ""
FIBERMAP 1229 R-10C17 METROLOGY 0 0 0 1 0 0 195.31294393190532 -192.96746550794057 143.1 25.78662502551808 -273.27815810775564 31.759491 88.70058 -999.0 -999.0 -999.0 -999.0 -999.0 139.3621160885666 11.756469602552404 139.38459239009177 11.649689647333672 64.27715631716981 141.5100830681697 -999.0 6231.0 -999.0 -1 -999 {-999.0 -999.0 -999.0 -999.0 -999.0} "" -999.0 -999.0 -999.0 -999.0 -999 -999 "" "" "" "" 0 0 0.0 0.0 -999 ""
FIBERMAP 1232 R-4C22 APOGEE 0 0 0 1 0 0 206.01318829752717 -71.20687187465224 143.1 112.16113127033469 -186.8367737629766 202.79582 66.28551 -999.0 -999.0 -999.0 -999.0 -999.0 139.7625896003282 12.144974709419804 139.785564918734 12.037385107861052 64.3902637769072 140.2634887366196 -999.0 16600.0 -999.0 2 -999 {-999.0 -999.0 -999.0 -999.0 -999.0} "" -999.0 -999.0 -999.0 -999.0 -999 -999 "" "" "" "" 0 0 0.0 0.0 -999 ""
FIBERMAP 1232 R-4C22 BOSS 1 1 0 1 0 0 206.01027079696235 -70.46777385234863 143.1 112.63342105901465 -186.2684924498629 202.79582 66.28551 139.764861482178 12.147424724453735 0.9720068 -0.18916729 0.25324023 139.7648642835198 12.147424191477029 139.78778749799108 12.039912090909946 64.39117991566643 140.25607389147294 5400.0 5400.0 2016.0 1 322 {-999.0 21.009716 20.819105 20.452932 20.266802} sdss_fiber2mag_from_lsdr10 20.077753 20.155209 19.511585 -999.0 63050394818024074 1059070166 dark_flexible_2x2 bhm_spiders_agn_lsdr10 bhm_spiders science 0 0 0.0 0.0 -999 ""
FIBERMAP 1232 R-4C22 METROLOGY 0 0 0 1 0 0 206.65971172417517 -70.83448841730338 143.1 112.89567747535136 -186.96648712777954 202.79582 66.28551 -999.0 -999.0 -999.0 -999.0 -999.0 139.76604227771367 12.144317458798195 139.7889749359117 12.036780874054845 64.38792587521684 140.25781170793542 -999.0 6231.0 -999.0 -1 -999 {-999.0 -999.0 -999.0 -999.0 -999.0} "" -999.0 -999.0 -999.0 -999.0 -999 -999 "" "" "" "" 0 0 0.0 0.0 -999 ""
FIBERMAP 1240 R+7C16 APOGEE 0 0 0 1 0 0 119.41119551277649 152.74624840808463 143.1 189.57902941001853 40.391196427996555 132.72481 83.0231 -999.0 -999.0 -999.0 -999.0 -999.0 140.1243513873523 13.17530276653176 140.14894286828962 13.066900219901623 65.0420954964555 138.22099195618185 -999.0 16600.0 -999.0 2 66 {-999.0 -999.0 -999.0 -999.0 -999.0} "" -999.0 -999.0 -999.0 -999.0 -999 -999 "" ops_sky_apogee_best_unassigned ops_sky sky_apogee 0 0 0.0 0.0 -999 ""
FIBERMAP 1240 R+7C16 BOSS 1 1 0 1 0 0 120.01140748883739 153.17734781754586 143.1 190.31578241155228 40.336213563860014 132.72481 83.0231 140.12786865234372 13.174974934376863 -999.0 -999.0 -999.0 140.12786865234372 13.174974934376863 140.1524011098444 13.06664442445044 65.0399486290596 138.21480991116402 5400.0 5400.0 2015.5 1 201 {-999.0 -999.0 -999.0 -999.0 -999.0} "" -999.0 -999.0 -999.0 -999.0 27021603088171371 804852151 "" ops_sky_boss_good ops_sky sky_boss 0 0 0.0 0.0 -999 ""
FIBERMAP 1240 R+7C16 METROLOGY 0 0 0 1 0 0 120.09968023630212 152.4433289558426 143.1 189.91216565454243 39.7170237488442 132.72481 83.0231 -999.0 -999.0 -999.0 -999.0 -999.0 140.12597477682382 13.172190999390397 140.15051944842446 13.063842155567924 65.03871054278858 138.22218258422257 -999.0 6231.0 -999.0 -1 -999 {-999.0 -999.0 -999.0 -999.0 -999.0} "" -999.0 -999.0 -999.0 -999.0 -999 -999 "" "" "" "" 0 0 0.0 0.0 -999 ""
FIBERMAP 1241 R+7C13 APOGEE 0 0 0 1 0 0 63.578393853976834 141.3733237202591 143.1 139.48973330226158 67.52207280145826 2.764272 145.92838 -999.0 -999.0 -999.0 -999.0 -999.0 139.89179690557728 13.299180798506985 139.91675713432454 13.191138234850206 65.27358603327815 138.4921363565013 -999.0 16600.0 -999.0 2 48 {-999.0 -999.0 -999.0 -999.0 -999.0} "" -999.0 -999.0 -999.0 -999.0 -999 -999 "" ops_sky_apogee_best_unassigned ops_sky sky_apogee 0 0 0.0 0.0 -999 ""
FIBERMAP 1241 R+7C13 BOSS 1 1 0 1 0 0 64.21721060468225 140.98818338172507 143.1 139.7320179129498 66.81677859788988 2.764272 145.92838 139.89303588867188 13.295921864024123 -999.0 -999.0 -999.0 139.89303588867188 13.295921864024123 139.91793410705668 13.187955063839523 65.27031990395747 138.49424530430318 5400.0 5400.0 2015.5 1 150 {-999.0 -999.0 -999.0 -999.0 -999.0} "" -999.0 -999.0 -999.0 -999.0 27021603088172314 804852222 "" ops_sky_boss_good ops_sky sky_boss 0 0 0.0 0.0 -999 ""
FIBERMAP 1241 R+7C13 METROLOGY 0 0 0 1 0 0 63.56348655960867 140.62472668340487 143.1 138.99768478745764 66.95795602697379 2.764272 145.92838 -999.0 -999.0 -999.0 -999.0 -999.0 139.88959263008104 13.296589486907129 139.91450997886398 13.188606402253674 65.27276204629726 138.49988966202238 -999.0 6231.0 -999.0 -1 -999 {-999.0 -999.0 -999.0 -999.0 -999.0} "" -999.0 -999.0 -999.0 -999.0 -999 -999 "" "" "" "" 0 0 0.0 0.0 -999 ""
FIBERMAP 1251 R+6C7 APOGEE 0 0 0 1 0 0 -84.98893159147964 109.28681034810982 143.1 5.03446754569227 138.31774065850004 254.47838 157.23831 -999.0 -999.0 -999.0 -999.0 -999.0 139.26318553907458 13.621072498513211 139.28912733277747 13.514016085786492 65.88633782476165 139.26355006769936 -999.0 16600.0 -999.0 2 100 {-999.0 -999.0 -999.0 -999.0 -999.0} "" -999.0 -999.0 -999.0 -999.0 -999 -999 "" ops_sky_apogee_best_unassigned ops_sky sky_apogee 0 0 0.0 0.0 -999 ""
FIBERMAP 1251 R+6C7 BOSS 1 1 0 1 0 0 -85.4631173474519 108.7143913388691 143.1 4.303562904728918 138.18351012609065 254.47838 157.23831 139.25982127409105 13.620439900349895 -999.0 -999.0 -999.0 139.25982127409105 13.620439900349897 139.2857109305412 13.513464770509191 65.88775723257328 139.27102405606882 5400.0 5400.0 2016.0 1 66 {-999.0 21.258629 20.86898 20.50227 20.194801} sdss_psfmag_from_gaiadr2 21.138214 20.98405 20.023945 -999.0 63050394818513332 1129194803 dark_flexible_3x1 bhm_gua_dark_d3 bhm_filler science 0 0 0.0 0.0 -999 ""
FIBERMAP 1251 R+6C7 METROLOGY 0 0 0 1 0 0 -85.72810249210326 109.44611075620311 143.1 4.570279697820553 138.91439302198305 254.47838 157.23831 -999.0 -999.0 -999.0 -999.0 -999.0 139.26104793557235 13.62376488209311 139.28695796604967 13.516765612381032 65.8897980396748 139.26401398083567 -999.0 6231.0 -999.0 -1 -999 {-999.0 -999.0 -999.0 -999.0 -999.0} "" -999.0 -999.0 -999.0 -999.0 -999 -999 "" "" "" "" 0 0 0.0 0.0 -999 ""
FIBERMAP 1252 R+13C7 APOGEE 0 0 0 1 0 0 -2.8793269969352 245.10243185947462 143.1 155.1573740512869 189.68300902768632 303.60977 133.52763 -999.0 -999.0 -999.0 -999.0 -999.0 139.96293034438668 13.851225741292561 139.98883668401464 13.742952708863411 65.6833172479225 137.5856485480273 -999.0 16600.0 -999.0 2 46 {-999.0 -999.0 -999.0 -999.0 -999.0} "" -999.0 -999.0 -999.0 -999.0 -999 -999 "" ops_sky_apogee_best_unassigned ops_sky sky_apogee 0 0 0.0 0.0 -999 ""
FIBERMAP 1252 R+13C7 BOSS 1 1 0 1 0 0 -3.0112561747858573 244.3745390996407 143.1 154.58893858840483 189.20989094523947 303.60977 133.52763 139.96037659122769 13.849064061001867 -999.0 -999.0 -999.0 139.96037659122769 13.849064061001869 139.9862251626396 13.740870655573524 65.68310789284601 137.59360192661276 5400.0 5400.0 2016.0 1 167 {-999.0 nan nan nan nan} undefined 1e+20 1e+20 1e+20 -999.0 63050398245696592 1059077924 dark_flexible_2x2 bhm_spiders_agn_lsdr10 bhm_spiders science 0 0 0.0 0.0 -999 ""
FIBERMAP 1252 R+13C7 METROLOGY 0 0 0 1 0 0 -3.5819338266883145 244.8560421374384 143.1 154.46074048549548 189.9452851796238 303.60977 133.52763 -999.0 -999.0 -999.0 -999.0 -999.0 139.95974407296345 13.852389584354482 139.98561483481012 13.74417530510558 65.68613706052541 137.59008555393052 -999.0 6231.0 -999.0 -1 -999 {-999.0 -999.0 -999.0 -999.0 -999.0} "" -999.0 -999.0 -999.0 -999.0 -999 -999 "" "" "" "" 0 0 0.0 0.0 -999 ""
FIBERMAP 1254 R+2C6 APOGEE 0 0 0 1 0 0 -169.72092209027403 46.467109769035844 143.1 -100.23228648741339 144.57659621943253 163.37346 101.93512 -999.0 -999.0 -999.0 -999.0 -999.0 138.7710191388577 13.64752429618323 138.79732251343148 13.54129579291055 66.1762618946275 140.2019822954063 -999.0 16600.0 -999.0 2 -999 {-999.0 -999.0 -999.0 -999.0 -999.0} "" -999.0 -999.0 -999.0 -999.0 -999 -999 "" "" "" "" 0 0 0.0 0.0 -999 ""
FIBERMAP 1254 R+2C6 BOSS 1 1 0 1 0 0 -169.67722633988285 47.184343977067 143.1 -99.73831190698209 145.09819492228468 163.37346 101.93512 138.77334104641145 13.64986877793498 -999.0 -999.0 -999.0 138.77334104641145 13.64986877793498 138.79959581363258 13.543710963541379 66.17704938527604 140.19411512866444 5400.0 5400.0 2016.0 1 48 {-999.0 21.714163 20.51843 19.868477 19.434832} sdss_fiber2mag_from_lsdr10 1e+20 1e+20 1e+20 15.596 63050398960641825 1067790171 dark_flexible_2x2 bhm_colr_galaxies_lsdr10 bhm_filler science 0 0 0.0 0.0 -999 ""
FIBERMAP 1254 R+2C6 METROLOGY 0 0 0 1 0 0 -169.04949356022288 46.79244914498831 143.1 -99.50885811412864 144.39484068845888 163.37346 101.93512 -999.0 -999.0 -999.0 -999.0 -999.0 138.77440528012073 13.646706609578308 138.80066818513046 13.540526343832036 66.1738202780974 140.19633141587332 -999.0 6231.0 -999.0 -1 -999 {-999.0 -999.0 -999.0 -999.0 -999.0} "" -999.0 -999.0 -999.0 -999.0 -999 -999 "" "" "" "" 0 0 0.0 0.0 -999 ""
FIBERMAP 1256 R-7C15 APOGEE 0 0 0 1 0 0 119.51308134979476 -138.89809527623694 143.1 2.4116998482667413 -183.17602260856134 33.932224 66.30155 -999.0 -999.0 -999.0 -999.0 -999.0 139.25347766975605 12.160030758395788 139.27678048362628 12.053289657960484 64.67436632571264 141.21423166851076 -999.0 16600.0 -999.0 2 -999 {-999.0 -999.0 -999.0 -999.0 -999.0} "" -999.0 -999.0 -999.0 -999.0 -999 -999 "" "" "" "" 0 0 0.0 0.0 -999 ""
FIBERMAP 1256 R-7C15 BOSS 1 1 0 1 0 0 119.61390026913605 -139.7312551935118 143.1 1.9540459879720582 -183.8792442880315 33.932224 66.30155 139.25141101002833 12.156719911887539 -999.0 -999.0 -999.0 139.25141101002833 12.15671991188754 139.27465577131238 12.050064441589072 64.67276782954156 141.2223848217002 5400.0 5400.0 2016.0 1 317 {-999.0 23.78999 22.349957 21.267841 20.716019} sdss_fiber2mag_from_lsdr10 1e+20 1e+20 1e+20 -999.0 63050398960704163 1059070155 dark_flexible_2x2 bhm_spiders_agn_lsdr10 bhm_spiders science 0 0 0.0 0.0 -999 ""
FIBERMAP 1256 R-7C15 METROLOGY 0 0 0 1 0 0 118.95158409949474 -139.3894025308316 143.1 1.66596045077187 -183.19203620706142 33.932224 66.30155 -999.0 -999.0 -999.0 -999.0 -999.0 139.25005207028605 12.159850355366464 139.27331842649158 12.05317342485064 64.67609184805059 141.2210472370411 -999.0 6231.0 -999.0 -1 -999 {-999.0 -999.0 -999.0 -999.0 -999.0} "" -999.0 -999.0 -999.0 -999.0 -999 -999 "" "" "" "" 0 0 0.0 0.0 -999 ""
FIBERMAP 1260 R+1C4 APOGEE 0 0 0 1 0 0 -208.54854805987637 30.928971137950178 143.1 -139.9638632249731 157.59756779109125 64.51073 121.409996 -999.0 -999.0 -999.0 -999.0 -999.0 138.5859259826684 13.70497320898054 138.61245256297173 13.599048752354879 66.32361719749758 140.49489908468072 -999.0 16600.0 -999.0 2 -999 {-999.0 -999.0 -999.0 -999.0 -999.0} "" -999.0 -999.0 -999.0 -999.0 -999 -999 "" "" "" "" 0 0 0.0 0.0 -999 ""
FIBERMAP 1260 R+1C4 BOSS 1 1 0 1 0 0 -207.81195193804433 31.03171623716517 143.1 -139.33340659201144 157.20338724180587 64.51073 121.409996 138.58887581563337 13.703178541787922 0.42546886 0.14788595 0.029890632 138.5888770495081 13.703178958454899 138.61534764472725 13.59732462120456 66.32062894339742 140.49141161838878 5400.0 5400.0 2016.0 1 62 {-999.0 20.308628 19.816942 19.413046 19.137806} sdss_fiber2mag_from_lsdr10 19.5255 19.707457 18.473503 -999.0 63050394818504777 1059077914 dark_flexible_2x2 bhm_spiders_agn_lsdr10 bhm_spiders science 0 0 0.0 0.0 -999 ""
FIBERMAP 1260 R+1C4 METROLOGY 0 0 0 1 0 0 -208.0918670287095 30.33896739534838 143.1 -139.99268757224814 156.8522136193601 64.51073 121.409996 -999.0 -999.0 -999.0 -999.0 -999.0 138.58580247734193 13.701581823925046 138.61228653079013 13.595711864415337 66.32091986232913 140.49980730918256 -999.0 6231.0 -999.0 -1 -999 {-999.0 -999.0 -999.0 -999.0 -999.0} "" -999.0 -999.0 -999.0 -999.0 -999 -999 "" "" "" "" 0 0 0.0 0.0 -999 ""
FIBERMAP 1265 R+5C6 APOGEE 0 0 0 1 0 0 -137.25142796778806 105.94667508949196 143.1 -37.161404007900735 169.31229443419576 173.34592 83.88836 -999.0 -999.0 -999.0 -999.0 -999.0 139.06555394720937 13.760828838359963 139.09187725021013 13.654077832016938 66.11007837148614 139.45897277427397 -999.0 16600.0 -999.0 2 -999 {-999.0 -999.0 -999.0 -999.0 -999.0} "" -999.0 -999.0 -999.0 -999.0 -999 -999 "" "" "" "" 0 0 0.0 0.0 -999 ""
FIBERMAP 1265 R+5C6 BOSS 1 1 0 1 0 0 -137.14760012011624 106.6681421007667 143.1 -36.618629560225315 169.7985301332464 173.34592 83.88836 139.0681426836076 13.763035456596118 -4.4677143 -7.686359 1.6536003 139.06812972377122 13.763013800366835 139.0944027897388 13.656332830582405 66.11056225217348 139.45083012429168 5400.0 5400.0 2016.0 1 50 {-999.0 19.579794 18.313854 17.368404 -999.0} sdss_psfmag 19.10098 18.05042 16.967175 14.997 63050394818514664 1092518669 dark_flexible_2x1 mwm_cb_galex_vol_boss mwm_cb science 0 0 0.0 0.0 -999 ""
FIBERMAP 1265 R+5C6 METROLOGY 0 0 0 1 0 0 -136.5589316911718 106.2243635613168 143.1 -36.45242382735606 169.0804954093752 173.34592 83.88836 -999.0 -999.0 -999.0 -999.0 -999.0 139.06889821454536 13.759784315534455 139.09517992088587 13.653081481194578 66.10744936048366 139.453804761389 -999.0 6231.0 -999.0 -1 -999 {-999.0 -999.0 -999.0 -999.0 -999.0} "" -999.0 -999.0 -999.0 -999.0 -999 -999 "" "" "" "" 0 0 0.0 0.0 -999 ""
FIBERMAP 1266 R-1C23 APOGEE 0 0 0 1 0 0 202.33574700660435 -29.5495163756531 143.1 136.0883357161356 -152.551596077716 234.02528 107.22139 -999.0 -999.0 -999.0 -999.0 -999.0 139.87405755751854 12.299994848673231 139.8972427281804 12.1921877368943 64.4590423025302 139.85461241715873 -999.0 16600.0 -999.0 2 -999 {-999.0 -999.0 -999.0 -999.0 -999.0} "" -999.0 -999.0 -999.0 -999.0 -999 -999 "" "" "" "" 0 0 0.0 0.0 -999 ""
FIBERMAP 1266 R-1C23 BOSS 1 1 0 1 0 0 201.61825536008445 -29.325400304337492 143.1 135.6823755973895 -151.91919099992867 234.02528 107.22139 139.87228208847486 12.302727198900392 -999.0 -999.0 -999.0 139.87228208847486 12.302727198900394 139.895417734384 12.19500368001057 64.46237476196293 139.85443230605367 5400.0 5400.0 2016.0 1 312 {-999.0 23.544651 22.25998 21.746487 21.389439} sdss_psfmag_from_lsdr10 1e+20 1e+20 1e+20 -999.0 63050398960715879 1059070168 dark_flexible_2x2 bhm_spiders_agn_lsdr10 bhm_spiders science 0 0 0.0 0.0 -999 ""
FIBERMAP 1266 R-1C23 METROLOGY 0 0 0 1 0 0 202.18081867416976 -28.819681331056827 143.1 136.43818477821975 -151.8928174213588 234.02528 107.22139 -999.0 -999.0 -999.0 -999.0 -999.0 139.87575751418896 12.302888619829506 139.89890712151515 12.195136283873445 64.46059325284227 139.84767931782056 -999.0 6231.0 -999.0 -1 -999 {-999.0 -999.0 -999.0 -999.0 -999.0} "" -999.0 -999.0 -999.0 -999.0 -999 -999 "" "" "" "" 0 0 0.0 0.0 -999 ""
FIBERMAP 1270 R+5C12 APOGEE 0 0 0 1 0 0 20.144227620619873 109.85278156615557 143.1 85.96669498402713 71.25247325955026 74.644585 94.80363 -999.0 -999.0 -999.0 -999.0 -999.0 139.64222030148298 13.316582568552828 139.66736972438673 13.208952200596952 65.42657874104582 138.94618844766185 -999.0 16600.0 -999.0 2 8 {-999.0 -999.0 -999.0 -999.0 -999.0} "" -999.0 -999.0 -999.0 -999.0 -999 -999 "" ops_sky_apogee_best_unassigned ops_sky sky_apogee 0 0 0.0 0.0 -999 ""
FIBERMAP 1270 R+5C12 BOSS 1 1 0 1 0 0 20.871263191363564 109.70223540095985 143.1 86.42720343143843 70.67032100209273 74.644585 94.80363 139.64447021484375 13.313889412233848 -999.0 -999.0 -999.0 139.64447021484375 13.313889412233848 139.6695588522679 13.206332778629912 65.4232125467799 138.94554102505796 5400.0 5400.0 2015.5 1 116 {-999.0 -999.0 -999.0 -999.0 -999.0} "" -999.0 -999.0 -999.0 -999.0 27021603088172165 804852212 "" ops_sky_boss_good ops_sky sky_boss 0 0 0.0 0.0 -999 ""
FIBERMAP 1270 R+5C12 METROLOGY 0 0 0 1 0 0 20.38254285582319 109.14980577311269 143.1 85.69799405786038 70.56074102877847 74.644585 94.80363 -999.0 -999.0 -999.0 -999.0 -999.0 139.64104211940838 13.313410306121865 139.66614756288283 13.205837691073018 65.42468866992378 138.95279271919577 -999.0 6231.0 -999.0 -1 -999 {-999.0 -999.0 -999.0 -999.0 -999.0} "" -999.0 -999.0 -999.0 -999.0 -999 -999 "" "" "" "" 0 0 0.0 0.0 -999 ""
FIBERMAP 1271 R-4C14 APOGEE 0 0 0 1 0 0 62.38296180811972 -70.38713296609212 143.1 2.6163271063172275 -93.99316360927925 67.69122 63.81026 -999.0 -999.0 -999.0 -999.0 -999.0 139.25374741345613 12.564054368346758 139.27777859262568 12.457229376103415 65.01329114666721 140.69722261747714 -999.0 16600.0 -999.0 2 -999 {-999.0 -999.0 -999.0 -999.0 -999.0} "" -999.0 -999.0 -999.0 -999.0 -999 -999 "" "" "" "" 0 0 0.0 0.0 -999 ""
FIBERMAP 1271 R-4C14 BOSS 1 1 0 1 0 0 62.87728883572023 -70.93741226315994 143.1 2.64185721020408 -94.73224491721075 67.69122 63.81026 139.25392701971447 12.56056882123361 -999.0 -999.0 -999.0 139.25392701971447 12.56056882123361 139.27789854465024 12.453824050679144 65.01037305887775 140.70138705339855 5400.0 5400.0 2016.0 1 324 {-999.0 21.633268 21.395895 21.142553 20.91506} sdss_psfmag_from_lsdr10 1e+20 1e+20 1e+20 -999.0 63050398245749632 1059071480 dark_flexible_2x2 bhm_spiders_agn_lsdr10 bhm_spiders science 0 0 0.0 0.0 -999 ""
FIBERMAP 1271 R-4C14 METROLOGY 0 0 0 1 0 0 62.150335383721725 -71.0960384091405 143.1 1.982912744129433 -94.38707975528898 67.69122 63.81026 -999.0 -999.0 -999.0 -999.0 -999.0 139.2508353088591 12.562163779284644 139.274826722488 12.45540126048271 65.01333101015989 140.70530248705654 -999.0 6231.0 -999.0 -1 -999 {-999.0 -999.0 -999.0 -999.0 -999.0} "" -999.0 -999.0 -999.0 -999.0 -999 -999 "" "" "" "" 0 0 0.0 0.0 -999 ""
FIBERMAP 1272 R+1C9 APOGEE 1 1 0 1 0 0 -110.45310960568064 18.865582594098054 143.1 -72.53346780132557 85.37223530994541 144.9115 148.39554 138.90076710993065 13.379678183845535 -1.3181233 0.32780755 0.27032766 138.90076329252102 13.379679107439541 138.92649364340306 13.273284156901463 65.88345880372971 140.30884397161253 16000.0 16600.0 2016.0 2 147 {-999.0 13.85581 13.126926 12.858779 -999.0} sdss_psfmag_from_g3xp 13.657479 13.163253 12.512254 11.218 63050394818502788 1107606207 bright_flexible_3x1 mwm_tess_rgb_apogee mwm_tessrgb science 0 0 0.0 0.0 -999 ""
FIBERMAP 1272 R+1C9 BOSS 0 0 0 1 0 0 -110.74948905392819 19.55514387404048 143.1 -72.3178769825742 86.0909664853162 144.9115 148.39554 -999.0 -999.0 -999.0 -999.0 -999.0 138.90178151848139 13.382913416434038 138.92746538822655 13.276592341289543 65.88569587896998 140.3024456963856 -999.0 5400.0 -999.0 1 45 {-999.0 -999.0 -999.0 -999.0 -999.0} "" -999.0 -999.0 -999.0 -999.0 -999 -999 "" "" "" "" 0 0 0.0 0.0 -999 ""
FIBERMAP 1272 R+1C9 METROLOGY 0 0 0 1 0 0 -110.00012908873923 19.470292625815954 143.1 -71.7980818921032 85.54482655711476 144.9115 148.39554 -999.0 -999.0 -999.0 -999.0 -999.0 138.90420757586486 13.380455346305874 138.92990011634924 13.274109048918332 65.88231724900062 140.30096316626782 -999.0 6231.0 -999.0 -1 -999 {-999.0 -999.0 -999.0 -999.0 -999.0} "" -999.0 -999.0 -999.0 -999.0 -999 -999 "" "" "" "" 0 0 0.0 0.0 -999 ""
FIBERMAP 1276 R-2C3 APOGEE 0 0 0 1 0 0 -224.38884087905876 -28.077990877091512 143.1 -189.98752093301584 122.54754671513189 72.89383 134.35538 -999.0 -999.0 -999.0 -999.0 -999.0 138.35385609529905 13.544491143299751 138.3802324148504 13.438996218223831 66.31285546644511 141.18342796406782 -999.0 16600.0 -999.0 2 257 {-999.0 -999.0 -999.0 -999.0 -999.0} "" -999.0 -999.0 -999.0 -999.0 -999 -999 "" ops_sky_apogee_best_unassigned ops_sky sky_apogee 0 0 0.0 0.0 -999 ""
FIBERMAP 1276 R-2C3 BOSS 1 1 0 1 0 0 -223.7416475603686 -27.712741637748366 143.1 -189.25704176210922 122.41193594532781 72.89383 134.35538 138.3572530799708 13.543856244737201 0.15645105 0.33645245 -0.10465209 138.3572535333787 13.543857192688167 138.38357653428147 13.438431891011785 66.31061840408276 141.1773853916124 5400.0 5400.0 2016.0 1 475 {-999.0 19.465885 19.261337 19.069126 19.080418} sdss_psfmag 18.944902 18.787224 18.446413 -999.0 63050394818504541 1060286795 dark_flexible_2x2 bhm_aqmes_bonus_core bhm_filler science 0 0 0.0 0.0 -999 ""
FIBERMAP 1276 R-2C3 METROLOGY 0 0 0 1 0 0 -223.75264567996942 -28.469359037621018 143.1 -189.75124381960205 121.83916294041454 72.89383 134.35538 -999.0 -999.0 -999.0 -999.0 -999.0 138.35496021970928 13.541263175191439 138.38129408541016 13.435820989233443 66.3096273103933 141.18555072201355 -999.0 6231.0 -999.0 -1 -999 {-999.0 -999.0 -999.0 -999.0 -999.0} "" -999.0 -999.0 -999.0 -999.0 -999 -999 "" "" "" "" 0 0 0.0 0.0 -999 ""
FIBERMAP 1281 R+5C7 APOGEE 0 0 0 1 0 0 -111.36875287004432 110.31283771886962 143.1 -14.52297931508778 156.04076367519025 155.90378 85.90477 -999.0 -999.0 -999.0 -999.0 -999.0 139.17153105247164 13.701145636043565 139.19767739712563 13.594227590150362 66.00271808348631 139.33264582049932 -999.0 16600.0 -999.0 2 108 {-999.0 -999.0 -999.0 -999.0 -999.0} "" -999.0 -999.0 -999.0 -999.0 -999 -999 "" ops_sky_apogee_best_unassigned ops_sky sky_apogee 0 0 0.0 0.0 -999 ""
FIBERMAP 1281 R+5C7 BOSS 1 1 0 1 0 0 -111.00765445729857 110.9564482163272 143.1 -13.833031909183314 156.30215769574525 155.90378 85.90477 139.1748046875 13.7023174003521 -999.0 -999.0 -999.0 139.1748046875 13.702317400352099 139.20089824535356 13.595468704868185 66.00197799656993 139.32456765240062 5400.0 5400.0 2015.5 1 54 {-999.0 -999.0 -999.0 -999.0 -999.0} "" -999.0 -999.0 -999.0 -999.0 27021603088393921 804882204 "" ops_sky_boss_good ops_sky sky_boss 0 0 0.0 0.0 -999 ""
FIBERMAP 1281 R+5C7 METROLOGY 0 0 0 1 0 0 -110.62338320172681 110.31835354211898 143.1 -13.948223512614687 155.56643850632463 155.90378 85.90477 -999.0 -999.0 -999.0 -999.0 -999.0 139.17425717812327 13.698998575247817 139.2003600514393 13.592130196518315 65.99951573191585 139.33025807468806 -999.0 6231.0 -999.0 -1 -999 {-999.0 -999.0 -999.0 -999.0 -999.0} "" -999.0 -999.0 -999.0 -999.0 -999 -999 "" "" "" "" 0 0 0.0 0.0 -999 ""
FIBERMAP 1285 R+9C4 APOGEE 0 0 0 1 0 0 -118.69504389308572 159.08559427042417 143.1 11.1762522464332 198.12151631587446 308.2849 93.38417 -999.0 -999.0 -999.0 -999.0 -999.0 139.2913876665802 13.89129991953324 139.31780369885712 13.784141524324834 66.09301056462587 138.83062652765443 -999.0 16600.0 -999.0 2 -999 {-999.0 -999.0 -999.0 -999.0 -999.0} "" -999.0 -999.0 -999.0 -999.0 -999 -999 "" "" "" "" 0 0 0.0 0.0 -999 ""
FIBERMAP 1285 R+9C4 BOSS 1 1 0 1 0 0 -119.24386482648474 158.57715559709723 143.1 10.429228408412023 198.0842354262536 308.2849 93.38417 139.28794634706284 13.891123415327836 1.7206687 -6.9385962 0.31706074 139.28795134108358 13.891103865911695 139.3143160164057 13.784025710795095 66.09484580440787 138.83765758226045 5400.0 5400.0 2016.0 1 15 {-999.0 16.759457 16.529516 16.391779 -999.0} sdss_psfmag 16.750044 16.474752 16.038786 15.304 63050394818514135 976112099 "" ops_std_boss ops_std standard_boss 0 0 0.0 0.0 -999 ""
FIBERMAP 1285 R+9C4 METROLOGY 0 0 0 1 0 0 -119.40911378762144 159.30184913448406 143.1 10.767867231592959 198.74570007404736 308.2849 93.38417 -999.0 -999.0 -999.0 -999.0 -999.0 139.28951287091058 13.894094968403962 139.31589713585407 13.786992482260793 66.09640848060317 138.83037113348306 -999.0 6231.0 -999.0 -1 -999 {-999.0 -999.0 -999.0 -999.0 -999.0} "" -999.0 -999.0 -999.0 -999.0 -999 -999 "" "" "" "" 0 0 0.0 0.0 -999 ""
FIBERMAP 1287 R+12C7 APOGEE 0 0 0 1 0 0 -28.844016554478397 248.39574244231397 143.1 137.3737351671701 208.87703736381067 138.26103 86.52048 -999.0 -999.0 -999.0 -999.0 -999.0 139.87988400375866 13.93798175620936 139.90600102389135 13.829829140375034 65.80081809019856 137.62118391612267 -999.0 16600.0 -999.0 2 -999 {-999.0 -999.0 -999.0 -999.0 -999.0} "" -999.0 -999.0 -999.0 -999.0 -999 -999 "" "" "" "" 0 0 0.0 0.0 -999 ""
FIBERMAP 1287 R+12C7 BOSS 1 1 0 1 0 0 -28.32761646313451 248.93326816947157 143.1 138.11458813495068 208.9574243967908 138.26103 86.52048 139.88339130016507 13.938270262358492 -0.18726161 -3.301626 1.5216268 139.88339075655136 13.938260960064843 139.90945059756135 13.830177026395887 65.79914523549493 137.61405385637588 5400.0 5400.0 2016.0 1 155 {-999.0 20.25863 19.957647 19.882019 -999.0} sdss_psfmag 20.053185 19.945791 19.65892 -999.0 63050394818516353 1144130314 dark_1x3 mwm_wd_gaia_boss_1x3 mwm_wd science 0 0 0.0 0.0 -999 ""
FIBERMAP 1287 R+12C7 METROLOGY 0 0 0 1 0 0 -28.1195230578673 248.21749779616712 143.1 137.81451214473174 208.2752904565776 138.26103 86.52048 -999.0 -999.0 -999.0 -999.0 -999.0 139.88199584833274 13.935229118966467 139.90806696438625 13.827126976649375 65.79745307859771 137.6210580030286 -999.0 6231.0 -999.0 -1 -999 {-999.0 -999.0 -999.0 -999.0 -999.0} "" -999.0 -999.0 -999.0 -999.0 -999 -999 "" "" "" "" 0 0 0.0 0.0 -999 ""
FIBERMAP 1289 R-2C15 APOGEE 1 1 0 1 0 0 40.87290778403425 -30.682405819041712 143.1 11.623846248275612 -49.7552507470768 74.56093 150.6124 139.29570849020868 12.765454967117954 -82.54929 -23.808279 6.0070696 139.29547001410126 12.76538788745534 139.31983910751762 12.65845141064376 65.15916725362106 140.35406845258643 16000.0 16600.0 2016.0 2 219 {-999.0 10.880852 10.493224 10.380177 -999.0} sdss_psfmag_from_g3xp 10.81362 10.515488 10.05243 9.321 63050394818031979 1103523721 bright_1x1 mwm_tess_2min_apogee mwm_planet science 0 0 0.0 0.0 -999 ""
FIBERMAP 1289 R-2C15 BOSS 0 0 0 1 0 0 41.39042676325553 -30.159617648805504 143.1 12.356094672611851 -49.68687621242608 74.56093 150.6124 -999.0 -999.0 -999.0 -999.0 -999.0 139.29894949224024 12.765598291171951 139.32326406825587 12.658734850953213 65.15756633712813 140.34705397988512 -999.0 5400.0 -999.0 1 273 {-999.0 -999.0 -999.0 -999.0 -999.0} "" -999.0 -999.0 -999.0 -999.0 -999 -999 "" "" "" "" 0 0 0.0 0.0 -999 ""
FIBERMAP 1289 R-2C15 METROLOGY 0 0 0 1 0 0 41.60482229989183 -30.8759134348226 143.1 12.060510991760564 -50.37345898179955 74.56093 150.6124 -999.0 -999.0 -999.0 -999.0 -999.0 139.29755699351873 12.762497276080852 139.321881924943 12.65561443679444 65.15570171837852 140.35381916879027 -999.0 6231.0 -999.0 -1 -999 {-999.0 -999.0 -999.0 -999.0 -999.0} "" -999.0 -999.0 -999.0 -999.0 -999 -999 "" "" "" "" 0 0 0.0 0.0 -999 ""
FIBERMAP 1296 R-5C7 APOGEE 0 0 0 1 0 0 -109.82213996518493 -115.31785740138763 143.1 -158.20017419162136 -17.86442211585436 297.11862 52.586903 -999.0 -999.0 -999.0 -999.0 -999.0 138.50319881620092 12.908461348267812 138.5283106131718 12.80283899989813 65.69902742229978 141.72620729215603 -999.0 16600.0 -999.0 2 262 {-999.0 -999.0 -999.0 -999.0 -999.0} "" -999.0 -999.0 -999.0 -999.0 -999 -999 "" ops_sky_apogee_best_unassigned ops_sky sky_apogee 0 0 0.0 0.0 -999 ""
FIBERMAP 1296 R-5C7 BOSS 1 1 0 1 0 0 -110.5559440036113 -115.18294897010381 143.1 -158.67590960549018 -17.289908262149034 297.11862 52.586903 138.50100982810187 12.911169310292967 -13.663251 -67.406456 1.1875255 138.50097033356232 12.910979393366146 138.52603742165533 12.805438327740005 65.70240885432766 141.727387166219 5400.0 5400.0 2016.0 1 464 {-999.0 17.699501 16.895487 16.56271 -999.0} sdss_psfmag 17.451597 16.91822 16.209631 14.69 63050394818501256 1136072111 dark_flexible_3x1 mwm_halo_local_high_boss_triple mwm_halo science 0 0 0.0 0.0 -999 ""
FIBERMAP 1296 R-5C7 METROLOGY 0 0 0 1 0 0 -110.07746005397496 -114.61945080731508 143.1 -157.9474385228092 -17.165273809273668 297.11862 52.586903 -999.0 -999.0 -999.0 -999.0 -999.0 138.50434368489223 12.911582572465285 138.52942430779217 12.806013507850961 65.70113094135269 141.71985553992437 -999.0 6231.0 -999.0 -1 -999 {-999.0 -999.0 -999.0 -999.0 -999.0} "" -999.0 -999.0 -999.0 -999.0 -999 -999 "" "" "" "" 0 0 0.0 0.0 -999 ""
FIBERMAP 1300 R+11C12 APOGEE 0 0 0 1 0 0 86.40411754104599 228.73504839978904 143.1 213.07138454481648 119.81690207268561 92.90689 80.99777 -999.0 -999.0 -999.0 -999.0 -999.0 140.23236269252502 13.53438408436461 140.257526103116 13.425729666134675 65.27329052414493 137.52101227466972 -999.0 16600.0 -999.0 2 11 {-999.0 -999.0 -999.0 -999.0 -999.0} "" -999.0 -999.0 -999.0 -999.0 -999 -999 "" ops_sky_apogee_best_unassigned ops_sky sky_apogee 0 0 0.0 0.0 -999 ""
FIBERMAP 1300 R+11C12 BOSS 1 1 0 1 0 0 87.15259125817241 228.69788986679603 143.1 213.62112077475038 119.30788048417489 92.90689 80.99777 140.2349853515625 13.532002521028787 -999.0 -999.0 -999.0 140.2349853515625 13.532002521028787 140.26008627285069 13.42342065410523 65.26996199520352 137.51940165099802 5400.0 5400.0 2015.5 1 142 {-999.0 -999.0 -999.0 -999.0 -999.0} "" -999.0 -999.0 -999.0 -999.0 27021603088172496 816601100 "" ops_sky_boss_good ops_sky sky_boss 0 0 0.0 0.0 -999 ""
FIBERMAP 1300 R+11C12 METROLOGY 0 0 0 1 0 0 86.74248720652467 228.07107540550606 143.1 212.90440148645044 119.09082137228255 92.90689 80.99777 -999.0 -999.0 -999.0 -999.0 -999.0 140.23166237203654 13.531066746810803 140.25677984794947 13.422468905368333 65.2710668248987 137.52697178241655 -999.0 6231.0 -999.0 -1 -999 {-999.0 -999.0 -999.0 -999.0 -999.0} "" -999.0 -999.0 -999.0 -999.0 -999 -999 "" "" "" "" 0 0 0.0 0.0 -999 ""
FIBERMAP 1301 R+2C23 APOGEE 0 0 0 1 0 0 222.30953890057833 52.95762813688613 143.1 204.36760482891538 -102.14604154816918 105.33182 107.338615 -999.0 -999.0 -999.0 -999.0 -999.0 140.19056022224095 12.528818810596842 140.2139607760475 12.420440457643684 64.47486583639594 138.9632775443354 -999.0 16600.0 -999.0 2 82 {-999.0 -999.0 -999.0 -999.0 -999.0} "" -999.0 -999.0 -999.0 -999.0 -999 -999 "" ops_sky_apogee_best_unassigned ops_sky sky_apogee 0 0 0.0 0.0 -999 ""
FIBERMAP 1301 R+2C23 BOSS 1 1 0 1 0 0 222.92518150338708 53.370849624485295 143.1 205.104704876862 -102.22463214543318 105.33182 107.338615 140.19403876617312 12.528381139398057 0.13841513 -2.018784 0.039365828 140.19403916566867 12.528375451496949 140.2173802624569 12.420071923756339 64.47267388678719 138.9573686386863 5400.0 5400.0 2016.0 1 225 {-999.0 17.850212 17.674795 17.68161 -999.0} sdss_psfmag 17.725693 17.556393 17.232569 16.21 63050394818034697 1132970017 dark_flexible_3x1 mwm_halo_distant_rrl_boss_triple mwm_halo science 0 0 0.0 0.0 -999 ""
FIBERMAP 1301 R+2C23 METROLOGY 0 0 0 1 0 0 222.96510176464437 52.61296456091787 143.1 204.64871026641538 -102.83106792635448 105.33182 107.338615 -999.0 -999.0 -999.0 -999.0 -999.0 140.19190022150238 12.525653620820153 140.21525387814194 12.417331388233748 64.47158731740807 138.96493864827627 -999.0 6231.0 -999.0 -1 -999 {-999.0 -999.0 -999.0 -999.0 -999.0} "" -999.0 -999.0 -999.0 -999.0 -999 -999 "" "" "" "" 0 0 0.0 0.0 -999 ""
FIBERMAP 1302 R-9C18 APOGEE 0 0 0 1 0 0 206.1967897812842 -179.16100150494097 143.1 42.99167738149398 -269.68535930874003 9.621771 89.72567 -999.0 -999.0 -999.0 -999.0 -999.0 139.44152782315794 11.772751733056486 139.46402600899114 11.665775684304512 64.24909359000267 141.33893522043334 -999.0 16600.0 -999.0 2 187 {-999.0 -999.0 -999.0 -999.0 -999.0} "" -999.0 -999.0 -999.0 -999.0 -999 -999 "" ops_sky_apogee_best_unassigned ops_sky sky_apogee 0 0 0.0 0.0 -999 ""
FIBERMAP 1302 R-9C18 BOSS 1 1 0 1 0 0 206.3283986359649 -179.90083499093973 143.1 42.617538091331 -270.3368283926152 9.621771 89.72567 139.4398498535156 11.76976601885849 -999.0 -999.0 -999.0 139.4398498535156 11.76976601885849 139.46228963242112 11.662876578923472 64.24755877962912 141.34581737664092 5400.0 5400.0 2015.5 1 330 {-999.0 -999.0 -999.0 -999.0 -999.0} "" -999.0 -999.0 -999.0 -999.0 27021603088157317 804850195 "" ops_sky_boss_good ops_sky sky_boss 0 0 0.0 0.0 -999 ""
FIBERMAP 1302 R-9C18 METROLOGY 0 0 0 1 0 0 205.62363096935073 -179.65206624340655 143.1 42.237156843213036 -269.6936999427944 9.621771 89.72567 -999.0 -999.0 -999.0 -999.0 -999.0 139.43808294606285 11.772644704496958 139.4605442604588 11.66573404112618 64.25088730391792 141.34561089676524 -999.0 6231.0 -999.0 -1 -999 {-999.0 -999.0 -999.0 -999.0 -999.0} "" -999.0 -999.0 -999.0 -999.0 -999 -999 "" "" "" "" 0 0 0.0 0.0 -999 ""
FIBERMAP 1303 R-7C11 APOGEE 0 0 0 1 0 0 24.279532623850926 -123.33202030050484 143.1 -60.57664310887386 -110.1038332282154 81.09028 73.815216 -999.0 -999.0 -999.0 -999.0 -999.0 138.95940341066202 12.490388107864439 138.98347760681287 12.384075037501056 65.10742765828446 141.3642047314506 -999.0 16600.0 -999.0 2 151 {-999.0 -999.0 -999.0 -999.0 -999.0} "" -999.0 -999.0 -999.0 -999.0 -999 -999 "" ops_sky_apogee_best_unassigned ops_sky sky_apogee 0 0 0.0 0.0 -999 ""
FIBERMAP 1303 R-7C11 BOSS 1 1 0 1 0 0 24.95956891711961 -123.64272038909756 143.1 -60.25497675199186 -110.77854442795073 81.09028 73.815216 138.96094384777578 12.48720430713759 -1.3633801 -1.5589927 0.19774966 138.96093991339757 12.48719991469322 138.9849551487581 12.380964849422673 65.1040292184275 141.365285073564 5400.0 5400.0 2016.0 1 377 {-999.0 17.736553 17.382372 17.246521 17.200031} sdss_psfmag_from_gaia 17.6836 17.393 16.9197 15.96 63050394818031046 969129760 "" ops_std_boss_gdr2 ops_std standard_boss 0 0 0.0 0.0 -999 ""
FIBERMAP 1303 R-7C11 METROLOGY 0 0 0 1 0 0 24.35998995702561 -124.07143326581763 143.1 -60.989712407655205 -110.72213906051522 81.09028 73.815216 -999.0 -999.0 -999.0 -999.0 -999.0 138.9575073532471 12.48748223583013 138.98154002632685 12.38123026270295 65.10604591142898 141.37162858476051 -999.0 6231.0 -999.0 -1 -999 {-999.0 -999.0 -999.0 -999.0 -999.0} "" -999.0 -999.0 -999.0 -999.0 -999 -999 "" "" "" "" 0 0 0.0 0.0 -999 ""
FIBERMAP 1304 R+7C15 APOGEE 0 0 0 1 0 0 92.4960088835872 151.12257635707772 143.1 167.91010948401768 56.427343256466315 149.87234 82.8103 -999.0 -999.0 -999.0 -999.0 -999.0 140.02391226898453 13.248415874628293 140.04869787870962 13.140164527473983 65.15816397215228 138.3107549461955 -999.0 16600.0 -999.0 2 -999 {-999.0 -999.0 -999.0 -999.0 -999.0} "" -999.0 -999.0 -999.0 -999.0 -999 -999 "" "" "" "" 0 0 0.0 0.0 -999 ""
FIBERMAP 1304 R+7C15 BOSS 1 1 0 1 0 0 92.9321235617701 151.69531986462843 143.1 168.61204667210458 56.58626537188508 149.87234 82.8103 140.02727902882137 13.249065339923503 -0.1953164 0.56428885 0.03559211 140.0272784634717 13.249066929800936 140.0520072490038 13.140887296530243 65.15690466735055 138.30348725370794 5400.0 5400.0 2016.0 1 187 {-999.0 20.089931 19.792002 19.531542 19.303877} sdss_psfmag_from_lsdr10 20.22056 20.172188 19.208775 -999.0 63050394818040968 1059075443 dark_flexible_2x2 bhm_spiders_agn_lsdr10 bhm_spiders science 0 0 0.0 0.0 -999 ""
FIBERMAP 1304 R+7C15 METROLOGY 0 0 0 1 0 0 93.2347200763899 151.01784931119286 143.1 168.40898295588264 55.872808367228224 149.87234 82.8103 -999.0 -999.0 -999.0 -999.0 -999.0 140.02631240537593 13.245849694342976 140.0510519304877 13.137650388007655 65.15478924278617 138.30972480410094 -999.0 6231.0 -999.0 -1 -999 {-999.0 -999.0 -999.0 -999.0 -999.0} "" -999.0 -999.0 -999.0 -999.0 -999 -999 "" "" "" "" 0 0 0.0 0.0 -999 ""
FIBERMAP 1306 R-11C6 APOGEE 0 0 0 1 0 0 -50.99444057250055 -194.03334984055545 143.1 -163.65550937040598 -115.95743141790726 127.700516 52.604973 -999.0 -999.0 -999.0 -999.0 -999.0 138.4810511450281 12.463284085095424 138.50535997486412 12.357790361096244 65.33350603891775 142.34123360542173 -999.0 16600.0 -999.0 2 177 {-999.0 -999.0 -999.0 -999.0 -999.0} "" -999.0 -999.0 -999.0 -999.0 -999 -999 "" ops_sky_apogee_best_unassigned ops_sky sky_apogee 0 0 0.0 0.0 -999 ""
FIBERMAP 1306 R-11C6 BOSS 1 1 0 1 0 0 -50.25259913344689 -194.00913227706224 143.1 -163.07145028649927 -116.4151592567061 127.700516 52.604973 138.4833957374494 12.461125292825681 -36.031242 -6.8822255 1.0533013 138.48377901549387 12.461105902213621 138.50803157059644 12.355687774202723 65.33034515644236 142.33856487149401 5400.0 5400.0 2016.0 1 358 {-999.0 14.656154 14.273604 14.142364 -999.0} sdss_psfmag_from_g3xp 14.59154 14.284799 13.810753 12.97 63050394818029091 1135927617 dark_flexible_3x1 mwm_halo_local_high_boss_triple mwm_halo science 0 0 1.7127598524093628 0.0 -999 ""
FIBERMAP 1306 R-11C6 METROLOGY 0 0 0 1 0 0 -50.60728149463015 -194.66749324936745 143.1 -163.76595104525308 -116.69197663126636 127.700516 52.604973 -999.0 -999.0 -999.0 -999.0 -999.0 138.48057336070542 12.459879164341558 138.50484004301182 12.354444145341057 65.33092701007243 142.34648508933483 -999.0 6231.0 -999.0 -1 -999 {-999.0 -999.0 -999.0 -999.0 -999.0} "" -999.0 -999.0 -999.0 -999.0 -999 -999 "" "" "" "" 0 0 0.0 0.0 -999 ""
FIBERMAP 1308 R-4C5 APOGEE 0 0 0 1 0 0 -165.14561222222545 -91.45880513939929 143.1 -185.2790394475674 35.939492892802235 259.99243 95.30349 -999.0 -999.0 -999.0 -999.0 -999.0 138.3765195163558 13.152248526509103 138.40215717141552 13.046793687272332 65.97092200953531 141.66131391386006 -999.0 16600.0 -999.0 2 252 {-999.0 -999.0 -999.0 -999.0 -999.0} "" -999.0 -999.0 -999.0 -999.0 -999 -999 "" ops_sky_apogee_best_unassigned ops_sky sky_apogee 0 0 0.0 0.0 -999 ""
FIBERMAP 1308 R-4C5 BOSS 1 1 0 1 0 0 -165.879279458282 -91.36724739887708 143.1 -185.7825026142852 36.48069708885025 259.99243 95.30349 138.37417602539062 13.154623420860048 -999.0 -999.0 -999.0 138.37417602539065 13.15462342086005 138.3997693783557 13.049249034180054 65.9742411897839 141.6629101020879 5400.0 5400.0 2015.5 1 459 {-999.0 -999.0 -999.0 -999.0 -999.0} "" -999.0 -999.0 -999.0 -999.0 27021603088387174 816613508 "" ops_sky_boss_good ops_sky sky_boss 0 0 0.0 0.0 -999 ""
FIBERMAP 1308 R-4C5 METROLOGY 0 0 0 1 0 0 -165.443096997738 -90.76520345608299 143.1 -185.06170162306094 36.66203009056798 259.99243 95.30349 -999.0 -999.0 -999.0 -999.0 -999.0 138.37750584088974 13.155487793918674 138.4031129891847 13.050085725417562 65.9732037229044 141.65505337301582 -999.0 6231.0 -999.0 -1 -999 {-999.0 -999.0 -999.0 -999.0 -999.0} "" -999.0 -999.0 -999.0 -999.0 -999 -999 "" "" "" "" 0 0 0.0 0.0 -999 ""
FIBERMAP 1312 R-11C11 APOGEE 0 0 0 1 0 0 58.02224594480954 -226.00779835660842 143.1 -100.6391749712985 -210.45342181463357 276.70386 119.99248 -999.0 -999.0 -999.0 -999.0 -999.0 138.77619100366397 12.037015451161032 138.79955005526585 11.931106497049148 64.81934248058181 142.29307412036457 -999.0 16600.0 -999.0 2 156 {-999.0 -999.0 -999.0 -999.0 -999.0} "" -999.0 -999.0 -999.0 -999.0 -999 -999 "" ops_sky_apogee_best_unassigned ops_sky sky_apogee 0 0 0.0 0.0 -999 ""
FIBERMAP 1312 R-11C11 BOSS 1 1 0 1 0 0 57.42926413801255 -226.46052062026376 143.1 -101.38426972321255 -210.41965164699184 276.70386 119.99248 138.77279327161173 12.037086049569789 -3.831208 -9.518262 0.15476832 138.77278223455406 12.037059231974794 138.7960916703931 11.931237762877386 64.82123263861166 142.29967759109292 5400.0 5400.0 2016.0 1 393 {-999.0 18.106823 17.753107 17.617489 17.57118} sdss_psfmag_from_gaia 18.0666 17.7637 17.3033 -999.0 63050394818026881 969129722 "" ops_std_boss_gdr2 ops_std standard_boss 0 0 0.0 0.0 -999 ""
FIBERMAP 1312 R-11C11 METROLOGY 0 0 0 1 0 0 57.32887583703218 -225.72580079817004 143.1 -100.98948768739184 -209.79214606056357 276.70386 119.99248 -999.0 -999.0 -999.0 -999.0 -999.0 138.7745721902935 12.039902953121413 138.79790044724405 11.934054693128548 64.8226988903777 142.29265862163237 -999.0 6231.0 -999.0 -1 -999 {-999.0 -999.0 -999.0 -999.0 -999.0} "" -999.0 -999.0 -999.0 -999.0 -999 -999 "" "" "" "" 0 0 0.0 0.0 -999 ""
FIBERMAP 1314 R-13C8 APOGEE 0 0 0 1 0 0 -2.8880125599450235 -239.93843571114442 143.1 -156.2617199177734 -182.0227530785569 178.63185 70.588715 -999.0 -999.0 -999.0 -999.0 -999.0 138.51812607450807 12.165125589131279 138.54186810129244 12.059629709133699 65.06083640167606 142.6411082602363 -999.0 16600.0 -999.0 2 273 {-999.0 -999.0 -999.0 -999.0 -999.0} "" -999.0 -999.0 -999.0 -999.0 -999 -999 "" ops_sky_apogee_best_unassigned ops_sky sky_apogee 0 0 0.0 0.0 -999 ""
FIBERMAP 1314 R-13C8 BOSS 1 1 0 1 0 0 -2.613859164279376 -239.2596645465993 143.1 -155.61582855137837 -181.67859205622386 178.63185 70.588715 138.5211181640625 12.166565345022278 -999.0 -999.0 -999.0 138.5211181640625 12.16656534502228 138.5448103166002 12.06114509531224 65.06062767837226 142.63341174511086 5400.0 5400.0 2015.5 1 417 {-999.0 -999.0 -999.0 -999.0 -999.0} "" -999.0 -999.0 -999.0 -999.0 27021603088162177 804850825 "" ops_sky_boss_good ops_sky sky_boss 0 0 0.0 0.0 -999 ""
FIBERMAP 1314 R-13C8 METROLOGY 0 0 0 1 0 0 -2.1548958937247384 -239.8398260460218 143.1 -155.6365848543688 -182.41786889333844 178.63185 70.588715 -999.0 -999.0 -999.0 -999.0 -999.0 138.5210487527673 12.163268540799248 138.54474936204662 12.057826133085277 65.05782758651145 142.63763970441335 -999.0 6231.0 -999.0 -1 -999 {-999.0 -999.0 -999.0 -999.0 -999.0} "" -999.0 -999.0 -999.0 -999.0 -999 -999 "" "" "" "" 0 0 0.0 0.0 -999 ""
FIBERMAP 1316 R-8C11 APOGEE 0 0 0 1 0 0 8.21937373302546 -164.89835459600732 143.1 -99.57132977450924 -131.64705819323206 243.03496 85.027534 -999.0 -999.0 -999.0 -999.0 -999.0 138.77856435178614 12.392479122744684 138.80256803748227 12.286492863256061 65.11944478340168 141.843089610075 -999.0 16600.0 -999.0 2 -999 {-999.0 -999.0 -999.0 -999.0 -999.0} "" -999.0 -999.0 -999.0 -999.0 -999 -999 "" "" "" "" 0 0 0.0 0.0 -999 ""
FIBERMAP 1316 R-8C11 BOSS 1 1 0 1 0 0 7.57043874158492 -164.51423275887103 143.1 -99.82202241652642 -130.93604827026576 243.03496 85.027534 138.7773968328288 12.395573049917456 -999.0 -999.0 -999.0 138.7773968328288 12.395573049917454 138.8013552212852 12.28966836639184 65.12276426481472 141.8414617637315 5400.0 5400.0 2016.0 1 373 {-999.0 22.741007 22.32765 21.904509 21.556713} sdss_psfmag_from_lsdr10 1e+20 1e+20 1e+20 -999.0 63050398960621874 1059071471 dark_flexible_2x2 bhm_spiders_agn_lsdr10 bhm_spiders science 0 0 0.0 0.0 -999 ""
FIBERMAP 1316 R-8C11 METROLOGY 0 0 0 1 0 0 8.227180442915477 -164.15229760368535 143.1 -99.08635358999727 -131.08032917088613 243.03496 85.027534 -999.0 -999.0 -999.0 -999.0 -999.0 138.78080915840354 12.394953520214278 138.80477906910465 12.289020433718848 65.1204366564761 141.8355462398021 -999.0 6231.0 -999.0 -1 -999 {-999.0 -999.0 -999.0 -999.0 -999.0} "" -999.0 -999.0 -999.0 -999.0 -999 -999 "" "" "" "" 0 0 0.0 0.0 -999 ""
FIBERMAP 1317 R-12C9 APOGEE 0 0 0 1 0 0 36.163408006177086 -250.1247586165916 143.1 -132.8746015934325 -214.9013636565085 27.618958 15.2996235 -999.0 -999.0 -999.0 -999.0 -999.0 138.62754322351788 12.017305778910137 138.65095243164376 11.911653750288393 64.87892326397865 142.60846791355507 -999.0 16600.0 -999.0 2 -999 {-999.0 -999.0 -999.0 -999.0 -999.0} "" -999.0 -999.0 -999.0 -999.0 -999 -999 "" "" "" "" 0 0 0.0 0.0 -999 ""
FIBERMAP 1317 R-12C9 BOSS 1 1 0 1 0 0 35.60265212385333 -250.63701232546137 143.1 -133.6332211664417 -214.9339055648909 27.618958 15.2996235 138.6241122325377 12.01707560008387 -8.163771 -1.8957268 0.27594298 138.62408871585288 12.017070258894169 138.64744832348185 11.911505873187359 64.88058624933987 142.61553926852076 5400.0 5400.0 2016.0 1 405 {-999.0 16.62404 16.275938 16.160599 -999.0} sdss_psfmag 16.578793 16.281578 15.8173685 14.89 63050394818026914 976570435 "" ops_std_boss ops_std standard_boss 0 0 0.0 0.0 -999 ""
FIBERMAP 1317 R-12C9 METROLOGY 0 0 0 1 0 0 35.44772386054176 -249.91390752174502 143.1 -133.28769309082608 -214.28028467675307 27.618958 15.2996235 -999.0 -999.0 -999.0 -999.0 -999.0 138.62563805791427 12.020022242569103 138.64901670469868 11.91443144257019 64.8822811452608 142.60885910824487 -999.0 6231.0 -999.0 -1 -999 {-999.0 -999.0 -999.0 -999.0 -999.0} "" -999.0 -999.0 -999.0 -999.0 -999 -999 "" "" "" "" 0 0 0.0 0.0 -999 ""
FIBERMAP 1318 R-11C7 APOGEE 0 0 0 1 0 0 -12.885830191129465 -217.2262837564161 143.1 -149.3415928565476 -158.19834994557013 51.639595 40.19453 -999.0 -999.0 -999.0 -999.0 -999.0 138.54895700708346 12.272404827208819 138.57287691014034 12.166834248209678 65.1363508946667 142.44656944047946 -999.0 16600.0 -999.0 2 169 {-999.0 -999.0 -999.0 -999.0 -999.0} "" -999.0 -999.0 -999.0 -999.0 -999 -999 "" ops_sky_apogee_best_unassigned ops_sky sky_apogee 0 0 0.0 0.0 -999 ""
FIBERMAP 1318 R-11C7 BOSS 1 1 0 1 0 0 -12.831991845796065 -217.96752926122295 143.1 -149.77623818302396 -158.80096986623772 51.639595 40.19453 138.54668367628778 12.26957858618908 -0.011184539 -0.6672162 -0.07542808 138.5469973201553 12.269576706315068 138.57086236898073 12.16409067860147 65.1350469324042 142.45397838484845 5400.0 5400.0 2016.0 1 359 {-999.0 17.247807 16.335886 15.934546 -999.0} sdss_psfmag 16.953403 16.326021 15.5663 14.0 63050394818028419 1150530064 dark_flexible_3x1 manual_mwm_halo_distant_kgiant_far_boss_triple mwm_halo science 0 0 1.1034406423568726 0.0 -999 ""
FIBERMAP 1318 R-11C7 METROLOGY 0 0 0 1 0 0 -13.509681635893262 -217.6445397825608 143.1 -150.08821609699464 -158.11834721900163 51.639595 40.19453 -999.0 -999.0 -999.0 -999.0 -999.0 138.54551771219943 12.272685636728104 138.569403763242 12.167178637701562 65.13842408372284 142.4530164606127 -999.0 6231.0 -999.0 -1 -999 {-999.0 -999.0 -999.0 -999.0 -999.0} "" -999.0 -999.0 -999.0 -999.0 -999 -999 "" "" "" "" 0 0 0.0 0.0 -999 ""
FIBERMAP 1323 R+2C5 APOGEE 0 0 0 1 0 0 -180.58541759547109 50.966299337931495 143.1 -105.66966867786226 154.99992164523184 88.32872 123.171555 -999.0 -999.0 -999.0 -999.0 -999.0 138.74562987003765 13.694484350748777 138.77203571354602 13.588289628172705 66.2290047712533 140.18821574538828 -999.0 16600.0 -999.0 2 140 {-999.0 -999.0 -999.0 -999.0 -999.0} "" -999.0 -999.0 -999.0 -999.0 -999 -999 "" ops_sky_apogee_best_unassigned ops_sky sky_apogee 0 0 0.0 0.0 -999 ""
FIBERMAP 1323 R+2C5 BOSS 1 1 0 1 0 0 -179.96191548309025 51.37088177502064 143.1 -104.93209204936502 154.9096644391465 88.32872 123.171555 138.74868773690176 13.694195631687531 2.7250023 -44.971874 1.3202602 138.74909017003347 13.694068923942737 138.77544158919983 13.587943331709623 66.22688261155375 140.18185386157572 5400.0 5400.0 2016.0 1 34 {-999.0 15.91034 15.337052 15.104488 -999.0} sdss_psfmag 15.768447 15.348073 14.756792 13.558 63050394818514556 1136072194 dark_flexible_3x1 mwm_halo_local_high_boss_triple mwm_halo science 0 0 1.3799359798431396 0.0 -999 ""
FIBERMAP 1323 R+2C5 METROLOGY 0 0 0 1 0 0 -179.91267691781232 50.615123292257394 143.1 -105.37958023643877 154.29887570218574 88.32872 123.171555 -999.0 -999.0 -999.0 -999.0 -999.0 138.74699564518778 13.691307572327178 138.7733580293421 13.585164857994778 66.22569119039971 140.18985451672748 -999.0 6231.0 -999.0 -1 -999 {-999.0 -999.0 -999.0 -999.0 -999.0} "" -999.0 -999.0 -999.0 -999.0 -999 -999 "" "" "" "" 0 0 0.0 0.0 -999 ""
FIBERMAP 1324 R-4C11 APOGEE 0 0 0 1 0 0 -4.818509482243709 -90.4785930162097 143.1 -61.78294620369519 -66.24467603060937 35.98799 25.098064 -999.0 -999.0 -999.0 -999.0 -999.0 138.95299223713087 12.689699980096604 138.9774323063487 12.583356884320441 65.2784453854118 141.1199626869549 -999.0 16600.0 -999.0 2 -999 {-999.0 -999.0 -999.0 -999.0 -999.0} "" -999.0 -999.0 -999.0 -999.0 -999 -999 "" "" "" "" 0 0 0.0 0.0 -999 ""
FIBERMAP 1324 R-4C11 BOSS 1 1 0 1 0 0 -5.192743023201996 -91.14248506082124 143.1 -62.495981153102804 -66.51317963506403 35.98799 25.098064 138.94934915447877 12.6883597105316 -27.564688 -0.14529297 0.7354221 138.9496920308684 12.688359301158465 138.97407942142357 12.58210119392387 65.27915863214791 141.12816828318614 5400.0 5400.0 2016.0 1 357 {-999.0 15.301066 14.923825 14.790145 -999.0} sdss_psfmag_from_g3xp 15.237377 14.932391 14.459815 13.598 63050394818031375 1074176834 dark_flexible_2x1 mwm_halo_local_high_boss mwm_halo science 0 0 1.4837985038757324 0.0 -999 ""
FIBERMAP 1324 R-4C11 METROLOGY 0 0 0 1 0 0 -5.564103380899862 -90.50601050695022 143.1 -62.37193544727773 -65.7869912534352 35.98799 25.098064 -999.0 -999.0 -999.0 -999.0 -999.0 138.9502491828916 12.691692831008494 138.97465718910178 12.585410659838812 65.28163763678586 141.12275468848324 -999.0 6231.0 -999.0 -1 -999 {-999.0 -999.0 -999.0 -999.0 -999.0} "" -999.0 -999.0 -999.0 -999.0 -999 -999 "" "" "" "" 0 0 0.0 0.0 -999 ""
FIBERMAP 1326 R-3C23 APOGEE 0 0 0 1 0 0 223.11222773495294 -65.97132974934506 143.1 128.6263825659279 -193.80266758665155 222.03008 108.88387 -999.0 -999.0 -999.0 -999.0 -999.0 139.83853222279825 12.113971881713814 139.86140733405375 12.006262502418416 64.32346251845463 140.15992427792452 -999.0 16600.0 -999.0 2 -999 {-999.0 -999.0 -999.0 -999.0 -999.0} "" -999.0 -999.0 -999.0 -999.0 -999 -999 "" "" "" "" 0 0 0.0 0.0 -999 ""
FIBERMAP 1326 R-3C23 BOSS 1 1 0 1 0 0 222.47483004752596 -65.63240055665409 143.1 128.35551635604682 -193.13369840641448 222.03008 108.88387 139.83737052396833 12.116860318864038 1.2166661 0.98272675 0.7886177 139.8373740300208 12.116863087685475 139.86019955047874 12.009236996173174 64.32659582148503 140.15841877673913 5400.0 5400.0 2016.0 1 323 {-999.0 20.380262 20.329014 19.944633 19.707067} sdss_fiber2mag_from_lsdr10 19.950232 20.321018 19.367393 -999.0 63050394818024635 1059068801 dark_flexible_2x2 bhm_spiders_agn_lsdr10 bhm_spiders science 0 0 0.0 0.0 -999 ""
FIBERMAP 1326 R-3C23 METROLOGY 0 0 0 1 0 0 223.10064847808542 -65.22532177263018 143.1 129.0964708343804 -193.2235296892763 222.03008 108.88387 -999.0 -999.0 -999.0 -999.0 -999.0 139.84077392573616 12.116504622367852 139.86361258339463 12.008849728441113 64.3244338325316 140.15248027040252 -999.0 6231.0 -999.0 -1 -999 {-999.0 -999.0 -999.0 -999.0 -999.0} "" -999.0 -999.0 -999.0 -999.0 -999 -999 "" "" "" "" 0 0 0.0 0.0 -999 ""
FIBERMAP 1328 R-3C12 APOGEE 1 1 0 1 0 0 -12.149121985419429 -68.28751053286808 143.1 -53.153349014571816 -44.53202955595525 235.30084 142.85223 138.99291207163714 12.7886005758336 -0.29483426 -0.41355085 0.35028192 138.99291121981415 12.788599410658767 139.017506821027 12.68216850610268 65.34027772878824 140.9130596034286 16000.0 16600.0 2016.0 2 154 {-999.0 14.159282 13.452425 13.182011 -999.0} sdss_psfmag_from_g3xp 13.96889 13.482858 12.832589 11.523 63050394818031787 1107226957 bright_flexible_4x1 mwm_tess_rgb_apogee mwm_tessrgb science 0 0 0.0 0.0 -999 ""
FIBERMAP 1328 R-3C12 BOSS 0 0 0 1 0 0 -12.839836184211125 -68.53875721189902 143.1 -53.843986984631435 -44.28111100201279 235.30084 142.85223 -999.0 -999.0 -999.0 -999.0 -999.0 138.98970695445246 12.789632288260135 139.0142542432635 12.68328531646934 65.34293963793829 140.9179899994783 -999.0 5400.0 -999.0 1 356 {-999.0 -999.0 -999.0 -999.0 -999.0} "" -999.0 -999.0 -999.0 -999.0 -999 -999 "" "" "" "" 0 0 0.0 0.0 -999 ""
FIBERMAP 1328 R-3C12 METROLOGY 0 0 0 1 0 0 -12.712586514574838 -67.80388786598414 143.1 -53.27465846418282 -43.79964200837062 235.30084 142.85223 -999.0 -999.0 -999.0 -999.0 -999.0 138.99234812026427 12.791857042036995 139.016912645486 12.685482830339835 65.34337496314821 140.90990879622163 -999.0 6231.0 -999.0 -1 -999 {-999.0 -999.0 -999.0 -999.0 -999.0} "" -999.0 -999.0 -999.0 -999.0 -999 -999 "" "" "" "" 0 0 0.0 0.0 -999 ""
FIBERMAP 1329 R+3C16 APOGEE 1 1 0 1 0 0 70.10835899437669 66.81669829633933 143.1 96.62613193730367 6.193105730203872 123.347336 125.99456 139.6921708989068 13.020521729259656 8.267019 -5.008649 0.9425925 139.69219480579812 13.020507617447274 139.71677983482263 12.912854370669615 65.1551059967878 139.25155405523302 16000.0 16600.0 2016.0 2 63 {-999.0 12.718852 12.369681 12.253411 -999.0} sdss_psfmag_from_g3xp 12.663823 12.379834 11.923282 11.1 63050394818040150 1105015619 bright_flexible_3x1 mwm_tess_rgb_apogee mwm_tessrgb science 0 0 0.0 0.0 -999 ""
FIBERMAP 1329 R+3C16 BOSS 0 0 0 1 0 0 70.40098945942295 67.50911879958481 143.1 97.29494654743702 6.535864035145335 123.347336 125.99456 -999.0 -999.0 -999.0 -999.0 -999.0 139.69541805658432 13.021992569729212 139.7199492311318 12.914411793408346 65.15465325085732 139.24339109739842 -999.0 5400.0 -999.0 1 220 {-999.0 -999.0 -999.0 -999.0 -999.0} "" -999.0 -999.0 -999.0 -999.0 -999 -999 "" "" "" "" 0 0 0.0 0.0 -999 ""
FIBERMAP 1329 R+3C16 METROLOGY 0 0 0 1 0 0 70.85590975598096 66.91805187117545 143.1 97.26409025941577 5.790825540808461 123.347336 125.99456 -999.0 -999.0 -999.0 -999.0 -999.0 139.69524970982306 13.018622234694261 139.71979042229032 12.911020289666073 65.15193791669665 139.24824113067137 -999.0 6231.0 -999.0 -1 -999 {-999.0 -999.0 -999.0 -999.0 -999.0} "" -999.0 -999.0 -999.0 -999.0 -999 -999 "" "" "" "" 0 0 0.0 0.0 -999 ""
FIBERMAP 1330 R-3C11 APOGEE 0 0 0 1 0 0 -19.425164776118635 -72.49286251031964 143.1 -61.42932488451383 -43.083340883873724 7.6312413 53.927887 -999.0 -999.0 -999.0 -999.0 -999.0 138.9542643761868 12.79510726810341 138.97889536587894 12.688740456381103 65.36625227208285 140.98035070294526 -999.0 16600.0 -999.0 2 208 {-999.0 -999.0 -999.0 -999.0 -999.0} "" -999.0 -999.0 -999.0 -999.0 -999 -999 "" ops_sky_apogee_best_unassigned ops_sky sky_apogee 0 0 0.0 0.0 -999 ""
FIBERMAP 1330 R-3C11 BOSS 1 1 0 1 0 0 -19.773342650130367 -73.13828695136738 143.1 -62.11053524074836 -43.35442043853242 7.6312413 53.927887 138.95110888490413 12.793764207527795 -0.078077056 0.07146083 0.014534828 138.9511086593225 12.793764408867865 138.97568695553383 12.687481903748376 65.36689348648284 140.988296864057 5400.0 5400.0 2016.0 1 347 {-999.0 17.830847 17.879217 17.92162 17.862532} sdss_psfmag 17.697954 17.648863 17.383158 16.324 63050394818031804 1060286208 dark_flexible_2x2 bhm_aqmes_bonus_core bhm_filler science 0 0 0.0 0.0 -999 ""
FIBERMAP 1330 R-3C11 METROLOGY 0 0 0 1 0 0 -20.174453491266494 -72.51727144403888 143.1 -62.0192140586728 -42.62097830175577 7.6312413 53.927887 -999.0 -999.0 -999.0 -999.0 -999.0 138.95151467621096 12.797131097435505 138.97611368343746 12.690824907592537 65.369475730596 140.9831058279025 -999.0 6231.0 -999.0 -1 -999 {-999.0 -999.0 -999.0 -999.0 -999.0} "" -999.0 -999.0 -999.0 -999.0 -999 -999 "" "" "" "" 0 0 0.0 0.0 -999 ""
FIBERMAP 1331 R-10C3 APOGEE 0 0 0 1 0 0 -113.80653198790972 -199.74437660373937 143.1 -215.45826048325168 -80.00661928376807 47.08506 33.01692 -999.0 -999.0 -999.0 -999.0 -999.0 138.24066463022362 12.625721300746628 138.26541413972967 12.520606426368177 65.59502121220108 142.61603288237163 -999.0 16600.0 -999.0 2 242 {-999.0 -999.0 -999.0 -999.0 -999.0} "" -999.0 -999.0 -999.0 -999.0 -999 -999 "" ops_sky_apogee_best_unassigned ops_sky sky_apogee 0 0 0.0 0.0 -999 ""
FIBERMAP 1331 R-10C3 BOSS 1 1 0 1 0 0 -113.88695349053833 -200.47607546762418 143.1 -215.98966665651895 -80.51572382406579 47.08506 33.01692 138.2380604427315 12.623564462196068 68.97893 -86.28536 1.8824688 138.23825960423005 12.623321354094543 138.26295625273397 12.518290131135938 65.59430157416732 142.62391409742358 5400.0 5400.0 2016.0 1 478 {-999.0 19.174404 17.72512 17.05312 -999.0} sdss_psfmag 18.598372 17.641504 16.69585 14.922 63050394818498388 1136072106 dark_flexible_3x1 mwm_halo_local_high_boss_triple mwm_halo science 0 0 0.0 0.0 -999 ""
FIBERMAP 1331 R-10C3 METROLOGY 0 0 0 1 0 0 -114.48845499141888 -200.03914774701056 143.1 -216.17010547571755 -79.7946999681994 47.08506 33.01692 -999.0 -999.0 -999.0 -999.0 -999.0 138.2373911916057 12.626608072323704 138.26210870245615 12.521555254166017 65.59751742496454 142.6214889151921 -999.0 6231.0 -999.0 -1 -999 {-999.0 -999.0 -999.0 -999.0 -999.0} "" -999.0 -999.0 -999.0 -999.0 -999 -999 "" "" "" "" 0 0 0.0 0.0 -999 ""
FIBERMAP 1333 R-5C14 APOGEE 0 0 0 1 0 0 62.26287113338041 -103.60893306308077 143.1 -18.80520974940484 -119.37560635939786 275.82108 150.52165 -999.0 -999.0 -999.0 -999.0 -999.0 139.15412932334954 12.448608042826445 139.17801163272202 12.341974602168829 64.96947990422046 141.0388530067152 -999.0 16600.0 -999.0 2 195 {-999.0 -999.0 -999.0 -999.0 -999.0} "" -999.0 -999.0 -999.0 -999.0 -999 -999 "" ops_sky_apogee_best_unassigned ops_sky sky_apogee 0 0 0.0 0.0 -999 ""
FIBERMAP 1333 R-5C14 BOSS 1 1 0 1 0 0 61.945280995573626 -104.28409086838379 143.1 -19.48206898996611 -119.68911044258584 275.82108 150.52165 139.15102159977744 12.447047700850238 0.7365435 -0.19464405 0.2511305 139.15102372493072 12.447047152442835 139.17485213665123 12.34049948834633 64.96990986443878 141.0468740472561 5400.0 5400.0 2016.0 1 325 {-999.0 17.659279 17.318853 17.177404 -999.0} sdss_psfmag 17.622272 17.319948 16.86446 15.727 63050394818030043 976570447 "" ops_std_boss ops_std standard_boss 0 0 0.0 0.0 -999 ""
FIBERMAP 1333 R-5C14 METROLOGY 0 0 0 1 0 0 61.51402632220593 -103.66404174851046 143.1 -19.414469003504514 -118.93705555024886 275.82108 150.52165 -999.0 -999.0 -999.0 -999.0 -999.0 139.1513163307913 12.450492942344237 139.17516585946106 12.343921330234075 64.97262148064861 141.04188788810168 -999.0 6231.0 -999.0 -1 -999 {-999.0 -999.0 -999.0 -999.0 -999.0} "" -999.0 -999.0 -999.0 -999.0 -999 -999 "" "" "" "" 0 0 0.0 0.0 -999 ""
FIBERMAP 1334 R-4C16 APOGEE 0 0 0 1 0 0 86.190486768981 -68.56108421375372 143.1 22.03362138686751 -107.87899635039884 79.398834 143.34724 -999.0 -999.0 -999.0 -999.0 -999.0 139.34436975153145 12.50111994531821 139.36823291418574 12.394155585776053 64.91222005951403 140.6037127576211 -999.0 16600.0 -999.0 2 -999 {-999.0 -999.0 -999.0 -999.0 -999.0} "" -999.0 -999.0 -999.0 -999.0 -999 -999 "" "" "" "" 0 0 0.0 0.0 -999 ""
FIBERMAP 1334 R-4C16 BOSS 1 1 0 1 0 0 86.7405796162669 -68.04429572257108 143.1 22.786980818757872 -107.83613318442049 79.398834 143.34724 139.34794570954506 12.50119045117412 -999.0 -999.0 -999.0 139.34794570954506 12.50119045117412 139.37175326260086 12.394300174461028 64.91046219546193 140.59673530317346 5400.0 5400.0 2016.0 1 283 {-999.0 21.416727 21.292477 21.060062 20.839067} sdss_psfmag_from_lsdr10 1e+20 1e+20 1e+20 -999.0 63050398960696350 1059071482 dark_flexible_2x2 bhm_spiders_agn_lsdr10 bhm_spiders science 0 0 0.0 0.0 -999 ""
FIBERMAP 1334 R-4C16 METROLOGY 0 0 0 1 0 0 86.90701290325444 -68.76905603736199 143.1 22.449206731027306 -108.49840938386883 79.398834 143.34724 -999.0 -999.0 -999.0 -999.0 -999.0 139.346356729401 12.498211890693185 139.37017510903354 12.39130220432571 64.90879379379481 140.6036430682916 -999.0 6231.0 -999.0 -1 -999 {-999.0 -999.0 -999.0 -999.0 -999.0} "" -999.0 -999.0 -999.0 -999.0 -999 -999 "" "" "" "" 0 0 0.0 0.0 -999 ""
FIBERMAP 1335 R-7C1 APOGEE 0 0 0 1 0 0 -219.26348116547103 -149.70379408079117 143.1 -264.1475267353528 26.048892682696753 261.16745 101.57318 -999.0 -999.0 -999.0 -999.0 -999.0 138.0136595759832 13.10483245936538 138.03943112486195 13.000011602577606 66.1187995324714 142.46019785116403 -999.0 16600.0 -999.0 2 260 {-999.0 -999.0 -999.0 -999.0 -999.0} "" -999.0 -999.0 -999.0 -999.0 -999 -999 "" ops_sky_apogee_best_unassigned ops_sky sky_apogee 0 0 0.0 0.0 -999 ""
FIBERMAP 1335 R-7C1 BOSS 1 1 0 1 0 0 -220.00996658469464 -149.7302538048306 143.1 -264.73658427800547 26.507883830896674 261.16745 101.57318 138.01093455891203 13.106872175639225 21.873577 -21.810684 1.9872102 138.01099783589453 13.106810724276588 138.03672563754003 13.002071014060506 66.12193735940835 142.46306172191277 5400.0 5400.0 2016.0 1 500 {-999.0 20.309227 18.887642 17.624353 -999.0} sdss_psfmag 19.754501 18.320501 17.16204 15.038 63050394818503101 1095330736 bright_1x1 mwm_bin_vis_boss mwm_filler science 0 0 0.0 0.0 -999 ""
FIBERMAP 1335 R-7C1 METROLOGY 0 0 0 1 0 0 -219.65722207544553 -149.0698010798102 143.1 -264.0422256180492 26.787548386980873 261.16745 101.57318 -999.0 -999.0 -999.0 -999.0 -999.0 138.01415410819064 13.10812240023886 138.03989648071308 13.003355149591496 66.12140498846838 142.45490181616358 -999.0 6231.0 -999.0 -1 -999 {-999.0 -999.0 -999.0 -999.0 -999.0} "" -999.0 -999.0 -999.0 -999.0 -999 -999 "" "" "" "" 0 0 0.0 0.0 -999 ""
FIBERMAP 1336 R-9C8 APOGEE 0 0 0 1 0 0 -47.65535503952959 -159.8923635414261 143.1 -139.17694577201124 -91.9372720270619 186.84357 50.62914 -999.0 -999.0 -999.0 -999.0 -999.0 138.59354136507662 12.57226552015093 138.61798283652712 12.466557399984415 65.3677677769491 141.9795491976689 -999.0 16600.0 -999.0 2 173 {-999.0 -999.0 -999.0 -999.0 -999.0} "" -999.0 -999.0 -999.0 -999.0 -999 -999 "" ops_sky_apogee_best_unassigned ops_sky sky_apogee 0 0 0.0 0.0 -999 ""
FIBERMAP 1336 R-9C8 BOSS 1 1 0 1 0 0 -47.268384083194114 -159.26382542000374 143.1 -138.47684789678817 -91.70403976741208 186.84357 50.62914 138.59679160330134 12.573219782657983 -2.555607 -0.51321256 0.07739524 138.59678422598932 12.57321833668732 138.62117453586745 12.46758389422249 65.36698465964669 141.9719042988224 5400.0 5400.0 2016.0 1 383 {-999.0 20.774725 20.68957 20.71724 20.744059} sdss_psfmag_from_gdr3 20.747313 20.777882 20.581154 -999.0 63050394818031582 1128537986 dark_flexible_3x1 bhm_spiders_agn_gaiadr3_d3 bhm_spiders science 0 0 0.0 0.0 -999 ""
FIBERMAP 1336 R-9C8 METROLOGY 0 0 0 1 0 0 -46.906542347929104 -159.9170763584886 143.1 -138.61895920347513 -92.4369734671843 186.84357 50.62914 -999.0 -999.0 -999.0 -999.0 -999.0 138.59614259693092 12.56992035266907 138.62054175857116 12.464265185661933 65.36449924554033 141.9773847279854 -999.0 6231.0 -999.0 -1 -999 {-999.0 -999.0 -999.0 -999.0 -999.0} "" -999.0 -999.0 -999.0 -999.0 -999 -999 "" "" "" "" 0 0 0.0 0.0 -999 ""
FIBERMAP 1338 R-8C12 APOGEE 0 0 0 1 0 0 27.938140946425207 -166.49630743091078 143.1 -85.48578065067863 -145.53175741228583 265.31436 54.637062 -999.0 -999.0 -999.0 -999.0 -999.0 138.84436174054724 12.32967818868173 138.86821237231828 12.223593133507887 65.0320598312333 141.79358273613065 -999.0 16600.0 -999.0 2 -999 {-999.0 -999.0 -999.0 -999.0 -999.0} "" -999.0 -999.0 -999.0 -999.0 -999 -999 "" "" "" "" 0 0 0.0 0.0 -999 ""
FIBERMAP 1338 R-8C12 BOSS 1 1 0 1 0 0 27.37701431734198 -166.03385995536112 143.1 -85.61889362937666 -144.8170984942872 265.31436 54.637062 138.84374711748978 12.332781579006697 0.07806771 0.36667222 -0.5711363 138.84374734264037 12.332782612101504 138.86755211843513 12.226778481927184 65.0351000361338 141.79086085828547 5400.0 5400.0 2016.0 1 382 {-999.0 20.154987 19.941357 19.755688 19.611504} sdss_psfmag_from_gaiadr2 20.126846 19.954887 19.411991 -999.0 63050394818028534 1129190755 dark_flexible_3x1 bhm_gua_dark_d3 bhm_filler science 0 0 0.0 0.0 -999 ""
FIBERMAP 1338 R-8C12 METROLOGY 0 0 0 1 0 0 28.059227646009553 -165.76010094377855 143.1 -84.92031663643245 -145.04530686710623 265.31436 54.637062 -999.0 -999.0 -999.0 -999.0 -999.0 138.8469887715362 12.33178405174612 138.87080455732212 12.225751813002242 65.03253915047668 141.78577980100118 -999.0 6231.0 -999.0 -1 -999 {-999.0 -999.0 -999.0 -999.0 -999.0} "" -999.0 -999.0 -999.0 -999.0 -999 -999 "" "" "" "" 0 0 0.0 0.0 -999 ""
FIBERMAP 1339 R-4C7 APOGEE 0 0 0 1 0 0 -109.55549481833943 -85.11544649777333 143.1 -138.6048739471919 5.110017181107608 215.55534 169.52704 -999.0 -999.0 -999.0 -999.0 -999.0 138.59373020838146 13.013294390632698 138.61897932861183 12.907496116912537 65.73998110016579 141.40829193329535 -999.0 16600.0 -999.0 2 259 {-999.0 -999.0 -999.0 -999.0 -999.0} "" -999.0 -999.0 -999.0 -999.0 -999 -999 "" ops_sky_apogee_best_unassigned ops_sky sky_apogee 0 0 0.0 0.0 -999 ""
FIBERMAP 1339 R-4C7 BOSS 1 1 0 1 0 0 -110.22007918968542 -85.43910405612672 143.1 -139.321977512575 5.288667395443523 215.55534 169.52704 138.5903976511599 13.014013784400362 -4.3374615 1.1029645 0.3750808 138.5903851082468 13.014016891990066 138.61558668279724 12.908301783009671 65.74243953441392 141.41402094733593 5400.0 5400.0 2016.0 1 460 {-999.0 17.627018 17.314758 17.177353 -999.0} sdss_psfmag 17.575323 17.294529 16.857452 15.809 63050394818501759 976112035 "" ops_std_boss ops_std standard_boss 0 0 0.0 0.0 -999 ""
FIBERMAP 1339 R-4C7 METROLOGY 0 0 0 1 0 0 -110.181032277951 -84.68930270690107 143.1 -138.8106563798141 5.838208654749275 215.55534 169.52704 -999.0 -999.0 -999.0 -999.0 -999.0 138.59274839122708 13.016548234803517 138.61796766012588 12.910806577531321 65.74330201296729 141.40597892260115 -999.0 6231.0 -999.0 -1 -999 {-999.0 -999.0 -999.0 -999.0 -999.0} "" -999.0 -999.0 -999.0 -999.0 -999 -999 "" "" "" "" 0 0 0.0 0.0 -999 ""
FIBERMAP 1340 R+9C17 APOGEE 0 0 0 1 0 0 149.9674278800604 177.5000873265603 143.1 228.88860645905825 39.7431928598718 205.92615 76.58916 -999.0 -999.0 -999.0 -999.0 -999.0 140.3057869205213 13.171676999257407 140.33025719195308 13.062975915971819 64.93697688414332 137.88515158083388 -999.0 16600.0 -999.0 2 -999 {-999.0 -999.0 -999.0 -999.0 -999.0} "" -999.0 -999.0 -999.0 -999.0 -999 -999 "" "" "" "" 0 0 0.0 0.0 -999 ""
FIBERMAP 1340 R+9C17 BOSS 1 1 0 1 0 0 149.7910106573607 178.21833275416265 143.1 229.21454657692692 40.40688639210081 205.92615 76.58916 140.3067728582193 13.174681649204608 27.63347 -27.190075 1.0790786 140.30737927299674 13.17460504146508 140.33179681666735 13.065978635519516 64.93855691615838 137.87816080940144 5400.0 5400.0 2016.0 1 240 {-999.0 14.328401 13.937957 13.801197 -999.0} sdss_psfmag_from_g3xp 14.257662 13.947185 13.466218 12.642 63050394818040596 1135927596 dark_flexible_3x1 mwm_halo_local_high_boss_triple mwm_halo science 0 0 1.8453483581542969 0.0 -999 ""
FIBERMAP 1340 R+9C17 METROLOGY 0 0 0 1 0 0 150.51087949210404 178.0112842806582 143.1 229.6332864230576 39.78603484314534 205.92615 76.58916 -999.0 -999.0 -999.0 -999.0 -999.0 140.30928132693882 13.17180486548742 140.3337089196965 13.063153827614208 64.93517535563021 137.878436680864 -999.0 6231.0 -999.0 -1 -999 {-999.0 -999.0 -999.0 -999.0 -999.0} "" -999.0 -999.0 -999.0 -999.0 -999 -999 "" "" "" "" 0 0 0.0 0.0 -999 ""
FIBERMAP 1341 R-6C4 APOGEE 0 0 0 1 0 0 -165.37015416087613 -111.08788265358889 143.1 -198.0536406801016 21.04090185126794 119.311485 141.8027 -999.0 -999.0 -999.0 -999.0 -999.0 138.31771196533336 13.084259204434344 138.3432601931458 12.978918988632493 65.94419075705167 141.86937475449346 -999.0 16600.0 -999.0 2 -999 {-999.0 -999.0 -999.0 -999.0 -999.0} "" -999.0 -999.0 -999.0 -999.0 -999 -999 "" "" "" "" 0 0 0.0 0.0 -999 ""
FIBERMAP 1341 R-6C4 BOSS 1 1 0 1 0 0 -165.2759653838618 -110.35357324529916 143.1 -197.51000789175228 21.543167933726703 119.311485 141.8027 138.32022787201274 13.08652015261157 -4.990173 -13.579998 1.7170019 138.3202134373816 13.086481891121059 138.34571415752248 12.981214115631154 65.94485862219788 141.8614101531993 5400.0 5400.0 2016.0 1 453 {-999.0 20.466436 18.953526 17.937193 -999.0} sdss_psfmag 19.820738 18.611807 17.538248 15.517 63050394818503030 1095251750 bright_1x1 mwm_bin_vis_boss mwm_filler science 0 0 0.0 0.0 -999 ""
FIBERMAP 1341 R-6C4 METROLOGY 0 0 0 1 0 0 -164.6779683279409 -110.80942125016723 143.1 -197.34440216034272 20.80989447821866 119.311485 141.8027 -999.0 -999.0 -999.0 -999.0 -999.0 138.3209896500999 13.083179437175316 138.34649814336802 12.977889120167006 65.94163800596478 141.8641711609359 -999.0 6231.0 -999.0 -1 -999 {-999.0 -999.0 -999.0 -999.0 -999.0} "" -999.0 -999.0 -999.0 -999.0 -999 -999 "" "" "" "" 0 0 0.0 0.0 -999 ""
FIBERMAP 1342 R+2C4 APOGEE 0 0 0 1 0 0 -207.84669823425457 46.54448585846891 143.1 -129.40031819804867 169.11391514835154 98.155815 142.43587 -999.0 -999.0 -999.0 -999.0 -999.0 138.63508153611858 13.757347103477484 138.66167349395437 13.651328216347238 66.34085334337423 140.32367810024292 -999.0 16600.0 -999.0 2 -999 {-999.0 -999.0 -999.0 -999.0 -999.0} "" -999.0 -999.0 -999.0 -999.0 -999 -999 "" "" "" "" 0 0 0.0 0.0 -999 ""
FIBERMAP 1342 R+2C4 BOSS 1 1 0 1 0 0 -207.50094836924674 47.18941922543894 143.1 -128.72128383382437 169.38617723099597 98.155815 142.43587 138.63788356896222 13.758638516498438 0.34291995 -27.080702 0.798763 138.6382652728699 13.758562216928741 138.66480641511146 13.652612266286528 66.34024147955905 140.31558680591655 5400.0 5400.0 2016.0 1 35 {-999.0 15.832533 15.519151 15.25423 -999.0} sdss_psfmag 15.74009 15.405841 14.901987 13.996 63050394818514908 1136072212 dark_flexible_3x1 mwm_halo_local_high_boss_triple mwm_halo science 0 0 1.3312267065048218 0.0 -999 ""
FIBERMAP 1342 R+2C4 METROLOGY 0 0 0 1 0 0 -207.10089298420186 46.56537866837183 143.1 -128.8153560482338 168.65109448373408 98.155815 142.43587 -999.0 -999.0 -999.0 -999.0 -999.0 138.63781690270207 13.75525835546968 138.66436679453102 13.649288688734112 66.33770737767765 140.32104996010034 -999.0 6231.0 -999.0 -1 -999 {-999.0 -999.0 -999.0 -999.0 -999.0} "" -999.0 -999.0 -999.0 -999.0 -999 -999 "" "" "" "" 0 0 0.0 0.0 -999 ""
FIBERMAP 1345 R-1C16 APOGEE 0 0 0 1 0 0 36.473413257073034 -29.211945894189988 143.1 9.196375558023416 -45.80374053274808 273.75308 31.07869 -999.0 -999.0 -999.0 -999.0 -999.0 139.28410418360647 12.783362784723442 139.30851322664472 12.676441675605387 65.18026980452211 140.35248815515027 -999.0 16600.0 -999.0 2 231 {-999.0 -999.0 -999.0 -999.0 -999.0} "" -999.0 -999.0 -999.0 -999.0 -999 -999 "" ops_sky_apogee_best_unassigned ops_sky sky_apogee 0 0 0.0 0.0 -999 ""
FIBERMAP 1345 R-1C16 BOSS 1 1 0 1 0 0 36.04514261922728 -28.595891594599276 143.1 9.263697553714211 -45.05666292363023 273.75308 31.07869 139.28447450902604 12.786674785616162 -0.81611174 -4.862922 0.14690773 139.28447215116773 12.786661084388134 139.30883359611767 12.679817577890345 65.18291736377813 140.34744280553707 5400.0 5400.0 2016.0 1 281 {-999.0 16.725342 16.392492 16.267216 16.228844} sdss_psfmag_from_gaia 16.6914 16.4014 15.955 15.096 63050394818031996 968182489 "" ops_std_boss_gdr2 ops_std standard_boss 0 0 0.0 0.0 -999 ""
FIBERMAP 1345 R-1C16 METROLOGY 0 0 0 1 0 0 36.79030416482626 -28.528126011170116 143.1 9.878260286459838 -45.48314933243671 273.75308 31.07869 -999.0 -999.0 -999.0 -999.0 -999.0 139.28732989880427 12.784750533857252 139.31170131178192 12.677880259508177 65.17976060463914 140.34441490831864 -999.0 6231.0 -999.0 -1 -999 {-999.0 -999.0 -999.0 -999.0 -999.0} "" -999.0 -999.0 -999.0 -999.0 -999 -999 "" "" "" "" 0 0 0.0 0.0 -999 ""
FIBERMAP 1346 R+3C6 APOGEE 0 0 0 1 0 0 -148.58303475216923 49.53467871828957 143.1 -82.06377304896927 133.35619969357435 208.30919 151.30634 -999.0 -999.0 -999.0 -999.0 -999.0 138.85587973591083 13.59722078654246 138.88203695801292 13.49085812920039 66.08863249472388 140.10160517304317 -999.0 16600.0 -999.0 2 -999 {-999.0 -999.0 -999.0 -999.0 -999.0} "" -999.0 -999.0 -999.0 -999.0 -999 -999 "" "" "" "" 0 0 0.0 0.0 -999 ""
FIBERMAP 1346 R+3C6 BOSS 1 1 0 1 0 0 -149.3136891687975 49.537035800423304 143.1 -82.62219714191107 133.82711058477022 208.30919 151.30634 138.85331759357413 13.599327797771446 -9.4998665 -5.199518 -1.2309473 138.85329005575292 13.599313148186475 138.8794010293526 13.493029826345115 66.09186117243104 140.10389524771966 5400.0 5400.0 2016.0 1 39 {-999.0 21.65944 20.575434 19.514166 -999.0} sdss_psfmag 20.703531 20.249828 18.953777 -999.0 63050394818514401 1092518667 dark_flexible_2x1 mwm_cb_galex_vol_boss mwm_cb science 0 0 0.0 0.0 -999 ""
FIBERMAP 1346 R+3C6 METROLOGY 0 0 0 1 0 0 -148.96240477118943 50.177127447123574 143.1 -81.94202993168258 134.09210885760635 208.30919 151.30634 -999.0 -999.0 -999.0 -999.0 -999.0 138.85645642056716 13.600542921366229 138.88258234504917 13.494232615154878 66.09114604115152 140.09589805001332 -999.0 6231.0 -999.0 -1 -999 {-999.0 -999.0 -999.0 -999.0 -999.0} "" -999.0 -999.0 -999.0 -999.0 -999 -999 "" "" "" "" 0 0 0.0 0.0 -999 ""
FIBERMAP 1349 R-5C10 APOGEE 0 0 0 1 0 0 -44.554209435321326 -88.37997623794561 143.1 -90.88703988699848 -39.12475331772013 148.46413 110.59474 -999.0 -999.0 -999.0 -999.0 -999.0 138.81680236129745 12.812784349562943 138.84154892860738 12.706647071686783 65.4538279436088 141.22781414267064 -999.0 16600.0 -999.0 2 289 {-999.0 -999.0 -999.0 -999.0 -999.0} "" -999.0 -999.0 -999.0 -999.0 -999 -999 "" ops_sky_apogee_best_unassigned ops_sky sky_apogee 0 0 0.0 0.0 -999 ""
FIBERMAP 1349 R-5C10 BOSS 1 1 0 1 0 0 -44.402733541877375 -87.63775308222786 143.1 -90.29442419494865 -38.65320277270934 148.46413 110.59474 138.81956245720593 12.81484018241019 -999.0 -999.0 -999.0 138.81956245720593 12.81484018241019 138.84425939688015 12.708776328372812 65.45419282302433 141.21968938370793 5400.0 5400.0 2016.0 1 398 {-999.0 21.049578 20.862871 20.703434 20.587692} sdss_psfmag_from_gaiadr2 20.946447 20.864244 20.310127 -999.0 63050394818031846 1129190804 dark_flexible_3x1 bhm_gua_dark_d3 bhm_filler science 0 0 0.0 0.0 -999 ""
FIBERMAP 1349 R-5C10 METROLOGY 0 0 0 1 0 0 -43.847899576211674 -88.12932735131203 143.1 -90.18483397666948 -39.386142925031905 148.46413 110.59474 -999.0 -999.0 -999.0 -999.0 -999.0 138.8200808672879 12.811531470707642 138.84478615703222 12.705445166287154 65.45111145592146 141.22297728600012 -999.0 6231.0 -999.0 -1 -999 {-999.0 -999.0 -999.0 -999.0 -999.0} "" -999.0 -999.0 -999.0 -999.0 -999 -999 "" "" "" "" 0 0 0.0 0.0 -999 ""
FIBERMAP 1351 R-3C8 APOGEE 0 0 0 1 0 0 -80.1147977165561 -65.52967124057295 143.1 -103.46825745759428 1.2176760532452375 59.229774 15.66694 -999.0 -999.0 -999.0 -999.0 -999.0 138.75742210680687 12.996225852074602 138.7825398960918 12.89015214427305 65.6393077375917 141.1050488067803 -999.0 16600.0 -999.0 2 -999 {-999.0 -999.0 -999.0 -999.0 -999.0} "" -999.0 -999.0 -999.0 -999.0 -999 -999 "" "" "" "" 0 0 0.0 0.0 -999 ""
FIBERMAP 1351 R-3C8 BOSS 1 1 0 1 0 0 -80.29785654754781 -66.25721091132381 143.1 -104.07564946360242 0.7776555059065848 59.229774 15.66694 138.75472954099652 12.994225993494986 -45.2774 -32.14088 0.90468 138.7545986199496 12.994135436896368 138.7796627854314 12.888144731178016 65.6391391093986 141.1134002699865 5400.0 5400.0 2016.0 1 469 {-999.0 17.148712 16.515583 16.278893 -999.0} sdss_psfmag 16.966616 16.524958 15.893011 14.591 63050394818501385 1136768424 dark_flexible_3x1 mwm_halo_local_high_boss_triple mwm_halo science 0 0 0.0 0.0 -999 ""
FIBERMAP 1351 R-3C8 METROLOGY 0 0 0 1 0 0 -80.83301577120078 -65.73172273523267 143.1 -104.1483880713481 1.5239537581925326 59.229774 15.66694 -999.0 -999.0 -999.0 -999.0 -999.0 138.75424144625478 12.997553402836976 138.77932678595897 12.891540552308326 65.64217126567321 141.10960925792168 -999.0 6231.0 -999.0 -1 -999 {-999.0 -999.0 -999.0 -999.0 -999.0} "" -999.0 -999.0 -999.0 -999.0 -999 -999 "" "" "" "" 0 0 0.0 0.0 -999 ""
FIBERMAP 1353 R-12C3 APOGEE 0 0 0 1 0 0 -125.18600576627136 -236.69108183194356 143.1 -247.8999453496748 -101.01474512602357 200.89783 112.67374 -999.0 -999.0 -999.0 -999.0 -999.0 138.09295547999702 12.530597974839642 138.11761710375464 12.425756643855953 65.58912259506997 143.03368951442124 -999.0 16600.0 -999.0 2 -999 {-999.0 -999.0 -999.0 -999.0 -999.0} "" -999.0 -999.0 -999.0 -999.0 -999 -999 "" "" "" "" 0 0 0.0 0.0 -999 ""
FIBERMAP 1353 R-12C3 BOSS 1 1 0 1 0 0 -125.70814023047093 -236.13952432337152 143.1 -247.94596504358012 -100.2568309569051 200.89783 112.67374 138.09274853172957 12.53393774404523 -0.1420376 -0.39487487 0.023743007 138.09274812176994 12.53393663148977 138.11736679884223 12.429174284125551 65.59217290106832 143.02991302401168 5400.0 5400.0 2016.0 1 350 {-999.0 20.266354 20.064259 19.890171 19.758076} sdss_psfmag_from_gaiadr2 20.174894 20.072268 19.492685 -999.0 63050394818498159 1055740281 dark_flexible_2x2 bhm_gua_dark bhm_filler science 0 0 0.0 0.0 -999 ""
FIBERMAP 1353 R-12C3 METROLOGY 0 0 0 1 0 0 -124.97857521253616 -235.97439881561846 143.1 -247.28084639515578 -100.59869204187885 200.89783 112.67374 -999.0 -999.0 -999.0 -999.0 -999.0 138.09579440573552 12.532418776086407 138.12042247979156 12.427629019328792 65.58930567220602 143.025672347859 -999.0 6231.0 -999.0 -1 -999 {-999.0 -999.0 -999.0 -999.0 -999.0} "" -999.0 -999.0 -999.0 -999.0 -999 -999 "" "" "" "" 0 0 0.0 0.0 -999 ""
FIBERMAP 1354 R+3C8 APOGEE 0 0 0 1 0 0 -99.4524283577626 69.23410966295538 143.1 -31.764812878541996 116.90937923838669 67.85592 131.49437 -999.0 -999.0 -999.0 -999.0 -999.0 139.09115338125198 13.523598812161715 139.1170268867088 13.416852357454973 65.89992602611278 139.73620585877424 -999.0 16600.0 -999.0 2 -999 {-999.0 -999.0 -999.0 -999.0 -999.0} "" -999.0 -999.0 -999.0 -999.0 -999 -999 "" "" "" "" 0 0 0.0 0.0 -999 ""
FIBERMAP 1354 R+3C8 BOSS 1 1 0 1 0 0 -98.72406090974204 69.47480725407026 143.1 -31.052092186793164 116.62620174139744 67.85592 131.49437 139.0945254173139 13.522301179244257 1.1345896 -0.612573 0.79800224 139.09452870514917 13.52229945332669 139.12034506869722 13.41562336447169 65.89710331829278 139.73133222947217 5400.0 5400.0 2016.0 1 52 {-999.0 20.302376 20.320866 20.257618 20.188509} sdss_psfmag_from_lsdr10 20.368362 20.279871 19.953163 -999.0 63050394818513151 1059076670 dark_flexible_2x2 bhm_spiders_agn_lsdr10 bhm_spiders science 0 0 0.0 0.0 -999 ""
FIBERMAP 1354 R+3C8 METROLOGY 0 0 0 1 0 0 -98.88491728298057 68.74976148187946 143.1 -31.640868160784372 116.17383767514713 67.85592 131.49437 -999.0 -999.0 -999.0 -999.0 -999.0 139.09176482814541 13.520250245681392 139.11759421820744 13.413557756199792 65.89688525319228 139.73959256514524 -999.0 6231.0 -999.0 -1 -999 {-999.0 -999.0 -999.0 -999.0 -999.0} "" -999.0 -999.0 -999.0 -999.0 -999 -999 "" "" "" "" 0 0 0.0 0.0 -999 ""
FIBERMAP 1355 R0C10 APOGEE 0 0 0 1 0 0 -104.42652196200166 -14.663179710382359 143.1 -89.44157430042294 55.80817911642847 281.12387 48.775726 -999.0 -999.0 -999.0 -999.0 -999.0 138.82208910416915 13.244920076513177 138.84762202384894 13.138685972692192 65.81322219495746 140.64644138225367 -999.0 16600.0 -999.0 2 -999 {-999.0 -999.0 -999.0 -999.0 -999.0} "" -999.0 -999.0 -999.0 -999.0 -999 -999 "" "" "" "" 0 0 0.0 0.0 -999 ""
FIBERMAP 1355 R0C10 BOSS 1 1 0 1 0 0 -105.07721247941619 -14.298529179973501 143.1 -89.70611352002454 56.50539429897032 281.12387 48.775726 138.82088137885572 13.248009364638342 -9.343128 9.551377 5.8186812 138.82085433498264 13.248036275533922 138.84634160796918 13.141880474889666 65.816577963722 140.644718467663 5400.0 5400.0 2016.0 1 491 {-999.0 19.029377 17.561817 16.196907 -999.0} sdss_psfmag 18.39695 16.90992 15.718986 13.505 63050394818502534 1077831969 bright_flexible_2x1 mwm_snc_ext_main_boss mwm_snc science 0 0 0.0 0.0 -999 ""
FIBERMAP 1355 R0C10 METROLOGY 0 0 0 1 0 0 -104.42515468291188 -13.917083127452454 143.1 -88.96150755879218 56.37907280871534 281.12387 48.775726 -999.0 -999.0 -999.0 -999.0 -999.0 138.82432544703698 13.247493202218227 138.8498247118688 13.141309791409737 65.81424308384268 140.63855371930322 -999.0 6231.0 -999.0 -1 -999 {-999.0 -999.0 -999.0 -999.0 -999.0} "" -999.0 -999.0 -999.0 -999.0 -999 -999 "" "" "" "" 0 0 0.0 0.0 -999 ""
FIBERMAP 1356 R+8C9 APOGEE 0 0 0 1 0 0 -19.769286229853947 167.86870678311067 143.1 92.62711322779788 141.33881884369035 78.538025 116.95315 -999.0 -999.0 -999.0 -999.0 -999.0 139.67268749780283 13.63455063785058 139.69839134529957 13.526804736858338 65.67042066319465 138.44823289188747 -999.0 16600.0 -999.0 2 -999 {-999.0 -999.0 -999.0 -999.0 -999.0} "" -999.0 -999.0 -999.0 -999.0 -999 -999 "" "" "" "" 0 0 0.0 0.0 -999 ""
FIBERMAP 1356 R+8C9 BOSS 1 1 0 1 0 0 -19.021279777874103 168.07287059744544 143.1 93.33142837619556 141.0150347700519 78.538025 116.95315 139.67605080743715 13.633084469615255 5.0430284 -12.9308605 0.278287 139.6760654280448 13.633048037062244 139.7017097878154 13.52537246951828 65.66739654013239 138.44381300629541 5400.0 5400.0 2016.0 1 123 {-999.0 16.786371 16.468523 16.363539 -999.0} sdss_psfmag 16.706017 16.44498 16.013857 15.279 63050394818042750 980403494 "" ops_std_boss_tic ops_std standard_boss 0 0 0.0 0.0 -999 ""
FIBERMAP 1356 R+8C9 METROLOGY 0 0 0 1 0 0 -19.23209224631226 167.35093791135571 143.1 92.7063672261311 140.59712990076272 78.538025 116.95315 -999.0 -999.0 -999.0 -999.0 -999.0 139.67313163128932 13.631176892631299 139.69879004196412 13.52348516091708 65.6674792102422 138.45208409500796 -999.0 6231.0 -999.0 -1 -999 {-999.0 -999.0 -999.0 -999.0 -999.0} "" -999.0 -999.0 -999.0 -999.0 -999 -999 "" "" "" "" 0 0 0.0 0.0 -999 ""
FIBERMAP 1357 R+3C5 APOGEE 0 0 0 1 0 0 -176.40267005526724 53.32025598543223 143.1 -100.95289898300001 154.11841400240493 172.38275 148.81026 -999.0 -999.0 -999.0 -999.0 -999.0 138.76762926793876 13.690648385978394 138.7940140717642 13.584416984855542 66.21394330578704 140.1494316618443 -999.0 16600.0 -999.0 2 148 {-999.0 -999.0 -999.0 -999.0 -999.0} "" -999.0 -999.0 -999.0 -999.0 -999 -999 "" ops_sky_apogee_best_unassigned ops_sky sky_apogee 0 0 0.0 0.0 -999 ""
FIBERMAP 1357 R+3C5 BOSS 1 1 0 1 0 0 -176.98938953491248 53.78299662333676 143.1 -101.10543683693122 154.84972905042233 172.38275 148.81026 138.76693725585935 13.693918716397647 -999.0 -999.0 -999.0 138.76693725585935 13.693918716397649 138.7932770963545 13.587762765898672 66.21712500940677 140.14631088035708 5400.0 5400.0 2015.5 1 40 {-999.0 -999.0 -999.0 -999.0 -999.0} "" -999.0 -999.0 -999.0 -999.0 27021603088394728 816613975 "" ops_sky_boss_good ops_sky sky_boss 0 0 0.0 0.0 -999 ""
FIBERMAP 1357 R+3C5 METROLOGY 0 0 0 1 0 0 -176.29820828093798 54.05816177298641 143.1 -100.39908448183688 154.6168405647089 172.38275 148.81026 -999.0 -999.0 -999.0 -999.0 -999.0 138.77022361928974 13.692900944678494 138.7965741103406 13.586718375519466 66.21447912614363 140.14113335194097 -999.0 6231.0 -999.0 -1 -999 {-999.0 -999.0 -999.0 -999.0 -999.0} "" -999.0 -999.0 -999.0 -999.0 -999 -999 "" "" "" "" 0 0 0.0 0.0 -999 ""
FIBERMAP 1358 R-3C14 APOGEE 0 0 0 1 0 0 48.42390348351544 -66.67041494601895 143.1 -5.694947890848455 -82.18267299869557 0.786522 83.8006 -999.0 -999.0 -999.0 -999.0 -999.0 139.21487480053395 12.617685764335997 139.23902631258102 12.510915179135212 65.07892533589546 140.70297195223014 -999.0 16600.0 -999.0 2 215 {-999.0 -999.0 -999.0 -999.0 -999.0} "" -999.0 -999.0 -999.0 -999.0 -999 -999 "" ops_sky_apogee_best_unassigned ops_sky sky_apogee 0 0 0.0 0.0 -999 ""
FIBERMAP 1358 R-3C14 BOSS 1 1 0 1 0 0 48.36767204342231 -67.41473121818817 143.1 -6.215916793794258 -82.71697772496455 0.786522 83.8006 139.2124987744634 12.615129634360336 0.041401077 0.028448593 -0.039852317 139.21249889399607 12.615129714513925 139.23659411898106 12.508443215995841 65.07814866195723 140.71089463666283 5400.0 5400.0 2016.0 1 264 {-999.0 19.143576 18.975933 18.87595 18.792603} sdss_psfmag_from_lsdr10 19.043753 18.895035 18.502464 -999.0 63050394818030132 1059071479 dark_flexible_2x2 bhm_spiders_agn_lsdr10 bhm_spiders science 0 0 0.0 0.0 -999 ""
FIBERMAP 1358 R-3C14 METROLOGY 0 0 0 1 0 0 47.748392623715 -66.9971126236416 143.1 -6.422376834846938 -81.9993374109095 0.786522 83.8006 -999.0 -999.0 -999.0 -999.0 -999.0 139.21151438458517 12.618422418472438 139.23563125623542 12.51171434480043 65.08140311187208 140.70853018085512 -999.0 6231.0 -999.0 -1 -999 {-999.0 -999.0 -999.0 -999.0 -999.0} "" -999.0 -999.0 -999.0 -999.0 -999 -999 "" "" "" "" 0 0 0.0 0.0 -999 ""
FIBERMAP 1359 R-7C12 APOGEE 0 0 0 1 0 0 36.74557299475985 -144.89287522826817 143.1 -64.8660751555987 -134.63062068427828 254.6895 147.1966 -999.0 -999.0 -999.0 -999.0 -999.0 138.93993713936965 12.379130162772352 138.96382103231292 12.272872931864763 65.0238737203988 141.54412662862245 -999.0 16600.0 -999.0 2 161 {-999.0 -999.0 -999.0 -999.0 -999.0} "" -999.0 -999.0 -999.0 -999.0 -999 -999 "" ops_sky_apogee_best_unassigned ops_sky sky_apogee 0 0 0.0 0.0 -999 ""
FIBERMAP 1359 R-7C12 BOSS 1 1 0 1 0 0 36.19554960353912 -145.37597105397288 143.1 -65.59774954319263 -134.64770805044947 254.6895 147.1966 138.93657157626944 12.378915684742157 -3.498644 0.5767401 0.21001734 138.9365614842524 12.378917309700611 138.9603948007464 12.272746221980604 65.0255582721968 141.5509853783167 5400.0 5400.0 2016.0 1 381 {-999.0 17.003525 16.598093 16.512094 -999.0} sdss_psfmag 16.949675 16.64187 16.182426 15.315 63050394818029867 980709937 "" ops_std_boss_tic ops_std standard_boss 0 0 0.0 0.0 -999 ""
FIBERMAP 1359 R-7C12 METROLOGY 0 0 0 1 0 0 36.03838581097837 -144.65575099748187 143.1 -65.25578677073186 -133.99486260550495 254.6895 147.1966 -999.0 -999.0 -999.0 -999.0 -999.0 138.93812771178443 12.381909157121889 138.96198037529234 12.275712012101716 65.0272345643655 141.5441263434926 -999.0 6231.0 -999.0 -1 -999 {-999.0 -999.0 -999.0 -999.0 -999.0} "" -999.0 -999.0 -999.0 -999.0 -999 -999 "" "" "" "" 0 0 0.0 0.0 -999 ""
FIBERMAP 1362 R-12C4 APOGEE 0 0 0 1 0 0 -103.89380759663209 -241.23643460035055 143.1 -234.50092574088652 -118.1683811506844 234.96878 90.4943 -999.0 -999.0 -999.0 -999.0 -999.0 138.15518171767962 12.453217808326416 138.1796640922043 12.348285093827565 65.49146440701685 143.00538039097944 -999.0 16600.0 -999.0 2 -999 {-999.0 -999.0 -999.0 -999.0 -999.0} "" -999.0 -999.0 -999.0 -999.0 -999 -999 "" "" "" "" 0 0 0.0 0.0 -999 ""
FIBERMAP 1362 R-12C4 BOSS 1 1 0 1 0 0 -104.5150035418146 -240.81402013566486 143.1 -234.70577540348694 -117.44583504551316 234.96878 90.4943 138.1542440323741 12.45639264393559 -999.0 -999.0 -999.0 138.1542440323741 12.45639264393559 138.17868335536264 12.351540550477354 65.49474530218376 143.0032905838978 5400.0 5400.0 2016.0 1 351 {-999.0 20.128918 18.904675 18.386591 17.996933} sdss_fiber2mag_from_lsdr10 18.603045 21.144047 16.946087 14.537 63050394818498025 1059071463 dark_flexible_2x1 bhm_spiders_agn_lsdr10 bhm_spiders science 0 0 0.0 0.0 -999 ""
FIBERMAP 1362 R-12C4 METROLOGY 0 0 0 1 0 0 -103.83865859809163 -240.49237776887074 143.1 -233.98095293721454 -117.63358028330062 234.96878 90.4943 -999.0 -999.0 -999.0 -999.0 -999.0 138.1575606184309 12.455568777917803 138.18201052922637 12.350688575184119 65.4923328787375 142.99765253834713 -999.0 6231.0 -999.0 -1 -999 {-999.0 -999.0 -999.0 -999.0 -999.0} "" -999.0 -999.0 -999.0 -999.0 -999 -999 "" "" "" "" 0 0 0.0 0.0 -999 ""
FIBERMAP 1363 R-6C13 APOGEE 0 0 0 1 0 0 51.82222310124293 -112.14201183762773 143.1 -32.284927759243985 -119.21169125865472 339.92328 158.11818 -999.0 -999.0 -999.0 -999.0 -999.0 139.0913276305092 12.449253135808283 139.11524858184066 12.342725509557637 65.00325368125696 141.15988705023034 -999.0 16600.0 -999.0 2 -999 {-999.0 -999.0 -999.0 -999.0 -999.0} "" -999.0 -999.0 -999.0 -999.0 -999 -999 "" "" "" "" 0 0 0.0 0.0 -999 ""
FIBERMAP 1363 R-6C13 BOSS 1 1 0 1 0 0 52.37835320004476 -112.6322641767264 143.1 -32.173495525411 -119.94445050996335 339.92328 158.11818 139.09189569114116 12.445796460679308 -999.0 -999.0 -999.0 139.09189569114116 12.445796460679308 139.11575734308587 12.339348777195339 65.0001428727769 141.16321029852 5400.0 5400.0 2016.0 1 380 {-999.0 21.948555 21.74645 21.34818 21.001266} sdss_psfmag_from_lsdr10 1e+20 1e+20 1e+20 -999.0 63050397530854425 1059071477 dark_flexible_2x2 bhm_spiders_agn_lsdr10 bhm_spiders science 0 0 0.0 0.0 -999 ""
FIBERMAP 1363 R-6C13 METROLOGY 0 0 0 1 0 0 51.675875565834396 -112.87361581478453 143.1 -32.86679546393592 -119.67839636742197 339.92328 158.11818 -999.0 -999.0 -999.0 -999.0 -999.0 139.08864971877222 12.447031043851027 139.11253053381995 12.340565855948483 65.0028689407588 141.16793526799518 -999.0 6231.0 -999.0 -1 -999 {-999.0 -999.0 -999.0 -999.0 -999.0} "" -999.0 -999.0 -999.0 -999.0 -999 -999 "" "" "" "" 0 0 0.0 0.0 -999 ""
FIBERMAP 1364 R+13C6 APOGEE 0 0 0 1 0 0 -28.590786311019336 242.1059577806758 143.1 133.5295464677764 203.8942751170537 282.17493 132.42963 -999.0 -999.0 -999.0 -999.0 -999.0 139.86214435567967 13.915747881677206 139.88823289334312 13.807629267703831 65.79285044045824 137.68695354245548 -999.0 16600.0 -999.0 2 105 {-999.0 -999.0 -999.0 -999.0 -999.0} "" -999.0 -999.0 -999.0 -999.0 -999 -999 "" ops_sky_apogee_best_unassigned ops_sky sky_apogee 0 0 0.0 0.0 -999 ""
FIBERMAP 1364 R+13C6 BOSS 1 1 0 1 0 0 -29.02941377796719 241.51117443064362 143.1 132.81153328759876 203.72007605041242 282.17493 132.42963 139.8588874652702 13.91496159514623 -2.1240697 -9.361648 -0.085320294 139.8588812997949 13.914935218810395 139.88491532112712 13.806896824759091 65.79413307220902 137.69437919962468 5400.0 5400.0 2016.0 1 84 {-999.0 18.152405 17.90059 17.813168 17.801752} sdss_psfmag_from_gaia 18.1316 17.9 17.4999 -999.0 63050394818513849 969134027 "" ops_std_boss_gdr2 ops_std standard_boss 0 0 0.0 0.0 -999 ""
FIBERMAP 1364 R+13C6 METROLOGY 0 0 0 1 0 0 -29.336619997829846 242.18236639137658 143.1 133.00703328741926 204.43168103679517 282.17493 132.42963 -999.0 -999.0 -999.0 -999.0 -999.0 139.85975370652844 13.918139058436463 139.8858086239925 13.81007740753645 65.7962119296156 137.68813849985807 -999.0 6231.0 -999.0 -1 -999 {-999.0 -999.0 -999.0 -999.0 -999.0} "" -999.0 -999.0 -999.0 -999.0 -999 -999 "" "" "" "" 0 0 0.0 0.0 -999 ""
FIBERMAP 1365 R+12C3 APOGEE 0 0 0 1 0 0 -106.59313577880619 252.26129842212418 143.1 80.27247047602404 261.7569397708085 128.47224 49.68186 -999.0 -999.0 -999.0 -999.0 -999.0 139.61293697063542 14.17584744027878 139.6396604114579 14.068092153317847 66.14510006615453 137.79579355497052 -999.0 16600.0 -999.0 2 -999 {-999.0 -999.0 -999.0 -999.0 -999.0} "" -999.0 -999.0 -999.0 -999.0 -999 -999 "" "" "" "" 0 0 0.0 0.0 -999 ""
FIBERMAP 1365 R+12C3 BOSS 1 1 0 1 0 0 -105.85064119654012 252.25370594757396 143.1 80.83660698968684 261.2744149519119 128.47224 49.68186 139.61565285231083 14.173749533338679 -8.125435 -48.19198 0.8388695 139.6156292401955 14.173613752985807 139.6422924660858 14.065927873860714 66.14185378211627 137.79377799928244 5400.0 5400.0 2016.0 1 94 {-999.0 17.901766 17.171667 16.889992 -999.0} sdss_psfmag 17.698343 17.193863 16.544605 15.2 63050394818516911 1136072232 dark_flexible_3x1 mwm_halo_local_high_boss_triple mwm_halo science 0 0 0.0 0.0 -999 ""
FIBERMAP 1365 R+12C3 METROLOGY 0 0 0 1 0 0 -106.22763410090764 251.6108597209654 143.1 80.1349695187037 261.02381142525854 128.47224 49.68186 -999.0 -999.0 -999.0 -999.0 -999.0 139.61235201493324 14.172531988929443 139.63903095531288 14.064830982952953 66.14280439638844 137.8017163110151 -999.0 6231.0 -999.0 -1 -999 {-999.0 -999.0 -999.0 -999.0 -999.0} "" -999.0 -999.0 -999.0 -999.0 -999 -999 "" "" "" "" 0 0 0.0 0.0 -999 ""
FIBERMAP 1369 R-1C18 APOGEE 0 0 0 1 0 0 97.07632411303926 -41.08483160433893 143.1 48.016660794491905 -93.8116260590542 332.77734 24.389587 -999.0 -999.0 -999.0 -999.0 -999.0 139.46545351273815 12.565231778095779 139.48935916197286 12.458051119538625 64.90079295433289 140.28784965693913 -999.0 16600.0 -999.0 2 217 {-999.0 -999.0 -999.0 -999.0 -999.0} "" -999.0 -999.0 -999.0 -999.0 -999 -999 "" ops_sky_apogee_best_unassigned ops_sky sky_apogee 0 0 0.0 0.0 -999 ""
FIBERMAP 1369 R-1C18 BOSS 1 1 0 1 0 0 96.34093822483428 -41.0247210584822 143.1 47.49169038840473 -93.29341800603774 332.77734 24.389587 139.4630821233367 12.567458320785214 0.55301833 0.019315416 1.6622589 139.46308371970784 12.567458375206172 139.4869406978787 12.460361136074717 64.90402117117637 140.28950199628335 5400.0 5400.0 2016.0 1 295 {-999.0 20.895744 20.647009 20.575686 20.536556} sdss_psfmag_from_lsdr10 20.725904 20.473501 19.754002 -999.0 63050394818030587 1059071485 dark_flexible_2x2 bhm_spiders_agn_lsdr10 bhm_spiders science 0 0 0.0 0.0 -999 ""
FIBERMAP 1369 R-1C18 METROLOGY 0 0 0 1 0 0 96.75246481215216 -40.40187471251788 143.1 48.20695217512869 -93.08031317694555 332.77734 24.389587 -999.0 -999.0 -999.0 -999.0 -999.0 139.46639826990855 12.568463172937975 139.4902705182643 12.461337516437018 64.90304740520261 140.28183454640788 -999.0 6231.0 -999.0 -1 -999 {-999.0 -999.0 -999.0 -999.0 -999.0} "" -999.0 -999.0 -999.0 -999.0 -999 -999 "" "" "" "" 0 0 0.0 0.0 -999 ""
FIBERMAP 1370 R0C23 APOGEE 1 1 0 1 0 0 215.05610208041713 3.4040763597618158 143.1 166.9938941148775 -135.46448479265962 20.56162 111.82197 140.01735886546285 12.377734450578805 -11.400636 -19.675678 0.6344286 140.0173259799047 12.377679014576916 140.04056316164318 12.269618280169153 64.44536024205561 139.48486393227822 16000.0 16600.0 2016.0 2 89 {-999.0 13.073402 12.263855 11.955215 -999.0} sdss_psfmag_from_g3xp 12.833664 12.29477 11.602587 10.165 63050394818024893 1135909446 dark_flexible_3x1 mwm_halo_local_high_apogee_triple mwm_halo science 0 0 0.0 0.0 -999 ""
FIBERMAP 1370 R0C23 BOSS 0 0 0 1 0 0 215.45978070833394 2.788116769153155 143.1 166.9077868250352 -136.19570092972668 20.56162 111.82197 -999.0 -999.0 -999.0 -999.0 -999.0 140.01699887428074 12.374265477089317 140.0401744195595 12.266286990622872 64.44281046566408 139.489911001729 -999.0 5400.0 -999.0 1 245 {-999.0 -999.0 -999.0 -999.0 -999.0} "" -999.0 -999.0 -999.0 -999.0 -999 -999 "" "" "" "" 0 0 0.0 0.0 -999 ""
FIBERMAP 1370 R0C23 METROLOGY 0 0 0 1 0 0 214.70837497791916 2.738956206592065 143.1 166.30038390260626 -135.7509475776211 20.56162 111.82197 -999.0 -999.0 -999.0 -999.0 -999.0 140.01418441797583 12.376293571056275 140.03738110784906 12.268296358753034 64.44600233551039 139.4925539197305 -999.0 6231.0 -999.0 -1 -999 {-999.0 -999.0 -999.0 -999.0 -999.0} "" -999.0 -999.0 -999.0 -999.0 -999 -999 "" "" "" "" 0 0 0.0 0.0 -999 ""
FIBERMAP 1372 R-11C10 APOGEE 1 1 0 1 0 0 34.12867366652039 -204.91595955033 143.1 -105.40836237064106 -178.9492079496104 37.50845 155.49434 138.75295653168732 12.178819027419314 10.913363 -29.776932 3.605476 138.75298798791047 12.178735131250633 138.77661760586534 12.072836358142261 64.9516429529994 142.16216450821798 16000.0 16600.0 2016.0 2 157 {-999.0 9.605065 9.54871 9.5695305 -999.0} sdss_psfmag_from_g3xp 9.668507 9.519904 9.257888 8.781 63050394818027144 974606170 "" ops_std_apogee ops_std standard_apogee 0 0 0.0 0.0 -999 ""
FIBERMAP 1372 R-11C10 BOSS 0 0 0 1 0 0 34.85587204489585 -204.74632892321068 143.1 -104.7421649606506 -179.28609707220818 37.50845 155.49434 -999.0 -999.0 -999.0 -999.0 -999.0 138.75611199846867 12.177094077774855 138.7796856546379 12.071271424683236 64.94873086486224 142.15809455918773 -999.0 5400.0 -999.0 1 362 {-999.0 -999.0 -999.0 -999.0 -999.0} "" -999.0 -999.0 -999.0 -999.0 -999 -999 "" "" "" "" 0 0 0.0 0.0 -999 ""
FIBERMAP 1372 R-11C10 METROLOGY 0 0 0 1 0 0 34.647416320248226 -205.46104102341744 143.1 -105.36078416148995 -179.69998154972245 37.50845 155.49434 -999.0 -999.0 -999.0 -999.0 -999.0 138.75325201134663 12.175261204615746 138.7768386102549 12.069420806644231 64.9486272139771 142.16598593858217 -999.0 6231.0 -999.0 -1 -999 {-999.0 -999.0 -999.0 -999.0 -999.0} "" -999.0 -999.0 -999.0 -999.0 -999 -999 "" "" "" "" 0 0 0.0 0.0 -999 ""
FIBERMAP 1373 R-9C2 APOGEE 0 0 0 1 0 0 -158.2145142366997 -162.11506368360943 143.1 -225.33106662110075 -22.657966536494584 74.19744 93.78922 -999.0 -999.0 -999.0 -999.0 -999.0 138.19308389792297 12.885367850989017 138.2183406042705 12.78028205069632 65.84018482086886 142.37981811237668 -999.0 16600.0 -999.0 2 -999 {-999.0 -999.0 -999.0 -999.0 -999.0} "" -999.0 -999.0 -999.0 -999.0 -999 -999 "" "" "" "" 0 0 0.0 0.0 -999 ""
FIBERMAP 1373 R-9C2 BOSS 1 1 0 1 0 0 -157.4939302180055 -162.2515193412329 143.1 -224.86645574769233 -23.225178413736884 74.19744 93.78922 138.1952507890393 12.882724828525285 -999.0 -999.0 -999.0 138.1952507890393 12.882724828525287 138.22045177554855 12.77771376694693 65.83691737161934 142.37884357317694 5400.0 5400.0 2016.0 1 490 {-999.0 20.93472 20.994858 20.634226 20.47355} sdss_fiber2mag_from_lsdr10 20.616524 20.624352 19.892206 -999.0 63050394818498921 1059074158 dark_flexible_2x2 bhm_spiders_agn_lsdr10 bhm_spiders science 0 0 0.0 0.0 -999 ""
FIBERMAP 1373 R-9C2 METROLOGY 0 0 0 1 0 0 -157.98196052946477 -162.82399298457187 143.1 -225.60800524836614 -23.35056214797455 74.19744 93.78922 -999.0 -999.0 -999.0 -999.0 -999.0 138.19183785991873 12.882163838030255 138.21705396130994 12.777136677265847 65.83817067302545 142.3864692924482 -999.0 6231.0 -999.0 -1 -999 {-999.0 -999.0 -999.0 -999.0 -999.0} "" -999.0 -999.0 -999.0 -999.0 -999 -999 "" "" "" "" 0 0 0.0 0.0 -999 ""
FIBERMAP 1374 R-5C8 APOGEE 0 0 0 1 0 0 -84.83178672261391 -85.7528613191029 143.1 -120.0670881080752 -11.251912413214782 118.310486 118.025505 -999.0 -999.0 -999.0 -999.0 -999.0 138.6803152132913 12.939201947039072 138.7053757348366 12.833271085686631 65.63208253694327 141.33299135746356 -999.0 16600.0 -999.0 2 -999 {-999.0 -999.0 -999.0 -999.0 -999.0} "" -999.0 -999.0 -999.0 -999.0 -999 -999 "" "" "" "" 0 0 0.0 0.0 -999 ""
FIBERMAP 1374 R-5C8 BOSS 1 1 0 1 0 0 -84.42539783896427 -85.12453914020357 143.1 -119.35224793577171 -11.031312599149535 118.310486 118.025505 138.68361043605375 12.940141848631473 9.22351 -2.6413534 14.71642 138.6836371003387 12.940134406647017 138.7086449089194 12.834275801907111 65.63121115834691 141.32517128552107 5400.0 5400.0 2016.0 1 463 {-999.0 19.469555 18.954557 18.65035 -999.0} sdss_psfmag 19.375036 19.486097 18.367527 -999.0 63050394818501416 1151059357 dark_1x1 mwm_snc_100pc_boss_single mwm_snc science 0 0 0.0 0.0 -999 ""
FIBERMAP 1374 R-5C8 METROLOGY 0 0 0 1 0 0 -84.08672048671718 -85.79208229102483 143.1 -119.52128735795576 -11.760326836182912 118.310486 118.025505 -999.0 -999.0 -999.0 -999.0 -999.0 138.68285856784965 12.936837478799967 138.7078765599921 12.830958633274852 65.62882061277082 141.33103305553362 -999.0 6231.0 -999.0 -1 -999 {-999.0 -999.0 -999.0 -999.0 -999.0} "" -999.0 -999.0 -999.0 -999.0 -999 -999 "" "" "" "" 0 0 0.0 0.0 -999 ""
FIBERMAP 1376 R+4C13 APOGEE 0 0 0 1 0 0 32.46569720656019 82.58531382143184 143.1 77.90263500135914 42.445239171285394 11.372659 131.3445 -999.0 -999.0 -999.0 -999.0 -999.0 139.60470511860368 13.185554778748141 139.6296419482931 13.078013827012478 65.33938826191006 139.1967393750716 -999.0 16600.0 -999.0 2 -999 {-999.0 -999.0 -999.0 -999.0 -999.0} "" -999.0 -999.0 -999.0 -999.0 -999 -999 "" "" "" "" 0 0 0.0 0.0 -999 ""
FIBERMAP 1376 R+4C13 BOSS 1 1 0 1 0 0 33.062245795987145 82.152380055551 143.1 78.08184240645183 41.73045601943389 11.372659 131.3445 139.60517891971136 13.182353323832766 12.214086 -38.480564 0.5365803 139.60564030537248 13.182244905278178 139.63051615231424 13.074780530429713 65.33623811701011 139.1994252370171 5400.0 5400.0 2016.0 1 107 {-999.0 15.1997595 14.883291 14.761756 -999.0} sdss_psfmag_from_g3xp 15.150851 14.875624 14.4291315 13.647 63050394818041413 1135927597 dark_flexible_3x1 mwm_halo_local_high_boss_triple mwm_halo science 0 0 1.4933329820632935 0.0 -999 ""
FIBERMAP 1376 R+4C13 METROLOGY 0 0 0 1 0 0 32.38429836684285 81.84366956074855 143.1 77.36409456834073 41.9291404536768 11.372659 131.3445 -999.0 -999.0 -999.0 -999.0 -999.0 139.6022636100589 13.18316834194239 139.62715874920457 13.075687461204094 65.3388316904979 139.20467114034236 -999.0 6231.0 -999.0 -1 -999 {-999.0 -999.0 -999.0 -999.0 -999.0} "" -999.0 -999.0 -999.0 -999.0 -999 -999 "" "" "" "" 0 0 0.0 0.0 -999 ""
FIBERMAP 1378 R-3C2 APOGEE 0 0 0 1 0 0 -245.23064667740277 -63.63894244554287 143.1 -228.79096906868037 108.67652716771357 191.85231 132.1439 -999.0 -999.0 -999.0 -999.0 -999.0 138.17482586389974 13.479936170559169 138.2011943452481 13.374761969266276 66.3526647753187 141.63509096746662 -999.0 16600.0 -999.0 2 -999 {-999.0 -999.0 -999.0 -999.0 -999.0} "" -999.0 -999.0 -999.0 -999.0 -999 -999 "" "" "" "" 0 0 0.0 0.0 -999 ""
FIBERMAP 1378 R-3C2 BOSS 1 1 0 1 0 0 -245.8506518790419 -63.21376240245421 143.1 -228.99313061059678 109.40042817830471 191.85231 132.1439 138.1739330657087 13.483136590685374 -2.188935 -3.6554098 0.2725161 138.1739267236122 13.483126291609683 138.2002522713761 13.378028482543273 66.35591309036101 141.63265005963856 5400.0 5400.0 2016.0 1 436 {-999.0 16.325745 16.081524 16.021664 -999.0} sdss_psfmag 16.3141 16.08128 15.698842 14.944 63050394818503904 982083944 "" ops_std_boss_tic ops_std standard_boss 0 0 0.0 0.0 -999 ""
FIBERMAP 1378 R-3C2 METROLOGY 0 0 0 1 0 0 -245.17038610978287 -62.89528214372359 143.1 -228.26733359648904 109.20774235629149 191.85231 132.1439 -999.0 -999.0 -999.0 -999.0 -999.0 138.17725642546776 13.482313494437529 138.2035924519169 13.377188723852106 66.353460996942 141.62693631813656 -999.0 6231.0 -999.0 -1 -999 {-999.0 -999.0 -999.0 -999.0 -999.0} "" -999.0 -999.0 -999.0 -999.0 -999 -999 "" "" "" "" 0 0 0.0 0.0 -999 ""
FIBERMAP 1381 R-7C10 APOGEE 0 0 0 1 0 0 -17.360420220623983 -145.071414848446 143.1 -106.4448615367084 -100.02958978818764 217.0368 136.11165 -999.0 -999.0 -999.0 -999.0 -999.0 138.74575975721052 12.53578903664586 138.77004392652935 12.429829130544942 65.2576849654763 141.72527230244552 -999.0 16600.0 -999.0 2 170 {-999.0 -999.0 -999.0 -999.0 -999.0} "" -999.0 -999.0 -999.0 -999.0 -999 -999 "" ops_sky_apogee_best_unassigned ops_sky sky_apogee 0 0 0.0 0.0 -999 ""
FIBERMAP 1381 R-7C10 BOSS 1 1 0 1 0 0 -18.098371534533538 -144.97674445368418 143.1 -106.94960938088333 -99.48324968675887 217.0368 136.11165 138.7434848596477 12.538926586896494 -26.271112 -276.8836 8.215112 138.74340903274333 12.53814647047221 138.76764676596812 12.432269774473085 65.26099802095133 141.72689322564287 5400.0 5400.0 2016.0 1 385 {-999.0 20.05665 18.380747 17.068024 -999.0} sdss_psfmag 19.284086 17.797266 16.596327 14.488 63050394818031449 1136071388 dark_flexible_3x1 mwm_halo_local_high_boss_triple mwm_halo science 0 0 0.0 0.0 -999 ""
FIBERMAP 1381 R-7C10 METROLOGY 0 0 0 1 0 0 -17.65393227441478 -144.37928658483935 143.1 -106.22542519936893 -99.3107323664734 217.0368 136.11165 -999.0 -999.0 -999.0 -999.0 -999.0 138.74676299006077 12.538964283102324 138.77101549934355 12.43305907897932 65.25991094156097 141.71923810991103 -999.0 6231.0 -999.0 -1 -999 {-999.0 -999.0 -999.0 -999.0 -999.0} "" -999.0 -999.0 -999.0 -999.0 -999 -999 "" "" "" "" 0 0 0.0 0.0 -999 ""
FIBERMAP 1382 R+4C14 APOGEE 0 0 0 1 0 0 59.223067582313206 92.93750367525341 143.1 105.05461232357736 33.19952011965206 109.614296 37.52054 -999.0 -999.0 -999.0 -999.0 -999.0 139.7314714476374 13.143405457183553 139.7562529704486 13.035661541548649 65.23474570073347 139.01060064585195 -999.0 16600.0 -999.0 2 -999 {-999.0 -999.0 -999.0 -999.0 -999.0} "" -999.0 -999.0 -999.0 -999.0 -999 -999 "" "" "" "" 0 0 0.0 0.0 -999 ""
FIBERMAP 1382 R+4C14 BOSS 1 1 0 1 0 0 59.86844371024558 92.55062769730077 143.1 105.30080937817158 32.48868446858144 109.614296 37.52054 139.73227588321075 13.140233490787711 29.773905 -44.706814 0.92598194 139.7327265963788 13.140107529833442 139.7574464960664 13.032439908147335 65.23143173134949 139.01266613868887 5400.0 5400.0 2016.0 1 158 {-999.0 15.990666 15.566941 15.417798 -999.0} sdss_psfmag 15.901206 15.580636 15.082226 14.241 63050394818041457 1136071437 dark_flexible_3x1 mwm_halo_local_high_boss_triple mwm_halo science 0 0 1.2780876159667969 0.0 -999 ""
FIBERMAP 1382 R+4C14 METROLOGY 0 0 0 1 0 0 59.200631063221564 92.19174326927649 143.1 104.55861499498987 32.642411212572824 109.614296 37.52054 -999.0 -999.0 -999.0 -999.0 -999.0 139.72923967669476 13.140829197542807 139.75397872619982 13.033145206306692 65.23392564446047 139.0183611328288 -999.0 6231.0 -999.0 -1 -999 {-999.0 -999.0 -999.0 -999.0 -999.0} "" -999.0 -999.0 -999.0 -999.0 -999 -999 "" "" "" "" 0 0 0.0 0.0 -999 ""
FIBERMAP 1383 R-9C6 APOGEE 0 0 0 1 0 0 -90.53799325697153 -190.52727937790507 143.1 -191.70871861198654 -87.88227075583323 281.21915 59.280823 -999.0 -999.0 -999.0 -999.0 -999.0 138.35037861401017 12.590251128013481 138.37499771046595 12.484955175125517 65.50859708594629 142.4410004275226 -999.0 16600.0 -999.0 2 165 {-999.0 -999.0 -999.0 -999.0 -999.0} "" -999.0 -999.0 -999.0 -999.0 -999 -999 "" ops_sky_apogee_best_unassigned ops_sky sky_apogee 0 0 0.0 0.0 -999 ""
FIBERMAP 1383 R-9C6 BOSS 1 1 0 1 0 0 -91.24182828048737 -190.29518164990404 143.1 -192.09908847991434 -87.25251693911966 281.21915 59.280823 138.34856490693602 12.592999652380973 -1.4280276 0.97123045 -1.2669477 138.34856078430798 12.593002388811692 138.37313591188425 12.487788185387632 65.51196255756794 142.4411444839207 5400.0 5400.0 2016.0 1 402 {-999.0 20.413475 20.281708 20.157482 20.101727} sdss_psfmag_from_gaiadr2 20.259094 20.272825 19.822536 -999.0 63050394818498288 1055740282 dark_flexible_2x2 bhm_gua_dark bhm_filler science 0 0 0.0 0.0 -999 ""
FIBERMAP 1383 R-9C6 METROLOGY 0 0 0 1 0 0 -90.68661193803729 -189.7960891939362 143.1 -191.3531641003279 -87.2265045945913 281.21915 59.280823 -999.0 -999.0 -999.0 -999.0 -999.0 138.3519941108053 12.59315171041694 138.3765817119255 12.487909148463446 65.5102991469666 142.4340839477026 -999.0 6231.0 -999.0 -1 -999 {-999.0 -999.0 -999.0 -999.0 -999.0} "" -999.0 -999.0 -999.0 -999.0 -999 -999 "" "" "" "" 0 0 0.0 0.0 -999 ""
FIBERMAP 1384 R-12C6 APOGEE 0 0 0 1 0 0 -50.44589663184944 -226.83385300545115 143.1 -184.2941510147857 -141.4462987859709 77.472244 159.66194 -999.0 -999.0 -999.0 -999.0 -999.0 138.38695466350504 12.348086730137991 138.41110788852262 12.242777606068008 65.28377523910846 142.67324411608286 -999.0 16600.0 -999.0 2 -999 {-999.0 -999.0 -999.0 -999.0 -999.0} "" -999.0 -999.0 -999.0 -999.0 -999 -999 "" "" "" "" 0 0 0.0 0.0 -999 ""
FIBERMAP 1384 R-12C6 BOSS 1 1 0 1 0 0 -50.048291285693914 -226.20945222107105 143.1 -183.58855977758367 -141.22306481032632 77.472244 159.66194 138.39026757296136 12.349021673987021 -17.795994 -10.91505 1.7578225 138.3902162453883 12.348990920954124 138.4143187904152 12.243756256670244 65.28297275917632 142.66562079142628 5400.0 5400.0 2016.0 1 403 {-999.0 19.834726 19.278257 19.08777 -999.0} sdss_psfmag_gaia 17.50797 19.316885 16.552507 -999.0 63050394818028814 1092352630 dark_flexible_2x1 mwm_cb_galex_vol_boss mwm_cb science 0 0 0.0 0.0 -999 ""
FIBERMAP 1384 R-12C6 METROLOGY 0 0 0 1 0 0 -49.70044283671382 -226.86484687306566 143.1 -183.74277118267005 -141.94865718895528 77.472244 159.66194 -999.0 -999.0 -999.0 -999.0 -999.0 138.38953313454573 12.34574448793823 138.4136445742348 12.240488921549037 65.28052934065703 142.6710422670411 -999.0 6231.0 -999.0 -1 -999 {-999.0 -999.0 -999.0 -999.0 -999.0} "" -999.0 -999.0 -999.0 -999.0 -999 -999 "" "" "" "" 0 0 0.0 0.0 -999 ""
FIBERMAP 1388 R-10C8 APOGEE 0 0 0 1 0 0 -26.1948793533618 -181.77330199795827 143.1 -136.77899163085726 -122.48408356800392 106.71918 116.04534 -999.0 -999.0 -999.0 -999.0 -999.0 138.60567673101735 12.433830640697114 138.6298580370376 12.32813016624144 65.24418981659201 142.13141168168798 -999.0 16600.0 -999.0 2 -999 {-999.0 -999.0 -999.0 -999.0 -999.0} "" -999.0 -999.0 -999.0 -999.0 -999 -999 "" "" "" "" 0 0 0.0 0.0 -999 ""
FIBERMAP 1388 R-10C8 BOSS 1 1 0 1 0 0 -25.638311975810307 -181.2352211354799 143.1 -136.007000025542 -122.42905984613098 106.71918 116.04534 138.60926895271663 12.433965687426847 -2.4804232 0.2339553 0.25868165 138.6092617962972 12.433966346593136 138.6333901810658 12.32833971518129 65.2425443259481 142.12415128637068 5400.0 5400.0 2016.0 1 372 {-999.0 16.74874 16.524868 16.484907 -999.0} sdss_psfmag 16.738203 16.521461 16.165142 15.782 63050394818029020 981735586 "" ops_std_boss_tic ops_std standard_boss 0 0 0.0 0.0 -999 ""
FIBERMAP 1388 R-10C8 METROLOGY 0 0 0 1 0 0 -25.476881113228156 -181.97613322749854 143.1 -136.35897770446093 -123.10050224548384 106.71918 116.04534 -999.0 -999.0 -999.0 -999.0 -999.0 138.6076478218825 12.430954469394445 138.6317861953287 12.325308547520466 65.240798929373 142.1311526498747 -999.0 6231.0 -999.0 -1 -999 {-999.0 -999.0 -999.0 -999.0 -999.0} "" -999.0 -999.0 -999.0 -999.0 -999 -999 "" "" "" "" 0 0 0.0 0.0 -999 ""
FIBERMAP 1391 R-5C4 APOGEE 0 0 0 1 0 0 -157.66012887104313 -100.95514941537546 143.1 -185.6395053313778 23.8560338439284 324.36743 132.27571 -999.0 -999.0 -999.0 -999.0 -999.0 138.37507899679997 13.097381101727285 138.4006163752136 12.99193982096393 65.92537900656603 141.7364213940003 -999.0 16600.0 -999.0 2 -999 {-999.0 -999.0 -999.0 -999.0 -999.0} "" -999.0 -999.0 -999.0 -999.0 -999 -999 "" "" "" "" 0 0 0.0 0.0 -999 ""
FIBERMAP 1391 R-5C4 BOSS 1 1 0 1 0 0 -157.56074580058328 -101.70255046284369 143.1 -186.04319949642158 23.219455384953896 324.36743 132.27571 138.37323464338152 13.094445463816848 -5.350343 -12.91747 0.30376962 138.37321916641952 13.0944090689915 138.39870205565293 12.989048739944938 65.92393206930086 141.74407336114 5400.0 5400.0 2016.0 1 454 {-999.0 16.623518 16.263237 16.142157 -999.0} sdss_psfmag 16.55049 16.267252 15.816359 15.025 63050394818501878 976112059 "" ops_std_boss ops_std standard_boss 0 0 0.0 0.0 -999 ""
FIBERMAP 1391 R-5C4 METROLOGY 0 0 0 1 0 0 -158.24931529399603 -101.41288442552849 143.1 -186.3849098394546 23.883525727307603 324.36743 132.27571 -999.0 -999.0 -999.0 -999.0 -999.0 138.37161996245158 13.097435589264457 138.39712369070168 12.992055511480688 65.92729543913805 141.74332186339467 -999.0 6231.0 -999.0 -1 -999 {-999.0 -999.0 -999.0 -999.0 -999.0} "" -999.0 -999.0 -999.0 -999.0 -999 -999 "" "" "" "" 0 0 0.0 0.0 -999 ""
FIBERMAP 1392 R-12C10 APOGEE 0 0 0 1 0 0 24.694969462086927 -227.14222567892912 143.1 -126.9078920644111 -189.9255661607771 221.9524 44.353935 -999.0 -999.0 -999.0 -999.0 -999.0 138.6539606770362 12.129389009781026 138.67755858817503 12.023668852390053 64.96077420802717 142.4178995863238 -999.0 16600.0 -999.0 2 -999 {-999.0 -999.0 -999.0 -999.0 -999.0} "" -999.0 -999.0 -999.0 -999.0 -999 -999 "" "" "" "" 0 0 0.0 0.0 -999 ""
FIBERMAP 1392 R-12C10 BOSS 1 1 0 1 0 0 24.72751537567643 -226.38154611497757 143.1 -126.39456879799668 -189.36351451762005 221.9524 44.353935 138.65633754389054 12.131801570698503 0.6679772 0.36707363 -0.14464885 138.6563394689005 12.131802604924266 138.67988915256885 12.02615914955565 64.96169924868522 142.41022803982528 5400.0 5400.0 2016.0 1 406 {-999.0 21.255209 20.387726 19.981653 19.718765} sdss_fiber2mag_from_lsdr10 20.372505 20.483917 18.901144 -999.0 63050394818026995 1059070149 dark_flexible_2x2 bhm_spiders_agn_lsdr10 bhm_spiders science 0 0 0.0 0.0 -999 ""
FIBERMAP 1392 R-12C10 METROLOGY 0 0 0 1 0 0 25.356147634197992 -226.7965301405783 143.1 -126.17924972245865 -190.08514066321072 221.9524 44.353935 -999.0 -999.0 -999.0 -999.0 -999.0 138.65735450449364 12.12858501536885 138.68091230713293 12.022917479459368 64.95841435851821 142.4122317158768 -999.0 6231.0 -999.0 -1 -999 {-999.0 -999.0 -999.0 -999.0 -999.0} "" -999.0 -999.0 -999.0 -999.0 -999 -999 "" "" "" "" 0 0 0.0 0.0 -999 ""
FIBERMAP 1393 R-12C5 APOGEE 0 0 0 1 0 0 -67.06148872581262 -246.38628992141471 143.1 -209.58083682274435 -145.76255458686808 274.73788 114.8307 -999.0 -999.0 -999.0 -999.0 -999.0 138.27093806987222 12.328737142837282 138.29512371408237 12.223630910928929 65.32638766380478 142.9287975952882 -999.0 16600.0 -999.0 2 -999 {-999.0 -999.0 -999.0 -999.0 -999.0} "" -999.0 -999.0 -999.0 -999.0 -999 -999 "" "" "" "" 0 0 0.0 0.0 -999 ""
FIBERMAP 1393 R-12C5 BOSS 1 1 0 1 0 0 -67.71246108557754 -246.75454349450945 143.1 -210.3161409464956 -145.62681991931146 274.73788 114.8307 138.26755671759514 12.32927460797724 12.708923 -3.92257 2.584382 138.26759337017376 12.329263556178418 138.29173186442404 12.224243213575978 65.32863032662632 142.9348266362422 5400.0 5400.0 2016.0 1 352 {-999.0 19.118132 19.394167 19.622961 -999.0} sdss_psfmag 19.221968 19.247398 19.338196 -999.0 63050394818028865 1143449515 dark_1x3 mwm_wd_pwd_boss_1x3 mwm_wd science 0 0 0.0 0.0 -999 ""
FIBERMAP 1393 R-12C5 METROLOGY 0 0 0 1 0 0 -67.70477267037583 -246.00833787792374 143.1 -209.83115999544228 -145.05990104953733 274.73788 114.8307 -999.0 -999.0 -999.0 -999.0 -999.0 138.26977524926562 12.331839443187178 138.29393158285387 12.226792062869544 65.32969467648098 142.92725616331015 -999.0 6231.0 -999.0 -1 -999 {-999.0 -999.0 -999.0 -999.0 -999.0} "" -999.0 -999.0 -999.0 -999.0 -999 -999 "" "" "" "" 0 0 0.0 0.0 -999 ""
FIBERMAP 1395 R+4C20 APOGEE 0 0 0 1 0 0 194.09351737536988 67.24034689638485 143.1 191.91422354528513 -73.08484382639075 3.1102989 74.54669 -999.0 -999.0 -999.0 -999.0 -999.0 140.13390255774127 12.660297238828074 140.15757114355955 12.551985112359738 64.61447952397754 138.8957183666146 -999.0 16600.0 -999.0 2 -999 {-999.0 -999.0 -999.0 -999.0 -999.0} "" -999.0 -999.0 -999.0 -999.0 -999 -999 "" "" "" "" 0 0 0.0 0.0 -999 ""
FIBERMAP 1395 R+4C20 BOSS 1 1 0 1 0 0 193.93558643974603 66.50215596998393 143.1 191.31924985397345 -73.54915991753909 3.1102989 74.54669 140.1312486054271 12.658092553550517 -999.0 -999.0 -999.0 140.1312486054271 12.658092553550516 140.15485859736955 12.549865166728509 64.61423168272376 138.90360886686526 5400.0 5400.0 2016.0 1 205 {-999.0 21.436443 21.157383 21.021036 20.912212} sdss_psfmag_from_lsdr10 1e+20 1e+20 1e+20 -999.0 63050398252837651 1059072884 dark_flexible_2x2 bhm_spiders_agn_lsdr10 bhm_spiders science 0 0 0.0 0.0 -999 ""
FIBERMAP 1395 R+4C20 METROLOGY 0 0 0 1 0 0 193.38304657738038 67.01254604977547 143.1 191.2234981019729 -72.80327314916379 3.1102989 74.54669 -999.0 -999.0 -999.0 -999.0 -999.0 140.1307979802126 12.661498815892985 140.15443030806296 12.553248814640048 64.61725728507457 138.89994300943997 -999.0 6231.0 -999.0 -1 -999 {-999.0 -999.0 -999.0 -999.0 -999.0} "" -999.0 -999.0 -999.0 -999.0 -999 -999 "" "" "" "" 0 0 0.0 0.0 -999 ""
FIBERMAP 1396 R0C3 APOGEE 0 0 0 1 0 0 -232.42605811249013 -8.217808284387136 143.1 -183.39594625571925 142.92757060076048 354.0564 92.49819 -999.0 -999.0 -999.0 -999.0 -999.0 138.38436631118495 13.636829608329089 138.41089437058957 13.531263826534799 66.37413330304038 140.99614176929146 -999.0 16600.0 -999.0 2 297 {-999.0 -999.0 -999.0 -999.0 -999.0} "" -999.0 -999.0 -999.0 -999.0 -999 -999 "" ops_sky_apogee_best_unassigned ops_sky sky_apogee 0 0 0.0 0.0 -999 ""
FIBERMAP 1396 R0C3 BOSS 1 1 0 1 0 0 -232.47196174333058 -8.959129249478236 143.1 -183.90707734911228 142.38893053123772 354.0564 92.49819 138.38203727283255 13.634320170604912 -5.3077745 -0.10016512 0.3805676 138.38202188459726 13.634319888390348 138.40849665095757 13.528833608825149 66.37336338751786 141.00432180116394 5400.0 5400.0 2016.0 1 422 {-999.0 16.569704 16.22011 16.166845 -999.0} sdss_psfmag 16.491758 16.218082 15.769081 14.882 63050394818504654 976112067 "" ops_std_boss ops_std standard_boss 0 0 0.0 0.0 -999 ""
FIBERMAP 1396 R0C3 METROLOGY 0 0 0 1 0 0 -233.09522024082722 -8.562160493777629 143.1 -184.1298446449034 143.09330053065815 354.0564 92.49819 -999.0 -999.0 -999.0 -999.0 -999.0 138.38098385102722 13.637503911890574 138.40747944391893 13.531997513516293 66.37655594328228 141.00209538458526 -999.0 6231.0 -999.0 -1 -999 {-999.0 -999.0 -999.0 -999.0 -999.0} "" -999.0 -999.0 -999.0 -999.0 -999 -999 "" "" "" "" 0 0 0.0 0.0 -999 ""
FIBERMAP 1400 R-5C13 APOGEE 1 1 0 1 0 0 32.905516797343 -89.04157726388276 143.1 -31.95050558053241 -89.36350309790005 36.231567 161.26633 139.09244422781146 12.584834346866554 10.729481 -3.6292276 3.4133778 139.0924752021759 12.584824121557139 139.11664061841486 12.47826671093201 65.11651065006212 140.98327413091164 16000.0 16600.0 2016.0 2 155 {-999.0 10.885968 10.671159 10.6187 -999.0} sdss_psfmag_from_g3xp 10.879584 10.662747 10.2946 9.699 63050394818031228 974605939 "" ops_std_apogee ops_std standard_apogee 0 0 0.0 0.0 -999 ""
FIBERMAP 1400 R-5C13 BOSS 0 0 0 1 0 0 33.60959154514883 -88.79386799931022 143.1 -31.251899884542954 -89.62571047010084 36.231567 161.26633 -999.0 -999.0 -999.0 -999.0 -999.0 139.09577344837606 12.583513822178341 139.1198822139546 12.477030707591503 65.11375603568405 140.97854697226902 -999.0 5400.0 -999.0 1 379 {-999.0 -999.0 -999.0 -999.0 -999.0} "" -999.0 -999.0 -999.0 -999.0 -999 -999 "" "" "" "" 0 0 0.0 0.0 -999 ""
FIBERMAP 1400 R-5C13 METROLOGY 0 0 0 1 0 0 33.47775729129887 -89.52544021079355 143.1 -31.822624933220254 -90.10170924674388 36.231567 161.26633 -999.0 -999.0 -999.0 -999.0 -999.0 139.09310596116637 12.581376235409444 139.11722737861754 12.474875503219257 65.11335053229448 140.98649950433943 -999.0 6231.0 -999.0 -1 -999 {-999.0 -999.0 -999.0 -999.0 -999.0} "" -999.0 -999.0 -999.0 -999.0 -999 -999 "" "" "" "" 0 0 0.0 0.0 -999 ""
