#%yanny
#
# confSummaryFS-24748.par
#
# Created by pydl.pydlutils.yanny.yanny
#
# 2026-02-15 15:03:35 UTC
#
configuration_id 24748
robostrategy_run iota-1
fps_calibrations_version 2025.12.04
jaeger_version 1.11.0
coordio_version 1.18.1
kaiju_version 1.4.1
design_id 756843
field_id 104632
focal_scale 0.9997179
instruments BOSS APOGEE
epoch 2461086.831734601
obstime Sun Feb 15 07:52:34 2026
MJD 61086
observatory APO
temperature 1.9101535081026633
raCen 179.619718309859
decCen 57.1138273304481
pa 0.0
is_dithered 0
parent_configuration -999
dither_radius -999.0
cloned_from -999
rotator_angle -43.11
fvc_centroid_method flex
fvc_rms 0.0076
fvc_90_perc 0.0095
fvc_percent_reached 55.7
fvc_image_path /data/fcam/61086/proc-fimg-fvc1n-0034.fits

typedef enum {
    BOSS,
    APOGEE,
    METROLOGY,
    NONE
} FIBERTYPE;

typedef struct {
    short positionerId;
    char holeId[28];
    FIBERTYPE fiberType;
    short assigned;
    short on_target;
    short disabled;
    short valid;
    short decollided;
    short too;
    double xwok;
    double ywok;
    double zwok;
    double xFocal;
    double yFocal;
    float alpha;
    float beta;
    double racat;
    double deccat;
    float pmra;
    float pmdec;
    float parallax;
    double ra;
    double dec;
    double ra_observed;
    double dec_observed;
    double alt_observed;
    double az_observed;
    float lambda_design;
    float lambda_eff;
    float coord_epoch;
    short spectrographId;
    short fiberId;
    float mag[5];
    char optical_prov[104];
    float bp_mag;
    float gaia_g_mag;
    float rp_mag;
    float h_mag;
    long catalogid;
    long carton_to_target_pk;
    char cadence[76];
    char firstcarton[164];
    char program[40];
    char category[60];
    long sdssv_boss_target0;
    long sdssv_apogee_target0;
    double delta_ra;
    double delta_dec;
    long too_id;
    char too_program[4];
} FIBERMAP;

FIBERMAP 3 R-1C14 APOGEE 0 0 0 1 0 0 6.731685972551101 -4.993542015005167 143.1 6.729786963938245 -4.992133336802734 123.362434 99.84961 -999.0 -999.0 -999.0 -999.0 -999.0 179.67606615484814 57.09101290892966 179.6813444422935 56.93633199340117 61.78985159492045 24.697063108866757 -999.0 16600.0 -999.0 2 214 {-999.0 -999.0 -999.0 -999.0 -999.0} "" -999.0 -999.0 -999.0 -999.0 -999 -999 "" ops_sky_apogee_best_unassigned ops_sky sky_apogee 0 0 0.0 0.0 -999 ""
FIBERMAP 3 R-1C14 BOSS 1 1 0 1 0 0 7.247915654745593 -4.467189915168371 143.1 7.24587101773939 -4.4659297208933015 123.362434 99.84961 179.6805389307994 57.093492633822045 -0.03261572 -0.16924936 0.1484 179.68053536400154 57.09349003994251 179.68566506008062 56.938724383885976 61.7865033624902 24.697618437410938 5400.0 5400.0 2016.0 1 263 {-999.0 19.612188 19.212486 19.366613 19.424313} sdss_psfmag 19.175219 19.1217 18.815397 -999.0 63050394824152071 1059900605 dark_10x4_4yr bhm_aqmes_med_faint bhm_filler science 0 0 0.0 0.0 -999 ""
FIBERMAP 3 R-1C14 METROLOGY 0 0 0 1 0 0 7.453077743574965 -5.188936930876549 143.1 7.450975230343502 -5.187473131768349 123.362434 99.84961 -999.0 -999.0 -999.0 -999.0 -999.0 179.6822123194132 57.090178131707916 179.6873708865411 56.935436905479115 61.788418740179395 24.703603279353615 -999.0 6231.0 -999.0 -1 -999 {-999.0 -999.0 -999.0 -999.0 -999.0} "" -999.0 -999.0 -999.0 -999.0 -999 -999 "" "" "" "" 0 0 0.0 0.0 -999 ""
FIBERMAP 16 R+7C7 APOGEE 0 0 0 1 0 0 -85.7397352936242 147.67757299188128 143.1 -85.71554811429786 147.63591314854028 127.70884 110.22143 -999.0 -999.0 -999.0 -999.0 -999.0 178.88898762242695 57.78246184489236 178.89789661168197 57.62768865096841 61.51972760723405 23.087011943616233 -999.0 16600.0 -999.0 2 102 {-999.0 -999.0 -999.0 -999.0 -999.0} "" -999.0 -999.0 -999.0 -999.0 -999 -999 "" ops_sky_apogee_best_unassigned ops_sky sky_apogee 0 0 0.0 0.0 -999 ""
FIBERMAP 16 R+7C7 BOSS 1 1 0 1 0 0 -85.35463336835797 148.30562031962742 143.1 -85.33055482628475 148.26378330413527 127.70884 110.22143 178.89227941681253 57.78547279700145 -999.0 -999.0 -999.0 178.89229395279202 57.785461535773386 178.90106143823903 57.6305999500766 61.51639038372268 23.086051623216008 5400.0 5400.0 2016.0 1 76 {-999.0 20.8681 19.582287 19.02501 18.636803} sdss_fiber2mag_from_lsdr10 19.330368 19.887888 17.70474 15.566 63050394824212489 1062319921 dark_flexible_2x2 bhm_colr_galaxies_lsdr10 bhm_filler science 0 0 0.0 0.0 -999 ""
FIBERMAP 16 R+7C7 METROLOGY 0 0 0 1 0 0 -84.99218357883699 147.66185624847137 143.1 -84.9682072838494 147.62020083882368 127.70884 110.22143 -999.0 -999.0 -999.0 -999.0 -999.0 178.8953965284669 57.782537909609125 178.90418541227223 57.6277014354545 61.517643670320396 23.092558100715053 -999.0 6231.0 -999.0 -1 -999 {-999.0 -999.0 -999.0 -999.0 -999.0} "" -999.0 -999.0 -999.0 -999.0 -999 -999 "" "" "" "" 0 0 0.0 0.0 -999 ""
FIBERMAP 37 R-9C9 APOGEE 1 1 0 1 0 0 -21.582029100917115 -169.69449195003898 143.1 -21.57594081050775 -169.6466211338599 139.01521 131.02328 179.4430219063484 56.342860035297676 -29.467327 -19.210388 2.5532963 179.4428542096856 56.34278318427384 179.4490220320497 56.18829608915521 62.44277857958073 25.524230504584978 16000.0 16600.0 2016.0 2 167 {-999.0 11.456006 10.679524 10.419382 -999.0} sdss_psfmag_from_g3xp 11.234377 10.732723 10.074272 8.772 63050394824146869 1068764177 bright_12x1 mwm_bin_rv_long_apogee mwm_bin science 0 0 0.0 0.0 -999 ""
FIBERMAP 37 R-9C9 BOSS 0 0 0 1 0 0 -21.582556645699984 -168.95504695216138 143.1 -21.576468206470235 -168.9073847334162 139.01521 131.02328 -999.0 -999.0 -999.0 -999.0 -999.0 179.44294207376768 56.34614786940809 179.44898535751395 56.191579061532956 62.440300116564984 25.51957684475059 -999.0 5400.0 -999.0 1 376 {-999.0 -999.0 -999.0 -999.0 -999.0} "" -999.0 -999.0 -999.0 -999.0 -999 -999 "" "" "" "" 0 0 0.0 0.0 -999 ""
FIBERMAP 37 R-9C9 METROLOGY 0 0 0 1 0 0 -20.92758532750102 -169.3346419485195 143.1 -20.921681655680132 -169.28687264602584 139.01521 131.02328 -999.0 -999.0 -999.0 -999.0 -999.0 179.44828773381533 56.344426985362176 179.45434330932142 56.189881077870474 62.43964753396457 25.526856904572014 -999.0 6231.0 -999.0 -1 -999 {-999.0 -999.0 -999.0 -999.0 -999.0} "" -999.0 -999.0 -999.0 -999.0 -999 -999 "" "" "" "" 0 0 0.0 0.0 -999 ""
FIBERMAP 40 R+12C6 APOGEE 0 0 0 1 0 0 -26.472384845691458 224.0505283241823 143.1 -26.46491698592649 223.98732367014205 28.50314 49.992085 -999.0 -999.0 -999.0 -999.0 -999.0 179.39224643648078 58.1290402808861 179.3989632563422 57.974135761673 61.08235898333852 23.077472750583127 -999.0 16600.0 -999.0 2 -999 {-999.0 -999.0 -999.0 -999.0 -999.0} "" -999.0 -999.0 -999.0 -999.0 -999 -999 "" "" "" "" 0 0 0.0 0.0 -999 ""
FIBERMAP 40 R+12C6 BOSS 1 1 0 1 0 0 -26.600584672737178 223.3060121098748 143.1 -26.593080647801 223.24301748385864 28.50314 49.992085 179.39131836612043 58.12582564284585 -999.0 -999.0 -999.0 179.39128384804835 58.125825831635474 179.39787218893036 57.97083377457641 61.08530530729489 23.080779876524673 5400.0 5400.0 2016.0 1 156 {-999.0 20.294523 20.399578 20.20964 20.333477} sdss_psfmag 21.288116 20.999134 20.281675 -999.0 63050394824213087 1059900756 dark_10x4_4yr bhm_aqmes_med_faint bhm_filler science 0 0 0.0 0.0 -999 ""
FIBERMAP 40 R+12C6 METROLOGY 0 0 0 1 0 0 -27.170728240778274 223.78789077345806 143.1 -27.16306337834155 223.72476020947087 28.50314 49.992085 -999.0 -999.0 -999.0 -999.0 -999.0 179.38634623407495 58.12794083642976 179.3929949362339 57.97297373663347 61.08523638485765 23.073838208050006 -999.0 6231.0 -999.0 -1 -999 {-999.0 -999.0 -999.0 -999.0 -999.0} "" -999.0 -999.0 -999.0 -999.0 -999 -999 "" "" "" "" 0 0 0.0 0.0 -999 ""
FIBERMAP 52 R+5C17 APOGEE 0 0 0 1 0 0 135.45544431930384 84.98988978549359 143.1 135.41723233846136 84.9659141375851 346.97784 83.380936 -999.0 -999.0 -999.0 -999.0 -999.0 180.76505451002208 57.494890284082025 180.765548733635 57.340063785168496 61.10010804802045 25.079062821125376 -999.0 16600.0 -999.0 2 -999 {-999.0 -999.0 -999.0 -999.0 -999.0} "" -999.0 -999.0 -999.0 -999.0 -999 -999 "" "" "" "" 0 0 0.0 0.0 -999 ""
FIBERMAP 52 R+5C17 BOSS 1 1 0 1 0 0 135.20757925767091 84.30355851358235 143.1 135.16943719956234 84.27977647972567 346.97784 83.380936 180.76312197728555 57.49190518744752 -1.2870932 -0.09877127 0.65798324 180.76311259086495 57.49191160896895 180.7634775955105 57.3370011996929 61.10314582907736 25.081511814034855 5400.0 5400.0 2016.0 1 206 {-999.0 20.290583 20.194468 19.949467 19.552713} sdss_psfmag 20.426579 20.646015 19.636877 -999.0 63050394851418316 1059903094 dark_10x4_4yr bhm_aqmes_med_faint bhm_filler science 0 0 0.0 0.0 -999 ""
FIBERMAP 52 R+5C17 METROLOGY 0 0 0 1 0 0 134.72230833299193 84.85142099447465 143.1 134.6843031698112 84.82748440861211 346.97784 83.380936 -999.0 -999.0 -999.0 -999.0 -999.0 180.75903452348655 57.49440947757542 180.75945667333656 57.33952254103705 61.102685645755635 25.074694077415984 -999.0 6231.0 -999.0 -1 -999 {-999.0 -999.0 -999.0 -999.0 -999.0} "" -999.0 -999.0 -999.0 -999.0 -999 -999 "" "" "" "" 0 0 0.0 0.0 -999 ""
FIBERMAP 56 R-8C4 APOGEE 0 0 0 1 0 0 -133.46718402340747 -168.13262300541493 143.1 -133.42953293079447 -168.0851927924651 272.4715 119.77692 -999.0 -999.0 -999.0 -999.0 -999.0 178.5275855474094 56.346421929140526 178.5376463029063 56.19202954461756 62.76501154651851 24.673162496145494 -999.0 16600.0 -999.0 2 -999 {-999.0 -999.0 -999.0 -999.0 -999.0} "" -999.0 -999.0 -999.0 -999.0 -999 -999 "" "" "" "" 0 0 0.0 0.0 -999 ""
FIBERMAP 56 R-8C4 BOSS 1 1 0 1 0 0 -134.120480797644 -168.52585131315897 143.1 -134.082645410011 -168.47831017050353 272.4715 119.77692 178.52239388961803 56.344667091115525 -0.13860634 -0.059935965 -0.09247092 178.52239869362091 56.34466328542573 178.5323617650905 56.19019039233137 62.76829348784563 24.670711937903718 5400.0 5400.0 2016.0 1 452 {-999.0 18.501034 18.622663 18.421747 18.439188} sdss_psfmag 18.501244 18.463709 18.107035 -999.0 63050394824150111 1059897573 dark_10x4_4yr bhm_aqmes_med bhm_aqmes science 0 0 0.0 0.0 -999 ""
FIBERMAP 56 R-8C4 METROLOGY 0 0 0 1 0 0 -134.13187522139452 -167.7937312943473 143.1 -134.0940366193946 -167.74639668274918 272.4715 119.77692 -999.0 -999.0 -999.0 -999.0 -999.0 178.52215723339884 56.34794590191882 178.53215613528732 56.193495378798545 62.765801013759585 24.665962506667142 -999.0 6231.0 -999.0 -1 -999 {-999.0 -999.0 -999.0 -999.0 -999.0} "" -999.0 -999.0 -999.0 -999.0 -999 -999 "" "" "" "" 0 0 0.0 0.0 -999 ""
FIBERMAP 59 R+4C8 APOGEE 0 0 0 1 0 0 -98.39097167553517 57.72855636253084 143.1 -98.36321558242551 57.71227113678097 314.4701 25.80832 -999.0 -999.0 -999.0 -999.0 -999.0 178.78930720678292 57.3736257612815 178.79854455954546 57.21896047399036 61.874135067707115 23.53101352885932 -999.0 16600.0 -999.0 2 -999 {-999.0 -999.0 -999.0 -999.0 -999.0} "" -999.0 -999.0 -999.0 -999.0 -999 -999 "" "" "" "" 0 0 0.0 0.0 -999 ""
FIBERMAP 59 R+4C8 BOSS 1 1 0 1 0 0 -99.12195640225768 57.92071251854691 143.1 -99.0939940983566 57.90437308554543 314.4701 25.80832 178.78313269760943 57.37453054397123 -0.22514555 -0.13344076 -0.19588381 178.78317294509202 57.37456654725678 178.79231265810756 57.219816064280245 61.87555563718169 23.524272269413416 5400.0 5400.0 2016.0 1 33 {-999.0 18.261967 18.103352 18.084927 17.593933} sdss_psfmag 18.68979 18.798609 17.76021 15.173 63050394824208623 1059897600 dark_10x4_4yr bhm_aqmes_med bhm_aqmes science 0 0 0.0 0.0 -999 ""
FIBERMAP 59 R+4C8 METROLOGY 0 0 0 1 0 0 -98.59590808506229 58.445956563647286 143.1 -98.5680941793915 58.429468959300685 314.4701 25.80832 -999.0 -999.0 -999.0 -999.0 -999.0 178.7875344817503 57.37695769647417 178.7966910159082 57.22223042507281 61.87219168154026 23.52504277758294 -999.0 6231.0 -999.0 -1 -999 {-999.0 -999.0 -999.0 -999.0 -999.0} "" -999.0 -999.0 -999.0 -999.0 -999 -999 "" "" "" "" 0 0 0.0 0.0 -999 ""
FIBERMAP 63 R+5C19 APOGEE 0 0 0 1 0 0 153.97481583201727 99.27180161612709 143.1 153.93137953647107 99.24379704089118 178.79752 109.55805 -999.0 -999.0 -999.0 -999.0 -999.0 180.92288417663715 57.55792878552217 180.92267215200172 57.40308474784461 60.99680136159441 25.124166771395153 -999.0 16600.0 -999.0 2 -999 {-999.0 -999.0 -999.0 -999.0 -999.0} "" -999.0 -999.0 -999.0 -999.0 -999 -999 "" "" "" "" 0 0 0.0 0.0 -999 ""
FIBERMAP 63 R+5C19 BOSS 1 1 0 1 0 0 153.727864020831 99.982153574944 143.1 153.68449739039073 99.95394860942051 178.79752 109.55805 180.92112865915917 57.56133430115663 0.109271854 -0.25833315 0.045562815 180.92112617284454 57.56128552702552 180.9207824506824 57.406355899191645 60.9950261556877 25.118123774710398 5400.0 5400.0 2016.0 1 204 {-999.0 18.876331 18.70828 18.704498 18.778414} sdss_psfmag 18.928276 18.868938 18.501348 -999.0 63050394851418660 1059898082 dark_10x4_4yr bhm_aqmes_med bhm_aqmes science 0 0 0.0 0.0 -999 ""
FIBERMAP 63 R+5C19 METROLOGY 0 0 0 1 0 0 154.46927627308628 99.83052413467243 143.1 154.42570049024965 99.80236194381405 178.79752 109.55805 -999.0 -999.0 -999.0 -999.0 -999.0 180.92729346534298 57.560494597113205 180.9269617505238 57.405589120501524 60.99339447903116 25.124312606962008 -999.0 6231.0 -999.0 -1 -999 {-999.0 -999.0 -999.0 -999.0 -999.0} "" -999.0 -999.0 -999.0 -999.0 -999 -999 "" "" "" "" 0 0 0.0 0.0 -999 ""
FIBERMAP 65 R+5C14 APOGEE 0 0 0 1 0 0 45.41438946500047 110.74033546071578 143.1 45.401578065732394 110.70909561208232 156.96469 83.49032 -999.0 -999.0 -999.0 -999.0 -999.0 180.00528687927508 57.61698215655175 180.00916941815194 57.46215583423123 61.27303624187458 24.27263205949447 -999.0 16600.0 -999.0 2 41 {-999.0 -999.0 -999.0 -999.0 -999.0} "" -999.0 -999.0 -999.0 -999.0 -999 -999 "" "" "" "" 0 0 0.0 0.0 -999 ""
FIBERMAP 65 R+5C14 BOSS 1 1 0 1 0 0 45.78293160250419 111.38514156556985 143.1 45.77001623749913 111.3537198171342 156.96469 83.49032 180.00862731434745 57.620044466711406 -999.0 -999.0 -999.0 180.0086146769561 57.620033306220755 180.01234880858567 57.46512028923929 61.26966610271009 24.27139386035776 5400.0 5400.0 2016.0 1 159 {-999.0 19.856916 19.418106 19.104433 18.929623} sdss_fiber2mag_from_lsdr10 1e+20 1e+20 1e+20 15.744 63050398654416838 1067560668 dark_flexible_2x2 bhm_colr_galaxies_lsdr10 bhm_filler science 0 0 0.0 0.0 -999 ""
FIBERMAP 65 R+5C14 METROLOGY 0 0 0 1 0 0 46.15998344401967 110.75645064893102 143.1 46.146961712690114 110.72520625420296 156.96469 83.49032 -999.0 -999.0 -999.0 -999.0 -999.0 180.0117458725958 57.617134932587696 180.01550369184292 57.462246747789045 61.27077680941413 24.27794054896316 -999.0 6231.0 -999.0 -1 -999 {-999.0 -999.0 -999.0 -999.0 -999.0} "" -999.0 -999.0 -999.0 -999.0 -999 -999 "" "" "" "" 0 0 0.0 0.0 -999 ""
FIBERMAP 71 R-4C9 APOGEE 0 0 0 1 0 0 -76.82989687679454 -95.6002264158881 143.1 -76.8082231628856 -95.57325759201619 294.5427 52.656105 -999.0 -999.0 -999.0 -999.0 -999.0 178.98352039348813 56.67722612959165 178.99172428981808 56.522703643810594 62.34978556841678 24.64129084752551 -999.0 16600.0 -999.0 2 270 {-999.0 -999.0 -999.0 -999.0 -999.0} "" -999.0 -999.0 -999.0 -999.0 -999 -999 "" ops_sky_apogee_best_unassigned ops_sky sky_apogee 0 0 0.0 0.0 -999 ""
FIBERMAP 71 R-4C9 BOSS 1 1 0 1 0 0 -77.55774881081948 -95.42824343051214 143.1 -77.53586976987995 -95.4013231230404 294.5427 52.656105 178.97750992317341 56.67803370342067 -0.31970498 -0.015266071 0.10217803 178.9775472611333 56.67802035495562 178.98565379159004 56.523415678628695 62.351363827401 24.634744616144133 5400.0 5400.0 2016.0 1 462 {-999.0 18.777807 18.75898 18.715986 18.603342} sdss_psfmag 18.783108 18.675587 18.34295 -999.0 63050394824151077 1059897581 dark_10x4_4yr bhm_aqmes_med bhm_aqmes science 0 0 0.0 0.0 -999 ""
FIBERMAP 71 R-4C9 METROLOGY 0 0 0 1 0 0 -77.04516274112156 -94.88752083314016 143.1 -77.0234283007123 -94.86075306351313 294.5427 52.656105 -999.0 -999.0 -999.0 -999.0 -999.0 178.9817152014262 56.68047920951743 178.98983930900636 56.525896930633294 62.34798091898575 24.635188109445153 -999.0 6231.0 -999.0 -1 -999 {-999.0 -999.0 -999.0 -999.0 -999.0} "" -999.0 -999.0 -999.0 -999.0 -999 -999 "" "" "" "" 0 0 0.0 0.0 -999 ""
FIBERMAP 78 R-5C11 APOGEE 0 0 0 1 0 0 -18.990856791975627 -112.48836009088481 143.1 -18.98549947127461 -112.45662712450317 272.4518 84.8992 -999.0 -999.0 -999.0 -999.0 -999.0 179.4627388843825 56.60187068549733 179.4688661603907 56.44732121942063 62.2386172029287 25.180008121795197 -999.0 16600.0 -999.0 2 160 {-999.0 -999.0 -999.0 -999.0 -999.0} "" -999.0 -999.0 -999.0 -999.0 -999 -999 "" ops_sky_apogee_best_unassigned ops_sky sky_apogee 0 0 0.0 0.0 -999 ""
FIBERMAP 78 R-5C11 BOSS 1 1 0 1 0 0 -19.727118425055814 -112.460042869324 143.1 -19.721553404948107 -112.42831789123056 272.4518 84.8992 179.45678342966724 56.60201900985911 -10.226282 6.3697214 2.0563023 179.45676350433752 56.6020224632617 179.46279058368475 56.44739148768043 62.240737037804486 25.17441474314137 5400.0 5400.0 2016.0 1 366 {-999.0 20.355186 20.407263 20.443146 -999.0} sdss_psfmag 20.392122 20.332026 20.077164 -999.0 63050394824150379 1092530100 dark_flexible_2x1 mwm_cb_galex_vol_boss mwm_cb science 0 0 0.0 0.0 -999 ""
FIBERMAP 78 R-5C11 METROLOGY 0 0 0 1 0 0 -19.334714447154226 -111.82786185018826 143.1 -19.329260124208684 -111.79631521036032 272.4518 84.8992 -999.0 -999.0 -999.0 -999.0 -999.0 179.4599593217253 56.604882270955244 179.46600881645963 56.450273582915685 62.23738879593237 25.173321346862622 -999.0 6231.0 -999.0 -1 -999 {-999.0 -999.0 -999.0 -999.0 -999.0} "" -999.0 -999.0 -999.0 -999.0 -999 -999 "" "" "" "" 0 0 0.0 0.0 -999 ""
FIBERMAP 86 R-12C11 APOGEE 0 0 0 1 0 0 63.2493617865387 -241.2503168339793 143.1 63.23151914157872 -241.18226011960044 206.23425 150.16429 -999.0 -999.0 -999.0 -999.0 -999.0 180.13205519046585 56.02062611094909 180.1352690402614 55.866168578183185 62.4308906638114 26.60624911899083 -999.0 16600.0 -999.0 2 -999 {-999.0 -999.0 -999.0 -999.0 -999.0} "" -999.0 -999.0 -999.0 -999.0 -999 -999 "" "" "" "" 0 0 0.0 0.0 -999 ""
FIBERMAP 86 R-12C11 BOSS 1 1 0 1 0 0 62.50365295203352 -241.19352923657567 143.1 62.486020671535755 -241.12548854197806 206.23425 150.16429 180.126245873163 56.02093969367918 -6.2217574 -2.0265765 -0.49347812 180.12616345353052 56.020950667588586 180.1292745885155 55.8664142853463 62.43296574967381 26.600504412418843 5400.0 5400.0 2016.0 1 407 {-999.0 20.014263 18.970964 18.464203 -999.0} sdss_psfmag 19.678812 18.998882 18.116236 -999.0 63050394851388500 1092201346 dark_flexible_2x1 mwm_cb_galex_mag_boss mwm_cb science 0 0 0.0 0.0 -999 ""
FIBERMAP 86 R-12C11 METROLOGY 0 0 0 1 0 0 62.91724305141361 -240.58221569920198 143.1 62.8994940971488 -240.51434745615325 206.23425 150.16429 -999.0 -999.0 -999.0 -999.0 -999.0 180.1295240674936 56.02365810789708 180.13265735292896 55.86914332553598 62.42966868004821 26.59958842219845 -999.0 6231.0 -999.0 -1 -999 {-999.0 -999.0 -999.0 -999.0 -999.0} "" -999.0 -999.0 -999.0 -999.0 -999 -999 "" "" "" "" 0 0 0.0 0.0 -999 ""
FIBERMAP 97 R-4C15 APOGEE 0 0 0 1 0 0 69.21201970485916 -99.7703160467708 143.1 69.19249499410043 -99.74217084061401 352.18 18.217262 -999.0 -999.0 -999.0 -999.0 -999.0 180.19251639005168 56.6586416900031 180.1955105901186 56.50403174938942 61.93302594979872 25.748733395327292 -999.0 16600.0 -999.0 2 191 {-999.0 -999.0 -999.0 -999.0 -999.0} "" -999.0 -999.0 -999.0 -999.0 -999 -999 "" ops_sky_apogee_best_unassigned ops_sky sky_apogee 0 0 0.0 0.0 -999 ""
FIBERMAP 97 R-4C15 BOSS 1 1 0 1 0 0 68.48664133260989 -99.91221886135885 143.1 68.46732125108997 -99.88403362441807 352.18 18.217262 180.18671811645578 56.65803675492709 -0.016345255 -0.6304847 0.08876596 180.18669344731052 56.658056985702274 180.18958210298842 56.50336581435492 61.93569066067076 25.74445718709626 5400.0 5400.0 2016.0 1 314 {-999.0 20.65635 20.58438 20.371628 20.559519} sdss_psfmag 20.908175 20.855253 20.236553 -999.0 63050394851391001 1059903024 dark_10x4_4yr bhm_aqmes_med_faint bhm_filler science 0 0 0.0 0.0 -999 ""
FIBERMAP 97 R-4C15 METROLOGY 0 0 0 1 0 0 68.72429518937233 -99.2035243135225 143.1 68.70490806569941 -99.17553899931366 352.18 18.217262 -999.0 -999.0 -999.0 -999.0 -999.0 180.1886670042741 56.661252711599886 180.191584325514 56.506583824572736 61.93254692639248 25.741691269556384 -999.0 6231.0 -999.0 -1 -999 {-999.0 -999.0 -999.0 -999.0 -999.0} "" -999.0 -999.0 -999.0 -999.0 -999 -999 "" "" "" "" 0 0 0.0 0.0 -999 ""
FIBERMAP 103 R-8C3 APOGEE 0 0 0 1 0 0 -143.58288798832035 -171.87602019585736 143.1 -143.54238325561886 -171.82753397056013 12.293034 37.37921 -999.0 -999.0 -999.0 -999.0 -999.0 178.44584754736138 56.329024342516206 178.45624994542038 56.174646488386955 62.807052865528924 24.62019261761901 -999.0 16600.0 -999.0 2 267 {-999.0 -999.0 -999.0 -999.0 -999.0} "" -999.0 -999.0 -999.0 -999.0 -999 -999 "" ops_sky_apogee_best_unassigned ops_sky sky_apogee 0 0 0.0 0.0 -999 ""
FIBERMAP 103 R-8C3 BOSS 1 1 0 1 0 0 -144.0437129914462 -172.45332858231365 143.1 -144.0030782600113 -172.40467949832058 12.293034 37.37921 178.4423082744011 56.32646232754016 0.01606545 -0.13612863 0.20006636 178.4422778679427 56.326451145066805 178.45257596271358 56.17199280147953 62.81040228341984 24.62036862111279 5400.0 5400.0 2016.0 1 476 {-999.0 17.959711 17.77045 17.403603 17.486538} sdss_psfmag 17.777887 17.810205 17.105013 15.765 63050394824150059 1059897572 dark_10x4_4yr bhm_aqmes_med bhm_aqmes science 0 0 0.0 0.0 -999 ""
FIBERMAP 103 R-8C3 METROLOGY 0 0 0 1 0 0 -144.32884738984168 -171.75802546531705 143.1 -144.288132221993 -171.7095725263333 12.293034 37.37921 -999.0 -999.0 -999.0 -999.0 -999.0 178.439805107461 56.32954968504546 178.45014834041694 56.17511403997641 62.80882668300385 24.61377207097837 -999.0 6231.0 -999.0 -1 -999 {-999.0 -999.0 -999.0 -999.0 -999.0} "" -999.0 -999.0 -999.0 -999.0 -999 -999 "" "" "" "" 0 0 0.0 0.0 -999 ""
FIBERMAP 107 R-3C24 APOGEE 0 0 0 1 0 0 255.1675715965585 -80.09566902789696 143.1 255.09558882461113 -80.07307403966419 336.8136 23.803095 -999.0 -999.0 -999.0 -999.0 -999.0 181.72364770747768 56.73395016828165 181.72002681154663 56.57930560007037 61.30860046717374 26.94303541363996 -999.0 16600.0 -999.0 2 222 {-999.0 -999.0 -999.0 -999.0 -999.0} "" -999.0 -999.0 -999.0 -999.0 -999 -999 "" ops_sky_apogee_best_unassigned ops_sky sky_apogee 0 0 0.0 0.0 -999 ""
FIBERMAP 107 R-3C24 BOSS 1 1 0 1 0 0 254.42431445614818 -80.10205612442574 143.1 254.3525413570401 -80.07945933439305 336.8136 23.803095 181.7177366702938 56.73406142760765 -999.0 -999.0 -999.0 181.71776210054938 56.734085839219674 181.71402626703764 56.57936035717589 61.31084697452326 26.937984741370656 5400.0 5400.0 2015.5 1 253 {-999.0 -999.0 -999.0 -999.0 -999.0} "" -999.0 -999.0 -999.0 -999.0 27021603105717981 807361744 "" ops_sky_boss_good ops_sky sky_boss 0 0 0.0 0.0 -999 ""
FIBERMAP 107 R-3C24 METROLOGY 0 0 0 1 0 0 254.79540404162788 -79.44837691398406 143.1 254.72352625814776 -79.42596452685663 336.8136 23.803095 -999.0 -999.0 -999.0 -999.0 -999.0 181.72091949480856 56.736971151662544 181.7172092086181 56.58226794260526 61.30753452780428 26.93643311290873 -999.0 6231.0 -999.0 -1 -999 {-999.0 -999.0 -999.0 -999.0 -999.0} "" -999.0 -999.0 -999.0 -999.0 -999 -999 "" "" "" "" 0 0 0.0 0.0 -999 ""
FIBERMAP 110 R-1C13 APOGEE 0 0 0 1 0 0 -0.8104364516730396 -34.52053587172956 143.1 -0.8102078275500226 -34.51079762856014 342.13992 73.12987 -999.0 -999.0 -999.0 -999.0 -999.0 179.61287944423128 56.9565398467548 179.61841415335095 56.80189524690578 61.914819256982284 24.82494328571238 -999.0 16600.0 -999.0 2 162 {-999.0 -999.0 -999.0 -999.0 -999.0} "" -999.0 -999.0 -999.0 -999.0 -999 -999 "" ops_sky_apogee_best_unassigned ops_sky sky_apogee 0 0 0.0 0.0 -999 ""
FIBERMAP 110 R-1C13 BOSS 1 1 0 1 0 0 -1.225609491469191 -35.13218818067584 143.1 -1.2252637470316476 -35.122277390390074 342.13992 73.12987 179.6094678173835 56.953795060798086 -3.450179 -8.496527 0.26126048 179.60954044530024 56.95381752380084 179.61496095531425 56.79909050653075 61.9181822792643 24.82571461298528 5400.0 5400.0 2016.0 1 346 {-999.0 17.411009 17.110796 16.966293 -999.0} sdss_psfmag 17.358278 17.08274 16.636616 15.834 63050394824151729 975912406 "" ops_std_boss ops_std standard_boss 0 0 0.0 0.0 -999 ""
FIBERMAP 110 R-1C13 METROLOGY 0 0 0 1 0 0 -1.562280157543734 -34.47177949702122 143.1 -1.561839438311291 -34.46205500802511 342.13992 73.12987 -999.0 -999.0 -999.0 -999.0 -999.0 179.60669042378942 56.95680471795119 179.61216015802688 56.80210080958759 61.91686979856762 24.819101497046347 -999.0 6231.0 -999.0 -1 -999 {-999.0 -999.0 -999.0 -999.0 -999.0} "" -999.0 -999.0 -999.0 -999.0 -999 -999 "" "" "" "" 0 0 0.0 0.0 -999 ""
FIBERMAP 114 R-12C15 APOGEE 1 1 0 1 0 0 165.91351232081246 -235.35735277380343 143.1 165.86670811898676 -235.29095846458594 311.7353 145.98433 180.9614347800738 56.043560201436364 -26.091444 -7.985362 4.4407196 180.9613100226772 56.043567857688934 180.96103184889262 55.88907970304563 62.099315390971825 27.3030596117228 16000.0 16600.0 2016.0 2 236 {-999.0 11.029517 10.741592 10.66604 -999.0} sdss_psfmag_from_g3xp 10.996928 10.749487 10.344288 9.719 63050394851388640 974734518 "" ops_std_apogee ops_std standard_apogee 0 0 0.0 0.0 -999 ""
FIBERMAP 114 R-12C15 BOSS 0 0 0 1 0 0 166.001725035738 -236.09584934039628 143.1 165.9548959491054 -236.02924670129738 311.7353 145.98433 -999.0 -999.0 -999.0 -999.0 -999.0 180.9619678601437 56.04036402145652 180.9615544799566 55.8857981086985 62.10149583292861 27.308338054107253 -999.0 5400.0 -999.0 1 258 {-999.0 -999.0 -999.0 -999.0 -999.0} "" -999.0 -999.0 -999.0 -999.0 -999 -999 "" "" "" "" 0 0 0.0 0.0 -999 ""
FIBERMAP 114 R-12C15 METROLOGY 0 0 0 1 0 0 165.30931657627167 -235.79980006430222 143.1 165.2626828180655 -235.73328094070408 311.7353 145.98433 -999.0 -999.0 -999.0 -999.0 -999.0 180.95643528244565 56.04169324025373 180.95608273981816 55.88714931626646 62.10262561469319 27.301590900102042 -999.0 6231.0 -999.0 -1 -999 {-999.0 -999.0 -999.0 -999.0 -999.0} "" -999.0 -999.0 -999.0 -999.0 -999 -999 "" "" "" "" 0 0 0.0 0.0 -999 ""
FIBERMAP 115 R-11C13 APOGEE 0 0 0 1 0 0 90.31542418880392 -213.874196161101 143.1 90.28994620764026 -213.81386225036397 157.5427 139.65582 -999.0 -999.0 -999.0 -999.0 -999.0 180.35424870994265 56.14257358223287 180.35653113424485 55.988077578080556 62.257303027037636 26.627304382318243 -999.0 16600.0 -999.0 2 166 {-999.0 -999.0 -999.0 -999.0 -999.0} "" -999.0 -999.0 -999.0 -999.0 -999 -999 "" ops_sky_apogee_best_unassigned ops_sky sky_apogee 0 0 0.0 0.0 -999 ""
FIBERMAP 115 R-11C13 BOSS 1 1 0 1 0 0 89.97190472841814 -213.21923548262043 143.1 89.94652365409425 -213.15908633629078 157.5427 139.65582 180.3516950124687 56.14557656855386 -999.0 -999.0 -999.0 180.3516914091348 56.14556899284194 180.35385532737723 55.99099298163528 62.25615683301994 26.620709116046385 5400.0 5400.0 2016.0 1 395 {-999.0 20.20275 19.575174 19.213171 19.010359} sdss_fiber2mag_from_lsdr10 1e+20 1e+20 1e+20 15.735 63050394851388948 1063012340 dark_flexible_2x2 bhm_colr_galaxies_lsdr10 bhm_filler science 0 0 0.0 0.0 -999 ""
FIBERMAP 115 R-11C13 METROLOGY 0 0 0 1 0 0 90.71527113521414 -213.2444607989279 143.1 90.6896803572269 -213.18430453653653 157.5427 139.65582 -999.0 -999.0 -999.0 -999.0 -999.0 180.35768166728917 56.1454188127167 180.35985690178552 55.990865106737985 62.25398981742582 26.626222846788323 -999.0 6231.0 -999.0 -1 -999 {-999.0 -999.0 -999.0 -999.0 -999.0} "" -999.0 -999.0 -999.0 -999.0 -999 -999 "" "" "" "" 0 0 0.0 0.0 -999 ""
FIBERMAP 117 R-1C9 APOGEE 1 1 0 1 0 0 -100.22299847683836 -27.167424649247167 143.1 -100.19472556896804 -27.159760718753617 194.94719 173.42105 178.78250383687788 56.98728018759621 -999.0 -999.0 -999.0 178.78252533293352 56.98727997747633 178.79168190886503 56.83270657725554 62.178577033189875 24.037863050622605 16000.0 16600.0 2015.5 2 244 {-999.0 -999.0 -999.0 -999.0 -999.0} "" -999.0 -999.0 -999.0 -999.0 27021603092664177 827604975 "" ops_sky_apogee_best ops_sky sky_apogee 0 0 0.0 0.0 -999 ""
FIBERMAP 117 R-1C9 BOSS 0 0 0 1 0 0 -100.95411501163599 -27.29653034892794 143.1 -100.92563585579121 -27.288829997716512 194.94719 173.42105 -999.0 -999.0 -999.0 -999.0 -999.0 178.7764801107227 56.98672339838908 178.78553952403604 56.832066762574705 62.18117968585426 24.03310636100457 -999.0 5400.0 -999.0 1 481 {-999.0 -999.0 -999.0 -999.0 -999.0} "" -999.0 -999.0 -999.0 -999.0 -999 -999 "" "" "" "" 0 0 0.0 0.0 -999 ""
FIBERMAP 117 R-1C9 METROLOGY 0 0 0 1 0 0 -100.70449124771955 -26.591686339879598 143.1 -100.67608251073857 -26.584184825163117 194.94719 173.42105 -999.0 -999.0 -999.0 -999.0 -999.0 178.77846655220353 56.989922681057614 178.78755315854562 56.83528887746063 62.17797734383704 24.030625497159917 -999.0 6231.0 -999.0 -1 -999 {-999.0 -999.0 -999.0 -999.0 -999.0} "" -999.0 -999.0 -999.0 -999.0 -999 -999 "" "" "" "" 0 0 0.0 0.0 -999 ""
FIBERMAP 119 R0C6 APOGEE 0 0 0 1 0 0 -171.04272008585053 -4.3226867227753765 143.1 -170.99446893451432 -4.3214672928508815 298.8955 146.9429 -999.0 -999.0 -999.0 -999.0 -999.0 178.18966362889847 57.08588449907737 178.20143805630596 56.93136383913678 62.30056844169026 23.362848897517154 -999.0 16600.0 -999.0 2 -999 {-999.0 -999.0 -999.0 -999.0 -999.0} "" -999.0 -999.0 -999.0 -999.0 -999 -999 "" "" "" "" 0 0 0.0 0.0 -999 ""
FIBERMAP 119 R0C6 BOSS 1 1 0 1 0 0 -171.0618611687601 -5.053169480208831 143.1 -171.01360461772438 -5.051743981098465 298.8955 146.9429 178.18962283541794 57.08264142201585 -0.27109173 0.71429694 0.5976895 178.1896509270924 57.08264736816025 178.20130407426063 56.928042599481415 62.30324194340164 23.36709123973452 5400.0 5400.0 2016.0 1 494 {-999.0 20.542141 20.38678 20.099491 20.084206} sdss_psfmag 20.18684 20.168344 19.457409 -999.0 63050394824207562 1059900664 dark_10x4_4yr bhm_aqmes_med_faint bhm_filler science 0 0 0.0 0.0 -999 ""
FIBERMAP 119 R0C6 METROLOGY 0 0 0 1 0 0 -171.70829632824262 -4.659836906039455 143.1 -171.65985741784843 -4.6585223660482615 298.8955 146.9429 -999.0 -999.0 -999.0 -999.0 -999.0 178.18419614241662 57.08434901633591 178.19590780998317 56.929768667263964 62.30367511118189 23.359806994469466 -999.0 6231.0 -999.0 -1 -999 {-999.0 -999.0 -999.0 -999.0 -999.0} "" -999.0 -999.0 -999.0 -999.0 -999 -999 "" "" "" "" 0 0 0.0 0.0 -999 ""
FIBERMAP 120 R-7C13 APOGEE 0 0 0 1 0 0 73.37470336082913 -127.42778295368466 143.1 73.35400435701105 -127.39183557611342 73.69533 60.01044 -999.0 -999.0 -999.0 -999.0 -999.0 180.22457117379045 56.5330567087804 180.22742106913893 56.37847476056251 62.015289118876794 25.95406829933421 -999.0 16600.0 -999.0 2 163 {-999.0 -999.0 -999.0 -999.0 -999.0} "" -999.0 -999.0 -999.0 -999.0 -999 -999 "" "" "" "" 0 0 0.0 0.0 -999 ""
FIBERMAP 120 R-7C13 BOSS 1 1 0 1 0 0 73.89053514443336 -127.97224414154992 143.1 73.86969062446911 -127.9361431714776 73.69533 60.01044 180.22792786868308 56.53067294168075 50.490025 -16.570797 17.094793 180.22895320283789 56.5306046335774 180.23165388303494 56.3759419746927 62.01562345378255 25.961387951776317 5400.0 5400.0 2016.0 1 354 {-999.0 17.826275 16.31385 14.718921 -999.0} sdss_psfmag 17.219183 15.448376 14.183369 11.802 63050394851389279 1132546163 bright_2x1 mwm_snc_100pc_boss mwm_snc science 0 0 1.5078084468841553 0.0 -999 ""
FIBERMAP 120 R-7C13 METROLOGY 0 0 0 1 0 0 73.1774318715332 -128.15025910787094 143.1 73.15678851800224 -128.11410791977661 73.69533 60.01044 -999.0 -999.0 -999.0 -999.0 -999.0 180.22301903222046 56.529806733847856 180.22578207325546 56.37516751156445 62.018363362258086 25.957307902097966 -999.0 6231.0 -999.0 -1 -999 {-999.0 -999.0 -999.0 -999.0 -999.0} "" -999.0 -999.0 -999.0 -999.0 -999 -999 "" "" "" "" 0 0 0.0 0.0 -999 ""
FIBERMAP 124 R-6C12 APOGEE 0 0 0 1 0 0 37.56245773869683 -111.94386118641363 143.1 37.551861369368744 -111.91228182317295 38.180763 94.419815 -999.0 -999.0 -999.0 -999.0 -999.0 179.93015247465416 56.60413827875611 179.93427157518863 56.44955518365162 62.06913586152682 25.594284154060233 -999.0 16600.0 -999.0 2 -999 {-999.0 -999.0 -999.0 -999.0 -999.0} "" -999.0 -999.0 -999.0 -999.0 -999 -999 "" "" "" "" 0 0 0.0 0.0 -999 ""
FIBERMAP 124 R-6C12 BOSS 1 1 0 1 0 0 38.065530907016196 -112.48602782596497 143.1 38.05479262074733 -112.45429551751526 38.180763 94.419815 179.93461802929843 56.60179420272954 -38.05013 -27.464392 3.348698 179.93444558056655 56.6017001458211 179.9384171852421 56.44703576263267 62.06952835981241 25.601506094832075 5400.0 5400.0 2016.0 1 378 {-999.0 19.887815 20.047192 20.08975 -999.0} sdss_psfmag 19.98959 19.944782 19.875141 -999.0 63050394824147047 1092530051 dark_flexible_2x1 mwm_cb_galex_vol_boss mwm_cb science 0 0 0.0 0.0 -999 ""
FIBERMAP 124 R-6C12 METROLOGY 0 0 0 1 0 0 37.346692644128844 -112.65807922348485 143.1 37.336157142133935 -112.6262983793359 38.180763 94.419815 -999.0 -999.0 -999.0 -999.0 -999.0 179.9284561746247 56.60091753476284 179.9324899775812 56.446276817718164 62.0722537938142 25.59730032440916 -999.0 6231.0 -999.0 -1 -999 {-999.0 -999.0 -999.0 -999.0 -999.0} "" -999.0 -999.0 -999.0 -999.0 -999 -999 "" "" "" "" 0 0 0.0 0.0 -999 ""
FIBERMAP 126 R-7C19 APOGEE 0 0 0 1 0 0 203.4793898419404 -144.73254131328787 143.1 203.421988306066 -144.6917122633834 346.46066 95.46689 -999.0 -999.0 -999.0 -999.0 -999.0 181.28639912986614 56.44749532602807 181.28470361173595 56.29291154418856 61.68196838096461 26.99180055383033 -999.0 16600.0 -999.0 2 -999 {-999.0 -999.0 -999.0 -999.0 -999.0} "" -999.0 -999.0 -999.0 -999.0 -999 -999 "" "" "" "" 0 0 0.0 0.0 -999 ""
FIBERMAP 126 R-7C19 BOSS 1 1 0 1 0 0 203.39865086504807 -145.46959207332907 143.1 203.34127210563904 -145.42855510140518 346.46066 95.46689 181.28570895485723 56.444220265020384 0.017758641 -0.03950482 0.116064355 181.28572771337346 56.44424922532766 181.28389906804432 56.289586306030856 61.68468945573788 26.995938335182416 5400.0 5400.0 2016.0 1 320 {-999.0 19.600508 19.485584 19.519848 19.394072} sdss_psfmag 19.525639 19.523924 19.098309 -999.0 63050394851389862 1059902998 dark_10x4_4yr bhm_aqmes_med_faint bhm_filler science 0 0 0.0 0.0 -999 ""
FIBERMAP 126 R-7C19 METROLOGY 0 0 0 1 0 0 202.7918727640538 -145.0223382217015 143.1 202.7346651767471 -144.98142742008915 346.46066 95.46689 -999.0 -999.0 -999.0 -999.0 -999.0 181.280869737446 56.44629194435904 181.27910029921645 56.291651157420375 61.68502182254461 26.988868245591732 -999.0 6231.0 -999.0 -1 -999 {-999.0 -999.0 -999.0 -999.0 -999.0} "" -999.0 -999.0 -999.0 -999.0 -999 -999 "" "" "" "" 0 0 0.0 0.0 -999 ""
FIBERMAP 129 R-6C21 APOGEE 1 1 0 1 0 0 233.8749086317289 -120.27961685196946 143.1 233.8089325200039 -120.24568597205553 319.2346 135.81073 181.5393996104296 56.55502136076337 2.6981232 -32.26061 4.5776353 181.53941641403924 56.55498807363388 181.5366211367235 56.400381722358645 61.507877568498614 27.048657760581023 16000.0 16600.0 2016.0 2 194 {-999.0 12.105374 11.604354 11.45953 -999.0} sdss_psfmag_from_g3xp 12.002855 11.646767 11.126536 10.22 63050394851390086 1103524298 bright_1x1 mwm_tess_2min_apogee mwm_planet science 0 0 0.0 0.0 -999 ""
FIBERMAP 129 R-6C21 BOSS 0 0 0 1 0 0 233.971513067062 -121.01408860628312 143.1 233.9055097032258 -120.9799505318873 319.2346 135.81073 -999.0 -999.0 -999.0 -999.0 -999.0 181.5401487755244 56.55174457921522 181.53721243871075 56.397058871424214 61.51005328379359 27.053967214583736 -999.0 5400.0 -999.0 1 333 {-999.0 -999.0 -999.0 -999.0 -999.0} "" -999.0 -999.0 -999.0 -999.0 -999 -999 "" "" "" "" 0 0 0.0 0.0 -999 ""
FIBERMAP 129 R-6C21 METROLOGY 0 0 0 1 0 0 233.28069104681063 -120.72630343224797 143.1 233.21488256386633 -120.69224654204974 319.2346 135.81073 -999.0 -999.0 -999.0 -999.0 -999.0 181.53458545705917 56.553086662476915 181.53171205628507 56.39842324907818 61.51117046063716 27.047377657723644 -999.0 6231.0 -999.0 -1 -999 {-999.0 -999.0 -999.0 -999.0 -999.0} "" -999.0 -999.0 -999.0 -999.0 -999 -999 "" "" "" "" 0 0 0.0 0.0 -999 ""
FIBERMAP 130 R-9C15 APOGEE 0 0 0 1 0 0 121.35098077701963 -185.62970137564363 143.1 121.31674766534243 -185.57733523688557 242.51425 134.33244 -999.0 -999.0 -999.0 -999.0 -999.0 180.61039189914618 56.26835740648851 180.61159000802456 56.11382337300159 62.06836972343247 26.670401720615814 -999.0 16600.0 -999.0 2 -999 {-999.0 -999.0 -999.0 -999.0 -999.0} "" -999.0 -999.0 -999.0 -999.0 -999 -999 "" "" "" "" 0 0 0.0 0.0 -999 ""
FIBERMAP 130 R-9C15 BOSS 1 1 0 1 0 0 120.65501102158692 -185.85652046271758 143.1 120.62097424297774 -185.80409033829505 242.51425 134.33244 180.60481793198213 56.26740234588814 -999.0 -999.0 -999.0 180.60486420812072 56.267412253010086 180.6059543505895 56.112798882111484 62.07125078717078 26.666944483130635 5400.0 5400.0 2015.5 1 265 {-999.0 -999.0 -999.0 -999.0 -999.0} "" -999.0 -999.0 -999.0 -999.0 27021603105716678 807361558 "" ops_sky_boss_good ops_sky sky_boss 0 0 0.0 0.0 -999 ""
FIBERMAP 130 R-9C15 METROLOGY 0 0 0 1 0 0 120.79613159649865 -185.13089844122263 143.1 120.76205500777529 -185.07867301477236 242.51425 134.33244 -999.0 -999.0 -999.0 -999.0 -999.0 180.60607955113116 56.27065546884804 180.60720173600555 56.11606388532662 62.06837662033564 26.663319419171103 -999.0 6231.0 -999.0 -1 -999 {-999.0 -999.0 -999.0 -999.0 -999.0} "" -999.0 -999.0 -999.0 -999.0 -999 -999 "" "" "" "" 0 0 0.0 0.0 -999 ""
FIBERMAP 136 R-10C12 APOGEE 0 0 0 1 0 0 83.20060789426631 -201.2415220807412 143.1 83.17713700277935 -201.18475184736224 8.059628 81.69173 -999.0 -999.0 -999.0 -999.0 -999.0 180.2978533882351 56.199504355086134 180.3003763783512 56.04499734032389 62.23630118849704 26.495204617877278 -999.0 16600.0 -999.0 2 -999 {-999.0 -999.0 -999.0 -999.0 -999.0} "" -999.0 -999.0 -999.0 -999.0 -999 -999 "" "" "" "" 0 0 0.0 0.0 -999 ""
FIBERMAP 136 R-10C12 BOSS 1 1 0 1 0 0 83.21144970444969 -201.95474134884896 143.1 83.18797575448806 -201.89776991631445 8.059628 81.69173 180.29807033157567 56.19633799970627 0.0957616 -0.29758868 0.24407227 180.29802262045618 56.19633891837939 180.30041547761448 56.04175297974761 62.23869012650066 26.49991750038987 5400.0 5400.0 2016.0 1 369 {-999.0 20.170128 19.898615 19.67615 19.724483} sdss_psfmag 20.022549 20.0158 19.526976 -999.0 63050394851388961 1059902981 dark_10x4_4yr bhm_aqmes_med_faint bhm_filler science 0 0 0.0 0.0 -999 ""
FIBERMAP 136 R-10C12 METROLOGY 0 0 0 1 0 0 82.55515246612923 -201.61575365450292 143.1 82.53186365761854 -201.558877850397 8.059628 81.69173 -999.0 -999.0 -999.0 -999.0 -999.0 180.29267595573643 56.197866176254465 180.2951281779957 56.04330267360906 62.239525513737235 26.492985213861857 -999.0 6231.0 -999.0 -1 -999 {-999.0 -999.0 -999.0 -999.0 -999.0} "" -999.0 -999.0 -999.0 -999.0 -999 -999 "" "" "" "" 0 0 0.0 0.0 -999 ""
FIBERMAP 138 R-2C24 APOGEE 0 0 0 1 0 0 234.93139831287942 -41.89186072613132 143.1 234.86512416541538 -41.88004303222048 183.28188 128.31422 -999.0 -999.0 -999.0 -999.0 -999.0 181.56893100155614 56.90897685816912 181.56594996316608 56.754287753488775 61.24007688133975 26.564539366805775 -999.0 16600.0 -999.0 2 -999 {-999.0 -999.0 -999.0 -999.0 -999.0} "" -999.0 -999.0 -999.0 -999.0 -999 -999 "" "" "" "" 0 0 0.0 0.0 -999 ""
FIBERMAP 138 R-2C24 BOSS 1 1 0 1 0 0 234.4323980028916 -41.34579528231036 143.1 234.366264623415 -41.334131633461226 183.28188 128.31422 181.5651045858385 56.9115937173022 0.068150096 -0.002163713 0.07271627 181.5651757584613 56.91158210888262 181.56207037332308 56.75681073094479 61.23969958409257 26.557726043487435 5400.0 5400.0 2016.0 1 260 {-999.0 18.489933 18.4231 18.181543 18.164492} sdss_psfmag 18.469967 18.324286 17.938892 -999.0 63050394851416940 1059898074 dark_10x4_4yr bhm_aqmes_med bhm_aqmes science 0 0 0.0 0.0 -999 ""
FIBERMAP 138 R-2C24 METROLOGY 0 0 0 1 0 0 235.15336539049014 -41.179545769831265 143.1 235.0870286261135 -41.1679290199696 183.28188 128.31422 -999.0 -999.0 -999.0 -999.0 -999.0 181.57107317122552 56.91222809034242 181.56798171991375 56.757479789655044 61.23699012217702 26.561673419777776 -999.0 6231.0 -999.0 -1 -999 {-999.0 -999.0 -999.0 -999.0 -999.0} "" -999.0 -999.0 -999.0 -999.0 -999 -999 "" "" "" "" 0 0 0.0 0.0 -999 ""
FIBERMAP 140 R-4C12 APOGEE 0 0 0 1 0 0 7.547252319301531 -77.78328991819458 143.1 7.5451232394222565 -77.76134725210866 281.09827 172.28862 -999.0 -999.0 -999.0 -999.0 -999.0 179.68235915163515 56.75964197039369 179.6875643826362 56.6050386079077 62.04033412515331 25.15769471547719 -999.0 16600.0 -999.0 2 -999 {-999.0 -999.0 -999.0 -999.0 -999.0} "" -999.0 -999.0 -999.0 -999.0 -999 -999 "" "" "" "" 0 0 0.0 0.0 -999 ""
FIBERMAP 140 R-4C12 BOSS 1 1 0 1 0 0 7.6153765246667255 -78.51576721077036 143.1 7.613228226949118 -78.49361791284021 281.09827 172.28862 179.6830479249045 56.75628250007757 -999.0 -999.0 -999.0 179.6830547948723 56.75635237348371 179.6881286392902 56.6016673004674 62.04269583066474 25.162868861911704 5400.0 5400.0 2016.0 1 365 {-999.0 20.869123 20.876642 20.551481 20.225454} sdss_psfmag 1e+20 21.049723 1e+20 -999.0 63050394824150748 1059900586 dark_10x4_4yr bhm_aqmes_med_faint bhm_filler science 0 0 0.0 0.0 -999 ""
FIBERMAP 140 R-4C12 METROLOGY 0 0 0 1 0 0 6.934733537735058 -78.20929780866157 143.1 6.932777249404063 -78.18723496574975 281.09827 172.28862 -999.0 -999.0 -999.0 -999.0 -999.0 179.67736644797037 56.75773242561729 179.68250133924982 56.60307078935481 62.043640325284954 25.15590039457544 -999.0 6231.0 -999.0 -1 -999 {-999.0 -999.0 -999.0 -999.0 -999.0} "" -999.0 -999.0 -999.0 -999.0 -999 -999 "" "" "" "" 0 0 0.0 0.0 -999 ""
FIBERMAP 142 R0C2 APOGEE 0 0 0 1 1 0 -276.6734325985842 15.733266189531218 143.1 -276.5953830232482 15.728827835139152 149.15938 79.82333 -999.0 -999.0 -999.0 -999.0 -999.0 177.31316597434252 57.163563892401214 177.32880575054992 57.00916766116332 62.52391657970047 22.4406005557982 -999.0 16600.0 -999.0 2 295 {-999.0 -999.0 -999.0 -999.0 -999.0} "" -999.0 -999.0 -999.0 -999.0 -999 -999 "" ops_sky_apogee_best_unassigned ops_sky sky_apogee 0 0 0.0 0.0 -999 ""
FIBERMAP 142 R0C2 BOSS 1 0 0 1 1 0 -276.1468063314294 16.256071299108914 143.1 -276.0689053173633 16.251485461395436 149.15938 79.82333 177.5309433993456 57.13398141923254 -999.0 -999.0 -999.0 177.31745498309357 57.166092620880455 177.3329622926666 57.01160919069111 62.520610228357185 22.44144303163648 5400.0 5400.0 2016.0 1 423 {-999.0 20.678572 20.098866 19.81793 19.569727} sdss_fiber2mag_from_lsdr10 1e+20 1e+20 1e+20 -999.0 63050399365455448 1068133801 dark_flexible_2x2 bhm_colr_galaxies_lsdr10 bhm_filler science 0 0 0.0 0.0 -999 ""
FIBERMAP 142 R0C2 METROLOGY 0 0 0 1 1 0 -275.9554438924617 15.534478178339693 143.1 -275.8775968617396 15.530095902045584 149.15938 79.82333 -999.0 -999.0 -999.0 -999.0 -999.0 177.31918948680806 57.16283871158054 177.33472010080732 57.00838006016467 62.522654045067824 22.44724469995674 -999.0 6231.0 -999.0 -1 -999 {-999.0 -999.0 -999.0 -999.0 -999.0} "" -999.0 -999.0 -999.0 -999.0 -999 -999 "" "" "" "" 0 0 0.0 0.0 -999 ""
FIBERMAP 144 R-4C4 APOGEE 0 0 0 1 0 0 -182.12208745829122 -70.66910711453654 143.1 -182.07071081741924 -70.64917135941954 29.093077 174.44066 -999.0 -999.0 -999.0 -999.0 -999.0 178.11071558693666 56.78379847830319 178.12271615905445 56.629360231821394 62.56567927636601 23.68900598911364 -999.0 16600.0 -999.0 2 -999 {-999.0 -999.0 -999.0 -999.0 -999.0} "" -999.0 -999.0 -999.0 -999.0 -999 -999 "" "" "" "" 0 0 0.0 0.0 -999 ""
FIBERMAP 144 R-4C4 BOSS 1 1 0 1 0 0 -181.43261888822656 -70.36483092195253 143.1 -181.3814367464382 -70.34498100314946 29.093077 174.44066 178.1163042387241 56.78529032869124 -999.0 -999.0 -999.0 178.1163577091233 56.78530228340528 178.12821606221235 56.63077917751968 62.56270134852482 23.69229539522081 5400.0 5400.0 2016.0 1 455 {-999.0 20.576017 19.795763 19.446302 19.168827} sdss_fiber2mag_from_lsdr10 1e+20 1e+20 1e+20 15.827 63050394824207166 1062319527 dark_flexible_2x2 bhm_colr_galaxies_lsdr10 bhm_filler science 0 0 0.0 0.0 -999 ""
FIBERMAP 144 R-4C4 METROLOGY 0 0 0 1 0 0 -181.51847445295522 -71.1076425410428 143.1 -181.46726809131204 -71.08758307508197 29.093077 174.44066 -999.0 -999.0 -999.0 -999.0 -999.0 178.1157867745391 56.78190807530622 178.1276798516716 56.62740957479373 62.56554133623713 23.696282983687126 -999.0 6231.0 -999.0 -1 -999 {-999.0 -999.0 -999.0 -999.0 -999.0} "" -999.0 -999.0 -999.0 -999.0 -999 -999 "" "" "" "" 0 0 0.0 0.0 -999 ""
FIBERMAP 146 R-8C5 APOGEE 0 0 0 1 0 0 -98.82848547279198 -152.86634930228348 143.1 -98.80060595704012 -152.82322570514532 14.815151 114.030075 -999.0 -999.0 -999.0 -999.0 -999.0 178.80845258932774 56.416914156840726 178.8173386344215 56.26247173208094 62.61201751047855 24.83813068304221 -999.0 16600.0 -999.0 2 265 {-999.0 -999.0 -999.0 -999.0 -999.0} "" -999.0 -999.0 -999.0 -999.0 -999 -999 "" ops_sky_apogee_best_unassigned ops_sky sky_apogee 0 0 0.0 0.0 -999 ""
FIBERMAP 146 R-8C5 BOSS 1 1 0 1 0 0 -98.35213498171203 -153.44361016899367 143.1 -98.3243898444337 -153.400323726565 14.815151 114.030075 178.81254270472252 56.41436688322238 -7.356264 -6.881374 0.88695633 178.81249471771278 56.41436025502063 178.82124163459844 56.25983631601616 62.61267233255178 24.845410984691057 5400.0 5400.0 2016.0 1 480 {-999.0 19.344736 18.088245 17.336987 -999.0} sdss_psfmag 18.645569 17.928324 16.876856 -999.0 63050394824150131 1092530099 dark_flexible_2x1 mwm_cb_galex_vol_boss mwm_cb science 0 0 0.0 0.0 -999 ""
FIBERMAP 146 R-8C5 METROLOGY 0 0 0 1 0 0 -99.09216969917618 -153.5652096591656 143.1 -99.06421579810404 -153.52188891352074 14.815151 114.030075 -999.0 -999.0 -999.0 -999.0 -999.0 178.8064230712824 56.413766876481766 178.81523008116073 56.25926690031805 62.61523549673938 24.840596986481728 -999.0 6231.0 -999.0 -1 -999 {-999.0 -999.0 -999.0 -999.0 -999.0} "" -999.0 -999.0 -999.0 -999.0 -999 -999 "" "" "" "" 0 0 0.0 0.0 -999 ""
FIBERMAP 147 R-3C3 APOGEE 1 1 0 1 0 0 -233.37927545755264 -53.96162344326671 143.1 -233.31343916394607 -53.94640086929337 227.8738 43.358627 177.6861790186748 56.85418411302599 1.7952163 13.511299 8.65731 177.6862006404165 56.85425591681172 177.70006548261142 56.69986727840031 62.65112822813655 23.195186174420087 16000.0 16600.0 2016.0 2 278 {-999.0 10.765091 10.317877 10.169567 -999.0} sdss_psfmag_from_g3xp 10.685411 10.346277 9.841365 8.963 63050394824205638 974639527 "" ops_std_apogee ops_std standard_apogee 0 0 0.0 0.0 -999 ""
FIBERMAP 147 R-3C3 BOSS 0 0 0 1 0 0 -233.39907661596575 -53.21059315146747 143.1 -233.3332347364524 -53.19558244313944 227.8738 43.358627 -999.0 -999.0 -999.0 -999.0 -999.0 177.685909462694 56.85772822536198 177.69966106092147 56.70325453912224 62.648560530982834 23.190353403023323 -999.0 5400.0 -999.0 1 442 {-999.0 -999.0 -999.0 -999.0 -999.0} "" -999.0 -999.0 -999.0 -999.0 -999 -999 "" "" "" "" 0 0 0.0 0.0 -999 ""
FIBERMAP 147 R-3C3 METROLOGY 0 0 0 1 0 0 -232.7292177303015 -53.59194909087926 143.1 -232.66356481797982 -53.576830802040725 227.8738 43.358627 -999.0 -999.0 -999.0 -999.0 -999.0 177.69146802477556 56.856057563133355 177.7052276928091 56.70160723997076 62.6480307829637 23.197821133933473 -999.0 6231.0 -999.0 -1 -999 {-999.0 -999.0 -999.0 -999.0 -999.0} "" -999.0 -999.0 -999.0 -999.0 -999 -999 "" "" "" "" 0 0 0.0 0.0 -999 ""
FIBERMAP 148 R-10C10 APOGEE 0 0 0 1 0 0 27.28902688466739 -183.7220199019275 143.1 27.281328650183227 -183.67019192011318 52.995342 129.01991 -999.0 -999.0 -999.0 -999.0 -999.0 179.8429178744731 56.27945617565174 179.8473762817374 56.124954583017356 62.34506287913915 25.975263630966992 -999.0 16600.0 -999.0 2 -999 {-999.0 -999.0 -999.0 -999.0 -999.0} "" -999.0 -999.0 -999.0 -999.0 -999 -999 "" "" "" "" 0 0 0.0 0.0 -999 ""
FIBERMAP 148 R-10C10 BOSS 1 1 0 1 0 0 28.041097920397867 -183.7019688021 143.1 28.033187526674524 -183.65014647670094 52.995342 129.01991 179.8488397194254 56.279844053231734 -41.948296 -101.38658 13.513349 179.84920982175174 56.279566372176845 179.8535145922027 56.12498401230761 62.34277987864415 25.980754091606002 5400.0 5400.0 2016.0 1 370 {-999.0 18.630466 17.057995 15.533532 -999.0} sdss_psfmag 17.990126 16.24381 14.984934 12.612 63050394824146635 1132427047 dark_2x1 mwm_snc_100pc_boss mwm_snc science 0 0 1.2402499914169312 0.0 -999 ""
FIBERMAP 148 R-10C10 METROLOGY 0 0 0 1 0 0 27.687723279169276 -184.35265701273133 143.1 27.679912572432222 -184.30065112818804 52.995342 129.01991 -999.0 -999.0 -999.0 -999.0 -999.0 179.84625874678653 56.276623634597364 179.85061172147255 56.12206492614803 62.346039984886204 25.982294078812174 -999.0 6231.0 -999.0 -1 -999 {-999.0 -999.0 -999.0 -999.0 -999.0} "" -999.0 -999.0 -999.0 -999.0 -999 -999 "" "" "" "" 0 0 0.0 0.0 -999 ""
FIBERMAP 153 R-7C3 APOGEE 0 0 0 1 0 0 -173.76458095290448 -155.99820528640197 143.1 -173.71556196461768 -155.95419819269068 312.12643 44.71283 -999.0 -999.0 -999.0 -999.0 -999.0 178.19710684799423 56.39870398061374 178.2085910634106 56.24434359661099 62.838907913858705 24.28949128447948 -999.0 16600.0 -999.0 2 300 {-999.0 -999.0 -999.0 -999.0 -999.0} "" -999.0 -999.0 -999.0 -999.0 -999 -999 "" "" "" "" 0 0 0.0 0.0 -999 ""
FIBERMAP 153 R-7C3 BOSS 1 1 0 1 0 0 -174.49768810626108 -155.9722941227367 143.1 -174.44846230844632 -155.92829433856468 312.12643 44.71283 178.1899158433363 56.39902158535316 60.871933 -66.06133 16.206032 178.19121342148418 56.398830358137936 178.20260538520859 56.2443887510788 62.84094275378389 24.28372705945884 5400.0 5400.0 2016.0 1 446 {-999.0 16.24362 14.802153 13.550336 -999.0} sdss_psfmag_from_g3xp 15.6651125 14.254624 13.093043 10.948 63050394824150910 1132644821 bright_2x1 mwm_snc_100pc_boss mwm_snc science 0 0 1.9494930505752563 0.0 -999 ""
FIBERMAP 153 R-7C3 METROLOGY 0 0 0 1 0 0 -174.12112347042876 -155.33951576390515 143.1 -174.07200390149777 -155.29569448650815 312.12643 44.71283 -999.0 -999.0 -999.0 -999.0 -999.0 178.1941136862516 56.401688322952474 178.20552760637906 56.247268874796966 62.83767788889799 24.2825843648576 -999.0 6231.0 -999.0 -1 -999 {-999.0 -999.0 -999.0 -999.0 -999.0} "" -999.0 -999.0 -999.0 -999.0 -999 -999 "" "" "" "" 0 0 0.0 0.0 -999 ""
FIBERMAP 155 R-11C15 APOGEE 0 0 0 1 0 0 144.6223967123779 -195.20594520501953 143.1 144.58159873426536 -195.1508776078772 129.94806 73.59787 -999.0 -999.0 -999.0 -999.0 -999.0 180.79778012184147 56.224241393257664 180.79818390062167 56.06971337263858 62.0300378758384 26.89731583541311 -999.0 16600.0 -999.0 2 -999 {-999.0 -999.0 -999.0 -999.0 -999.0} "" -999.0 -999.0 -999.0 -999.0 -999 -999 "" "" "" "" 0 0 0.0 0.0 -999 ""
FIBERMAP 155 R-11C15 BOSS 1 1 0 1 0 0 145.2951419188925 -194.89122442410104 143.1 145.2541541593572 -194.83624560969102 129.94806 73.59787 180.80351105288403 56.22567377674894 0.634933 -2.0102003 -0.60508156 180.80345519022603 56.22567873677088 180.80370235466432 56.07107089059633 62.02694512051202 26.90014889764899 5400.0 5400.0 2016.0 1 267 {-999.0 20.174309 19.164211 18.73692 18.412123} sdss_fiber2mag_from_lsdr10 18.913652 19.505129 17.45143 15.462 63050394851388791 1063012329 dark_flexible_2x2 bhm_colr_galaxies_lsdr10 bhm_filler science 0 0 0.0 0.0 -999 ""
FIBERMAP 155 R-11C15 METROLOGY 0 0 0 1 0 0 145.2309895634228 -195.6375430759235 143.1 145.19001990126696 -195.5823537250218 129.94806 73.59787 -999.0 -999.0 -999.0 -999.0 -999.0 180.80274935603447 56.22231423083511 180.8030372099995 56.067729691547534 62.02964295810839 26.90442527767277 -999.0 6231.0 -999.0 -1 -999 {-999.0 -999.0 -999.0 -999.0 -999.0} "" -999.0 -999.0 -999.0 -999.0 -999 -999 "" "" "" "" 0 0 0.0 0.0 -999 ""
FIBERMAP 159 R-8C14 APOGEE 0 0 0 1 0 0 91.13666842216803 -147.06754486084043 143.1 91.11095876800614 -147.0260571064352 29.521893 156.34715 -999.0 -999.0 -999.0 -999.0 -999.0 180.36862217347917 56.44354155167791 180.37085191375138 56.28897449717898 62.02895822057848 26.207590566190788 -999.0 16600.0 -999.0 2 -999 {-999.0 -999.0 -999.0 -999.0 -999.0} "" -999.0 -999.0 -999.0 -999.0 -999 -999 "" "" "" "" 0 0 0.0 0.0 -999 ""
FIBERMAP 159 R-8C14 BOSS 1 1 0 1 0 0 91.87653165134165 -146.98077528422462 143.1 91.85061328176282 -146.93931200751695 29.521893 156.34715 180.3749269250803 56.4439306803119 -999.0 -999.0 -999.0 180.37488529460163 56.44393926777593 180.37695745144822 56.28929126089368 62.026455314127375 26.212507259811275 5400.0 5400.0 2016.0 1 327 {-999.0 21.620058 21.012629 20.868427 20.672422} sdss_psfmag 1e+20 1e+20 1e+20 -999.0 63050399369197748 1059916783 dark_10x4_4yr bhm_aqmes_med_faint bhm_filler science 0 0 0.0 0.0 -999 ""
FIBERMAP 159 R-8C14 METROLOGY 0 0 0 1 0 0 91.586745417441 -147.6626017310956 143.1 91.56090879655873 -147.62094611114728 29.521893 156.34715 -999.0 -999.0 -999.0 -999.0 -999.0 180.37238458520676 56.44085308505475 180.37450444531237 56.286228752218996 62.02964207608912 26.214719956814747 -999.0 6231.0 -999.0 -1 -999 {-999.0 -999.0 -999.0 -999.0 -999.0} "" -999.0 -999.0 -999.0 -999.0 -999 -999 "" "" "" "" 0 0 0.0 0.0 -999 ""
FIBERMAP 160 R+8C5 APOGEE 0 0 0 1 0 0 -108.38420140360114 170.9906137528711 143.1 -108.3536262203852 170.9423773007314 99.3083 91.72664 -999.0 -999.0 -999.0 -999.0 -999.0 178.69447839061155 57.886164020894576 178.70429220256324 57.73138834368466 61.50122526030847 22.782298870519867 -999.0 16600.0 -999.0 2 92 {-999.0 -999.0 -999.0 -999.0 -999.0} "" -999.0 -999.0 -999.0 -999.0 -999 -999 "" ops_sky_apogee_best_unassigned ops_sky sky_apogee 0 0 0.0 0.0 -999 ""
FIBERMAP 160 R+8C5 BOSS 1 1 0 1 0 0 -107.65737051482446 171.15747363283322 143.1 -107.62700037060223 171.1091901095214 99.3083 91.72664 178.70067567567565 57.88710760698966 -999.0 -999.0 -999.0 178.7007288644722 57.88710322421097 178.71038808521155 57.732238697294115 61.49856631898495 22.786616699299202 5400.0 5400.0 2015.5 1 68 {-999.0 -999.0 -999.0 -999.0 -999.0} "" -999.0 -999.0 -999.0 -999.0 27021603092669571 805497308 "" ops_sky_boss_good ops_sky sky_boss 0 0 0.0 0.0 -999 ""
FIBERMAP 160 R+8C5 METROLOGY 0 0 0 1 0 0 -107.87911787988487 170.4404227937388 143.1 -107.84868518073097 170.3923415504687 99.3083 91.72664 -999.0 -999.0 -999.0 -999.0 -999.0 178.69887440682103 57.883819033362315 178.70857689395677 57.72898042085682 61.501738016246755 22.789176417415547 -999.0 6231.0 -999.0 -1 -999 {-999.0 -999.0 -999.0 -999.0 -999.0} "" -999.0 -999.0 -999.0 -999.0 -999 -999 "" "" "" "" 0 0 0.0 0.0 -999 ""
FIBERMAP 162 R-9C14 APOGEE 1 1 0 1 0 0 110.55316249962286 -169.05243209241408 143.1 110.52197545248171 -169.0047424013208 17.675312 129.71658 180.5248095709429 56.3434785279026 -999.0 -999.0 -999.0 180.52480538969846 56.34348959954138 180.52636723665 56.188940492138265 62.04504285339225 26.48742504593247 16000.0 16600.0 2015.5 2 192 {-999.0 -999.0 -999.0 -999.0 -999.0} "" -999.0 -999.0 -999.0 -999.0 27021603105716728 839695672 "" ops_sky_apogee_best ops_sky sky_apogee 0 0 0.0 0.0 -999 ""
FIBERMAP 162 R-9C14 BOSS 0 0 0 1 0 0 111.18368689042126 -169.4255094179231 143.1 111.15232197234947 -169.3777144817163 17.675312 129.71658 -999.0 -999.0 -999.0 -999.0 -999.0 180.53008122977386 56.34181968601969 180.53148927711732 56.187190728755205 62.04441422273641 26.494432313823722 -999.0 5400.0 -999.0 1 328 {-999.0 -999.0 -999.0 -999.0 -999.0} "" -999.0 -999.0 -999.0 -999.0 -999 -999 "" "" "" "" 0 0 0.0 0.0 -999 ""
FIBERMAP 162 R-9C14 METROLOGY 0 0 0 1 0 0 110.5354297186621 -169.79530006573347 143.1 110.50424767393847 -169.74740081158492 17.675312 129.71658 -999.0 -999.0 -999.0 -999.0 -999.0 180.52469010550797 56.34016461213525 180.52615835613585 56.18555890653839 62.047619295861026 26.492104017467682 -999.0 6231.0 -999.0 -1 -999 {-999.0 -999.0 -999.0 -999.0 -999.0} "" -999.0 -999.0 -999.0 -999.0 -999 -999 "" "" "" "" 0 0 0.0 0.0 -999 ""
FIBERMAP 167 R-6C5 APOGEE 0 0 0 1 0 0 -149.90365139268243 -111.1091071000399 143.1 -149.86136357262455 -111.077763220927 183.14667 90.857185 -999.0 -999.0 -999.0 -999.0 -999.0 178.38325351269842 56.60308521691505 178.3940151079945 56.44865139773864 62.61507287893218 24.187170504560243 -999.0 16600.0 -999.0 2 251 {-999.0 -999.0 -999.0 -999.0 -999.0} "" -999.0 -999.0 -999.0 -999.0 -999 -999 "" "" "" "" 0 0 0.0 0.0 -999 ""
FIBERMAP 167 R-6C5 BOSS 1 1 0 1 0 0 -149.98613739265537 -110.37459049751796 143.1 -149.9438263032969 -110.34345382553862 183.14667 90.857185 178.38257134562397 56.60644192045576 -18.32052 6.289556 1.8309274 178.38248851152215 56.606455415705824 178.3931351859028 56.45193815171632 62.612805896321504 24.181889889699733 5400.0 5400.0 2016.0 1 457 {-999.0 17.675121 18.075377 17.286356 -999.0} sdss_psfmag_ps1 16.853733 16.846413 15.4044895 -999.0 63050394824151221 1092362240 dark_flexible_2x1 mwm_cb_galex_vol_boss mwm_cb science 0 0 0.0 0.0 -999 ""
FIBERMAP 167 R-6C5 METROLOGY 0 0 0 1 0 0 -149.3046366516291 -110.67282548219234 143.1 -149.26251781362967 -110.64160467812381 183.14667 90.857185 -999.0 -999.0 -999.0 -999.0 -999.0 178.38811766652114 56.60513344698817 178.3987735423458 56.45063920444107 62.61187915813767 24.18894676464629 -999.0 6231.0 -999.0 -1 -999 {-999.0 -999.0 -999.0 -999.0 -999.0} "" -999.0 -999.0 -999.0 -999.0 -999 -999 "" "" "" "" 0 0 0.0 0.0 -999 ""
FIBERMAP 170 R-2C20 APOGEE 0 0 0 1 0 0 166.18676976949791 -25.620839038146833 143.1 166.13988848174594 -25.61361139945417 78.13542 90.18634 -999.0 -999.0 -999.0 -999.0 -999.0 181.00555724024304 56.98981189855869 181.00502201272002 56.835101198799556 61.3895865496245 25.98067411806562 -999.0 16600.0 -999.0 2 -999 {-999.0 -999.0 -999.0 -999.0 -999.0} "" -999.0 -999.0 -999.0 -999.0 -999 -999 "" "" "" "" 0 0 0.0 0.0 -999 ""
FIBERMAP 170 R-2C20 BOSS 1 1 0 1 0 0 166.92744938185047 -25.763537667883817 143.1 166.88035914837985 -25.756269773907707 78.13542 90.18634 181.0118974384803 56.98916897781512 -0.07070084 -0.00096827577 0.011972716 181.01191352955038 56.989171728716165 181.01121342903502 56.83437875984627 61.38783966693069 25.986918864029235 5400.0 5400.0 2016.0 1 298 {-999.0 17.716637 17.860657 17.772305 17.843683} sdss_psfmag 17.804432 17.760412 17.536205 16.017 63050394851390579 1059898067 dark_10x4_4yr bhm_aqmes_med bhm_aqmes science 0 0 0.0 0.0 -999 ""
FIBERMAP 170 R-2C20 METROLOGY 0 0 0 1 0 0 166.43274464494698 -26.325224118312235 143.1 166.38579396768264 -26.31779777258846 78.13542 90.18634 -999.0 -999.0 -999.0 -999.0 -999.0 181.00765439879493 56.98664262530293 181.00701198835543 56.831873635696546 61.3912394765061 25.986893927246115 -999.0 6231.0 -999.0 -1 -999 {-999.0 -999.0 -999.0 -999.0 -999.0} "" -999.0 -999.0 -999.0 -999.0 -999 -999 "" "" "" "" 0 0 0.0 0.0 -999 ""
FIBERMAP 171 R-12C7 APOGEE 0 0 0 1 0 0 -20.471579363105885 -211.88451748822308 143.1 -20.465804330567554 -211.82474486583968 146.14774 39.72186 -999.0 -999.0 -999.0 -999.0 -999.0 179.45309039577262 56.152727250343595 179.45918233545854 55.9982837757465 62.58301648062776 25.802286631954303 -999.0 16600.0 -999.0 2 -999 {-999.0 -999.0 -999.0 -999.0 -999.0} "" -999.0 -999.0 -999.0 -999.0 -999 -999 "" "" "" "" 0 0 0.0 0.0 -999 ""
FIBERMAP 171 R-12C7 BOSS 1 1 0 1 0 0 -19.736462138729802 -211.8015240963026 143.1 -19.73089448276047 -211.74177488635502 146.14774 39.72186 179.45926735035385 56.15313956733429 -999.0 -999.0 -999.0 179.45919015894088 56.15314100449653 179.46513234284066 55.99861682115447 62.580586748790594 25.807275960823404 5400.0 5400.0 2016.0 1 404 {-999.0 20.590622 20.549675 20.57607 19.989758} sdss_psfmag 1e+20 1e+20 1e+20 -999.0 63050394824146536 1167494152 dark_3x4 bhm_aqmes_wide3_faint bhm_filler science 0 0 0.0 0.0 -999 ""
FIBERMAP 171 R-12C7 METROLOGY 0 0 0 1 0 0 -20.022673977001283 -212.48045870582604 143.1 -20.01702558067237 -212.42051796842514 146.14774 39.72186 -999.0 -999.0 -999.0 -999.0 -999.0 179.4568445236766 56.15007562554911 179.4628312748598 55.99557506170189 62.58372857578797 25.809487622645918 -999.0 6231.0 -999.0 -1 -999 {-999.0 -999.0 -999.0 -999.0 -999.0} "" -999.0 -999.0 -999.0 -999.0 -999 -999 "" "" "" "" 0 0 0.0 0.0 -999 ""
FIBERMAP 177 R-4C3 APOGEE 0 0 0 1 0 0 -210.55674000864104 -97.29378265510414 143.1 -210.49734195228461 -97.26633607901714 311.66592 34.64588 -999.0 -999.0 -999.0 -999.0 -999.0 177.8836609052185 56.66068396256962 177.896589155534 56.50630893216218 62.73925824803081 23.638740400577433 -999.0 16600.0 -999.0 2 286 {-999.0 -999.0 -999.0 -999.0 -999.0} "" -999.0 -999.0 -999.0 -999.0 -999 -999 "" ops_sky_apogee_best_unassigned ops_sky sky_apogee 0 0 0.0 0.0 -999 ""
FIBERMAP 177 R-4C3 BOSS 1 1 0 1 0 0 -211.2732973641024 -97.12403056187561 143.1 -211.213697166916 -97.09663187285412 311.66592 34.64588 177.87781371078484 56.66144728932925 -999.0 -999.0 -999.0 177.87783071192788 56.66145153490845 177.89066782880002 56.50699390464173 62.740712168839295 23.63217872007408 5400.0 5400.0 2016.0 1 443 {-999.0 21.78308 21.337437 20.941954 20.412634} sdss_psfmag 1e+20 1e+20 1e+20 -999.0 63050397935670310 1059915511 dark_10x4_4yr bhm_aqmes_med_faint bhm_filler science 0 0 0.0 0.0 -999 ""
FIBERMAP 177 R-4C3 METROLOGY 0 0 0 1 0 0 -210.7668236145373 -96.57070304889766 143.1 -210.70736629359564 -96.54346045356756 311.66592 34.64588 -999.0 -999.0 -999.0 -999.0 -999.0 177.8818078046128 56.66397998776934 177.89466190057306 56.5095447515165 62.73734623278608 23.63258651138034 -999.0 6231.0 -999.0 -1 -999 {-999.0 -999.0 -999.0 -999.0 -999.0} "" -999.0 -999.0 -999.0 -999.0 -999 -999 "" "" "" "" 0 0 0.0 0.0 -999 ""
FIBERMAP 179 R-4C8 APOGEE 0 0 0 1 0 0 -79.67939553494881 -76.72889517385663 143.1 -79.65691797746841 -76.70724995252809 339.09723 141.54553 -999.0 -999.0 -999.0 -999.0 -999.0 178.95823254731818 56.76284612906655 178.9665669345071 56.60830619409886 62.29242555261281 24.501281313335426 -999.0 16600.0 -999.0 2 -999 {-999.0 -999.0 -999.0 -999.0 -999.0} "" -999.0 -999.0 -999.0 -999.0 -999 -999 "" "" "" "" 0 0 0.0 0.0 -999 ""
FIBERMAP 179 R-4C8 BOSS 1 1 0 1 0 0 -79.2967989436038 -77.36713748409224 143.1 -79.27442931662182 -77.34531221460799 339.09723 141.54553 178.9615437586426 56.760000051916876 -0.14581582 -0.14688966 -0.13923386 178.9615191888375 56.760007085137985 178.96971514570373 56.60538448874679 62.293587742041886 24.5081462686328 5400.0 5400.0 2016.0 1 461 {-999.0 18.735365 18.478 18.11596 18.071121} sdss_psfmag 18.501438 18.194271 17.689632 -999.0 63050394824151136 1059897582 dark_10x4_4yr bhm_aqmes_med bhm_aqmes science 0 0 0.0 0.0 -999 ""
FIBERMAP 179 R-4C8 METROLOGY 0 0 0 1 0 0 -80.0398005972113 -77.38217166326015 143.1 -80.01722136946283 -77.36034215263395 339.09723 141.54553 -999.0 -999.0 -999.0 -999.0 -999.0 178.95533782623303 56.75989290146017 178.96359547849647 56.60529449874346 62.295791775979524 24.502664387230368 -999.0 6231.0 -999.0 -1 -999 {-999.0 -999.0 -999.0 -999.0 -999.0} "" -999.0 -999.0 -999.0 -999.0 -999 -999 "" "" "" "" 0 0 0.0 0.0 -999 ""
FIBERMAP 187 R-7C8 APOGEE 0 0 0 1 0 0 -38.23004087072817 -144.81843816114593 143.1 -38.219256176198535 -144.7775848797407 24.87247 55.360104 -999.0 -999.0 -999.0 -999.0 -999.0 179.3052522320672 56.45505872680543 179.31202726731726 56.30055716913825 62.40672472046687 25.241767098694822 -999.0 16600.0 -999.0 2 288 {-999.0 -999.0 -999.0 -999.0 -999.0} "" -999.0 -999.0 -999.0 -999.0 -999 -999 "" ops_sky_apogee_best_unassigned ops_sky sky_apogee 0 0 0.0 0.0 -999 ""
FIBERMAP 187 R-7C8 BOSS 1 1 0 1 0 0 -38.34604353086745 -145.551137578349 143.1 -38.33522611198739 -145.51007760243814 24.87247 55.360104 179.30442513919274 56.45174442165866 -0.0017659531 -0.32366076 -0.39648914 179.30443178456883 56.4517658992897 179.31108534367456 56.29718373134116 62.4096367001988 25.245613339963654 5400.0 5400.0 2016.0 1 400 {-999.0 19.692 19.423788 19.462137 19.360268} sdss_psfmag 19.523005 19.403877 18.946 -999.0 63050394824150300 1059900577 dark_10x4_4yr bhm_aqmes_med_faint bhm_filler science 0 0 0.0 0.0 -999 ""
FIBERMAP 187 R-7C8 METROLOGY 0 0 0 1 0 0 -38.928295438210235 -145.08628602960474 143.1 -38.91731376606712 -145.0453571883158 24.87247 55.360104 -999.0 -999.0 -999.0 -999.0 -999.0 179.29959118450336 56.453847932386104 179.30630107659078 56.29928878442013 62.4097458635534 25.23830199945155 -999.0 6231.0 -999.0 -1 -999 {-999.0 -999.0 -999.0 -999.0 -999.0} "" -999.0 -999.0 -999.0 -999.0 -999 -999 "" "" "" "" 0 0 0.0 0.0 -999 ""
FIBERMAP 188 R-1C2 APOGEE 0 0 0 1 0 0 -264.0593625412084 -5.27263148248454 143.1 -263.9848713950355 -5.271144073143331 133.49294 96.75787 -999.0 -999.0 -999.0 -999.0 -999.0 177.42216084112846 57.07052530319597 177.43727663398658 56.91613125671312 62.563948715879675 22.663376591010262 -999.0 16600.0 -999.0 2 -999 {-999.0 -999.0 -999.0 -999.0 -999.0} "" -999.0 -999.0 -999.0 -999.0 -999 -999 "" "" "" "" 0 0 0.0 0.0 -999 ""
FIBERMAP 188 R-1C2 BOSS 1 1 0 1 0 0 -263.57909367809526 -4.6901806515411835 143.1 -263.5047380157687 -4.6888575515793836 133.49294 96.75787 177.42556748989514 57.0733333548775 -14.758177 0.84183156 3.3614569 177.42603298286474 57.073311559731415 177.4410179623211 56.91883081155846 62.56056397804582 22.66346574916838 5400.0 5400.0 2016.0 1 434 {-999.0 18.398724 16.922697 15.826977 -999.0} sdss_psfmag 17.792307 16.530674 15.389744 13.326 63050394824206778 1077800395 bright_flexible_2x1 mwm_snc_ext_main_boss mwm_snc science 0 0 1.1414666175842285 0.0 -999 ""
FIBERMAP 188 R-1C2 METROLOGY 0 0 0 1 0 0 -263.32356934267403 -5.396204738095834 143.1 -263.2492857637625 -5.394682468739218 133.49294 96.75787 -999.0 -999.0 -999.0 -999.0 -999.0 177.42829000631266 57.07013228827786 177.44329622506496 56.915676085913475 62.5623643691769 22.669701836406432 -999.0 6231.0 -999.0 -1 -999 {-999.0 -999.0 -999.0 -999.0 -999.0} "" -999.0 -999.0 -999.0 -999.0 -999 -999 "" "" "" "" 0 0 0.0 0.0 -999 ""
FIBERMAP 189 R-5C5 APOGEE 0 0 0 1 0 0 -140.48398667001607 -81.76372144079775 143.1 -140.44435613737647 -81.74065589497931 94.998764 90.812164 -999.0 -999.0 -999.0 -999.0 -999.0 178.4558359068159 56.73672491301147 178.46633054629126 56.582250211537534 62.48571921656618 24.074279466365738 -999.0 16600.0 -999.0 2 263 {-999.0 -999.0 -999.0 -999.0 -999.0} "" -999.0 -999.0 -999.0 -999.0 -999 -999 "" ops_sky_apogee_best_unassigned ops_sky sky_apogee 0 0 0.0 0.0 -999 ""
FIBERMAP 189 R-5C5 BOSS 1 1 0 1 0 0 -139.74460968064844 -81.69289971495112 143.1 -139.70518772625752 -81.66985414794154 94.998764 90.812164 178.46200641502594 56.73715038300951 -0.589404 -0.2008068 -0.056479037 178.46195715922252 56.73714951480749 178.47230518006938 56.58259067896003 62.48340328354367 24.079392339299602 5400.0 5400.0 2016.0 1 458 {-999.0 18.332596 18.378368 18.243046 18.216246} sdss_psfmag 18.648382 18.54398 18.176664 -999.0 63050394824151305 1059897584 dark_10x4_4yr bhm_aqmes_med bhm_aqmes science 0 0 0.0 0.0 -999 ""
FIBERMAP 189 R-5C5 METROLOGY 0 0 0 1 0 0 -140.0551544687326 -82.37828580020545 143.1 -140.015644909657 -82.3550468857812 94.998764 90.812164 -999.0 -999.0 -999.0 -999.0 -999.0 178.45948704362743 56.734001102847294 178.46987879783933 56.57946692391039 62.48667935411851 24.08134171473199 -999.0 6231.0 -999.0 -1 -999 {-999.0 -999.0 -999.0 -999.0 -999.0} "" -999.0 -999.0 -999.0 -999.0 -999 -999 "" "" "" "" 0 0 0.0 0.0 -999 ""
FIBERMAP 192 R+4C10 APOGEE 0 0 0 1 0 0 -55.106115703588905 57.69724420398292 143.1 -55.09057026834893 57.680967811392975 323.3229 12.015585 -999.0 -999.0 -999.0 -999.0 -999.0 179.1542677816743 57.37554119943767 179.16189293986804 57.22083706410593 61.74989576598472 23.853938036519594 -999.0 16600.0 -999.0 2 -999 {-999.0 -999.0 -999.0 -999.0 -999.0} "" -999.0 -999.0 -999.0 -999.0 -999 -999 "" "" "" "" 0 0 0.0 0.0 -999 ""
FIBERMAP 192 R+4C10 BOSS 1 1 0 1 0 0 -55.8038435509215 58.01754028780503 143.1 -55.78810128665579 58.001173539689844 323.3229 12.015585 179.14837618665675 57.37706994013684 1.1953446 -1.9341079 0.3276536 179.1484361127373 57.37708964650118 179.1559600953126 57.22230029271971 61.75077431910215 23.84671558495188 5400.0 5400.0 2016.0 1 74 {-999.0 21.046473 20.8238 20.628798 20.475245} sdss_psfmag_from_gaiadr2 20.936855 20.841913 20.197306 -999.0 63050394824208174 1055794888 dark_flexible_2x2 bhm_gua_dark bhm_filler science 0 0 0.0 0.0 -999 ""
FIBERMAP 192 R+4C10 METROLOGY 0 0 0 1 0 0 -55.188224432162215 58.438810207251606 143.1 -55.172655834049905 58.42232461889214 323.3229 12.015585 -999.0 -999.0 -999.0 -999.0 -999.0 179.15358334027567 57.37899788581508 179.16112105287755 57.22423178639736 61.747516599517446 23.848746622185217 -999.0 6231.0 -999.0 -1 -999 {-999.0 -999.0 -999.0 -999.0 -999.0} "" -999.0 -999.0 -999.0 -999.0 -999 -999 "" "" "" "" 0 0 0.0 0.0 -999 ""
FIBERMAP 194 R-10C1 APOGEE 0 0 0 1 0 0 -190.12217216720273 -188.21601153321183 143.1 -190.06853870243438 -188.1629157963583 145.82707 122.860115 -999.0 -999.0 -999.0 -999.0 -999.0 178.07204273276656 56.25278750200869 178.08400265751607 56.09847932713026 62.99625071586263 24.369606771069243 -999.0 16600.0 -999.0 2 291 {-999.0 -999.0 -999.0 -999.0 -999.0} "" -999.0 -999.0 -999.0 -999.0 -999 -999 "" ops_sky_apogee_best_unassigned ops_sky sky_apogee 0 0 0.0 0.0 -999 ""
FIBERMAP 194 R-10C1 BOSS 1 1 0 1 0 0 -190.11889260620245 -187.47029838426488 143.1 -190.06526006659826 -187.41741301309068 145.82707 122.860115 178.07201455368133 56.256214267080225 1.1770467 1.1389021 -0.5941891 178.07199270369617 56.25620854321135 178.08383804818823 56.10181805455164 62.99369362845235 24.364874707522517 5400.0 5400.0 2016.0 1 420 {-999.0 20.659067 20.480867 20.32899 20.222395} sdss_psfmag_from_gaiadr2 20.131159 20.47903 19.52157 -999.0 63050394824150044 1055794356 dark_flexible_2x2 bhm_gua_dark bhm_filler science 0 0 0.0 0.0 -999 ""
FIBERMAP 194 R-10C1 METROLOGY 0 0 0 1 0 0 -189.4717626033895 -187.8430781557939 143.1 -189.41831261915908 -187.79008762344617 145.82707 122.860115 -999.0 -999.0 -999.0 -999.0 -999.0 178.07728111691773 56.25455854166122 178.08913632691042 56.10019076895635 62.99312947661477 24.372199070202214 -999.0 6231.0 -999.0 -1 -999 {-999.0 -999.0 -999.0 -999.0 -999.0} "" -999.0 -999.0 -999.0 -999.0 -999 -999 "" "" "" "" 0 0 0.0 0.0 -999 ""
FIBERMAP 199 R+10C9 APOGEE 0 0 0 1 0 0 -4.558283169114915 186.15544613683076 143.1 -4.556997277432909 186.10293168547557 197.85738 152.63716 -999.0 -999.0 -999.0 -999.0 -999.0 179.58049090834757 57.95891847572169 179.5863239557449 57.80403919823892 61.152917984871294 23.458511717124395 -999.0 16600.0 -999.0 2 -999 {-999.0 -999.0 -999.0 -999.0 -999.0} "" -999.0 -999.0 -999.0 -999.0 -999 -999 "" "" "" "" 0 0 0.0 0.0 -999 ""
FIBERMAP 199 R+10C9 BOSS 1 1 0 1 0 0 -5.2997792339612335 186.26976218074148 143.1 -5.298284166239333 186.2172154808303 197.85738 152.63716 179.57440797200346 57.959576473311806 -22.989254 2.0582032 0.38132903 179.57427549642134 57.95957194015697 179.58000411849252 57.80460543865578 61.154592664517 23.452343992279623 5400.0 5400.0 2016.0 1 121 {-999.0 16.711548 16.418886 16.321934 -999.0} sdss_psfmag 16.663282 16.419514 16.000452 15.223 63050394824209632 976596064 "" ops_std_boss ops_std standard_boss 0 0 0.0 0.0 -999 ""
FIBERMAP 199 R+10C9 METROLOGY 0 0 0 1 0 0 -4.82948613751825 186.8505079545427 143.1 -4.8281237394788565 186.79779742624874 197.85738 152.63716 -999.0 -999.0 -999.0 -999.0 -999.0 179.57826050250424 57.96215661491893 179.58400908178135 57.80721399724912 61.151222619172984 23.45238922550959 -999.0 6231.0 -999.0 -1 -999 {-999.0 -999.0 -999.0 -999.0 -999.0} "" -999.0 -999.0 -999.0 -999.0 -999 -999 "" "" "" "" 0 0 0.0 0.0 -999 ""
FIBERMAP 200 R+7C19 APOGEE 0 0 0 1 0 0 200.06255481509888 151.02714952054887 143.1 200.00611716838554 150.98454476166913 95.09013 74.3143 -999.0 -999.0 -999.0 -999.0 -999.0 181.3184446638899 57.786225943025 181.3164377645719 57.63132641083164 60.68571415797649 25.13683632086469 -999.0 16600.0 -999.0 2 -999 {-999.0 -999.0 -999.0 -999.0 -999.0} "" -999.0 -999.0 -999.0 -999.0 -999 -999 "" "" "" "" 0 0 0.0 0.0 -999 ""
FIBERMAP 200 R+7C19 BOSS 1 1 0 1 0 0 200.797350255407 150.88380979510043 143.1 200.74070532289997 150.84124547235723 95.09013 74.3143 181.32477935060788 57.78559048130016 -0.11500622 -0.0836998 0.096989565 181.32477889863438 57.78557392819142 181.3226006236631 57.63058916394135 60.684061713853154 25.1428603131385 5400.0 5400.0 2016.0 1 238 {-999.0 18.4135 18.483355 18.370224 18.4435} sdss_psfmag 18.508934 18.460962 18.045763 -999.0 63050394851419661 1059898087 dark_10x4_4yr bhm_aqmes_med bhm_aqmes science 0 0 0.0 0.0 -999 ""
FIBERMAP 200 R+7C19 METROLOGY 0 0 0 1 0 0 200.309770570751 150.32319898914122 143.1 200.253263184473 150.2807928147064 95.09013 74.3143 -999.0 -999.0 -999.0 -999.0 -999.0 181.32054249174078 57.783091375743126 181.31842415948813 57.62813138849079 60.687384357120365 25.142808645336004 -999.0 6231.0 -999.0 -1 -999 {-999.0 -999.0 -999.0 -999.0 -999.0} "" -999.0 -999.0 -999.0 -999.0 -999 -999 "" "" "" "" 0 0 0.0 0.0 -999 ""
FIBERMAP 202 R-10C6 APOGEE 0 0 0 1 0 0 -83.11697163472158 -185.1659510130938 143.1 -83.09352433702342 -185.11371569831303 187.07896 75.15045 -999.0 -999.0 -999.0 -999.0 -999.0 178.94061233538224 56.27174168817901 178.94889848385094 56.11731875060361 62.67695906545433 25.1624624757452 -999.0 16600.0 -999.0 2 -999 {-999.0 -999.0 -999.0 -999.0 -999.0} "" -999.0 -999.0 -999.0 -999.0 -999 -999 "" "" "" "" 0 0 0.0 0.0 -999 ""
FIBERMAP 202 R-10C6 BOSS 1 1 0 1 0 0 -83.01681513070794 -184.42546650453096 143.1 -82.99339608715957 -184.37344008043004 187.07896 75.15045 178.94141251902226 56.275092371804114 -0.12090762 -0.4550008 0.39441088 178.9414368954276 56.2751164741126 178.9495989677182 56.12061166951688 62.67418201170247 25.15851474732432 5400.0 5400.0 2016.0 1 391 {-999.0 19.753284 19.197182 18.907719 18.75103} sdss_psfmag 19.590816 19.264555 18.485348 16.414 63050394824149845 1059897571 dark_10x4_4yr bhm_aqmes_med bhm_aqmes science 0 0 0.0 0.0 -999 ""
FIBERMAP 202 R-10C6 METROLOGY 0 0 0 1 0 0 -82.42873009235149 -184.87787886958134 143.1 -82.40547694759243 -184.82572481995223 187.07896 75.15045 -999.0 -999.0 -999.0 -999.0 -999.0 178.94625638458436 56.273082654314685 178.9544319038704 56.118600773104774 62.67399696128473 25.165827194901738 -999.0 6231.0 -999.0 -1 -999 {-999.0 -999.0 -999.0 -999.0 -999.0} "" -999.0 -999.0 -999.0 -999.0 -999 -999 "" "" "" "" 0 0 0.0 0.0 -999 ""
FIBERMAP 204 R-3C18 APOGEE 1 1 0 1 0 0 113.58368846844041 -64.05277459983542 143.1 113.55164650992347 -64.0347053121208 193.54337 128.82472 180.56353084911422 56.81898275048775 -999.0 -999.0 -999.0 180.56357052187286 56.818958892915056 180.56496506091253 56.66429695833959 61.67806174884244 25.845147958925395 16000.0 16600.0 2015.5 2 224 {-999.0 -999.0 -999.0 -999.0 -999.0} "" -999.0 -999.0 -999.0 -999.0 27021603105719077 829470462 "" ops_sky_apogee_best ops_sky sky_apogee 0 0 0.0 0.0 -999 ""
FIBERMAP 204 R-3C18 BOSS 0 0 0 1 0 0 112.95960142939674 -63.668241871426176 143.1 112.92773552583351 -63.65028106039425 193.54337 128.82472 -999.0 -999.0 -999.0 -999.0 -999.0 180.55866733277279 56.82079500368507 180.559949515354 56.666050755471645 61.67859339189033 25.83835374758422 -999.0 5400.0 -999.0 1 293 {-999.0 -999.0 -999.0 -999.0 -999.0} "" -999.0 -999.0 -999.0 -999.0 -999 -999 "" "" "" "" 0 0 0.0 0.0 -999 ""
FIBERMAP 204 R-3C18 METROLOGY 0 0 0 1 0 0 113.61779368155095 -63.30820171333748 143.1 113.58574210195339 -63.290342469634155 193.54337 128.82472 -999.0 -999.0 -999.0 -999.0 -999.0 180.5641143110949 56.82237654260685 180.5654107017765 56.66765500392421 61.67539655318757 25.840811388581187 -999.0 6231.0 -999.0 -1 -999 {-999.0 -999.0 -999.0 -999.0 -999.0} "" -999.0 -999.0 -999.0 -999.0 -999 -999 "" "" "" "" 0 0 0.0 0.0 -999 ""
FIBERMAP 208 R-7C5 APOGEE 1 1 0 1 0 0 -116.04154962212473 -149.37862949745895 143.1 -116.00881430097634 -149.33648978607772 313.67337 100.51237 178.66708308595122 56.431951268500285 -11.654419 -3.2749493 2.0926735 178.6670199524699 56.43191515819428 178.67651326323994 56.277485644192446 62.65000948751295 24.685912194449486 16000.0 16600.0 2016.0 2 253 {-999.0 12.332295 11.979388 11.876374 -999.0} sdss_psfmag_from_g3xp 12.279781 11.993939 11.547986 10.755 63050394824150175 974639087 "" ops_std_apogee ops_std standard_apogee 0 0 0.0 0.0 -999 ""
FIBERMAP 208 R-7C5 BOSS 0 0 0 1 0 0 -116.45007861494136 -150.00089479022736 143.1 -116.4172280477641 -149.95857953780705 313.67337 100.51237 -999.0 -999.0 -999.0 -999.0 -999.0 178.66382815212933 56.42912391150384 178.67321388718108 56.27461360907805 62.653392624796 24.68677857182979 -999.0 5400.0 -999.0 1 451 {-999.0 -999.0 -999.0 -999.0 -999.0} "" -999.0 -999.0 -999.0 -999.0 -999 -999 "" "" "" "" 0 0 0.0 0.0 -999 ""
FIBERMAP 208 R-7C5 METROLOGY 0 0 0 1 0 0 -116.78504533848121 -149.3255353566819 143.1 -116.75210027719123 -149.2834106231578 313.67337 100.51237 -999.0 -999.0 -999.0 -999.0 -999.0 178.66096554134546 56.43214424412623 178.67039848994102 56.277656754614995 62.652024150698935 24.679953151505288 -999.0 6231.0 -999.0 -1 -999 {-999.0 -999.0 -999.0 -999.0 -999.0} "" -999.0 -999.0 -999.0 -999.0 -999 -999 "" "" "" "" 0 0 0.0 0.0 -999 ""
FIBERMAP 214 R-11C5 APOGEE 0 0 0 1 0 0 -64.7116777916506 -220.15871388570372 143.1 -64.69342262734558 -220.09660711251658 351.31598 99.6836 -999.0 -999.0 -999.0 -999.0 -999.0 179.0938253627773 56.114940518557404 179.1014263095476 55.96053847521097 62.74195819200007 25.52490036112664 -999.0 16600.0 -999.0 2 153 {-999.0 -999.0 -999.0 -999.0 -999.0} "" -999.0 -999.0 -999.0 -999.0 -999 -999 "" ops_sky_apogee_best_unassigned ops_sky sky_apogee 0 0 0.0 0.0 -999 ""
FIBERMAP 214 R-11C5 BOSS 1 1 0 1 0 0 -64.67439093143221 -220.89561595974993 143.1 -64.65614628575047 -220.8333013064877 351.31598 99.6836 179.09432452321806 56.1117000269906 0.40925568 -2.1726995 -0.004976661 179.094296925221 56.11168300994827 179.10177345699287 55.95720147402215 62.74437586762089 25.529940508190293 5400.0 5400.0 2016.0 1 392 {-999.0 20.77852 20.845276 20.632708 21.008589} sdss_psfmag 20.697157 20.665745 20.557205 -999.0 63050394824146744 1167494154 dark_3x4 bhm_aqmes_wide3_faint bhm_filler science 0 0 0.0 0.0 -999 ""
FIBERMAP 214 R-11C5 METROLOGY 0 0 0 1 0 0 -65.33722263852987 -220.5718147507956 143.1 -65.31879100802354 -220.5095914418544 351.31598 99.6836 -999.0 -999.0 -999.0 -999.0 -999.0 179.08885587815408 56.113105202780794 179.0963901798525 55.95864659793965 62.74522501841565 25.52288199680686 -999.0 6231.0 -999.0 -1 -999 {-999.0 -999.0 -999.0 -999.0 -999.0} "" -999.0 -999.0 -999.0 -999.0 -999 -999 "" "" "" "" 0 0 0.0 0.0 -999 ""
FIBERMAP 215 R-10C15 APOGEE 0 0 0 1 0 0 127.4018918779675 -197.98489996515866 143.1 127.36595180426873 -197.9290484248785 138.68486 167.87837 -999.0 -999.0 -999.0 -999.0 -999.0 180.65758685622916 56.21255768193354 180.6585854931999 56.05803546905572 62.091606959283254 26.792337981382047 -999.0 16600.0 -999.0 2 237 {-999.0 -999.0 -999.0 -999.0 -999.0} "" -999.0 -999.0 -999.0 -999.0 -999 -999 "" ops_sky_apogee_best_unassigned ops_sky sky_apogee 0 0 0.0 0.0 -999 ""
FIBERMAP 215 R-10C15 BOSS 1 1 0 1 0 0 126.93375184022261 -197.40948373110217 143.1 126.89794382882849 -197.35379451574164 138.68486 167.87837 180.65407537623804 56.21518434198949 -999.0 -999.0 -999.0 180.6540450631844 56.2152137952813 180.65492713728452 56.0606115916115 62.09110169248845 26.785397509297297 5400.0 5400.0 2015.5 1 266 {-999.0 -999.0 -999.0 -999.0 -999.0} "" -999.0 -999.0 -999.0 -999.0 27021603105716651 807361528 "" ops_sky_boss_good ops_sky sky_boss 0 0 0.0 0.0 -999 ""
FIBERMAP 215 R-10C15 METROLOGY 0 0 0 1 0 0 127.66971870708863 -197.2902369579761 143.1 127.63370307944137 -197.23458138213027 138.68486 167.87837 -999.0 -999.0 -999.0 -999.0 -999.0 180.6599949798603 56.21570137058535 180.66088906496225 56.06112142219689 62.08846789629929 26.78988014829082 -999.0 6231.0 -999.0 -1 -999 {-999.0 -999.0 -999.0 -999.0 -999.0} "" -999.0 -999.0 -999.0 -999.0 -999 -999 "" "" "" "" 0 0 0.0 0.0 -999 ""
FIBERMAP 222 R-12C12 APOGEE 0 0 0 1 0 0 103.6432714250509 -242.27063036800672 143.1 103.6140336581819 -242.20228582317992 354.4399 86.464935 -999.0 -999.0 -999.0 -999.0 -999.0 180.45843661764889 56.015109679222554 180.46027689142727 55.86063960738147 62.311939049036425 26.90461923157551 -999.0 16600.0 -999.0 2 -999 {-999.0 -999.0 -999.0 -999.0 -999.0} "" -999.0 -999.0 -999.0 -999.0 -999 -999 "" "" "" "" 0 0 0.0 0.0 -999 ""
FIBERMAP 222 R-12C12 BOSS 1 1 0 1 0 0 103.53043722187604 -243.02089455344026 143.1 103.50123128553575 -242.95233835908675 354.4399 86.464935 180.457632036633 56.011779487495204 -12.502451 0.33667883 2.4657803 180.45755580926843 56.01183454043356 180.45927026473328 55.85728648620018 62.31478676808992 26.908618599621605 5400.0 5400.0 2016.0 1 343 {-999.0 20.459793 19.084166 17.700193 -999.0} sdss_psfmag 19.867214 18.416555 17.235039 15.085 63050394851388457 1122268329 dark_1x1 openfibertargets_mwm_snc_further_ext_boss open_fiber science 0 0 0.0 0.0 -999 ""
FIBERMAP 222 R-12C12 METROLOGY 0 0 0 1 0 0 102.9491077907483 -242.54412411441345 143.1 102.92006584744054 -242.47570241700078 354.4399 86.464935 -999.0 -999.0 -999.0 -999.0 -999.0 180.4528919234667 56.0139599957369 180.45466273991553 55.85943392328172 62.31496143513291 26.90139367923007 -999.0 6231.0 -999.0 -1 -999 {-999.0 -999.0 -999.0 -999.0 -999.0} "" -999.0 -999.0 -999.0 -999.0 -999 -999 "" "" "" "" 0 0 0.0 0.0 -999 ""
FIBERMAP 228 R+13C11 APOGEE 0 0 0 1 0 0 74.07219530627046 266.4439612989084 143.1 74.05129953997456 266.36879745742596 119.19521 102.70509 -999.0 -999.0 -999.0 -999.0 -999.0 180.25680446211584 58.31648892056333 180.25959442612555 58.16148361090622 60.65027419640602 23.561841673652623 -999.0 16600.0 -999.0 2 53 {-999.0 -999.0 -999.0 -999.0 -999.0} "" -999.0 -999.0 -999.0 -999.0 -999 -999 "" ops_sky_apogee_best_unassigned ops_sky sky_apogee 0 0 0.0 0.0 -999 ""
FIBERMAP 228 R+13C11 BOSS 1 1 0 1 0 0 74.60262258824086 266.9638616306079 143.1 74.58157718840873 266.8885511252419 119.19521 102.70509 180.26165467001366 58.31888626997815 -18.473478 -8.242377 0.4148121 180.26152124657287 58.31885306648326 180.26415090167484 58.16375845419886 60.64698940357202 23.562663517649753 5400.0 5400.0 2016.0 1 163 {-999.0 17.679382 17.367144 17.226303 -999.0} sdss_psfmag 17.644447 17.35249 16.911171 15.913 63050394851421195 976721912 "" ops_std_boss ops_std standard_boss 0 0 0.0 0.0 -999 ""
FIBERMAP 228 R+13C11 METROLOGY 0 0 0 1 0 0 74.79273910769335 266.2435625364209 143.1 74.77164007599107 266.1684552274294 119.19521 102.70509 -999.0 -999.0 -999.0 -999.0 -999.0 180.26308511715746 58.315611705509845 180.26574679443218 58.16054289668677 60.648930882931595 23.568167679503404 -999.0 6231.0 -999.0 -1 -999 {-999.0 -999.0 -999.0 -999.0 -999.0} "" -999.0 -999.0 -999.0 -999.0 -999 -999 "" "" "" "" 0 0 0.0 0.0 -999 ""
FIBERMAP 233 R+4C4 APOGEE 0 0 0 1 0 0 -165.14026242545398 71.49153606367285 143.1 -165.09367635742376 71.4713683013493 354.96387 98.7116 -999.0 -999.0 -999.0 -999.0 -999.0 178.22642344909013 57.43065098495975 178.23816819593537 57.27604379111924 62.01497750738635 22.947437503956962 -999.0 16600.0 -999.0 2 -999 {-999.0 -999.0 -999.0 -999.0 -999.0} "" -999.0 -999.0 -999.0 -999.0 -999 -999 "" "" "" "" 0 0 0.0 0.0 -999 ""
FIBERMAP 233 R+4C4 BOSS 1 1 0 1 0 0 -165.07811002449608 70.76119447261506 143.1 -165.0315414896582 70.74123273965434 354.96387 98.7116 178.2270682312395 57.42744579371551 0.115903966 0.602223 0.79330206 178.22708389658436 57.42745184886236 178.23870273835428 57.272759027578196 62.01741391821802 22.952172907028114 5400.0 5400.0 2016.0 1 36 {-999.0 20.421171 20.000519 19.688932 19.644121} sdss_psfmag 20.37364 19.918276 19.347382 -999.0 63050394824208830 1059900698 dark_10x4_4yr bhm_aqmes_med_faint bhm_filler science 0 0 0.0 0.0 -999 ""
FIBERMAP 233 R+4C4 METROLOGY 0 0 0 1 0 0 -165.75350423972895 71.066569644133 143.1 -165.70674517618295 71.04652176483638 354.96387 98.7116 -999.0 -999.0 -999.0 -999.0 -999.0 178.22135681380706 57.42873833016065 178.23303600691145 57.27407045703223 62.01822910069485 22.945286123345852 -999.0 6231.0 -999.0 -1 -999 {-999.0 -999.0 -999.0 -999.0 -999.0} "" -999.0 -999.0 -999.0 -999.0 -999 -999 "" "" "" "" 0 0 0.0 0.0 -999 ""
FIBERMAP 238 R-5C3 APOGEE 0 0 0 1 0 0 -205.56494242733578 -112.93172276446846 143.1 -205.50695255707703 -112.8998647254766 297.46774 25.245777 -999.0 -999.0 -999.0 -999.0 -999.0 177.92821273150096 56.59049368736741 177.94092041236036 56.43612818815535 62.779769744969535 23.77489112488638 -999.0 16600.0 -999.0 2 290 {-999.0 -999.0 -999.0 -999.0 -999.0} "" -999.0 -999.0 -999.0 -999.0 -999 -999 "" ops_sky_apogee_best_unassigned ops_sky sky_apogee 0 0 0.0 0.0 -999 ""
FIBERMAP 238 R-5C3 BOSS 1 1 0 1 0 0 -206.15728958689206 -112.49538373158805 143.1 -206.0991326154996 -112.46364878383737 297.46774 25.245777 177.9252700149791 56.591505703088785 2.0687892 -8.180518 0.28100094 177.92334324666007 56.59247797986746 177.93595610564228 56.43802975231422 62.77995012302606 23.76760217181578 5400.0 5400.0 2016.0 1 444 {-999.0 16.549818 16.18997 16.051266 16.00255} sdss_psfmag_from_gaia 16.4996 16.201 15.7284 14.859 63050394824149635 969182930 "" ops_std_boss_gdr2 ops_std standard_boss 0 0 0.0 0.0 -999 ""
FIBERMAP 238 R-5C3 METROLOGY 0 0 0 1 0 0 -205.47961763466117 -112.18833077313694 143.1 -205.42165183452644 -112.15668244502584 297.46774 25.245777 -999.0 -999.0 -999.0 -999.0 -999.0 177.9287699194474 56.593904967421565 177.94139310799198 56.43947909121661 62.77696238851553 23.770850906549754 -999.0 6231.0 -999.0 -1 -999 {-999.0 -999.0 -999.0 -999.0 -999.0} "" -999.0 -999.0 -999.0 -999.0 -999 -999 "" "" "" "" 0 0 0.0 0.0 -999 ""
FIBERMAP 240 R-13C13 APOGEE 0 0 0 1 0 0 127.07931261808281 -241.7135858427512 143.1 127.04346354399325 -241.64539844018498 53.397285 132.50656 -999.0 -999.0 -999.0 -999.0 -999.0 180.64754159807242 56.01683253572727 180.64858600462264 55.86235635764571 62.23882543526551 27.068676696305033 -999.0 16600.0 -999.0 2 176 {-999.0 -999.0 -999.0 -999.0 -999.0} "" -999.0 -999.0 -999.0 -999.0 -999 -999 "" ops_sky_apogee_best_unassigned ops_sky sky_apogee 0 0 0.0 0.0 -999 ""
FIBERMAP 240 R-13C13 BOSS 1 1 0 1 0 0 127.82233836887595 -241.64430661608887 143.1 127.78627968722209 -241.5761387571925 53.397285 132.50656 180.65369204854 56.01720586084303 -4.7676992 -9.16851 0.30325738 180.65367224524448 56.01719324912422 180.6545601573289 55.862638182364485 62.23633310252616 27.07352844894831 5400.0 5400.0 2016.0 1 345 {-999.0 17.866705 17.616451 17.527285 -999.0} sdss_psfmag 17.868359 17.608446 17.208002 16.33 63050394851388667 975914080 "" ops_std_boss ops_std standard_boss 0 0 0.0 0.0 -999 ""
FIBERMAP 240 R-13C13 METROLOGY 0 0 0 1 0 0 127.51146872616178 -242.3184396490922 143.1 127.47549774083414 -242.2500816172672 53.397285 132.50656 -999.0 -999.0 -999.0 -999.0 -999.0 180.65100988974402 56.014178027942954 180.65194611280901 55.85964602900853 62.239521943968214 27.075605863998646 -999.0 6231.0 -999.0 -1 -999 {-999.0 -999.0 -999.0 -999.0 -999.0} "" -999.0 -999.0 -999.0 -999.0 -999 -999 "" "" "" "" 0 0 0.0 0.0 -999 ""
FIBERMAP 245 R-9C16 APOGEE 0 0 0 1 0 0 140.8904094120215 -166.98831576330957 143.1 140.85066422752638 -166.94120835943275 78.48509 151.37494 -999.0 -999.0 -999.0 -999.0 -999.0 180.7725898573234 56.351358918631156 180.77309585003422 56.196801604784966 61.94639058403754 26.691428639046137 -999.0 16600.0 -999.0 2 193 {-999.0 -999.0 -999.0 -999.0 -999.0} "" -999.0 -999.0 -999.0 -999.0 -999 -999 "" ops_sky_apogee_best_unassigned ops_sky sky_apogee 0 0 0.0 0.0 -999 ""
FIBERMAP 245 R-9C16 BOSS 1 1 0 1 0 0 141.3693682799039 -166.4216770266819 143.1 141.32948798111215 -166.37472947159267 78.48509 151.37494 180.7767972449419 56.3539191638493 -999.0 -999.0 -999.0 180.77677422730923 56.35393427427955 180.7771294127956 56.199296342624486 61.94303544390616 26.691330250286057 5400.0 5400.0 2015.5 1 308 {-999.0 -999.0 -999.0 -999.0 -999.0} "" -999.0 -999.0 -999.0 -999.0 27021603105718356 807361782 "" ops_sky_boss_good ops_sky sky_boss 0 0 0.0 0.0 -999 ""
FIBERMAP 245 R-9C16 METROLOGY 0 0 0 1 0 0 141.62349781898774 -167.11934925854007 143.1 141.583545830253 -167.07220489011425 78.48509 151.37494 -999.0 -999.0 -999.0 -999.0 -999.0 180.77867276931465 56.350761215986516 180.7790576407 56.196146653162664 61.94461933995018 26.697551716921225 -999.0 6231.0 -999.0 -1 -999 {-999.0 -999.0 -999.0 -999.0 -999.0} "" -999.0 -999.0 -999.0 -999.0 -999 -999 "" "" "" "" 0 0 0.0 0.0 -999 ""
FIBERMAP 251 R-9C13 APOGEE 0 0 0 1 0 0 88.77958020437107 -168.6402078291072 143.1 88.75453548479543 -168.5926344264786 24.035357 124.50197 -999.0 -999.0 -999.0 -999.0 -999.0 180.3469292981778 56.34617017415113 180.34924883374435 56.191626799322115 62.10929360867105 26.327733070506213 -999.0 16600.0 -999.0 2 172 {-999.0 -999.0 -999.0 -999.0 -999.0} "" -999.0 -999.0 -999.0 -999.0 -999 -999 "" ops_sky_apogee_best_unassigned ops_sky sky_apogee 0 0 0.0 0.0 -999 ""
FIBERMAP 251 R-9C13 BOSS 1 1 0 1 0 0 89.40797095822334 -169.02687643258912 143.1 89.38274896961603 -168.9791939507475 24.035357 124.50197 180.35223961679313 56.344438657502145 -3.4529483 -9.531754 0.30767372 180.35219898570733 56.34443770207188 180.35436577091457 56.189814299033216 62.10873010147699 26.33484693940892 5400.0 5400.0 2016.0 1 397 {-999.0 17.467617 17.167376 17.071104 -999.0} sdss_psfmag 17.418505 17.205881 16.715166 -999.0 63050394851389137 976721709 "" ops_std_boss ops_std standard_boss 0 0 0.0 0.0 -999 ""
FIBERMAP 251 R-9C13 METROLOGY 0 0 0 1 0 0 88.74948313563613 -169.3848733279521 143.1 88.72444690644356 -169.3370898551863 24.035357 124.50197 -999.0 -999.0 -999.0 -999.0 -999.0 180.3467291651481 56.342830854399445 180.3489561392389 56.18823078226898 62.111923020041765 26.332340880796096 -999.0 6231.0 -999.0 -1 -999 {-999.0 -999.0 -999.0 -999.0 -999.0} "" -999.0 -999.0 -999.0 -999.0 -999 -999 "" "" "" "" 0 0 0.0 0.0 -999 ""
FIBERMAP 256 R-3C17 APOGEE 0 0 0 1 0 0 101.48994582453152 -75.95457910632896 143.1 101.46131551081442 -75.93315231956308 303.2523 80.69065 -999.0 -999.0 -999.0 -999.0 -999.0 180.46194392816443 56.765515355917756 180.4637784473315 56.61086926216295 61.75497977426424 25.832734797102887 -999.0 16600.0 -999.0 2 -999 {-999.0 -999.0 -999.0 -999.0 -999.0} "" -999.0 -999.0 -999.0 -999.0 -999 -999 "" "" "" "" 0 0 0.0 0.0 -999 ""
FIBERMAP 256 R-3C17 BOSS 1 1 0 1 0 0 100.81480948155166 -76.27849307747738 143.1 100.78636962379692 -76.25697491458023 303.2523 80.69065 180.4557880760136 56.76413903789078 -30.46618 -3.4698396 2.7845268 180.4565283799631 56.76412473389914 180.4582535892432 56.60939728135634 61.75810237564889 25.83001148940548 5400.0 5400.0 2016.0 1 302 {-999.0 14.946997 14.142992 13.861675 -999.0} sdss_psfmag_from_g3xp 14.711383 14.188055 13.512706 12.146 63050394851391106 1077862114 bright_flexible_2x1 mwm_snc_ext_main_boss mwm_snc science 0 0 1.821128010749817 0.0 -999 ""
FIBERMAP 256 R-3C17 METROLOGY 0 0 0 1 0 0 100.86901818557023 -75.54092363654068 143.1 100.84056303554009 -75.51961354198282 303.2523 80.69065 -999.0 -999.0 -999.0 -999.0 -999.0 180.4570079928507 56.767456260722476 180.45876876681268 56.6127512006639 61.75541087434375 25.82574043150629 -999.0 6231.0 -999.0 -1 -999 {-999.0 -999.0 -999.0 -999.0 -999.0} "" -999.0 -999.0 -999.0 -999.0 -999 -999 "" "" "" "" 0 0 0.0 0.0 -999 ""
FIBERMAP 260 R+3C9 APOGEE 1 1 0 1 0 0 -89.73040879791117 74.95326915136891 143.1 -89.70509584958928 74.93212483414132 173.97948 54.596184 178.8607188167971 57.452460845457104 20.829632 -6.38172 3.0944304 178.8607985903162 57.45243060936382 178.86974190874867 57.29773867747441 61.78845653221397 23.49149661192655 16000.0 16600.0 2016.0 2 121 {-999.0 10.524742 10.241731 10.174505 -999.0} sdss_psfmag_from_g3xp 10.4986105 10.251992 9.850874 9.193 63050394824208687 974639588 "" ops_std_apogee ops_std standard_apogee 0 0 0.0 0.0 -999 ""
FIBERMAP 260 R+3C9 BOSS 0 0 0 1 0 0 -89.25338542166253 75.50487872859934 143.1 -89.22820704163509 75.48357880231 173.97948 54.596184 -999.0 -999.0 -999.0 -999.0 -999.0 178.8648299425531 57.455084291162954 178.87363026191804 57.30030533598976 61.7851402623908 23.491613146324426 -999.0 5400.0 -999.0 1 32 {-999.0 -999.0 -999.0 -999.0 -999.0} "" -999.0 -999.0 -999.0 -999.0 -999 -999 "" "" "" "" 0 0 0.0 0.0 -999 ""
FIBERMAP 260 R+3C9 METROLOGY 0 0 0 1 0 0 -88.99155472066425 74.81054627265584 143.1 -88.96645020307756 74.78944221755233 173.97948 54.596184 -999.0 -999.0 -999.0 -999.0 -999.0 178.86707717327351 57.45191287609684 178.87590232801915 57.29715879149357 61.786846145563615 23.497779074025914 -999.0 6231.0 -999.0 -1 -999 {-999.0 -999.0 -999.0 -999.0 -999.0} "" -999.0 -999.0 -999.0 -999.0 -999 -999 "" "" "" "" 0 0 0.0 0.0 -999 ""
FIBERMAP 261 R+4C15 APOGEE 0 0 0 1 0 0 46.60384248358072 73.66933783452038 143.1 46.59069553961611 73.64855571431727 248.1017 45.217648 -999.0 -999.0 -999.0 -999.0 -999.0 180.0138390303543 57.44852266361908 180.01766912558242 57.29373574659792 61.39891738215837 24.50609047525768 -999.0 16600.0 -999.0 2 65 {-999.0 -999.0 -999.0 -999.0 -999.0} "" -999.0 -999.0 -999.0 -999.0 -999 -999 "" "" "" "" 0 0 0.0 0.0 -999 ""
FIBERMAP 261 R+4C15 BOSS 1 1 0 1 0 0 46.28697891425459 74.33742644354278 143.1 46.27392135750288 74.31645585554307 248.1017 45.217648 180.01123976063613 57.451916777101864 21.78947 -83.58808 14.186746 180.01136573033452 57.451692419932556 180.01507401510196 57.296819813527165 61.397466817612965 24.49969508214491 5400.0 5400.0 2016.0 1 212 {-999.0 18.333277 17.833775 17.559147 -999.0} sdss_psfmag 18.196796 17.824404 17.259268 15.82 63050394851418435 1132428554 dark_2x1 mwm_snc_100pc_boss mwm_snc science 0 0 0.0 0.0 -999 ""
FIBERMAP 261 R+4C15 METROLOGY 0 0 0 1 0 0 47.028531061615496 74.28980879659451 143.1 47.015264313003016 74.268851641533 248.1017 45.217648 -999.0 -999.0 -999.0 -999.0 -999.0 180.0175893610435 57.4514234460507 180.02130768733014 57.29657467016711 61.39548011099876 24.505398821494396 -999.0 6231.0 -999.0 -1 -999 {-999.0 -999.0 -999.0 -999.0 -999.0} "" -999.0 -999.0 -999.0 -999.0 -999 -999 "" "" "" "" 0 0 0.0 0.0 -999 ""
FIBERMAP 264 R+10C3 APOGEE 0 0 0 1 0 0 -121.83506442953365 189.25949919065624 143.1 -121.80069475785808 189.20610908593457 344.1648 113.36037 -999.0 -999.0 -999.0 -999.0 -999.0 178.57837183924403 57.96728791025271 178.58873539384535 57.812507025801466 61.4742859200975 22.576482763246077 -999.0 16600.0 -999.0 2 136 {-999.0 -999.0 -999.0 -999.0 -999.0} "" -999.0 -999.0 -999.0 -999.0 -999 -999 "" ops_sky_apogee_best_unassigned ops_sky sky_apogee 0 0 0.0 0.0 -999 ""
FIBERMAP 264 R+10C3 BOSS 1 1 0 1 0 0 -121.72479041176638 188.52474612224228 143.1 -121.69045184839122 188.4715632913612 344.1648 113.36037 178.57943216642775 57.96410856522499 0.010963968 -6.9334245 0.77656686 178.5794623686854 57.96411396270936 178.5896936387445 57.80924539669112 61.476570880356306 22.581472560122677 5400.0 5400.0 2016.0 1 16 {-999.0 20.62431 20.475513 20.38403 -999.0} sdss_psfmag 19.434055 20.421669 19.245447 -999.0 63050394824212850 1102842857 dark_2x1 mwm_cb_cvcandidates_boss mwm_cb science 0 0 0.0 0.0 -999 ""
FIBERMAP 264 R+10C3 METROLOGY 0 0 0 1 0 0 -122.42167516843874 188.79260132660892 143.1 -122.38714001387373 188.73934293377468 344.1648 113.36037 -999.0 -999.0 -999.0 -999.0 -999.0 178.57347679300065 57.965222441639185 178.58377128094355 57.81037937135599 61.477580904306976 22.57477770267576 -999.0 6231.0 -999.0 -1 -999 {-999.0 -999.0 -999.0 -999.0 -999.0} "" -999.0 -999.0 -999.0 -999.0 -999 -999 "" "" "" "" 0 0 0.0 0.0 -999 ""
FIBERMAP 285 R-8C18 APOGEE 0 0 0 1 0 0 177.5569579596448 -144.54340937145258 143.1 177.50686914180437 -144.5026336756689 78.784996 135.45012 -999.0 -999.0 -999.0 -999.0 -999.0 181.07571074351083 56.45028913043527 181.07491636752638 56.29570479009538 61.75974844164283 26.808872361841452 -999.0 16600.0 -999.0 2 -999 {-999.0 -999.0 -999.0 -999.0 -999.0} "" -999.0 -999.0 -999.0 -999.0 -999 -999 "" "" "" "" 0 0 0.0 0.0 -999 ""
FIBERMAP 285 R-8C18 BOSS 1 1 0 1 0 0 178.15658680446467 -144.12306465586542 143.1 178.10632883132715 -144.082407539326 78.784996 135.45012 181.08093693761282 56.452230297449816 -6.879158 -8.944416 0.2875963 181.08087120057704 56.45219925835926 181.0799194148458 56.29753434865241 61.75651546566007 26.810512320913972 5400.0 5400.0 2016.0 1 319 {-999.0 17.693977 17.296343 17.174257 -999.0} sdss_psfmag 17.61957 17.320713 16.854448 15.874 63050394851389902 976721717 "" ops_std_boss ops_std standard_boss 0 0 0.0 0.0 -999 ""
FIBERMAP 285 R-8C18 METROLOGY 0 0 0 1 0 0 178.23123113462813 -144.8628114159196 143.1 178.18095210432506 -144.82194561681916 78.784996 135.45012 -999.0 -999.0 -999.0 -999.0 -999.0 181.08126770619972 56.448840453900175 181.08035282704566 56.294199038024715 61.758785517405954 26.815701231141475 -999.0 6231.0 -999.0 -1 -999 {-999.0 -999.0 -999.0 -999.0 -999.0} "" -999.0 -999.0 -999.0 -999.0 -999 -999 "" "" "" "" 0 0 0.0 0.0 -999 ""
FIBERMAP 288 R-1C7 APOGEE 0 0 0 1 0 0 -134.88176022134246 -5.978422489059149 143.1 -134.84371007678402 -5.976735976074986 82.06841 81.73638 -999.0 -999.0 -999.0 -999.0 -999.0 178.4909310246248 57.08142447862402 178.5013882283689 56.926864192175856 62.203525566468684 23.646109598490227 -999.0 16600.0 -999.0 2 247 {-999.0 -999.0 -999.0 -999.0 -999.0} "" -999.0 -999.0 -999.0 -999.0 -999 -999 "" ops_sky_apogee_best_unassigned ops_sky sky_apogee 0 0 0.0 0.0 -999 ""
FIBERMAP 288 R-1C7 BOSS 1 1 0 1 0 0 -134.15683572203602 -6.145239117483353 143.1 -134.11899007867885 -6.143505545528311 82.06841 81.73638 178.49701877564542 57.08079284638997 -0.39276552 0.030201519 0.9289657 178.49701777266012 57.08080130987797 178.5073261948562 56.92615574351657 62.20207954378706 23.652510856679896 5400.0 5400.0 2016.0 1 483 {-999.0 20.555607 20.3816 20.23327 20.131207} sdss_psfmag_from_gaiadr2 20.51486 20.378328 19.91886 -999.0 63050394824207621 1055794876 dark_flexible_2x2 bhm_gua_dark bhm_filler science 0 0 0.0 0.0 -999 ""
FIBERMAP 288 R-1C7 METROLOGY 0 0 0 1 0 0 -134.66877828115992 -6.6931508685493615 143.1 -134.6307882188068 -6.691262730689344 82.06841 81.73638 -999.0 -999.0 -999.0 -999.0 -999.0 178.49281089373645 57.07824841342808 178.5031714371405 56.923627979940356 62.2054681174902 23.652039570567297 -999.0 6231.0 -999.0 -1 -999 {-999.0 -999.0 -999.0 -999.0 -999.0} "" -999.0 -999.0 -999.0 -999.0 -999 -999 "" "" "" "" 0 0 0.0 0.0 -999 ""
FIBERMAP 289 R-11C12 APOGEE 1 1 0 1 0 0 59.26055976297184 -212.48724841783795 143.1 59.243842359062704 -212.4273057650593 217.74298 66.85189 180.10206701758892 56.149528596103785 -999.0 -999.0 -999.0 180.1020490814387 56.14954925930153 180.10539800784557 55.99506311531988 62.34638327459477 26.39317471905514 16000.0 16600.0 2015.5 2 175 {-999.0 -999.0 -999.0 -999.0 -999.0} "" -999.0 -999.0 -999.0 -999.0 27021603105716397 839695673 "" ops_sky_apogee_best ops_sky sky_apogee 0 0 0.0 0.0 -999 ""
FIBERMAP 289 R-11C12 BOSS 0 0 0 1 0 0 59.07470661489059 -211.77552979585394 143.1 59.05804164015453 -211.71578791889854 217.74298 66.85189 -999.0 -999.0 -999.0 -999.0 -999.0 180.1007406690274 56.15278824451637 180.10396742834473 55.99822178093346 62.344568342025596 26.387344246489647 -999.0 5400.0 -999.0 1 394 {-999.0 -999.0 -999.0 -999.0 -999.0} "" -999.0 -999.0 -999.0 -999.0 -999 -999 "" "" "" "" 0 0 0.0 0.0 -999 ""
FIBERMAP 289 R-11C12 METROLOGY 0 0 0 1 0 0 59.78919836692113 -211.96325492294181 143.1 59.77233183406182 -211.90346008872805 217.74298 66.85189 -999.0 -999.0 -999.0 -999.0 -999.0 180.10649665422827 56.15191738264151 180.10973524756344 55.99737339845619 62.343043617320674 26.39373483667066 -999.0 6231.0 -999.0 -1 -999 {-999.0 -999.0 -999.0 -999.0 -999.0} "" -999.0 -999.0 -999.0 -999.0 -999 -999 "" "" "" "" 0 0 0.0 0.0 -999 ""
FIBERMAP 293 R-11C16 APOGEE 0 0 0 1 0 0 156.38791391046328 -231.14473407410551 143.1 156.34379687994914 -231.07952814462323 299.0625 39.759026 -999.0 -999.0 -999.0 -999.0 -999.0 180.88563428883901 56.062797750873514 180.8856740110424 55.90830605461636 62.11436215446872 27.209194257779757 -999.0 16600.0 -999.0 2 218 {-999.0 -999.0 -999.0 -999.0 -999.0} "" -999.0 -999.0 -999.0 -999.0 -999 -999 "" ops_sky_apogee_best_unassigned ops_sky sky_apogee 0 0 0.0 0.0 -999 ""
FIBERMAP 293 R-11C16 BOSS 1 1 0 1 0 0 155.69831716615388 -230.8882699677527 143.1 155.65439467088132 -230.8231363867948 299.0625 39.759026 180.88031034031837 56.06403345253965 -999.0 -999.0 -999.0 180.88026580553574 56.06405651373773 180.8801958512379 55.90948593955901 62.11560957368191 27.20268631625993 5400.0 5400.0 2016.0 1 259 {-999.0 20.934301 19.915655 19.485737 19.163431} sdss_fiber2mag_from_lsdr10 1e+20 1e+20 1e+20 15.53 63050394851388644 1063012316 dark_flexible_2x2 bhm_colr_galaxies_lsdr10 bhm_filler science 0 0 0.0 0.0 -999 ""
FIBERMAP 293 R-11C16 METROLOGY 0 0 0 1 0 0 156.27361099115708 -230.41028034039843 143.1 156.22952620549648 -230.34528160031442 299.0625 39.759026 -999.0 -999.0 -999.0 -999.0 -999.0 180.88495911881614 56.06614274279778 180.8849067129513 55.91159390096694 62.11226462167281 27.203703586134452 -999.0 6231.0 -999.0 -1 -999 {-999.0 -999.0 -999.0 -999.0 -999.0} "" -999.0 -999.0 -999.0 -999.0 -999 -999 "" "" "" "" 0 0 0.0 0.0 -999 ""
FIBERMAP 296 R+3C13 APOGEE 0 0 0 1 0 0 27.544986575179923 50.26232033504111 143.1 27.537216134467066 50.248141334474596 10.6951065 75.305145 -999.0 -999.0 -999.0 -999.0 -999.0 179.85203607831124 57.342451899671424 179.8565721397024 57.187699723953905 61.53617453018895 24.509673166382925 -999.0 16600.0 -999.0 2 5 {-999.0 -999.0 -999.0 -999.0 -999.0} "" -999.0 -999.0 -999.0 -999.0 -999 -999 "" ops_sky_apogee_best_unassigned ops_sky sky_apogee 0 0 0.0 0.0 -999 ""
FIBERMAP 296 R+3C13 BOSS 1 1 0 1 0 0 27.488679076253423 49.53598959177325 143.1 27.480924519886013 49.522015489109414 10.6951065 75.305145 179.8517118542007 57.339267688807126 -0.018591886 -0.07581227 0.07449801 179.8517023779101 57.33925867924464 179.85610801909752 57.184422548727305 61.538844218165465 24.51369610246394 5400.0 5400.0 2016.0 1 106 {-999.0 18.620804 18.324837 18.340525 18.469198} sdss_psfmag 18.334229 18.252075 17.871655 -999.0 63050394824152211 1059897585 dark_10x4_4yr bhm_aqmes_med bhm_aqmes science 0 0 0.0 0.0 -999 ""
FIBERMAP 296 R+3C13 METROLOGY 0 0 0 1 0 0 26.855446613516712 49.914790702382675 143.1 26.84787069202704 49.90070973992553 10.6951065 75.305145 -999.0 -999.0 -999.0 -999.0 -999.0 179.84632623241617 57.34096394944163 179.85079310961385 57.18615176207107 61.539374986519675 24.506735162182963 -999.0 6231.0 -999.0 -1 -999 {-999.0 -999.0 -999.0 -999.0 -999.0} "" -999.0 -999.0 -999.0 -999.0 -999 -999 "" "" "" "" 0 0 0.0 0.0 -999 ""
FIBERMAP 298 R-12C13 APOGEE 0 0 0 1 0 0 107.1074459173998 -217.3322022229176 143.1 107.07723090690651 -217.27089280867054 130.44292 91.49542 -999.0 -999.0 -999.0 -999.0 -999.0 180.49000040546167 56.126540011555896 180.49170878051507 55.97204281920438 62.218058266278234 26.77030217746386 -999.0 16600.0 -999.0 2 -999 {-999.0 -999.0 -999.0 -999.0 -999.0} "" -999.0 -999.0 -999.0 -999.0 -999 -999 "" "" "" "" 0 0 0.0 0.0 -999 ""
FIBERMAP 298 R-12C13 BOSS 1 1 0 1 0 0 107.65047999219641 -216.83270900357866 143.1 107.62011179179062 -216.77154049636877 130.44292 91.49542 180.49422711028066 56.12881829605174 -55.937374 -10.665574 2.8501592 180.49462491677482 56.12881430290453 180.49618356989856 55.97423719710581 62.21474810186095 26.77107021161015 5400.0 5400.0 2016.0 1 344 {-999.0 17.593225 16.208548 15.479892 -999.0} sdss_psfmag 17.020222 16.060211 15.082937 13.208 63050394851388708 1118358527 dark_1x1 openfibertargets_mwm_snc_further_ext_boss open_fiber science 0 0 1.2578204870224 0.0 -999 ""
FIBERMAP 298 R-12C13 METROLOGY 0 0 0 1 0 0 107.81958481149123 -217.55473351517563 143.1 107.78916890661591 -217.493361324851 130.44292 91.49542 -999.0 -999.0 -999.0 -999.0 -999.0 180.49584955004266 56.12555664933139 180.4974399057362 55.97100272805189 62.216652979839324 26.77687728238476 -999.0 6231.0 -999.0 -1 -999 {-999.0 -999.0 -999.0 -999.0 -999.0} "" -999.0 -999.0 -999.0 -999.0 -999 -999 "" "" "" "" 0 0 0.0 0.0 -999 ""
FIBERMAP 302 R-2C21 APOGEE 0 0 0 1 0 0 189.8740687523343 -49.47281452662481 143.1 189.82050527753927 -49.45885824564685 329.16388 102.334526 -999.0 -999.0 -999.0 -999.0 -999.0 181.19683334853386 56.87941257951016 181.19547517113756 56.724727065027466 61.40035026322107 26.297120318885106 -999.0 16600.0 -999.0 2 228 {-999.0 -999.0 -999.0 -999.0 -999.0} "" -999.0 -999.0 -999.0 -999.0 -999 -999 "" "" "" "" 0 0 0.0 0.0 -999 ""
FIBERMAP 302 R-2C21 BOSS 1 1 0 1 0 0 189.64555985695634 -50.17766882949012 143.1 189.5920608445207 -50.163513709113325 329.16388 102.334526 181.19500801175153 56.876351818110045 6.086214 -18.41248 0.119534686 181.19503236860854 56.87630564086906 181.1935445607386 56.72153910778083 61.40340994745854 26.30001778191115 5400.0 5400.0 2016.0 1 284 {-999.0 18.034739 17.743904 17.613556 -999.0} sdss_psfmag 18.000732 17.734016 17.291458 15.835 63050394851390560 975914127 "" ops_std_boss ops_std standard_boss 0 0 0.0 0.0 -999 ""
FIBERMAP 302 R-2C21 METROLOGY 0 0 0 1 0 0 189.14242279680207 -49.62640506503304 143.1 189.0890657193311 -49.6124054561642 329.16388 102.334526 -999.0 -999.0 -999.0 -999.0 -999.0 181.19094257324656 56.87883246465583 181.18951133227893 56.72408849358896 61.403040667779884 26.29300703252096 -999.0 6231.0 -999.0 -1 -999 {-999.0 -999.0 -999.0 -999.0 -999.0} "" -999.0 -999.0 -999.0 -999.0 -999 -999 "" "" "" "" 0 0 0.0 0.0 -999 ""
FIBERMAP 307 R0C7 APOGEE 0 0 0 1 0 0 -148.18033082893203 -1.7834757361357911 143.1 -148.1385291576052 -1.7829726176306273 302.94778 154.81792 -999.0 -999.0 -999.0 -999.0 -999.0 178.3794758912406 57.0994467890245 178.39042617758219 56.94489680580685 62.22665901670735 23.52001701846268 -999.0 16600.0 -999.0 2 250 {-999.0 -999.0 -999.0 -999.0 -999.0} "" -999.0 -999.0 -999.0 -999.0 -999 -999 "" ops_sky_apogee_best_unassigned ops_sky sky_apogee 0 0 0.0 0.0 -999 ""
FIBERMAP 307 R0C7 BOSS 1 1 0 1 0 0 -148.08274608821324 -2.5141460499884185 143.1 -148.04097194554177 -2.513436809387717 302.94778 154.81792 178.38039886766794 57.09622953272545 -999.0 -999.0 -999.0 178.38041723461023 57.09621680793052 178.39124093957457 56.94158266443258 62.228998201457884 23.525144974246757 5400.0 5400.0 2016.0 1 493 {-999.0 21.920612 20.667833 20.099073 19.700891} sdss_fiber2mag_from_lsdr10 1e+20 1e+20 1e+20 -999.0 63050394824207575 1062319567 dark_flexible_2x2 bhm_colr_galaxies_lsdr10 bhm_filler science 0 0 0.0 0.0 -999 ""
FIBERMAP 307 R0C7 METROLOGY 0 0 0 1 0 0 -148.77561068047368 -2.2344888888742007 143.1 -148.73364108070072 -2.2338585395586494 302.94778 154.81792 -999.0 -999.0 -999.0 -999.0 -999.0 178.37458749110297 57.09740696166609 178.38547149395345 56.94279733850475 62.229976788130145 23.5182161354914 -999.0 6231.0 -999.0 -1 -999 {-999.0 -999.0 -999.0 -999.0 -999.0} "" -999.0 -999.0 -999.0 -999.0 -999 -999 "" "" "" "" 0 0 0.0 0.0 -999 ""
FIBERMAP 310 R+1C8 APOGEE 0 0 0 1 0 0 -124.84657267236815 7.210851129701229 143.1 -124.81135345421728 7.208816948597541 255.49731 125.83629 -999.0 -999.0 -999.0 -999.0 -999.0 178.57293289316348 57.142132469637495 178.58305135712135 56.98754754814432 62.128300809078105 23.640669110980014 -999.0 16600.0 -999.0 2 -999 {-999.0 -999.0 -999.0 -999.0 -999.0} "" -999.0 -999.0 -999.0 -999.0 -999 -999 "" "" "" "" 0 0 0.0 0.0 -999 ""
FIBERMAP 310 R+1C8 BOSS 1 1 0 1 0 0 -125.53771128538332 6.931511626704941 143.1 -125.50229709702973 6.929556247275047 255.49731 125.83629 178.56718385299573 57.14089743990132 -999.0 -999.0 -999.0 178.56721460646952 57.14089996566287 178.57723503385853 56.98623119458271 62.13129589975978 23.637086887193618 5400.0 5400.0 2016.0 1 46 {-999.0 21.012812 19.886538 19.421328 19.092138} sdss_fiber2mag_from_lsdr10 19.736351 20.189789 18.170664 15.985 63050394824207634 1062319574 dark_flexible_2x2 bhm_colr_galaxies_lsdr10 bhm_filler science 0 0 0.0 0.0 -999 ""
FIBERMAP 310 R+1C8 METROLOGY 0 0 0 1 0 0 -125.43044869912617 7.6753409206429435 143.1 -125.39506476954816 7.67317570696923 255.49731 125.83629 -999.0 -999.0 -999.0 -999.0 -999.0 178.56799965213415 57.14426623342131 178.57805247572867 56.98962060731177 62.128357715478 23.633348813482257 -999.0 6231.0 -999.0 -1 -999 {-999.0 -999.0 -999.0 -999.0 -999.0} "" -999.0 -999.0 -999.0 -999.0 -999 -999 "" "" "" "" 0 0 0.0 0.0 -999 ""
FIBERMAP 322 R+11C6 APOGEE 1 1 0 1 0 0 -46.57945801849852 230.09126514633 143.1 -46.566317953391504 230.0263564004322 105.453 62.639904 179.21958460655185 58.15550985689634 -999.0 -999.0 -999.0 179.21953687235543 58.15551556527054 179.22704524515848 58.000620193114976 61.11802168256389 22.89548760302074 16000.0 16600.0 2016.0 2 4 {-999.0 11.037339 10.446147 10.176996 -999.0} sdss_psfmag_from_g3xp 10.873695 10.569777 9.839631 8.698 63050394824213310 1103668719 bright_1x1 mwm_tess_2min_apogee mwm_planet science 0 0 0.0 0.0 -999 ""
FIBERMAP 322 R+11C6 BOSS 0 0 0 1 0 0 -45.8556842939532 229.94238123733606 143.1 -45.84274840541388 229.877514491589 105.453 62.639904 -999.0 -999.0 -999.0 -999.0 -999.0 179.22587196835653 58.15499680237626 179.23322007280092 58.00001232887588 61.116479516139165 22.901593469379748 -999.0 5400.0 -999.0 1 143 {-999.0 -999.0 -999.0 -999.0 -999.0} "" -999.0 -999.0 -999.0 -999.0 -999 -999 "" "" "" "" 0 0 0.0 0.0 -999 ""
FIBERMAP 322 R+11C6 METROLOGY 0 0 0 1 0 0 -46.34324500898927 229.37115260303926 143.1 -46.33017157957224 229.30644700088996 105.453 62.639904 -999.0 -999.0 -999.0 -999.0 -999.0 179.221670687164 58.15238803515136 179.22907457628048 57.9974296985809 61.11986749389375 22.901317508026693 -999.0 6231.0 -999.0 -1 -999 {-999.0 -999.0 -999.0 -999.0 -999.0} "" -999.0 -999.0 -999.0 -999.0 -999 -999 "" "" "" "" 0 0 0.0 0.0 -999 ""
FIBERMAP 325 R+6C4 APOGEE 0 0 0 1 0 0 -144.15856130790308 124.44877249073247 143.1 -144.11789417775813 124.41366549201284 48.47493 100.86756 -999.0 -999.0 -999.0 -999.0 -999.0 178.3957991051235 57.672711151055985 178.40688080160874 57.518023566236494 61.767447737479344 22.78936055001344 -999.0 16600.0 -999.0 2 -999 {-999.0 -999.0 -999.0 -999.0 -999.0} "" -999.0 -999.0 -999.0 -999.0 -999 -999 "" "" "" "" 0 0 0.0 0.0 -999 ""
FIBERMAP 325 R+6C4 BOSS 1 1 0 1 0 0 -143.50572306409015 124.06888193247481 143.1 -143.46524009961377 124.03388210088167 48.47493 100.86756 178.40155910193377 57.67112179420212 -26.556408 9.258797 5.5733085 178.40141063072994 57.67117753909513 178.41234282944504 57.51640238267975 61.7669573220666 22.79636918173395 5400.0 5400.0 2016.0 1 38 {-999.0 20.727785 19.04759 17.735325 -999.0} sdss_psfmag 20.087723 18.436428 17.232918 14.959 63050394824212414 1077839071 bright_flexible_2x1 mwm_snc_ext_main_boss mwm_snc science 0 0 0.0 0.0 -999 ""
FIBERMAP 325 R+6C4 METROLOGY 0 0 0 1 0 0 -144.16025745064113 123.70267658294874 143.1 -144.1195898420143 123.6677800578847 48.47493 100.86756 -999.0 -999.0 -999.0 -999.0 -999.0 178.39590370137807 57.669424833344486 178.4068950005077 57.514675532900384 61.77010501332691 22.793666251927164 -999.0 6231.0 -999.0 -1 -999 {-999.0 -999.0 -999.0 -999.0 -999.0} "" -999.0 -999.0 -999.0 -999.0 -999 -999 "" "" "" "" 0 0 0.0 0.0 -999 ""
FIBERMAP 333 R+12C2 APOGEE 1 1 0 1 0 0 -113.0617716820684 227.62849755408524 143.1 -113.0298769562769 227.56428355492525 62.526203 19.677698 178.65015873399074 58.14041043759288 9.343152 -38.23767 5.5550156 178.6501151622104 58.14022214209282 178.66021022272992 57.98539135725555 61.313698504009025 22.42097632823112 16000.0 16600.0 2016.0 2 132 {-999.0 10.14718 9.813406 9.7110405 -999.0} sdss_psfmag_from_g3xp 10.106476 9.829385 9.386914 8.687 63050394824213787 974639557 "" ops_std_apogee ops_std standard_apogee 0 0 0.0 0.0 -999 ""
FIBERMAP 333 R+12C2 BOSS 0 0 0 1 0 0 -113.16138971711251 226.89831577552602 143.1 -113.12946688907333 226.83430776064574 62.526203 19.677698 -999.0 -999.0 -999.0 -999.0 -999.0 178.64942908515212 58.137051944852296 178.65939871373746 57.98213301525794 61.31655318248471 22.42436953397413 -999.0 5400.0 -999.0 1 6 {-999.0 -999.0 -999.0 -999.0 -999.0} "" -999.0 -999.0 -999.0 -999.0 -999 -999 "" "" "" "" 0 0 0.0 0.0 -999 ""
FIBERMAP 333 R+12C2 METROLOGY 0 0 0 1 0 0 -113.75717939127 227.34407856597562 143.1 -113.72508849096373 227.27994480141217 62.526203 19.677698 -999.0 -999.0 -999.0 -999.0 -999.0 178.6442725275036 58.13896196217235 178.65430237559758 57.98406840823436 61.31664657102494 22.417447717703 -999.0 6231.0 -999.0 -1 -999 {-999.0 -999.0 -999.0 -999.0 -999.0} "" -999.0 -999.0 -999.0 -999.0 -999 -999 "" "" "" "" 0 0 0.0 0.0 -999 ""
FIBERMAP 343 R+11C1 APOGEE 0 0 0 1 0 0 -174.51349119954983 227.03082567348542 143.1 -174.46426094368246 226.96678027756295 131.86418 100.56341 -999.0 -999.0 -999.0 -999.0 -999.0 178.12650550655795 58.13046697448765 178.13897648372154 57.97570809056507 61.48703258219189 21.970859148543582 -999.0 16600.0 -999.0 2 139 {-999.0 -999.0 -999.0 -999.0 -999.0} "" -999.0 -999.0 -999.0 -999.0 -999 -999 "" ops_sky_apogee_best_unassigned ops_sky sky_apogee 0 0 0.0 0.0 -999 ""
FIBERMAP 343 R+11C1 BOSS 1 1 0 1 0 0 -174.06625250854972 227.6065584069937 143.1 -174.01714841871706 227.54235059686712 131.86418 100.56341 178.13042561367303 58.13320103989461 -2.866062 -4.6574645 0.21512087 178.13038127612162 58.13317771917798 178.1427115809929 57.97832829000506 61.483748297807026 21.970942417414676 5400.0 5400.0 2016.0 1 9 {-999.0 17.902445 17.572006 17.440939 -999.0} sdss_psfmag 17.862917 17.581982 17.1272 16.209 63050394824213939 976596100 "" ops_std_boss ops_std standard_boss 0 0 0.0 0.0 -999 ""
FIBERMAP 343 R+11C1 METROLOGY 0 0 0 1 0 0 -173.78078934734242 226.92100620717412 143.1 -173.73176578666755 226.85699179132308 131.86418 100.56341 -999.0 -999.0 -999.0 -999.0 -999.0 178.13284469954604 58.13013255257888 178.1451977512745 57.975308818793046 61.48539648549922 21.976918246774233 -999.0 6231.0 -999.0 -1 -999 {-999.0 -999.0 -999.0 -999.0 -999.0} "" -999.0 -999.0 -999.0 -999.0 -999 -999 "" "" "" "" 0 0 0.0 0.0 -999 ""
FIBERMAP 361 R+13C14 APOGEE 0 0 0 1 0 0 123.49431554504432 248.54213230492718 143.1 123.45947779862907 248.47201856940396 268.20737 13.680858 -999.0 -999.0 -999.0 -999.0 -999.0 180.679539865529 58.23275757086276 180.68039326780593 58.07775769159519 60.571712283570164 24.018545964041152 -999.0 16600.0 -999.0 2 98 {-999.0 -999.0 -999.0 -999.0 -999.0} "" -999.0 -999.0 -999.0 -999.0 -999 -999 "" ops_sky_apogee_best_unassigned ops_sky sky_apogee 0 0 0.0 0.0 -999 ""
FIBERMAP 361 R+13C14 BOSS 1 1 0 1 0 0 123.34377203521153 249.26239694236992 143.1 123.3089767571204 249.1920800201925 268.20737 13.680858 180.6781292652229 58.23600220530818 -999.0 -999.0 -999.0 180.67844211505937 58.23606601770275 180.67915937273176 58.080977529705336 60.569680155653614 24.013292333444667 5400.0 5400.0 2016.0 1 90 {-999.0 21.784077 21.054867 20.821728 -999.0} sdss_psfmag -999.0 -999.0 -999.0 -999.0 63050397224430566 1167361853 dark_1x1 openfibertargets_bhm_iragn2_boss open_fiber science 0 0 0.0 0.0 -999 ""
FIBERMAP 361 R+13C14 METROLOGY 0 0 0 1 0 0 124.05279360651349 249.04104372911024 143.1 124.0177983134371 248.97078925067427 268.20737 13.680858 -999.0 -999.0 -999.0 -999.0 -999.0 180.68444821662698 58.23498148016551 180.685177989639 58.07991800658047 60.56842797510234 24.019624466446885 -999.0 6231.0 -999.0 -1 -999 {-999.0 -999.0 -999.0 -999.0 -999.0} "" -999.0 -999.0 -999.0 -999.0 -999 -999 "" "" "" "" 0 0 0.0 0.0 -999 ""
FIBERMAP 368 R-8C2 APOGEE 0 0 0 1 0 0 -166.33662797770165 -164.76641584543052 143.1 -166.28970441494914 -164.71993523952054 345.73126 95.04775 -999.0 -999.0 -999.0 -999.0 -999.0 178.25937345129213 56.3597000961837 178.27057864125413 56.20534011005822 62.84791296229289 24.40180257339324 -999.0 16600.0 -999.0 2 -999 {-999.0 -999.0 -999.0 -999.0 -999.0} "" -999.0 -999.0 -999.0 -999.0 -999 -999 "" "" "" "" 0 0 0.0 0.0 -999 ""
FIBERMAP 368 R-8C2 BOSS 1 1 0 1 0 0 -166.5305061533829 -165.58405044461637 143.1 -166.48352789759704 -165.53733918398595 345.73126 95.04775 178.2580631100832 56.356086061982666 -0.5058537 0.51728094 -0.059760824 178.2580466784376 56.35606496848719 178.26913858465514 56.20162421085058 62.85131523294244 24.40551770608755 5400.0 5400.0 2016.0 1 489 {-999.0 19.424988 19.265326 19.26291 19.323627} sdss_psfmag 20.035545 19.939852 19.575413 -999.0 63050394824150883 1059973427 dark_2x4 bhm_aqmes_wide2_faint bhm_filler science 0 0 0.0 0.0 -999 ""
FIBERMAP 368 R-8C2 METROLOGY 0 0 0 1 0 0 -167.03542897259558 -165.02783342335334 143.1 -166.98830827808243 -164.98127907154463 345.73126 95.04775 -999.0 -999.0 -999.0 -999.0 -999.0 178.2538012532663 56.35851915086199 178.26494542726846 56.204101582300055 62.850837087582285 24.39813482299985 -999.0 6231.0 -999.0 -1 -999 {-999.0 -999.0 -999.0 -999.0 -999.0} "" -999.0 -999.0 -999.0 -999.0 -999 -999 "" "" "" "" 0 0 0.0 0.0 -999 ""
FIBERMAP 372 R+12C4 APOGEE 0 0 0 1 0 0 -95.77738055147454 221.0314996457123 143.1 -95.75036175242097 220.96914665966224 242.35689 117.87783 -999.0 -999.0 -999.0 -999.0 -999.0 178.79837290987723 58.112125381223805 178.80778544495035 57.95728393940941 61.28854320605299 22.58603809606484 -999.0 16600.0 -999.0 2 -999 {-999.0 -999.0 -999.0 -999.0 -999.0} "" -999.0 -999.0 -999.0 -999.0 -999 -999 "" "" "" "" 0 0 0.0 0.0 -999 ""
FIBERMAP 372 R+12C4 BOSS 1 1 0 1 0 0 -96.512562808407 221.00616106146708 143.1 -96.48533661443875 220.94381522343164 242.35689 117.87783 178.79216774397884 58.112079867533794 -0.038472928 -0.03278068 -0.044935722 178.79219229396432 58.112070414320875 178.8015045613248 57.95714091560495 61.29068491966903 22.58071535747223 5400.0 5400.0 2016.0 1 93 {-999.0 19.018427 18.749954 18.727064 18.803164} sdss_psfmag 18.823414 18.707651 18.27694 -999.0 63050394824213790 1059897619 dark_10x4_4yr bhm_aqmes_med bhm_aqmes science 0 0 0.0 0.0 -999 ""
FIBERMAP 372 R+12C4 METROLOGY 0 0 0 1 0 0 -96.16648000879708 221.66810281317464 143.1 -96.1393514447866 221.60557024137105 242.35689 117.87783 -999.0 -999.0 -999.0 -999.0 -999.0 178.7950791490752 58.115031317393004 178.80441552558796 57.96012593538971 61.287376472447185 22.57948461665393 -999.0 6231.0 -999.0 -1 -999 {-999.0 -999.0 -999.0 -999.0 -999.0} "" -999.0 -999.0 -999.0 -999.0 -999 -999 "" "" "" "" 0 0 0.0 0.0 -999 ""
FIBERMAP 373 R-8C13 APOGEE 0 0 0 1 0 0 70.97408309049321 -170.21216327509018 143.1 70.95406130165338 -170.1641464238303 300.4498 99.89186 -999.0 -999.0 -999.0 -999.0 -999.0 180.20111834634744 56.33961452757199 180.2040585349538 56.18507902031815 62.1681944945179 26.20857238812414 -999.0 16600.0 -999.0 2 -999 {-999.0 -999.0 -999.0 -999.0 -999.0} "" -999.0 -999.0 -999.0 -999.0 -999 -999 "" "" "" "" 0 0 0.0 0.0 -999 ""
FIBERMAP 373 R-8C13 BOSS 1 1 0 1 0 0 70.41383902512588 -170.69670110903263 143.1 70.3939752811369 -170.6485475696498 300.4498 99.89186 180.19661654952506 56.33745796079356 0.29229835 0.081543386 -0.52697307 180.1966577165557 56.33747271233355 180.19948750156573 56.182857601231134 62.171546523347715 26.207689017695145 5400.0 5400.0 2016.0 1 353 {-999.0 19.252443 19.172607 18.939734 18.844019} sdss_psfmag 19.101406 19.021694 18.658564 -999.0 63050394851389092 1059898063 dark_10x4_4yr bhm_aqmes_med bhm_aqmes science 0 0 0.0 0.0 -999 ""
FIBERMAP 373 R-8C13 METROLOGY 0 0 0 1 0 0 70.26558619829451 -169.9782955042097 143.1 70.24576427642798 -169.930344627048 300.4498 99.89186 -999.0 -999.0 -999.0 -999.0 -999.0 180.19546377301336 56.34070601066671 180.1983354475093 56.18611294872933 62.169549502245076 26.20201347691875 -999.0 6231.0 -999.0 -1 -999 {-999.0 -999.0 -999.0 -999.0 -999.0} "" -999.0 -999.0 -999.0 -999.0 -999 -999 "" "" "" "" 0 0 0.0 0.0 -999 ""
FIBERMAP 375 R+2C25 APOGEE 0 0 0 1 0 0 279.5993874080009 35.066988226986204 143.1 279.52051242081313 35.05709582960737 330.75058 127.57169 -999.0 -999.0 -999.0 -999.0 -999.0 181.95528528745456 57.250747366594574 181.95054215524408 57.09598807669817 60.847590942184496 26.39465384625845 -999.0 16600.0 -999.0 2 57 {-999.0 -999.0 -999.0 -999.0 -999.0} "" -999.0 -999.0 -999.0 -999.0 -999 -999 "" ops_sky_apogee_best_unassigned ops_sky sky_apogee 0 0 0.0 0.0 -999 ""
FIBERMAP 375 R+2C25 BOSS 1 1 0 1 0 0 279.71847190775713 34.34040053630147 143.1 279.639563326832 34.33071310931018 330.75058 127.57169 181.95613597751756 57.24751947266144 0.89318246 0.055731945 0.74828964 181.9561966650659 57.24753004071636 181.9513059596287 57.09268888759971 60.849699138978835 26.399932738952657 5400.0 5400.0 2016.0 1 176 {-999.0 20.735222 20.594732 20.451218 20.344948} sdss_psfmag 20.636143 20.555172 19.983557 -999.0 63050394851417553 1059903077 dark_10x4_4yr bhm_aqmes_med_faint bhm_filler science 0 0 0.0 0.0 -999 ""
FIBERMAP 375 R+2C25 METROLOGY 0 0 0 1 0 0 279.0226967364443 34.59491964307341 143.1 278.94398443369494 34.585160416242104 330.75058 127.57169 -999.0 -999.0 -999.0 -999.0 -999.0 181.95051836077522 57.24876763990913 181.94569332196988 57.09394940627975 60.85088277079194 26.393609818661616 -999.0 6231.0 -999.0 -1 -999 {-999.0 -999.0 -999.0 -999.0 -999.0} "" -999.0 -999.0 -999.0 -999.0 -999 -999 "" "" "" "" 0 0 0.0 0.0 -999 ""
FIBERMAP 380 R-1C10 APOGEE 0 0 0 1 0 0 -96.44699190252982 -21.956727845414314 143.1 -96.41978420611412 -21.950533852489123 221.87407 75.83015 -999.0 -999.0 -999.0 -999.0 -999.0 178.8134701564204 57.01118932556251 178.82249867240307 56.85660678798369 62.14938904642894 24.033949406755823 -999.0 16600.0 -999.0 2 -999 {-999.0 -999.0 -999.0 -999.0 -999.0} "" -999.0 -999.0 -999.0 -999.0 -999 -999 "" "" "" "" 0 0 0.0 0.0 -999 ""
FIBERMAP 380 R-1C10 BOSS 1 1 0 1 0 0 -96.8316246914481 -21.299842315052253 143.1 -96.80430849012265 -21.29383362953518 221.87407 75.83015 178.81021863959978 57.014215467799545 0.09874589 -0.26137632 0.15177178 178.8102308515167 57.0142312865516 178.8191506880006 56.859564250254245 62.148229975120515 24.026930117985557 5400.0 5400.0 2016.0 1 441 {-999.0 19.677893 19.3811 19.281944 19.40961} sdss_psfmag 20.190277 19.85676 19.336843 -999.0 63050394824207332 1059900659 dark_10x4_4yr bhm_aqmes_med_faint bhm_filler science 0 0 0.0 0.0 -999 ""
FIBERMAP 380 R-1C10 METROLOGY 0 0 0 1 0 0 -96.07357106039726 -21.3108030392853 143.1 -96.04646870600112 -21.30479126174792 221.87407 75.83015 -999.0 -999.0 -999.0 -999.0 -999.0 178.8165388448968 57.01419942985858 178.82546619147433 56.85955554044183 62.14607422859014 24.03270268268477 -999.0 6231.0 -999.0 -1 -999 {-999.0 -999.0 -999.0 -999.0 -999.0} "" -999.0 -999.0 -999.0 -999.0 -999 -999 "" "" "" "" 0 0 0.0 0.0 -999 ""
FIBERMAP 382 R+9C5 APOGEE 0 0 0 1 0 0 -86.08505345114156 174.59270423122797 143.1 -86.060768857563 174.54345162936434 13.524137 104.252556 -999.0 -999.0 -999.0 -999.0 -999.0 178.88420331352785 57.9040052621032 178.89316757390895 57.749203739355494 61.42544904208117 22.926396831414536 -999.0 16600.0 -999.0 2 112 {-999.0 -999.0 -999.0 -999.0 -999.0} "" -999.0 -999.0 -999.0 -999.0 -999 -999 "" ops_sky_apogee_best_unassigned ops_sky sky_apogee 0 0 0.0 0.0 -999 ""
FIBERMAP 382 R+9C5 BOSS 1 1 0 1 0 0 -85.80494485050092 173.90212903117762 143.1 -85.78073927555859 173.85307124057795 13.524137 104.252556 178.88669781368205 57.90102899576771 -999.0 -999.0 -999.0 178.88672221141536 57.901042383967 178.89554631381168 57.7461534786024 61.42707759279307 22.93240699852521 5400.0 5400.0 2016.0 1 80 {-999.0 20.958498 19.823519 19.32784 18.957409} sdss_fiber2mag_from_lsdr10 1e+20 1e+20 1e+20 15.532 63050394824212579 1062319935 dark_flexible_2x2 bhm_colr_galaxies_lsdr10 bhm_filler science 0 0 0.0 0.0 -999 ""
FIBERMAP 382 R+9C5 METROLOGY 0 0 0 1 0 0 -86.5571066142296 174.00321747509227 143.1 -86.53268885445372 173.95413116744257 13.524137 104.252556 -999.0 -999.0 -999.0 -999.0 -999.0 178.8802737619779 57.90141639557049 178.88916332897122 57.74655298733245 61.428853308214954 22.92627172260137 -999.0 6231.0 -999.0 -1 -999 {-999.0 -999.0 -999.0 -999.0 -999.0} "" -999.0 -999.0 -999.0 -999.0 -999 -999 "" "" "" "" 0 0 0.0 0.0 -999 ""
FIBERMAP 383 R+6C1 APOGEE 0 0 0 1 0 0 -217.91316827885385 101.19678125862299 143.1 -217.8516949740824 101.16823364662994 315.0973 92.643845 -999.0 -999.0 -999.0 -999.0 -999.0 177.77955121156316 57.55862993079697 177.79333071790415 57.404059962385844 62.05671144363117 22.374122414707813 -999.0 16600.0 -999.0 2 119 {-999.0 -999.0 -999.0 -999.0 -999.0} "" -999.0 -999.0 -999.0 -999.0 -999 -999 "" ops_sky_apogee_best_unassigned ops_sky sky_apogee 0 0 0.0 0.0 -999 ""
FIBERMAP 383 R+6C1 BOSS 1 1 0 1 0 0 -218.38508005861138 100.64673437215174 143.1 -218.32347362752685 100.61834192838536 315.0973 92.643845 177.7757085576499 57.55613582686834 -6.112933 -5.6456723 0.32331607 177.77578442422927 57.556175835275674 177.789460058587 57.40151991099823 62.05999348789564 22.37376358823576 5400.0 5400.0 2016.0 1 83 {-999.0 17.80091 17.46014 17.321012 -999.0} sdss_psfmag 17.766888 17.47107 17.013237 16.14 63050394824210887 976596079 "" ops_std_boss ops_std standard_boss 0 0 0.0 0.0 -999 ""
FIBERMAP 383 R+6C1 METROLOGY 0 0 0 1 0 0 -218.64895964179067 101.34101677680795 143.1 -218.58727877027573 101.31242847597521 315.0973 92.643845 -999.0 -999.0 -999.0 -999.0 -999.0 177.77342783533547 57.55924703142828 177.7871492110305 57.40461544767709 62.058242943568416 22.367701660618252 -999.0 6231.0 -999.0 -1 -999 {-999.0 -999.0 -999.0 -999.0 -999.0} "" -999.0 -999.0 -999.0 -999.0 -999 -999 "" "" "" "" 0 0 0.0 0.0 -999 ""
FIBERMAP 386 R-4C2 APOGEE 0 0 0 1 0 0 -225.4584113322462 -93.27350585877481 143.1 -225.39480951440936 -93.24719340277206 283.86194 98.07801 -999.0 -999.0 -999.0 -999.0 -999.0 177.7610930300234 56.6773869602029 177.77455513434302 56.52302755029272 62.76703494761868 23.499887862526634 -999.0 16600.0 -999.0 2 -999 {-999.0 -999.0 -999.0 -999.0 -999.0} "" -999.0 -999.0 -999.0 -999.0 -999 -999 "" "" "" "" 0 0 0.0 0.0 -999 ""
FIBERMAP 386 R-4C2 BOSS 1 1 0 1 0 0 -226.14970019307373 -93.56386495555462 143.1 -226.08590336264928 -93.53747058925066 283.86194 98.07801 177.75561978544965 56.67608684553399 -0.2385408 -0.26206943 -0.025556976 177.75560952789596 56.67607811065091 177.76897879916623 56.52163642143193 62.77000922772787 23.496397744916408 5400.0 5400.0 2016.0 1 486 {-999.0 18.869091 18.843515 18.6118 18.668617} sdss_psfmag 18.805975 18.717102 18.259039 -999.0 63050394824205318 1059897587 dark_10x4_4yr bhm_aqmes_med bhm_aqmes science 0 0 0.0 0.0 -999 ""
FIBERMAP 386 R-4C2 METROLOGY 0 0 0 1 0 0 -226.04771679627777 -92.8159241168157 143.1 -225.98394873536955 -92.78974074462235 283.86194 98.07801 -999.0 -999.0 -999.0 -999.0 -999.0 177.7562211401096 56.67944575333437 177.76962208863688 56.52502682166038 62.767101133349506 23.492510645783284 -999.0 6231.0 -999.0 -1 -999 {-999.0 -999.0 -999.0 -999.0 -999.0} "" -999.0 -999.0 -999.0 -999.0 -999 -999 "" "" "" "" 0 0 0.0 0.0 -999 ""
FIBERMAP 388 R+2C3 APOGEE 0 0 0 1 0 0 -217.78472989505968 34.23167695805062 143.1 -217.7232928227563 34.222020201980754 249.94536 169.15381 -999.0 -999.0 -999.0 -999.0 -999.0 177.79403253841943 57.25560643729309 177.8076100962544 57.10110571089715 62.29520575980374 22.77471900406738 -999.0 16600.0 -999.0 2 116 {-999.0 -999.0 -999.0 -999.0 -999.0} "" -999.0 -999.0 -999.0 -999.0 -999 -999 "" ops_sky_apogee_best_unassigned ops_sky sky_apogee 0 0 0.0 0.0 -999 ""
FIBERMAP 388 R+2C3 BOSS 1 1 0 1 0 0 -218.1483009535627 33.577229128548296 143.1 -218.08676131786373 33.56775699221114 249.94536 169.15381 177.79123891034243 57.25273868136701 -14.001112 -18.386919 3.1954243 177.7911998269478 57.25268585623493 177.80467018321133 57.098100414690336 62.29856860614242 22.77584325877831 5400.0 5400.0 2016.0 1 60 {-999.0 20.419886 20.620115 20.7983 -999.0} sdss_psfmag 20.412373 20.523325 20.31692 -999.0 63050394824207030 1092530193 dark_flexible_2x1 mwm_cb_galex_vol_boss mwm_cb science 0 0 0.0 0.0 -999 ""
FIBERMAP 388 R+2C3 METROLOGY 0 0 0 1 0 0 -218.53620648020853 34.20661574911351 143.1 -218.47455741636048 34.19696606281069 249.94536 169.15381 -999.0 -999.0 -999.0 -999.0 -999.0 177.78783158574862 57.25546232470459 177.80135152495745 57.100901092663904 62.297406580719446 22.769128791275023 -999.0 6231.0 -999.0 -1 -999 {-999.0 -999.0 -999.0 -999.0 -999.0} "" -999.0 -999.0 -999.0 -999.0 -999 -999 "" "" "" "" 0 0 0.0 0.0 -999 ""
FIBERMAP 394 R-1C26 APOGEE 0 0 0 1 0 0 285.4127568016774 -13.065940683398198 143.1 285.33224186298366 -13.062254781531411 357.97275 156.74557 -999.0 -999.0 -999.0 -999.0 -999.0 181.98927913538654 57.032544099390115 181.98443857159725 56.87783757738905 60.99270869527918 26.731930756314966 -999.0 16600.0 -999.0 2 240 {-999.0 -999.0 -999.0 -999.0 -999.0} "" -999.0 -999.0 -999.0 -999.0 -999 -999 "" ops_sky_apogee_best_unassigned ops_sky sky_apogee 0 0 0.0 0.0 -999 ""
FIBERMAP 394 R-1C26 BOSS 1 1 0 1 0 0 286.08732475833676 -13.37708855007527 143.1 286.0066195240224 -13.373314873395294 357.97275 156.74557 181.99488123316652 57.03126048676278 -22.216167 -49.281796 3.9271584 181.99479846580252 57.03112170130346 181.98979059482224 56.87633399625368 60.99176913701699 26.738429326721473 5400.0 5400.0 2016.0 1 262 {-999.0 18.830385 18.233526 17.108358 -999.0} sdss_psfmag 18.670128 17.653404 16.588785 14.297 63050394851417412 1092559690 dark_flexible_2x1 mwm_cb_galex_vol_boss mwm_cb science 0 0 0.0 0.0 -999 ""
FIBERMAP 394 R-1C26 METROLOGY 0 0 0 1 0 0 285.4792008139736 -13.819262417187014 143.1 285.39866713142396 -13.815364003259127 357.97275 156.74557 -999.0 -999.0 -999.0 -999.0 -999.0 181.98967672743612 57.029193654339 181.984732417852 56.874429373100526 60.99505712416742 26.737035243579157 -999.0 6231.0 -999.0 -1 -999 {-999.0 -999.0 -999.0 -999.0 -999.0} "" -999.0 -999.0 -999.0 -999.0 -999 -999 "" "" "" "" 0 0 0.0 0.0 -999 ""
FIBERMAP 396 R+11C2 APOGEE 0 0 0 1 0 0 -147.73522847849387 221.79238729687933 143.1 -147.6935523705401 221.72981966442288 56.832333 153.75847 -999.0 -999.0 -999.0 -999.0 -999.0 178.3547646729004 58.110506256158885 178.36619130133658 57.955720197342536 61.43124767369453 22.198339619124567 -999.0 16600.0 -999.0 2 -999 {-999.0 -999.0 -999.0 -999.0 -999.0} "" -999.0 -999.0 -999.0 -999.0 -999 -999 "" "" "" "" 0 0 0.0 0.0 -999 ""
FIBERMAP 396 R+11C2 BOSS 1 1 0 1 0 0 -147.10139176322565 222.1861315930821 143.1 -147.05989446060926 222.1234528853597 56.832333 153.75847 178.36013302965594 58.112416791753745 0.6573686 1.4277378 0.19872802 178.3602431032758 58.112436620509015 178.37152001258949 57.95756028018725 61.42808098627752 22.20077013507904 5400.0 5400.0 2016.0 1 17 {-999.0 17.6199 17.328382 16.73126 -999.0} sdss_psfmag 17.445503 18.510357 16.273542 14.487 63050394824213742 1092182321 dark_flexible_2x1 mwm_cb_galex_mag_boss mwm_cb science 0 0 0.0 0.0 -999 ""
FIBERMAP 396 R+11C2 METROLOGY 0 0 0 1 0 0 -147.07591401871804 221.44315038067157 143.1 -147.03442390337335 221.3806812679492 56.832333 153.75847 -999.0 -999.0 -999.0 -999.0 -999.0 178.36049856555326 58.10908889145125 178.37180866219205 57.9542385699747 61.430649368012865 22.20518635299669 -999.0 6231.0 -999.0 -1 -999 {-999.0 -999.0 -999.0 -999.0 -999.0} "" -999.0 -999.0 -999.0 -999.0 -999 -999 "" "" "" "" 0 0 0.0 0.0 -999 ""
FIBERMAP 402 R+12C13 APOGEE 0 0 0 1 0 0 119.58256246025591 215.64333227066942 143.1 119.54882821938588 215.58249928663588 335.62 69.13792 -999.0 -999.0 -999.0 -999.0 -999.0 180.64362095757127 58.086107076785844 180.6446421079869 57.93114304095246 60.69565074487119 24.182874250455427 -999.0 16600.0 -999.0 2 -999 {-999.0 -999.0 -999.0 -999.0 -999.0} "" -999.0 -999.0 -999.0 -999.0 -999 -999 "" "" "" "" 0 0 0.0 0.0 -999 ""
FIBERMAP 402 R+12C13 BOSS 1 1 0 1 0 0 119.04615373791916 215.11100525294194 143.1 119.0125708179497 215.0503224383601 335.62 69.13792 180.63913642351366 58.08385803739397 0.040654797 -0.2592173 0.13600332 180.6391644410407 58.08387998729783 180.64006585363006 57.92882936168494 60.698987786859504 24.1821631571097 5400.0 5400.0 2016.0 1 100 {-999.0 19.595182 18.920214 18.747421 18.749208} sdss_psfmag 19.644976 19.22226 18.731318 -999.0 63050394851420701 1059898089 dark_10x4_4yr bhm_aqmes_med bhm_aqmes science 0 0 0.0 0.0 -999 ""
FIBERMAP 402 R+12C13 METROLOGY 0 0 0 1 0 0 118.8608304592824 215.83244837067824 143.1 118.82729981900984 215.7715620369929 335.62 69.13792 -999.0 -999.0 -999.0 -999.0 -999.0 180.63759345146363 58.08710003029986 180.63854162146959 57.93207339084281 60.697043886245055 24.176604902721692 -999.0 6231.0 -999.0 -1 -999 {-999.0 -999.0 -999.0 -999.0 -999.0} "" -999.0 -999.0 -999.0 -999.0 -999 -999 "" "" "" "" 0 0 0.0 0.0 -999 ""
FIBERMAP 404 R+1C23 APOGEE 0 0 0 1 0 0 205.35014900733722 32.549284836288905 143.1 205.29221973030226 32.54010268303659 134.06926 101.652985 -999.0 -999.0 -999.0 -999.0 -999.0 181.34162499731846 57.24978211088276 181.33958791727662 57.095009771735214 61.0746926522386 25.896028689373964 -999.0 16600.0 -999.0 2 -999 {-999.0 -999.0 -999.0 -999.0 -999.0} "" -999.0 -999.0 -999.0 -999.0 -999 -999 "" "" "" "" 0 0 0.0 0.0 -999 ""
FIBERMAP 404 R+1C23 BOSS 1 1 0 1 0 0 205.76117682282933 33.176978508684634 143.1 205.7031315948476 33.16761928304734 134.06926 101.652985 181.345380388591 57.25268675011233 0.010335192 -0.6423804 -0.18630949 181.34539183262356 57.25266818658041 181.34319725178386 57.097812006015815 61.071302276914324 25.895099109240732 5400.0 5400.0 2016.0 1 182 {-999.0 21.488247 20.432163 19.84014 19.471079} sdss_psfmag 20.386108 20.791945 19.505041 -999.0 63050394851417334 1059903072 dark_10x4_4yr bhm_aqmes_med_faint bhm_filler science 0 0 0.0 0.0 -999 ""
FIBERMAP 404 R+1C23 METROLOGY 0 0 0 1 0 0 206.09476782544658 32.50232957855134 143.1 206.03662849144303 32.49316067137723 134.06926 101.652985 -999.0 -999.0 -999.0 -999.0 -999.0 181.34797112697643 57.249544807296346 181.34580541603248 57.09471296860095 61.072627763100115 25.901588923359554 -999.0 6231.0 -999.0 -1 -999 {-999.0 -999.0 -999.0 -999.0 -999.0} "" -999.0 -999.0 -999.0 -999.0 -999 -999 "" "" "" "" 0 0 0.0 0.0 -999 ""
FIBERMAP 409 R+9C6 APOGEE 1 1 0 1 0 0 -85.39380761773981 180.71358210764308 143.1 -85.36971802461085 180.6626028061305 98.35053 149.91672 178.88971583220567 57.931673776173106 -999.0 -999.0 -999.0 178.88969813057375 57.93164519736155 178.89864530992577 57.7768365081322 61.40183853807005 22.89577712784802 16000.0 16600.0 2015.5 2 17 {-999.0 -999.0 -999.0 -999.0 -999.0} "" -999.0 -999.0 -999.0 -999.0 27021603092669385 827605769 "" ops_sky_apogee_best ops_sky sky_apogee 0 0 0.0 0.0 -999 ""
FIBERMAP 409 R+9C6 BOSS 0 0 0 1 0 0 -85.1202866743823 181.40625981770557 143.1 -85.09627424151147 181.355085111811 98.35053 149.91672 -999.0 -999.0 -999.0 -999.0 -999.0 178.89207526851274 57.9349170707914 178.90088446528125 57.78001939485252 61.39859261773114 22.893667112995104 -999.0 5400.0 -999.0 1 147 {-999.0 -999.0 -999.0 -999.0 -999.0} "" -999.0 -999.0 -999.0 -999.0 -999 -999 "" "" "" "" 0 0 0.0 0.0 -999 ""
FIBERMAP 409 R+9C6 METROLOGY 0 0 0 1 0 0 -84.6413003752908 180.8250842225122 143.1 -84.61742306445493 180.77407346625304 98.35053 149.91672 -999.0 -999.0 -999.0 -999.0 -999.0 178.89617137033355 57.93229461737483 178.90499766484163 57.77742205255316 61.39929780335922 22.90061384853726 -999.0 6231.0 -999.0 -1 -999 {-999.0 -999.0 -999.0 -999.0 -999.0} "" -999.0 -999.0 -999.0 -999.0 -999 -999 "" "" "" "" 0 0 0.0 0.0 -999 ""
FIBERMAP 410 R-2C2 APOGEE 0 0 0 1 0 0 -233.53563853148566 -48.4782102902401 143.1 -233.46975812785593 -48.46453458711723 344.9694 93.54422 -999.0 -999.0 -999.0 -999.0 -999.0 177.68351414340475 56.87904686588104 177.6974020132858 56.72465284860033 62.63223739221656 23.160125993326176 -999.0 16600.0 -999.0 2 -999 {-999.0 -999.0 -999.0 -999.0 -999.0} "" -999.0 -999.0 -999.0 -999.0 -999 -999 "" "" "" "" 0 0 0.0 0.0 -999 ""
FIBERMAP 410 R-2C2 BOSS 1 1 0 1 0 0 -233.66270133408432 -49.22160882053319 143.1 -233.59678508603798 -49.20772340468492 344.9694 93.54422 177.6832207179379 56.8759971647926 -86.8973 -74.93141 10.279465 177.68272704346396 56.87574579059788 177.6965006504197 56.72126832199339 62.63523602115144 23.163705794254327 5400.0 5400.0 2016.0 1 435 {-999.0 21.017971 19.374758 17.359554 -999.0} sdss_psfmag 20.17536 18.062086 16.686441 13.918 63050394824205657 1132408272 dark_2x1 mwm_snc_100pc_boss mwm_snc science 0 0 0.0 0.0 -999 ""
FIBERMAP 410 R-2C2 METROLOGY 0 0 0 1 0 0 -234.23639574202934 -48.73433782172167 143.1 -234.17031765479052 -48.72058986502216 344.9694 93.54422 -999.0 -999.0 -999.0 -999.0 -999.0 177.67788452233702 56.87786150864718 177.69171299818004 56.723408244967565 62.63511185723367 23.156339449463303 -999.0 6231.0 -999.0 -1 -999 {-999.0 -999.0 -999.0 -999.0 -999.0} "" -999.0 -999.0 -999.0 -999.0 -999 -999 "" "" "" "" 0 0 0.0 0.0 -999 ""
FIBERMAP 415 R-2C4 APOGEE 0 0 0 1 0 0 -215.12785264220472 -45.95494202285366 143.1 -215.06716507497435 -45.941978133709014 222.7237 102.48904 -999.0 -999.0 -999.0 -999.0 -999.0 177.83389022786926 56.89254031892889 177.8471328879467 56.73811870164687 62.57186461436809 23.284639514418643 -999.0 16600.0 -999.0 2 -999 {-999.0 -999.0 -999.0 -999.0 -999.0} "" -999.0 -999.0 -999.0 -999.0 -999 -999 "" "" "" "" 0 0 0.0 0.0 -999 ""
FIBERMAP 415 R-2C4 BOSS 1 1 0 1 0 0 -215.74137154998556 -45.54548067391374 143.1 -215.68051090907133 -45.53263229381563 222.7237 102.48904 177.82878340017868 56.894404665958724 -0.25390026 -0.00043004044 -0.15243344 177.82879766340236 56.89440313515748 177.8419460822314 56.73989755364514 62.57217341107201 23.277386741026703 5400.0 5400.0 2016.0 1 474 {-999.0 18.577343 18.358461 18.346415 18.189856} sdss_psfmag 18.470257 18.314852 17.905142 16.614 63050394824205670 1059897589 dark_10x4_4yr bhm_aqmes_med bhm_aqmes science 0 0 0.0 0.0 -999 ""
FIBERMAP 415 R-2C4 METROLOGY 0 0 0 1 0 0 -215.06366691300352 -45.21161021761542 143.1 -215.00299745256737 -45.198856022373036 222.7237 102.48904 -999.0 -999.0 -999.0 -999.0 -999.0 177.83426894382933 56.8959671542726 177.8474275012394 56.74148423320033 62.56908960670562 23.28049091063042 -999.0 6231.0 -999.0 -1 -999 {-999.0 -999.0 -999.0 -999.0 -999.0} "" -999.0 -999.0 -999.0 -999.0 -999 -999 "" "" "" "" 0 0 0.0 0.0 -999 ""
FIBERMAP 417 R+13C12 APOGEE 0 0 0 1 0 0 101.519128696145 240.36441911995016 143.1 101.49049014993983 240.29661231731643 261.80945 129.57286 -999.0 -999.0 -999.0 -999.0 -999.0 180.49092730037253 58.19828291603547 180.49264311606169 58.04329669427395 60.662152632296845 23.909294087508215 -999.0 16600.0 -999.0 2 93 {-999.0 -999.0 -999.0 -999.0 -999.0} "" -999.0 -999.0 -999.0 -999.0 -999 -999 "" ops_sky_apogee_best_unassigned ops_sky sky_apogee 0 0 0.0 0.0 -999 ""
FIBERMAP 417 R+13C12 BOSS 1 1 0 1 0 0 100.88825364057247 239.96438864813427 143.1 100.85979306422047 239.89669469409665 261.80945 129.57286 180.4856411873285 58.196656999248376 0.0995635 -0.24307598 0.23377196 180.48565037520783 58.19664752153336 180.48725065937685 58.041574030966544 60.66530839970993 23.907100473330615 5400.0 5400.0 2016.0 1 92 {-999.0 19.282051 18.795786 18.770987 18.519121} sdss_psfmag 19.240168 18.959087 18.426434 -999.0 63050394851421107 1059898091 dark_10x4_4yr bhm_aqmes_med bhm_aqmes science 0 0 0.0 0.0 -999 ""
FIBERMAP 417 R+13C12 METROLOGY 0 0 0 1 0 0 100.8508725395103 240.7037302668857 143.1 100.82242250836691 240.63582774457743 261.80945 129.57286 -999.0 -999.0 -999.0 -999.0 -999.0 180.48533235971001 58.199923106172214 180.48697366547128 58.044873727134146 60.662877827043005 23.90253558308393 -999.0 6231.0 -999.0 -1 -999 {-999.0 -999.0 -999.0 -999.0 -999.0} "" -999.0 -999.0 -999.0 -999.0 -999 -999 "" "" "" "" 0 0 0.0 0.0 -999 ""
FIBERMAP 422 R+8C8 APOGEE 0 0 0 1 0 0 -43.56669469642389 164.50142371701625 143.1 -43.554404531850025 164.45501786538568 47.992207 145.16028 -999.0 -999.0 -999.0 -999.0 -999.0 179.24750256240048 57.860476586025264 179.25481939487577 57.705648777303736 61.34030758264561 23.29951980750991 -999.0 16600.0 -999.0 2 -999 {-999.0 -999.0 -999.0 -999.0 -999.0} "" -999.0 -999.0 -999.0 -999.0 -999 -999 "" "" "" "" 0 0 0.0 0.0 -999 ""
FIBERMAP 422 R+8C8 BOSS 1 1 0 1 0 0 -42.833755756903834 164.6893139135266 143.1 -42.82167235440481 164.6428550580716 47.992207 145.16028 179.25386932550936 57.861490548299145 -0.6170638 0.17140242 1.713316 179.25385546074824 57.8614907472127 179.26101377404666 57.70657474021709 61.33752254677491 23.303717378368276 5400.0 5400.0 2016.0 1 132 {-999.0 21.549683 21.77013 20.522152 20.251726} sdss_psfmag 20.72591 20.672234 20.019617 -999.0 63050394824209511 1059900713 dark_10x4_4yr bhm_aqmes_med_faint bhm_filler science 0 0 0.0 0.0 -999 ""
FIBERMAP 422 R+8C8 METROLOGY 0 0 0 1 0 0 -43.04056376595091 163.9724168885996 143.1 -43.02842202291254 163.92616026979533 47.992207 145.16028 -999.0 -999.0 -999.0 -999.0 -999.0 179.2520830347796 57.858209869672315 179.25928551911693 57.70331957421004 61.34064463286164 23.30643687390352 -999.0 6231.0 -999.0 -1 -999 {-999.0 -999.0 -999.0 -999.0 -999.0} "" -999.0 -999.0 -999.0 -999.0 -999 -999 "" "" "" "" 0 0 0.0 0.0 -999 ""
FIBERMAP 423 R-11C2 APOGEE 0 0 0 1 0 0 -149.2323804929767 -234.020965548479 143.1 -149.19028203843962 -233.9549482340978 317.63226 46.006546 -999.0 -999.0 -999.0 -999.0 -999.0 178.41213650162712 56.05009970402299 178.4225894601974 55.895791424219375 63.035197548100065 24.974846572246577 -999.0 16600.0 -999.0 2 -999 {-999.0 -999.0 -999.0 -999.0 -999.0} "" -999.0 -999.0 -999.0 -999.0 -999 -999 "" "" "" "" 0 0 0.0 0.0 -999 ""
FIBERMAP 423 R-11C2 BOSS 1 1 0 1 0 0 -150.07571369087563 -234.0237023247117 143.1 -150.03337733204344 -233.9576842382859 317.63226 46.006546 178.40553980442124 56.05016255303661 -0.9821506 -12.939958 0.08553314 178.40546961900645 56.05013441397283 178.41583328593242 55.895746561497496 63.037630680194184 24.968442340197896 5400.0 5400.0 2016.0 1 428 {-999.0 18.096447 17.81634 17.716118 17.69599} sdss_psfmag_from_gaia 18.0514 17.8196 17.3831 16.735 63050394824149690 967784635 "" ops_std_boss_gdr2 ops_std standard_boss 0 0 0.0 0.0 -999 ""
FIBERMAP 423 R-11C2 METROLOGY 0 0 0 1 0 0 -149.65457309165728 -233.40581077922894 143.1 -149.61235553658813 -233.33996700000813 317.63226 46.006546 -999.0 -999.0 -999.0 -999.0 -999.0 178.4087007715642 56.05288830859821 178.41908499491808 55.89852217796045 63.03432789437204 24.967679639957908 -999.0 6231.0 -999.0 -1 -999 {-999.0 -999.0 -999.0 -999.0 -999.0} "" -999.0 -999.0 -999.0 -999.0 -999 -999 "" "" "" "" 0 0 0.0 0.0 -999 ""
FIBERMAP 425 R-10C2 APOGEE 0 0 0 1 0 0 -150.10801588860573 -173.70967858775052 143.1 -150.06567041732356 -173.6606750874209 138.32608 33.437424 -999.0 -999.0 -999.0 -999.0 -999.0 178.3931073920004 56.32040919039011 178.40373085243766 56.166040268079364 62.832129701585295 24.582267312357658 -999.0 16600.0 -999.0 2 -999 {-999.0 -999.0 -999.0 -999.0 -999.0} "" -999.0 -999.0 -999.0 -999.0 -999 -999 "" "" "" "" 0 0 0.0 0.0 -999 ""
FIBERMAP 425 R-10C2 BOSS 1 1 0 1 0 0 -149.38954471066046 -173.80484375252394 143.1 -149.34740192009758 -173.75581340610137 138.32608 33.437424 178.39902253864963 56.32007336784861 1.3501129 3.7886055 1.6665545 178.39904492924228 56.320074767463396 178.40952474234803 56.165623578863475 62.83042689136405 24.588336950293353 5400.0 5400.0 2016.0 1 427 {-999.0 18.206768 17.440247 16.982935 -999.0} sdss_psfmag_ps1 17.614025 19.417353 16.194273 14.074 63050394824150060 1092110912 dark_flexible_2x1 mwm_cb_galex_mag_boss mwm_cb science 0 0 0.0 0.0 -999 ""
FIBERMAP 425 R-10C2 METROLOGY 0 0 0 1 0 0 -149.8281948010154 -174.40131587669 143.1 -149.78592826726205 -174.3521172654812 138.32608 33.437424 -999.0 -999.0 -999.0 -999.0 -999.0 178.39556770412952 56.31734879076852 178.4060949168819 56.16292181888224 62.83372867184163 24.58880148073257 -999.0 6231.0 -999.0 -1 -999 {-999.0 -999.0 -999.0 -999.0 -999.0} "" -999.0 -999.0 -999.0 -999.0 -999 -999 "" "" "" "" 0 0 0.0 0.0 -999 ""
FIBERMAP 428 R+3C23 APOGEE 0 0 0 1 0 0 222.59730423982023 42.81234390841868 143.1 222.53450954029418 42.80026654620212 280.57584 59.07574 -999.0 -999.0 -999.0 -999.0 -999.0 181.48692492377256 57.29412611233645 181.48424018677133 57.139344823904814 60.988889994641674 25.953368955642702 -999.0 16600.0 -999.0 2 -999 {-999.0 -999.0 -999.0 -999.0 -999.0} "" -999.0 -999.0 -999.0 -999.0 -999 -999 "" "" "" "" 0 0 0.0 0.0 -999 ""
FIBERMAP 428 R+3C23 BOSS 1 1 0 1 0 0 221.92001077152221 43.06666308808514 143.1 221.85740713648357 43.054513982428 280.57584 59.07574 181.4819116503011 57.29536850741659 -13.696496 -11.032483 0.2990986 181.4815715541387 57.29545624094679 181.47876868363312 57.140591311914996 60.98998723694432 25.947127108241148 5400.0 5400.0 2016.0 1 186 {-999.0 17.351654 17.019733 16.908892 -999.0} sdss_psfmag 17.301727 17.029602 16.602287 15.691 63050394851417722 975914108 "" ops_std_boss ops_std standard_boss 0 0 0.0 0.0 -999 ""
FIBERMAP 428 R+3C23 METROLOGY 0 0 0 1 0 0 222.48189048035462 43.54946102573303 143.1 222.41912833905013 43.537175722777675 280.57584 59.07574 -999.0 -999.0 -999.0 -999.0 -999.0 181.48627972834265 57.29754405342863 181.48349582021933 57.14270228544918 60.986696545988536 25.94806210785157 -999.0 6231.0 -999.0 -1 -999 {-999.0 -999.0 -999.0 -999.0 -999.0} "" -999.0 -999.0 -999.0 -999.0 -999 -999 "" "" "" "" 0 0 0.0 0.0 -999 ""
FIBERMAP 432 R+11C15 APOGEE 0 0 0 1 0 0 133.1925359402225 218.3184289152547 143.1 133.1549623258338 218.25684128645773 159.15271 116.43574 -999.0 -999.0 -999.0 -999.0 -999.0 180.7599523558548 58.09675019707671 180.760443987195 57.94178091561999 60.647612840608204 24.26414494663902 -999.0 16600.0 -999.0 2 -999 {-999.0 -999.0 -999.0 -999.0 -999.0} "" -999.0 -999.0 -999.0 -999.0 -999 -999 "" "" "" "" 0 0 0.0 0.0 -999 ""
FIBERMAP 432 R+11C15 BOSS 1 1 0 1 0 0 133.10391706817518 219.03633910996052 143.1 133.06636845317024 218.97454895869762 159.15271 116.43574 180.76035290710018 58.10044026225313 -173.48071 -117.8339 12.43798 180.75941725312097 58.10007480270063 180.7597702649433 57.94501753269371 60.645388783447316 24.25929286980579 5400.0 5400.0 2016.0 1 178 {-999.0 25.15768 22.647062 19.672653 -999.0} sdss_psfmag 21.486172 20.143822 18.638475 15.133 63050394851420801 1132421518 dark_2x1 mwm_snc_100pc_boss mwm_snc science 0 0 0.0 0.0 -999 ""
FIBERMAP 432 R+11C15 METROLOGY 0 0 0 1 0 0 133.79639634452693 218.75662361242152 143.1 133.75865238111814 218.69491236890048 159.15271 116.43574 -999.0 -999.0 -999.0 -999.0 -999.0 180.76525252517678 58.09872139257377 180.76561895422196 57.943689046906314 60.644376240464545 24.265863541841156 -999.0 6231.0 -999.0 -1 -999 {-999.0 -999.0 -999.0 -999.0 -999.0} "" -999.0 -999.0 -999.0 -999.0 -999 -999 "" "" "" "" 0 0 0.0 0.0 -999 ""
FIBERMAP 436 R+4C3 APOGEE 0 0 0 1 0 0 -195.1343937101591 96.9273226783676 143.1 -195.07934629769346 96.89997948064004 127.98961 47.547905 -999.0 -999.0 -999.0 -999.0 -999.0 177.97085474145808 57.54241298355317 177.98377743909066 57.3878168050112 62.0085356519677 22.570407541140924 -999.0 16600.0 -999.0 2 149 {-999.0 -999.0 -999.0 -999.0 -999.0} "" -999.0 -999.0 -999.0 -999.0 -999 -999 "" ops_sky_apogee_best_unassigned ops_sky sky_apogee 0 0 0.0 0.0 -999 ""
FIBERMAP 436 R+4C3 BOSS 1 1 0 1 0 0 -194.4005396357228 96.8676208044896 143.1 -194.34569924349157 96.84029444866066 127.98961 47.547905 177.97706869410212 57.542379054592715 -6.704218 -12.54187 0.41026697 177.97706180784652 57.54234142876381 177.98983623542392 57.387657373031296 62.006707638688965 22.57618241181956 5400.0 5400.0 2016.0 1 29 {-999.0 17.13553 16.847519 16.691141 -999.0} sdss_psfmag 17.147554 16.857183 16.398237 15.505 63050394824212367 976596088 "" ops_std_boss ops_std standard_boss 0 0 0.0 0.0 -999 ""
FIBERMAP 436 R+4C3 METROLOGY 0 0 0 1 0 0 -194.82290216696984 96.25541184175533 143.1 -194.76794262626854 96.22825819007478 127.98961 47.547905 -999.0 -999.0 -999.0 -999.0 -999.0 177.97360867270112 57.53948947293714 177.98643143862978 57.38483126500734 62.01006987206554 22.57665808397138 -999.0 6231.0 -999.0 -1 -999 {-999.0 -999.0 -999.0 -999.0 -999.0} "" -999.0 -999.0 -999.0 -999.0 -999 -999 "" "" "" "" 0 0 0.0 0.0 -999 ""
FIBERMAP 440 R+8C4 APOGEE 0 0 0 1 0 0 -151.2385784831889 146.29491057684652 143.1 -151.19591408019878 146.2536407825728 249.45969 67.71186 -999.0 -999.0 -999.0 -999.0 -999.0 178.3332660309591 57.77072359679333 178.3446632030052 57.61602115711889 61.709609946149754 22.608030761017176 -999.0 16600.0 -999.0 2 -999 {-999.0 -999.0 -999.0 -999.0 -999.0} "" -999.0 -999.0 -999.0 -999.0 -999 -999 "" "" "" "" 0 0 0.0 0.0 -999 ""
FIBERMAP 440 R+8C4 BOSS 1 1 0 1 0 0 -151.80558566726242 146.82276673047124 143.1 -151.7627613115457 146.78134802797658 249.45969 67.71186 178.32845832419187 57.77318472477342 -5.840566 -5.0259657 0.15948343 178.32846602494868 57.77316462085471 178.33976174225313 57.61837457900881 61.709317550084904 22.600617561839442 5400.0 5400.0 2016.0 1 57 {-999.0 17.580896 17.399033 17.267448 -999.0} sdss_psfmag 17.59686 17.351269 16.960691 15.974 63050394824212650 976596089 "" ops_std_boss ops_std standard_boss 0 0 0.0 0.0 -999 ""
FIBERMAP 440 R+8C4 METROLOGY 0 0 0 1 0 0 -151.0859234960528 147.0252245062045 143.1 -151.04330215703456 146.9837486903713 249.45969 67.71186 -999.0 -999.0 -999.0 -999.0 -999.0 178.3345082587493 57.774124777035176 178.3458123254146 57.61935853469858 61.70657750268229 22.604816326132152 -999.0 6231.0 -999.0 -1 -999 {-999.0 -999.0 -999.0 -999.0 -999.0} "" -999.0 -999.0 -999.0 -999.0 -999 -999 "" "" "" "" 0 0 0.0 0.0 -999 ""
FIBERMAP 448 R+7C8 APOGEE 0 0 0 1 0 0 -52.89475195429176 146.7128207872894 143.1 -52.87983034476546 146.6714331005453 60.77148 129.09064 -999.0 -999.0 -999.0 -999.0 -999.0 179.16866481090509 57.77971230849509 179.17631805352755 57.624911085753446 61.42963623995459 23.335800988178846 -999.0 16600.0 -999.0 2 27 {-999.0 -999.0 -999.0 -999.0 -999.0} "" -999.0 -999.0 -999.0 -999.0 -999 -999 "" ops_sky_apogee_best_unassigned ops_sky sky_apogee 0 0 0.0 0.0 -999 ""
FIBERMAP 448 R+7C8 BOSS 1 1 0 1 0 0 -52.163123822106456 146.82040034981355 143.1 -52.148408604876245 146.77898231487487 60.77148 129.09064 179.17502225098096 57.78039599064436 -0.75441784 -8.931765 0.24469823 179.17498583552884 57.78036759731423 179.18248159256927 57.62547852400979 61.42713877938676 23.34046551820711 5400.0 5400.0 2016.0 1 104 {-999.0 17.180996 16.814314 16.672148 16.620707} sdss_psfmag_from_gaia 17.1236 16.8258 16.3436 15.443 63050394824209440 969183444 "" ops_std_boss_gdr2 ops_std standard_boss 0 0 0.0 0.0 -999 ""
FIBERMAP 448 R+7C8 METROLOGY 0 0 0 1 0 0 -52.43740609830296 146.11930141973593 143.1 -52.42261350604263 146.07808116480544 60.77148 129.09064 -999.0 -999.0 -999.0 -999.0 -999.0 179.17264982643323 57.777149434575946 179.18019198702382 57.62228603714445 61.430400891620394 23.342611915494786 -999.0 6231.0 -999.0 -1 -999 {-999.0 -999.0 -999.0 -999.0 -999.0} "" -999.0 -999.0 -999.0 -999.0 -999 -999 "" "" "" "" 0 0 0.0 0.0 -999 ""
FIBERMAP 450 R+2C17 APOGEE 0 0 0 1 0 0 100.03080852676264 45.440686454588096 143.1 100.00258983567724 45.42786763693926 28.478104 121.61041 -999.0 -999.0 -999.0 -999.0 -999.0 180.46250561024996 57.31777555154483 180.46434349079482 57.16299924955597 61.340659219770735 25.066701051635107 -999.0 16600.0 -999.0 2 61 {-999.0 -999.0 -999.0 -999.0 -999.0} "" -999.0 -999.0 -999.0 -999.0 -999 -999 "" ops_sky_apogee_best_unassigned ops_sky sky_apogee 0 0 0.0 0.0 -999 ""
FIBERMAP 450 R+2C17 BOSS 1 1 0 1 0 0 100.69006980095259 45.08636036986923 143.1 100.66166513226175 45.0736415076089 28.478104 121.61041 180.4682518597237 57.316217078364346 -999.0 -999.0 -999.0 180.4682390620737 57.31622952797097 180.46991630805405 57.16136923728614 61.33990234524495 25.07368396595541 5400.0 5400.0 2015.5 1 199 {-999.0 -999.0 -999.0 -999.0 -999.0} "" -999.0 -999.0 -999.0 -999.0 27021603105746665 807365955 "" ops_sky_boss_good ops_sky sky_boss 0 0 0.0 0.0 -999 ""
FIBERMAP 450 R+2C17 METROLOGY 0 0 0 1 0 0 100.05623639927454 44.687433856554605 143.1 100.02801053498631 44.67482753146367 28.478104 121.61041 -999.0 -999.0 -999.0 -999.0 -999.0 180.46281515797074 57.31442511641218 180.4645547128605 57.15958929052823 61.34315461234347 25.071552759672727 -999.0 6231.0 -999.0 -1 -999 {-999.0 -999.0 -999.0 -999.0 -999.0} "" -999.0 -999.0 -999.0 -999.0 -999 -999 "" "" "" "" 0 0 0.0 0.0 -999 ""
FIBERMAP 452 R+12C9 APOGEE 0 0 0 1 0 0 15.476391446967668 250.6895554583606 143.1 15.472025556940478 250.6188359347658 153.68321 64.981995 -999.0 -999.0 -999.0 -999.0 -999.0 179.7525629112751 58.24844034779772 179.75765588779382 58.09347969136323 60.87055456774902 23.229539698274777 -999.0 16600.0 -999.0 2 -999 {-999.0 -999.0 -999.0 -999.0 -999.0} "" -999.0 -999.0 -999.0 -999.0 -999 -999 "" "" "" "" 0 0 0.0 0.0 -999 ""
FIBERMAP 452 R+12C9 BOSS 1 1 0 1 0 0 16.033086142049676 251.17126331833305 143.1 16.028563208449004 251.10040790495097 153.68321 64.981995 179.75750610836297 58.250687656321055 -0.11492116 0.26550576 -0.34356862 179.7574933477194 58.250692682801116 179.7624288916885 58.09564251861147 60.86728757969799 23.230786234311665 5400.0 5400.0 2016.0 1 154 {-999.0 19.30036 19.131708 18.980389 19.109764} sdss_psfmag 19.042719 18.989407 18.52922 -999.0 63050394824213223 1059897617 dark_10x4_4yr bhm_aqmes_med bhm_aqmes science 0 0 0.0 0.0 -999 ""
FIBERMAP 452 R+12C9 METROLOGY 0 0 0 1 0 0 16.17868292155716 250.43766527349678 143.1 16.17411891510499 250.36701680812314 153.68321 64.981995 -999.0 -999.0 -999.0 -999.0 -999.0 179.7586998323633 58.24738618061419 179.76366774403914 58.09236185149565 60.86943072984514 23.236062819787037 -999.0 6231.0 -999.0 -1 -999 {-999.0 -999.0 -999.0 -999.0 -999.0} "" -999.0 -999.0 -999.0 -999.0 -999 -999 "" "" "" "" 0 0 0.0 0.0 -999 ""
FIBERMAP 455 R-2C17 APOGEE 0 0 0 1 0 0 72.58766783215165 -25.670716311893568 143.1 72.56719085105621 -25.663474602821985 208.80977 29.390907 -999.0 -999.0 -999.0 -999.0 -999.0 180.22633271426986 56.99547427245261 180.22919776418632 56.84078351526693 61.66769725174597 25.308146696492997 -999.0 16600.0 -999.0 2 238 {-999.0 -999.0 -999.0 -999.0 -999.0} "" -999.0 -999.0 -999.0 -999.0 -999 -999 "" ops_sky_apogee_best_unassigned ops_sky sky_apogee 0 0 0.0 0.0 -999 ""
FIBERMAP 455 R-2C17 BOSS 1 1 0 1 0 0 72.91118406694761 -25.008361470874693 143.1 72.89061582192232 -25.00130661210376 208.80977 29.390907 180.22930963923352 56.998573529709454 -999.0 -999.0 -999.0 180.22928755952879 56.9985464525459 180.23200750491435 56.84377181474877 61.66443495608175 25.306449238396624 5400.0 5400.0 2016.0 1 303 {-999.0 20.706161 20.937103 20.63655 20.720032} sdss_psfmag 1e+20 1e+20 1e+20 -999.0 63050397224428991 1059914870 dark_10x4_4yr bhm_aqmes_med_faint bhm_filler science 0 0 0.0 0.0 -999 ""
FIBERMAP 455 R-2C17 METROLOGY 0 0 0 1 0 0 73.33151445315866 -25.635807739068838 143.1 73.31082763293144 -25.628575877705646 208.80977 29.390907 -999.0 -999.0 -999.0 -999.0 -999.0 180.23269844990924 56.9956529023258 180.2354408782178 56.84090232899242 61.66536330470112 25.313404770750708 -999.0 6231.0 -999.0 -1 -999 {-999.0 -999.0 -999.0 -999.0 -999.0} "" -999.0 -999.0 -999.0 -999.0 -999 -999 "" "" "" "" 0 0 0.0 0.0 -999 ""
FIBERMAP 463 R+8C11 APOGEE 0 0 0 1 0 0 34.70614578844739 147.46735611243847 143.1 34.69635518472047 147.42575557127915 341.64005 104.88784 -999.0 -999.0 -999.0 -999.0 -999.0 179.91542102426007 57.783740107298556 179.91972171943007 57.62887949158713 61.17572882429937 23.974242573645256 -999.0 16600.0 -999.0 2 -999 {-999.0 -999.0 -999.0 -999.0 -999.0} "" -999.0 -999.0 -999.0 -999.0 -999 -999 "" "" "" "" 0 0 0.0 0.0 -999 ""
FIBERMAP 463 R+8C11 BOSS 1 1 0 1 0 0 34.66364572456215 146.7139918851983 143.1 34.653867110103256 146.6726038680875 341.64005 104.88784 179.91524636019975 57.78049560576264 -0.011269141 0.23003373 0.5408719 179.91519757996556 57.780473543761616 179.9193649804389 57.625527186875715 61.17843160992635 23.978375146032874 5400.0 5400.0 2016.0 1 134 {-999.0 19.932388 19.85545 19.706467 19.550083} sdss_psfmag 19.909283 19.83453 19.314964 -999.0 63050394824209238 1059900710 dark_10x4_4yr bhm_aqmes_med_faint bhm_filler science 0 0 0.0 0.0 -999 ""
FIBERMAP 463 R+8C11 METROLOGY 0 0 0 1 0 0 34.041777188997386 147.1278324099129 143.1 34.03217400365237 147.0863276483901 341.64005 104.88784 -999.0 -999.0 -999.0 -999.0 -999.0 179.90986530976951 57.78232621427693 179.91409483585414 57.62740425464329 61.17878711416906 23.97138374908866 -999.0 6231.0 -999.0 -1 -999 {-999.0 -999.0 -999.0 -999.0 -999.0} "" -999.0 -999.0 -999.0 -999.0 -999 -999 "" "" "" "" 0 0 0.0 0.0 -999 ""
FIBERMAP 466 R+5C5 APOGEE 0 0 0 1 0 0 -163.549459013775 98.36137799667844 143.1 -163.5033217113872 98.33363025194558 208.67938 78.51599 -999.0 -999.0 -999.0 -999.0 -999.0 178.2357836787577 57.5526127377973 178.24753363279012 57.39797539092235 61.91488755946334 22.798887315388527 -999.0 16600.0 -999.0 2 128 {-999.0 -999.0 -999.0 -999.0 -999.0} "" -999.0 -999.0 -999.0 -999.0 -999 -999 "" ops_sky_apogee_best_unassigned ops_sky sky_apogee 0 0 0.0 0.0 -999 ""
FIBERMAP 466 R+5C5 BOSS 1 1 0 1 0 0 -163.75915365033993 99.07622209660065 143.1 -163.71295719309518 99.0482726943472 208.67938 78.51599 178.2339543963652 57.555955116804114 -3.0525708 -1.4104409 -0.24202742 178.23395443743638 57.55594115825237 178.24559145186197 57.40121645423106 61.91293897117251 22.792954221001708 5400.0 5400.0 2016.0 1 42 {-999.0 20.30126 19.80539 19.589046 -999.0} sdss_psfmag 20.21108 19.921768 19.234083 -999.0 63050394824212335 1092182313 dark_flexible_2x1 mwm_cb_galex_mag_boss mwm_cb science 0 0 0.0 0.0 -999 ""
FIBERMAP 466 R+5C5 METROLOGY 0 0 0 1 0 0 -163.03024903928016 98.90412824331155 143.1 -162.9842582060262 98.87622738873411 208.67938 78.51599 -999.0 -999.0 -999.0 -999.0 -999.0 178.24009271450498 57.55521021438879 178.2517368134212 57.40050943504537 61.91149988269162 22.79946287232019 -999.0 6231.0 -999.0 -1 -999 {-999.0 -999.0 -999.0 -999.0 -999.0} "" -999.0 -999.0 -999.0 -999.0 -999 -999 "" "" "" "" 0 0 0.0 0.0 -999 ""
FIBERMAP 469 R+1C6 APOGEE 0 0 0 1 0 0 -152.13131020525535 18.98752920009214 143.1 -152.08839396264645 18.982172818104797 20.711449 92.50221 -999.0 -999.0 -999.0 -999.0 -999.0 178.34334238084887 57.193504517252904 178.35448425704408 57.03893720809333 62.164459700782885 23.363089170871774 -999.0 16600.0 -999.0 2 -999 {-999.0 -999.0 -999.0 -999.0 -999.0} "" -999.0 -999.0 -999.0 -999.0 -999 -999 "" "" "" "" 0 0 0.0 0.0 -999 ""
FIBERMAP 469 R+1C6 BOSS 1 1 0 1 0 0 -151.81765259807412 18.304125737722163 143.1 -151.7748248382762 18.298962143851554 20.711449 92.50221 178.3460768570581 57.19049284927374 -999.0 -999.0 -999.0 178.3460821938165 57.19051770476353 178.35708947392493 57.0358655162746 62.16601787188718 23.369520144102125 5400.0 5400.0 2016.0 1 20 {-999.0 22.498026 20.819393 20.186216 19.764088} sdss_fiber2mag_from_lsdr10 1e+20 1e+20 1e+20 -999.0 63050399365513560 1163889757 dark_flexible_3x1 bhm_colr_galaxies_lsdr10_d3 bhm_filler science 0 0 0.0 0.0 -999 ""
FIBERMAP 469 R+1C6 METROLOGY 0 0 0 1 0 0 -152.55825907600124 18.375665945532255 143.1 -152.5152223911159 18.370482170169023 20.711449 92.50221 -999.0 -999.0 -999.0 -999.0 -999.0 178.33987358845974 57.19075251811328 178.35094263663882 57.03612525689954 62.16786263227806 23.36351910413964 -999.0 6231.0 -999.0 -1 -999 {-999.0 -999.0 -999.0 -999.0 -999.0} "" -999.0 -999.0 -999.0 -999.0 -999 -999 "" "" "" "" 0 0 0.0 0.0 -999 ""
FIBERMAP 481 R+7C10 APOGEE 0 0 0 1 0 0 -3.6371003958982984 142.1717385494572 143.1 -3.636074369876616 142.1316319020124 12.547451 140.43611 -999.0 -999.0 -999.0 -999.0 -999.0 179.58853083437108 57.760154721459145 179.59429613762234 57.60532203288599 61.304577013379216 23.725441304780873 -999.0 16600.0 -999.0 2 30 {-999.0 -999.0 -999.0 -999.0 -999.0} "" -999.0 -999.0 -999.0 -999.0 -999 -999 "" ops_sky_apogee_best_unassigned ops_sky sky_apogee 0 0 0.0 0.0 -999 ""
FIBERMAP 481 R+7C10 BOSS 1 1 0 1 0 0 -2.9613614420698777 141.8668352385729 143.1 -2.96052604200707 141.8268146043521 12.547451 140.43611 179.5944931163805 57.75888680563233 -1.3384889 0.9625908 0.46387896 179.59442086370439 57.758919484589114 179.60002771681832 57.60399995727496 61.30366258971016 23.732138581050776 5400.0 5400.0 2016.0 1 127 {-999.0 16.516459 16.150753 16.033823 -999.0} sdss_psfmag 16.466545 16.168293 15.705254 14.829 63050394824209271 976596062 "" ops_std_boss ops_std standard_boss 0 0 0.0 0.0 -999 ""
FIBERMAP 481 R+7C10 METROLOGY 0 0 0 1 0 0 -3.554327719507169 141.4179251483681 143.1 -3.5533250436574964 141.37803115168376 12.547451 140.43611 -999.0 -999.0 -999.0 -999.0 -999.0 179.58933164649739 57.75684923456764 179.59499839710804 57.601955153707834 61.30694985927964 23.73047752308503 -999.0 6231.0 -999.0 -1 -999 {-999.0 -999.0 -999.0 -999.0 -999.0} "" -999.0 -999.0 -999.0 -999.0 -999 -999 "" "" "" "" 0 0 0.0 0.0 -999 ""
FIBERMAP 483 R+13C1 APOGEE 0 0 0 1 0 0 -126.1320888811515 251.13695642945345 143.1 -126.09650701887814 251.0661106940447 46.040707 58.54158 -999.0 -999.0 -999.0 -999.0 -999.0 178.53662587781653 58.24388609099217 178.54727250387805 58.08904459454704 61.26704845732638 22.191588558965634 -999.0 16600.0 -999.0 2 135 {-999.0 -999.0 -999.0 -999.0 -999.0} "" -999.0 -999.0 -999.0 -999.0 -999 -999 "" ops_sky_apogee_best_unassigned ops_sky sky_apogee 0 0 0.0 0.0 -999 ""
FIBERMAP 483 R+13C1 BOSS 1 1 0 1 0 0 -125.98661657704321 250.40577706583073 143.1 -125.95107575250682 250.33513759612046 46.040707 58.54158 178.5380610582401 58.24075486015415 -3.4667513 -6.852551 0.29304147 178.53805832709583 58.24072802887132 178.54857004586643 58.08579760210977 61.26923175229276 22.196787796949252 5400.0 5400.0 2016.0 1 7 {-999.0 18.005901 17.62204 17.43695 -999.0} sdss_psfmag 17.922108 17.605532 17.141144 16.309 63050394824214061 979405327 "" ops_std_boss ops_std standard_boss 0 0 0.0 0.0 -999 ""
FIBERMAP 483 R+13C1 METROLOGY 0 0 0 1 0 0 -126.6906509461994 250.62382748217658 143.1 -126.65491151356748 250.55312650044388 46.040707 58.54158 -999.0 -999.0 -999.0 -999.0 -999.0 178.53198725250778 58.24159845013781 178.54256307413084 58.08669393901827 61.27042325960311 22.190386572582895 -999.0 6231.0 -999.0 -1 -999 {-999.0 -999.0 -999.0 -999.0 -999.0} "" -999.0 -999.0 -999.0 -999.0 -999 -999 "" "" "" "" 0 0 0.0 0.0 -999 ""
FIBERMAP 488 R+13C8 APOGEE 0 0 0 1 0 0 -4.157415447880227 257.02830288175943 143.1 -4.156242640982381 256.9557951975165 181.16464 95.28893 -999.0 -999.0 -999.0 -999.0 -999.0 179.58367407054794 58.27679920795126 179.5895437012922 58.1218440030336 60.90397612374041 23.05063783953932 -999.0 16600.0 -999.0 2 37 {-999.0 -999.0 -999.0 -999.0 -999.0} "" -999.0 -999.0 -999.0 -999.0 -999 -999 "" ops_sky_apogee_best_unassigned ops_sky sky_apogee 0 0 0.0 0.0 -999 ""
FIBERMAP 488 R+13C8 BOSS 1 1 0 1 0 0 -4.247866653331757 257.76001929610317 143.1 -4.246668330148852 257.68730519465976 181.16464 95.28893 179.5830242367113 58.280175135328996 1.7598518 -5.456331 0.24594036 179.5830277240198 58.28016531349327 179.5887666556905 58.12512046201518 60.901670052664755 23.045777822731452 5400.0 5400.0 2016.0 1 166 {-999.0 17.869638 17.508158 17.368631 17.31927} sdss_psfmag_from_gaia 17.8195 17.5193 17.0462 16.173 63050394824213421 969183486 "" ops_std_boss_gdr2 ops_std standard_boss 0 0 0.0 0.0 -999 ""
FIBERMAP 488 R+13C8 METROLOGY 0 0 0 1 0 0 -3.5521430654147323 257.4767790152176 143.1 -3.551141005855979 257.4041448158574 181.16464 95.28893 -999.0 -999.0 -999.0 -999.0 -999.0 179.58897742660645 58.27887564114566 179.59472692940346 58.12385584244549 60.900696571092574 23.052459338257677 -999.0 6231.0 -999.0 -1 -999 {-999.0 -999.0 -999.0 -999.0 -999.0} "" -999.0 -999.0 -999.0 -999.0 -999 -999 "" "" "" "" 0 0 0.0 0.0 -999 ""
FIBERMAP 489 R-5C2 APOGEE 0 0 0 1 0 0 -229.04335396260998 -107.97810860896551 143.1 -228.97874083245713 -107.94764798452692 260.47543 62.260433 -999.0 -999.0 -999.0 -999.0 -999.0 177.73583523395973 56.61064387523753 177.7493760524817 56.45630422883088 62.82845654285464 23.56450867928902 -999.0 16600.0 -999.0 2 -999 {-999.0 -999.0 -999.0 -999.0 -999.0} "" -999.0 -999.0 -999.0 -999.0 -999 -999 "" "" "" "" 0 0 0.0 0.0 -999 ""
FIBERMAP 489 R-5C2 BOSS 1 1 0 1 0 0 -229.6320403128226 -107.53742570837821 143.1 -229.56726111425036 -107.50708940058588 260.47543 62.260433 177.73099590404502 56.61268085539008 -999.0 -999.0 -999.0 177.73101687525 56.61264839723147 177.7444638228818 56.45822583920591 62.82858244004299 23.55723125768486 5400.0 5400.0 2016.0 1 487 {-999.0 20.662891 20.566977 20.538115 20.24719} sdss_psfmag 1e+20 21.143019 1e+20 -999.0 63050394824205226 1059900622 dark_10x4_4yr bhm_aqmes_med_faint bhm_filler science 0 0 0.0 0.0 -999 ""
FIBERMAP 489 R-5C2 METROLOGY 0 0 0 1 0 0 -228.95023090164122 -107.23784509100207 143.1 -228.88564404150387 -107.20759329490191 260.47543 62.260433 -999.0 -999.0 -999.0 -999.0 -999.0 177.73645163160853 56.61404632900184 177.74990858635988 56.4596461393403 62.825625162585595 23.560568245881655 -999.0 6231.0 -999.0 -1 -999 {-999.0 -999.0 -999.0 -999.0 -999.0} "" -999.0 -999.0 -999.0 -999.0 -999 -999 "" "" "" "" 0 0 0.0 0.0 -999 ""
FIBERMAP 493 R+8C15 APOGEE 1 1 0 1 0 0 99.95005823478219 156.77025795941762 143.1 99.92186232335416 156.7260330696473 164.29788 125.9736 180.47175197741348 57.82283537656543 -21.690796 -27.416948 2.40037 180.47162517415137 57.82274677220613 180.47342666764825 57.667850536451866 60.95516957252133 24.391041556748974 16000.0 16600.0 2016.0 2 78 {-999.0 12.777429 12.385156 12.2828045 -999.0} sdss_psfmag_from_g3xp 12.711621 12.412105 11.954048 11.216 63050394851419111 1055596928 bright_flexible_3x1 bhm_csc_apogee bhm_csc science 0 0 0.0 0.0 -999 ""
FIBERMAP 493 R+8C15 BOSS 0 0 0 1 0 0 99.69549941729167 157.4698330362291 143.1 99.66737531690606 157.42541079632957 164.29788 125.9736 -999.0 -999.0 -999.0 -999.0 -999.0 180.4697079206412 57.826056146265984 180.47138035699174 57.67107290269853 60.953429179355126 24.38501808905005 -999.0 5400.0 -999.0 1 230 {-999.0 -999.0 -999.0 -999.0 -999.0} "" -999.0 -999.0 -999.0 -999.0 -999 -999 "" "" "" "" 0 0 0.0 0.0 -999 ""
FIBERMAP 493 R+8C15 METROLOGY 0 0 0 1 0 0 100.43005158493753 157.34426876779614 143.1 100.40172026738543 157.29988194957676 164.29788 125.9736 -999.0 -999.0 -999.0 -999.0 -999.0 180.47589741025655 57.82540371118706 180.4775809762873 57.670444869702294 60.95175391245651 24.39105226908714 -999.0 6231.0 -999.0 -1 -999 {-999.0 -999.0 -999.0 -999.0 -999.0} "" -999.0 -999.0 -999.0 -999.0 -999 -999 "" "" "" "" 0 0 0.0 0.0 -999 ""
FIBERMAP 495 R+5C10 APOGEE 0 0 0 1 0 0 -18.45708084357526 94.90790910083925 143.1 -18.451874101069286 94.88113557968191 11.354645 98.544395 -999.0 -999.0 -999.0 -999.0 -999.0 179.46302607588058 57.54560652433101 179.46931629769324 57.390834598951606 61.51325781164361 23.89985966198259 -999.0 16600.0 -999.0 2 7 {-999.0 -999.0 -999.0 -999.0 -999.0} "" -999.0 -999.0 -999.0 -999.0 -999 -999 "" ops_sky_apogee_best_unassigned ops_sky sky_apogee 0 0 0.0 0.0 -999 ""
FIBERMAP 495 R+5C10 BOSS 1 1 0 1 0 0 -18.211790835752623 94.19674390530045 143.1 -18.20665328955786 94.17017100384477 11.354645 98.544395 179.46524227420542 57.54245622153939 -999.0 -999.0 -999.0 179.46523211903005 57.542510636899024 179.47138194881109 57.38765339002226 61.515018813177605 23.905884965746793 5400.0 5400.0 2016.0 1 129 {-999.0 21.589733 20.212135 19.651138 19.269873} sdss_fiber2mag_from_lsdr10 1e+20 1e+20 1e+20 -999.0 63050394824208240 1062319608 dark_flexible_2x2 bhm_colr_galaxies_lsdr10 bhm_filler science 0 0 0.0 0.0 -999 ""
FIBERMAP 495 R+5C10 METROLOGY 0 0 0 1 0 0 -18.94413926573326 94.34213342299424 143.1 -18.938795124046397 94.31551950715561 11.354645 98.544395 -999.0 -999.0 -999.0 -999.0 -999.0 179.4589849817255 57.543128972782114 179.46519959310046 57.38829642245775 61.51662698811433 23.899619320756074 -999.0 6231.0 -999.0 -1 -999 {-999.0 -999.0 -999.0 -999.0 -999.0} "" -999.0 -999.0 -999.0 -999.0 -999 -999 "" "" "" "" 0 0 0.0 0.0 -999 ""
FIBERMAP 501 R+6C19 APOGEE 0 0 0 1 0 0 157.77700069165917 110.8159739935548 143.1 157.73249179976406 110.78471280729123 268.97748 21.900698 -999.0 -999.0 -999.0 -999.0 -999.0 180.95647627134025 57.609823314268745 180.95611063670412 57.45496657728522 60.946017058981795 25.081099799854258 -999.0 16600.0 -999.0 2 34 {-999.0 -999.0 -999.0 -999.0 -999.0} "" -999.0 -999.0 -999.0 -999.0 -999 -999 "" ops_sky_apogee_best_unassigned ops_sky sky_apogee 0 0 0.0 0.0 -999 ""
FIBERMAP 501 R+6C19 BOSS 1 1 0 1 0 0 157.52475300113207 111.51210834117462 143.1 157.48031526831045 111.48065077541159 268.97748 21.900698 180.95462480522087 57.6131258633364 0.15192924 -0.070066325 -0.7747441 180.95466508650827 57.613115098067475 180.9541675297371 57.458172594314156 60.94430823494913 25.075113818693296 5400.0 5400.0 2016.0 1 195 {-999.0 20.58841 20.330612 20.098207 19.909212} sdss_psfmag_from_gaiadr2 20.667807 20.368 19.83839 -999.0 63050394851418668 1056005639 dark_flexible_2x2 bhm_gua_dark bhm_filler science 0 0 0.0 0.0 -999 ""
FIBERMAP 501 R+6C19 METROLOGY 0 0 0 1 0 0 158.26312492573174 111.38140145027316 143.1 158.2184788981902 111.34998075692404 268.97748 21.900698 -999.0 -999.0 -999.0 -999.0 -999.0 180.96081488544797 57.6124163432603 180.96032948823574 57.457498032363766 60.9426172920365 25.081145881301325 -999.0 6231.0 -999.0 -1 -999 {-999.0 -999.0 -999.0 -999.0 -999.0} "" -999.0 -999.0 -999.0 -999.0 -999 -999 "" "" "" "" 0 0 0.0 0.0 -999 ""
FIBERMAP 506 R+6C10 APOGEE 0 0 0 1 0 0 -20.2964720696526 103.75915397896128 143.1 -20.290746434881754 103.72988352162382 276.67993 120.09842 -999.0 -999.0 -999.0 -999.0 -999.0 179.4472594615556 57.58578926773011 179.45362707733727 57.43100912602473 61.48745095525628 23.832945809310047 -999.0 16600.0 -999.0 2 -999 {-999.0 -999.0 -999.0 -999.0 -999.0} "" -999.0 -999.0 -999.0 -999.0 -999 -999 "" "" "" "" 0 0 0.0 0.0 -999 ""
FIBERMAP 506 R+6C10 BOSS 1 1 0 1 0 0 -20.88485772643132 103.28369999711403 143.1 -20.878966108066695 103.25456366534485 276.67993 120.09842 179.44237604734408 57.583753603446866 -0.00040400817 -0.098145984 0.35452935 179.44238614510382 57.58375709526309 179.44864504293525 57.42889177474733 61.490786030819706 23.831387224410776 5400.0 5400.0 2016.0 1 128 {-999.0 18.871908 18.83494 18.685062 18.466393} sdss_psfmag 18.733374 18.610893 18.187197 -999.0 63050394824209063 1059897602 dark_10x4_4yr bhm_aqmes_med bhm_aqmes science 0 0 0.0 0.0 -999 ""
FIBERMAP 506 R+6C10 METROLOGY 0 0 0 1 0 0 -20.993870794030144 104.02428979274052 143.1 -20.98794842307915 103.99494454059 276.67993 120.09842 -999.0 -999.0 -999.0 -999.0 -999.0 179.44141294041478 57.587085358087 179.44771363192638 57.43224370921225 61.488502275690536 23.826140692753427 -999.0 6231.0 -999.0 -1 -999 {-999.0 -999.0 -999.0 -999.0 -999.0} "" -999.0 -999.0 -999.0 -999.0 -999 -999 "" "" "" "" 0 0 0.0 0.0 -999 ""
FIBERMAP 507 R+1C26 APOGEE 0 0 0 1 0 0 261.6726365660186 15.681790670749248 143.1 261.59881871524334 15.67736683760103 229.6091 71.82261 -999.0 -999.0 -999.0 -999.0 -999.0 181.80309447533415 57.165925105482806 181.79904040827262 57.01118089082423 60.96582262379184 26.39144470785743 -999.0 16600.0 -999.0 2 42 {-999.0 -999.0 -999.0 -999.0 -999.0} "" -999.0 -999.0 -999.0 -999.0 -999 -999 "" ops_sky_apogee_best_unassigned ops_sky sky_apogee 0 0 0.0 0.0 -999 ""
FIBERMAP 507 R+1C26 BOSS 1 1 0 1 0 0 261.3190523840665 16.31654312887864 143.1 261.24533427938894 16.311940232061982 229.6091 71.82261 181.80047648825547 57.16893445709889 -0.33514795 0.896204 -0.9841933 181.80051982231402 57.16892924304363 181.79633348767345 57.014101782980234 60.96471023369479 26.385105375433284 5400.0 5400.0 2016.0 1 175 {-999.0 20.499197 20.29422 20.280983 19.981092} sdss_psfmag 20.301012 20.1421 19.701038 -999.0 63050394851417441 1059903074 dark_10x4_4yr bhm_aqmes_med_faint bhm_filler science 0 0 0.0 0.0 -999 ""
FIBERMAP 507 R+1C26 METROLOGY 0 0 0 1 0 0 262.06105240582866 16.334465079196644 143.1 261.987124982945 16.329857126597805 229.6091 71.82261 -999.0 -999.0 -999.0 -999.0 -999.0 181.80656853014844 57.16887823179104 181.80239609866214 57.014074331799975 60.96246446159206 26.39008934227769 -999.0 6231.0 -999.0 -1 -999 {-999.0 -999.0 -999.0 -999.0 -999.0} "" -999.0 -999.0 -999.0 -999.0 -999 -999 "" "" "" "" 0 0 0.0 0.0 -999 ""
FIBERMAP 514 R+11C3 APOGEE 1 1 0 1 0 0 -138.88888810932735 225.4202008675327 143.1 -138.84970755399172 225.356609828868 189.32373 57.91326 178.42975769126053 58.127705864077925 -999.0 -999.0 -999.0 178.42980599880482 58.127740377208816 178.44089814017718 57.97294025913827 61.393708285169154 22.24305021548747 16000.0 16600.0 2015.5 2 133 {-999.0 -999.0 -999.0 -999.0 -999.0} "" -999.0 -999.0 -999.0 -999.0 27021603092670503 838968620 "" ops_sky_apogee_best ops_sky sky_apogee 0 0 0.0 0.0 -999 ""
FIBERMAP 514 R+11C3 BOSS 0 0 0 1 0 0 -138.63520168528808 226.11608306425072 143.1 -138.59609269489266 226.0522957172183 189.32373 57.91326 -999.0 -999.0 -999.0 -999.0 -999.0 178.43202481884646 58.13097619666544 178.44298193651616 57.976085904649004 61.390529016245324 22.240952935809446 -999.0 5400.0 -999.0 1 5 {-999.0 -999.0 -999.0 -999.0 -999.0} "" -999.0 -999.0 -999.0 -999.0 -999 -999 "" "" "" "" 0 0 0.0 0.0 -999 ""
FIBERMAP 514 R+11C3 METROLOGY 0 0 0 1 0 0 -138.1519504225919 225.5498961036942 143.1 -138.1129777573777 225.48626847800338 189.32373 57.91326 -999.0 -999.0 -999.0 -999.0 -999.0 178.43616299934044 58.12847033929041 178.44713613907152 57.9736053664052 61.39119055750892 22.24774217225621 -999.0 6231.0 -999.0 -1 -999 {-999.0 -999.0 -999.0 -999.0 -999.0} "" -999.0 -999.0 -999.0 -999.0 -999 -999 "" "" "" "" 0 0 0.0 0.0 -999 ""
FIBERMAP 515 R+3C19 APOGEE 0 0 0 1 0 0 136.85327810364564 66.61391470435738 143.1 136.81467179389261 66.59512291901929 126.56407 125.10406 -999.0 -999.0 -999.0 -999.0 -999.0 180.77452337141887 57.41136184978793 180.7749790439742 57.256554927635385 61.15938675647379 25.2013425229556 -999.0 16600.0 -999.0 2 -999 {-999.0 -999.0 -999.0 -999.0 -999.0} "" -999.0 -999.0 -999.0 -999.0 -999 -999 "" "" "" "" 0 0 0.0 0.0 -999 ""
FIBERMAP 515 R+3C19 BOSS 1 1 0 1 0 0 137.06504783748034 67.31834066950508 143.1 137.02638178748538 67.2993501656022 126.56407 125.10406 180.77549551352072 57.41470993936891 67.89605 -24.147543 10.02634 180.77662824020558 57.414651358360196 180.77693674388036 57.25975929459102 61.156284071487136 25.19859050712597 5400.0 5400.0 2016.0 1 217 {-999.0 17.293123 15.843004 14.604447 -999.0} sdss_psfmag 16.70028 15.302913 14.143452 12.019 63050394851418247 1132491195 bright_2x1 mwm_snc_100pc_boss mwm_snc science 0 0 1.5469461679458618 0.0 -999 ""
FIBERMAP 515 R+3C19 METROLOGY 0 0 0 1 0 0 137.580321050561 66.78145733729714 143.1 137.54150964199263 66.7626182881823 126.56407 125.10406 -999.0 -999.0 -999.0 -999.0 -999.0 180.78083409169477 57.412141278967596 180.781163067099 57.25727363233981 61.15663375670664 25.205552789948968 -999.0 6231.0 -999.0 -1 -999 {-999.0 -999.0 -999.0 -999.0 -999.0} "" -999.0 -999.0 -999.0 -999.0 -999 -999 "" "" "" "" 0 0 0.0 0.0 -999 ""
FIBERMAP 533 R+1C3 APOGEE 0 0 0 1 0 0 -223.86253953087353 13.986191070442045 143.1 -223.79938790847189 13.982245565941074 332.83127 121.2035 -999.0 -999.0 -999.0 -999.0 -999.0 177.74812260470725 57.163105040103154 177.76185946748046 57.00863355438289 62.38413414347315 22.851239931555256 -999.0 16600.0 -999.0 2 104 {-999.0 -999.0 -999.0 -999.0 -999.0} "" -999.0 -999.0 -999.0 -999.0 -999 -999 "" ops_sky_apogee_best_unassigned ops_sky sky_apogee 0 0 0.0 0.0 -999 ""
FIBERMAP 533 R+1C3 BOSS 1 1 0 1 0 0 -223.7907804227297 13.25214090557219 143.1 -223.72764904357246 13.24840247662273 332.83127 121.2035 177.74890916303053 57.159969546798656 -999.0 -999.0 -999.0 177.74892666665602 57.15987516766424 177.76254085093706 57.005318812079146 62.386564053681425 22.856169334985907 5400.0 5400.0 2015.5 1 61 {-999.0 -999.0 -999.0 -999.0 -999.0} "" -999.0 -999.0 -999.0 -999.0 27021603092663872 805496459 "" ops_sky_boss_good ops_sky sky_boss 0 0 0.0 0.0 -999 ""
FIBERMAP 533 R+1C3 METROLOGY 0 0 0 1 0 0 -224.47609471035548 13.56017720366056 143.1 -224.4127700040377 13.556351877671409 332.83127 121.2035 -999.0 -999.0 -999.0 -999.0 -999.0 177.74317513624652 57.16115949706264 177.75684844596594 57.006628000089314 62.38737535839627 22.84912363422012 -999.0 6231.0 -999.0 -1 -999 {-999.0 -999.0 -999.0 -999.0 -999.0} "" -999.0 -999.0 -999.0 -999.0 -999 -999 "" "" "" "" 0 0 0.0 0.0 -999 ""
FIBERMAP 544 R-6C19 APOGEE 1 1 0 1 0 0 192.28103801207857 -126.01073551016438 143.1 192.22679553125536 -125.97518788167697 346.35764 92.170166 181.20001399067473 56.5327489464819 -37.954945 4.9539576 5.1527843 181.19982776949337 56.53280536362675 181.19849367042377 56.378201345160946 61.65271507037197 26.79523851623327 16000.0 16600.0 2016.0 2 229 {-999.0 10.97151 10.654576 10.56003 -999.0} sdss_psfmag_from_g3xp 10.931443 10.664608 10.236085 9.515 63050394851389924 974734523 "" ops_std_apogee ops_std standard_apogee 0 0 0.0 0.0 -999 ""
FIBERMAP 544 R-6C19 BOSS 0 0 0 1 0 0 192.15663522913357 -126.73696316481183 143.1 192.10242784233543 -126.70121066750303 346.35764 92.170166 -999.0 -999.0 -999.0 -999.0 -999.0 181.19883614616805 56.529597103745076 181.19737040490088 56.37491352099921 61.65553738784607 26.799024479110756 -999.0 5400.0 -999.0 1 277 {-999.0 -999.0 -999.0 -999.0 -999.0} "" -999.0 -999.0 -999.0 -999.0 -999 -999 "" "" "" "" 0 0 0.0 0.0 -999 ""
FIBERMAP 544 R-6C19 METROLOGY 0 0 0 1 0 0 191.582900638788 -126.26169581656067 143.1 191.5288551025178 -126.22607739217082 346.35764 92.170166 -999.0 -999.0 -999.0 -999.0 -999.0 181.19421969061366 56.53176949447342 181.1928121539636 56.377108152507375 61.655665546540874 26.791984645507227 -999.0 6231.0 -999.0 -1 -999 {-999.0 -999.0 -999.0 -999.0 -999.0} "" -999.0 -999.0 -999.0 -999.0 -999 -999 "" "" "" "" 0 0 0.0 0.0 -999 ""
FIBERMAP 546 R-12C1 APOGEE 0 0 0 1 0 0 -169.8204681295598 -217.10071863609525 143.1 -169.77256177550046 -217.03947452336803 186.02951 47.732864 -999.0 -999.0 -999.0 -999.0 -999.0 178.2426590097584 56.124666019222445 178.25385080565422 55.97036328922466 63.036935598142534 24.709351614063905 -999.0 16600.0 -999.0 2 296 {-999.0 -999.0 -999.0 -999.0 -999.0} "" -999.0 -999.0 -999.0 -999.0 -999 -999 "" ops_sky_apogee_best_unassigned ops_sky sky_apogee 0 0 0.0 0.0 -999 ""
FIBERMAP 546 R-12C1 BOSS 1 1 0 1 0 0 -169.40522585531966 -216.49688298121626 143.1 -169.3574366411059 -216.43580921052728 186.02951 47.732864 178.24606321288766 56.127530114225294 -4.057445 -8.451146 0.077608265 178.24598481947777 56.12746937609718 178.25704693667308 55.973084657179974 63.03369462547709 24.708651118849332 5400.0 5400.0 2016.0 1 429 {-999.0 17.685286 17.418016 17.323656 17.307573} sdss_psfmag_from_gaia 17.6444 17.4196 16.9927 16.248 63050394824149761 967784637 "" ops_std_boss_gdr2 ops_std standard_boss 0 0 0.0 0.0 -999 ""
FIBERMAP 546 R-12C1 METROLOGY 0 0 0 1 0 0 -169.0748053615843 -217.16097158047387 143.1 -169.02710935899182 -217.09971047039102 186.02951 47.732864 -999.0 -999.0 -999.0 -999.0 -999.0 178.24876765822574 56.12449724601717 178.25985004716802 55.97013576173728 63.03500364580452 24.715427858613907 -999.0 6231.0 -999.0 -1 -999 {-999.0 -999.0 -999.0 -999.0 -999.0} "" -999.0 -999.0 -999.0 -999.0 -999 -999 "" "" "" "" 0 0 0.0 0.0 -999 ""
FIBERMAP 548 R+1C14 APOGEE 0 0 0 1 0 0 25.6787529804092 5.965380304623112 143.1 25.671509004193428 5.963697470839178 6.9951515 56.516857 -999.0 -999.0 -999.0 -999.0 -999.0 179.8351856483028 57.14076946998898 179.83977323733222 56.98606598889312 61.696120140487025 24.76865501491261 -999.0 16600.0 -999.0 2 13 {-999.0 -999.0 -999.0 -999.0 -999.0} "" -999.0 -999.0 -999.0 -999.0 -999 -999 "" ops_sky_apogee_best_unassigned ops_sky sky_apogee 0 0 0.0 0.0 -999 ""
FIBERMAP 548 R+1C14 BOSS 1 1 0 1 0 0 25.34124194678185 5.310409358127769 143.1 25.334093182428663 5.308911291647841 6.9951515 56.516857 179.83254137989147 57.137881036233075 1.1752474 0.7606601 1.8911257 179.83249403752865 57.13787783717138 179.83696258098587 56.98309130581613 61.699379549548894 24.770247760884672 5400.0 5400.0 2016.0 1 96 {-999.0 20.259695 20.360872 20.525911 -999.0} sdss_psfmag 20.343826 20.262524 20.167303 -999.0 63050394824151860 1092530104 dark_flexible_2x1 mwm_cb_galex_vol_boss mwm_cb science 0 0 0.0 0.0 -999 ""
FIBERMAP 548 R+1C14 METROLOGY 0 0 0 1 0 0 24.933491605715155 5.922808589572119 143.1 24.926457867733184 5.921137765269001 6.9951515 56.516857 -999.0 -999.0 -999.0 -999.0 -999.0 179.82904449889637 57.14064864555462 179.8335654766894 56.98588545108113 61.69844459980531 24.763459030884746 -999.0 6231.0 -999.0 -1 -999 {-999.0 -999.0 -999.0 -999.0 -999.0} "" -999.0 -999.0 -999.0 -999.0 -999 -999 "" "" "" "" 0 0 0.0 0.0 -999 ""
FIBERMAP 550 R+1C1 APOGEE 0 0 0 1 0 0 -299.44850510541454 11.732481876219401 143.1 -299.36403068212434 11.72917214308212 258.66776 45.4169 -999.0 -999.0 -999.0 -999.0 -999.0 177.1283936912241 57.14185506550053 177.14482920963258 56.98749866217529 62.600320849113736 22.292246394268943 -999.0 16600.0 -999.0 2 141 {-999.0 -999.0 -999.0 -999.0 -999.0} "" -999.0 -999.0 -999.0 -999.0 -999 -999 "" ops_sky_apogee_best_unassigned ops_sky sky_apogee 0 0 0.0 0.0 -999 ""
FIBERMAP 550 R+1C1 BOSS 1 1 0 1 0 0 -299.8685768104334 12.326783176083888 143.1 -299.7839838849152 12.323305790549915 258.66776 45.4169 177.12511547245933 57.14462026968009 -33.42265 -21.758429 5.848146 177.1249668151656 57.1445510617682 177.14130503481147 56.99010882895959 62.59932862216665 22.285543683922242 5400.0 5400.0 2016.0 1 12 {-999.0 18.601395 18.72839 18.932257 -999.0} sdss_psfmag 18.767834 18.684711 18.637215 -999.0 63050394824210381 1092530219 dark_flexible_2x1 mwm_cb_galex_vol_boss mwm_cb science 0 0 0.0 0.0 -999 ""
FIBERMAP 550 R+1C1 METROLOGY 0 0 0 1 0 0 -299.1180154512466 12.402150318517695 143.1 -299.0336342590878 12.398651671912841 258.66776 45.4169 -999.0 -999.0 -999.0 -999.0 -999.0 177.1310169992773 57.14499102592452 177.147361248597 56.99057185796727 62.5970217966349 22.29076680176007 -999.0 6231.0 -999.0 -1 -999 {-999.0 -999.0 -999.0 -999.0 -999.0} "" -999.0 -999.0 -999.0 -999.0 -999 -999 "" "" "" "" 0 0 0.0 0.0 -999 ""
FIBERMAP 554 R-2C23 APOGEE 1 1 0 1 0 0 213.60823898616033 -27.116699050549716 143.1 213.54798010194236 -27.109049429747557 150.37459 96.87161 181.3974777654819 56.97852447546773 -41.874954 -69.467545 8.014603 181.39726670082436 56.97832599284799 181.3950231408454 56.823618176525315 61.253487179167074 26.323970749406442 16000.0 16600.0 2016.0 2 197 {-999.0 9.426809 9.0047035 8.877725 -999.0} sdss_psfmag_from_g3xp 9.354961 9.037008 8.551261 7.719 63050394851417155 974734643 "" ops_std_apogee ops_std standard_apogee 0 0 0.0 0.0 -999 ""
FIBERMAP 554 R-2C23 BOSS 0 0 0 1 0 0 213.922383406396 -26.444585257807116 143.1 213.86203590203706 -26.43712524030589 150.37459 96.87161 -999.0 -999.0 -999.0 -999.0 -999.0 181.4002259573586 56.981412742782005 181.39782948514744 56.826622210812296 61.25024215174054 26.322051421144124 -999.0 5400.0 -999.0 1 310 {-999.0 -999.0 -999.0 -999.0 -999.0} "" -999.0 -999.0 -999.0 -999.0 -999 -999 "" "" "" "" 0 0 0.0 0.0 -999 ""
FIBERMAP 554 R-2C23 METROLOGY 0 0 0 1 0 0 214.37573792150738 -27.03615629472759 143.1 214.31526252583973 -27.02852939503685 150.37459 96.87161 -999.0 -999.0 -999.0 -999.0 -999.0 181.4037705882706 56.97865941820508 181.40139858088332 56.82389282360499 61.250908665762324 26.32889016266546 -999.0 6231.0 -999.0 -1 -999 {-999.0 -999.0 -999.0 -999.0 -999.0} "" -999.0 -999.0 -999.0 -999.0 -999 -999 "" "" "" "" 0 0 0.0 0.0 -999 ""
FIBERMAP 565 R+8C3 APOGEE 0 0 0 1 0 0 -171.7131973906593 144.78833284368937 143.1 -171.66475709767542 144.74748805499416 249.8586 77.24283 -999.0 -999.0 -999.0 -999.0 -999.0 178.16042840236102 57.76158923994326 178.17259638738017 57.60691308252112 61.7723390086195 22.464109860803603 -999.0 16600.0 -999.0 2 137 {-999.0 -999.0 -999.0 -999.0 -999.0} "" -999.0 -999.0 -999.0 -999.0 -999 -999 "" ops_sky_apogee_best_unassigned ops_sky sky_apogee 0 0 0.0 0.0 -999 ""
FIBERMAP 565 R+8C3 BOSS 1 1 0 1 0 0 -172.34987833341341 145.16966146647025 143.1 -172.30125843273558 145.12870910497057 249.8586 77.24283 178.15503829944356 57.76333827504154 -999.0 -999.0 -999.0 178.15506932446357 57.763344268544614 178.1671392805638 57.60858071026023 61.77275764121223 22.457049211006108 5400.0 5400.0 2016.0 1 25 {-999.0 20.935865 19.915628 19.485058 19.161793} sdss_fiber2mag_from_lsdr10 1e+20 1e+20 1e+20 15.938 63050394824212630 1062319939 dark_flexible_2x2 bhm_colr_galaxies_lsdr10 bhm_filler science 0 0 0.0 0.0 -999 ""
FIBERMAP 565 R+8C3 METROLOGY 0 0 0 1 0 0 -171.69785557141097 145.542520031624 143.1 -171.6494196063543 145.50146248672309 249.8586 77.24283 -999.0 -999.0 -999.0 -999.0 -999.0 178.16049830536565 57.765075775956056 178.1725793893272 57.61033589318584 61.76960552850842 22.45975455151813 -999.0 6231.0 -999.0 -1 -999 {-999.0 -999.0 -999.0 -999.0 -999.0} "" -999.0 -999.0 -999.0 -999.0 -999 -999 "" "" "" "" 0 0 0.0 0.0 -999 ""
FIBERMAP 566 R+8C7 APOGEE 0 0 0 1 0 0 -85.23913043145298 165.3730699073105 143.1 -85.21508447275826 165.32641816428966 206.5845 47.274933 -999.0 -999.0 -999.0 -999.0 -999.0 178.89203052476913 57.86245537234421 178.90094798097016 57.70766286169258 61.45567751892803 22.98662819328223 -999.0 16600.0 -999.0 2 -999 {-999.0 -999.0 -999.0 -999.0 -999.0} "" -999.0 -999.0 -999.0 -999.0 -999 -999 "" "" "" "" 0 0 0.0 0.0 -999 ""
FIBERMAP 566 R+8C7 BOSS 1 1 0 1 0 0 -85.03959366747736 166.06251243582747 143.1 -85.01560399810377 166.01566620106934 206.5845 47.274933 178.89375850600092 57.86571442355942 0.08380423 0.12443588 -0.16366078 178.89376599785285 57.86571552892162 178.9025486809411 57.71083439836379 61.452650224328195 22.983960273352807 5400.0 5400.0 2016.0 1 103 {-999.0 19.364971 19.284727 18.92953 18.799662} sdss_psfmag 19.143372 18.995392 18.468348 -999.0 63050394824212555 1059897613 dark_10x4_4yr bhm_aqmes_med bhm_aqmes science 0 0 0.0 0.0 -999 ""
FIBERMAP 566 R+8C7 METROLOGY 0 0 0 1 0 0 -84.51662692624559 165.55921679950814 143.1 -84.49278478578971 165.512512544449 206.5845 47.274933 -999.0 -999.0 -999.0 -999.0 -999.0 178.89822890854091 57.86344172201943 178.90702709829384 57.70858549584173 61.45295337960847 22.99080180426529 -999.0 6231.0 -999.0 -1 -999 {-999.0 -999.0 -999.0 -999.0 -999.0} "" -999.0 -999.0 -999.0 -999.0 -999 -999 "" "" "" "" 0 0 0.0 0.0 -999 ""
FIBERMAP 572 R+10C5 APOGEE 0 0 1 1 0 0 -88.97726607871554 201.63004288975878 143.1 -88.95216559195474 201.5731630546596 9.96024 170.11127 -999.0 -999.0 -999.0 -999.0 -999.0 178.8577549612228 58.02554873609488 178.8668729860807 57.87072123678053 61.337984850104206 22.747858908519277 -999.0 16600.0 -999.0 2 -999 {-999.0 -999.0 -999.0 -999.0 -999.0} "" -999.0 -999.0 -999.0 -999.0 -999 -999 "" "" "" "" 0 0 0.0 0.0 -999 ""
FIBERMAP 572 R+10C5 BOSS 1 0 1 1 0 0 -88.22725954158847 201.6394432882805 143.1 -88.20237063167178 201.58256080132887 9.96024 170.11127 178.82746931616722 57.919327183236526 -999.0 -999.0 -999.0 178.86426060762722 58.02576821488658 178.87322083587162 57.87085159009713 61.33581747322007 22.753262047363364 5400.0 5400.0 2016.0 1 146 {-999.0 21.010609 19.817259 19.332062 18.99696} sdss_fiber2mag_from_lsdr10 1e+20 1e+20 1e+20 -999.0 63050394824212575 1062319933 dark_flexible_2x2 bhm_colr_galaxies_lsdr10 bhm_filler science 0 0 0.0 0.0 -999 ""
FIBERMAP 572 R+10C5 METROLOGY 0 0 1 1 0 0 -88.59251474369404 200.99080241019652 143.1 -88.56752279528484 200.9341029048366 9.96024 170.11127 -999.0 -999.0 -999.0 -999.0 -999.0 178.86115007019535 58.02279523073095 178.8701599495098 57.867904702584426 61.33914466151045 22.75433355038456 -999.0 6231.0 -999.0 -1 -999 {-999.0 -999.0 -999.0 -999.0 -999.0} "" -999.0 -999.0 -999.0 -999.0 -999 -999 "" "" "" "" 0 0 0.0 0.0 -999 ""
FIBERMAP 575 R+3C14 APOGEE 1 1 0 1 0 0 42.79748686345399 39.82321829167274 143.1 42.78541369240981 39.81198416179266 352.25412 48.7944 179.98036072055697 57.294607041921076 -13.975565 -3.3415506 5.477332 179.98028256549037 57.29462083132298 179.9842476885732 57.139872198721434 61.52801602167554 24.685369314881655 16000.0 16600.0 2016.0 2 24 {-999.0 10.794343 10.449141 10.350269 -999.0} sdss_psfmag_from_g3xp 10.74408 10.465525 10.024991 9.341 63050394824152148 974639334 "" ops_std_apogee ops_std standard_apogee 0 0 0.0 0.0 -999 ""
FIBERMAP 575 R+3C14 BOSS 0 0 0 1 0 0 42.247825186114014 39.3363712754886 143.1 42.23590707462901 39.32527448515179 352.25412 48.7944 -999.0 -999.0 -999.0 -999.0 -999.0 179.97580762689506 57.29252399568693 179.9796601926888 57.13769167546653 61.53128929106101 24.684349115138616 -999.0 5400.0 -999.0 1 97 {-999.0 -999.0 -999.0 -999.0 -999.0} "" -999.0 -999.0 -999.0 -999.0 -999 -999 "" "" "" "" 0 0 0.0 0.0 -999 ""
FIBERMAP 575 R+3C14 METROLOGY 0 0 0 1 0 0 42.084898988342665 40.06487388816517 143.1 42.07302683833806 40.053571587241315 352.25412 48.7944 -999.0 -999.0 -999.0 -999.0 -999.0 179.9744188718281 57.29581676001089 179.9783152941992 57.14100766109428 61.529233480427294 24.678680481080278 -999.0 6231.0 -999.0 -1 -999 {-999.0 -999.0 -999.0 -999.0 -999.0} "" -999.0 -999.0 -999.0 -999.0 -999 -999 "" "" "" "" 0 0 0.0 0.0 -999 ""
FIBERMAP 577 R+6C15 APOGEE 0 0 0 1 0 0 106.04385413967331 119.56812225191835 143.1 106.01393916842052 119.5343920846311 38.028538 85.71434 -999.0 -999.0 -999.0 -999.0 -999.0 180.52021777487136 57.653991431368915 180.52180068128405 57.499133628491755 61.06634023603425 24.658317033080834 -999.0 16600.0 -999.0 2 36 {-999.0 -999.0 -999.0 -999.0 -999.0} "" -999.0 -999.0 -999.0 -999.0 -999 -999 "" "" "" "" 0 0 0.0 0.0 -999 ""
FIBERMAP 577 R+6C15 BOSS 1 1 0 1 0 0 106.4725391515438 118.96013048757486 143.1 106.44250324824915 118.92657183476432 38.028538 85.71434 180.52332833109696 57.65139789091659 -52.5026 -28.134312 5.4964757 180.52400524632765 57.65133387582715 180.52543399224487 57.49639107042877 61.0671425827624 24.665075027353282 5400.0 5400.0 2016.0 1 188 {-999.0 15.6086445 14.25568 13.655231 -999.0} sdss_psfmag_from_g3xp 15.070195 14.201127 13.284468 11.515 63050394851418709 943349298 bright_1x1 openfibertargets_nov2020_46 open_fiber science 0 0 1.90516996383667 0.0 -999 ""
FIBERMAP 577 R+6C15 METROLOGY 0 0 0 1 0 0 105.72324858348429 118.88359882670278 143.1 105.6934240550589 118.85006176347378 38.028538 85.71434 -999.0 -999.0 -999.0 -999.0 -999.0 180.51759662201212 57.65100783801008 180.51909294961217 57.496089544781455 61.06959588596129 24.660147421640602 -999.0 6231.0 -999.0 -1 -999 {-999.0 -999.0 -999.0 -999.0 -999.0} "" -999.0 -999.0 -999.0 -999.0 -999 -999 "" "" "" "" 0 0 0.0 0.0 -999 ""
FIBERMAP 580 R+9C7 APOGEE 0 0 0 1 0 0 -34.72007722726007 176.62375686215793 143.1 -34.71028269347426 176.5739313003471 74.919044 29.457779 -999.0 -999.0 -999.0 -999.0 -999.0 179.3226844831902 57.9154708421999 179.3296740101557 57.76062317244771 61.272408732821546 23.29330562648039 -999.0 16600.0 -999.0 2 29 {-999.0 -999.0 -999.0 -999.0 -999.0} "" -999.0 -999.0 -999.0 -999.0 -999 -999 "" ops_sky_apogee_best_unassigned ops_sky sky_apogee 0 0 0.0 0.0 -999 ""
FIBERMAP 580 R+9C7 BOSS 1 1 0 1 0 0 -34.52888984638402 175.91021872026303 143.1 -34.51914924655836 175.86059444756205 74.919044 29.457779 179.32448271198666 57.91236238152822 -999.0 -999.0 -999.0 179.32444883782378 57.912397462550125 179.33129896087223 57.757462832238794 61.274339515143836 23.2988148170312 5400.0 5400.0 2015.5 1 118 {-999.0 -999.0 -999.0 -999.0 -999.0} "" -999.0 -999.0 -999.0 -999.0 27021603092666357 816856930 "" ops_sky_boss_good ops_sky sky_boss 0 0 0.0 0.0 -999 ""
FIBERMAP 580 R+9C7 METROLOGY 0 0 0 1 0 0 -35.25079882167585 176.10340162591388 143.1 -35.240854571328256 176.0537228563152 74.919044 29.457779 -999.0 -999.0 -999.0 -999.0 -999.0 179.31824035054152 57.913215062709774 179.32515574878335 57.75830558954545 61.275723427235334 23.292389395165287 -999.0 6231.0 -999.0 -1 -999 {-999.0 -999.0 -999.0 -999.0 -999.0} "" -999.0 -999.0 -999.0 -999.0 -999 -999 "" "" "" "" 0 0 0.0 0.0 -999 ""
FIBERMAP 581 R-1C19 APOGEE 0 0 0 1 0 0 114.19471312587963 -7.493933200105243 143.1 114.16249879730682 -7.491819161549493 139.17743 103.13461 -999.0 -999.0 -999.0 -999.0 -999.0 180.5755349589352 57.07610526362132 180.57687565527976 56.92138240537788 61.48174699269055 25.49610379992049 -999.0 16600.0 -999.0 2 -999 {-999.0 -999.0 -999.0 -999.0 -999.0} "" -999.0 -999.0 -999.0 -999.0 -999 -999 "" "" "" "" 0 0 0.0 0.0 -999 ""
FIBERMAP 581 R-1C19 BOSS 1 1 0 1 0 0 114.53734810151357 -6.820516842244064 143.1 114.50503711561414 -6.818592774442868 139.17743 103.13461 180.5786923002625 57.07923270058113 0.08449808 -0.26811653 -0.20842244 180.57870753573096 57.079226565699706 180.57989941928372 56.92441979539415 61.47837921013938 25.494471819279454 5400.0 5400.0 2016.0 1 296 {-999.0 20.774899 20.381544 20.112085 20.067675} sdss_psfmag 20.698862 20.32251 19.723928 -999.0 63050394851391480 1059903043 dark_10x4_4yr bhm_aqmes_med_faint bhm_filler science 0 0 0.0 0.0 -999 ""
FIBERMAP 581 R-1C19 METROLOGY 0 0 0 1 0 0 114.9391055569003 -7.443516048748455 143.1 114.9066812352227 -7.441416232871103 139.17743 103.13461 -999.0 -999.0 -999.0 -999.0 -999.0 180.58193174639442 57.076344325868625 180.58314776526322 56.92156169720586 61.47934236198441 25.501220590336004 -999.0 6231.0 -999.0 -1 -999 {-999.0 -999.0 -999.0 -999.0 -999.0} "" -999.0 -999.0 -999.0 -999.0 -999 -999 "" "" "" "" 0 0 0.0 0.0 -999 ""
FIBERMAP 587 R-10C13 APOGEE 0 0 0 1 0 0 94.43810573735664 -180.89276406501375 143.1 94.41146474772813 -180.84173421627102 77.94549 107.35108 -999.0 -999.0 -999.0 -999.0 -999.0 180.3917396651251 56.29072973959015 180.39386705280845 56.136197608129116 62.13370914927572 26.446680035779707 -999.0 16600.0 -999.0 2 -999 {-999.0 -999.0 -999.0 -999.0 -999.0} "" -999.0 -999.0 -999.0 -999.0 -999 -999 "" "" "" "" 0 0 0.0 0.0 -999 ""
FIBERMAP 587 R-10C13 BOSS 1 1 0 1 0 0 95.17923956580512 -180.80239853667368 143.1 95.15238950232362 -180.7513941800465 77.94549 107.35108 180.39807849104355 56.291161606335876 -2.4820442 -9.5394745 0.36529648 180.3979679533484 56.29114830257962 180.3999385711262 56.13653586861142 62.131184722138556 26.45155264471458 5400.0 5400.0 2016.0 1 396 {-999.0 16.359566 16.044884 15.917339 -999.0} sdss_psfmag 16.308569 16.03515 15.593251 14.75 63050394851388983 977537290 "" ops_std_boss ops_std standard_boss 0 0 0.0 0.0 -999 ""
FIBERMAP 587 R-10C13 METROLOGY 0 0 0 1 0 0 94.88650775546317 -181.48908412225632 143.1 94.85974027162536 -181.43788605162544 77.94549 107.35108 -999.0 -999.0 -999.0 -999.0 -999.0 180.39545170707163 56.28805066193729 180.39746989815706 56.133461718413635 62.13438542745712 26.453794681302725 -999.0 6231.0 -999.0 -1 -999 {-999.0 -999.0 -999.0 -999.0 -999.0} "" -999.0 -999.0 -999.0 -999.0 -999 -999 "" "" "" "" 0 0 0.0 0.0 -999 ""
FIBERMAP 588 R+8C1 APOGEE 0 0 0 1 0 0 -214.32887452975245 145.8312291507455 143.1 -214.26841235424763 145.79009016100207 233.31018 98.95026 -999.0 -999.0 -999.0 -999.0 -999.0 177.80160428613829 57.76047896927869 177.81537840568285 57.60585764925203 61.88717796980623 22.139827795110193 -999.0 16600.0 -999.0 2 94 {-999.0 -999.0 -999.0 -999.0 -999.0} "" -999.0 -999.0 -999.0 -999.0 -999 -999 "" ops_sky_apogee_best_unassigned ops_sky sky_apogee 0 0 0.0 0.0 -999 ""
FIBERMAP 588 R+8C1 BOSS 1 1 0 1 0 0 -214.963102998814 146.19689104555462 143.1 -214.90246190745805 146.15564890259068 233.31018 98.95026 177.79626670477427 57.762168180074674 -2.9672012 -12.068109 0.2934833 177.7963219566206 57.762124052551 177.81000001609266 57.60741519164263 61.887626222216014 22.13294211895959 5400.0 5400.0 2016.0 1 81 {-999.0 17.55553 17.29635 17.170872 -999.0} sdss_psfmag 17.540644 17.272839 16.845478 16.004 63050394824211833 975912341 "" ops_std_boss ops_std standard_boss 0 0 0.0 0.0 -999 ""
FIBERMAP 588 R+8C1 METROLOGY 0 0 0 1 0 0 -214.31449569017644 146.577085591152 143.1 -214.25403757094224 146.53573619530675 233.31018 98.95026 -999.0 -999.0 -999.0 -999.0 -999.0 177.8016720623284 57.76390698029289 177.815361103427 57.60922177253387 61.88447092884023 22.13558924305022 -999.0 6231.0 -999.0 -1 -999 {-999.0 -999.0 -999.0 -999.0 -999.0} "" -999.0 -999.0 -999.0 -999.0 -999 -999 "" "" "" "" 0 0 0.0 0.0 -999 ""
FIBERMAP 589 R-2C25 APOGEE 0 0 0 1 0 0 258.9798397124859 -56.76697871558855 143.1 258.906781499703 -56.750964750892884 294.61362 52.94559 -999.0 -999.0 -999.0 -999.0 -999.0 181.761358698339 56.838816068344194 181.75755389943572 56.68414780724041 61.21857535956397 26.8233088761624 -999.0 16600.0 -999.0 2 216 {-999.0 -999.0 -999.0 -999.0 -999.0} "" -999.0 -999.0 -999.0 -999.0 -999 -999 "" ops_sky_apogee_best_unassigned ops_sky sky_apogee 0 0 0.0 0.0 -999 ""
FIBERMAP 589 R-2C25 BOSS 1 1 0 1 0 0 258.255414277274 -56.63202947432028 143.1 258.1825604249064 -56.61605357880558 294.61362 52.94559 181.7556504625965 56.83958675995545 -16.449827 9.468676 1.7171355 181.75565675216248 56.83959438712186 181.75173545956545 56.684844651857865 61.220279013160024 26.817509489426072 5400.0 5400.0 2016.0 1 254 {-999.0 20.89187 20.19237 18.919722 -999.0} sdss_psfmag 20.460033 19.618938 18.38568 -999.0 63050394851416916 1092559683 dark_flexible_2x1 mwm_cb_galex_vol_boss mwm_cb science 0 0 0.0 0.0 -999 ""
FIBERMAP 589 R-2C25 METROLOGY 0 0 0 1 0 0 258.74782108115323 -56.06635373521358 143.1 258.67482832082624 -56.05053741682488 294.61362 52.94559 -999.0 -999.0 -999.0 -999.0 -999.0 181.7597800236184 56.84206631084962 181.7558802938604 56.68733909306175 61.216902838232194 26.81734992763404 -999.0 6231.0 -999.0 -1 -999 {-999.0 -999.0 -999.0 -999.0 -999.0} "" -999.0 -999.0 -999.0 -999.0 -999 -999 "" "" "" "" 0 0 0.0 0.0 -999 ""
FIBERMAP 592 R0C5 APOGEE 0 0 0 1 0 0 -183.95189534815097 6.542037609662312 143.1 -183.90000251847326 6.540192100852627 63.911068 64.82448 -999.0 -999.0 -999.0 -999.0 -999.0 178.08043051286901 57.1339355581942 178.09270110587443 56.97941938685981 62.29860864069606 23.19871628140561 -999.0 16600.0 -999.0 2 243 {-999.0 -999.0 -999.0 -999.0 -999.0} "" -999.0 -999.0 -999.0 -999.0 -999 -999 "" ops_sky_apogee_best_unassigned ops_sky sky_apogee 0 0 0.0 0.0 -999 ""
FIBERMAP 592 R0C5 BOSS 1 1 0 1 0 0 -183.4725888434485 5.9779747730679045 143.1 -183.4208312261358 5.9762883863844225 63.911068 64.82448 178.0844936232018 57.13154616529106 -999.0 -999.0 -999.0 178.08453775464224 57.13151041438384 178.09666976557435 56.976909059507875 62.2992870765416 23.205693240789287 5400.0 5400.0 2016.0 1 495 {-999.0 20.976318 19.713657 19.270386 -999.0} sdss_psfmag -999.0 -999.0 -999.0 16.36 63050398650705599 1118062200 bright_1x1 openfibertargets_bhm_lofarradio_boss open_fiber science 0 0 0.0 0.0 -999 ""
FIBERMAP 592 R0C5 METROLOGY 0 0 0 1 0 0 -184.19487242250753 5.81375766904914 143.1 -184.14291104899715 5.812117608010702 63.911068 64.82448 -999.0 -999.0 -999.0 -999.0 -999.0 178.0785543582044 57.13066614153663 178.0907461322513 56.97608999698268 62.301899942952254 23.201250078147837 -999.0 6231.0 -999.0 -1 -999 {-999.0 -999.0 -999.0 -999.0 -999.0} "" -999.0 -999.0 -999.0 -999.0 -999 -999 "" "" "" "" 0 0 0.0 0.0 -999 ""
FIBERMAP 594 R+1C22 APOGEE 0 0 0 1 0 0 177.0344549492326 4.173490113038598 143.1 176.98451352949144 4.17231277147771 281.7993 53.860676 -999.0 -999.0 -999.0 -999.0 -999.0 181.10091114133155 57.12410473972969 181.09994708927218 56.96936174290207 61.25541470719773 25.87217827426906 -999.0 16600.0 -999.0 2 86 {-999.0 -999.0 -999.0 -999.0 -999.0} "" -999.0 -999.0 -999.0 -999.0 -999 -999 "" ops_sky_apogee_best_unassigned ops_sky sky_apogee 0 0 0.0 0.0 -999 ""
FIBERMAP 594 R+1C22 BOSS 1 1 0 1 0 0 176.37428184462686 4.498667037744166 143.1 176.32452665971852 4.497397963772819 281.7993 53.860676 181.09567629446988 57.12573552382817 -999.0 -999.0 -999.0 181.09572328689015 57.12572889912953 181.09464350397434 56.97090267894048 61.25622091763641 25.865575757808756 5400.0 5400.0 2015.5 1 235 {-999.0 -999.0 -999.0 -999.0 -999.0} "" -999.0 -999.0 -999.0 -999.0 27021603105745519 817585637 "" ops_sky_boss_good ops_sky sky_boss 0 0 0.0 0.0 -999 ""
FIBERMAP 594 R+1C22 METROLOGY 0 0 0 1 0 0 176.97966960958195 4.924427748275507 143.1 176.9297436447851 4.923038567207719 281.7993 53.860676 -999.0 -999.0 -999.0 -999.0 -999.0 181.1007728899368 57.127579338289344 181.09970995293475 56.97277613901427 61.25297668649213 25.867200524830423 -999.0 6231.0 -999.0 -1 -999 {-999.0 -999.0 -999.0 -999.0 -999.0} "" -999.0 -999.0 -999.0 -999.0 -999 -999 "" "" "" "" 0 0 0.0 0.0 -999 ""
FIBERMAP 597 R+1C2 APOGEE 0 0 0 1 0 0 -260.22305364710843 6.226528374066751 143.1 -260.1496447236746 6.224771870412427 260.10846 117.24373 -999.0 -999.0 -999.0 -999.0 -999.0 177.4505338679148 57.1230617897037 177.46555244577667 56.96865033276129 62.512524881523944 22.62270763247028 -999.0 16600.0 -999.0 2 -999 {-999.0 -999.0 -999.0 -999.0 -999.0} "" -999.0 -999.0 -999.0 -999.0 -999 -999 "" "" "" "" 0 0 0.0 0.0 -999 ""
FIBERMAP 597 R+1C2 BOSS 1 1 0 1 0 0 -260.9545245277064 5.992297787094925 143.1 -260.88090925633713 5.990607359889186 260.10846 117.24373 177.44469500916284 57.1220142020756 -0.26392153 -0.36104032 0.38213125 177.44468808120985 57.12198287601695 177.45961598813153 56.96748716204921 62.51538119626328 22.618559030829374 5400.0 5400.0 2016.0 1 11 {-999.0 19.686228 19.552124 19.453243 19.335611} sdss_psfmag 19.940187 19.83665 19.17822 -999.0 63050394824206839 1059900648 dark_10x4_4yr bhm_aqmes_med_faint bhm_filler science 0 0 0.0 0.0 -999 ""
FIBERMAP 597 R+1C2 METROLOGY 0 0 0 1 0 0 -260.7764848399255 6.726904128204419 143.1 -260.70291979355216 6.725006468549853 260.10846 117.24373 -999.0 -999.0 -999.0 -999.0 -999.0 177.4459298973536 57.12530575105403 177.46088681968752 56.970833268190816 62.512276572782916 22.615466208049384 -999.0 6231.0 -999.0 -1 -999 {-999.0 -999.0 -999.0 -999.0 -999.0} "" -999.0 -999.0 -999.0 -999.0 -999 -999 "" "" "" "" 0 0 0.0 0.0 -999 ""
FIBERMAP 598 R+11C9 APOGEE 1 1 0 1 0 0 13.719824500047988 229.68560281277755 143.1 13.715954137556524 229.62080850422407 105.1725 89.48244 179.73757849501288 58.15473423791872 -55.415283 -75.84164 8.681696 179.73728878573849 58.15452578395254 179.74243900140823 57.99958855626438 60.94867543098389 23.337938611354502 16000.0 16600.0 2016.0 2 21 {-999.0 9.663267 9.24616 9.094424 -999.0} sdss_psfmag_from_g3xp 9.587476 9.27844 8.755983 7.824 63050394824213130 974639554 "" ops_std_apogee ops_std standard_apogee 0 0 0.0 0.0 -999 ""
FIBERMAP 598 R+11C9 BOSS 0 0 0 1 0 0 14.429616513545204 229.87226322951065 143.1 14.425545918726733 229.80741626405361 105.1725 89.48244 -999.0 -999.0 -999.0 -999.0 -999.0 179.74352519381873 58.155478300506886 179.7485124867501 58.000452173836536 60.94598046733204 23.341974669364106 -999.0 5400.0 -999.0 1 110 {-999.0 -999.0 -999.0 -999.0 -999.0} "" -999.0 -999.0 -999.0 -999.0 -999 -999 "" "" "" "" 0 0 0.0 0.0 -999 ""
FIBERMAP 598 R+11C9 METROLOGY 0 0 0 1 0 0 14.244406557641277 229.15255830754228 143.1 14.240388210551368 229.08791437084372 105.1725 89.48244 -999.0 -999.0 -999.0 -999.0 -999.0 179.74188924050748 58.152223481122576 179.74692172723758 57.99722325824445 60.94902135301288 23.3448053585455 -999.0 6231.0 -999.0 -1 -999 {-999.0 -999.0 -999.0 -999.0 -999.0} "" -999.0 -999.0 -999.0 -999.0 -999 -999 "" "" "" "" 0 0 0.0 0.0 -999 ""
FIBERMAP 599 R+2C11 APOGEE 0 0 0 1 0 0 -32.22093130003127 52.38859006469997 143.1 -32.211841775311534 52.37381124344272 86.52372 69.310425 -999.0 -999.0 -999.0 -999.0 -999.0 179.34762700258597 57.35200729792649 179.35439281991285 57.197290935771385 61.70245132310399 24.05612149011506 -999.0 16600.0 -999.0 2 142 {-999.0 -999.0 -999.0 -999.0 -999.0} "" -999.0 -999.0 -999.0 -999.0 -999 -999 "" ops_sky_apogee_best_unassigned ops_sky sky_apogee 0 0 0.0 0.0 -999 ""
FIBERMAP 599 R+2C11 BOSS 1 1 0 1 0 0 -31.542204707872866 52.08869074354992 143.1 -31.533306651924775 52.07399652389117 86.52372 69.310425 179.35345997867168 57.35076499959924 -999.0 -999.0 -999.0 179.35346105879574 57.35076939635793 179.36007239397475 57.19596766302266 61.70152892751827 24.062913741439047 5400.0 5400.0 2016.0 1 23 {-999.0 nan nan nan nan} undefined 20.569242 20.93104 20.790466 -999.0 63050394824208047 1055794887 dark_flexible_2x2 bhm_gua_dark bhm_filler science 0 0 0.0 0.0 -999 ""
FIBERMAP 599 R+2C11 METROLOGY 0 0 0 1 0 0 -32.141553224902495 51.64264796777479 143.1 -32.13248609273775 51.62807957678309 86.52372 69.310425 -999.0 -999.0 -999.0 -999.0 -999.0 179.34838644068384 57.34869773252848 179.35505622342123 57.193921066973566 61.70483339948766 24.061206760577818 -999.0 6231.0 -999.0 -1 -999 {-999.0 -999.0 -999.0 -999.0 -999.0} "" -999.0 -999.0 -999.0 -999.0 -999 -999 "" "" "" "" 0 0 0.0 0.0 -999 ""
FIBERMAP 600 R+1C17 APOGEE 0 0 0 1 0 0 65.10339392422009 16.626819961145536 143.1 65.08502825679406 16.622129535234496 194.06952 113.86998 -999.0 -999.0 -999.0 -999.0 -999.0 180.1666564218953 57.18832517245539 180.1697931598187 57.03359175440409 61.54323949012169 24.99106784248886 -999.0 16600.0 -999.0 2 -999 {-999.0 -999.0 -999.0 -999.0 -999.0} "" -999.0 -999.0 -999.0 -999.0 -999 -999 "" "" "" "" 0 0 0.0 0.0 -999 ""
FIBERMAP 600 R+1C17 BOSS 1 1 0 1 0 0 64.60301290604144 17.21928341310054 143.1 64.58478839610065 17.214425853249708 194.06952 113.86998 180.16246671432341 57.19127080115667 37.680294 -40.64782 5.723201 180.16269106982162 57.1911337738607 180.16571258423414 57.03631601215662 61.54262521599975 24.983805771713946 5400.0 5400.0 2016.0 1 191 {-999.0 21.940565 20.326525 18.432535 -999.0} sdss_psfmag 20.881052 19.223904 17.874626 15.221 63050394851391782 1077862112 bright_flexible_2x1 mwm_snc_ext_main_boss mwm_snc science 0 0 0.0 0.0 -999 ""
FIBERMAP 600 R+1C17 METROLOGY 0 0 0 1 0 0 65.36465913297796 17.325677937564574 143.1 65.34621976263655 17.32079036381839 194.06952 113.86998 -999.0 -999.0 -999.0 -999.0 -999.0 180.1690439330793 57.19156477561474 180.17207516363806 57.03677037438717 61.54002110323983 24.98868674264628 -999.0 6231.0 -999.0 -1 -999 {-999.0 -999.0 -999.0 -999.0 -999.0} "" -999.0 -999.0 -999.0 -999.0 -999 -999 "" "" "" "" 0 0 0.0 0.0 -999 ""
FIBERMAP 604 R+7C14 APOGEE 0 0 0 1 0 0 85.10040315805661 124.37565667440549 143.1 85.07639633432572 124.34057030165765 301.2397 117.000626 -999.0 -999.0 -999.0 -999.0 -999.0 180.3429854579134 57.677112875964546 180.34536176849986 57.52225598929898 61.11047317242084 24.478366268885452 -999.0 16600.0 -999.0 2 43 {-999.0 -999.0 -999.0 -999.0 -999.0} "" -999.0 -999.0 -999.0 -999.0 -999 -999 "" "" "" "" 0 0 0.0 0.0 -999 ""
FIBERMAP 604 R+7C14 BOSS 1 1 0 1 0 0 84.69603479974384 123.76706073071828 143.1 84.67214204832683 123.73214604288616 301.2397 117.000626 180.33972477285872 57.67452341604416 -999.0 -999.0 -999.0 180.33970764252916 57.67451062659025 180.34196238529364 57.519568734573 61.113702388441325 24.479100265866293 5400.0 5400.0 2016.0 1 160 {-999.0 19.779303 18.818075 18.406347 18.073431} sdss_fiber2mag_from_lsdr10 1e+20 1e+20 1e+20 -999.0 63050398654426313 1067560691 dark_flexible_2x2 bhm_colr_galaxies_lsdr10 bhm_filler science 0 0 0.0 0.0 -999 ""
FIBERMAP 604 R+7C14 METROLOGY 0 0 0 1 0 0 84.34920646467751 124.42717483992294 143.1 84.32541155353383 124.3920739339006 301.2397 117.000626 -999.0 -999.0 -999.0 -999.0 -999.0 180.33676018344198 57.67748862195345 180.33906679939946 57.52257043472841 61.11242693486382 24.472619645015698 -999.0 6231.0 -999.0 -1 -999 {-999.0 -999.0 -999.0 -999.0 -999.0} "" -999.0 -999.0 -999.0 -999.0 -999 -999 "" "" "" "" 0 0 0.0 0.0 -999 ""
FIBERMAP 605 R+13C13 APOGEE 0 0 0 1 0 0 109.58397128172818 237.39057111252077 143.1 109.55305764342961 237.32360323240994 275.5432 59.354687 -999.0 -999.0 -999.0 -999.0 -999.0 180.55976685333124 58.184316187252854 180.56116843338555 58.029331112955276 60.64944022696501 23.984252922822463 -999.0 16600.0 -999.0 2 103 {-999.0 -999.0 -999.0 -999.0 -999.0} "" -999.0 -999.0 -999.0 -999.0 -999 -999 "" ops_sky_apogee_best_unassigned ops_sky sky_apogee 0 0 0.0 0.0 -999 ""
FIBERMAP 605 R+13C13 BOSS 1 1 0 1 0 0 108.92929646635578 237.73302789570775 143.1 108.89856751182262 237.66596340853837 275.5432 59.354687 180.55420428615946 58.18608357961767 2.1521277 -12.16374 0.28240666 180.55433854857478 58.186001814444644 180.55562487776024 58.0309287671211 60.65011454135586 23.97757518665327 5400.0 5400.0 2016.0 1 91 {-999.0 17.929457 17.658726 17.53757 -999.0} sdss_psfmag 17.912382 17.641285 17.2015 15.562 63050394851420833 975914091 "" ops_std_boss ops_std standard_boss 0 0 0.0 0.0 -999 ""
FIBERMAP 605 R+13C13 METROLOGY 0 0 0 1 0 0 109.55032569431525 238.14012524618454 143.1 109.51942154743689 238.0729459168526 275.5432 59.354687 -999.0 -999.0 -999.0 -999.0 -999.0 180.55963617860323 58.18773666414673 180.56093795773313 58.03268790461575 60.64695526062219 23.979642156321688 -999.0 6231.0 -999.0 -1 -999 {-999.0 -999.0 -999.0 -999.0 -999.0} "" -999.0 -999.0 -999.0 -999.0 -999 -999 "" "" "" "" 0 0 0.0 0.0 -999 ""
FIBERMAP 610 R-4C21 APOGEE 0 0 0 1 0 0 202.05369281598692 -65.44738908395817 143.1 201.99669346924355 -65.4289263754976 81.527405 123.874794 -999.0 -999.0 -999.0 -999.0 -999.0 181.29358484134872 56.8058491561862 181.29181510309832 56.651181204287234 61.41823068899916 26.48271974812991 -999.0 16600.0 -999.0 2 232 {-999.0 -999.0 -999.0 -999.0 -999.0} "" -999.0 -999.0 -999.0 -999.0 -999 -999 "" ops_sky_apogee_best_unassigned ops_sky sky_apogee 0 0 0.0 0.0 -999 ""
FIBERMAP 610 R-4C21 BOSS 1 1 0 1 0 0 202.728400212301 -65.12730088280571 143.1 202.67121053060114 -65.10892847122668 81.527405 123.874794 181.29950230744677 56.80732439097706 -9.273406 -6.438938 1.6286293 181.2994126428395 56.807300032920196 181.29747933374404 56.65255038860703 61.41510548039301 26.4855265276679 5400.0 5400.0 2016.0 1 279 {-999.0 19.817596 20.212927 20.585217 -999.0} sdss_psfmag 19.973886 20.017437 19.964275 -999.0 63050394851390474 1092201351 dark_flexible_2x1 mwm_cb_galex_mag_boss mwm_cb science 0 0 0.0 0.0 -999 ""
FIBERMAP 610 R-4C21 METROLOGY 0 0 0 1 0 0 202.65239884109724 -65.88989705443944 143.1 202.59523059938417 -65.87130951448039 81.527405 123.874794 -999.0 -999.0 -999.0 -999.0 -999.0 181.29856145702254 56.803833345426106 181.29667142569372 56.649107584650785 61.417925708682276 26.48975690005267 -999.0 6231.0 -999.0 -1 -999 {-999.0 -999.0 -999.0 -999.0 -999.0} "" -999.0 -999.0 -999.0 -999.0 -999 -999 "" "" "" "" 0 0 0.0 0.0 -999 ""
FIBERMAP 613 R0C25 APOGEE 0 0 0 1 0 0 249.80258024829155 -17.747133783345628 143.1 249.73211094040352 -17.742127316905346 316.662 76.552605 -999.0 -999.0 -999.0 -999.0 -999.0 181.69702226322875 57.0163806582772 181.6934631576613 56.86166892079246 61.11406957572661 26.516974743291712 -999.0 16600.0 -999.0 2 35 {-999.0 -999.0 -999.0 -999.0 -999.0} "" -999.0 -999.0 -999.0 -999.0 -999 -999 "" ops_sky_apogee_best_unassigned ops_sky sky_apogee 0 0 0.0 0.0 -999 ""
FIBERMAP 613 R0C25 BOSS 1 1 0 1 0 0 249.17936048897332 -18.155267342789585 143.1 249.1090669913794 -18.150145741872187 316.662 76.552605 181.691960458707 57.014691122508616 -999.0 -999.0 -999.0 181.69198923754846 57.01469540173852 181.68831091752668 56.85990202782985 61.117288182497816 26.515247975856255 5400.0 5400.0 2016.0 1 172 {-999.0 21.371756 20.437977 20.03668 19.704466} sdss_fiber2mag_from_lsdr10 1e+20 1e+20 1e+20 -999.0 63050397224502933 1066404578 dark_flexible_2x2 bhm_colr_galaxies_lsdr10 bhm_filler science 0 0 0.0 0.0 -999 ""
FIBERMAP 613 R0C25 METROLOGY 0 0 0 1 0 0 249.1319348877656 -17.40642502969183 143.1 249.06165476893378 -17.401514677190956 316.662 76.552605 -999.0 -999.0 -999.0 -999.0 -999.0 181.69174450064997 57.018066744673916 181.68810670883295 56.86329577348104 61.11489762667226 26.510255649760495 -999.0 6231.0 -999.0 -1 -999 {-999.0 -999.0 -999.0 -999.0 -999.0} "" -999.0 -999.0 -999.0 -999.0 -999 -999 "" "" "" "" 0 0 0.0 0.0 -999 ""
FIBERMAP 614 R+1C11 APOGEE 0 0 0 1 0 0 -41.673242143514805 27.562286530874573 143.1 -41.66148612190612 27.554511209844215 55.983116 88.028595 -999.0 -999.0 -999.0 -999.0 -999.0 179.2689004243488 57.23877325771736 179.2759904637046 57.0840906651012 61.81702535002444 24.137883105025594 -999.0 16600.0 -999.0 2 134 {-999.0 -999.0 -999.0 -999.0 -999.0} "" -999.0 -999.0 -999.0 -999.0 -999 -999 "" ops_sky_apogee_best_unassigned ops_sky sky_apogee 0 0 0.0 0.0 -999 ""
FIBERMAP 614 R+1C11 BOSS 1 1 0 1 0 0 -41.06854092431058 27.126400824309112 143.1 -41.05695548891584 27.118748466636575 55.983116 88.028595 179.27410454879023 57.236889387954214 -0.3911304 -0.47057226 -0.17681089 179.27409150601798 57.236903236810754 179.28103085204623 57.082135875517345 61.81680541662536 24.14499285206989 5400.0 5400.0 2016.0 1 31 {-999.0 20.039534 19.803133 19.593672 19.426086} sdss_psfmag_from_gaiadr2 20.010384 19.828545 19.234663 -999.0 63050394824207868 1055794880 dark_flexible_2x2 bhm_gua_dark bhm_filler science 0 0 0.0 0.0 -999 ""
FIBERMAP 614 R+1C11 METROLOGY 0 0 0 1 0 0 -41.75677858774112 26.811434117283802 143.1 -41.744999000501515 26.80387061171932 55.983116 88.028595 -999.0 -999.0 -999.0 -999.0 -999.0 179.2682861433618 57.23542501541215 179.27528686947835 57.080682546590324 61.819906230906426 24.14182291956172 -999.0 6231.0 -999.0 -1 -999 {-999.0 -999.0 -999.0 -999.0 -999.0} "" -999.0 -999.0 -999.0 -999.0 -999 -999 "" "" "" "" 0 0 0.0 0.0 -999 ""
FIBERMAP 615 R-10C5 APOGEE 0 0 0 1 0 0 -96.30281324171104 -185.367773588982 143.1 -96.27564621809556 -185.31548134005257 107.53902 134.01321 -999.0 -999.0 -999.0 -999.0 -999.0 178.8330961037849 56.2703922338084 178.8418378038432 56.11598133629715 62.7161943752289 25.064362435496548 -999.0 16600.0 -999.0 2 -999 {-999.0 -999.0 -999.0 -999.0 -999.0} "" -999.0 -999.0 -999.0 -999.0 -999 -999 "" "" "" "" 0 0 0.0 0.0 -999 ""
FIBERMAP 615 R-10C5 BOSS 1 1 0 1 0 0 -95.97227793109819 -184.70297691184575 143.1 -95.94520415149383 -184.65087220205893 107.53902 134.01321 178.83577476225068 56.27344141164251 -999.0 -999.0 -999.0 178.83579192659926 56.27343693436582 178.8444022289309 56.118943965564085 62.71300191740835 25.062632006660863 5400.0 5400.0 2016.0 1 348 {-999.0 21.033224 21.00054 20.778925 20.169312} sdss_psfmag 1e+20 21.128395 1e+20 -999.0 63050394824149856 1059900565 dark_10x4_4yr bhm_aqmes_med_faint bhm_filler science 0 0 0.0 0.0 -999 ""
FIBERMAP 615 R-10C5 METROLOGY 0 0 0 1 0 0 -95.5576959664527 -185.32953451703497 143.1 -95.53073914042056 -185.27725305534773 107.53902 134.01321 -999.0 -999.0 -999.0 -999.0 -999.0 178.83922281932564 56.270615713467784 178.8478520429503 56.11614600368435 62.713925060346526 25.06975899135682 -999.0 6231.0 -999.0 -1 -999 {-999.0 -999.0 -999.0 -999.0 -999.0} "" -999.0 -999.0 -999.0 -999.0 -999 -999 "" "" "" "" 0 0 0.0 0.0 -999 ""
FIBERMAP 619 R+7C12 APOGEE 0 0 0 1 0 0 45.02297011635085 139.8105767586435 143.1 45.01026913648103 139.77113619493988 14.506431 122.00852 -999.0 -999.0 -999.0 -999.0 -999.0 180.00306717004725 57.74879497189946 180.00697105359518 57.59393752159502 61.17271443503882 24.09511011359291 -999.0 16600.0 -999.0 2 6 {-999.0 -999.0 -999.0 -999.0 -999.0} "" -999.0 -999.0 -999.0 -999.0 -999 -999 "" ops_sky_apogee_best_unassigned ops_sky sky_apogee 0 0 0.0 0.0 -999 ""
FIBERMAP 619 R+7C12 BOSS 1 1 0 1 0 0 45.550099006733134 139.29565506797934 143.1 45.53724932380334 139.25635976368466 14.506431 122.00852 180.00770321354233 57.746604727836356 -999.0 -999.0 -999.0 180.00770541077503 57.74658748168335 180.01145389736087 57.591643977814336 61.172936389017195 24.101983378293937 5400.0 5400.0 2016.0 1 138 {-999.0 20.27994 19.636782 19.327757 19.077078} sdss_fiber2mag_from_lsdr10 1e+20 1e+20 1e+20 16.024 63050399369181382 1068138894 dark_flexible_2x2 bhm_colr_galaxies_lsdr10 bhm_filler science 0 0 0.0 0.0 -999 ""
FIBERMAP 619 R+7C12 METROLOGY 0 0 0 1 0 0 44.82946549721172 139.0839797654092 143.1 44.81681910499496 139.04474417471738 14.506431 122.00852 -999.0 -999.0 -999.0 -999.0 -999.0 180.00151659324428 57.74561614585836 180.0053308799288 57.59069768177041 61.175765375482605 24.098014548898277 -999.0 6231.0 -999.0 -1 -999 {-999.0 -999.0 -999.0 -999.0 -999.0} "" -999.0 -999.0 -999.0 -999.0 -999 -999 "" "" "" "" 0 0 0.0 0.0 -999 ""
FIBERMAP 623 R+6C11 APOGEE 0 0 0 1 0 0 8.892477041510771 125.41895245163556 143.1 8.889968473737362 125.38357176514896 43.494453 118.33379 -999.0 -999.0 -999.0 -999.0 -999.0 179.69519843964753 57.68421663316201 179.70047454102405 57.529394111666136 61.327280301788576 23.917435891782873 -999.0 16600.0 -999.0 2 -999 {-999.0 -999.0 -999.0 -999.0 -999.0} "" -999.0 -999.0 -999.0 -999.0 -999 -999 "" "" "" "" 0 0 0.0 0.0 -999 ""
FIBERMAP 623 R+6C11 BOSS 1 1 0 1 0 0 9.625616412577026 125.19287051680371 143.1 9.622901026187039 125.15755360803092 43.494453 118.33379 179.70155506863455 57.68333649387872 1.952291 0.16076423 0.35617626 179.7015750473166 57.68332830557998 179.7066903330964 57.52841925728498 61.32591402556475 23.924098546020957 5400.0 5400.0 2016.0 1 136 {-999.0 20.581295 20.501034 20.31305 20.204773} sdss_psfmag 20.673267 20.900291 20.272724 -999.0 63050394824209200 1059900708 dark_10x4_4yr bhm_aqmes_med_faint bhm_filler science 0 0 0.0 0.0 -999 ""
FIBERMAP 623 R+6C11 METROLOGY 0 0 0 1 0 0 9.0711831369951 124.69457263969396 143.1 9.068624156232154 124.6593963007523 43.494453 118.33379 -999.0 -999.0 -999.0 -999.0 -999.0 179.69681494813963 57.681036780190965 179.70198869734793 57.526153069015635 61.32926768946634 23.923034523409115 -999.0 6231.0 -999.0 -1 -999 {-999.0 -999.0 -999.0 -999.0 -999.0} "" -999.0 -999.0 -999.0 -999.0 -999 -999 "" "" "" "" 0 0 0.0 0.0 -999 ""
FIBERMAP 624 R-5C1 APOGEE 0 0 0 1 0 0 -240.86277233105844 -89.51343387691522 143.1 -240.79482494298387 -89.48818213721854 89.66771 147.52666 -999.0 -999.0 -999.0 -999.0 -999.0 177.6346734923972 56.69274595403682 177.6486859406407 56.53840383681096 62.79689114938799 23.35881049391338 -999.0 16600.0 -999.0 2 241 {-999.0 -999.0 -999.0 -999.0 -999.0} "" -999.0 -999.0 -999.0 -999.0 -999 -999 "" ops_sky_apogee_best_unassigned ops_sky sky_apogee 0 0 0.0 0.0 -999 ""
FIBERMAP 624 R-5C1 BOSS 1 1 0 1 0 0 -240.48422926589257 -88.87445603850797 143.1 -240.41638866481668 -88.84938455445952 89.66771 147.52666 177.63767400126156 56.69574575367025 -3.94363 -0.7907382 -0.43360823 177.63766225804213 56.69574918100379 177.65154807624504 56.54132221823509 62.793612527877315 23.35769975983436 5400.0 5400.0 2016.0 1 498 {-999.0 21.131027 20.878649 20.652082 20.468456} sdss_psfmag_from_gaiadr2 20.832027 20.912949 20.015932 -999.0 63050394824205534 1055794834 dark_flexible_2x2 bhm_gua_dark bhm_filler science 0 0 0.0 0.0 -999 ""
FIBERMAP 624 R-5C1 METROLOGY 0 0 0 1 0 0 -240.109962468644 -89.5107005468306 143.1 -240.0422274482316 -89.48544957820634 89.66771 147.52666 -999.0 -999.0 -999.0 -999.0 -999.0 177.6408581197097 56.69289558976904 177.65476150880738 56.538492471623336 62.79479473298158 23.36452918174689 -999.0 6231.0 -999.0 -1 -999 {-999.0 -999.0 -999.0 -999.0 -999.0} "" -999.0 -999.0 -999.0 -999.0 -999 -999 "" "" "" "" 0 0 0.0 0.0 -999 ""
FIBERMAP 627 R+5C4 APOGEE 0 0 0 1 0 0 -175.61596064525924 80.87608610295493 143.1 -175.5664193827612 80.85327095906528 277.0663 81.156235 -999.0 -999.0 -999.0 -999.0 -999.0 178.13710446212164 57.472068683994465 178.14926076837605 57.317464434118726 62.01106803941806 22.812531967009704 -999.0 16600.0 -999.0 2 -999 {-999.0 -999.0 -999.0 -999.0 -999.0} "" -999.0 -999.0 -999.0 -999.0 -999 -999 "" "" "" "" 0 0 0.0 0.0 -999 ""
FIBERMAP 627 R+5C4 BOSS 1 1 0 1 0 0 -176.37184483642625 80.88329517293656 143.1 -176.3220903389979 80.86047799536827 277.0663 81.156235 178.1307172867131 57.47212985722429 0.40297332 0.21223374 0.8924745 178.13079904838648 57.47212368237677 178.14286196299838 57.317433786872996 62.01317838544398 22.806701641109157 5400.0 5400.0 2016.0 1 37 {-999.0 20.365574 20.324677 20.069468 19.914904} sdss_psfmag 20.325834 20.241549 19.71205 -999.0 63050394824212289 1059900745 dark_10x4_4yr bhm_aqmes_med_faint bhm_filler science 0 0 0.0 0.0 -999 ""
FIBERMAP 627 R+5C4 METROLOGY 0 0 0 1 0 0 -175.98248266014207 81.52595039118599 143.1 -175.93283800178364 81.50295192058064 277.0663 81.156235 -999.0 -999.0 -999.0 -999.0 -999.0 178.13394368079878 57.4750512979767 178.14602819814388 57.320384773682854 62.00979367477733 22.805810354659457 -999.0 6231.0 -999.0 -1 -999 {-999.0 -999.0 -999.0 -999.0 -999.0} "" -999.0 -999.0 -999.0 -999.0 -999 -999 "" "" "" "" 0 0 0.0 0.0 -999 ""
FIBERMAP 630 R+11C4 APOGEE 0 0 0 1 0 0 -88.41740059022514 217.40472006520466 143.1 -88.39245804151865 217.34339019367428 19.284027 116.03454 -999.0 -999.0 -999.0 -999.0 -999.0 178.86156668778565 58.096405230981496 178.87068763489742 57.94156045350207 61.280661300898515 22.661062862300298 -999.0 16600.0 -999.0 2 26 {-999.0 -999.0 -999.0 -999.0 -999.0} "" -999.0 -999.0 -999.0 -999.0 -999 -999 "" "" "" "" 0 0 0.0 0.0 -999 ""
FIBERMAP 630 R+11C4 BOSS 1 1 0 1 0 0 -87.89867432824548 216.87223548465408 143.1 -87.87387811221748 216.81105582702386 19.284027 116.03454 178.8658641018503 58.09419109629718 -71.88887 -14.972221 12.587755 178.866142040536 58.09417283586797 178.8751128555275 57.93923944226138 61.281065832699696 22.667883277063083 5400.0 5400.0 2016.0 1 145 {-999.0 18.624363 17.054869 15.354361 -999.0} sdss_psfmag 17.938581 16.545855 14.765908 12.258 63050394824212900 1132423757 dark_2x1 mwm_snc_100pc_boss mwm_snc science 0 0 1.2987260818481445 0.0 -999 ""
FIBERMAP 630 R+11C4 METROLOGY 0 0 0 1 0 0 -88.6082059753349 216.6769512581839 143.1 -88.58320960042926 216.61582669023397 19.284027 116.03454 -999.0 -999.0 -999.0 -999.0 -999.0 178.86005157443267 58.09321569977165 178.86908627801358 57.93830832654222 61.28375617653486 22.66379278229641 -999.0 6231.0 -999.0 -1 -999 {-999.0 -999.0 -999.0 -999.0 -999.0} "" -999.0 -999.0 -999.0 -999.0 -999 -999 "" "" "" "" 0 0 0.0 0.0 -999 ""
FIBERMAP 631 R-5C16 APOGEE 0 0 0 1 0 0 96.53280004361658 -104.18814852618014 143.1 96.50556814072428 -104.15875704948091 179.2602 162.18312 -999.0 -999.0 -999.0 -999.0 -999.0 180.41778509367052 56.63756422021303 180.419808301962 56.482949771135196 61.86650973829222 25.974930923564898 -999.0 16600.0 -999.0 2 202 {-999.0 -999.0 -999.0 -999.0 -999.0} "" -999.0 -999.0 -999.0 -999.0 -999 -999 "" ops_sky_apogee_best_unassigned ops_sky sky_apogee 0 0 0.0 0.0 -999 ""
FIBERMAP 631 R-5C16 BOSS 1 1 0 1 0 0 95.82273799012131 -103.96018190319836 143.1 95.7957063957343 -103.93085473588347 179.2602 162.18312 180.41212726246798 56.63868875674279 -999.0 -999.0 -999.0 180.41215239065545 56.63866837858487 180.41406797681987 56.483972487370174 61.86786150587453 25.9684753029091 5400.0 5400.0 2015.5 1 304 {-999.0 -999.0 -999.0 -999.0 -999.0} "" -999.0 -999.0 -999.0 -999.0 27021603105718715 807361796 "" ops_sky_boss_good ops_sky sky_boss 0 0 0.0 0.0 -999 ""
FIBERMAP 631 R-5C16 METROLOGY 0 0 0 1 0 0 96.36715240568881 -103.45851186723628 143.1 96.33996723199517 -103.42932622103854 179.2602 162.18312 -999.0 -999.0 -999.0 -999.0 -999.0 180.4166507691836 56.64090581816699 180.41858437894155 56.48623229679791 61.86451455482158 25.969220403278655 -999.0 6231.0 -999.0 -1 -999 {-999.0 -999.0 -999.0 -999.0 -999.0} "" -999.0 -999.0 -999.0 -999.0 -999 -999 "" "" "" "" 0 0 0.0 0.0 -999 ""
FIBERMAP 635 R+9C12 APOGEE 0 0 0 1 0 0 52.54636347551907 189.43227750243662 143.1 52.53154014638263 189.37883865695318 116.51215 101.09923 -999.0 -999.0 -999.0 -999.0 -999.0 180.0691416069336 57.972701066646515 180.07276597192708 57.81778681110558 60.97814619742365 23.854990456483108 -999.0 16600.0 -999.0 2 25 {-999.0 -999.0 -999.0 -999.0 -999.0} "" -999.0 -999.0 -999.0 -999.0 -999 -999 "" ops_sky_apogee_best_unassigned ops_sky sky_apogee 0 0 0.0 0.0 -999 ""
FIBERMAP 635 R+9C12 BOSS 1 1 0 1 0 0 53.13414051417165 189.8910204288163 143.1 53.1191513731326 189.83745217195332 116.51215 101.09923 180.07436989725335 57.97489346125775 -0.17444694 0.038702402 -0.30968073 180.07434878384262 57.97488072144531 180.07781384691043 57.819878446354686 60.974819796460665 23.856502223160305 5400.0 5400.0 2016.0 1 140 {-999.0 20.270859 20.12305 19.992996 19.919569} sdss_psfmag_from_gaiadr2 20.136694 20.113836 19.633568 -999.0 63050394851419224 1056005657 dark_flexible_2x2 bhm_gua_dark bhm_filler science 0 0 0.0 0.0 -999 ""
FIBERMAP 635 R+9C12 METROLOGY 0 0 0 1 0 0 53.242805555967614 189.15515862920955 143.1 53.22778576052028 189.10179795896025 116.51215 101.09923 -999.0 -999.0 -999.0 -999.0 -999.0 180.07520598079373 57.97152750078724 180.07870543315494 57.81655070669742 60.977077349118574 23.861635492860728 -999.0 6231.0 -999.0 -1 -999 {-999.0 -999.0 -999.0 -999.0 -999.0} "" -999.0 -999.0 -999.0 -999.0 -999 -999 "" "" "" "" 0 0 0.0 0.0 -999 ""
FIBERMAP 637 R-13C10 APOGEE 0 0 0 1 0 0 49.752955831697534 -262.2579987121148 143.1 49.73892052285741 -262.1840157306781 227.1699 128.24681 -999.0 -999.0 -999.0 -999.0 -999.0 180.02137696115776 55.927119715164274 180.02504891890976 55.77268985243274 62.54175628846502 26.642562437311426 -999.0 16600.0 -999.0 2 181 {-999.0 -999.0 -999.0 -999.0 -999.0} "" -999.0 -999.0 -999.0 -999.0 -999 -999 "" ops_sky_apogee_best_unassigned ops_sky sky_apogee 0 0 0.0 0.0 -999 ""
FIBERMAP 637 R-13C10 BOSS 1 1 0 1 0 0 49.01179543839892 -262.17172645310904 143.1 48.99796921090575 -262.09776780907663 227.1699 128.24681 180.01552063491437 55.92757446597818 -0.17684688 -0.2127137 -0.005436992 180.01553310064176 55.92758511306117 180.01910312040866 55.77307669462025 62.543710975024446 26.636617582122085 5400.0 5400.0 2016.0 1 335 {-999.0 19.971054 19.600239 19.499325 19.217152} sdss_psfmag 19.748718 19.485016 19.008656 -999.0 63050394851388368 1167507547 dark_3x4 bhm_aqmes_wide3_faint bhm_filler science 0 0 0.0 0.0 -999 ""
FIBERMAP 637 R-13C10 METROLOGY 0 0 0 1 0 0 49.45104673962134 -261.57519027369347 143.1 49.437096599336094 -261.5013999125173 227.1699 128.24681 -999.0 -999.0 -999.0 -999.0 -999.0 180.01908077557974 55.93021656655584 180.02267195361742 55.77572965409419 62.540396730150995 26.635991911735402 -999.0 6231.0 -999.0 -1 -999 {-999.0 -999.0 -999.0 -999.0 -999.0} "" -999.0 -999.0 -999.0 -999.0 -999 -999 "" "" "" "" 0 0 0.0 0.0 -999 ""
FIBERMAP 640 R-5C17 APOGEE 0 0 0 1 0 0 115.29219524849755 -113.17317532540746 143.1 115.25967132021795 -113.14124917264816 277.57318 78.19116 -999.0 -999.0 -999.0 -999.0 -999.0 180.57129299410366 56.59593755075129 180.57265543831556 56.441327809848474 61.840964474361584 26.167023139288688 -999.0 16600.0 -999.0 2 -999 {-999.0 -999.0 -999.0 -999.0 -999.0} "" -999.0 -999.0 -999.0 -999.0 -999 -999 "" "" "" "" 0 0 0.0 0.0 -999 ""
FIBERMAP 640 R-5C17 BOSS 1 1 0 1 0 0 114.52994939635667 -113.12304309424985 143.1 114.49764049763196 -113.09113108379297 277.57318 78.19116 180.56523315728626 56.596244996073885 -0.31989482 -0.18076375 -0.25101337 180.56523139225416 56.59624366713134 180.56648724927334 56.4415529378305 61.843084556565586 26.16134416509567 5400.0 5400.0 2016.0 1 300 {-999.0 19.336145 19.312056 19.04936 19.110521} sdss_psfmag 19.22076 19.221323 18.729612 -999.0 63050394851390747 1059898068 dark_10x4_4yr bhm_aqmes_med bhm_aqmes science 0 0 0.0 0.0 -999 ""
FIBERMAP 640 R-5C17 METROLOGY 0 0 0 1 0 0 114.94965276218204 -112.51035813674937 143.1 114.91722546513783 -112.478618964719 277.57318 78.19116 -999.0 -999.0 -999.0 -999.0 -999.0 180.56871731108052 56.598984073292 180.56999573193923 56.44431557286311 61.839734690681 26.16046604804842 -999.0 6231.0 -999.0 -1 -999 {-999.0 -999.0 -999.0 -999.0 -999.0} "" -999.0 -999.0 -999.0 -999.0 -999 -999 "" "" "" "" 0 0 0.0 0.0 -999 ""
FIBERMAP 641 R-8C16 APOGEE 0 0 0 1 0 0 142.17108514959892 -159.04842865074448 143.1 142.13097868647822 -159.00356108902213 288.55246 154.50087 -999.0 -999.0 -999.0 -999.0 -999.0 180.78443219817797 56.387082872352785 180.78488633808752 56.23251695337061 61.915712087296114 26.650141740527317 -999.0 16600.0 -999.0 2 -999 {-999.0 -999.0 -999.0 -999.0 -999.0} "" -999.0 -999.0 -999.0 -999.0 -999 -999 "" "" "" "" 0 0 0.0 0.0 -999 ""
FIBERMAP 641 R-8C16 BOSS 1 1 0 1 0 0 142.087047998437 -159.80177507157293 143.1 142.04696524219662 -159.75669499082525 288.55246 154.50087 180.78378927356448 56.38371482614986 -0.12770647 -1.4296869 0.40353397 180.78379956737717 56.383736593179286 180.7841234852434 56.229091422207645 61.91851591814873 26.654418136964637 5400.0 5400.0 2016.0 1 307 {-999.0 17.464085 17.07076 16.939873 -999.0} sdss_psfmag 17.405966 17.095026 16.621433 15.709 63050394851390624 978133724 "" ops_std_boss ops_std standard_boss 0 0 0.0 0.0 -999 ""
FIBERMAP 641 R-8C16 METROLOGY 0 0 0 1 0 0 141.4889545011791 -159.35068641987237 143.1 141.44904046711434 -159.30573359123335 288.55246 154.50087 -999.0 -999.0 -999.0 -999.0 -999.0 180.7789526604604 56.3857873549954 180.77933490157875 56.23116447349637 61.918799310817846 26.647276198626116 -999.0 6231.0 -999.0 -1 -999 {-999.0 -999.0 -999.0 -999.0 -999.0} "" -999.0 -999.0 -999.0 -999.0 -999 -999 "" "" "" "" 0 0 0.0 0.0 -999 ""
FIBERMAP 647 R-6C1 APOGEE 0 0 1 1 0 0 -223.5597052665278 -108.74578239938901 143.1 -223.49663907367213 -108.71510521417416 10.751857 169.73878 -999.0 -999.0 -999.0 -999.0 -999.0 177.78062416942367 56.60771772237279 177.7939717054013 56.453371487169406 62.81577722005389 23.61121587156248 -999.0 16600.0 -999.0 2 261 {-999.0 -999.0 -999.0 -999.0 -999.0} "" -999.0 -999.0 -999.0 -999.0 -999 -999 "" ops_sky_apogee_best_unassigned ops_sky sky_apogee 0 0 0.0 0.0 -999 ""
FIBERMAP 647 R-6C1 BOSS 1 0 1 1 0 0 -222.82252032379242 -108.69761794270629 143.1 -222.7596620908091 -108.66695434468465 10.751857 169.73878 177.89579548403842 56.520930298630205 -999.0 -999.0 -999.0 177.7866862626974 56.60807884620596 177.7998922304805 56.4536483756599 62.81356348618657 23.616523656830964 5400.0 5400.0 2015.5 1 499 {-999.0 -999.0 -999.0 -999.0 -999.0} "" -999.0 -999.0 -999.0 -999.0 27021603092607917 816853796 "" ops_sky_boss_good ops_sky sky_boss 0 0 0.0 0.0 -999 ""
FIBERMAP 647 R-6C1 METROLOGY 0 0 1 1 0 0 -223.1159204838753 -109.37862797769957 143.1 -223.0529794827068 -109.34777226674706 10.751857 169.73878 -999.0 -999.0 -999.0 -999.0 -999.0 177.78445672058447 56.60495644575444 177.79770369499533 56.45055064506495 62.81675637953799 23.61855840642278 -999.0 6231.0 -999.0 -1 -999 {-999.0 -999.0 -999.0 -999.0 -999.0} "" -999.0 -999.0 -999.0 -999.0 -999 -999 "" "" "" "" 0 0 0.0 0.0 -999 ""
FIBERMAP 648 R+10C6 APOGEE 0 0 0 1 0 0 -63.85150402865912 177.44841845835097 143.1 -63.83349151937264 177.39836025950387 309.30164 87.51852 -999.0 -999.0 -999.0 -999.0 -999.0 179.0737720766709 57.91812055105392 179.0818852025643 57.76329578537164 61.35234084138989 23.07393170868795 -999.0 16600.0 -999.0 2 -999 {-999.0 -999.0 -999.0 -999.0 -999.0} "" -999.0 -999.0 -999.0 -999.0 -999 -999 "" "" "" "" 0 0 0.0 0.0 -999 ""
FIBERMAP 648 R+10C6 BOSS 1 1 0 1 0 0 -64.47714923964331 176.9909274813925 143.1 -64.45896023584281 176.94099834075 309.30164 87.51852 179.06848635879814 57.91614914465028 -0.06098714 0.13663428 -0.50303334 179.06854707171468 57.91616482074244 179.07655408009555 57.76125330423768 61.35570378779862 23.071899093851243 5400.0 5400.0 2016.0 1 119 {-999.0 19.926762 19.528013 19.548555 19.619764} sdss_psfmag 19.216934 19.27399 18.761868 -999.0 63050394824212989 1059900754 dark_10x4_4yr bhm_aqmes_med_faint bhm_filler science 0 0 0.0 0.0 -999 ""
FIBERMAP 648 R+10C6 METROLOGY 0 0 0 1 0 0 -64.53938525517492 177.73734993590043 143.1 -64.52117869459444 177.68721022948353 309.30164 87.51852 -999.0 -999.0 -999.0 -999.0 -999.0 179.0679486939363 57.91949386229897 179.07599583274032 57.76460646969022 61.353250760107166 23.067089977596765 -999.0 6231.0 -999.0 -1 -999 {-999.0 -999.0 -999.0 -999.0 -999.0} "" -999.0 -999.0 -999.0 -999.0 -999 -999 "" "" "" "" 0 0 0.0 0.0 -999 ""
FIBERMAP 650 R-2C1 APOGEE 0 0 0 1 0 0 -284.8621574457878 -42.11984929198685 143.1 -284.78179783117236 -42.10796728250158 215.14003 91.22597 -999.0 -999.0 -999.0 -999.0 -999.0 177.26327449276968 56.90116447655274 177.2789927330142 56.746839189078656 62.75161360245061 22.73015723811386 -999.0 16600.0 -999.0 2 275 {-999.0 -999.0 -999.0 -999.0 -999.0} "" -999.0 -999.0 -999.0 -999.0 -999 -999 "" ops_sky_apogee_best_unassigned ops_sky sky_apogee 0 0 0.0 0.0 -999 ""
FIBERMAP 650 R-2C1 BOSS 1 1 0 1 0 0 -285.3139756451541 -41.523540269750704 143.1 -285.2334885726246 -41.51182647904061 215.14003 91.22597 177.25957933039064 56.903888081048386 -1.1251428 -0.15117991 -0.25578395 177.25956774351556 56.903878198825495 177.275189802643 56.74946820489923 62.750731107930115 22.723086341906992 5400.0 5400.0 2016.0 1 426 {-999.0 20.343088 20.204287 20.07822 20.014717} sdss_psfmag_from_gaiadr2 20.123987 20.194744 19.657036 -999.0 63050394824206488 1055794851 dark_flexible_2x2 bhm_gua_dark bhm_filler science 0 0 0.0 0.0 -999 ""
FIBERMAP 650 R-2C1 METROLOGY 0 0 0 1 0 0 -284.5773829321872 -41.429843101318426 143.1 -284.49710365246204 -41.41815574257954 215.14003 91.22597 -999.0 -999.0 -999.0 -999.0 -999.0 177.265481813614 56.90438087868748 177.28111071443368 56.74999368833126 62.74838438543259 22.728118147090584 -999.0 6231.0 -999.0 -1 -999 {-999.0 -999.0 -999.0 -999.0 -999.0} "" -999.0 -999.0 -999.0 -999.0 -999 -999 "" "" "" "" 0 0 0.0 0.0 -999 ""
FIBERMAP 654 R+12C14 APOGEE 0 0 0 1 0 0 123.6868086996302 222.32729787306386 143.1 123.65191665089604 222.2645793423339 236.13718 104.260414 -999.0 -999.0 -999.0 -999.0 -999.0 180.67918728638466 58.115653081198666 180.6800458162637 57.96068111326458 60.66098373931694 24.172924902885597 -999.0 16600.0 -999.0 2 91 {-999.0 -999.0 -999.0 -999.0 -999.0} "" -999.0 -999.0 -999.0 -999.0 -999 -999 "" ops_sky_apogee_best_unassigned ops_sky sky_apogee 0 0 0.0 0.0 -999 ""
FIBERMAP 654 R+12C14 BOSS 1 1 0 1 0 0 122.99205010825808 222.5869784007589 143.1 122.95735405092255 222.52418661415206 236.13718 104.260414 180.67344291810792 58.11700453202588 -4.939688 -0.4754148 0.3291131 180.67343502680782 58.11698586670241 180.6741792682526 57.9619263738839 60.66205616167569 24.166443128619164 5400.0 5400.0 2016.0 1 89 {-999.0 17.26824 17.024614 16.94081 16.931774} sdss_psfmag_from_gaia 17.248 17.0228 16.6269 16.005 63050394851420809 968827171 "" ops_std_boss_gdr2 ops_std standard_boss 0 0 0.0 0.0 -999 ""
FIBERMAP 654 R+12C14 METROLOGY 0 0 0 1 0 0 123.56506978217618 223.07131861129517 143.1 123.53021207599063 223.00839019231492 236.13718 104.260414 -999.0 -999.0 -999.0 -999.0 -999.0 180.67832042501942 58.119068589851906 180.67908213028238 57.964033231423294 60.658765391376406 24.167691033281756 -999.0 6231.0 -999.0 -1 -999 {-999.0 -999.0 -999.0 -999.0 -999.0} "" -999.0 -999.0 -999.0 -999.0 -999 -999 "" "" "" "" 0 0 0.0 0.0 -999 ""
FIBERMAP 660 R+8C18 APOGEE 0 0 0 1 0 0 177.35545376904918 162.91551218000654 143.1 177.30542179554092 162.86955371402058 39.150272 164.39484 -999.0 -999.0 -999.0 -999.0 -999.0 181.1287313285746 57.842810074329236 181.1275718390799 57.68789682992377 60.710628185131576 24.9057811251825 -999.0 16600.0 -999.0 2 -999 {-999.0 -999.0 -999.0 -999.0 -999.0} "" -999.0 -999.0 -999.0 -999.0 -999 -999 "" "" "" "" 0 0 0.0 0.0 -999 ""
FIBERMAP 660 R+8C18 BOSS 1 1 0 1 0 0 178.04637825528587 163.22435079592378 143.1 177.99615137198006 163.17830520656426 39.150272 164.39484 181.13372826829664 57.84400856374484 30.588705 78.66262 12.468044 181.13479164104632 57.844216581794804 181.13346263672145 57.689217158187475 60.70755305942793 24.908813877778357 5400.0 5400.0 2016.0 1 239 {-999.0 17.09282 15.772035 14.420938 -999.0} sdss_psfmag_ps1 16.524647 15.082349 13.903572 11.788 63050394851419730 1132522602 bright_2x1 mwm_snc_100pc_boss mwm_snc science 0 0 1.6111421585083008 0.0 -999 ""
FIBERMAP 660 R+8C18 METROLOGY 0 0 0 1 0 0 177.95852634513506 162.47623385310553 143.1 177.9083242448531 162.43039930753557 39.150272 164.39484 -999.0 -999.0 -999.0 -999.0 -999.0 181.13389973997326 57.840831231882 181.13261538664415 57.685856947194225 60.71036984765523 24.912671406074423 -999.0 6231.0 -999.0 -1 -999 {-999.0 -999.0 -999.0 -999.0 -999.0} "" -999.0 -999.0 -999.0 -999.0 -999 -999 "" "" "" "" 0 0 0.0 0.0 -999 ""
FIBERMAP 661 R-11C8 APOGEE 0 0 0 1 0 0 -17.741455768040403 -208.98228060120564 143.1 -17.73645090336824 -208.92332669984805 77.70085 166.50603 -999.0 -999.0 -999.0 -999.0 -999.0 179.47524736926937 56.16578727518839 179.4812478663439 56.01133893655119 62.56507103775091 25.803980282384543 -999.0 16600.0 -999.0 2 158 {-999.0 -999.0 -999.0 -999.0 -999.0} "" -999.0 -999.0 -999.0 -999.0 -999 -999 "" ops_sky_apogee_best_unassigned ops_sky sky_apogee 0 0 0.0 0.0 -999 ""
FIBERMAP 661 R-11C8 BOSS 1 1 0 1 0 0 -17.446792255072868 -208.29705599713807 143.1 -17.441870514977712 -208.23829539764128 77.70085 166.50603 179.4778196454569 56.16892807506705 -999.0 -999.0 -999.0 179.47774929386037 56.1689028860799 179.48361550124173 56.01437345366515 62.561910849407056 25.80183923816668 5400.0 5400.0 2015.5 1 360 {-999.0 -999.0 -999.0 -999.0 -999.0} "" -999.0 -999.0 -999.0 -999.0 27021603092604903 805487894 "" ops_sky_boss_good ops_sky sky_boss 0 0 0.0 0.0 -999 ""
FIBERMAP 661 R-11C8 METROLOGY 0 0 0 1 0 0 -16.999233677638152 -208.90002492014804 143.1 -16.99443819381769 -208.8410942231181 77.70085 166.50603 -999.0 -999.0 -999.0 -999.0 -999.0 179.4813752025323 56.16618248353126 179.48726082972246 56.0116761206105 62.56261507268723 25.8090147748797 -999.0 6231.0 -999.0 -1 -999 {-999.0 -999.0 -999.0 -999.0 -999.0} "" -999.0 -999.0 -999.0 -999.0 -999 -999 "" "" "" "" 0 0 0.0 0.0 -999 ""
FIBERMAP 663 R0C1 APOGEE 0 0 0 1 0 0 -290.4044036677075 -14.877373673094453 143.1 -290.32248058543286 -14.873176765981274 284.52667 105.14014 -999.0 -999.0 -999.0 -999.0 -999.0 177.20994985049336 57.02326017824251 177.22596479061235 56.86891616533168 62.67028456971523 22.521735762775222 -999.0 16600.0 -999.0 2 277 {-999.0 -999.0 -999.0 -999.0 -999.0} "" -999.0 -999.0 -999.0 -999.0 -999 -999 "" ops_sky_apogee_best_unassigned ops_sky sky_apogee 0 0 0.0 0.0 -999 ""
FIBERMAP 663 R0C1 BOSS 1 1 0 1 0 0 -291.04134366830925 -15.259655651132714 143.1 -290.95924090526046 -15.25535090227353 284.52667 105.14014 177.20503028706872 57.021526435670516 -999.0 -999.0 -999.0 177.20503670162364 57.02152528556369 177.22095828313456 56.867097321027295 62.67336654120403 22.519254521264486 5400.0 5400.0 2015.5 1 424 {-999.0 -999.0 -999.0 -999.0 -999.0} "" -999.0 -999.0 -999.0 -999.0 27021603092663740 805496411 "" ops_sky_boss_good ops_sky sky_boss 0 0 0.0 0.0 -999 ""
FIBERMAP 663 R0C1 METROLOGY 0 0 0 1 0 0 -291.06882251988685 -14.51523580828776 143.1 -290.986712005054 -14.511141060266244 284.52667 105.14014 -999.0 -999.0 -999.0 -999.0 -999.0 177.20455504557714 57.024855434353356 177.2205127644836 56.87045093630075 62.67080027624152 22.5145219770352 -999.0 6231.0 -999.0 -1 -999 {-999.0 -999.0 -999.0 -999.0 -999.0} "" -999.0 -999.0 -999.0 -999.0 -999 -999 "" "" "" "" 0 0 0.0 0.0 -999 ""
FIBERMAP 664 R+7C5 APOGEE 0 0 0 1 0 0 -134.51223799210004 139.41335760081455 143.1 -134.47429208976249 139.37402909263537 149.4034 129.6285 -999.0 -999.0 -999.0 -999.0 -999.0 178.47566941773067 57.74131592722499 178.48641816046438 57.586601652035846 61.687044117457035 22.773104360619755 -999.0 16600.0 -999.0 2 117 {-999.0 -999.0 -999.0 -999.0 -999.0} "" -999.0 -999.0 -999.0 -999.0 -999 -999 "" ops_sky_apogee_best_unassigned ops_sky sky_apogee 0 0 0.0 0.0 -999 ""
FIBERMAP 664 R+7C5 BOSS 1 1 0 1 0 0 -134.62093282203918 140.14558070859914 143.1 -134.5829562568901 140.10604564028125 149.4034 129.6285 178.47483555112552 57.74480887870129 -20.988611 -14.623937 0.5084474 178.47472471843753 57.74473953445006 178.48535420254382 57.58993711925407 61.684740179344736 22.76787904587053 5400.0 5400.0 2016.0 1 56 {-999.0 17.88399 17.415314 17.246014 -999.0} sdss_psfmag 17.804968 17.439003 16.915403 16.218 63050394824212531 1136901077 dark_flexible_3x1 mwm_halo_local_low_boss_triple mwm_halo science 0 0 0.0 0.0 -999 ""
FIBERMAP 664 R+7C5 METROLOGY 0 0 0 1 0 0 -133.9286980113221 139.87472670712992 143.1 -133.89091672561312 139.83526804672584 149.4034 129.6285 -999.0 -999.0 -999.0 -999.0 -999.0 178.48059612545737 57.743548488520126 178.49123421459933 57.58877038960992 61.683753431974345 22.774651737788076 -999.0 6231.0 -999.0 -1 -999 {-999.0 -999.0 -999.0 -999.0 -999.0} "" -999.0 -999.0 -999.0 -999.0 -999 -999 "" "" "" "" 0 0 0.0 0.0 -999 ""
FIBERMAP 665 R-5C18 APOGEE 0 0 0 1 0 0 129.38054849428116 -83.47854916907109 143.1 129.34405024155092 -83.45499987035049 202.18443 38.530045 -999.0 -999.0 -999.0 -999.0 -999.0 180.69162220745974 56.72982250882291 180.69246385424913 56.57517811598204 61.697357139572034 26.080794962481775 -999.0 16600.0 -999.0 2 220 {-999.0 -999.0 -999.0 -999.0 -999.0} "" -999.0 -999.0 -999.0 -999.0 -999 -999 "" ops_sky_apogee_best_unassigned ops_sky sky_apogee 0 0 0.0 0.0 -999 ""
FIBERMAP 665 R-5C18 BOSS 1 1 0 1 0 0 129.72310418210478 -82.82330947462387 143.1 129.686509294415 -82.79994501902108 202.18443 38.530045 180.69540046801075 56.73282275081778 -126.33203 0.32243356 15.801457 180.6947687935201 56.73282510313472 180.69546271258514 56.57809837270708 61.69408364325625 26.079244183042647 5400.0 5400.0 2016.0 1 292 {-999.0 19.38485 17.831213 16.004967 -999.0} sdss_psfmag 18.741343 16.739866 15.413388 12.943 63050394851390890 1132431494 dark_2x1 mwm_snc_100pc_boss mwm_snc science 0 0 0.0 0.0 -999 ""
FIBERMAP 665 R-5C18 METROLOGY 0 0 0 1 0 0 130.11959062709494 -83.46043907820722 143.1 130.08288389057904 -83.43689488834326 202.18443 38.530045 -999.0 -999.0 -999.0 -999.0 -999.0 180.69789413019777 56.729892315820464 180.69861260370237 56.575189324597865 61.6950755248257 26.086074369856817 -999.0 6231.0 -999.0 -1 -999 {-999.0 -999.0 -999.0 -999.0 -999.0} "" -999.0 -999.0 -999.0 -999.0 -999 -999 "" "" "" "" 0 0 0.0 0.0 -999 ""
FIBERMAP 667 R0C9 APOGEE 0 0 0 1 0 0 -106.91674526038075 10.7926982395282 143.1 -106.88658404654281 10.78965361935483 57.9728 124.38561 -999.0 -999.0 -999.0 -999.0 -999.0 178.72249212174674 57.15961178746044 178.73196091775776 57.00500472328769 62.06428576026573 23.753448882783687 -999.0 16600.0 -999.0 2 246 {-999.0 -999.0 -999.0 -999.0 -999.0} "" -999.0 -999.0 -999.0 -999.0 -999 -999 "" ops_sky_apogee_best_unassigned ops_sky sky_apogee 0 0 0.0 0.0 -999 ""
FIBERMAP 667 R0C9 BOSS 1 1 0 1 0 0 -106.17621529879257 10.84221991340947 143.1 -106.14626298845678 10.839161323171899 57.9728 124.38561 178.728679095597 57.159969546798656 -999.0 -999.0 -999.0 178.72871785388642 57.15997167426318 178.73803571934616 57.005278983717524 62.06201322111632 23.758613452509337 5400.0 5400.0 2015.5 1 492 {-999.0 -999.0 -999.0 -999.0 -999.0} "" -999.0 -999.0 -999.0 -999.0 27021603092664479 805496511 "" ops_sky_boss_good ops_sky sky_boss 0 0 0.0 0.0 -999 ""
FIBERMAP 667 R0C9 METROLOGY 0 0 0 1 0 0 -106.5017532803377 10.171495141056276 143.1 -106.47170913573731 10.168625762276985 57.9728 124.38561 -999.0 -999.0 -999.0 -999.0 -999.0 178.72604742594658 57.15687499455781 178.73541117015475 57.00220738929254 62.06530724215929 23.760303609584582 -999.0 6231.0 -999.0 -1 -999 {-999.0 -999.0 -999.0 -999.0 -999.0} "" -999.0 -999.0 -999.0 -999.0 -999 -999 "" "" "" "" 0 0 0.0 0.0 -999 ""
FIBERMAP 669 R+3C3 APOGEE 1 1 0 1 0 0 -224.32830542446578 64.22700321158226 143.1 -224.26502240950555 64.20888477397628 150.45403 119.27419 177.73342504659627 57.39059869524118 -999.0 -999.0 -999.0 177.73341094758018 57.39055732671241 177.74731710495564 57.23603458926535 62.2065449747574 22.545263323913275 16000.0 16600.0 2015.5 2 107 {-999.0 -999.0 -999.0 -999.0 -999.0} "" -999.0 -999.0 -999.0 -999.0 27021603092667385 838968494 "" ops_sky_apogee_best ops_sky sky_apogee 0 0 0.0 0.0 -999 ""
FIBERMAP 669 R+3C3 BOSS 0 0 0 1 0 0 -224.30479506553078 64.96628643726731 143.1 -224.2415186828428 64.94795944786337 150.45403 119.27419 -999.0 -999.0 -999.0 -999.0 -999.0 177.73351200116107 57.39400081516316 177.74730076924016 57.239390755682244 62.20385459056743 22.540960507446584 -999.0 5400.0 -999.0 1 59 {-999.0 -999.0 -999.0 -999.0 -999.0} "" -999.0 -999.0 -999.0 -999.0 -999 -999 "" "" "" "" 0 0 0.0 0.0 -999 ""
FIBERMAP 669 R+3C3 METROLOGY 0 0 0 1 0 0 -223.6664974543213 64.58617762644015 143.1 -223.60340113538945 64.56795786573173 150.45403 119.27419 -999.0 -999.0 -999.0 -999.0 -999.0 177.73887557740727 57.39234294569712 177.75267347692238 57.23775691894264 62.20343468480239 22.548055229652164 -999.0 6231.0 -999.0 -1 -999 {-999.0 -999.0 -999.0 -999.0 -999.0} "" -999.0 -999.0 -999.0 -999.0 -999 -999 "" "" "" "" 0 0 0.0 0.0 -999 ""
FIBERMAP 671 R+1C15 APOGEE 0 0 0 1 0 0 50.64249016780897 13.768381079433084 143.1 50.628203921332634 13.764497019130577 17.307285 75.580475 -999.0 -999.0 -999.0 -999.0 -999.0 180.04506910757195 57.175780276425265 180.04873908024933 57.02105608012489 61.595681918506486 24.903265356855854 -999.0 16600.0 -999.0 2 -999 {-999.0 -999.0 -999.0 -999.0 -999.0} "" -999.0 -999.0 -999.0 -999.0 -999 -999 "" "" "" "" 0 0 0.0 0.0 -999 ""
FIBERMAP 671 R+1C15 BOSS 1 1 0 1 0 0 50.69817037244697 13.003336373749558 143.1 50.6838684185849 12.999668132558524 17.307285 75.580475 180.0456581068036 57.17232897760617 0.42947233 0.2077901 -0.37980202 180.0456822608388 57.172385846410045 180.04921727323097 57.01757853161593 61.5981537166596 24.908436872119353 5400.0 5400.0 2016.0 1 189 {-999.0 18.960037 18.890806 18.774343 18.76013} sdss_psfmag 19.044691 18.892206 18.444546 -999.0 63050394851391690 1059898071 dark_10x4_4yr bhm_aqmes_med bhm_aqmes science 0 0 0.0 0.0 -999 ""
FIBERMAP 671 R+1C15 METROLOGY 0 0 0 1 0 0 50.02954689010738 13.342984183778874 143.1 50.015433554929686 13.339220127940631 17.307285 75.580475 -999.0 -999.0 -999.0 -999.0 -999.0 180.04003748350493 57.1739264032001 180.0436348318084 57.01914279721437 61.598942414724014 24.90144503927928 -999.0 6231.0 -999.0 -1 -999 {-999.0 -999.0 -999.0 -999.0 -999.0} "" -999.0 -999.0 -999.0 -999.0 -999 -999 "" "" "" "" 0 0 0.0 0.0 -999 ""
FIBERMAP 673 R-11C1 APOGEE 0 0 0 1 0 0 -178.29912038991972 -217.9361911472523 143.1 -178.24882220805773 -217.87471134772966 188.20523 131.35028 -999.0 -999.0 -999.0 -999.0 -999.0 178.1745947165579 56.120471476925914 178.1860717484284 55.96617932730427 63.0639913681265 24.6499651157161 -999.0 16600.0 -999.0 2 271 {-999.0 -999.0 -999.0 -999.0 -999.0} "" -999.0 -999.0 -999.0 -999.0 -999 -999 "" ops_sky_apogee_best_unassigned ops_sky sky_apogee 0 0 0.0 0.0 -999 ""
FIBERMAP 673 R-11C1 BOSS 1 1 0 1 0 0 -178.8744005739656 -217.45846845364798 143.1 -178.8239401055637 -217.3971234196972 188.20523 131.35028 178.16998075689546 56.122666128959004 -999.0 -999.0 -999.0 178.1699768106356 56.122661312276335 178.18135791065652 55.968288407340786 63.06400054518694 24.64250898218745 5400.0 5400.0 2015.5 1 421 {-999.0 -999.0 -999.0 -999.0 -999.0} "" -999.0 -999.0 -999.0 -999.0 27021603092608281 805488365 "" ops_sky_boss_good ops_sky sky_boss 0 0 0.0 0.0 -999 ""
FIBERMAP 673 R-11C1 METROLOGY 0 0 0 1 0 0 -178.17197773092548 -217.19613910722038 143.1 -178.1217154160076 -217.13486807637824 188.20523 131.35028 -999.0 -999.0 -999.0 -999.0 -999.0 178.17553331398952 56.12384994362131 178.18692434302181 55.969498894455434 63.06110531368323 24.646194431992967 -999.0 6231.0 -999.0 -1 -999 {-999.0 -999.0 -999.0 -999.0 -999.0} "" -999.0 -999.0 -999.0 -999.0 -999 -999 "" "" "" "" 0 0 0.0 0.0 -999 ""
FIBERMAP 674 R+4C1 APOGEE 0 0 0 1 0 0 -257.0505810329846 80.19263806662202 143.1 -256.9780670640752 80.17001572342343 144.51662 135.97536 -999.0 -999.0 -999.0 -999.0 -999.0 177.45850833691125 57.45778364871664 177.47366180100835 57.30329182687582 62.23993498118715 22.203945165192295 -999.0 16600.0 -999.0 2 144 {-999.0 -999.0 -999.0 -999.0 -999.0} "" -999.0 -999.0 -999.0 -999.0 -999 -999 "" ops_sky_apogee_best_unassigned ops_sky sky_apogee 0 0 0.0 0.0 -999 ""
FIBERMAP 674 R+4C1 BOSS 1 1 0 1 0 0 -257.1790858535438 80.91552286837873 143.1 -257.1065356334245 80.89269659937756 144.51662 135.97536 177.4569031005331 57.46117283971092 -39.700294 -19.795645 2.929574 177.4573899423435 57.46111333064834 177.4724329642304 57.30653395794182 62.23770351233472 22.19869838591694 5400.0 5400.0 2016.0 1 2 {-999.0 17.489544 16.008835 15.221397 -999.0} sdss_psfmag 16.840096 15.828691 14.82663 12.941 63050394824210856 1118470660 bright_1x1 openfibertargets_mwm_snc_further_ext_boss open_fiber science 0 0 1.3418914079666138 0.0 -999 ""
FIBERMAP 674 R+4C1 METROLOGY 0 0 0 1 0 0 -256.47199635289616 80.66409997526591 143.1 -256.399645602725 80.64134463266289 144.51662 135.97536 -999.0 -999.0 -999.0 -999.0 -999.0 177.46327048133705 57.460068405755806 177.47832011826347 57.305512891366405 62.2366585914382 22.205508419259843 -999.0 6231.0 -999.0 -1 -999 {-999.0 -999.0 -999.0 -999.0 -999.0} "" -999.0 -999.0 -999.0 -999.0 -999 -999 "" "" "" "" 0 0 0.0 0.0 -999 ""
FIBERMAP 675 R-1C20 APOGEE 0 0 0 1 0 0 149.1828850839283 -10.643723021250258 143.1 149.14080059204613 -10.640720426985963 33.6381 145.35875 -999.0 -999.0 -999.0 -999.0 -999.0 180.8667774293299 57.05928215743637 180.86684405473454 56.90455676380769 61.38881765867583 25.76641378163538 -999.0 16600.0 -999.0 2 227 {-999.0 -999.0 -999.0 -999.0 -999.0} "" -999.0 -999.0 -999.0 -999.0 -999 -999 "" ops_sky_apogee_best_unassigned ops_sky sky_apogee 0 0 0.0 0.0 -999 ""
FIBERMAP 675 R-1C20 BOSS 1 1 0 1 0 0 149.93031768072302 -10.62393723027852 143.1 149.8880223381053 -10.620940217585858 33.6381 145.35875 180.87328044783808 57.05939651250754 -11.862353 -2.0552638 1.9252503 180.8732427380872 57.059389318650965 180.87314442617776 56.904581033919364 61.386496409831814 25.771716142722937 5400.0 5400.0 2016.0 1 271 {-999.0 19.457052 18.142866 17.273817 -999.0} sdss_psfmag 18.879126 18.039446 16.835165 14.829 63050394851391441 1092559692 dark_flexible_2x1 mwm_cb_galex_vol_boss mwm_cb science 0 0 0.0 0.0 -999 ""
FIBERMAP 675 R-1C20 METROLOGY 0 0 0 1 0 0 149.56288419810804 -11.290565251160528 143.1 149.52069250847575 -11.287380182703176 33.6381 145.35875 -999.0 -999.0 -999.0 -999.0 -999.0 180.8700228488978 57.05636681420172 180.8699775430416 56.90158275365794 61.38988128223217 25.77322603524982 -999.0 6231.0 -999.0 -1 -999 {-999.0 -999.0 -999.0 -999.0 -999.0} "" -999.0 -999.0 -999.0 -999.0 -999 -999 "" "" "" "" 0 0 0.0 0.0 -999 ""
FIBERMAP 676 R-9C12 APOGEE 0 0 0 1 0 0 49.615168562469975 -183.434547648232 143.1 49.60117212341851 -183.38280076234045 212.19635 137.50409 -999.0 -999.0 -999.0 -999.0 -999.0 180.0254468149526 56.280445917656294 180.02913010339194 56.12593323187566 62.27719727847149 26.137141061423733 -999.0 16600.0 -999.0 2 152 {-999.0 -999.0 -999.0 -999.0 -999.0} "" -999.0 -999.0 -999.0 -999.0 -999 -999 "" ops_sky_apogee_best_unassigned ops_sky sky_apogee 0 0 0.0 0.0 -999 ""
FIBERMAP 676 R-9C12 BOSS 1 1 0 1 0 0 48.87480798929308 -183.30060794025678 143.1 48.8610204059593 -183.24889883875684 212.19635 137.50409 180.01954464430005 56.28109887815498 -999.0 -999.0 -999.0 180.01955677079965 56.2810918940474 180.02313716269828 56.12649916455804 62.27899407673569 26.13096684117056 5400.0 5400.0 2016.0 1 368 {-999.0 21.125181 20.946817 20.88529 20.778444} sdss_psfmag 1e+20 21.252625 1e+20 -999.0 63050394851389058 1059902985 dark_10x4_4yr bhm_aqmes_med_faint bhm_filler science 0 0 0.0 0.0 -999 ""
FIBERMAP 676 R-9C12 METROLOGY 0 0 0 1 0 0 49.35764204311951 -182.7265827394966 143.1 49.34371825229915 -182.6750355705058 212.19635 137.50409 -999.0 -999.0 -999.0 -999.0 -999.0 180.02349785512902 56.283658468467095 180.02709795430894 56.129087647542526 62.27559283690238 26.13081569522666 -999.0 6231.0 -999.0 -1 -999 {-999.0 -999.0 -999.0 -999.0 -999.0} "" -999.0 -999.0 -999.0 -999.0 -999 -999 "" "" "" "" 0 0 0.0 0.0 -999 ""
FIBERMAP 677 R-11C3 APOGEE 0 0 0 1 0 0 -145.36416714353246 -213.89352236326923 143.1 -145.32315991198126 -213.83318300061055 256.00293 19.22591 -999.0 -999.0 -999.0 -999.0 -999.0 178.43932057307666 56.140242371417095 178.4496886905922 55.985909492010535 62.95581118851871 24.875145182940344 -999.0 16600.0 -999.0 2 206 {-999.0 -999.0 -999.0 -999.0 -999.0} "" -999.0 -999.0 -999.0 -999.0 -999 -999 "" ops_sky_apogee_best_unassigned ops_sky sky_apogee 0 0 0.0 0.0 -999 ""
FIBERMAP 677 R-11C3 BOSS 1 1 0 1 0 0 -145.46544392386082 -213.16028245373022 143.1 -145.4244081221299 -213.10014993805004 256.00293 19.22591 178.43844936031834 56.14355932461514 -999.0 -999.0 -999.0 178.43846294111927 56.143589094288 178.44871788894125 55.989174741204394 62.9536247859796 24.869679460341445 5400.0 5400.0 2015.5 1 338 {-999.0 -999.0 -999.0 -999.0 -999.0} "" -999.0 -999.0 -999.0 -999.0 27021603092608071 805488381 "" ops_sky_boss_good ops_sky sky_boss 0 0 0.0 0.0 -999 ""
FIBERMAP 677 R-11C3 METROLOGY 0 0 0 1 0 0 -144.78026811401335 -213.43433889308537 143.1 -144.7394256003784 -213.37412906608364 256.00293 19.22591 -999.0 -999.0 -999.0 -999.0 -999.0 178.4440252991208 56.14237497665632 178.45428977588392 55.98798308894075 62.95257729680494 24.87664648517267 -999.0 6231.0 -999.0 -1 -999 {-999.0 -999.0 -999.0 -999.0 -999.0} "" -999.0 -999.0 -999.0 -999.0 -999 -999 "" "" "" "" 0 0 0.0 0.0 -999 ""
FIBERMAP 678 R+11C16 APOGEE 0 0 0 1 0 0 155.46777830892617 201.180291044509 143.1 155.42392084866523 201.12353808440537 253.02518 84.56064 -999.0 -999.0 -999.0 -999.0 -999.0 180.94789163853352 58.01746904394491 180.94753412347154 57.8625156072583 60.642631579075015 24.523311745131025 -999.0 16600.0 -999.0 2 58 {-999.0 -999.0 -999.0 -999.0 -999.0} "" -999.0 -999.0 -999.0 -999.0 -999 -999 "" ops_sky_apogee_best_unassigned ops_sky sky_apogee 0 0 0.0 0.0 -999 ""
FIBERMAP 678 R+11C16 BOSS 1 1 0 1 0 0 154.7727964514004 201.46326100143546 143.1 154.72913504552147 201.40642821550696 253.02518 84.56064 180.9420835873917 58.01896494081018 7.2613196 -5.7015886 2.8653214 180.94218100295384 58.018921426747426 180.94170760603777 57.86388099347507 60.64363439530227 24.51671319032687 5400.0 5400.0 2016.0 1 171 {-999.0 21.631327 20.072323 18.663704 -999.0} sdss_psfmag 21.010872 19.381317 18.164106 15.734 63050394851420722 1122380251 dark_1x1 openfibertargets_mwm_snc_further_ext_boss open_fiber science 0 0 0.0 0.0 -999 ""
FIBERMAP 678 R+11C16 METROLOGY 0 0 0 1 0 0 155.36189082769607 201.91990287714492 143.1 155.31806323829358 201.86294127254328 253.02518 84.56064 -999.0 -999.0 -999.0 -999.0 -999.0 180.94718769244886 58.02087067510396 180.94673155359078 57.865854291210944 60.64039197534461 24.51818680733777 -999.0 6231.0 -999.0 -1 -999 {-999.0 -999.0 -999.0 -999.0 -999.0} "" -999.0 -999.0 -999.0 -999.0 -999 -999 "" "" "" "" 0 0 0.0 0.0 -999 ""
FIBERMAP 681 R+6C17 APOGEE 0 0 0 1 0 0 152.25167558208315 115.16134935182694 143.1 152.20872538440145 115.1288623351748 31.276173 77.01444 -999.0 -999.0 -999.0 -999.0 -999.0 180.9104624934329 57.630060833011505 180.91030106932942 57.47519986534169 60.94716037885051 25.015493550912595 -999.0 16600.0 -999.0 2 71 {-999.0 -999.0 -999.0 -999.0 -999.0} "" -999.0 -999.0 -999.0 -999.0 -999 -999 "" ops_sky_apogee_best_unassigned ops_sky sky_apogee 0 0 0.0 0.0 -999 ""
FIBERMAP 681 R+6C17 BOSS 1 1 0 1 0 0 152.46979187583554 114.45811949779629 143.1 152.42678014754736 114.42583086228596 31.276173 77.01444 180.91201338480437 57.62696129541193 -47.373363 11.310647 6.1062636 180.91243121934858 57.62697155077522 180.91212163116586 57.47202619003441 60.94889337105109 25.021328008838964 5400.0 5400.0 2016.0 1 207 {-999.0 18.124578 16.725817 15.456294 -999.0} sdss_psfmag 17.558249 16.162348 14.996084 12.94 63050394851418670 1077862146 bright_flexible_2x1 mwm_snc_ext_main_boss mwm_snc science 0 0 1.2655502557754517 0.0 -999 ""
FIBERMAP 681 R+6C17 METROLOGY 0 0 0 1 0 0 151.74396791391533 114.60477762575835 143.1 151.7011609405668 114.57244761799012 31.276173 77.01444 -999.0 -999.0 -999.0 -999.0 -999.0 180.9062720494644 57.62767878272197 180.9060295246793 57.47275744772494 60.95051132173493 25.01527196223452 -999.0 6231.0 -999.0 -1 -999 {-999.0 -999.0 -999.0 -999.0 -999.0} "" -999.0 -999.0 -999.0 -999.0 -999 -999 "" "" "" "" 0 0 0.0 0.0 -999 ""
FIBERMAP 683 R-1C25 APOGEE 0 0 0 1 0 0 251.35641084394666 0.518604581179904 143.1 251.2855032004476 0.5184582828275532 167.337 43.00024 -999.0 -999.0 -999.0 -999.0 -999.0 181.71447757035816 57.09880674068116 181.71082615218086 56.9440759862628 61.04762474361449 26.414285629327594 -999.0 16600.0 -999.0 2 -999 {-999.0 -999.0 -999.0 -999.0 -999.0} "" -999.0 -999.0 -999.0 -999.0 -999 -999 "" "" "" "" 0 0 0.0 0.0 -999 ""
FIBERMAP 683 R-1C25 BOSS 1 1 0 1 0 0 252.01238583475475 0.8980185958415952 143.1 251.94129314071077 0.8977652647957083 167.337 43.00024 181.72014690031492 57.10052462947627 -0.16135985 -0.080562264 -0.13836828 181.72014161898838 57.100515197525866 181.71632291002902 56.945701935582534 61.04438518360911 26.416489267066254 5400.0 5400.0 2016.0 1 261 {-999.0 18.681122 18.63294 18.607044 18.48905} sdss_psfmag 19.140537 18.995949 18.611992 -999.0 63050394851417082 1059898076 dark_10x4_4yr bhm_aqmes_med bhm_aqmes science 0 0 0.0 0.0 -999 ""
FIBERMAP 683 R-1C25 METROLOGY 0 0 0 1 0 0 252.00553802372553 0.1507786916830689 143.1 251.93444726144907 0.1507361570141451 167.337 43.00024 -999.0 -999.0 -999.0 -999.0 -999.0 181.7198441687043 57.09711254398401 181.71606771874679 56.9423233949798 61.04693919398323 26.42106684997742 -999.0 6231.0 -999.0 -1 -999 {-999.0 -999.0 -999.0 -999.0 -999.0} "" -999.0 -999.0 -999.0 -999.0 -999 -999 "" "" "" "" 0 0 0.0 0.0 -999 ""
FIBERMAP 685 R+6C6 APOGEE 0 0 0 1 0 0 -126.32955340035383 117.34229638103712 143.1 -126.2939158333396 117.30919411922802 182.43019 109.6914 -999.0 -999.0 -999.0 -999.0 -999.0 178.5473581877303 57.64217823531241 178.55775290158897 57.48747834824644 61.74236866356429 22.964559175062504 -999.0 16600.0 -999.0 2 -999 {-999.0 -999.0 -999.0 -999.0 -999.0} "" -999.0 -999.0 -999.0 -999.0 -999 -999 "" "" "" "" 0 0 0.0 0.0 -999 ""
FIBERMAP 685 R+6C6 BOSS 1 1 0 1 0 0 -126.60460569630364 118.14063422815772 143.1 -126.56889053703671 118.10730675524196 182.43019 109.6914 178.54378434423194 57.64613788903764 84.26897 -82.285 11.385826 178.54499187243914 57.64589528385386 178.55527369202218 57.49110782970814 61.74030687812064 22.957650934183903 5400.0 5400.0 2016.0 1 55 {-999.0 17.709316 16.326635 15.0306425 -999.0} sdss_psfmag 17.182032 15.762615 14.594785 12.583 63050394824212442 1132511391 bright_2x1 mwm_snc_100pc_boss mwm_snc science 0 0 1.4040632247924805 0.0 -999 ""
FIBERMAP 685 R+6C6 METROLOGY 0 0 0 1 0 0 -125.88913631069804 117.94453783398677 143.1 -125.8536229853448 117.9112656798638 182.43019 109.6914 -999.0 -999.0 -999.0 -999.0 -999.0 178.55104489378854 57.64503643280341 178.561334732114 57.49027307969244 61.7389798968595 22.964176633607792 -999.0 6231.0 -999.0 -1 -999 {-999.0 -999.0 -999.0 -999.0 -999.0} "" -999.0 -999.0 -999.0 -999.0 -999 -999 "" "" "" "" 0 0 0.0 0.0 -999 ""
FIBERMAP 687 R-7C16 APOGEE 0 0 0 1 0 0 109.021278908372 -127.34012190942002 143.1 108.99052400559195 -127.30419926102938 174.18784 89.49316 -999.0 -999.0 -999.0 -999.0 -999.0 180.51784205405897 56.53206727072456 180.5194341403875 56.37747416173967 61.90807297537898 26.211557867651948 -999.0 16600.0 -999.0 2 186 {-999.0 -999.0 -999.0 -999.0 -999.0} "" -999.0 -999.0 -999.0 -999.0 -999 -999 "" "" "" "" 0 0 0.0 0.0 -999 ""
FIBERMAP 687 R-7C16 BOSS 1 1 0 1 0 0 109.13282007985477 -126.62045136632952 143.1 109.10203371131024 -126.58473173699909 174.18784 89.49316 180.5190093104105 56.53550725186358 12.561905 -41.334324 1.7585562 180.51905097094368 56.53535812102261 180.52050578195895 56.38068332060312 61.90529475939947 26.20792150674697 5400.0 5400.0 2016.0 1 306 {-999.0 21.65844 20.645626 20.241098 -999.0} sdss_psfmag_gaia 18.728539 20.666983 17.286158 -999.0 63050394851390738 1092392343 dark_flexible_2x1 mwm_cb_galex_vol_boss mwm_cb science 0 0 0.0 0.0 -999 ""
FIBERMAP 687 R-7C16 METROLOGY 0 0 0 1 0 0 109.71692505649233 -127.07041450951598 143.1 109.6859739119339 -127.03456794558285 174.18784 89.49316 -999.0 -999.0 -999.0 -999.0 -999.0 180.52374262444494 56.53327891716492 180.52521472633498 56.37862738537945 61.90507062429162 26.21495603836422 -999.0 6231.0 -999.0 -1 -999 {-999.0 -999.0 -999.0 -999.0 -999.0} "" -999.0 -999.0 -999.0 -999.0 -999 -999 "" "" "" "" 0 0 0.0 0.0 -999 ""
FIBERMAP 688 R-7C2 APOGEE 0 0 0 1 0 0 -183.26393138070327 -130.71416171677976 143.1 -183.2122326256608 -130.67728725175945 354.4581 148.55211 -999.0 -999.0 -999.0 -999.0 -999.0 178.1141889053174 56.51204795638259 178.12606942967 56.35767294297131 62.77846012533859 24.05701021350592 -999.0 16600.0 -999.0 2 -999 {-999.0 -999.0 -999.0 -999.0 -999.0} "" -999.0 -999.0 -999.0 -999.0 -999 -999 "" "" "" "" 0 0 0.0 0.0 -999 ""
FIBERMAP 688 R-7C2 BOSS 1 1 0 1 0 0 -182.6261422479403 -131.14302202817365 143.1 -182.57462341321215 -131.1060265816595 354.4581 148.55211 178.11959557603805 56.51022516781257 -0.14985545 -0.08983865 0.028509412 178.11954675395017 56.51021997272245 178.1312862992686 56.35576206825434 62.77817268836897 24.064558574740033 5400.0 5400.0 2016.0 1 488 {-999.0 19.173708 18.959679 18.556469 18.433113} sdss_psfmag 19.216864 18.819954 18.22031 -999.0 63050394824151169 1059897583 dark_10x4_4yr bhm_aqmes_med bhm_aqmes science 0 0 0.0 0.0 -999 ""
FIBERMAP 688 R-7C2 METROLOGY 0 0 0 1 0 0 -183.30283790529413 -131.4592444389362 143.1 -183.25112817472106 -131.42215978608 354.4581 148.55211 -999.0 -999.0 -999.0 -999.0 -999.0 178.11407802466206 56.50872262218206 178.1258736566465 56.35428925677168 62.781185401854884 24.061401172035062 -999.0 6231.0 -999.0 -1 -999 {-999.0 -999.0 -999.0 -999.0 -999.0} "" -999.0 -999.0 -999.0 -999.0 -999 -999 "" "" "" "" 0 0 0.0 0.0 -999 ""
FIBERMAP 689 R+5C20 APOGEE 0 0 0 1 0 0 205.4662570013657 97.22368416476698 143.1 205.40829497026562 97.1962573634641 18.985764 100.4667 -999.0 -999.0 -999.0 -999.0 -999.0 181.35482127209394 57.54265924530724 181.35268530151052 57.387817720527295 60.853572719957015 25.500286445765596 -999.0 16600.0 -999.0 2 45 {-999.0 -999.0 -999.0 -999.0 -999.0} "" -999.0 -999.0 -999.0 -999.0 -999 -999 "" ops_sky_apogee_best_unassigned ops_sky sky_apogee 0 0 0.0 0.0 -999 ""
FIBERMAP 689 R+5C20 BOSS 1 1 0 1 0 0 205.82148899247503 96.56860578698713 143.1 205.76342675043026 96.54136378329463 18.985764 100.4667 181.35784851620912 57.53977559242762 3.7122264 -12.622543 0.025131067 181.35788188627876 57.53974921125666 181.3555907143135 57.38482402841569 60.85473845240159 25.50679733649764 5400.0 5400.0 2016.0 1 194 {-999.0 18.22616 17.912954 17.797838 -999.0} sdss_psfmag 18.188763 17.916365 17.478624 -999.0 63050394851417887 975914129 "" ops_std_boss ops_std standard_boss 0 0 0.0 0.0 -999 ""
FIBERMAP 689 R+5C20 METROLOGY 0 0 0 1 0 0 205.06974177581517 96.59549525422032 143.1 205.01189160166024 96.56824566500912 18.985764 100.4667 -999.0 -999.0 -999.0 -999.0 -999.0 181.35154533703806 57.53994380388104 181.349322639589 57.38504243189015 60.856846099174845 25.50135716081661 -999.0 6231.0 -999.0 -1 -999 {-999.0 -999.0 -999.0 -999.0 -999.0} "" -999.0 -999.0 -999.0 -999.0 -999 -999 "" "" "" "" 0 0 0.0 0.0 -999 ""
FIBERMAP 690 R-4C17 APOGEE 1 1 0 1 0 0 122.76383489897991 -91.49412173201502 143.1 122.72920322115492 -91.46831124027442 340.60388 81.443436 180.6358142770194 56.69382897797779 -999.0 -999.0 -999.0 180.63585513630298 56.693840579990386 180.63693837554922 56.53920604033925 61.744562027312796 26.08383093418928 16000.0 16600.0 2015.5 2 201 {-999.0 -999.0 -999.0 -999.0 -999.0} "" -999.0 -999.0 -999.0 -999.0 27021603105718616 829470367 "" ops_sky_apogee_best ops_sky sky_apogee 0 0 0.0 0.0 -999 ""
FIBERMAP 690 R-4C17 BOSS 0 0 0 1 0 0 122.41829075542238 -92.1467782980734 143.1 122.38375655560027 -92.12078369191552 340.60388 81.443436 -999.0 -999.0 -999.0 -999.0 -999.0 180.63312904919135 56.6909453416466 180.63409061482548 56.536230121469906 61.7478226628414 26.085585615344826 -999.0 5400.0 -999.0 1 301 {-999.0 -999.0 -999.0 -999.0 -999.0} "" -999.0 -999.0 -999.0 -999.0 -999 -999 "" "" "" "" 0 0 0.0 0.0 -999 ""
FIBERMAP 690 R-4C17 METROLOGY 0 0 0 1 0 0 122.01961287079827 -91.51274338060895 143.1 121.98519113800742 -91.48692763570129 340.60388 81.443436 -999.0 -999.0 -999.0 -999.0 -999.0 180.6298739983755 56.6938281727361 180.63088739845625 56.5391354283265 61.74685139998142 26.078702131110447 -999.0 6231.0 -999.0 -1 -999 {-999.0 -999.0 -999.0 -999.0 -999.0} "" -999.0 -999.0 -999.0 -999.0 -999 -999 "" "" "" "" 0 0 0.0 0.0 -999 ""
FIBERMAP 691 R+10C2 APOGEE 0 0 0 1 0 0 -169.22395606222977 203.5016939844621 143.1 -169.17621798422462 203.4442861565891 159.52283 98.32875 -999.0 -999.0 -999.0 -999.0 -999.0 178.17405309285766 58.02595353481044 178.1862658862617 57.87121265874175 61.556114345264476 22.14351413041453 -999.0 16600.0 -999.0 2 -999 {-999.0 -999.0 -999.0 -999.0 -999.0} "" -999.0 -999.0 -999.0 -999.0 -999 -999 "" "" "" "" 0 0 0.0 0.0 -999 ""
FIBERMAP 691 R+10C2 BOSS 1 1 0 1 0 0 -169.05104309761492 204.2462281090835 143.1 -169.0033537983571 204.18861024813393 159.52283 98.32875 178.17556154127325 58.02943581297244 -6.2518854 -10.79025 4.5378923 178.17554809998242 58.02940741076903 178.18763150117798 57.87457663425104 61.55298022056935 22.140529548629104 5400.0 5400.0 2016.0 1 18 {-999.0 18.896347 19.00017 19.115644 -999.0} sdss_psfmag 19.009169 18.936836 18.917616 -999.0 63050394824213696 1092530251 dark_flexible_2x1 mwm_cb_galex_vol_boss mwm_cb science 0 0 0.0 0.0 -999 ""
FIBERMAP 691 R+10C2 METROLOGY 0 0 0 1 0 0 -168.5156603732806 203.7361704172391 143.1 -168.46812210548933 203.6786964435644 159.52283 98.32875 -999.0 -999.0 -999.0 -999.0 -999.0 178.18011733132073 58.02716453064546 178.1922142885752 57.87235882754137 61.55330850151583 22.147412737314653 -999.0 6231.0 -999.0 -1 -999 {-999.0 -999.0 -999.0 -999.0 -999.0} "" -999.0 -999.0 -999.0 -999.0 -999 -999 "" "" "" "" 0 0 0.0 0.0 -999 ""
FIBERMAP 692 R+8C17 APOGEE 0 0 0 1 0 0 155.4142260640172 145.89440408079258 143.1 155.37038371084455 145.8532472694014 225.89122 148.52611 -999.0 -999.0 -999.0 -999.0 -999.0 180.94106954144908 57.76866021395772 180.94076128008555 57.61376598303567 60.83233230363463 24.852569891238034 -999.0 16600.0 -999.0 2 81 {-999.0 -999.0 -999.0 -999.0 -999.0} "" -999.0 -999.0 -999.0 -999.0 -999 -999 "" ops_sky_apogee_best_unassigned ops_sky sky_apogee 0 0 0.0 0.0 -999 ""
FIBERMAP 692 R+8C17 BOSS 1 1 0 1 0 0 154.69455786312983 145.75558033903826 143.1 154.65091852835664 145.71446268982461 225.89122 148.52611 180.93514362657092 57.76824007552274 -999.0 -999.0 -999.0 180.93516914825577 57.768227299606885 180.93474703534912 57.61324757093827 60.83484720383182 24.848304348227316 5400.0 5400.0 2015.5 1 226 {-999.0 -999.0 -999.0 -999.0 -999.0} "" -999.0 -999.0 -999.0 -999.0 27021603105747168 807366029 "" ops_sky_boss_good ops_sky sky_boss 0 0 0.0 0.0 -999 ""
FIBERMAP 692 R+8C17 METROLOGY 0 0 0 1 0 0 154.90632689986407 146.46333342791448 143.1 154.86262782504562 146.42201612155446 225.89122 148.52611 -999.0 -999.0 -999.0 -999.0 -999.0 180.93699441035443 57.77136886137288 180.9366036369613 57.616412634993026 60.83181253289857 24.845553526518813 -999.0 6231.0 -999.0 -1 -999 {-999.0 -999.0 -999.0 -999.0 -999.0} "" -999.0 -999.0 -999.0 -999.0 -999 -999 "" "" "" "" 0 0 0.0 0.0 -999 ""
FIBERMAP 693 R+2C15 APOGEE 0 0 0 1 0 0 43.72218775008065 23.928919405811754 143.1 43.70985372091636 23.922169057647377 277.45645 105.07535 -999.0 -999.0 -999.0 -999.0 -999.0 179.98739440663076 57.22223149813557 179.9913217522801 57.067499553072764 61.58065595721273 24.78995264954972 -999.0 16600.0 -999.0 2 54 {-999.0 -999.0 -999.0 -999.0 -999.0} "" -999.0 -999.0 -999.0 -999.0 -999 -999 "" ops_sky_apogee_best_unassigned ops_sky sky_apogee 0 0 0.0 0.0 -999 ""
FIBERMAP 693 R+2C15 BOSS 1 1 0 1 0 0 43.04235554805673 23.637487557672486 143.1 43.03021329955663 23.630819422432467 277.45645 105.07535 179.98180945718414 57.221025667699216 -0.56318414 -6.7416573 0.1652364 179.9818421817679 57.221018353572916 179.98566202144718 57.06620287493873 61.583638390253995 24.786797766931386 5400.0 5400.0 2016.0 1 198 {-999.0 17.273857 16.894787 16.764355 -999.0} sdss_psfmag 17.183758 16.887556 16.418362 15.411 63050394824152122 980723132 "" ops_std_boss_tic ops_std standard_boss 0 0 0.0 0.0 -999 ""
FIBERMAP 693 R+2C15 METROLOGY 0 0 0 1 0 0 43.11914793212134 24.380291555394166 143.1 43.10698402048969 24.37341387514639 277.45645 105.07535 -999.0 -999.0 -999.0 -999.0 -999.0 179.98247371722957 57.224372919832675 179.9863284214938 57.06958044720965 61.580832174167384 24.782775338639226 -999.0 6231.0 -999.0 -1 -999 {-999.0 -999.0 -999.0 -999.0 -999.0} "" -999.0 -999.0 -999.0 -999.0 -999 -999 "" "" "" "" 0 0 0.0 0.0 -999 ""
FIBERMAP 694 R+3C15 APOGEE 0 0 0 1 0 0 66.66371407446732 70.13987049448369 143.1 66.64490824072692 70.1200840370172 70.34154 94.679375 -999.0 -999.0 -999.0 -999.0 -999.0 180.18320045029722 57.43177678914301 180.18627816889568 57.27698504915974 61.352685684800974 24.6736966565702 -999.0 16600.0 -999.0 2 -999 {-999.0 -999.0 -999.0 -999.0 -999.0} "" -999.0 -999.0 -999.0 -999.0 -999 -999 "" "" "" "" 0 0 0.0 0.0 -999 ""
FIBERMAP 694 R+3C15 BOSS 1 1 0 1 0 0 67.41900464054312 69.92495300319312 143.1 67.39998573933403 69.90522717395093 70.34154 94.679375 180.18980840180978 57.43088256956739 -0.4183711 0.08780311 0.44603926 180.1897639137267 57.43088751789895 180.19267839906774 57.27601082246713 61.35117957153736 24.680504048244018 5400.0 5400.0 2016.0 1 197 {-999.0 20.32704 20.027729 20.12146 20.040688} sdss_psfmag 20.341084 20.439602 19.820787 -999.0 63050394851418447 1059903099 dark_10x4_4yr bhm_aqmes_med_faint bhm_filler science 0 0 0.0 0.0 -999 ""
FIBERMAP 694 R+3C15 METROLOGY 0 0 0 1 0 0 66.86360178478886 69.42104723124423 143.1 66.84473956272537 69.4014635538203 70.34154 94.679375 -999.0 -999.0 -999.0 -999.0 -999.0 180.184990931395 57.428588525979414 180.18796447880482 57.27373665250071 61.35456392454459 24.67954297796109 -999.0 6231.0 -999.0 -1 -999 {-999.0 -999.0 -999.0 -999.0 -999.0} "" -999.0 -999.0 -999.0 -999.0 -999 -999 "" "" "" "" 0 0 0.0 0.0 -999 ""
FIBERMAP 695 R-4C1 APOGEE 1 1 0 1 0 0 -259.65854490448675 -80.22126861218923 143.1 -259.5852952289692 -80.19863819231374 192.32887 115.83513 177.4793262534819 56.73257141216191 -999.0 -999.0 -999.0 177.4793187306206 56.73254031582193 177.49401843113515 56.57821557474827 62.81647356562488 23.15746431697994 16000.0 16600.0 2015.5 2 248 {-999.0 -999.0 -999.0 -999.0 -999.0} "" -999.0 -999.0 -999.0 -999.0 27021603092662531 827604746 "" ops_sky_apogee_best ops_sky sky_apogee 0 0 0.0 0.0 -999 ""
FIBERMAP 695 R-4C1 BOSS 0 0 0 1 0 0 -260.13056247106556 -79.6506549612341 143.1 -260.0571796393925 -79.62818551146954 192.32887 115.83513 -999.0 -999.0 -999.0 -999.0 -999.0 177.47543131637713 56.73514170532782 177.4900346878925 56.58073312586961 62.81577727324936 23.150315041097315 -999.0 5400.0 -999.0 1 497 {-999.0 -999.0 -999.0 -999.0 -999.0} "" -999.0 -999.0 -999.0 -999.0 -999 -999 "" "" "" "" 0 0 0.0 0.0 -999 ""
FIBERMAP 695 R-4C1 METROLOGY 0 0 0 1 0 0 -259.3899083640982 -79.5218473904894 143.1 -259.3167344709487 -79.49941427734055 192.32887 115.83513 -999.0 -999.0 -999.0 -999.0 -999.0 177.48137408240405 56.735787873201474 177.4959845633216 56.58140187879392 62.81327526963182 23.155172734999155 -999.0 6231.0 -999.0 -1 -999 {-999.0 -999.0 -999.0 -999.0 -999.0} "" -999.0 -999.0 -999.0 -999.0 -999 -999 "" "" "" "" 0 0 0.0 0.0 -999 ""
FIBERMAP 698 R+7C18 APOGEE 0 0 0 1 0 0 165.17099896822904 125.84224493578685 143.1 165.12440422942012 125.80674483849047 228.95866 140.88081 -999.0 -999.0 -999.0 -999.0 -999.0 181.0208550896345 57.67699972535174 181.02019611819662 57.522126438902625 60.87289674109654 25.04260687534679 -999.0 16600.0 -999.0 2 40 {-999.0 -999.0 -999.0 -999.0 -999.0} "" -999.0 -999.0 -999.0 -999.0 -999 -999 "" ops_sky_apogee_best_unassigned ops_sky sky_apogee 0 0 0.0 0.0 -999 ""
FIBERMAP 698 R+7C18 BOSS 1 1 0 1 0 0 164.43768175914798 125.70618498320691 143.1 164.39129388912372 125.67072326842316 228.95866 140.88081 181.014827892016 57.67659948755747 -999.0 -999.0 -999.0 181.01486485511927 57.67657965010222 181.01409228846921 57.521621289514336 60.87544740605082 25.03825239725353 5400.0 5400.0 2016.0 1 196 {-999.0 21.879004 20.503094 19.875504 19.460835} sdss_fiber2mag_from_lsdr10 1e+20 1e+20 1e+20 16.316 63050394851418781 1063014078 dark_flexible_2x2 bhm_colr_galaxies_lsdr10 bhm_filler science 0 0 0.0 0.0 -999 ""
FIBERMAP 698 R+7C18 METROLOGY 0 0 0 1 0 0 164.6828218130475 126.40613274683547 143.1 164.63636478901404 126.37047357678759 228.95866 140.88081 -999.0 -999.0 -999.0 -999.0 -999.0 181.01697306526157 57.67968664783136 181.01623057716859 57.524751676135246 60.87234227899297 25.035756519707093 -999.0 6231.0 -999.0 -1 -999 {-999.0 -999.0 -999.0 -999.0 -999.0} "" -999.0 -999.0 -999.0 -999.0 -999 -999 "" "" "" "" 0 0 0.0 0.0 -999 ""
FIBERMAP 704 R+5C16 APOGEE 0 0 0 1 0 0 98.87512270950516 86.19571259968723 143.1 98.84723003738881 86.17139678916286 242.63863 135.53246 -999.0 -999.0 -999.0 -999.0 -999.0 180.45655530590676 57.5030757665668 180.45842143484288 57.34825584247722 61.202850329770925 24.809030150173896 -999.0 16600.0 -999.0 2 79 {-999.0 -999.0 -999.0 -999.0 -999.0} "" -999.0 -999.0 -999.0 -999.0 -999 -999 "" ops_sky_apogee_best_unassigned ops_sky sky_apogee 0 0 0.0 0.0 -999 ""
FIBERMAP 704 R+5C16 BOSS 1 1 0 1 0 0 98.17649883668618 85.95232514071358 143.1 98.14880324636435 85.92807798979139 242.63863 135.53246 180.45082149695 57.50214465775885 -999.0 -999.0 -999.0 180.4508467919276 57.50213514857822 180.45260224422452 57.34723070130611 61.20567897611477 24.805490372523593 5400.0 5400.0 2015.5 1 214 {-999.0 -999.0 -999.0 -999.0 -999.0} "" -999.0 -999.0 -999.0 -999.0 27021603105746825 807366009 "" ops_sky_boss_good ops_sky sky_boss 0 0 0.0 0.0 -999 ""
FIBERMAP 704 R+5C16 METROLOGY 0 0 0 1 0 0 98.30966186829916 86.67958806571784 143.1 98.28192871268611 86.6551357539245 242.63863 135.53246 -999.0 -999.0 -999.0 -999.0 -999.0 180.45198291446764 57.505398790407106 180.45377189085798 57.35051759429769 61.202779391992024 24.80202004902594 -999.0 6231.0 -999.0 -1 -999 {-999.0 -999.0 -999.0 -999.0 -999.0} "" -999.0 -999.0 -999.0 -999.0 -999 -999 "" "" "" "" 0 0 0.0 0.0 -999 ""
FIBERMAP 706 R+6C21 APOGEE 1 1 0 1 0 0 227.47249030266047 100.7884931731112 143.1 227.4083203131461 100.76006073918708 304.64835 95.021706 181.53926771618427 57.555675474003046 -999.0 -999.0 -999.0 181.53927723159723 57.555672589601336 181.5363167995405 57.40083020739423 60.77731572685334 25.632324446075586 16000.0 16600.0 2015.5 2 67 {-999.0 -999.0 -999.0 -999.0 -999.0} "" -999.0 -999.0 -999.0 -999.0 27021603105746196 829474422 "" ops_sky_apogee_best ops_sky sky_apogee 0 0 0.0 0.0 -999 ""
FIBERMAP 706 R+6C21 BOSS 0 0 0 1 0 0 226.9076880563449 100.30570743608449 143.1 226.8436773975442 100.27741119601677 304.64835 95.021706 -999.0 -999.0 -999.0 -999.0 -999.0 181.53465774601807 57.553669137626265 181.53157510053097 57.39874287189957 60.78058032302851 25.631350868031745 -999.0 5400.0 -999.0 1 249 {-999.0 -999.0 -999.0 -999.0 -999.0} "" -999.0 -999.0 -999.0 -999.0 -999 -999 "" "" "" "" 0 0 0.0 0.0 -999 ""
FIBERMAP 706 R+6C21 METROLOGY 0 0 0 1 0 0 226.76618153370214 101.03443516927487 143.1 226.70221079389148 101.00593335511363 304.64835 95.021706 -999.0 -999.0 -999.0 -999.0 -999.0 181.5335681971518 57.556954729911816 181.53053041270164 57.40205154259053 60.778519348876046 25.625924772703968 -999.0 6231.0 -999.0 -1 -999 {-999.0 -999.0 -999.0 -999.0 -999.0} "" -999.0 -999.0 -999.0 -999.0 -999 -999 "" "" "" "" 0 0 0.0 0.0 -999 ""
FIBERMAP 709 R+2C18 APOGEE 0 0 0 1 0 0 114.46791107612938 59.31971552259452 143.1 114.43561967841481 59.3029814308456 141.44444 43.43128 -999.0 -999.0 -999.0 -999.0 -999.0 180.58537840638672 57.379945350926725 180.58667290924552 57.225150456966254 61.250250268716584 25.085519765475112 -999.0 16600.0 -999.0 2 -999 {-999.0 -999.0 -999.0 -999.0 -999.0} "" -999.0 -999.0 -999.0 -999.0 -999 -999 "" "" "" "" 0 0 0.0 0.0 -999 ""
FIBERMAP 709 R+2C18 BOSS 1 1 0 1 0 0 115.19207515425484 59.40694525406708 143.1 115.15957946985382 59.39018655481091 141.44444 43.43128 180.591750211838 57.38039550519376 0.93858194 -0.11394342 0.28350335 180.59171085126724 57.380400407050566 180.59284094013196 57.22552089777514 61.247772372127265 25.09023592073811 5400.0 5400.0 2016.0 1 200 {-999.0 20.047089 19.771551 19.50947 19.580492} sdss_psfmag 20.356125 20.22044 19.608414 -999.0 63050394851418282 1059903092 dark_10x4_4yr bhm_aqmes_med_faint bhm_filler science 0 0 0.0 0.0 -999 ""
FIBERMAP 709 R+2C18 METROLOGY 0 0 0 1 0 0 114.9097838369089 58.7185413017626 143.1 114.87736778688851 58.701976801261374 141.44444 43.43128 -999.0 -999.0 -999.0 -999.0 -999.0 180.58920454576264 57.37726280553151 180.5903844353436 57.22240801497953 61.25099050557294 25.09241852875033 -999.0 6231.0 -999.0 -1 -999 {-999.0 -999.0 -999.0 -999.0 -999.0} "" -999.0 -999.0 -999.0 -999.0 -999 -999 "" "" "" "" 0 0 0.0 0.0 -999 ""
FIBERMAP 710 R+8C6 APOGEE 0 0 0 1 0 0 -92.84229081719978 165.21273316544315 143.1 -92.81610000696026 165.1661266534172 83.78299 138.64908 -999.0 -999.0 -999.0 -999.0 -999.0 178.82726950095298 57.86123864079564 178.83647805659268 57.70645357924447 61.47777845259213 22.93126601032725 -999.0 16600.0 -999.0 2 -999 {-999.0 -999.0 -999.0 -999.0 -999.0} "" -999.0 -999.0 -999.0 -999.0 -999 -999 "" "" "" "" 0 0 0.0 0.0 -999 ""
FIBERMAP 710 R+8C6 BOSS 1 1 0 1 0 0 -92.28549667446326 165.72023305601397 143.1 -92.2594629358514 165.67348337826888 83.78299 138.64908 178.8320906370083 57.86367817499752 -3.608115 7.854434 -0.42619768 178.83205358886974 57.86370068181274 178.84111385977326 57.708826806657484 61.47438505628138 22.932314675252883 5400.0 5400.0 2016.0 1 77 {-999.0 20.915901 20.861507 20.779497 -999.0} sdss_psfmag 20.81008 20.762205 20.482096 -999.0 63050394824212552 1092530223 dark_flexible_2x1 mwm_cb_galex_vol_boss mwm_cb science 0 0 0.0 0.0 -999 ""
FIBERMAP 710 R+8C6 METROLOGY 0 0 0 1 0 0 -92.13143978127518 164.98612163608797 143.1 -92.10544950211289 164.93957905117443 83.78299 138.64908 -999.0 -999.0 -999.0 -999.0 -999.0 178.83339220257812 57.860363475030816 178.84248161765674 57.705515104706684 61.476552483724404 22.93777682430556 -999.0 6231.0 -999.0 -1 -999 {-999.0 -999.0 -999.0 -999.0 -999.0} "" -999.0 -999.0 -999.0 -999.0 -999 -999 "" "" "" "" 0 0 0.0 0.0 -999 ""
FIBERMAP 714 R-3C22 APOGEE 0 0 0 1 0 0 212.13876665346933 -37.53225054810929 143.1 212.0789223073964 -37.52166270022967 149.97885 43.790737 -999.0 -999.0 -999.0 -999.0 -999.0 181.38280485252608 56.93128647795524 181.38063094133713 56.77658961017483 61.29326879266292 26.378671639669165 -999.0 16600.0 -999.0 2 209 {-999.0 -999.0 -999.0 -999.0 -999.0} "" -999.0 -999.0 -999.0 -999.0 -999 -999 "" ops_sky_apogee_best_unassigned ops_sky sky_apogee 0 0 0.0 0.0 -999 ""
FIBERMAP 714 R-3C22 BOSS 1 1 0 1 0 0 212.84541142808067 -37.334088610354904 143.1 212.78536773751682 -37.32355666395792 149.97885 43.790737 181.38888888888889 56.9321820311182 -999.0 -999.0 -999.0 181.3888826285474 56.93218139399621 181.38654285712187 56.777402548465304 61.290465327971056 26.382449700314226 5400.0 5400.0 2015.5 1 309 {-999.0 -999.0 -999.0 -999.0 -999.0} "" -999.0 -999.0 -999.0 -999.0 27021603105745399 807365784 "" ops_sky_boss_good ops_sky sky_boss 0 0 0.0 0.0 -999 ""
FIBERMAP 714 R-3C22 METROLOGY 0 0 0 1 0 0 212.65873440091065 -38.06452803197558 143.1 212.59874337193617 -38.05379002861776 149.97885 43.790737 -999.0 -999.0 -999.0 -999.0 -999.0 181.3871242199869 56.928870245378036 181.38483205393027 56.77411536014474 61.293508725666186 26.385689619471464 -999.0 6231.0 -999.0 -1 -999 {-999.0 -999.0 -999.0 -999.0 -999.0} "" -999.0 -999.0 -999.0 -999.0 -999 -999 "" "" "" "" 0 0 0.0 0.0 -999 ""
FIBERMAP 715 R-6C17 APOGEE 0 0 0 1 0 0 138.82790494113692 -133.35500591024206 143.1 138.78874158915303 -133.3173864630748 314.92596 83.39208 -999.0 -999.0 -999.0 -999.0 -999.0 180.76151698082236 56.503298167709154 180.7620647839865 56.3487054437846 61.838821685693105 26.463399652817486 -999.0 16600.0 -999.0 2 205 {-999.0 -999.0 -999.0 -999.0 -999.0} "" -999.0 -999.0 -999.0 -999.0 -999 -999 "" ops_sky_apogee_best_unassigned ops_sky sky_apogee 0 0 0.0 0.0 -999 ""
FIBERMAP 715 R-6C17 BOSS 1 1 0 1 0 0 138.2278107981624 -133.79264399566057 143.1 138.18881673273626 -133.7549010907894 314.92596 83.39208 180.75671797915098 56.50140472090682 -999.0 -999.0 -999.0 180.7567294458072 56.50139758912334 180.7571644301396 56.34672485514384 61.84211705556912 26.46199822443532 5400.0 5400.0 2016.0 1 299 {-999.0 20.112492 19.76973 19.353548 19.25253} sdss_fiber2mag_from_lsdr10 1e+20 1e+20 1e+20 -999.0 63050397939360805 1158819677 dark_flexible_3x1 bhm_colr_galaxies_lsdr10_d3 bhm_filler science 0 0 0.0 0.0 -999 ""
FIBERMAP 715 R-6C17 METROLOGY 0 0 0 1 0 0 138.12045543264313 -133.05558248598268 143.1 138.0814916521656 -133.01804750616338 314.92596 83.39208 -999.0 -999.0 -999.0 -999.0 -999.0 180.75592178644155 56.504720776986595 180.75639791411663 56.350070097776396 61.83993948636067 26.456542347631284 -999.0 6231.0 -999.0 -1 -999 {-999.0 -999.0 -999.0 -999.0 -999.0} "" -999.0 -999.0 -999.0 -999.0 -999 -999 "" "" "" "" 0 0 0.0 0.0 -999 ""
FIBERMAP 717 R+6C9 APOGEE 0 0 0 1 0 0 -34.857783331899874 114.69884155865681 143.1 -34.84794995122195 114.66648501545312 325.91898 139.3613 -999.0 -999.0 -999.0 -999.0 -999.0 179.32332845694202 57.63517698611217 179.33025829767325 57.480395761556565 61.49084982264863 23.659781145762736 -999.0 16600.0 -999.0 2 -999 {-999.0 -999.0 -999.0 -999.0 -999.0} "" -999.0 -999.0 -999.0 -999.0 -999 -999 "" "" "" "" 0 0 0.0 0.0 -999 ""
FIBERMAP 717 R+6C9 BOSS 1 1 0 1 0 0 -34.643712555993574 113.97289788644397 143.1 -34.633939564681526 113.94074613195022 325.91898 139.3613 179.3252736011003 57.63200297868383 -1.2214471 2.464508 -0.61690086 179.32527025334656 57.63202547550877 179.33206124369485 57.47715847163492 61.49276128712661 23.66561986514347 5400.0 5400.0 2016.0 1 130 {-999.0 21.506119 21.247662 20.990204 21.666376} sdss_psfmag 20.778275 20.903543 20.238691 -999.0 63050394824209145 1059900706 dark_10x4_4yr bhm_aqmes_med_faint bhm_filler science 0 0 0.0 0.0 -999 ""
FIBERMAP 717 R+6C9 METROLOGY 0 0 0 1 0 0 -35.37074586914803 114.15705616212813 143.1 -35.360767781738346 114.1248524565848 325.91898 139.3613 -999.0 -999.0 -999.0 -999.0 -999.0 179.3190563496786 57.63280966613725 179.32591197469355 57.477967493566034 61.49420680383626 23.65916347343898 -999.0 6231.0 -999.0 -1 -999 {-999.0 -999.0 -999.0 -999.0 -999.0} "" -999.0 -999.0 -999.0 -999.0 -999 -999 "" "" "" "" 0 0 0.0 0.0 -999 ""
FIBERMAP 719 R+3C18 APOGEE 0 0 0 1 0 0 138.0798779614919 51.724269330678204 143.1 138.04092562791897 51.70967791430002 1.5480918 90.07247 -999.0 -999.0 -999.0 -999.0 -999.0 180.78289898331684 57.34363234019639 180.78332047739298 57.18884127047983 61.20711068165086 25.301442030506735 -999.0 16600.0 -999.0 2 87 {-999.0 -999.0 -999.0 -999.0 -999.0} "" -999.0 -999.0 -999.0 -999.0 -999 -999 "" ops_sky_apogee_best_unassigned ops_sky sky_apogee 0 0 0.0 0.0 -999 ""
FIBERMAP 719 R+3C18 BOSS 1 1 0 1 0 0 138.0807754522218 50.96913677110655 143.1 138.0418228654667 50.95475837762342 1.5480918 90.07247 180.7831836595141 57.340384569774 -30.054771 -25.660227 2.4780068 180.78304538162482 57.34030468116956 180.78332898643873 57.18543038842588 61.20966035069778 25.306146276240042 5400.0 5400.0 2016.0 1 218 {-999.0 20.839163 20.72212 20.786167 -999.0} sdss_psfmag 20.879488 20.67064 20.265223 -999.0 63050394851418212 1092559713 dark_flexible_2x1 mwm_cb_galex_vol_boss mwm_cb science 0 0 0.0 0.0 -999 ""
FIBERMAP 719 R+3C18 METROLOGY 0 0 0 1 0 0 137.43309845306493 51.34666908815891 143.1 137.39432857599132 51.332184192809144 1.5480918 90.07247 -999.0 -999.0 -999.0 -999.0 -999.0 180.77760158313225 57.342046141459896 180.77794813674575 57.18719534184274 61.21027321953777 25.299184240770785 -999.0 6231.0 -999.0 -1 -999 {-999.0 -999.0 -999.0 -999.0 -999.0} "" -999.0 -999.0 -999.0 -999.0 -999 -999 "" "" "" "" 0 0 0.0 0.0 -999 ""
FIBERMAP 721 R+9C9 APOGEE 0 0 0 1 0 0 -8.670515908507053 181.67138731930618 143.1 -8.668069955969264 181.6201378209434 342.28943 176.18141 -999.0 -999.0 -999.0 -999.0 -999.0 179.54533431641724 57.938675448502124 179.5513229417146 57.78380369942908 61.18038051521755 23.4547622787847 -999.0 16600.0 -999.0 2 9 {-999.0 -999.0 -999.0 -999.0 -999.0} "" -999.0 -999.0 -999.0 -999.0 -999 -999 "" ops_sky_apogee_best_unassigned ops_sky sky_apogee 0 0 0.0 0.0 -999 ""
FIBERMAP 721 R+9C9 BOSS 1 1 0 1 0 0 -7.976583582459224 181.40891743569685 143.1 -7.974333388230613 181.35774198008824 342.28943 176.18141 179.5513398899215 57.93761555556814 -999.0 -999.0 -999.0 179.55140010344203 57.93763845340043 179.55722877560834 57.782679008180196 61.17927898245429 23.461310640066813 5400.0 5400.0 2015.5 1 125 {-999.0 -999.0 -999.0 -999.0 -999.0} "" -999.0 -999.0 -999.0 -999.0 27021603092666462 805496795 "" ops_sky_boss_good ops_sky sky_boss 0 0 0.0 0.0 -999 ""
FIBERMAP 721 R+9C9 METROLOGY 0 0 0 1 0 0 -8.542503205783088 180.93336777440845 143.1 -8.540093365628737 180.8823264713593 342.28943 176.18141 -999.0 -999.0 -999.0 -999.0 -999.0 179.5465258231524 57.93545421120327 179.55241369621126 57.78052045698515 61.182570894812145 23.459977602254696 -999.0 6231.0 -999.0 -1 -999 {-999.0 -999.0 -999.0 -999.0 -999.0} "" -999.0 -999.0 -999.0 -999.0 -999 -999 "" "" "" "" 0 0 0.0 0.0 -999 ""
FIBERMAP 723 R-2C19 APOGEE 1 1 0 1 0 0 153.51153486395305 -48.97183384356728 143.1 153.46822925996793 -48.958018889240016 42.98047 28.113468 180.89661195135264 56.88479516827943 -6.8393097 5.8988776 0.8884135 180.89654457517952 56.88481216848843 180.8964914160132 56.730127447655214 61.507239379314186 26.03650995440165 16000.0 16600.0 2016.0 2 212 {-999.0 10.565871 10.599548 10.680156 -999.0} sdss_psfmag_from_g3xp 10.651025 10.549494 10.353696 10.08 63050394851391383 974734604 "" ops_std_apogee ops_std standard_apogee 0 0 0.0 0.0 -999 ""
FIBERMAP 723 R-2C19 BOSS 0 0 0 1 0 0 153.26207645282432 -49.66989350648778 143.1 153.21884122105698 -49.6558816295296 42.98047 28.113468 -999.0 -999.0 -999.0 -999.0 -999.0 180.89459885380302 56.88172500844917 180.89441837756442 56.72695902771855 61.51034856871434 26.039215145079936 -999.0 5400.0 -999.0 1 297 {-999.0 -999.0 -999.0 -999.0 -999.0} "" -999.0 -999.0 -999.0 -999.0 -999 -999 "" "" "" "" 0 0 0.0 0.0 -999 ""
FIBERMAP 723 R-2C19 METROLOGY 0 0 0 1 0 0 152.78062177822324 -49.112335637271265 143.1 152.7375223648196 -49.09848104738799 42.98047 28.113468 -999.0 -999.0 -999.0 -999.0 -999.0 180.8906489401979 56.884274257616546 180.89052402270192 56.7295309648615 61.50988308632947 26.032273887039764 -999.0 6231.0 -999.0 -1 -999 {-999.0 -999.0 -999.0 -999.0 -999.0} "" -999.0 -999.0 -999.0 -999.0 -999 -999 "" "" "" "" 0 0 0.0 0.0 -999 ""
FIBERMAP 724 R+1C21 APOGEE 0 0 0 1 0 0 181.17432531501143 31.508841231271287 143.1 181.12321603784008 31.499952587159946 77.701614 75.39585 -999.0 -999.0 -999.0 -999.0 -999.0 181.1402433548579 57.24777494740374 181.13909420263656 57.09300261847332 61.14958936283861 25.732274846274322 -999.0 16600.0 -999.0 2 -999 {-999.0 -999.0 -999.0 -999.0 -999.0} "" -999.0 -999.0 -999.0 -999.0 -999 -999 "" "" "" "" 0 0 0.0 0.0 -999 ""
FIBERMAP 724 R+1C21 BOSS 1 1 0 1 0 0 181.84707573160216 31.1984523244689 143.1 181.79577667153828 31.18965124106817 77.701614 75.39585 181.14601307589405 57.24637629243116 -0.20863612 -0.08296428 0.18861708 181.14603397421368 57.24638674130556 181.1447202208725 57.0915314034211 61.14862456712542 25.739014494411947 5400.0 5400.0 2016.0 1 234 {-999.0 19.590837 19.16622 18.682945 18.509829} sdss_psfmag 19.943205 19.630964 18.633158 -999.0 63050394851417358 1059898077 dark_10x4_4yr bhm_aqmes_med bhm_aqmes science 0 0 0.0 0.0 -999 ""
FIBERMAP 724 R+1C21 METROLOGY 0 0 0 1 0 0 181.23699807522877 30.76538033408937 143.1 181.18587111807176 30.756701420297127 77.701614 75.39585 -999.0 -999.0 -999.0 -999.0 -999.0 181.1408143901306 57.24446030691788 181.13956332163264 57.08962905195264 61.15191627916203 25.73736469294664 -999.0 6231.0 -999.0 -1 -999 {-999.0 -999.0 -999.0 -999.0 -999.0} "" -999.0 -999.0 -999.0 -999.0 -999 -999 "" "" "" "" 0 0 0.0 0.0 -999 ""
FIBERMAP 730 R+6C13 APOGEE 0 0 0 1 0 0 42.913953293371286 129.1133936160988 143.1 42.901847267147225 129.0769707277597 96.119865 119.1721 -999.0 -999.0 -999.0 -999.0 -999.0 179.9847282656898 57.70039057770991 179.98871008241883 57.54554565127942 61.21614194588805 24.14385840394442 -999.0 16600.0 -999.0 2 -999 {-999.0 -999.0 -999.0 -999.0 -999.0} "" -999.0 -999.0 -999.0 -999.0 -999 -999 "" "" "" "" 0 0 0.0 0.0 -999 ""
FIBERMAP 730 R+6C13 BOSS 1 1 0 1 0 0 43.533176130256784 129.54277694854625 143.1 43.52089542127044 129.50623293116908 96.119865 119.1721 179.9901865612611 57.70247602529206 0.7526886 -0.9636264 0.03356554 179.99018025693036 57.702458640029086 179.99400376201754 57.54752676711054 61.212800519194005 24.145749304165008 5400.0 5400.0 2016.0 1 149 {-999.0 20.847918 20.847767 20.487268 20.54962} sdss_psfmag 20.55272 20.739676 20.034147 -999.0 63050394824208381 1059900688 dark_10x4_4yr bhm_aqmes_med_faint bhm_filler science 0 0 0.0 0.0 -999 ""
FIBERMAP 730 R+6C13 METROLOGY 0 0 0 1 0 0 43.594109767007296 128.8067192743569 143.1 43.58181186864203 128.77038289884962 96.119865 119.1721 -999.0 -999.0 -999.0 -999.0 -999.0 179.99062727047587 57.69908591120817 179.99448647895815 57.54417923551526 61.215203691490295 24.150618573309714 -999.0 6231.0 -999.0 -1 -999 {-999.0 -999.0 -999.0 -999.0 -999.0} "" -999.0 -999.0 -999.0 -999.0 -999 -999 "" "" "" "" 0 0 0.0 0.0 -999 ""
FIBERMAP 733 R+2C2 APOGEE 0 0 0 1 0 0 -235.35864067093195 24.596817246976457 143.1 -235.2922459983987 24.589878484831086 343.65268 77.30133 -999.0 -999.0 -999.0 -999.0 -999.0 177.6507028798465 57.20965473550507 177.66488802474453 57.05518838286746 62.37839419430526 22.69995081154275 -999.0 16600.0 -999.0 2 -999 {-999.0 -999.0 -999.0 -999.0 -999.0} "" -999.0 -999.0 -999.0 -999.0 -999 -999 "" "" "" "" 0 0 0.0 0.0 -999 ""
FIBERMAP 733 R+2C2 BOSS 1 1 0 1 0 0 -235.68730508552764 23.962867967590064 143.1 -235.62081769676303 23.956108042536407 343.65268 77.30133 177.6481807998051 57.206812310986145 -0.08590407 0.13930646 -0.04322787 177.6481951943519 57.20682819533717 177.66227273920947 57.052277164394994 62.38157905719711 22.701235744837504 5400.0 5400.0 2016.0 1 10 {-999.0 17.765316 17.871832 17.811588 17.662952} sdss_psfmag 17.661808 17.636358 17.22699 16.343 63050394824206981 1059897592 dark_10x4_4yr bhm_aqmes_med bhm_aqmes science 0 0 0.0 0.0 -999 ""
FIBERMAP 733 R+2C2 METROLOGY 0 0 0 1 0 0 -236.10448025842288 24.57718843541867 143.1 -236.037875184542 24.57025521056104 343.65268 77.30133 -999.0 -999.0 -999.0 -999.0 -999.0 177.64458695708723 57.20952799212083 177.658714831647 57.055001225396424 62.38054736447717 22.694380334501204 -999.0 6231.0 -999.0 -1 -999 {-999.0 -999.0 -999.0 -999.0 -999.0} "" -999.0 -999.0 -999.0 -999.0 -999 -999 "" "" "" "" 0 0 0.0 0.0 -999 ""
FIBERMAP 741 R+5C9 APOGEE 0 0 0 1 0 0 -40.484807576059296 100.75271836444581 143.1 -40.47338681184209 100.72429602259521 36.76803 92.3534 -999.0 -999.0 -999.0 -999.0 -999.0 179.27603571361297 57.57172209547014 179.28316341475613 57.416960143508156 61.55613748928087 23.70192089341191 -999.0 16600.0 -999.0 2 101 {-999.0 -999.0 -999.0 -999.0 -999.0} "" -999.0 -999.0 -999.0 -999.0 -999 -999 "" ops_sky_apogee_best_unassigned ops_sky sky_apogee 0 0 0.0 0.0 -999 ""
FIBERMAP 741 R+5C9 BOSS 1 1 0 1 0 0 -40.00145272178334 100.19295258874169 143.1 -39.99016831197052 100.16468815681641 36.76803 92.3534 179.280290872188 57.569287586954786 -1.6834888 -0.48766717 -3.4717448 179.28025008943254 57.56932623219429 179.28722954061254 57.414478340711845 61.55669477987318 23.708770652348903 5400.0 5400.0 2016.0 1 75 {-999.0 21.195898 20.898893 20.62438 20.397688} sdss_psfmag_from_gaiadr2 21.219208 20.959303 20.298132 -999.0 63050394824209071 1055794908 dark_flexible_2x2 bhm_gua_dark bhm_filler science 0 0 0.0 0.0 -999 ""
FIBERMAP 741 R+5C9 METROLOGY 0 0 0 1 0 0 -40.724663926860956 100.039883968914 143.1 -40.71317549916719 100.01166271764637 36.76803 92.3534 -999.0 -999.0 -999.0 -999.0 -999.0 179.27409102941795 57.568578196335736 179.28113433349597 57.413755446861934 61.55931815575633 23.704358232500113 -999.0 6231.0 -999.0 -1 -999 {-999.0 -999.0 -999.0 -999.0 -999.0} "" -999.0 -999.0 -999.0 -999.0 -999 -999 "" "" "" "" 0 0 0.0 0.0 -999 ""
FIBERMAP 742 R-5C19 APOGEE 0 0 0 1 0 0 150.16767656136068 -108.70899714449295 143.1 150.12531425980274 -108.6783303363985 274.84912 39.675182 -999.0 -999.0 -999.0 -999.0 -999.0 180.8587452555623 56.614119272274735 180.85887064700648 56.459498773983455 61.720982537407885 26.38838006927574 -999.0 16600.0 -999.0 2 -999 {-999.0 -999.0 -999.0 -999.0 -999.0} "" -999.0 -999.0 -999.0 -999.0 -999 -999 "" "" "" "" 0 0 0.0 0.0 -999 ""
FIBERMAP 742 R-5C19 BOSS 1 1 0 1 0 0 149.63666731450598 -108.19105694794546 143.1 149.59445481065657 -108.16053625078044 274.84912 39.675182 180.85469506400105 56.61655699887223 -3.7714086 -5.8557363 2.2562008 180.85468876996177 56.61654831566036 180.85469698019926 56.461846360289826 61.720812987713586 26.38144346259878 5400.0 5400.0 2016.0 1 287 {-999.0 18.441046 18.884554 19.188152 -999.0} sdss_psfmag 18.609465 18.690424 18.934744 -999.0 63050394851390822 1092201354 dark_flexible_2x1 mwm_cb_galex_mag_boss mwm_cb science 0 0 0.0 0.0 -999 ""
FIBERMAP 742 R-5C19 METROLOGY 0 0 0 1 0 0 150.35862393359056 -107.98774747790702 143.1 150.3162077657789 -107.95728413434351 274.84912 39.675182 -999.0 -999.0 -999.0 -999.0 -999.0 180.860600312807 56.61740464061514 180.86062112620766 56.46272533213926 61.71795188748327 26.38527720174062 -999.0 6231.0 -999.0 -1 -999 {-999.0 -999.0 -999.0 -999.0 -999.0} "" -999.0 -999.0 -999.0 -999.0 -999 -999 "" "" "" "" 0 0 0.0 0.0 -999 ""
FIBERMAP 743 R-1C3 APOGEE 0 0 0 1 0 0 -229.8833319479043 -5.92349342320138 143.1 -229.81848185996182 -5.9218224057066955 80.2915 103.73729 -999.0 -999.0 -999.0 -999.0 -999.0 177.70302996502045 57.07215467636803 177.71692206710782 56.917712009618384 62.47157461591999 22.926735078315232 -999.0 16600.0 -999.0 2 281 {-999.0 -999.0 -999.0 -999.0 -999.0} "" -999.0 -999.0 -999.0 -999.0 -999 -999 "" ops_sky_apogee_best_unassigned ops_sky sky_apogee 0 0 0.0 0.0 -999 ""
FIBERMAP 743 R-1C3 BOSS 1 1 0 1 0 0 -229.13936972029484 -5.85969238519149 143.1 -229.07472950409675 -5.858039365969628 80.2915 103.73729 177.70923913538158 57.072620825104245 -0.62989473 -0.18953255 -0.43035632 177.70919545472074 57.07261983626514 177.72294379279674 56.91809088106712 62.46929883098735 22.93193119633611 5400.0 5400.0 2016.0 1 433 {-999.0 20.388243 19.798197 19.67501 19.6813} sdss_psfmag 20.083961 19.951729 19.458052 -999.0 63050394824206629 1059900643 dark_10x4_4yr bhm_aqmes_med_faint bhm_filler science 0 0 0.0 0.0 -999 ""
FIBERMAP 743 R-1C3 METROLOGY 0 0 0 1 0 0 -229.4500868968137 -6.537306361755803 143.1 -229.38535902730013 -6.535462187631152 80.2915 103.73729 -999.0 -999.0 -999.0 -999.0 -999.0 177.70677707820175 57.069488048417604 177.7205677210976 56.91498437147732 62.47256198505292 22.93372114370453 -999.0 6231.0 -999.0 -1 -999 {-999.0 -999.0 -999.0 -999.0 -999.0} "" -999.0 -999.0 -999.0 -999.0 -999 -999 "" "" "" "" 0 0 0.0 0.0 -999 ""
FIBERMAP 748 R-1C24 APOGEE 0 0 0 1 0 0 239.4454725647169 -26.914814664504195 143.1 239.37792499690642 -26.90722199528734 249.71797 156.49464 -999.0 -999.0 -999.0 -999.0 -999.0 181.60973493668806 56.976214537854915 181.60656444997153 56.821510359017516 61.17589644444703 26.502436730917168 -999.0 16600.0 -999.0 2 210 {-999.0 -999.0 -999.0 -999.0 -999.0} "" -999.0 -999.0 -999.0 -999.0 -999 -999 "" ops_sky_apogee_best_unassigned ops_sky sky_apogee 0 0 0.0 0.0 -999 ""
FIBERMAP 748 R-1C24 BOSS 1 1 0 1 0 0 238.9356694604522 -27.45920984646738 143.1 238.86826570809743 -27.451463603369692 249.71797 156.49464 181.60556122559802 56.97389539744092 1.4601157 0.102977335 -1.1326648 181.6056089081376 56.973891184270286 181.60231603403565 56.81910565489272 61.179241051081675 26.502346112227087 5400.0 5400.0 2016.0 1 311 {-999.0 21.090935 20.93397 20.798456 20.71497} sdss_psfmag_from_gaiadr2 21.003183 20.926128 20.465803 -999.0 63050394851416947 1056005604 dark_flexible_2x2 bhm_gua_dark bhm_filler science 0 0 0.0 0.0 -999 ""
FIBERMAP 748 R-1C24 METROLOGY 0 0 0 1 0 0 238.71417708465788 -26.75087701253707 143.1 238.6468358153023 -26.743330590131837 249.71797 156.49464 -999.0 -999.0 -999.0 -999.0 -999.0 181.60391870558314 56.97710215901026 181.6006725436389 56.82233901527922 61.17750379856919 26.496389682041865 -999.0 6231.0 -999.0 -1 -999 {-999.0 -999.0 -999.0 -999.0 -999.0} "" -999.0 -999.0 -999.0 -999.0 -999 -999 "" "" "" "" 0 0 0.0 0.0 -999 ""
FIBERMAP 751 R-10C16 APOGEE 0 0 0 1 0 0 173.98308526912643 -185.12904585919378 143.1 173.93400464077203 -185.0768209553569 74.51613 60.321552 -999.0 -999.0 -999.0 -999.0 -999.0 181.037726760113 56.26787791829652 181.0371092220064 56.11333658001988 61.90708440909215 27.040868598639122 -999.0 16600.0 -999.0 2 -999 {-999.0 -999.0 -999.0 -999.0 -999.0} "" -999.0 -999.0 -999.0 -999.0 -999 -999 "" "" "" "" 0 0 0.0 0.0 -999 ""
FIBERMAP 751 R-10C16 BOSS 1 1 0 1 0 0 174.52030114326215 -185.65479665409396 143.1 174.47106896630964 -185.60242343595786 74.51613 60.321552 181.0421312389096 56.26553919693796 -2.3388953 -4.8025227 0.35845435 181.04211298734174 56.26555127543316 181.04134288752653 56.11093109245946 61.907216621523766 27.048020114049336 5400.0 5400.0 2016.0 1 268 {-999.0 17.523315 17.150223 17.021711 -999.0} sdss_psfmag 17.46791 17.165983 16.709425 15.912 63050394851389745 976721715 "" ops_std_boss ops_std standard_boss 0 0 0.0 0.0 -999 ""
FIBERMAP 751 R-10C16 METROLOGY 0 0 0 1 0 0 173.80011668639403 -185.85236078247735 143.1 173.7510876734768 -185.79993183150063 74.51613 60.321552 -999.0 -999.0 -999.0 -999.0 -999.0 181.03619575307505 56.26468876862693 181.03548889607657 56.11009131863349 61.9100661636713 27.044197496170966 -999.0 6231.0 -999.0 -1 -999 {-999.0 -999.0 -999.0 -999.0 -999.0} "" -999.0 -999.0 -999.0 -999.0 -999 -999 "" "" "" "" 0 0 0.0 0.0 -999 ""
FIBERMAP 753 R-2C22 APOGEE 0 0 0 1 0 0 203.6543332710494 -60.691286567883964 143.1 203.59688238363367 -60.67416555594317 347.75858 23.445229 -999.0 -999.0 -999.0 -999.0 -999.0 181.30780068017626 56.82723552691683 181.30596662192875 56.672562615211305 61.397290010348065 26.464130976443016 -999.0 16600.0 -999.0 2 -999 {-999.0 -999.0 -999.0 -999.0 -999.0} "" -999.0 -999.0 -999.0 -999.0 -999 -999 "" "" "" "" 0 0 0.0 0.0 -999 ""
FIBERMAP 753 R-2C22 BOSS 1 1 0 1 0 0 202.91574475514298 -60.84407841730264 143.1 202.85850222354756 -60.82691430278112 347.75858 23.445229 181.3020088854611 56.826646053265556 -22.745783 3.0591314 0.5403587 181.30191645516683 56.82668360520886 181.29996977171334 56.671929333853406 61.400000198147794 26.45999938753681 5400.0 5400.0 2016.0 1 285 {-999.0 16.568775 16.170218 16.01707 -999.0} sdss_psfmag 16.48993 16.18375 15.704932 14.684 63050394851390494 976721724 "" ops_std_boss ops_std standard_boss 0 0 0.0 0.0 -999 ""
FIBERMAP 753 R-2C22 METROLOGY 0 0 0 1 0 0 203.15019133422973 -60.14128394238885 143.1 203.09288266525436 -60.12431808618871 347.75858 23.445229 -999.0 -999.0 -999.0 -999.0 -999.0 181.3039451151195 56.82982404394126 181.30202838945377 56.675092120396236 61.39691559289204 26.4572221065053 -999.0 6231.0 -999.0 -1 -999 {-999.0 -999.0 -999.0 -999.0 -999.0} "" -999.0 -999.0 -999.0 -999.0 -999 -999 "" "" "" "" 0 0 0.0 0.0 -999 ""
FIBERMAP 756 R-13C9 APOGEE 0 0 0 1 0 0 14.578975546641544 -241.59341959160645 143.1 14.574862817639838 -241.52526608793966 222.87875 22.530544 -999.0 -999.0 -999.0 -999.0 -999.0 179.73790624890708 56.019624326459244 179.74277804402345 55.86519044936495 62.57851904194463 26.252233557186344 -999.0 16600.0 -999.0 2 207 {-999.0 -999.0 -999.0 -999.0 -999.0} "" -999.0 -999.0 -999.0 -999.0 -999 -999 "" ops_sky_apogee_best_unassigned ops_sky sky_apogee 0 0 0.0 0.0 -999 ""
FIBERMAP 756 R-13C9 BOSS 1 1 0 1 0 0 14.861423254205839 -240.90857856020622 143.1 14.857230846705828 -240.8406182501944 222.87875 22.530544 179.73992456262806 56.022836736694785 -12.244348 -17.095325 2.197018 179.7403368035246 56.022736675606964 179.74507354819593 55.86822253715459 62.57539494452878 26.249963911782743 5400.0 5400.0 2016.0 1 334 {-999.0 17.974405 16.673048 15.9264145 -999.0} sdss_psfmag 17.464779 16.559025 15.551563 13.696 63050394824145575 1092530047 dark_flexible_2x1 mwm_cb_galex_vol_boss mwm_cb science 0 0 1.1063323020935059 0.0 -999 ""
FIBERMAP 756 R-13C9 METROLOGY 0 0 0 1 0 0 15.317426764974766 -241.49801034568395 143.1 15.313105718884367 -241.42988375696544 222.87875 22.530544 -999.0 -999.0 -999.0 -999.0 -999.0 179.74398337099075 56.020083705799514 179.74873992615994 55.865592438728065 62.57600040193687 26.257093624153583 -999.0 6231.0 -999.0 -1 -999 {-999.0 -999.0 -999.0 -999.0 -999.0} "" -999.0 -999.0 -999.0 -999.0 -999 -999 "" "" "" "" 0 0 0.0 0.0 -999 ""
FIBERMAP 758 R+4C17 APOGEE 0 0 0 1 0 0 127.9333546189389 80.11463717090858 143.1 127.8972646196009 80.09203683176267 31.880522 92.06904 -999.0 -999.0 -999.0 -999.0 -999.0 180.70109990507208 57.47338978186202 180.70187920458716 57.318569766292654 61.138939265264526 25.054971788781927 -999.0 16600.0 -999.0 2 83 {-999.0 -999.0 -999.0 -999.0 -999.0} "" -999.0 -999.0 -999.0 -999.0 -999 -999 "" ops_sky_apogee_best_unassigned ops_sky sky_apogee 0 0 0.0 0.0 -999 ""
FIBERMAP 758 R+4C17 BOSS 1 1 0 1 0 0 128.3481193923529 79.49998596755815 143.1 128.31191238787233 79.4775590215167 31.880522 92.06904 180.70474215425557 57.47067251918861 -0.4317032 0.44593963 -0.027097166 180.70475214540892 57.47068041865113 180.70537779199242 57.315776346487276 61.13979296035157 25.061730772367696 5400.0 5400.0 2016.0 1 210 {-999.0 20.010767 19.065374 18.661623 18.351315} sdss_fiber2mag_from_lsdr10 18.808317 19.317654 17.403988 15.555 63050394851418312 1063014059 dark_flexible_2x2 bhm_colr_galaxies_lsdr10 bhm_filler science 0 0 0.0 0.0 -999 ""
FIBERMAP 758 R+4C17 METROLOGY 0 0 0 1 0 0 127.61234565486942 79.4363216362894 143.1 127.57634621216019 79.41391264995582 31.880522 92.06904 -999.0 -999.0 -999.0 -999.0 -999.0 180.698489378133 57.47042100726072 180.69918185590723 57.31554111803751 61.1421765201753 25.05684150543118 -999.0 6231.0 -999.0 -1 -999 {-999.0 -999.0 -999.0 -999.0 -999.0} "" -999.0 -999.0 -999.0 -999.0 -999 -999 "" "" "" "" 0 0 0.0 0.0 -999 ""
FIBERMAP 760 R+10C10 APOGEE 0 0 0 1 0 0 13.067510198981985 214.09037569128373 143.1 13.063823854354853 214.02998079630123 192.8295 15.52218 -999.0 -999.0 -999.0 -999.0 -999.0 179.73156101173052 58.084576498103544 179.73672789774196 57.9296563216917 61.00494182189014 23.42376286020044 -999.0 16600.0 -999.0 2 -999 {-999.0 -999.0 -999.0 -999.0 -999.0} "" -999.0 -999.0 -999.0 -999.0 -999 -999 "" "" "" "" 0 0 0.0 0.0 -999 ""
FIBERMAP 760 R+10C10 BOSS 1 1 0 1 0 0 13.737819187874738 214.45515521141058 143.1 13.733943749081838 214.39465741212547 192.8295 15.52218 179.73721225247147 58.08650349329237 -0.79373866 -1.6129099 1.3252919 179.73745368126052 58.08633989110989 179.7424597591546 57.93133093236645 61.00172468578547 23.426465269191738 5400.0 5400.0 2016.0 1 122 {-999.0 17.543713 16.792875 16.503885 -999.0} sdss_psfmag 17.176794 18.507969 15.83191 13.7 63050394824213104 1092182320 dark_flexible_2x1 mwm_cb_galex_mag_boss mwm_cb science 0 0 0.0 0.0 -999 ""
FIBERMAP 760 R+10C10 METROLOGY 0 0 0 1 0 0 13.705507761282192 213.70356683537324 143.1 13.701641437542735 213.643281059169 192.8295 15.52218 -999.0 -999.0 -999.0 -999.0 -999.0 179.73713065842585 58.082931207343734 179.74217581281232 57.927948017978416 61.004447633743055 23.43061793334607 -999.0 6231.0 -999.0 -1 -999 {-999.0 -999.0 -999.0 -999.0 -999.0} "" -999.0 -999.0 -999.0 -999.0 -999 -999 "" "" "" "" 0 0 0.0 0.0 -999 ""
FIBERMAP 761 R+4C9 APOGEE 0 0 0 1 0 0 -79.86483197722846 84.2727742711035 143.1 -79.84230210812768 84.24900092148162 159.83002 108.75944 -999.0 -999.0 -999.0 -999.0 -999.0 178.94341603256655 57.495311522654085 178.95200454465112 57.34060048370194 61.727277375315566 23.50882563222501 -999.0 16600.0 -999.0 2 118 {-999.0 -999.0 -999.0 -999.0 -999.0} "" -999.0 -999.0 -999.0 -999.0 -999 -999 "" ops_sky_apogee_best_unassigned ops_sky sky_apogee 0 0 0.0 0.0 -999 ""
FIBERMAP 761 R+4C9 BOSS 1 1 0 1 0 0 -79.85436889585495 85.02034993741643 143.1 -79.83184197838943 84.99636569669909 159.83002 108.75944 178.94352278031073 57.49884217390502 -1.6451619 1.833146 -0.19998969 178.94350784780409 57.49883289172727 178.95197032797137 57.3440349329372 61.72459833593805 23.50428874391713 5400.0 5400.0 2016.0 1 64 {-999.0 21.004839 20.826982 20.675404 20.56918} sdss_psfmag_from_gaiadr2 20.723486 20.825026 20.115002 -999.0 63050394824208690 1055794900 dark_flexible_2x2 bhm_gua_dark bhm_filler science 0 0 0.0 0.0 -999 ""
FIBERMAP 761 R+4C9 METROLOGY 0 0 0 1 0 0 -79.19502022402494 84.6734988523474 143.1 -79.17267930881975 84.64961245832114 159.83002 108.75944 -999.0 -999.0 -999.0 -999.0 -999.0 178.94908605912178 57.49725926105685 178.9575592054657 57.342485481921116 61.72393756214114 23.511308843171264 -999.0 6231.0 -999.0 -1 -999 {-999.0 -999.0 -999.0 -999.0 -999.0} "" -999.0 -999.0 -999.0 -999.0 -999 -999 "" "" "" "" 0 0 0.0 0.0 -999 ""
FIBERMAP 762 R+2C22 APOGEE 0 0 0 1 0 0 193.99163807289534 54.95532306506527 143.1 193.936913031795 54.93982016842862 149.6703 77.68838 -999.0 -999.0 -999.0 -999.0 -999.0 181.25133341725393 57.35270374491898 181.24968193469158 57.197906634196386 61.03159654370042 25.678257449252612 -999.0 16600.0 -999.0 2 -999 {-999.0 -999.0 -999.0 -999.0 -999.0} "" -999.0 -999.0 -999.0 -999.0 -999 -999 "" "" "" "" 0 0 0.0 0.0 -999 ""
FIBERMAP 762 R+2C22 BOSS 1 1 0 1 0 0 194.47708746862588 55.49927810807445 143.1 194.42222548225098 55.483621761720165 149.6703 77.68838 181.25598379867466 57.35525235739236 -29.070793 -4.002412 3.528203 181.25571143848154 57.355208662278926 181.25389984603055 57.200327285530435 61.02826840025533 25.67838683987901 5400.0 5400.0 2016.0 1 224 {-999.0 19.9709 20.233746 20.535994 -999.0} sdss_psfmag 20.271631 20.12713 20.110983 -999.0 63050394851417799 1092201394 dark_flexible_2x1 mwm_cb_galex_mag_boss mwm_cb science 0 0 0.0 0.0 -999 ""
FIBERMAP 762 R+2C22 METROLOGY 0 0 0 1 0 0 194.7197373209468 54.792432103073224 143.1 194.66480688304856 54.77697515797695 149.6703 77.68838 -999.0 -999.0 -999.0 -999.0 -999.0 181.2575490829934 57.351949627627114 181.25576955595272 57.19709275381214 61.0299803920073 25.68442622705129 -999.0 6231.0 -999.0 -1 -999 {-999.0 -999.0 -999.0 -999.0 -999.0} "" -999.0 -999.0 -999.0 -999.0 -999 -999 "" "" "" "" 0 0 0.0 0.0 -999 ""
FIBERMAP 765 R+2C19 APOGEE 0 0 0 1 0 0 152.49718817247336 36.049769395172135 143.1 152.45416871568992 36.03959975522576 28.933043 74.03313 -999.0 -999.0 -999.0 -999.0 -999.0 180.9015094660223 57.27118297007005 180.90141097683284 57.116407052729436 61.21861264055621 25.500807993795263 -999.0 16600.0 -999.0 2 72 {-999.0 -999.0 -999.0 -999.0 -999.0} "" -999.0 -999.0 -999.0 -999.0 -999 -999 "" ops_sky_apogee_best_unassigned ops_sky sky_apogee 0 0 0.0 0.0 -999 ""
FIBERMAP 765 R+2C19 BOSS 1 1 0 1 0 0 152.6684831882109 35.323700704914785 143.1 152.6254154091035 35.31373588894593 28.933043 74.03313 180.90307837617254 57.267959427845184 1.802703 -0.34732813 -0.7239051 180.90307685257827 57.26796487716941 180.90283385289024 57.113106089064374 61.2205574044682 25.50657570446566 5400.0 5400.0 2016.0 1 221 {-999.0 21.437962 20.589952 20.243235 20.178684} sdss_psfmag 20.812737 20.77755 20.16808 -999.0 63050394851418185 1059903089 dark_10x4_4yr bhm_aqmes_med_faint bhm_filler science 0 0 0.0 0.0 -999 ""
FIBERMAP 765 R+2C19 METROLOGY 0 0 0 1 0 0 151.9500393203138 35.53768841103488 143.1 151.90717421422156 35.52766322913413 28.933043 74.03313 -999.0 -999.0 -999.0 -999.0 -999.0 180.89703956452175 57.26897514285117 180.89686220178373 57.11413988739401 61.22194903164353 25.500124608230635 -999.0 6231.0 -999.0 -1 -999 {-999.0 -999.0 -999.0 -999.0 -999.0} "" -999.0 -999.0 -999.0 -999.0 -999 -999 "" "" "" "" 0 0 0.0 0.0 -999 ""
FIBERMAP 766 R+7C3 APOGEE 0 0 0 1 0 0 -162.5309406208767 114.40204340689266 143.1 -162.48509064252755 114.36977059044759 1.258253 18.199768 -999.0 -999.0 -999.0 -999.0 -999.0 178.24207896383203 57.6253434937008 178.2538287929268 57.47068805082543 61.85490301369107 22.711381254680873 -999.0 16600.0 -999.0 2 123 {-999.0 -999.0 -999.0 -999.0 -999.0} "" -999.0 -999.0 -999.0 -999.0 -999 -999 "" ops_sky_apogee_best_unassigned ops_sky sky_apogee 0 0 0.0 0.0 -999 ""
FIBERMAP 766 R+7C3 BOSS 1 1 0 1 0 0 -163.23587028639156 114.13924819016535 143.1 -163.18982144738376 114.10704950825091 1.258253 18.199768 178.23635876122805 57.62406537706139 -999.0 -999.0 -999.0 178.23622167450316 57.6241922186719 178.2478745119039 57.469450756292154 61.85782234170867 22.7075531998899 5400.0 5400.0 2015.5 1 26 {-999.0 -999.0 -999.0 -999.0 -999.0} "" -999.0 -999.0 -999.0 -999.0 27021603092669183 805497244 "" ops_sky_boss_good ops_sky sky_boss 0 0 0.0 0.0 -999 ""
FIBERMAP 766 R+7C3 METROLOGY 0 0 0 1 0 0 -163.1080879169637 114.87625149074594 143.1 -163.06207512536236 114.84384490020041 1.258253 18.199768 -999.0 -999.0 -999.0 -999.0 -999.0 178.23717588531187 57.627510856985424 178.24886048998314 57.472793152207814 61.85483750993242 22.70417205790119 -999.0 6231.0 -999.0 -1 -999 {-999.0 -999.0 -999.0 -999.0 -999.0} "" -999.0 -999.0 -999.0 -999.0 -999 -999 "" "" "" "" 0 0 0.0 0.0 -999 ""
FIBERMAP 776 R+1C5 APOGEE 0 0 0 1 0 0 -171.53655825930778 21.6164817359181 143.1 -171.48816779622283 21.610383726420398 52.712776 62.829033 -999.0 -999.0 -999.0 -999.0 -999.0 178.18103454303468 57.20363167074356 178.19289196432226 57.049084490353515 62.21013389394856 23.200651917239156 -999.0 16600.0 -999.0 2 110 {-999.0 -999.0 -999.0 -999.0 -999.0} "" -999.0 -999.0 -999.0 -999.0 -999 -999 "" ops_sky_apogee_best_unassigned ops_sky sky_apogee 0 0 0.0 0.0 -999 ""
FIBERMAP 776 R+1C5 BOSS 1 1 0 1 0 0 -171.24388287398736 20.922807859440738 143.1 -171.1955749746286 20.91690553534359 52.712776 62.829033 178.18360969302012 57.20057742627925 -0.14757046 -0.031139622 -0.15157633 178.18361038335843 57.2006018810396 178.19533479506345 57.045969677623795 62.21179492268918 23.206981672683696 5400.0 5400.0 2016.0 1 63 {-999.0 18.79837 18.345337 17.952822 17.881844} sdss_psfmag 18.129177 17.741766 17.127157 15.953 63050394824208483 1059897599 dark_10x4_4yr bhm_aqmes_med bhm_aqmes science 0 0 0.0 0.0 -999 ""
FIBERMAP 776 R+1C5 METROLOGY 0 0 0 1 0 0 -171.98997992819133 21.018082795073724 143.1 -171.9414615548536 21.012153593917233 52.712776 62.829033 -999.0 -999.0 -999.0 -999.0 -999.0 178.17736185202781 57.200935244544056 178.1891479811253 57.046328042502374 62.21356045615018 23.200788014760747 -999.0 6231.0 -999.0 -1 -999 {-999.0 -999.0 -999.0 -999.0 -999.0} "" -999.0 -999.0 -999.0 -999.0 -999 -999 "" "" "" "" 0 0 0.0 0.0 -999 ""
FIBERMAP 779 R+1C20 APOGEE 0 0 0 1 0 0 141.30834075483602 5.145157733722533 143.1 141.2684776719091 5.14370628472585 264.44678 104.35733 -999.0 -999.0 -999.0 -999.0 -999.0 180.8035109691982 57.131675048167594 180.80385112198837 56.97693364900514 61.3579330938517 25.612107324468525 -999.0 16600.0 -999.0 2 85 {-999.0 -999.0 -999.0 -999.0 -999.0} "" -999.0 -999.0 -999.0 -999.0 -999 -999 "" ops_sky_apogee_best_unassigned ops_sky sky_apogee 0 0 0.0 0.0 -999 ""
FIBERMAP 779 R+1C20 BOSS 1 1 0 1 0 0 140.58235740178065 5.0166648160110885 143.1 140.5426991187576 5.015249614866492 264.44678 104.35733 180.79758550872265 57.13124449422891 3.7233288 -5.0167274 1.5281752 180.7976765527865 57.13123203376881 180.79790581958287 56.97640772180836 61.36048587979367 25.607802274517496 5400.0 5400.0 2016.0 1 233 {-999.0 20.35255 20.706596 20.969513 -999.0} sdss_psfmag 20.573503 20.561947 20.42462 -999.0 63050394851418038 1092201397 dark_flexible_2x1 mwm_cb_galex_mag_boss mwm_cb science 0 0 0.0 0.0 -999 ""
FIBERMAP 779 R+1C20 METROLOGY 0 0 0 1 0 0 140.8320908869765 5.722159561320922 143.1 140.79236215413727 5.720545340108673 264.44678 104.35733 -999.0 -999.0 -999.0 -999.0 -999.0 180.7998027334796 57.134396108997656 180.80006119316351 56.97959455958415 61.35732783156626 25.605194555736432 -999.0 6231.0 -999.0 -1 -999 {-999.0 -999.0 -999.0 -999.0 -999.0} "" -999.0 -999.0 -999.0 -999.0 -999 -999 "" "" "" "" 0 0 0.0 0.0 -999 ""
FIBERMAP 781 R+8C12 APOGEE 0 0 0 1 0 0 40.16349677868198 164.5219925488496 143.1 40.152166656240716 164.47558089475157 92.42271 137.84157 -999.0 -999.0 -999.0 -999.0 -999.0 179.96247459765084 57.86072522309642 179.966571127944 57.70584353207995 61.10048001704961 23.912476047512143 -999.0 16600.0 -999.0 2 -999 {-999.0 -999.0 -999.0 -999.0 -999.0} "" -999.0 -999.0 -999.0 -999.0 -999 -999 "" "" "" "" 0 0 0.0 0.0 -999 ""
FIBERMAP 781 R+8C12 BOSS 1 1 0 1 0 0 40.64361557772281 165.0997255968946 143.1 40.63215001376834 165.0531509643037 92.42271 137.84157 179.96691313945124 57.86348133984634 -20.171286 -5.232284 0.40876386 179.96675231065086 57.86346359294299 179.97069513782094 57.70849416338131 61.09703326867116 23.912487466592893 5400.0 5400.0 2016.0 1 139 {-999.0 16.641027 16.246798 16.13067 -999.0} sdss_psfmag 16.576042 16.264322 15.784408 14.97 63050394824209314 976596063 "" ops_std_boss ops_std standard_boss 0 0 0.0 0.0 -999 ""
FIBERMAP 781 R+8C12 METROLOGY 0 0 0 1 0 0 40.90066114617863 164.40688096904518 143.1 40.889123069669296 164.36050178792382 92.42271 137.84157 -999.0 -999.0 -999.0 -999.0 -999.0 179.96888163315413 57.86029070530986 179.97285273872774 57.70534652571596 61.098721415685276 23.91847930637681 -999.0 6231.0 -999.0 -1 -999 {-999.0 -999.0 -999.0 -999.0 -999.0} "" -999.0 -999.0 -999.0 -999.0 -999 -999 "" "" "" "" 0 0 0.0 0.0 -999 ""
FIBERMAP 784 R0C21 APOGEE 1 1 0 1 0 0 171.6224201732386 6.064852276483539 143.1 171.57400548850774 6.063141381656344 45.727184 91.47386 181.05628220372574 57.13317795929261 -999.0 -999.0 -999.0 181.05624097384597 57.13321648145268 181.05547209309395 56.978471575117034 61.26497824547097 25.822130924681858 16000.0 16600.0 2015.5 2 73 {-999.0 -999.0 -999.0 -999.0 -999.0} "" -999.0 -999.0 -999.0 -999.0 27021603105745525 829474353 "" ops_sky_apogee_best ops_sky sky_apogee 0 0 0.0 0.0 -999 ""
FIBERMAP 784 R0C21 BOSS 0 0 0 1 0 0 172.16942918395253 5.5680503456312005 143.1 172.12086018797976 5.566479598628698 45.727184 91.47386 -999.0 -999.0 -999.0 -999.0 -999.0 181.06094728502228 57.1309917138662 181.0600198015261 56.97616438954572 61.26502056289176 25.82917353106626 -999.0 5400.0 -999.0 1 243 {-999.0 -999.0 -999.0 -999.0 -999.0} "" -999.0 -999.0 -999.0 -999.0 -999 -999 "" "" "" "" 0 0 0.0 0.0 -999 ""
FIBERMAP 784 R0C21 METROLOGY 0 0 0 1 0 0 171.4633733649885 5.332714079919183 143.1 171.41500354736226 5.331209721277237 45.727184 91.47386 -999.0 -999.0 -999.0 -999.0 -999.0 181.05497392611812 57.12996666376416 181.05411192208987 56.9751631157297 61.26792617674617 25.825614817731775 -999.0 6231.0 -999.0 -1 -999 {-999.0 -999.0 -999.0 -999.0 -999.0} "" -999.0 -999.0 -999.0 -999.0 -999 -999 "" "" "" "" 0 0 0.0 0.0 -999 ""
FIBERMAP 786 R+11C5 APOGEE 0 0 0 1 0 0 -74.42989211921018 194.1193322002114 143.1 -74.40889544664336 194.06457113659772 328.86105 61.19864 -999.0 -999.0 -999.0 -999.0 -999.0 178.98252872859948 57.99268097628709 178.99107302952848 57.83784785217871 61.32344685775695 22.898692022351952 -999.0 16600.0 -999.0 2 22 {-999.0 -999.0 -999.0 -999.0 -999.0} "" -999.0 -999.0 -999.0 -999.0 -999 -999 "" ops_sky_apogee_best_unassigned ops_sky sky_apogee 0 0 0.0 0.0 -999 ""
FIBERMAP 786 R+11C5 BOSS 1 1 0 1 0 0 -75.07151217458677 193.7458766099754 143.1 -75.05033450100233 193.69122089818373 328.86105 61.19864 178.9771802982377 57.99108758892601 -999.0 -999.0 -999.0 178.9771620796673 57.99109549032807 178.98560127546182 57.836175181305784 61.32655652363725 22.89604598999358 5400.0 5400.0 2015.5 1 144 {-999.0 -999.0 -999.0 -999.0 -999.0} "" -999.0 -999.0 -999.0 -999.0 27021603092670029 816857106 "" ops_sky_boss_good ops_sky sky_boss 0 0 0.0 0.0 -999 ""
FIBERMAP 786 R+11C5 METROLOGY 0 0 0 1 0 0 -75.08550656329088 194.49458860866574 143.1 -75.06432494188938 194.43972168521924 328.86105 61.19864 -999.0 -999.0 -999.0 -999.0 -999.0 178.9769712994394 57.99443018214452 178.9854487753314 57.8395340638559 61.32395660426191 22.891610797609758 -999.0 6231.0 -999.0 -1 -999 {-999.0 -999.0 -999.0 -999.0 -999.0} "" -999.0 -999.0 -999.0 -999.0 -999 -999 "" "" "" "" 0 0 0.0 0.0 -999 ""
FIBERMAP 787 R+9C16 APOGEE 0 0 0 1 0 0 137.55469337326818 190.39929491684518 143.1 137.5158891942676 190.34558327574914 148.3958 78.93156 -999.0 -999.0 -999.0 -999.0 -999.0 180.7945181807248 57.97104600514134 180.79485873262888 57.816105952898326 60.73092648649363 24.459945874170103 -999.0 16600.0 -999.0 2 88 {-999.0 -999.0 -999.0 -999.0 -999.0} "" -999.0 -999.0 -999.0 -999.0 -999 -999 "" "" "" "" 0 0 0.0 0.0 -999 ""
FIBERMAP 787 R+9C16 BOSS 1 0 0 1 0 0 138.04549946849602 190.96279981789897 143.1 138.00655683309597 190.90892921207035 148.3958 78.93156 180.94049887784482 57.98953055061161 -999.0 -999.0 -999.0 180.79892525623384 57.97364044743454 180.79910518553856 57.81861305127008 60.72755072738602 24.460094546531764 5400.0 5400.0 2016.0 1 227 {-999.0 21.399158 20.380907 19.937702 19.583595} sdss_fiber2mag_from_lsdr10 1e+20 1e+20 1e+20 16.069 63050394851420582 1063014197 dark_flexible_2x2 bhm_colr_galaxies_lsdr10 bhm_filler science 0 0 0.0 0.0 -999 ""
FIBERMAP 787 R+9C16 METROLOGY 0 0 0 1 0 0 138.29482405573674 190.26527454851333 143.1 138.25581108587062 190.21160071456322 148.3958 78.93156 -999.0 -999.0 -999.0 -999.0 -999.0 180.80092929937652 57.97044955555904 180.80114014125002 57.815447445697075 60.729237517523245 24.466004626216886 -999.0 6231.0 -999.0 -1 -999 {-999.0 -999.0 -999.0 -999.0 -999.0} "" -999.0 -999.0 -999.0 -999.0 -999 -999 "" "" "" "" 0 0 0.0 0.0 -999 ""
FIBERMAP 789 R+2C9 APOGEE 0 0 0 1 0 0 -79.66518337375635 23.950710428413984 143.1 -79.64270982552662 23.94395393300213 337.71152 77.821724 -999.0 -999.0 -999.0 -999.0 -999.0 178.94976023075964 57.220965918167785 178.95824893197062 57.066319020366095 61.939540558173775 23.87689619872225 -999.0 16600.0 -999.0 2 109 {-999.0 -999.0 -999.0 -999.0 -999.0} "" -999.0 -999.0 -999.0 -999.0 -999 -999 "" ops_sky_apogee_best_unassigned ops_sky sky_apogee 0 0 0.0 0.0 -999 ""
FIBERMAP 789 R+2C9 BOSS 1 1 0 1 0 0 -80.06809217264781 23.316088011083334 143.1 -80.04550496384591 23.30951054265541 337.71152 77.821724 178.9464909808705 57.21816544581409 -1.6813059 -4.5542703 0.39354715 178.94647752920304 57.21815501221571 178.95485456410665 57.06342422680112 61.94295323660346 23.877689540349365 5400.0 5400.0 2016.0 1 53 {-999.0 16.459179 16.062601 15.956457 -999.0} sdss_psfmag 16.392773 16.100182 15.64102 14.874 63050394824207660 976596053 "" ops_std_boss ops_std standard_boss 0 0 0.0 0.0 -999 ""
FIBERMAP 789 R+2C9 METROLOGY 0 0 0 1 0 0 -80.41368812799887 23.978337498162784 143.1 -80.39100342657797 23.971573209154553 337.71152 77.821724 -999.0 -999.0 -999.0 -999.0 -999.0 178.94350020914032 57.22112696894061 178.9519266261466 57.06641984858093 61.9416135797475 23.87106357113896 -999.0 6231.0 -999.0 -1 -999 {-999.0 -999.0 -999.0 -999.0 -999.0} "" -999.0 -999.0 -999.0 -999.0 -999 -999 "" "" "" "" 0 0 0.0 0.0 -999 ""
FIBERMAP 790 R+6C16 APOGEE 0 0 0 1 0 0 120.941601238044 136.07270452267406 143.1 120.90748361233476 136.03431841272823 135.86252 27.264751 -999.0 -999.0 -999.0 -999.0 -999.0 180.64805313914462 57.727571965887876 180.64906252890557 57.5726930220023 60.966019518943995 24.665771921866508 -999.0 16600.0 -999.0 2 -999 {-999.0 -999.0 -999.0 -999.0 -999.0} "" -999.0 -999.0 -999.0 -999.0 -999 -999 "" "" "" "" 0 0 0.0 0.0 -999 ""
FIBERMAP 790 R+6C16 BOSS 1 1 0 1 0 0 121.68043361426312 135.85626281971167 143.1 121.64610756394055 135.81793776797025 135.86252 27.264751 180.65454740496406 57.72670001845429 -9.882239 -7.0227046 0.097782865 180.65450316076715 57.72665738764257 180.6553452252531 57.57169277140574 60.96457077236207 24.672369067915213 5400.0 5400.0 2016.0 1 215 {-999.0 17.634148 17.389257 17.293875 -999.0} sdss_psfmag 17.596434 17.366354 16.98306 15.876 63050394851418732 975574130 "" ops_std_eboss ops_std standard_boss 0 0 0.0 0.0 -999 ""
FIBERMAP 790 R+6C16 METROLOGY 0 0 0 1 0 0 121.11856845862783 135.34789793926672 143.1 121.08440091046566 135.30971629725806 135.86252 27.264751 -999.0 -999.0 -999.0 -999.0 -999.0 180.64963687740214 57.724372490559986 180.65054007871424 57.569432838544195 60.96796596648044 24.671402826738017 -999.0 6231.0 -999.0 -1 -999 {-999.0 -999.0 -999.0 -999.0 -999.0} "" -999.0 -999.0 -999.0 -999.0 -999 -999 "" "" "" "" 0 0 0.0 0.0 -999 ""
FIBERMAP 791 R+7C20 APOGEE 0 0 0 1 0 0 229.71594314851504 127.27040904494905 143.1 229.65114028095286 127.23450606255747 17.667246 65.088 -999.0 -999.0 -999.0 -999.0 -999.0 181.56303524006645 57.67478972289136 181.5599478211759 57.51991950903669 60.68082129352109 25.487232474685584 -999.0 16600.0 -999.0 2 76 {-999.0 -999.0 -999.0 -999.0 -999.0} "" -999.0 -999.0 -999.0 -999.0 -999 -999 "" ops_sky_apogee_best_unassigned ops_sky sky_apogee 0 0 0.0 0.0 -999 ""
FIBERMAP 791 R+7C20 BOSS 1 1 0 1 0 0 229.69331182378764 126.52754529149637 143.1 229.62851534052217 126.49185187096964 17.667246 65.088 181.56296592475923 57.67158208959039 -20.35698 -13.461889 0.6297187 181.56287155810003 57.67153573020322 181.55964152669821 57.516581534204796 60.68339851065765 25.491577770618733 5400.0 5400.0 2016.0 1 250 {-999.0 18.076536 17.417488 17.108904 -999.0} sdss_psfmag 17.884146 17.411217 16.773981 15.246 63050394851419418 1136950954 dark_flexible_3x1 mwm_halo_local_low_boss_triple mwm_halo science 0 0 0.0 0.0 -999 ""
FIBERMAP 791 R+7C20 METROLOGY 0 0 0 1 0 0 229.05736086821994 126.91333416456717 143.1 228.99274378671902 126.87753191299936 17.667246 65.088 -999.0 -999.0 -999.0 -999.0 -999.0 181.55758242830927 57.673347694895924 181.55441657459767 57.518416986005846 60.68393291223841 25.48481728864448 -999.0 6231.0 -999.0 -1 -999 {-999.0 -999.0 -999.0 -999.0 -999.0} "" -999.0 -999.0 -999.0 -999.0 -999 -999 "" "" "" "" 0 0 0.0 0.0 -999 ""
FIBERMAP 792 R-7C14 APOGEE 0 0 0 1 0 0 79.93165219333382 -121.64402341491372 143.1 79.90910347425009 -121.60970763590838 93.1557 107.30015 -999.0 -999.0 -999.0 -999.0 -999.0 180.27910219874065 56.55905322155417 180.28171930261453 56.404462745489596 61.975893683565076 25.96506755462883 -999.0 16600.0 -999.0 2 184 {-999.0 -999.0 -999.0 -999.0 -999.0} "" -999.0 -999.0 -999.0 -999.0 -999 -999 "" ops_sky_apogee_best_unassigned ops_sky sky_apogee 0 0 0.0 0.0 -999 ""
FIBERMAP 792 R-7C14 BOSS 1 1 0 1 0 0 80.61693817303731 -121.36248043824955 143.1 80.5941961347787 -121.32824408251793 93.1557 107.30015 180.28497294482864 56.560360376548395 -2.2549663 -3.451945 1.1489774 180.28496278551782 56.56033880153949 180.28742400765884 56.40566660596776 61.97289466638196 25.9683775152904 5400.0 5400.0 2016.0 1 326 {-999.0 19.312738 18.455454 18.060987 -999.0} sdss_psfmag 19.275764 19.190163 17.616142 -999.0 63050394851390933 1092559685 dark_flexible_2x1 mwm_cb_galex_vol_boss mwm_cb science 0 0 0.0 0.0 -999 ""
FIBERMAP 792 R-7C14 METROLOGY 0 0 0 1 0 0 80.51093095195975 -122.11010195858933 143.1 80.48821881833821 -122.07565469882681 93.1557 107.30015 -999.0 -999.0 -999.0 -999.0 -999.0 180.28397040834028 56.55693968817471 180.28647283011162 56.402291344021144 61.97576429373471 25.972321777506068 -999.0 6231.0 -999.0 -1 -999 {-999.0 -999.0 -999.0 -999.0 -999.0} "" -999.0 -999.0 -999.0 -999.0 -999 -999 "" "" "" "" 0 0 0.0 0.0 -999 ""
FIBERMAP 793 R+7C1 APOGEE 0 0 0 1 0 0 -231.98869189344978 129.55211091964122 143.1 -231.92324788346664 129.5155642691508 247.91159 55.92753 -999.0 -999.0 -999.0 -999.0 -999.0 177.6566523401137 57.68441881001116 177.67103834083048 57.529839282267965 61.99423649711912 22.10242679496298 -999.0 16600.0 -999.0 2 97 {-999.0 -999.0 -999.0 -999.0 -999.0} "" -999.0 -999.0 -999.0 -999.0 -999 -999 "" ops_sky_apogee_best_unassigned ops_sky sky_apogee 0 0 0.0 0.0 -999 ""
FIBERMAP 793 R+7C1 BOSS 1 1 0 1 0 0 -232.4050615410263 130.1644319580219 143.1 -232.3395000731656 130.12771257176655 247.91159 55.92753 177.65310135588965 57.68720240196991 0.10828501 0.41631815 -0.108771086 177.65316723728782 57.687201480710385 177.66745088903474 57.53253409588419 61.993194154309485 22.09573133388352 5400.0 5400.0 2016.0 1 82 {-999.0 19.366096 19.081125 18.819462 18.604126} sdss_psfmag_from_gaiadr2 19.416714 19.13438 18.522972 -999.0 63050394824211795 1055794935 dark_flexible_2x2 bhm_gua_dark bhm_filler science 0 0 0.0 0.0 -999 ""
FIBERMAP 793 R+7C1 METROLOGY 0 0 0 1 0 0 -231.65939467863436 130.22787618967226 143.1 -231.59404356339553 130.19113890579916 247.91159 55.92753 -999.0 -999.0 -999.0 -999.0 -999.0 177.65935526419915 57.687580266347496 177.67364524874313 57.53293663417187 61.990909424693676 22.10094720654581 -999.0 6231.0 -999.0 -1 -999 {-999.0 -999.0 -999.0 -999.0 -999.0} "" -999.0 -999.0 -999.0 -999.0 -999 -999 "" "" "" "" 0 0 0.0 0.0 -999 ""
FIBERMAP 795 R+5C3 APOGEE 0 0 0 1 0 0 -180.7897646249931 100.81657386946664 143.1 -180.7387638323924 100.78813351397807 0.22270215 138.07315 -999.0 -999.0 -999.0 -999.0 -999.0 178.0905194660203 57.5617795752426 178.10291864067676 57.407160898945776 61.954540635996395 22.655014280715704 -999.0 16600.0 -999.0 2 130 {-999.0 -999.0 -999.0 -999.0 -999.0} "" -999.0 -999.0 -999.0 -999.0 -999 -999 "" ops_sky_apogee_best_unassigned ops_sky sky_apogee 0 0 0.0 0.0 -999 ""
FIBERMAP 795 R+5C3 BOSS 1 1 0 1 0 0 -180.23456175263865 100.34336039304146 143.1 -180.18371758276825 100.3150535310746 0.22270215 138.07315 178.0953725872429 57.55969759068164 -999.0 -999.0 -999.0 178.09529967244805 57.55981295932695 178.10755530862195 57.40510710737472 61.95467958133952 22.661885530499035 5400.0 5400.0 2016.0 1 28 {-999.0 21.139523 21.15157 20.950836 20.323057} sdss_psfmag 1e+20 1e+20 1e+20 -999.0 63050397935643025 1059915509 dark_10x4_4yr bhm_aqmes_med_faint bhm_filler science 0 0 0.0 0.0 -999 ""
FIBERMAP 795 R+5C3 METROLOGY 0 0 0 1 0 0 -180.93371382894932 100.0852318197937 143.1 -180.8826724282782 100.05699777589734 0.22270215 138.07315 -999.0 -999.0 -999.0 -999.0 -999.0 178.08945164070278 57.558532435052115 178.10176720418747 57.40385238330029 61.9575571857652 22.658191570410395 -999.0 6231.0 -999.0 -1 -999 {-999.0 -999.0 -999.0 -999.0 -999.0} "" -999.0 -999.0 -999.0 -999.0 -999 -999 "" "" "" "" 0 0 0.0 0.0 -999 ""
FIBERMAP 796 R-1C17 APOGEE 0 0 0 1 0 0 75.24694222272738 -6.592535254186524 143.1 75.22571506032635 -6.590675499991319 106.63119 113.892494 -999.0 -999.0 -999.0 -999.0 -999.0 180.25002993084297 57.08221784842061 180.25279551683343 56.92750557387054 61.593832519359395 25.208741147323792 -999.0 16600.0 -999.0 2 -999 {-999.0 -999.0 -999.0 -999.0 -999.0} "" -999.0 -999.0 -999.0 -999.0 -999 -999 "" "" "" "" 0 0 0.0 0.0 -999 ""
FIBERMAP 796 R-1C17 BOSS 1 1 0 1 0 0 75.79913866655929 -6.097317048351986 143.1 75.77775572954145 -6.095596995212646 106.63119 113.892494 180.25417985715757 57.08470169719534 12.08786 -61.176357 5.908913 180.25489634469938 57.08452941302491 180.25750782546413 56.929733017657654 61.59046426017515 25.209746103583313 5400.0 5400.0 2016.0 1 280 {-999.0 18.16277 16.77299 15.303837 -999.0} sdss_psfmag 17.61633 16.052532 14.788404 12.399 63050394851391601 1077862111 bright_flexible_2x1 mwm_snc_ext_main_boss mwm_snc science 0 0 1.3151277303695679 0.0 -999 ""
FIBERMAP 796 R-1C17 METROLOGY 0 0 0 1 0 0 75.95638752861112 -6.823510011403263 143.1 75.9349602316893 -6.821585099229046 106.63119 113.892494 -999.0 -999.0 -999.0 -999.0 -999.0 180.2561041214187 57.08119367838844 180.25874783796905 56.92642164971008 61.59251820421821 25.21538785655258 -999.0 6231.0 -999.0 -1 -999 {-999.0 -999.0 -999.0 -999.0 -999.0} "" -999.0 -999.0 -999.0 -999.0 -999 -999 "" "" "" "" 0 0 0.0 0.0 -999 ""
FIBERMAP 800 R+11C7 APOGEE 1 1 0 1 0 0 -35.77790723595687 203.23405163916135 143.1 -35.7678142883256 203.17671931319396 234.58263 139.88133 179.3130682631733 58.03529455836212 -26.676374 8.412516 4.205759 179.31292099892556 58.03532717602543 179.31997927857856 57.880451880658036 61.18182130434266 23.129990603906663 16000.0 16600.0 2016.0 2 16 {-999.0 11.027893 10.631312 10.511225 -999.0} sdss_psfmag_from_g3xp 10.959946 10.653938 10.182569 9.341 63050394824213047 974639550 "" ops_std_apogee ops_std standard_apogee 0 0 0.0 0.0 -999 ""
FIBERMAP 800 R+11C7 BOSS 0 0 0 1 0 0 -36.50180875164738 203.05337055699263 143.1 -36.49151159139854 202.99608920115853 234.58263 139.88133 -999.0 -999.0 -999.0 -999.0 -999.0 179.30684042693449 58.034628991684194 179.31379485373031 57.87966634172314 61.18447951791157 23.125656965776102 -999.0 5400.0 -999.0 1 112 {-999.0 -999.0 -999.0 -999.0 -999.0} "" -999.0 -999.0 -999.0 -999.0 -999 -999 "" "" "" "" 0 0 0.0 0.0 -999 ""
FIBERMAP 800 R+11C7 METROLOGY 0 0 0 1 0 0 -36.30242899792702 203.76982357113835 143.1 -36.2921880827067 203.71234010390893 234.58263 139.88133 -999.0 -999.0 -999.0 -999.0 -999.0 179.30849537891535 58.037822206412166 179.31548014886084 57.88288359651426 61.18140157279888 23.122968061488336 -999.0 6231.0 -999.0 -1 -999 {-999.0 -999.0 -999.0 -999.0 -999.0} "" -999.0 -999.0 -999.0 -999.0 -999 -999 "" "" "" "" 0 0 0.0 0.0 -999 ""
FIBERMAP 804 R-6C16 APOGEE 0 0 0 1 0 0 92.69209375203053 -109.8284350256276 143.1 92.66594531238309 -109.79745242410688 212.13939 54.26098 -999.0 -999.0 -999.0 -999.0 -999.0 180.3854818522191 56.61214273085285 180.38764354465445 56.45753546114361 61.89729617589464 25.982796954222636 -999.0 16600.0 -999.0 2 -999 {-999.0 -999.0 -999.0 -999.0 -999.0} "" -999.0 -999.0 -999.0 -999.0 -999 -999 "" "" "" "" 0 0 0.0 0.0 -999 ""
FIBERMAP 804 R-6C16 BOSS 1 1 0 1 0 0 92.74198566842477 -109.06676863824786 143.1 92.71582315426771 -109.03600090281502 212.13939 54.26098 180.3861925503384 56.61564381427763 -0.15133344 -0.06944312 -0.056300376 180.38617387610336 56.61563266028638 180.38820103804608 56.46094322948765 61.89455086694637 25.978461517600635 5400.0 5400.0 2016.0 1 305 {-999.0 17.947367 17.677357 17.596098 17.569365} sdss_psfmag 18.323893 18.116655 17.61228 16.136 63050394851390960 1059898069 dark_10x4_4yr bhm_aqmes_med bhm_aqmes science 0 0 0.0 0.0 -999 ""
FIBERMAP 804 R-6C16 METROLOGY 0 0 0 1 0 0 93.35484561594218 -109.48576616594902 143.1 93.32851021399392 -109.45488023131361 212.13939 54.26098 -999.0 -999.0 -999.0 -999.0 -999.0 180.39113352257306 56.61369210734149 180.3931765918884 56.45902599605088 61.894146883239245 25.985524094043285 -999.0 6231.0 -999.0 -1 -999 {-999.0 -999.0 -999.0 -999.0 -999.0} "" -999.0 -999.0 -999.0 -999.0 -999 -999 "" "" "" "" 0 0 0.0 0.0 -999 ""
FIBERMAP 805 R0C18 APOGEE 0 0 0 1 0 0 78.69326437243811 19.188571027583585 143.1 78.67106500255865 19.183157931696705 198.96819 12.807036 -999.0 -999.0 -999.0 -999.0 -999.0 180.28092561497337 57.199433831241876 180.28356066880747 57.04469254509414 61.4943624771815 25.07403902342304 -999.0 16600.0 -999.0 2 -999 {-999.0 -999.0 -999.0 -999.0 -999.0} "" -999.0 -999.0 -999.0 -999.0 -999 -999 "" "" "" "" 0 0 0.0 0.0 -999 ""
FIBERMAP 805 R0C18 BOSS 1 1 0 1 0 0 79.32802512452697 19.59567140125036 143.1 79.30564668863934 19.590143462348067 198.96819 12.807036 180.286637583743 57.20146592939025 -0.13441126 -0.307576 -0.14211686 180.28649581789008 57.201351957459856 180.28897282461435 57.046526158305646 61.49104841558308 25.076182539976287 5400.0 5400.0 2016.0 1 241 {-999.0 18.24138 18.080667 17.99927 17.739677} sdss_psfmag 18.665852 18.836573 17.861773 15.687 63050394851391754 1059898072 dark_10x4_4yr bhm_aqmes_med bhm_aqmes science 0 0 0.0 0.0 -999 ""
FIBERMAP 805 R0C18 METROLOGY 0 0 0 1 0 0 79.35790224141324 18.84957473905524 143.1 79.33551537719094 18.844257274021352 198.96819 12.807036 -999.0 -999.0 -999.0 -999.0 -999.0 180.28663531100895 57.1979286156916 180.28914945147312 57.04312738279699 61.49355308918018 25.08100041483027 -999.0 6231.0 -999.0 -1 -999 {-999.0 -999.0 -999.0 -999.0 -999.0} "" -999.0 -999.0 -999.0 -999.0 -999 -999 "" "" "" "" 0 0 0.0 0.0 -999 ""
FIBERMAP 806 R+4C22 APOGEE 0 0 0 1 0 0 233.70723087633078 84.93181224254019 143.1 233.64130206650057 84.90785297830658 32.088284 122.3529 -999.0 -999.0 -999.0 -999.0 -999.0 181.58802039113098 57.483123340559146 181.5848555798202 57.32829899827081 60.813047193741696 25.772368113381788 -999.0 16600.0 -999.0 2 -999 {-999.0 -999.0 -999.0 -999.0 -999.0} "" -999.0 -999.0 -999.0 -999.0 -999 -999 "" "" "" "" 0 0 0.0 0.0 -999 ""
FIBERMAP 806 R+4C22 BOSS 1 1 0 1 0 0 234.37630229885934 84.64088785502075 143.1 234.31018474398084 84.61701066055686 32.088284 122.3529 181.59367884037272 57.48180482173851 0.22162887 -0.006287936 -0.0022914393 181.59370750815492 57.48180049119623 181.5903744593985 57.326892635446974 60.812063796997805 25.77881583016989 5400.0 5400.0 2016.0 1 236 {-999.0 19.445826 19.46051 19.416542 19.239834} sdss_psfmag 19.42328 19.393566 19.03037 -999.0 63050394851417696 1059903079 dark_10x4_4yr bhm_aqmes_med_faint bhm_filler science 0 0 0.0 0.0 -999 ""
FIBERMAP 806 R+4C22 METROLOGY 0 0 0 1 0 0 233.77673774907146 84.18895911092291 143.1 233.71078933135246 84.16520940555772 32.088284 122.3529 -999.0 -999.0 -999.0 -999.0 -999.0 181.5885786679657 57.47982201644013 181.58530939114905 57.32493832109228 60.81535369844596 25.777405529755526 -999.0 6231.0 -999.0 -1 -999 {-999.0 -999.0 -999.0 -999.0 -999.0} "" -999.0 -999.0 -999.0 -999.0 -999 -999 "" "" "" "" 0 0 0.0 0.0 -999 ""
FIBERMAP 808 R-9C5 APOGEE 0 0 0 1 0 0 -93.67619956003026 -169.62387334540063 143.1 -93.64977350413437 -169.5760224507299 352.6821 152.20403 -999.0 -999.0 -999.0 -999.0 -999.0 178.85263041852156 56.3414485508447 178.86130810089344 56.18701885767844 62.65460195184792 24.98369185422547 -999.0 16600.0 -999.0 2 287 {-999.0 -999.0 -999.0 -999.0 -999.0} "" -999.0 -999.0 -999.0 -999.0 -999 -999 "" ops_sky_apogee_best_unassigned ops_sky sky_apogee 0 0 0.0 0.0 -999 ""
FIBERMAP 808 R-9C5 BOSS 1 1 0 1 0 0 -93.05796186995633 -170.0586224431454 143.1 -93.03171021891282 -170.01064890575418 352.6821 152.20403 178.85779875001177 56.33953949311885 -2.251118 0.05777195 -1.6378888 178.85781271450355 56.33954540896748 178.86634668634645 56.18503427278366 62.654339956601945 24.99114843716245 5400.0 5400.0 2016.0 1 412 {-999.0 20.963629 20.724167 20.607693 20.476933} sdss_psfmag 20.821857 20.920773 20.29752 -999.0 63050394824149917 1059900566 dark_10x4_4yr bhm_aqmes_med_faint bhm_filler science 0 0 0.0 0.0 -999 ""
FIBERMAP 808 R-9C5 METROLOGY 0 0 0 1 0 0 -93.75078365904034 -170.37051377890694 143.1 -93.72433656297012 -170.3224522569699 352.6821 152.20403 -999.0 -999.0 -999.0 -999.0 -999.0 178.8521610370305 56.338099225394636 178.86075301881965 56.183612097960086 62.657421774007936 24.987907766055912 -999.0 6231.0 -999.0 -1 -999 {-999.0 -999.0 -999.0 -999.0 -999.0} "" -999.0 -999.0 -999.0 -999.0 -999 -999 "" "" "" "" 0 0 0.0 0.0 -999 ""
FIBERMAP 809 R+9C1 APOGEE 0 0 0 1 0 0 -196.1589091795131 193.51573962265272 143.1 -196.10357275123357 193.4611488325052 156.5137 54.541264 -999.0 -999.0 -999.0 -999.0 -999.0 177.9473165452788 57.977429049915884 177.9605335165354 57.82273334475635 61.66645077056103 22.00074712289205 -999.0 16600.0 -999.0 2 120 {-999.0 -999.0 -999.0 -999.0 -999.0} "" -999.0 -999.0 -999.0 -999.0 -999 -999 "" ops_sky_apogee_best_unassigned ops_sky sky_apogee 0 0 0.0 0.0 -999 ""
FIBERMAP 809 R+9C1 BOSS 1 1 0 1 0 0 -195.5308173740801 193.92559596867852 143.1 -195.47565813049889 193.87088955805578 156.5137 54.541264 177.9527220480589 57.979471077986936 -0.8940587 -6.630512 0.20453033 177.95269087609753 57.97944710018977 177.96576209188663 57.824661279696834 61.663249227873635 22.00307398049091 5400.0 5400.0 2016.0 1 78 {-999.0 17.64129 17.320179 17.210218 -999.0} sdss_psfmag 17.626625 17.32664 16.88459 16.051 63050394824213690 976596097 "" ops_std_boss ops_std standard_boss 0 0 0.0 0.0 -999 ""
FIBERMAP 809 R+9C1 METROLOGY 0 0 0 1 0 0 -195.48672654230805 193.17226722699422 143.1 -195.43157973675048 193.1177733304095 156.5137 54.541264 -999.0 -999.0 -999.0 -999.0 -999.0 177.95313293766822 57.97605146504543 177.96623535430922 57.8212915620703 61.66581677576752 22.007702533134648 -999.0 6231.0 -999.0 -1 -999 {-999.0 -999.0 -999.0 -999.0 -999.0} "" -999.0 -999.0 -999.0 -999.0 -999 -999 "" "" "" "" 0 0 0.0 0.0 -999 ""
FIBERMAP 816 R+4C16 APOGEE 0 0 0 1 0 0 100.82909644124088 72.45961047518976 143.1 100.80065255313481 72.43916961907472 330.33215 123.47458 -999.0 -999.0 -999.0 -999.0 -999.0 180.4717935336184 57.44055694853008 180.47359139408832 57.285751294042036 61.24473960018916 24.906889560130026 -999.0 16600.0 -999.0 2 -999 {-999.0 -999.0 -999.0 -999.0 -999.0} "" -999.0 -999.0 -999.0 -999.0 -999 -999 "" "" "" "" 0 0 0.0 0.0 -999 ""
FIBERMAP 816 R+4C16 BOSS 1 1 0 1 0 0 100.88691417688871 71.73419099362849 143.1 100.85845397839941 71.71395477834919 330.33215 123.47458 180.47243703109942 57.43735087000808 -0.13805504 -0.14618954 -0.04641708 180.47243331540793 57.43737288907904 180.47409242429796 57.28248330767972 61.24703072342883 24.91176641984373 5400.0 5400.0 2016.0 1 211 {-999.0 18.934631 18.917198 18.749332 18.778337} sdss_psfmag 18.706371 18.650963 18.239613 -999.0 63050394851418475 1059898081 dark_10x4_4yr bhm_aqmes_med bhm_aqmes science 0 0 0.0 0.0 -999 ""
FIBERMAP 816 R+4C16 METROLOGY 0 0 0 1 0 0 100.21180881079692 72.04054250717898 143.1 100.1835390595314 72.02021987013771 330.33215 123.47458 -999.0 -999.0 -999.0 -999.0 -999.0 180.46671295970086 57.43877723172807 180.4684359901272 57.28391149812139 61.24795509156385 24.90501983027997 -999.0 6231.0 -999.0 -1 -999 {-999.0 -999.0 -999.0 -999.0 -999.0} "" -999.0 -999.0 -999.0 -999.0 -999 -999 "" "" "" "" 0 0 0.0 0.0 -999 ""
FIBERMAP 818 R+7C11 APOGEE 0 0 0 1 0 0 2.586001324039895 125.42694903803809 143.1 2.585271813066383 125.39156609571447 232.69109 115.56736 -999.0 -999.0 -999.0 -999.0 -999.0 179.641541804946 57.68427337014622 179.64705800065587 57.52945471271531 61.34542710819346 23.871141620763353 -999.0 16600.0 -999.0 2 19 {-999.0 -999.0 -999.0 -999.0 -999.0} "" -999.0 -999.0 -999.0 -999.0 -999 -999 "" ops_sky_apogee_best_unassigned ops_sky sky_apogee 0 0 0.0 0.0 -999 ""
FIBERMAP 818 R+7C11 BOSS 1 1 0 1 0 0 1.841872836457327 125.55327489450545 143.1 1.8413532441301623 125.51785631565771 232.69109 115.56736 179.6353420487106 57.68501160881336 -999.0 -999.0 -999.0 179.63534452289463 57.684988189509816 179.64075680540031 57.53008347625115 61.3470847067361 23.864853576907194 5400.0 5400.0 2015.5 1 135 {-999.0 -999.0 -999.0 -999.0 -999.0} "" -999.0 -999.0 -999.0 -999.0 27021603092666061 805496725 "" ops_sky_boss_good ops_sky sky_boss 0 0 0.0 0.0 -999 ""
FIBERMAP 818 R+7C11 METROLOGY 0 0 0 1 0 0 2.306449965977528 126.12204580226177 143.1 2.3057993164421258 126.08646677314096 232.69109 115.56736 -999.0 -999.0 -999.0 -999.0 -999.0 179.6392606046836 57.68753238210185 179.64469305228272 57.53265124014923 61.34375925056163 23.86486899645064 -999.0 6231.0 -999.0 -1 -999 {-999.0 -999.0 -999.0 -999.0 -999.0} "" -999.0 -999.0 -999.0 -999.0 -999 -999 "" "" "" "" 0 0 0.0 0.0 -999 ""
FIBERMAP 819 R+10C16 APOGEE 0 0 0 1 0 0 167.1661328320151 209.8586498609931 143.1 167.1189752659432 209.79944873586732 100.64743 64.573814 -999.0 -999.0 -999.0 -999.0 -999.0 181.04818305866547 58.05490782587693 181.04736703371907 57.89994455191961 60.57954464963446 24.55476987676593 -999.0 16600.0 -999.0 2 -999 {-999.0 -999.0 -999.0 -999.0 -999.0} "" -999.0 -999.0 -999.0 -999.0 -999 -999 "" "" "" "" 0 0 0.0 0.0 -999 ""
FIBERMAP 819 R+10C16 BOSS 1 1 0 1 0 0 167.89310374675034 209.66360996932167 143.1 167.84574110218338 209.60446386494934 100.64743 64.573814 181.05455521650765 58.054041417756075 -9.39957 -3.8672247 0.4921335 181.05448203063446 58.054031204318605 181.05349488824902 57.898981322432704 60.57812870097813 24.561053286943775 5400.0 5400.0 2016.0 1 177 {-999.0 21.187643 20.147203 19.470823 -999.0} sdss_psfmag 20.936796 20.805103 19.295263 -999.0 63050394851419866 1092559738 dark_flexible_2x1 mwm_cb_galex_vol_boss mwm_cb science 0 0 0.0 0.0 -999 ""
FIBERMAP 819 R+10C16 METROLOGY 0 0 0 1 0 0 167.3724064361496 209.14163299874426 143.1 167.32519068029396 209.0826341440753 100.64743 64.573814 -999.0 -999.0 -999.0 -999.0 -999.0 181.0499604655233 58.05173512719493 181.04903451648943 57.89671041723817 60.58139832354407 24.560458827462583 -999.0 6231.0 -999.0 -1 -999 {-999.0 -999.0 -999.0 -999.0 -999.0} "" -999.0 -999.0 -999.0 -999.0 -999 -999 "" "" "" "" 0 0 0.0 0.0 -999 ""
FIBERMAP 820 R+4C5 APOGEE 0 0 0 1 0 0 -169.65332214846694 86.53233844544532 143.1 -169.60546294628887 86.50792767276987 162.94478 97.476166 -999.0 -999.0 -999.0 -999.0 -999.0 178.18624888883002 57.49836006987591 178.19819774772486 57.34374255031939 61.97416890797812 22.82355305145785 -999.0 16600.0 -999.0 2 127 {-999.0 -999.0 -999.0 -999.0 -999.0} "" -999.0 -999.0 -999.0 -999.0 -999 -999 "" ops_sky_apogee_best_unassigned ops_sky sky_apogee 0 0 0.0 0.0 -999 ""
FIBERMAP 820 R+4C5 BOSS 1 1 0 1 0 0 -169.55415034152742 87.26474732505173 143.1 -169.50631911571608 87.24012993983133 162.94478 97.476166 178.18701616919915 57.501818592852594 -0.9600338 -2.3401597 0.39480385 178.1870037826639 57.50179955006211 178.19882881486626 57.34709447850322 61.97129281109703 22.819818506803244 5400.0 5400.0 2016.0 1 41 {-999.0 16.471786 16.09143 15.992076 -999.0} sdss_psfmag 16.361382 16.08123 15.631444 14.747 63050394824212294 976596086 "" ops_std_boss ops_std standard_boss 0 0 0.0 0.0 -999 ""
FIBERMAP 820 R+4C5 METROLOGY 0 0 0 1 0 0 -168.9604708923285 86.81527177626882 143.1 -168.91280714348977 86.79078118810074 162.94478 97.476166 -999.0 -999.0 -999.0 -999.0 -999.0 178.192039560454 57.49979841829584 178.20387598493255 57.345117662847926 61.97122129559773 22.826978005734475 -999.0 6231.0 -999.0 -1 -999 {-999.0 -999.0 -999.0 -999.0 -999.0} "" -999.0 -999.0 -999.0 -999.0 -999 -999 "" "" "" "" 0 0 0.0 0.0 -999 ""
FIBERMAP 824 R-6C7 APOGEE 1 1 0 1 0 0 -83.98877616767305 -136.25646703696543 143.1 -83.96508293391615 -136.2180290876143 342.05487 48.236465 178.9283398884903 56.49260321897907 -999.0 -999.0 -999.0 178.92836792273593 56.49261321973016 178.93676201458698 56.33813987518979 62.51148070715898 24.84446354159769 16000.0 16600.0 2015.5 2 280 {-999.0 -999.0 -999.0 -999.0 -999.0} "" -999.0 -999.0 -999.0 -999.0 27021603092608521 838965333 "" ops_sky_apogee_best ops_sky sky_apogee 0 0 0.0 0.0 -999 ""
FIBERMAP 824 R-6C7 BOSS 0 0 0 1 0 0 -84.63007701151614 -136.65654087306206 143.1 -84.6062028667912 -136.61799006288177 342.05487 48.236465 -999.0 -999.0 -999.0 -999.0 -999.0 178.92320680851194 56.49081164832619 178.9315003235156 56.33625738603192 62.51479018804262 24.84219371373206 -999.0 5400.0 -999.0 1 438 {-999.0 -999.0 -999.0 -999.0 -999.0} "" -999.0 -999.0 -999.0 -999.0 -999 -999 "" "" "" "" 0 0 0.0 0.0 -999 ""
FIBERMAP 824 R-6C7 METROLOGY 0 0 0 1 0 0 -84.6525985186355 -135.91408788308007 143.1 -84.6287180205934 -135.87574651888826 342.05487 48.236465 -999.0 -999.0 -999.0 -999.0 -999.0 178.92292072683742 56.49415818801708 178.93125093725462 56.339626369881564 62.51228202800155 24.83731112139509 -999.0 6231.0 -999.0 -1 -999 {-999.0 -999.0 -999.0 -999.0 -999.0} "" -999.0 -999.0 -999.0 -999.0 -999 -999 "" "" "" "" 0 0 0.0 0.0 -999 ""
FIBERMAP 825 R+3C17 APOGEE 0 0 0 1 0 0 91.95550176889961 56.181180429216575 143.1 91.92956112185061 56.165331718217494 148.88698 151.5704 -999.0 -999.0 -999.0 -999.0 -999.0 180.39552179838049 57.36708364945831 180.39765654530936 57.21229811684522 61.32714935014846 24.94243021271268 -999.0 16600.0 -999.0 2 -999 {-999.0 -999.0 -999.0 -999.0 -999.0} "" -999.0 -999.0 -999.0 -999.0 -999 -999 "" "" "" "" 0 0 0.0 0.0 -999 ""
FIBERMAP 825 R+3C17 BOSS 1 1 0 1 0 0 91.55813155888093 56.798439746731795 143.1 91.53230300996817 56.78241690687924 148.88698 151.5704 180.39246791858804 57.37001041613587 0.05538524 -0.36902592 0.5487145 180.39244442550955 57.370023345516465 180.39445777991966 57.21515279409319 61.32612586276059 24.935806072622995 5400.0 5400.0 2016.0 1 219 {-999.0 20.344572 20.035086 20.037735 20.291864} sdss_psfmag 20.123209 20.125008 19.696985 -999.0 63050394851418381 1059903096 dark_10x4_4yr bhm_aqmes_med_faint bhm_filler science 0 0 0.0 0.0 -999 ""
FIBERMAP 825 R+3C17 METROLOGY 0 0 0 1 0 0 92.29991280442609 56.84302861356052 143.1 92.27387499902396 56.826993195188635 148.88698 151.5704 -999.0 -999.0 -999.0 -999.0 -999.0 180.39864435989995 57.3701560050696 180.40066853143753 57.21530912065332 61.32380567527072 24.94089002848125 -999.0 6231.0 -999.0 -1 -999 {-999.0 -999.0 -999.0 -999.0 -999.0} "" -999.0 -999.0 -999.0 -999.0 -999 -999 "" "" "" "" 0 0 0.0 0.0 -999 ""
FIBERMAP 827 R+5C13 APOGEE 0 0 0 1 0 0 39.500706035207934 91.93483063346387 143.1 39.4895628860354 91.90889581774218 251.30937 167.47478 -999.0 -999.0 -999.0 -999.0 -999.0 179.9544212336024 57.53174114573255 179.95852279378482 57.376937937942564 61.35584642487461 24.3432301652428 -999.0 16600.0 -999.0 2 3 {-999.0 -999.0 -999.0 -999.0 -999.0} "" -999.0 -999.0 -999.0 -999.0 -999 -999 "" ops_sky_apogee_best_unassigned ops_sky sky_apogee 0 0 0.0 0.0 -999 ""
FIBERMAP 827 R+5C13 BOSS 1 1 0 1 0 0 39.106195615918736 91.30749851147006 143.1 39.095163758135484 91.28174066613998 251.30937 167.47478 179.95126664614267 57.52904295703061 -9.975786 1.9091007 0.12593326 179.9512255047641 57.52903029707634 179.95520800000088 57.37414247123266 61.35913653090798 24.344124029152 5400.0 5400.0 2016.0 1 148 {-999.0 18.10695 17.809122 17.700655 17.674686} sdss_psfmag_from_gaia 18.0674 17.8145 17.3762 16.228 63050394824208068 967784720 "" ops_std_boss_gdr2 ops_std standard_boss 0 0 0.0 0.0 -999 ""
FIBERMAP 827 R+5C13 METROLOGY 0 0 0 1 0 0 38.74713218026854 91.95974614695383 143.1 38.73620161428048 91.93380430256578 251.30937 167.47478 -999.0 -999.0 -999.0 -999.0 -999.0 179.9481603789117 57.531970445377425 179.95219449732986 57.377106308601704 61.35791068629248 24.337552756304717 -999.0 6231.0 -999.0 -1 -999 {-999.0 -999.0 -999.0 -999.0 -999.0} "" -999.0 -999.0 -999.0 -999.0 -999 -999 "" "" "" "" 0 0 0.0 0.0 -999 ""
FIBERMAP 828 R-2C18 APOGEE 0 0 0 1 0 0 127.21218292518304 -41.61183011161309 143.1 127.17629636837985 -41.60009141433861 8.503115 98.1207 -999.0 -999.0 -999.0 -999.0 -999.0 180.67959431458527 56.92012368818051 180.68048336049685 56.765434804474445 61.56043421068783 25.80245494235021 -999.0 16600.0 -999.0 2 -999 {-999.0 -999.0 -999.0 -999.0 -999.0} "" -999.0 -999.0 -999.0 -999.0 -999 -999 "" "" "" "" 0 0 0.0 0.0 -999 ""
FIBERMAP 828 R-2C18 BOSS 1 1 0 1 0 0 127.4427541471615 -42.31497364099469 143.1 127.40680254621658 -42.30303658693057 8.503115 98.1207 180.68163534265892 56.91698375176629 0.40615228 -0.53479356 0.38481224 180.68164534996527 56.916976459353876 180.6823907477442 56.762205937770865 61.56213919928308 25.80861710630745 5400.0 5400.0 2016.0 1 294 {-999.0 21.284533 21.101482 20.899286 20.86459} sdss_psfmag 20.769192 20.915794 20.313995 -999.0 63050394851391348 1059903038 dark_10x4_4yr bhm_aqmes_med_faint bhm_filler science 0 0 0.0 0.0 -999 ""
FIBERMAP 828 R-2C18 METROLOGY 0 0 0 1 0 0 126.70436332684554 -42.15843896267217 143.1 126.66862002595104 -42.1465460670408 8.503115 98.1207 -999.0 -999.0 -999.0 -999.0 -999.0 180.67547786458505 56.91771612739086 180.67628830981823 56.762968907326865 61.56380511601357 25.80231903897709 -999.0 6231.0 -999.0 -1 -999 {-999.0 -999.0 -999.0 -999.0 -999.0} "" -999.0 -999.0 -999.0 -999.0 -999 -999 "" "" "" "" 0 0 0.0 0.0 -999 ""
FIBERMAP 830 R+9C18 APOGEE 0 0 0 1 0 0 193.54469742911635 191.84396339402855 143.1 193.4900984699716 191.7898442119551 111.57393 79.24509 -999.0 -999.0 -999.0 -999.0 -999.0 181.26938065912447 57.970569855943886 181.26757056254667 57.81562628660876 60.56547732852251 24.847153325062663 -999.0 16600.0 -999.0 2 52 {-999.0 -999.0 -999.0 -999.0 -999.0} "" -999.0 -999.0 -999.0 -999.0 -999 -999 "" ops_sky_apogee_best_unassigned ops_sky sky_apogee 0 0 0.0 0.0 -999 ""
FIBERMAP 830 R+9C18 BOSS 1 1 0 1 0 0 194.26777438295233 191.9900454999538 143.1 194.2129714437989 191.93588510811827 111.57393 79.24509 181.27548774009114 57.97127831467153 24.289738 -23.574522 5.1698103 181.27565344499817 57.97120574017426 181.27367126403442 57.816175799043826 60.56291037970533 24.851358971948684 5400.0 5400.0 2016.0 1 169 {-999.0 19.937819 19.812944 19.85494 -999.0} sdss_psfmag 19.920721 19.752922 19.625994 -999.0 63050394851419849 1092559737 dark_flexible_2x1 mwm_cb_galex_vol_boss mwm_cb science 0 0 0.0 0.0 -999 ""
FIBERMAP 830 R+9C18 METROLOGY 0 0 0 1 0 0 194.03808911527562 191.2812301436736 143.1 193.9833509703362 191.22726970865008 111.57393 79.24509 -999.0 -999.0 -999.0 -999.0 -999.0 181.27357462549975 57.96803609695682 181.27164298956131 57.813031350655066 60.56597984472297 24.853959375534373 -999.0 6231.0 -999.0 -1 -999 {-999.0 -999.0 -999.0 -999.0 -999.0} "" -999.0 -999.0 -999.0 -999.0 -999 -999 "" "" "" "" 0 0 0.0 0.0 -999 ""
FIBERMAP 831 R-6C18 APOGEE 0 0 0 1 0 0 142.14287760266532 -130.664294204591 143.1 142.1027790968936 -130.62743380719587 275.88068 52.220196 -999.0 -999.0 -999.0 -999.0 -999.0 180.78912585260986 56.515270730218965 180.78955485085635 56.360674652716455 61.81970376720567 26.47001256820596 -999.0 16600.0 -999.0 2 -999 {-999.0 -999.0 -999.0 -999.0 -999.0} "" -999.0 -999.0 -999.0 -999.0 -999 -999 "" "" "" "" 0 0 0.0 0.0 -999 ""
FIBERMAP 831 R-6C18 BOSS 1 1 0 1 0 0 141.4921260312481 -130.2819202985996 143.1 141.4522111024947 -130.24516776888336 275.88068 52.220196 180.78400492487995 56.517106383172475 -999.0 -999.0 -999.0 180.7840623708133 56.51708306799731 180.7843793685753 56.36240606517896 61.82036828051775 26.46306141002907 5400.0 5400.0 2016.0 1 288 {-999.0 21.839325 20.410223 19.862013 19.494823} sdss_fiber2mag_from_lsdr10 1e+20 1e+20 1e+20 15.997 63050394851390647 1063012459 dark_flexible_2x2 bhm_colr_galaxies_lsdr10 bhm_filler science 0 0 0.0 0.0 -999 ""
FIBERMAP 831 R-6C18 METROLOGY 0 0 0 1 0 0 142.14002801414037 -129.9182018106095 143.1 142.09993031223757 -129.88155188587874 275.88068 52.220196 -999.0 -999.0 -999.0 -999.0 -999.0 180.78938109751675 56.518673760765374 180.7897130685226 56.36401912144417 61.81718165844907 26.465357980807255 -999.0 6231.0 -999.0 -1 -999 {-999.0 -999.0 -999.0 -999.0 -999.0} "" -999.0 -999.0 -999.0 -999.0 -999 -999 "" "" "" "" 0 0 0.0 0.0 -999 ""
FIBERMAP 835 R+3C22 APOGEE 0 0 0 1 0 0 204.62839481591956 64.88672790732134 143.1 204.570669145742 64.86842336137869 116.6064 137.7164 -999.0 -999.0 -999.0 -999.0 -999.0 181.34189069828676 57.396415912219226 181.33983249159905 57.24160891017065 60.966422504797734 25.692027024981883 -999.0 16600.0 -999.0 2 31 {-999.0 -999.0 -999.0 -999.0 -999.0} "" -999.0 -999.0 -999.0 -999.0 -999 -999 "" ops_sky_apogee_best_unassigned ops_sky sky_apogee 0 0 0.0 0.0 -999 ""
FIBERMAP 835 R+3C22 BOSS 1 1 0 1 0 0 204.81414973853694 65.61820588726148 143.1 204.75637166689572 65.59969499138069 116.6064 137.7164 181.34381133740837 57.39984056670207 -2.322693 -10.586431 0.22666122 181.34379731471108 57.399801769244625 181.34158899164186 57.24491018016208 60.96334260132428 25.688891558115188 5400.0 5400.0 2016.0 1 192 {-999.0 17.538504 17.271059 17.183218 -999.0} sdss_psfmag 17.524317 17.266691 16.86669 16.041 63050394851417777 975914126 "" ops_std_boss ops_std standard_boss 0 0 0.0 0.0 -999 ""
FIBERMAP 835 R+3C22 METROLOGY 0 0 0 1 0 0 205.34933207219495 65.09586892685778 143.1 205.2914030256174 65.07750538223351 116.6064 137.7164 -999.0 -999.0 -999.0 -999.0 -999.0 181.348105000579 57.39734216165158 181.3459179228421 57.24247494365332 60.96356396338523 25.695837983357535 -999.0 6231.0 -999.0 -1 -999 {-999.0 -999.0 -999.0 -999.0 -999.0} "" -999.0 -999.0 -999.0 -999.0 -999 -999 "" "" "" "" 0 0 0.0 0.0 -999 ""
FIBERMAP 837 R+1C18 APOGEE 0 0 0 1 0 0 97.87357410268946 12.160640849430214 143.1 97.8459639674351 12.15721033264659 166.99828 173.57104 -999.0 -999.0 -999.0 -999.0 -999.0 180.4411517887198 57.166490502778984 180.44308193016013 57.011750678368564 61.46215656885505 25.256432184084474 -999.0 16600.0 -999.0 2 69 {-999.0 -999.0 -999.0 -999.0 -999.0} "" -999.0 -999.0 -999.0 -999.0 -999 -999 "" ops_sky_apogee_best_unassigned ops_sky sky_apogee 0 0 0.0 0.0 -999 ""
FIBERMAP 837 R+1C18 BOSS 1 1 0 1 0 0 97.1851678291718 12.40448040290069 143.1 97.1577518933272 12.400981098979033 166.99828 173.57104 180.4355968382305 57.167762378866634 3.9157102 -21.04798 0.6945914 180.43563098633268 57.16772701973477 180.43745097960164 57.01290353699501 61.46330936814785 25.250014668036727 5400.0 5400.0 2016.0 1 231 {-999.0 21.706331 20.31347 19.371044 -999.0} sdss_psfmag 20.92946 20.09711 18.910536 -999.0 63050394851391741 1092559697 dark_flexible_2x1 mwm_cb_galex_vol_boss mwm_cb science 0 0 0.0 0.0 -999 ""
FIBERMAP 837 R+1C18 METROLOGY 0 0 0 1 0 0 97.73783121172511 12.894770963464795 143.1 97.71025936954028 12.891133348576002 166.99828 173.57104 -999.0 -999.0 -999.0 -999.0 -999.0 180.44025530015801 57.16990326688543 180.4420930776256 57.01510278246921 61.45998981002392 25.25096132605404 -999.0 6231.0 -999.0 -1 -999 {-999.0 -999.0 -999.0 -999.0 -999.0} "" -999.0 -999.0 -999.0 -999.0 -999 -999 "" "" "" "" 0 0 0.0 0.0 -999 ""
FIBERMAP 838 R-8C6 APOGEE 0 0 0 1 0 0 -72.70603364316781 -147.33158462336377 143.1 -72.68552327107707 -147.29002238334152 68.4469 65.472855 -999.0 -999.0 -999.0 -999.0 -999.0 179.0221173107437 56.442869447812576 179.03009863440138 56.288397924645814 62.51667672609513 24.999611095682383 -999.0 16600.0 -999.0 2 -999 {-999.0 -999.0 -999.0 -999.0 -999.0} "" -999.0 -999.0 -999.0 -999.0 -999 -999 "" "" "" "" 0 0 0.0 0.0 -999 ""
FIBERMAP 838 R-8C6 BOSS 1 1 0 1 0 0 -72.18737720455177 -147.8426304138475 143.1 -72.16701314544237 -147.80092400780777 68.4469 65.472855 179.02649109235583 56.44061375135679 0.4883207 0.18187112 -0.09496476 179.02649986958187 56.44060362507852 179.0343393414296 56.2860505716872 62.51697247622682 25.00678566933874 5400.0 5400.0 2016.0 1 411 {-999.0 20.012587 20.067514 19.846155 19.890337} sdss_psfmag 19.815863 19.68177 19.259617 -999.0 63050394824150336 1059900579 dark_10x4_4yr bhm_aqmes_med_faint bhm_filler science 0 0 0.0 0.0 -999 ""
FIBERMAP 838 R-8C6 METROLOGY 0 0 0 1 0 0 -72.89739179680794 -148.05272541235524 143.1 -72.87682744258206 -148.01095973851642 68.4469 65.472855 -999.0 -999.0 -999.0 -999.0 -999.0 179.02066279885068 56.439618361996835 179.02856171902465 56.285089266197815 62.51976440153517 25.00278201377256 -999.0 6231.0 -999.0 -1 -999 {-999.0 -999.0 -999.0 -999.0 -999.0} "" -999.0 -999.0 -999.0 -999.0 -999 -999 "" "" "" "" 0 0 0.0 0.0 -999 ""
FIBERMAP 839 R+3C1 APOGEE 1 1 0 1 0 0 -236.71262875330885 57.50029297615219 143.1 -236.64585212073754 57.48407214350362 60.93209 39.689274 177.63238890254848 57.35844532500412 -67.660774 -19.665012 4.098007 177.6320561329952 57.358371531357896 177.64639411772487 57.20387323075452 62.26489988129893 22.492039227645307 16000.0 16600.0 2016.0 2 143 {-999.0 11.521975 11.119522 10.998442 -999.0} sdss_psfmag_from_g3xp 11.453757 11.1439905 10.670196 9.852 63050394824210568 974639642 "" ops_std_apogee ops_std standard_apogee 0 0 0.0 0.0 -999 ""
FIBERMAP 839 R+3C1 BOSS 0 0 0 1 0 0 -236.55842809499512 56.78462391173023 143.1 -236.49169496242953 56.768604969324734 60.93209 39.689274 -999.0 -999.0 -999.0 -999.0 -999.0 177.63356159532248 57.35524853840382 177.64777368664022 57.20066432380356 62.26703765226877 22.497426532875522 -999.0 5400.0 -999.0 1 3 {-999.0 -999.0 -999.0 -999.0 -999.0} "" -999.0 -999.0 -999.0 -999.0 -999 -999 "" "" "" "" 0 0 0.0 0.0 -999 ""
FIBERMAP 839 R+3C1 METROLOGY 0 0 0 1 0 0 -237.28074681077894 57.013320876366514 143.1 -237.2138099121036 56.99723741854729 60.93209 39.689274 -999.0 -999.0 -999.0 -999.0 -999.0 177.6275036487677 57.35615281337014 177.64177626755713 57.201593885142664 62.268219216123896 22.49062333703813 -999.0 6231.0 -999.0 -1 -999 {-999.0 -999.0 -999.0 -999.0 -999.0} "" -999.0 -999.0 -999.0 -999.0 -999 -999 "" "" "" "" 0 0 0.0 0.0 -999 ""
FIBERMAP 840 R+10C12 APOGEE 0 0 0 1 0 0 75.82882400056702 191.93743950924605 143.1 75.80743268931647 191.8832939575605 307.0228 150.29985 -999.0 -999.0 -999.0 -999.0 -999.0 180.26829541840505 57.982877286025435 180.2710188239821 57.827950935817064 60.90271607953942 24.00850843690023 -999.0 16600.0 -999.0 2 -999 {-999.0 -999.0 -999.0 -999.0 -999.0} "" -999.0 -999.0 -999.0 -999.0 -999 -999 "" "" "" "" 0 0 0.0 0.0 -999 ""
FIBERMAP 840 R+10C12 BOSS 1 1 0 1 0 0 75.94836530582123 191.20109866464293 143.1 75.92694027196846 191.14716083470964 307.0228 150.29985 180.26944882520547 57.979691617198846 0.08028589 0.2111097 0.028884165 180.26944840280748 57.97968708910192 180.27202928300164 57.824674355210746 60.9048809103817 24.013686007255615 5400.0 5400.0 2016.0 1 141 {-999.0 18.322205 18.305996 18.030348 17.9861} sdss_psfmag 18.642736 18.45923 18.015652 -999.0 63050394851419175 1059898085 dark_10x4_4yr bhm_aqmes_med bhm_aqmes science 0 0 0.0 0.0 -999 ""
FIBERMAP 840 R+10C12 METROLOGY 0 0 0 1 0 0 75.24664332393462 191.4708265644324 143.1 75.22541624585294 191.41681264425858 307.0228 150.29985 -999.0 -999.0 -999.0 -999.0 -999.0 180.2634209148915 57.98090727579411 180.26606803417542 57.8259191905242 60.905966735484576 24.00703879028788 -999.0 6231.0 -999.0 -1 -999 {-999.0 -999.0 -999.0 -999.0 -999.0} "" -999.0 -999.0 -999.0 -999.0 -999 -999 "" "" "" "" 0 0 0.0 0.0 -999 ""
FIBERMAP 842 R-4C20 APOGEE 0 0 0 1 0 0 183.97917256010393 -68.61508849779369 143.1 183.92727203552474 -68.59573218132847 39.059193 138.25063 -999.0 -999.0 -999.0 -999.0 -999.0 181.14434311283435 56.793170068145635 181.14322168347974 56.63850490586858 61.48313076227443 26.375542095373135 -999.0 16600.0 -999.0 2 -999 {-999.0 -999.0 -999.0 -999.0 -999.0} "" -999.0 -999.0 -999.0 -999.0 -999 -999 "" "" "" "" 0 0 0.0 0.0 -999 ""
FIBERMAP 842 R-4C20 BOSS 1 1 0 1 0 0 184.7001367201367 -68.63352065312026 143.1 184.64803281156796 -68.61415913694401 39.059193 138.25063 181.15063137222083 56.7931030901631 -16.563833 -10.27362 0.1304676 181.15049464139395 56.79308554236727 181.1492094276756 56.63833894502745 61.48101552970716 26.38083913518983 5400.0 5400.0 2016.0 1 286 {-999.0 19.909332 19.255888 18.307362 -999.0} sdss_psfmag 19.789732 19.100264 17.911741 15.605 63050394851390522 1092201353 dark_flexible_2x1 mwm_cb_galex_mag_boss mwm_cb science 0 0 0.0 0.0 -999 ""
FIBERMAP 842 R-4C20 METROLOGY 0 0 0 1 0 0 184.33144804311235 -69.27278444926596 143.1 184.27944814161938 -69.25324259677282 39.059193 138.25063 -999.0 -999.0 -999.0 -999.0 -999.0 181.14727386204387 56.790201311270934 181.14604177813794 56.63547848563772 61.484297956971346 26.38223254340636 -999.0 6231.0 -999.0 -1 -999 {-999.0 -999.0 -999.0 -999.0 -999.0} "" -999.0 -999.0 -999.0 -999.0 -999 -999 "" "" "" "" 0 0 0.0 0.0 -999 ""
FIBERMAP 846 R+1C13 APOGEE 0 0 0 1 0 0 -23.753525457130642 20.941115741553684 143.1 -23.746824587599185 20.935208252802994 168.08853 121.46992 -999.0 -999.0 -999.0 -999.0 -999.0 179.41984584774875 57.208973490699776 179.4262665477787 57.05428471469536 61.78820924051745 24.311526564025655 -999.0 16600.0 -999.0 2 131 {-999.0 -999.0 -999.0 -999.0 -999.0} "" -999.0 -999.0 -999.0 -999.0 -999 -999 "" ops_sky_apogee_best_unassigned ops_sky sky_apogee 0 0 0.0 0.0 -999 ""
FIBERMAP 846 R+1C13 BOSS 1 1 0 1 0 0 -24.03835357151367 21.626922518656354 143.1 -24.03157235197115 21.62082156381384 168.08853 121.46992 179.41755100906187 57.212239484462486 -1.1287161 -7.114151 0.22395526 179.41753711803332 57.21218956332675 179.42384028574952 57.057415694512294 61.786634250681225 24.30515832610513 5400.0 5400.0 2016.0 1 13 {-999.0 17.94249 17.642216 17.550945 -999.0} sdss_psfmag 17.869337 17.63359 17.233315 16.065 63050394824207812 976596054 "" ops_std_boss ops_std standard_boss 0 0 0.0 0.0 -999 ""
FIBERMAP 846 R+1C13 METROLOGY 0 0 0 1 0 0 -23.29890944203037 21.53610122434401 143.1 -23.292336819676777 21.53002589018862 168.08853 121.46992 -999.0 -999.0 -999.0 -999.0 -999.0 179.4237267170728 57.211760237345274 179.43003892959723 57.05700990922952 61.78480158919541 24.31120367245569 -999.0 6231.0 -999.0 -1 -999 {-999.0 -999.0 -999.0 -999.0 -999.0} "" -999.0 -999.0 -999.0 -999.0 -999 -999 "" "" "" "" 0 0 0.0 0.0 -999 ""
FIBERMAP 847 R+5C22 APOGEE 0 0 0 1 0 0 245.584091003993 109.73155372581809 143.1 245.5148117319208 109.70059845451205 75.82003 88.249016 -999.0 -999.0 -999.0 -999.0 -999.0 181.69190054120557 57.59321058988361 181.6882519530127 57.43836237457268 60.694332392004 25.703660313252044 -999.0 16600.0 -999.0 2 74 {-999.0 -999.0 -999.0 -999.0 -999.0} "" -999.0 -999.0 -999.0 -999.0 -999 -999 "" "" "" "" 0 0 0.0 0.0 -999 ""
FIBERMAP 847 R+5C22 BOSS 1 1 0 1 0 0 246.3169595478842 109.53879832887854 143.1 246.24747353359575 109.50789743386997 75.82003 88.249016 181.69811965000773 57.59230841498747 -2.0458257 -4.7837877 0.3135532 181.6981086644776 57.592308422444056 181.69428813732293 57.43737626161721 60.69285585000134 25.70990619236926 5400.0 5400.0 2016.0 1 248 {-999.0 16.893896 16.49879 16.3413 -999.0} sdss_psfmag 16.799133 16.508858 16.044325 15.456 63050394851419388 976721908 "" ops_std_boss ops_std standard_boss 0 0 0.0 0.0 -999 ""
FIBERMAP 847 R+5C22 METROLOGY 0 0 0 1 0 0 245.79589183023194 109.01183306184623 143.1 245.72655280914665 108.98108082373949 75.82003 88.249016 -999.0 -999.0 -999.0 -999.0 -999.0 181.6936215873618 57.58999270434099 181.6898625080379 57.435084881303936 60.696155110045055 25.709500508616713 -999.0 6231.0 -999.0 -1 -999 {-999.0 -999.0 -999.0 -999.0 -999.0} "" -999.0 -999.0 -999.0 -999.0 -999 -999 "" "" "" "" 0 0 0.0 0.0 -999 ""
FIBERMAP 849 R+6C12 APOGEE 0 0 0 1 0 0 16.647112869729334 131.5500371043483 143.1 16.642416719188784 131.51292683888116 132.1021 92.70737 -999.0 -999.0 -999.0 -999.0 -999.0 179.7612567282678 57.71195168474626 179.76624077608324 57.55711800033884 61.2834452486847 23.937498070718902 -999.0 16600.0 -999.0 2 -999 {-999.0 -999.0 -999.0 -999.0 -999.0} "" -999.0 -999.0 -999.0 -999.0 -999 -999 "" "" "" "" 0 0 0.0 0.0 -999 ""
FIBERMAP 849 R+6C12 BOSS 1 1 0 1 0 0 17.163204924168657 132.08307015165067 143.1 17.15836318405955 132.0458095175609 132.1021 92.70737 179.76588024068857 57.71452770649231 -0.7799932 0.4227132 1.0522544 179.7658045531798 57.71450408834312 179.770635841782 57.55958312292177 61.28004344517938 23.93802154750051 5400.0 5400.0 2016.0 1 117 {-999.0 20.826109 20.566645 20.39265 20.215477} sdss_psfmag 20.9751 20.924063 19.764822 -999.0 63050394824209225 1059900709 dark_10x4_4yr bhm_aqmes_med_faint bhm_filler science 0 0 0.0 0.0 -999 ""
FIBERMAP 849 R+6C12 METROLOGY 0 0 0 1 0 0 17.37175276883569 131.37238858300648 143.1 17.366852197379604 131.33532843218723 132.1021 92.70737 -999.0 -999.0 -999.0 -999.0 -999.0 179.76752976578732 57.71124542415035 179.77239052406844 57.556349601356125 61.28193975156779 23.943813490651166 -999.0 6231.0 -999.0 -1 -999 {-999.0 -999.0 -999.0 -999.0 -999.0} "" -999.0 -999.0 -999.0 -999.0 -999 -999 "" "" "" "" 0 0 0.0 0.0 -999 ""
FIBERMAP 852 R0C15 APOGEE 0 0 0 1 0 0 33.795213749148566 7.763611281871183 143.1 33.785680119349934 7.761421167128568 41.200405 109.85976 -999.0 -999.0 -999.0 -999.0 -999.0 179.9033687137287 57.148828215691594 179.90765815285033 56.99411855871865 61.666044662932165 24.817094704036435 -999.0 16600.0 -999.0 2 32 {-999.0 -999.0 -999.0 -999.0 -999.0} "" -999.0 -999.0 -999.0 -999.0 -999 -999 "" ops_sky_apogee_best_unassigned ops_sky sky_apogee 0 0 0.0 0.0 -999 ""
FIBERMAP 852 R0C15 BOSS 1 1 0 1 0 0 34.4397735395184 7.398853410994391 143.1 34.430058079402905 7.39676619444715 41.200405 109.85976 179.90898362020556 57.14719147919948 -999.0 -999.0 -999.0 179.90893444154847 57.14724291688547 179.91306827105348 56.99244940833383 61.66540628550432 24.824103005146014 5400.0 5400.0 2016.0 1 180 {-999.0 20.611282 19.854362 19.519468 19.234306} sdss_fiber2mag_from_lsdr10 1e+20 1e+20 1e+20 15.836 63050394824151862 1062315693 dark_flexible_2x2 bhm_colr_galaxies_lsdr10 bhm_filler science 0 0 0.0 0.0 -999 ""
FIBERMAP 852 R0C15 METROLOGY 0 0 0 1 0 0 33.808345092183345 7.014128942946828 143.1 33.798807758032844 7.0121502571720224 41.200405 109.85976 -999.0 -999.0 -999.0 -999.0 -999.0 179.9035766629487 57.145477769918664 179.9077709757455 56.99070877920429 61.66860202058574 24.821848632678325 -999.0 6231.0 -999.0 -1 -999 {-999.0 -999.0 -999.0 -999.0 -999.0} "" -999.0 -999.0 -999.0 -999.0 -999 -999 "" "" "" "" 0 0 0.0 0.0 -999 ""
FIBERMAP 857 R+13C3 APOGEE 0 0 0 1 0 0 -85.03017927818912 245.47639246409418 143.1 -85.00619226461475 245.40714357378008 7.304857 84.15687 -999.0 -999.0 -999.0 -999.0 -999.0 178.88900297421142 58.222239713585815 178.89803474863174 58.067361956010515 61.17211304239796 22.52557502390016 -999.0 16600.0 -999.0 2 106 {-999.0 -999.0 -999.0 -999.0 -999.0} "" -999.0 -999.0 -999.0 -999.0 -999 -999 "" ops_sky_apogee_best_unassigned ops_sky sky_apogee 0 0 0.0 0.0 -999 ""
FIBERMAP 857 R+13C3 BOSS 1 1 0 1 0 0 -85.0103814281782 244.73085813636118 143.1 -84.98639999957732 244.66181956128094 7.304857 84.15687 178.88934533930296 58.21902171479762 -0.12455167 -12.488041 0.22888157 178.88933285000294 58.21901546384768 178.8982327667535 58.06404928431835 61.17467657050517 22.52993194442422 5400.0 5400.0 2016.0 1 87 {-999.0 17.2121 16.88345 16.772423 -999.0} sdss_psfmag 17.155159 16.880955 16.44114 15.626 63050394824213819 980324509 "" ops_std_boss_tic ops_std standard_boss 0 0 0.0 0.0 -999 ""
FIBERMAP 857 R+13C3 METROLOGY 0 0 0 1 0 0 -85.67154853736639 245.0769000195051 143.1 -85.647380593524 245.0077638260096 7.304857 84.15687 -999.0 -999.0 -999.0 -999.0 -999.0 178.88361124337982 58.220483890568 178.89257438276172 58.06554324461273 61.175314491860505 22.523120995234535 -999.0 6231.0 -999.0 -1 -999 {-999.0 -999.0 -999.0 -999.0 -999.0} "" -999.0 -999.0 -999.0 -999.0 -999 -999 "" "" "" "" 0 0 0.0 0.0 -999 ""
FIBERMAP 859 R-9C1 APOGEE 0 0 0 1 0 0 -195.9937384191238 -155.4318468294253 143.1 -195.93844858551577 -155.38799950543472 157.88481 53.667347 -999.0 -999.0 -999.0 -999.0 -999.0 178.0164457793035 56.39966151360868 178.0286991847779 56.24532726872027 62.9001516999071 24.116247269574956 -999.0 16600.0 -999.0 2 272 {-999.0 -999.0 -999.0 -999.0 -999.0} "" -999.0 -999.0 -999.0 -999.0 -999 -999 "" ops_sky_apogee_best_unassigned ops_sky sky_apogee 0 0 0.0 0.0 -999 ""
FIBERMAP 859 R-9C1 BOSS 1 1 0 1 0 0 -195.3578662532247 -155.02548852899778 143.1 -195.30275579915468 -154.98175583868377 157.88481 53.667347 178.02153442132862 56.401613820605775 -0.17126422 0.15107735 0.9780729 178.02158928002078 56.40160638422325 178.03370520352712 56.247188755037435 62.89696878508206 24.1185186504228 5400.0 5400.0 2016.0 1 419 {-999.0 21.237236 20.983955 20.97456 20.513872} sdss_psfmag 20.597322 20.68346 19.98785 -999.0 63050394824150960 1128991883 dark_1x4 bhm_aqmes_wide1_faint bhm_filler science 0 0 0.0 0.0 -999 ""
FIBERMAP 859 R-9C1 METROLOGY 0 0 0 1 0 0 -195.32270253465452 -155.77275256516452 143.1 -195.2676020002695 -155.7288090716659 157.88481 53.667347 -999.0 -999.0 -999.0 -999.0 -999.0 178.02203247276063 56.3982262875153 178.03417815440753 56.24383267564703 62.899443517965324 24.12352796966718 -999.0 6231.0 -999.0 -1 -999 {-999.0 -999.0 -999.0 -999.0 -999.0} "" -999.0 -999.0 -999.0 -999.0 -999 -999 "" "" "" "" 0 0 0.0 0.0 -999 ""
FIBERMAP 865 R-9C11 APOGEE 0 0 0 1 0 0 35.95647367264544 -182.3732978909975 143.1 35.94633035142238 -182.32185038366245 217.99643 168.42105 -999.0 -999.0 -999.0 -999.0 -999.0 179.91384438671602 56.2854406968553 179.9180021751315 56.13093329535859 62.314542327995646 26.030319155130087 -999.0 16600.0 -999.0 2 179 {-999.0 -999.0 -999.0 -999.0 -999.0} "" -999.0 -999.0 -999.0 -999.0 -999 -999 "" "" "" "" 0 0 0.0 0.0 -999 ""
FIBERMAP 865 R-9C11 BOSS 1 1 0 1 0 0 35.296542499930894 -182.70971678475524 143.1 35.28658534529166 -182.65817437365027 217.99643 168.42105 179.9085437523394 56.283945766943205 -999.0 -999.0 -999.0 179.90857901452074 56.2839595320439 179.91263171545233 56.12937248222679 62.317693712532844 26.027715729864667 5400.0 5400.0 2016.0 1 374 {-999.0 -999.0 -999.0 -999.0 -999.0} "" -999.0 -999.0 -999.0 -999.0 63050399365585556 1117912541 bright_1x1 openfibertargets_bhm_lofarradio_boss open_fiber science 0 0 0.0 0.0 -999 ""
FIBERMAP 865 R-9C11 METROLOGY 0 0 0 1 0 0 35.335038619119835 -181.96345838003356 143.1 35.32507060472538 -181.91212648842455 217.99643 168.42105 -999.0 -999.0 -999.0 -999.0 -999.0 179.90888720691478 56.28731165525002 179.91297499656775 56.13274655248191 62.315038311428715 26.023216258907894 -999.0 6231.0 -999.0 -1 -999 {-999.0 -999.0 -999.0 -999.0 -999.0} "" -999.0 -999.0 -999.0 -999.0 -999 -999 "" "" "" "" 0 0 0.0 0.0 -999 ""
FIBERMAP 866 R+11C13 APOGEE 0 0 0 1 0 0 91.85018145113396 222.77709519199578 143.1 91.8242705149466 222.71424977344213 131.28087 119.064095 -999.0 -999.0 -999.0 -999.0 -999.0 180.40708229669082 58.12035681387457 180.409179621132 57.965392116182834 60.7502397089568 23.94259650392911 -999.0 16600.0 -999.0 2 12 {-999.0 -999.0 -999.0 -999.0 -999.0} "" -999.0 -999.0 -999.0 -999.0 -999 -999 "" ops_sky_apogee_best_unassigned ops_sky sky_apogee 0 0 0.0 0.0 -999 ""
FIBERMAP 866 R+11C13 BOSS 1 1 0 1 0 0 92.09808108489825 223.48740199012607 143.1 92.07210021622421 223.42435619402468 131.28087 119.064095 180.4094529816094 58.12366779904881 -999.0 -999.0 -999.0 180.40940656172523 58.123634333568624 180.4113545894454 57.96858118116822 60.74705604970316 23.94020527245908 5400.0 5400.0 2016.0 1 99 {-999.0 21.014101 20.250107 19.920336 19.607388} sdss_fiber2mag_from_lsdr10 1e+20 1e+20 1e+20 -999.0 63050397939386614 1066982607 dark_flexible_2x2 bhm_colr_galaxies_lsdr10 bhm_filler science 0 0 0.0 0.0 -999 ""
FIBERMAP 866 R+11C13 METROLOGY 0 0 0 1 0 0 92.58813635807384 222.9198541635261 143.1 92.56201724480724 222.85696847266658 131.28087 119.064095 -999.0 -999.0 -999.0 -999.0 -999.0 180.4135222904217 58.1210257992598 180.41549085228849 57.96599794717372 60.74762204723408 23.94704341684576 -999.0 6231.0 -999.0 -1 -999 {-999.0 -999.0 -999.0 -999.0 -999.0} "" -999.0 -999.0 -999.0 -999.0 -999 -999 "" "" "" "" 0 0 0.0 0.0 -999 ""
FIBERMAP 868 R+9C15 APOGEE 0 0 0 1 0 0 119.85078587004959 154.95260851725982 143.1 119.81697596335566 154.90889638639712 309.45505 58.565105 -999.0 -999.0 -999.0 -999.0 -999.0 180.64062613772415 57.81299418760232 180.64166700437318 57.65809516271498 60.90397905873674 24.54468651741456 -999.0 16600.0 -999.0 2 -999 {-999.0 -999.0 -999.0 -999.0 -999.0} "" -999.0 -999.0 -999.0 -999.0 -999 -999 "" "" "" "" 0 0 0.0 0.0 -999 ""
FIBERMAP 868 R+9C15 BOSS 1 1 0 1 0 0 119.10929138600368 154.8364516575489 143.1 119.0756906549037 154.79277229453632 309.45505 58.565105 180.63417433726556 57.81268006847549 -123.17977 -6.0448356 5.2364435 180.63451680497144 57.81265850288159 180.63544647556648 57.65767361845727 60.90647102959474 24.540068629551172 5400.0 5400.0 2016.0 1 229 {-999.0 15.349952 14.060368 13.544266 -999.0} sdss_psfmag_from_g3xp 14.84342 14.049727 13.178677 11.461 63050394851418882 1079159327 bright_flexible_2x1 mwm_snc_ext_filler_boss mwm_snc science 0 0 1.952089786529541 0.0 -999 ""
FIBERMAP 868 R+9C15 METROLOGY 0 0 0 1 0 0 119.38317397932381 155.5339871375785 143.1 119.34949598594426 155.490110999807 309.45505 58.565105 -999.0 -999.0 -999.0 -999.0 -999.0 180.63685699330776 57.81575286150438 180.63781535082444 57.660791572490595 60.90328185939373 24.53785683169542 -999.0 6231.0 -999.0 -1 -999 {-999.0 -999.0 -999.0 -999.0 -999.0} "" -999.0 -999.0 -999.0 -999.0 -999 -999 "" "" "" "" 0 0 0.0 0.0 -999 ""
FIBERMAP 869 R+10C1 APOGEE 1 1 0 1 0 0 -172.36154224356503 189.86038239968033 143.1 -172.31291905249813 189.8068227858054 267.0669 165.49571 178.14904280296187 57.96435246764663 -999.0 -999.0 -999.0 178.14907981017595 57.964366032426284 178.16138053984662 57.809643379702166 61.61344288716374 22.198300410684965 16000.0 16600.0 2015.5 2 115 {-999.0 -999.0 -999.0 -999.0 -999.0} "" -999.0 -999.0 -999.0 -999.0 27021603092670422 827605989 "" ops_sky_apogee_best ops_sky sky_apogee 0 0 0.0 0.0 -999 ""
FIBERMAP 869 R+10C1 BOSS 0 0 0 1 0 0 -172.62464141933117 189.17242815687717 143.1 -172.57594400798678 189.11906261489412 267.0669 165.49571 -999.0 -999.0 -999.0 -999.0 -999.0 178.14703803844972 57.96134433258127 178.15922321509743 57.806534094778684 61.61662418892551 22.200260109001817 -999.0 5400.0 -999.0 1 79 {-999.0 -999.0 -999.0 -999.0 -999.0} "" -999.0 -999.0 -999.0 -999.0 -999 -999 "" "" "" "" 0 0 0.0 0.0 -999 ""
FIBERMAP 869 R+10C1 METROLOGY 0 0 0 1 0 0 -173.10237666427165 189.75294078907433 143.1 -173.05354448381468 189.69941148447774 267.0669 165.49571 -999.0 -999.0 -999.0 -999.0 -999.0 178.1428919856359 57.963858574852836 178.15513191699745 57.80907343620309 61.61588537884411 22.19339402872157 -999.0 6231.0 -999.0 -1 -999 {-999.0 -999.0 -999.0 -999.0 -999.0} "" -999.0 -999.0 -999.0 -999.0 -999 -999 "" "" "" "" 0 0 0.0 0.0 -999 ""
FIBERMAP 870 R0C26 APOGEE 1 1 0 1 0 0 279.6593185462981 -14.374208166373132 143.1 279.5804266525362 -14.370153202249398 343.58356 76.11967 181.94200544384933 57.0274819955647 -999.0 -999.0 -999.0 181.94202510783998 57.02748849752694 181.93739242147967 56.8727814336135 61.01414499869441 26.700850151572013 16000.0 16600.0 2015.5 2 38 {-999.0 -999.0 -999.0 -999.0 -999.0} "" -999.0 -999.0 -999.0 -999.0 27021603105745283 829474314 "" ops_sky_apogee_best ops_sky sky_apogee 0 0 0.0 0.0 -999 ""
FIBERMAP 870 R0C26 BOSS 0 0 0 1 0 0 279.3135591715131 -15.028544404559353 143.1 279.23476481647083 -15.024304852182828 343.58356 76.11967 -999.0 -999.0 -999.0 -999.0 -999.0 181.9391497192925 57.024666714165924 181.93438713392277 56.869878465391025 61.017377942559925 26.70254306932725 -999.0 5400.0 -999.0 1 173 {-999.0 -999.0 -999.0 -999.0 -999.0} "" -999.0 -999.0 -999.0 -999.0 -999 -999 "" "" "" "" 0 0 0.0 0.0 -999 ""
FIBERMAP 870 R0C26 METROLOGY 0 0 0 1 0 0 278.9132150504443 -14.376221011706933 143.1 278.8345336324786 -14.37216547975953 343.58356 76.11967 -999.0 -999.0 -999.0 -999.0 -999.0 181.9360319234538 57.02764762756422 181.93132285065337 56.872881721480795 61.016365630347174 26.695761054440084 -999.0 6231.0 -999.0 -1 -999 {-999.0 -999.0 -999.0 -999.0 -999.0} "" -999.0 -999.0 -999.0 -999.0 -999 -999 "" "" "" "" 0 0 0.0 0.0 -999 ""
FIBERMAP 871 R-7C18 APOGEE 0 0 0 1 0 0 156.85341326365688 -124.3047151118808 143.1 156.8091649157752 -124.26964875174774 154.57098 94.28125 -999.0 -999.0 -999.0 -999.0 -999.0 180.91074150961086 56.54310340654943 180.91064737467855 56.388498829996465 61.75380359643981 26.534446552100803 -999.0 16600.0 -999.0 2 234 {-999.0 -999.0 -999.0 -999.0 -999.0} "" -999.0 -999.0 -999.0 -999.0 -999 -999 "" ops_sky_apogee_best_unassigned ops_sky sky_apogee 0 0 0.0 0.0 -999 ""
FIBERMAP 871 R-7C18 BOSS 1 1 0 1 0 0 157.1609748964865 -123.61645913215023 143.1 157.1166397854682 -123.58158692902906 154.57098 94.28125 180.91359681399075 56.546273795257655 -999.0 -999.0 -999.0 180.91359380482058 56.54624429143281 180.91335267517024 56.391558325509045 61.75054020114594 26.532383680495798 5400.0 5400.0 2015.5 1 276 {-999.0 -999.0 -999.0 -999.0 -999.0} "" -999.0 -999.0 -999.0 -999.0 27021603105718496 807361793 "" ops_sky_boss_good ops_sky sky_boss 0 0 0.0 0.0 -999 ""
FIBERMAP 871 R-7C18 METROLOGY 0 0 0 1 0 0 157.61164246961602 -124.21041588581627 143.1 157.56718022527534 -124.17537612749489 154.57098 94.28125 -999.0 -999.0 -999.0 -999.0 -999.0 180.91711985293122 56.543511937980995 180.91690187844335 56.38884942284039 61.75119639078689 26.539316499931317 -999.0 6231.0 -999.0 -1 -999 {-999.0 -999.0 -999.0 -999.0 -999.0} "" -999.0 -999.0 -999.0 -999.0 -999 -999 "" "" "" "" 0 0 0.0 0.0 -999 ""
FIBERMAP 872 R+4C23 APOGEE 0 0 0 1 0 0 256.93287130878997 69.03465355840538 143.1 256.8603905457938 69.01517888263656 325.61835 113.200775 -999.0 -999.0 -999.0 -999.0 -999.0 181.77712918075346 57.40775113757902 181.77313900385695 57.25294903024553 60.79915318412917 26.030366469706507 -999.0 16600.0 -999.0 2 77 {-999.0 -999.0 -999.0 -999.0 -999.0} "" -999.0 -999.0 -999.0 -999.0 -999 -999 "" ops_sky_apogee_best_unassigned ops_sky sky_apogee 0 0 0.0 0.0 -999 ""
FIBERMAP 872 R+4C23 BOSS 1 1 0 1 0 0 256.7563000115562 68.31444938776934 143.1 256.68386905932294 68.29517788159706 325.61835 113.200775 181.77564904908115 57.40463594360248 -7.15754 -15.519187 -0.23515424 181.77566149290635 57.404611993754074 181.77153453355345 57.24972712780746 60.80210103921158 26.033571087758617 5400.0 5400.0 2016.0 1 247 {-999.0 21.358688 20.261847 19.736498 -999.0} sdss_psfmag 20.853123 20.855387 19.257109 -999.0 63050394851417645 1092559694 dark_flexible_2x1 mwm_cb_galex_vol_boss mwm_cb science 0 0 0.0 0.0 -999 ""
FIBERMAP 872 R+4C23 METROLOGY 0 0 0 1 0 0 256.2111598011723 68.82994735744803 143.1 256.1388826329924 68.8105304292985 325.61835 113.200775 -999.0 -999.0 -999.0 -999.0 -999.0 181.77122724315308 57.40700169650673 181.76716025850067 57.25213978511617 60.801951045107856 26.026650484403604 -999.0 6231.0 -999.0 -1 -999 {-999.0 -999.0 -999.0 -999.0 -999.0} "" -999.0 -999.0 -999.0 -999.0 -999 -999 "" "" "" "" 0 0 0.0 0.0 -999 ""
FIBERMAP 875 R+1C7 APOGEE 0 0 0 1 0 0 -139.5452238920549 3.39985265557406 143.1 -139.50585818439495 3.398893557139923 320.06735 85.466095 -999.0 -999.0 -999.0 -999.0 -999.0 178.4507043558575 57.12370415478689 178.46135162013854 56.969139090083644 62.18374272736862 23.553344043077914 -999.0 16600.0 -999.0 2 138 {-999.0 -999.0 -999.0 -999.0 -999.0} "" -999.0 -999.0 -999.0 -999.0 -999 -999 "" ops_sky_apogee_best_unassigned ops_sky sky_apogee 0 0 0.0 0.0 -999 ""
FIBERMAP 875 R+1C7 BOSS 1 1 0 1 0 0 -140.07925993289098 2.876414544147199 143.1 -140.0397435736639 2.875603107604295 320.06735 85.466095 178.446256189008 57.121355442143894 -999.0 -999.0 -999.0 178.44634170861008 57.121367583879795 178.4568854143671 56.9667187821824 62.187149232345206 23.552432963691786 5400.0 5400.0 2016.0 1 21 {-999.0 20.544296 19.870102 19.548115 19.295807} sdss_fiber2mag_from_lsdr10 1e+20 1e+20 1e+20 16.267 63050397935697972 1066977468 dark_flexible_2x2 bhm_colr_galaxies_lsdr10 bhm_filler science 0 0 0.0 0.0 -999 ""
FIBERMAP 875 R+1C7 METROLOGY 0 0 0 1 0 0 -140.27197342991977 3.6040104734168725 143.1 -140.2324027062152 3.6029937820623217 320.06735 85.466095 -999.0 -999.0 -999.0 -999.0 -999.0 178.4446141472086 57.12463619920897 178.4552010520507 56.9700108881693 62.185122646444626 23.546534828846234 -999.0 6231.0 -999.0 -1 -999 {-999.0 -999.0 -999.0 -999.0 -999.0} "" -999.0 -999.0 -999.0 -999.0 -999 -999 "" "" "" "" 0 0 0.0 0.0 -999 ""
FIBERMAP 877 R+13C4 APOGEE 0 0 0 1 0 0 -81.10560447352574 262.02056530751435 143.1 -81.08272458250377 261.9466493060411 79.94683 138.7929 -999.0 -999.0 -999.0 -999.0 -999.0 178.92186056292664 58.296251521909724 178.93076291319903 58.14135255801706 61.102888540570135 22.460668970895085 -999.0 16600.0 -999.0 2 114 {-999.0 -999.0 -999.0 -999.0 -999.0} "" -999.0 -999.0 -999.0 -999.0 -999 -999 "" ops_sky_apogee_best_unassigned ops_sky sky_apogee 0 0 0.0 0.0 -999 ""
FIBERMAP 877 R+13C4 BOSS 1 1 0 1 0 0 -80.54373745075483 262.4975829888797 143.1 -80.52101606241997 262.4235324207185 79.94683 138.7929 178.92679038996204 58.29848543757823 -999.0 -999.0 -999.0 178.92679441324415 58.29850145847196 178.93554475747032 58.14351196353178 61.099638983891836 22.462092857723064 5400.0 5400.0 2016.0 1 86 {-999.0 21.184513 19.795149 19.269464 18.925798} sdss_fiber2mag_from_lsdr10 19.67537 20.153276 17.913033 15.787 63050394824213888 1164199803 dark_flexible_3x1 bhm_colr_galaxies_lsdr10_d3 bhm_filler science 0 0 0.0 0.0 -999 ""
FIBERMAP 877 R+13C4 METROLOGY 0 0 0 1 0 0 -80.39771606209892 261.7814496608341 143.1 -80.37503586639781 261.7076011138848 79.94683 138.7929 -999.0 -999.0 -999.0 -999.0 -999.0 178.92804556696953 58.295297475474534 178.93682616038404 58.14033397386964 61.10174853414877 22.467206349395667 -999.0 6231.0 -999.0 -1 -999 {-999.0 -999.0 -999.0 -999.0 -999.0} "" -999.0 -999.0 -999.0 -999.0 -999 -999 "" "" "" "" 0 0 0.0 0.0 -999 ""
FIBERMAP 880 R-8C1 APOGEE 0 0 0 1 0 0 -193.01876145525594 -173.4743604543692 143.1 -192.96431086264943 -173.42542333728503 347.4246 54.583 -999.0 -999.0 -999.0 -999.0 -999.0 178.0449859289361 56.318752993760796 178.0570861537941 56.16443340763851 62.95388398686924 24.253567276088745 -999.0 16600.0 -999.0 2 276 {-999.0 -999.0 -999.0 -999.0 -999.0} "" -999.0 -999.0 -999.0 -999.0 -999 -999 "" ops_sky_apogee_best_unassigned ops_sky sky_apogee 0 0 0.0 0.0 -999 ""
FIBERMAP 880 R-8C1 BOSS 1 1 0 1 0 0 -193.56410184787745 -173.99693427303083 143.1 -193.50949741474616 -173.94784973787242 347.4246 54.583 178.04081159599167 56.31646072440308 0.2944802 0.077483974 0.076903 178.04080360320674 56.31644033899764 178.05280450901944 56.162040124617775 62.957240083486965 24.252719586314527 5400.0 5400.0 2016.0 1 418 {-999.0 19.26384 18.831045 18.798716 18.614687} sdss_psfmag 19.399193 19.157944 18.62313 -999.0 63050394824150893 1059897580 dark_10x4_4yr bhm_aqmes_med bhm_aqmes science 0 0 0.0 0.0 -999 ""
FIBERMAP 880 R-8C1 METROLOGY 0 0 0 1 0 0 -193.73848772866444 -173.26825155512577 143.1 -193.6838341012762 -173.21937258136208 347.4246 54.583 -999.0 -999.0 -999.0 -999.0 -999.0 178.0391845234743 56.31968067997233 178.05122648470683 56.16530311787586 62.95522553716332 24.246752457382684 -999.0 6231.0 -999.0 -1 -999 {-999.0 -999.0 -999.0 -999.0 -999.0} "" -999.0 -999.0 -999.0 -999.0 -999 -999 "" "" "" "" 0 0 0.0 0.0 -999 ""
FIBERMAP 885 R+12C10 APOGEE 0 0 0 1 0 0 24.418736347632702 229.10174107289117 143.1 24.411847822109035 229.03711147173453 244.63385 49.11889 -999.0 -999.0 -999.0 -999.0 -999.0 179.82914902897718 58.15175453212556 179.8338804271134 57.99681182293634 60.92032189963382 23.41903266080277 -999.0 16600.0 -999.0 2 -999 {-999.0 -999.0 -999.0 -999.0 -999.0} "" -999.0 -999.0 -999.0 -999.0 -999 -999 "" "" "" "" 0 0 0.0 0.0 -999 ""
FIBERMAP 885 R+12C10 BOSS 1 1 0 1 0 0 24.09869594436129 229.78143602406757 143.1 24.091897702235386 229.7166146809652 244.63385 49.11889 179.82660790653097 58.15497842183778 -11.773098 -5.785082 0.39186475 179.8265544011808 58.154928731242784 179.83116282399794 57.999897257758164 60.918835338502404 23.412729935320385 5400.0 5400.0 2016.0 1 153 {-999.0 17.536322 17.19022 17.054007 -999.0} sdss_psfmag 17.453947 17.179266 16.73613 15.783 63050394824213149 975912414 "" ops_std_boss ops_std standard_boss 0 0 0.0 0.0 -999 ""
FIBERMAP 885 R+12C10 METROLOGY 0 0 0 1 0 0 24.84315131779328 229.71536466567048 143.1 24.83614306480653 229.6505619612983 244.63385 49.11889 -999.0 -999.0 -999.0 -999.0 -999.0 179.83290556697284 58.154586131502896 179.83752329139088 57.99957932183073 60.91695664889833 23.418524313453702 -999.0 6231.0 -999.0 -1 -999 {-999.0 -999.0 -999.0 -999.0 -999.0} "" -999.0 -999.0 -999.0 -999.0 -999 -999 "" "" "" "" 0 0 0.0 0.0 -999 ""
FIBERMAP 886 R+3C2 APOGEE 0 0 0 1 0 0 -249.96024548244657 65.81517157153692 143.1 -249.88973169719597 65.7966051116366 176.84908 89.65593 -999.0 -999.0 -999.0 -999.0 -999.0 177.52047144062672 57.39398181953325 177.53531894070386 57.23949420883621 62.271818128459046 22.34257558430403 -999.0 16600.0 -999.0 2 -999 {-999.0 -999.0 -999.0 -999.0 -999.0} "" -999.0 -999.0 -999.0 -999.0 -999 -999 "" "" "" "" 0 0 0.0 0.0 -999 ""
FIBERMAP 886 R+3C2 BOSS 1 1 0 1 0 0 -249.9395354143048 66.52869761716624 143.1 -249.86902747136443 66.50992987156845 176.84908 89.65593 177.52062189198085 57.39730969364403 -11.557917 -2.8028605 0.23361425 177.52057138970954 57.39729886010566 177.53530287805927 57.24272379795873 62.269217322583984 22.338460552875176 5400.0 5400.0 2016.0 1 73 {-999.0 17.063177 16.713268 16.598475 -999.0} sdss_psfmag 16.980467 16.717287 16.29095 15.646 63050394824210625 976596077 "" ops_std_boss ops_std standard_boss 0 0 0.0 0.0 -999 ""
FIBERMAP 886 R+3C2 METROLOGY 0 0 0 1 0 0 -249.2968767702736 66.15664475089623 143.1 -249.22655012133671 66.13798196141201 176.84908 89.65593 -999.0 -999.0 -999.0 -999.0 -999.0 177.52594891014556 57.39569157398778 177.54068906770306 57.24114052100107 62.26877311923248 22.345524157585885 -999.0 6231.0 -999.0 -1 -999 {-999.0 -999.0 -999.0 -999.0 -999.0} "" -999.0 -999.0 -999.0 -999.0 -999 -999 "" "" "" "" 0 0 0.0 0.0 -999 ""
FIBERMAP 891 R+9C3 APOGEE 1 0 0 1 1 0 -149.26044515196 160.0564084515954 143.1 -149.21833878038265 160.0112565387712 269.36057 103.89086 178.27391147570538 57.90790577295249 -999.0 -999.0 -999.0 178.3483775981388 57.83302577316551 178.35973002665423 57.67830651268282 61.65506973719721 22.542379617130223 16000.0 16600.0 2015.5 2 99 {-999.0 -999.0 -999.0 -999.0 -999.0} "" -999.0 -999.0 -999.0 -999.0 27021603092669533 838968591 "" ops_sky_apogee_best ops_sky sky_apogee 0 0 0.0 0.0 -999 ""
FIBERMAP 891 R+9C3 BOSS 0 0 0 1 1 0 -149.9952335701872 159.8752797984895 143.1 -149.95291991479706 159.83017898205833 269.36057 103.89086 -999.0 -999.0 -999.0 -999.0 -999.0 178.3422429572071 57.83224754366908 178.35349843813958 57.67744138178491 61.65776864258387 22.537878800702572 -999.0 5400.0 -999.0 1 58 {-999.0 -999.0 -999.0 -999.0 -999.0} "" -999.0 -999.0 -999.0 -999.0 -999 -999 "" "" "" "" 0 0 0.0 0.0 -999 ""
FIBERMAP 891 R+9C3 METROLOGY 0 0 0 1 1 0 -149.78975712816978 160.5926326864981 143.1 -149.74750143768392 160.54732950481724 269.36057 103.89086 -999.0 -999.0 -999.0 -999.0 -999.0 178.34387650474227 57.83547294102911 178.35516102606937 57.680690698168526 61.65464017702548 22.535247211261208 -999.0 6231.0 -999.0 -1 -999 {-999.0 -999.0 -999.0 -999.0 -999.0} "" -999.0 -999.0 -999.0 -999.0 -999 -999 "" "" "" "" 0 0 0.0 0.0 -999 ""
FIBERMAP 894 R+13C9 APOGEE 1 1 0 1 0 0 44.44484896637789 262.2073146263838 143.1 44.432311074484474 262.1333459429277 57.205612 101.67931 180.001915168401 58.29910093910933 -0.9386294 1.9125215 2.8154497 180.0019313696149 58.299091684123105 180.00588855650733 58.14410338576057 60.74866293909702 23.37298028802246 16000.0 16600.0 2016.0 2 56 {-999.0 18.02364 16.531727 15.677306 -999.0} sdss_psfmag 17.353485 16.53601 15.245419 13.272 63050394851421091 1055574309 bright_flexible_3x1 bhm_csc_apogee bhm_csc science 0 0 0.0 0.0 -999 ""
FIBERMAP 894 R+13C9 BOSS 0 0 0 1 0 0 45.14558837587529 261.95145076013716 143.1 45.13285280539446 261.8775542558777 57.205612 101.67931 -999.0 -999.0 -999.0 -999.0 -999.0 180.00809272631392 58.298022822829424 180.01188455448903 58.142945791691965 60.74755944410478 23.379496025494234 -999.0 5400.0 -999.0 1 165 {-999.0 -999.0 -999.0 -999.0 -999.0} "" -999.0 -999.0 -999.0 -999.0 -999 -999 "" "" "" "" 0 0 0.0 0.0 -999 ""
FIBERMAP 894 R+13C9 METROLOGY 0 0 0 1 0 0 44.578175446710524 261.46068638112047 143.1 44.56559994341701 261.38692832149235 57.205612 101.67931 -999.0 -999.0 -999.0 -999.0 -999.0 180.00315978713246 58.29582997908154 180.00701288905975 58.140778872633895 60.75086396752133 23.378222048626355 -999.0 6231.0 -999.0 -1 -999 {-999.0 -999.0 -999.0 -999.0 -999.0} "" -999.0 -999.0 -999.0 -999.0 -999 -999 "" "" "" "" 0 0 0.0 0.0 -999 ""
FIBERMAP 895 R+11C14 APOGEE 0 0 0 1 0 0 108.11246473692393 198.56308268484813 143.1 108.08196621062164 198.50706803922273 285.0461 42.14272 -999.0 -999.0 -999.0 -999.0 -999.0 180.544408186898 58.01045424173044 180.5458809615235 57.855511029035945 60.787265396729865 24.201434253161608 -999.0 16600.0 -999.0 2 96 {-999.0 -999.0 -999.0 -999.0 -999.0} "" -999.0 -999.0 -999.0 -999.0 -999 -999 "" ops_sky_apogee_best_unassigned ops_sky sky_apogee 0 0 0.0 0.0 -999 ""
FIBERMAP 895 R+11C14 BOSS 1 1 0 1 0 0 107.48192818147741 198.96880668976092 143.1 107.45160752953743 198.91267758939375 285.0461 42.14272 180.53924399249058 58.01245525736588 -999.0 -999.0 -999.0 180.5392334029508 58.012449092991844 180.54059056930316 57.857418549762535 60.78763570359375 24.19450883362566 5400.0 5400.0 2016.0 1 88 {-999.0 22.176668 20.76704 20.170835 19.771358} sdss_fiber2mag_from_lsdr10 1e+20 1e+20 1e+20 16.091 63050394851420651 1161298378 dark_flexible_3x1 bhm_colr_galaxies_lsdr10_d3 bhm_filler science 0 0 0.0 0.0 -999 ""
FIBERMAP 895 R+11C14 METROLOGY 0 0 0 1 0 0 108.14358546965043 199.31481777055848 143.1 108.11307816418945 199.25859106046542 285.0461 42.14272 -999.0 -999.0 -999.0 -999.0 -999.0 180.54485823138592 58.01391808677884 180.54622926065736 57.858911678612316 60.784554898167954 24.197209432287536 -999.0 6231.0 -999.0 -1 -999 {-999.0 -999.0 -999.0 -999.0 -999.0} "" -999.0 -999.0 -999.0 -999.0 -999 -999 "" "" "" "" 0 0 0.0 0.0 -999 ""
FIBERMAP 896 R-8C17 APOGEE 0 0 0 1 0 0 141.3801760804124 -155.64629878241243 143.1 141.34029273274012 -155.6023909615259 197.06894 99.58183 -999.0 -999.0 -999.0 -999.0 -999.0 180.77857681111058 56.40247220069699 180.7790553542602 56.24790278714564 61.90660636770082 26.622917354920276 -999.0 16600.0 -999.0 2 230 {-999.0 -999.0 -999.0 -999.0 -999.0} "" -999.0 -999.0 -999.0 -999.0 -999 -999 "" ops_sky_apogee_best_unassigned ops_sky sky_apogee 0 0 0.0 0.0 -999 ""
FIBERMAP 896 R-8C17 BOSS 1 1 0 1 0 0 141.02205419144403 -155.00658490130886 143.1 140.98227186995663 -154.9628575437082 197.06894 99.58183 180.7759778386961 56.40541476258685 -4.7970395 -8.827155 0.42111138 180.77595427321262 56.405423578996924 180.77631080467597 56.25077338080069 61.90553078442633 26.616403856000716 5400.0 5400.0 2016.0 1 275 {-999.0 17.344713 17.0676 16.95633 -999.0} sdss_psfmag 17.322903 17.06332 16.652431 15.671 63050394851390625 975914079 "" ops_std_boss ops_std standard_boss 0 0 0.0 0.0 -999 ""
FIBERMAP 896 R-8C17 METROLOGY 0 0 0 1 0 0 141.7679800343286 -155.0030324810749 143.1 141.72798728716091 -154.95930612561202 197.06894 99.58183 -999.0 -999.0 -999.0 -999.0 -999.0 180.78199432808535 56.40538294714946 180.7823627610221 56.250755356200806 61.903263882298845 26.621676547390337 -999.0 6231.0 -999.0 -1 -999 {-999.0 -999.0 -999.0 -999.0 -999.0} "" -999.0 -999.0 -999.0 -999.0 -999 -999 "" "" "" "" 0 0 0.0 0.0 -999 ""
FIBERMAP 897 R-6C3 APOGEE 0 0 0 1 0 0 -186.82439952128047 -127.77340301020618 143.1 -186.77169635817552 -127.73735813321701 238.92906 114.76421 -999.0 -999.0 -999.0 -999.0 -999.0 178.08449608179245 56.525047847619064 178.09650855144366 56.37067413284043 62.77836565035917 24.011303507330183 -999.0 16600.0 -999.0 2 298 {-999.0 -999.0 -999.0 -999.0 -999.0} "" -999.0 -999.0 -999.0 -999.0 -999 -999 "" ops_sky_apogee_best_unassigned ops_sky sky_apogee 0 0 0.0 0.0 -999 ""
FIBERMAP 897 R-6C3 BOSS 1 1 0 1 0 0 -187.56190356125987 -127.6977774835224 143.1 -187.50899234826525 -127.66175394049431 238.92906 114.76421 178.07852044127188 56.52540280284996 -999.0 -999.0 -999.0 178.0785275514137 56.52539208334505 178.0904484806954 56.370936535168596 62.78023262588795 24.005179440788538 5400.0 5400.0 2015.5 1 445 {-999.0 -999.0 -999.0 -999.0 -999.0} "" -999.0 -999.0 -999.0 -999.0 27021603092609576 816853881 "" ops_sky_boss_good ops_sky sky_boss 0 0 0.0 0.0 -999 ""
FIBERMAP 897 R-6C3 METROLOGY 0 0 0 1 0 0 -187.12841197939167 -127.09367758298724 143.1 -187.0756230543723 -127.05782445654108 238.92906 114.76421 -999.0 -999.0 -999.0 -999.0 -999.0 178.0819035046953 56.52813459320368 178.09384425739051 56.373701315881206 62.77689674456196 24.004678940024803 -999.0 6231.0 -999.0 -1 -999 {-999.0 -999.0 -999.0 -999.0 -999.0} "" -999.0 -999.0 -999.0 -999.0 -999 -999 "" "" "" "" 0 0 0.0 0.0 -999 ""
FIBERMAP 898 R+4C19 APOGEE 1 1 0 1 0 0 155.2089068473207 95.189689689104 143.1 155.16512241469906 95.1628366776427 128.66917 79.73675 180.9327360256753 57.53931960818595 -999.0 -999.0 -999.0 180.93271870260028 57.53930805412984 180.93246412894632 57.384468303459485 61.007240455813985 25.157774473964082 16000.0 16600.0 2015.5 2 90 {-999.0 -999.0 -999.0 -999.0 -999.0} "" -999.0 -999.0 -999.0 -999.0 27021603105747026 829474596 "" ops_sky_apogee_best ops_sky sky_apogee 0 0 0.0 0.0 -999 ""
FIBERMAP 898 R+4C19 BOSS 0 0 0 1 0 0 155.86215854133735 95.51414790034907 143.1 155.81818982641283 95.48720335922638 128.66917 79.73675 -999.0 -999.0 -999.0 -999.0 -999.0 180.93848910005144 57.5408252467965 180.9380693904276 57.38590034832542 61.0041649145259 25.16047955297455 -999.0 5400.0 -999.0 1 208 {-999.0 -999.0 -999.0 -999.0 -999.0} "" -999.0 -999.0 -999.0 -999.0 -999 -999 "" "" "" "" 0 0 0.0 0.0 -999 ""
FIBERMAP 898 R+4C19 METROLOGY 0 0 0 1 0 0 155.83076632282948 94.7716926195322 143.1 155.7868064636498 94.74495752504424 128.66917 79.73675 -999.0 -999.0 -999.0 -999.0 -999.0 180.93806629410224 57.537434361878525 180.93768820285675 57.38253428980793 61.00682013194107 25.164768647292647 -999.0 6231.0 -999.0 -1 -999 {-999.0 -999.0 -999.0 -999.0 -999.0} "" -999.0 -999.0 -999.0 -999.0 -999 -999 "" "" "" "" 0 0 0.0 0.0 -999 ""
FIBERMAP 899 R+4C21 APOGEE 1 1 0 1 0 0 213.12020315194383 88.16832213956252 143.1 213.06008194263467 88.14344985588696 62.9716 96.01878 181.4172068234423 57.50074602624031 -18.345385 -27.987452 8.875479 181.41712226071607 57.50068000874588 181.41471492050368 57.345848997100234 60.862127684917326 25.60908388325953 16000.0 16600.0 2016.0 2 33 {-999.0 14.168108 12.858326 12.212668 -999.0} sdss_psfmag_from_g3xp 13.653844 12.767084 11.83366 10.045 63050394851417872 1103524294 bright_1x1 mwm_tess_2min_apogee mwm_planet science 0 0 0.0 0.0 -999 ""
FIBERMAP 899 R+4C21 BOSS 0 0 0 1 0 0 213.8147280176663 87.89993434070108 143.1 213.75441088289253 87.87513776922357 62.9716 96.01878 -999.0 -999.0 -999.0 -999.0 -999.0 181.42307274478168 57.49946829788446 181.42049692009527 57.344553487993544 60.86098337199152 25.61561142442895 -999.0 5400.0 -999.0 1 193 {-999.0 -999.0 -999.0 -999.0 -999.0} "" -999.0 -999.0 -999.0 -999.0 -999 -999 "" "" "" "" 0 0 0.0 0.0 -999 ""
FIBERMAP 899 R+4C21 METROLOGY 0 0 0 1 0 0 213.22684384813866 87.43295720752033 143.1 213.1666925554891 87.40829237029209 62.9716 96.01878 -999.0 -999.0 -999.0 -999.0 -999.0 181.418024902042 57.497409979484445 181.41551217583515 57.34251945267148 60.86429863668975 25.614343400958433 -999.0 6231.0 -999.0 -1 -999 {-999.0 -999.0 -999.0 -999.0 -999.0} "" -999.0 -999.0 -999.0 -999.0 -999 -999 "" "" "" "" 0 0 0.0 0.0 -999 ""
FIBERMAP 901 R+8C13 APOGEE 0 0 0 1 0 0 79.32015849678587 151.66472970010113 143.1 79.29778228007393 151.62194507985274 343.55118 119.04006 -999.0 -999.0 -999.0 -999.0 -999.0 180.29569636461005 57.80096992471935 180.29828895613548 57.64608561174867 61.03243260339916 24.272876367679032 -999.0 16600.0 -999.0 2 -999 {-999.0 -999.0 -999.0 -999.0 -999.0} "" -999.0 -999.0 -999.0 -999.0 -999 -999 "" "" "" "" 0 0 0.0 0.0 -999 ""
FIBERMAP 901 R+8C13 BOSS 1 1 0 1 0 0 79.48316322147157 150.9348982322819 143.1 79.4607410211268 150.8923194974906 343.55118 119.04006 180.29723716986072 57.797825517130775 -0.05839826 -0.083373144 -0.074251026 180.29722503017604 57.79779683551416 180.2996741521148 57.64282690556571 61.0344412824126 24.27839143250867 5400.0 5400.0 2016.0 1 151 {-999.0 18.689137 18.690207 18.68076 18.758123} sdss_psfmag 18.708405 18.647015 18.379799 -999.0 63050394851419019 1059898084 dark_10x4_4yr bhm_aqmes_med bhm_aqmes science 0 0 0.0 0.0 -999 ""
FIBERMAP 901 R+8C13 METROLOGY 0 0 0 1 0 0 78.77579918468528 151.15449943851212 143.1 78.75357653173529 151.11185875422052 343.55118 119.04006 -999.0 -999.0 -999.0 -999.0 -999.0 180.29116846636526 57.79879496011407 180.29368356107705 57.64384950302203 61.035731613830094 24.271973539094233 -999.0 6231.0 -999.0 -1 -999 {-999.0 -999.0 -999.0 -999.0 -999.0} "" -999.0 -999.0 -999.0 -999.0 -999 -999 "" "" "" "" 0 0 0.0 0.0 -999 ""
FIBERMAP 903 R+10C13 APOGEE 0 0 0 1 0 0 76.19468594963867 208.46999359711464 143.1 76.17319142873228 208.4111842119209 179.73259 59.858936 -999.0 -999.0 -999.0 -999.0 -999.0 180.27230753840843 58.05719507863785 180.27501581837976 57.902250872931134 60.84438587149032 23.91385482557189 -999.0 16600.0 -999.0 2 -999 {-999.0 -999.0 -999.0 -999.0 -999.0} "" -999.0 -999.0 -999.0 -999.0 -999 -999 "" "" "" "" 0 0 0.0 0.0 -999 ""
FIBERMAP 903 R+10C13 BOSS 1 1 0 1 0 0 76.553202605043 209.11099490214045 143.1 76.53160694658811 209.05200469047855 179.73259 59.858936 180.27560250838633 58.06019709063188 -0.5976684 -0.8213738 0.52269775 180.2755736110375 58.06017779895564 180.27812957900255 57.90514531498374 60.84110412624972 23.91264883041117 5400.0 5400.0 2016.0 1 98 {-999.0 19.824947 19.513586 19.58484 -999.0} sdss_psfmag 19.827927 19.68736 19.258587 -999.0 63050394851420945 1128058533 dark_flexible_3x1 bhm_csc_boss_d3 bhm_csc science 0 0 0.0 0.0 -999 ""
FIBERMAP 903 R+10C13 METROLOGY 0 0 0 1 0 0 76.94076257480317 208.475619421049 143.1 76.91905758568082 208.41680844881034 179.73259 59.858936 -999.0 -999.0 -999.0 -999.0 -999.0 180.27881193539122 58.057269156099174 180.2813920702073 57.90226200997006 60.84220367897169 23.919174644456064 -999.0 6231.0 -999.0 -1 -999 {-999.0 -999.0 -999.0 -999.0 -999.0} "" -999.0 -999.0 -999.0 -999.0 -999 -999 "" "" "" "" 0 0 0.0 0.0 -999 ""
FIBERMAP 904 R+7C9 APOGEE 0 0 0 1 0 0 -41.95072184960323 130.08062968247376 143.1 -41.938887550969454 130.04393393684035 184.4946 143.33417 -999.0 -999.0 -999.0 -999.0 -999.0 179.2625050047999 57.70474865049327 179.2697211237744 57.54995641334283 61.457002349043826 23.515461225968465 -999.0 16600.0 -999.0 2 23 {-999.0 -999.0 -999.0 -999.0 -999.0} "" -999.0 -999.0 -999.0 -999.0 -999 -999 "" "" "" "" 0 0 0.0 0.0 -999 ""
FIBERMAP 904 R+7C9 BOSS 1 1 0 1 0 0 -42.58110933563556 130.45919094512846 143.1 -42.56909720469198 130.42238840736283 184.4946 143.33417 179.2561531095151 57.70662632935231 -0.77352494 -5.5941753 0.14666772 179.25722458958953 57.7065862937833 179.26433528104906 57.551707386600164 61.45744254602852 23.508449996082675 5400.0 5400.0 2016.0 1 131 {-999.0 14.299922 13.601122 13.301335 -999.0} sdss_psfmag_from_g3xp 14.110292 13.613604 12.953607 11.539 63050394824209379 1133458004 dark_flexible_3x1 mwm_halo_nmp_xp_boss_triple mwm_halo science 0 0 2.0591039657592773 0.0 -999 ""
FIBERMAP 904 R+7C9 METROLOGY 0 0 0 1 0 0 -41.93558135289548 130.8339217389956 143.1 -41.923751325395834 130.79701348967305 184.4946 143.33417 -999.0 -999.0 -999.0 -999.0 -999.0 179.26267298313655 57.708269054844095 179.26979629964023 57.55341382248675 61.45427892400839 23.51100298920369 -999.0 6231.0 -999.0 -1 -999 {-999.0 -999.0 -999.0 -999.0 -999.0} "" -999.0 -999.0 -999.0 -999.0 -999 -999 "" "" "" "" 0 0 0.0 0.0 -999 ""
FIBERMAP 905 R-1C5 APOGEE 0 0 0 1 0 0 -194.55207651681343 -38.427704753544056 143.1 -194.49719337602804 -38.41686429803308 302.52823 64.34515 -999.0 -999.0 -999.0 -999.0 -999.0 178.00161459735176 56.92880499811128 178.01414534989794 56.7743488666299 62.4874529973879 23.394536546212407 -999.0 16600.0 -999.0 2 266 {-999.0 -999.0 -999.0 -999.0 -999.0} "" -999.0 -999.0 -999.0 -999.0 -999 -999 "" ops_sky_apogee_best_unassigned ops_sky sky_apogee 0 0 0.0 0.0 -999 ""
FIBERMAP 905 R-1C5 BOSS 1 1 0 1 0 0 -195.28458414641977 -38.53247960021854 143.1 -195.22949436523209 -38.52160958772332 302.52823 64.34515 177.99555599290863 56.92834261582753 -2.6701891 -3.454433 2.9011736 177.9956235353347 56.92832978470269 178.0080618124781 56.7737903070444 62.489926884201196 23.38955097540753 5400.0 5400.0 2016.0 1 485 {-999.0 20.83389 19.414595 17.875307 -999.0} sdss_psfmag 20.219591 18.617693 17.381374 15.066 63050394824207525 1118470597 dark_1x1 openfibertargets_mwm_snc_further_ext_boss open_fiber science 0 0 0.0 0.0 -999 ""
FIBERMAP 905 R-1C5 METROLOGY 0 0 0 1 0 0 -195.01931897107875 -37.840913122437456 143.1 -194.96430402119702 -37.83023820084562 302.52823 64.34515 -999.0 -999.0 -999.0 -999.0 -999.0 177.9976495815681 56.93147094090228 178.01011385776587 56.776954317583304 62.486732818963006 23.387308411618164 -999.0 6231.0 -999.0 -1 -999 {-999.0 -999.0 -999.0 -999.0 -999.0} "" -999.0 -999.0 -999.0 -999.0 -999 -999 "" "" "" "" 0 0 0.0 0.0 -999 ""
FIBERMAP 906 R+11C11 APOGEE 0 0 0 1 0 0 71.37678528076897 208.87754758164607 143.1 71.35664988964128 208.8186232254733 6.595392 91.75034 -999.0 -999.0 -999.0 -999.0 -999.0 180.23109788187952 58.05929662639951 180.23399339608068 57.904353760584065 60.85674465128395 23.876741095291834 -999.0 16600.0 -999.0 2 1 {-999.0 -999.0 -999.0 -999.0 -999.0} "" -999.0 -999.0 -999.0 -999.0 -999 -999 "" ops_sky_apogee_best_unassigned ops_sky sky_apogee 0 0 0.0 0.0 -999 ""
FIBERMAP 906 R+11C11 BOSS 1 1 0 1 0 0 71.49541704525177 208.14590001308682 143.1 71.47524818810331 208.08718205469313 6.595392 91.75034 180.23229544009894 58.05615113135574 -5.361834 -4.6340284 1.1693126 180.23224131400818 58.05613022241661 180.23499418124163 57.901100614915514 60.858901941790805 23.881859096338587 5400.0 5400.0 2016.0 1 108 {-999.0 20.254656 20.654226 20.834839 -999.0} sdss_psfmag 20.509432 20.441887 20.207705 -999.0 63050394851419257 1092201400 dark_flexible_2x1 mwm_cb_galex_mag_boss mwm_cb science 0 0 0.0 0.0 -999 ""
FIBERMAP 906 R+11C11 METROLOGY 0 0 0 1 0 0 70.79871666287588 208.4001155492822 143.1 70.77874434490528 208.34132587668574 6.595392 91.75034 -999.0 -999.0 -999.0 -999.0 -999.0 180.22624624912126 58.05727706542108 180.2290653281592 57.90227223274008 60.86002038600557 23.87534984341079 -999.0 6231.0 -999.0 -1 -999 {-999.0 -999.0 -999.0 -999.0 -999.0} "" -999.0 -999.0 -999.0 -999.0 -999 -999 "" "" "" "" 0 0 0.0 0.0 -999 ""
FIBERMAP 907 R-6C6 APOGEE 0 0 0 1 0 0 -98.14206534666567 -122.16307754797211 143.1 -98.11437947003138 -122.12861534379583 350.53903 103.768936 -999.0 -999.0 -999.0 -999.0 -999.0 178.81041402287164 56.555878870591044 178.81932970601724 56.4014036605312 62.50397396784791 24.648591047402135 -999.0 16600.0 -999.0 2 -999 {-999.0 -999.0 -999.0 -999.0 -999.0} "" -999.0 -999.0 -999.0 -999.0 -999 -999 "" "" "" "" 0 0 0.0 0.0 -999 ""
FIBERMAP 907 R-6C6 BOSS 1 1 0 1 0 0 -98.08840301498061 -122.91877687487373 143.1 -98.06073227649009 -122.88410148791733 350.53903 103.768936 178.81099831747775 56.552504689861046 0.050024875 -0.116780035 -0.0019404062 178.81100244955778 56.552494306522235 178.819792933563 56.3979375945208 62.50649258009595 24.65377871534514 5400.0 5400.0 2016.0 1 465 {-999.0 17.95713 18.09192 18.196295 18.121737} sdss_psfmag 17.856222 17.902817 17.636171 15.984 63050394824150225 1059897574 dark_10x4_4yr bhm_aqmes_med bhm_aqmes science 0 0 0.0 0.0 -999 ""
FIBERMAP 907 R-6C6 METROLOGY 0 0 0 1 0 0 -98.75194632225578 -122.59285327567795 143.1 -98.72408839819828 -122.5582698317689 350.53903 103.768936 -999.0 -999.0 -999.0 -999.0 -999.0 178.80548092725112 56.553927405809254 178.81432998347418 56.39939427657862 62.5072816864047 24.646713075652997 -999.0 6231.0 -999.0 -1 -999 {-999.0 -999.0 -999.0 -999.0 -999.0} "" -999.0 -999.0 -999.0 -999.0 -999 -999 "" "" "" "" 0 0 0.0 0.0 -999 ""
FIBERMAP 908 R+6C18 APOGEE 0 0 0 1 0 0 138.2727043928599 125.19958923887233 143.1 138.23369766295068 125.16427043474806 207.85504 50.91578 -999.0 -999.0 -999.0 -999.0 -999.0 180.79362462197108 57.67685157844531 180.79398331225343 57.521981405783315 60.95324188116897 24.85520418032462 -999.0 16600.0 -999.0 2 -999 {-999.0 -999.0 -999.0 -999.0 -999.0} "" -999.0 -999.0 -999.0 -999.0 -999 -999 "" "" "" "" 0 0 0.0 0.0 -999 ""
FIBERMAP 908 R+6C18 BOSS 1 1 0 1 0 0 138.4013067903984 125.93649146673856 143.1 138.36226378175283 125.9009647824958 207.85504 50.91578 180.79504687141738 57.680344780909934 -0.10894436 0.05237417 0.087566875 180.7950123255216 57.68029482468762 180.7952255575991 57.525338392431735 60.950275561259645 24.85168771747965 5400.0 5400.0 2016.0 1 203 {-999.0 18.07413 18.0758 18.048378 18.005188} sdss_psfmag 17.994144 17.901358 17.623491 -999.0 63050394851418793 1059898083 dark_10x4_4yr bhm_aqmes_med bhm_aqmes science 0 0 0.0 0.0 -999 ""
FIBERMAP 908 R+6C18 METROLOGY 0 0 0 1 0 0 138.9737970009644 125.45479726259613 143.1 138.93459249283043 125.41940646428836 207.85504 50.91578 -999.0 -999.0 -999.0 -999.0 -999.0 180.7997434511202 57.678030373870456 180.79997500336015 57.52309860568541 60.95028299907655 24.858677700651356 -999.0 6231.0 -999.0 -1 -999 {-999.0 -999.0 -999.0 -999.0 -999.0} "" -999.0 -999.0 -999.0 -999.0 -999 -999 "" "" "" "" 0 0 0.0 0.0 -999 ""
FIBERMAP 910 R+11C8 APOGEE 0 0 0 1 0 0 -27.248015189466322 203.90688790337802 143.1 -27.240328524381376 203.8493657703005 247.72937 72.11378 -999.0 -999.0 -999.0 -999.0 -999.0 179.38598210600588 58.03856385499604 179.39270983789402 57.88368140444501 61.15523991076362 23.188609673248834 -999.0 16600.0 -999.0 2 15 {-999.0 -999.0 -999.0 -999.0 -999.0} "" -999.0 -999.0 -999.0 -999.0 -999 -999 "" "" "" "" 0 0 0.0 0.0 -999 ""
FIBERMAP 910 R+11C8 BOSS 1 1 0 1 0 0 -27.831404726776753 204.37756947517897 143.1 -27.823553487503332 204.31991456283004 247.72937 72.11378 179.3803736231722 58.04066842431347 -20.45373 39.42066 11.075452 179.38109386834472 58.04080308008209 179.3877124250373 57.88583248243112 61.15521125342066 23.181524259397804 5400.0 5400.0 2016.0 1 111 {-999.0 17.000294 15.533469 14.418855 -999.0} sdss_psfmag 16.37333 15.081518 13.959109 11.896 63050394824213052 1132507625 bright_2x1 mwm_snc_100pc_boss mwm_snc science 0 0 1.6118847131729126 0.0 -999 ""
FIBERMAP 910 R+11C8 METROLOGY 0 0 0 1 0 0 -27.139967715146312 204.6499993976824 143.1 -27.132311530253872 204.59226763285233 247.72937 72.11378 -999.0 -999.0 -999.0 -999.0 -999.0 179.38697822265894 58.04200872985611 179.3936076455227 57.887062288189306 61.15229747855709 23.185019475147612 -999.0 6231.0 -999.0 -1 -999 {-999.0 -999.0 -999.0 -999.0 -999.0} "" -999.0 -999.0 -999.0 -999.0 -999 -999 "" "" "" "" 0 0 0.0 0.0 -999 ""
FIBERMAP 912 R+3C20 APOGEE 1 1 0 1 0 0 174.82931917880487 51.03787261271131 143.1 174.77999982786454 51.02347482884727 282.4453 144.18921 181.09060700044304 57.337045356667 -999.0 -999.0 -999.0 181.0906260065814 57.33706381663414 181.089687133721 57.18227056780648 61.101368240235374 25.56709612339023 16000.0 16600.0 2015.5 2 62 {-999.0 -999.0 -999.0 -999.0 -999.0} "" -999.0 -999.0 -999.0 -999.0 27021603105745678 839697118 "" ops_sky_apogee_best ops_sky sky_apogee 0 0 0.0 0.0 -999 ""
FIBERMAP 912 R+3C20 BOSS 0 0 0 1 0 0 174.54057268895158 50.35029803429359 143.1 174.49133479339605 50.33609421521812 282.4453 144.18921 -999.0 -999.0 -999.0 -999.0 -999.0 181.0883363435962 57.33407204031774 181.0872686015815 57.179195775093326 61.10452969566676 25.569341949804368 -999.0 5400.0 -999.0 1 216 {-999.0 -999.0 -999.0 -999.0 -999.0} "" -999.0 -999.0 -999.0 -999.0 -999 -999 "" "" "" "" 0 0 0.0 0.0 -999 ""
FIBERMAP 912 R+3C20 METROLOGY 0 0 0 1 0 0 174.08962270070384 50.94893726043764 143.1 174.04051201814 50.93456456523647 282.4453 144.18921 -999.0 -999.0 -999.0 -999.0 -999.0 181.0846070349727 57.33680924734026 181.08359500351537 57.18195607307672 61.1038124727773 25.562456791038812 -999.0 6231.0 -999.0 -1 -999 {-999.0 -999.0 -999.0 -999.0 -999.0} "" -999.0 -999.0 -999.0 -999.0 -999 -999 "" "" "" "" 0 0 0.0 0.0 -999 ""
FIBERMAP 914 R+3C11 APOGEE 1 1 0 1 0 0 -38.01408059666399 71.35778539141484 143.1 -38.00335682452767 71.33765536015592 112.584656 110.80202 179.2980623944538 57.438195517361024 -999.0 -999.0 -999.0 179.2980417324171 57.43818402705559 179.30504411461197 57.283451687072294 61.65250627688201 23.897796364636633 16000.0 16600.0 2015.5 2 124 {-999.0 -999.0 -999.0 -999.0 -999.0} "" -999.0 -999.0 -999.0 -999.0 27021603092665054 838968384 "" ops_sky_apogee_best ops_sky sky_apogee 0 0 0.0 0.0 -999 ""
FIBERMAP 914 R+3C11 BOSS 0 0 0 1 0 0 -37.49089155737876 71.8842523907205 143.1 -37.48031537687042 71.86397384312109 112.584656 110.80202 -999.0 -999.0 -999.0 -999.0 -999.0 179.3025396020356 57.44071383511751 179.3093940166351 57.28589492480069 61.64912765106751 23.898397080800237 -999.0 5400.0 -999.0 1 14 {-999.0 -999.0 -999.0 -999.0 -999.0} "" -999.0 -999.0 -999.0 -999.0 -999 -999 "" "" "" "" 0 0 0.0 0.0 -999 ""
FIBERMAP 914 R+3C11 METROLOGY 0 0 0 1 0 0 -37.29522211425236 71.1690135555896 143.1 -37.284701132093936 71.14893677686557 112.584656 110.80202 -999.0 -999.0 -999.0 -999.0 -999.0 179.3041901871043 57.43743406466496 179.311073054119 57.28264004226915 61.6510823789033 23.90420144502525 -999.0 6231.0 -999.0 -1 -999 {-999.0 -999.0 -999.0 -999.0 -999.0} "" -999.0 -999.0 -999.0 -999.0 -999 -999 "" "" "" "" 0 0 0.0 0.0 -999 ""
FIBERMAP 916 R-13C3 APOGEE 0 0 0 1 0 0 -120.78246301341528 -251.12584409501588 143.1 -120.7483902805992 -251.0550014943967 227.37943 56.274014 -999.0 -999.0 -999.0 -999.0 -999.0 178.64436786577423 55.97495211725075 178.65382251433562 55.820632122329066 63.01057121522483 25.30095718943346 -999.0 16600.0 -999.0 2 198 {-999.0 -999.0 -999.0 -999.0 -999.0} "" -999.0 -999.0 -999.0 -999.0 -999 -999 "" ops_sky_apogee_best_unassigned ops_sky sky_apogee 0 0 0.0 0.0 -999 ""
FIBERMAP 916 R-13C3 BOSS 1 1 0 1 0 0 -120.93429555323206 -250.39860200732824 143.1 -120.9001799884565 -250.32796456170198 227.37943 56.274014 178.64328563597945 55.97836431461247 -25.80501 -30.182526 0.3410158 178.643145256749 55.978270207921035 178.65248753544927 55.823869606261205 63.0085623712814 25.295124072817202 5400.0 5400.0 2016.0 1 342 {-999.0 17.207125 16.920704 16.800293 -999.0} sdss_psfmag 17.156773 16.902369 16.482216 15.705 63050394824146255 975912366 "" ops_std_boss ops_std standard_boss 0 0 0.0 0.0 -999 ""
FIBERMAP 916 R-13C3 METROLOGY 0 0 0 1 0 0 -120.21883112489562 -250.63087241884423 143.1 -120.18491739263528 -250.5601694497349 227.37943 56.274014 -999.0 -999.0 -999.0 -999.0 -999.0 178.6489112929953 55.97723855146357 178.65826264174314 55.82286016791136 63.0072630476603 25.302040844515886 -999.0 6231.0 -999.0 -1 -999 {-999.0 -999.0 -999.0 -999.0 -999.0} "" -999.0 -999.0 -999.0 -999.0 -999 -999 "" "" "" "" 0 0 0.0 0.0 -999 ""
FIBERMAP 918 R-4C10 APOGEE 0 0 0 1 0 0 -26.760341826110064 -79.52018869686667 143.1 -26.75279273368092 -79.49775605163529 31.49318 74.041176 -999.0 -999.0 -999.0 -999.0 -999.0 179.3974961666922 56.75156180628955 179.40393090759108 56.59698263017951 62.147412346831366 24.91430570221928 -999.0 16600.0 -999.0 2 -999 {-999.0 -999.0 -999.0 -999.0 -999.0} "" -999.0 -999.0 -999.0 -999.0 -999 -999 "" "" "" "" 0 0 0.0 0.0 -999 ""
FIBERMAP 918 R-4C10 BOSS 1 1 0 1 0 0 -26.552030173931172 -80.21197036411931 143.1 -26.544539846219106 -80.1893425672796 31.49318 74.041176 179.39935888457072 56.74842595969669 0.18827128 0.25449726 0.02806327 179.3993487595574 56.748460698820686 179.40564877825489 56.593799481266984 62.14924031471682 24.92023968818671 5400.0 5400.0 2016.0 1 408 {-999.0 18.451714 18.289598 18.356775 18.425175} sdss_psfmag 18.713085 18.713634 18.379427 -999.0 63050394824150685 1059897579 dark_10x4_4yr bhm_aqmes_med bhm_aqmes science 0 0 0.0 0.0 -999 ""
FIBERMAP 918 R-4C10 METROLOGY 0 0 0 1 0 0 -27.274478824595207 -80.06085969414735 143.1 -27.26678469411879 -80.03827452562764 31.49318 74.041176 -999.0 -999.0 -999.0 -999.0 -999.0 179.39331528094417 56.74912222825734 179.39967725380052 56.594484774807704 62.15083126105232 24.913908559915342 -999.0 6231.0 -999.0 -1 -999 {-999.0 -999.0 -999.0 -999.0 -999.0} "" -999.0 -999.0 -999.0 -999.0 -999 -999 "" "" "" "" 0 0 0.0 0.0 -999 ""
FIBERMAP 919 R-12C2 APOGEE 0 0 0 1 0 0 -124.5837409628188 -219.09369174290592 143.1 -124.54859588949319 -219.03188541246524 81.6835 86.38477 -999.0 -999.0 -999.0 -999.0 -999.0 178.60830286660646 56.11786353538086 178.61795153190337 55.963514560935 62.913392091739865 25.066324857734287 -999.0 16600.0 -999.0 2 204 {-999.0 -999.0 -999.0 -999.0 -999.0} "" -999.0 -999.0 -999.0 -999.0 -999 -999 "" ops_sky_apogee_best_unassigned ops_sky sky_apogee 0 0 0.0 0.0 -999 ""
FIBERMAP 919 R-12C2 BOSS 1 1 0 1 0 0 -123.85480102994912 -219.24009977638227 143.1 -123.81986159057857 -219.17825214423536 81.6835 86.38477 178.61439625368413 56.11729553927518 -4.900807 -4.2439322 0.36938283 178.61432690201804 56.11729992033042 178.62383117374372 55.96286977016666 62.91179447537475 25.07280022121745 5400.0 5400.0 2016.0 1 339 {-999.0 21.044117 20.871414 20.724161 20.623512} sdss_psfmag_from_gaiadr2 20.84785 20.867718 20.256142 -999.0 63050394824149800 1055794352 dark_flexible_2x2 bhm_gua_dark bhm_filler science 0 0 0.0 0.0 -999 ""
FIBERMAP 919 R-12C2 METROLOGY 0 0 0 1 0 0 -124.3420202865494 -219.80983459948268 143.1 -124.30694340262657 -219.7478262451422 81.6835 86.38477 -999.0 -999.0 -999.0 -999.0 -999.0 178.61045148368822 56.11471200635815 178.62000501297234 55.96030577236218 62.915135214307824 25.072757642875047 -999.0 6231.0 -999.0 -1 -999 {-999.0 -999.0 -999.0 -999.0 -999.0} "" -999.0 -999.0 -999.0 -999.0 -999 -999 "" "" "" "" 0 0 0.0 0.0 -999 ""
FIBERMAP 920 R+5C2 APOGEE 0 0 0 1 0 0 -223.18290619849273 81.30365203947986 143.1 -223.11994630065414 81.28071627923953 275.4741 72.26812 -999.0 -999.0 -999.0 -999.0 -999.0 177.73946320943094 57.46796415080028 177.7533785528011 57.31342213573955 62.14240787688365 22.45222569122177 -999.0 16600.0 -999.0 2 -999 {-999.0 -999.0 -999.0 -999.0 -999.0} "" -999.0 -999.0 -999.0 -999.0 -999 -999 "" "" "" "" 0 0 0.0 0.0 -999 ""
FIBERMAP 920 R+5C2 BOSS 1 1 0 1 0 0 -223.87285997319873 81.41388310714585 143.1 -223.8097054394003 81.39091625072133 275.4741 72.26812 177.73367482936047 57.46846999382519 -0.18469161 -0.25198358 0.29627067 177.73376102555903 57.46846090472435 177.74758299250777 57.31383290003087 62.14393858579325 22.44631744086513 5400.0 5400.0 2016.0 1 71 {-999.0 19.201479 19.229876 18.97069 18.782614} sdss_psfmag 19.459833 19.599834 18.776552 -999.0 63050394824210662 1059897605 dark_10x4_4yr bhm_aqmes_med bhm_aqmes science 0 0 0.0 0.0 -999 ""
FIBERMAP 920 R+5C2 METROLOGY 0 0 0 1 0 0 -223.41991833208044 82.01110325973748 143.1 -223.356891573119 81.98796792750791 275.4741 72.26812 -999.0 -999.0 -999.0 -999.0 -999.0 177.7373916644244 57.47119908781366 177.75123248976524 57.31659443507062 62.140546415887016 22.44619501819966 -999.0 6231.0 -999.0 -1 -999 {-999.0 -999.0 -999.0 -999.0 -999.0} "" -999.0 -999.0 -999.0 -999.0 -999 -999 "" "" "" "" 0 0 0.0 0.0 -999 ""
FIBERMAP 921 R+2C21 APOGEE 0 0 0 1 0 0 196.95087167308867 46.01047303431562 143.1 196.8953118321897 45.997493479872645 65.5659 64.93975 -999.0 -999.0 -999.0 -999.0 -999.0 181.27435020121848 57.31180498045263 181.2726019738176 57.15701761575249 61.0534716529683 25.754082616230335 -999.0 16600.0 -999.0 2 80 {-999.0 -999.0 -999.0 -999.0 -999.0} "" -999.0 -999.0 -999.0 -999.0 -999 -999 "" ops_sky_apogee_best_unassigned ops_sky sky_apogee 0 0 0.0 0.0 -999 ""
FIBERMAP 921 R+2C21 BOSS 1 1 0 1 0 0 197.4644157304778 45.47354520833161 143.1 197.40871101880026 45.46071712122834 65.5659 64.93975 181.27887527727142 57.309394082249725 -27.088184 12.942651 2.3964536 181.27875703185876 57.309403754371786 181.2768492785243 57.15453349784257 61.05375526000639 25.761057768213448 5400.0 5400.0 2016.0 1 223 {-999.0 21.927141 20.55004 19.049017 -999.0} sdss_psfmag 21.070593 19.786253 18.508581 -999.0 63050394851417733 1122272824 dark_1x1 openfibertargets_mwm_snc_further_ext_boss open_fiber science 0 0 0.0 0.0 -999 ""
FIBERMAP 921 R+2C21 METROLOGY 0 0 0 1 0 0 196.7447818758411 45.28265795608436 143.1 196.68928017287394 45.26988371827495 65.5659 64.93975 -999.0 -999.0 -999.0 -999.0 -999.0 181.27266941097218 57.30859695658657 181.27082845952452 57.153750522120916 61.0565340689336 25.7571617627936 -999.0 6231.0 -999.0 -1 -999 {-999.0 -999.0 -999.0 -999.0 -999.0} "" -999.0 -999.0 -999.0 -999.0 -999 -999 "" "" "" "" 0 0 0.0 0.0 -999 ""
FIBERMAP 925 R-13C12 APOGEE 0 0 0 1 0 0 97.13350265855762 -266.3726882307923 143.1 97.10610129745764 -266.29754449544237 268.13522 104.891335 -999.0 -999.0 -999.0 -999.0 -999.0 180.4026255993125 55.907933319006666 180.40469836433 55.75349028656762 62.41185524640018 27.01182749630607 -999.0 16600.0 -999.0 2 182 {-999.0 -999.0 -999.0 -999.0 -999.0} "" -999.0 -999.0 -999.0 -999.0 -999 -999 "" ops_sky_apogee_best_unassigned ops_sky sky_apogee 0 0 0.0 0.0 -999 ""
FIBERMAP 925 R-13C12 BOSS 1 1 0 1 0 0 96.41370007406779 -266.55916626246 143.1 96.3865017692769 -266.4839699216574 268.13522 104.891335 180.39688977822263 55.907226670041844 2.096664 -9.419732 0.30329904 180.3969346786478 55.90721026290194 180.39890260018183 55.752689215063405 62.414656941790206 27.007827978831244 5400.0 5400.0 2016.0 1 337 {-999.0 17.155624 16.78533 16.679005 -999.0} sdss_psfmag 17.092813 16.801777 16.330835 15.347 63050394851388323 976721704 "" ops_std_boss ops_std standard_boss 0 0 0.0 0.0 -999 ""
FIBERMAP 925 R-13C12 METROLOGY 0 0 0 1 0 0 96.6023617768627 -265.84611042936433 143.1 96.57511025060545 -265.7711152416122 268.13522 104.891335 -999.0 -999.0 -999.0 -999.0 -999.0 180.39851214612972 55.910352862885425 180.40050997788398 55.7558532308461 62.41171896775518 27.00462689521015 -999.0 6231.0 -999.0 -1 -999 {-999.0 -999.0 -999.0 -999.0 -999.0} "" -999.0 -999.0 -999.0 -999.0 -999 -999 "" "" "" "" 0 0 0.0 0.0 -999 ""
FIBERMAP 932 R0C19 APOGEE 0 0 0 1 0 0 108.56354381589455 -14.982885746602793 143.1 108.53291804018409 -14.978659074533677 270.77167 100.68982 -999.0 -999.0 -999.0 -999.0 -999.0 180.52766609264643 57.04237546435876 180.52921632665846 56.8876620124097 61.524244617577935 25.502123799919104 -999.0 16600.0 -999.0 2 64 {-999.0 -999.0 -999.0 -999.0 -999.0} "" -999.0 -999.0 -999.0 -999.0 -999 -999 "" "" "" "" 0 0 0.0 0.0 -999 ""
FIBERMAP 932 R0C19 BOSS 1 1 0 1 0 0 107.8438701043003 -15.191626557707652 143.1 107.81344734854387 -15.187340999855723 270.77167 100.68982 180.52181951383736 57.04154065879457 -999.0 -999.0 -999.0 180.52186507699838 57.04154286259363 180.52330629653613 56.88674681859242 61.527069513945804 25.498324370586715 5400.0 5400.0 2016.0 1 242 {-999.0 20.553946 19.564108 19.141865 18.808334} sdss_fiber2mag_from_lsdr10 1e+20 1e+20 1e+20 15.655 63050394851391475 1063012520 dark_flexible_2x2 bhm_colr_galaxies_lsdr10 bhm_filler science 0 0 0.0 0.0 -999 ""
FIBERMAP 932 R0C19 METROLOGY 0 0 0 1 0 0 107.99073525831898 -14.459160154276995 143.1 107.96027107190261 -14.455081225197475 270.77167 100.68982 -999.0 -999.0 -999.0 -999.0 -999.0 180.5231174149258 57.04484493961281 180.52459122557957 56.89007158171209 61.524114278511426 25.494806300257437 -999.0 6231.0 -999.0 -1 -999 {-999.0 -999.0 -999.0 -999.0 -999.0} "" -999.0 -999.0 -999.0 -999.0 -999 -999 "" "" "" "" 0 0 0.0 0.0 -999 ""
FIBERMAP 934 R+3C10 APOGEE 0 0 0 1 0 0 -56.902588278747004 42.68805242064364 143.1 -56.88653605859357 42.67601012105578 284.68234 99.16087 -999.0 -999.0 -999.0 -999.0 -999.0 179.13994443128405 57.30717920489996 179.14761721561797 57.15249260765149 61.80791727727154 23.932048847590863 -999.0 16600.0 -999.0 2 -999 {-999.0 -999.0 -999.0 -999.0 -999.0} "" -999.0 -999.0 -999.0 -999.0 -999 -999 "" "" "" "" 0 0 0.0 0.0 -999 ""
FIBERMAP 934 R+3C10 BOSS 1 1 0 1 0 0 -57.670814549740754 42.38355969853497 143.1 -57.65454561295628 42.37160329634401 284.68234 99.16087 179.13349759563044 57.305879089054116 -0.21342917 -0.04910354 -0.20122865 179.13356070438684 57.305874017928325 179.14113443006022 57.15110322110693 61.811208746191255 23.928110499188506 5400.0 5400.0 2016.0 1 24 {-999.0 18.680183 18.392433 18.127794 17.909819} sdss_psfmag_from_gaiadr2 18.742914 18.447336 17.842804 16.227 63050394824208091 1055794886 dark_flexible_2x2 bhm_gua_dark bhm_filler science 0 0 0.0 0.0 -999 ""
FIBERMAP 934 R+3C10 METROLOGY 0 0 0 1 0 0 -57.51464812493112 43.11471941632163 143.1 -57.49842324269508 43.102556753974284 284.68234 99.16087 -999.0 -999.0 -999.0 -999.0 -999.0 179.13480931477557 57.30917925735379 179.14241424274223 57.154431673830445 61.808184043420695 23.924823153974785 -999.0 6231.0 -999.0 -1 -999 {-999.0 -999.0 -999.0 -999.0 -999.0} "" -999.0 -999.0 -999.0 -999.0 -999 -999 "" "" "" "" 0 0 0.0 0.0 -999 ""
FIBERMAP 936 R+2C20 APOGEE 0 0 0 1 0 0 174.49565076638652 45.57344671643122 143.1 174.44642554330534 45.56059044711252 64.48521 64.13819 -999.0 -999.0 -999.0 -999.0 -999.0 181.08692878215737 57.312302392342794 181.08600858133593 57.15751501506128 61.12108710651384 25.59834990925424 -999.0 16600.0 -999.0 2 -999 {-999.0 -999.0 -999.0 -999.0 -999.0} "" -999.0 -999.0 -999.0 -999.0 -999 -999 "" "" "" "" 0 0 0.0 0.0 -999 ""
FIBERMAP 936 R+2C20 BOSS 1 1 0 1 0 0 174.98126018942838 45.00721667764086 143.1 174.93189797592896 44.9945201418161 64.48521 64.13819 181.09111811446647 57.3097755532377 0.4630995 0.018382441 -0.040639486 181.09112979791382 57.30977853019903 181.09005209712905 57.15490809731837 61.12155321527091 25.60533731694437 5400.0 5400.0 2016.0 1 222 {-999.0 19.32637 19.17653 19.068464 18.836899} sdss_psfmag 19.215652 19.06996 18.628654 -999.0 63050394851417391 1059898079 dark_10x4_4yr bhm_aqmes_med bhm_aqmes science 0 0 0.0 0.0 -999 ""
FIBERMAP 936 R+2C20 METROLOGY 0 0 0 1 0 0 174.247796915386 44.86972059850179 143.1 174.19864161187618 44.85706285032096 64.48521 64.13819 -999.0 -999.0 -999.0 -999.0 -999.0 181.0849209781911 57.30920453678046 181.08391023061483 57.15435796878489 61.12419342283608 25.60097965324377 -999.0 6231.0 -999.0 -1 -999 {-999.0 -999.0 -999.0 -999.0 -999.0} "" -999.0 -999.0 -999.0 -999.0 -999 -999 "" "" "" "" 0 0 0.0 0.0 -999 ""
FIBERMAP 938 R+12C15 APOGEE 0 0 0 1 0 0 163.52221992655407 247.3722890467952 143.1 163.4760903083128 247.30250532405512 88.1451 91.423485 -999.0 -999.0 -999.0 -999.0 -999.0 181.0210534940425 58.22284873238282 181.0203457455949 58.06784565924834 60.462220645322475 24.30897077194038 -999.0 16600.0 -999.0 2 44 {-999.0 -999.0 -999.0 -999.0 -999.0} "" -999.0 -999.0 -999.0 -999.0 -999 -999 "" ops_sky_apogee_best_unassigned ops_sky sky_apogee 0 0 0.0 0.0 -999 ""
FIBERMAP 938 R+12C15 BOSS 1 1 0 1 0 0 164.26432134462613 247.37027791471593 143.1 164.2179823795748 247.3004947593162 88.1451 91.423485 181.02757283842357 58.22283514477662 -11.212693 -10.893271 0.19066715 181.0274874145008 58.2228063654563 181.0266069917252 58.06771574386926 60.46015128572407 24.31422171283259 5400.0 5400.0 2016.0 1 179 {-999.0 17.926487 17.665478 17.573944 17.559778} sdss_psfmag_from_gaia 17.9069 17.6662 17.2633 -999.0 63050394851421281 969539133 "" ops_std_boss_gdr2 ops_std standard_boss 0 0 0.0 0.0 -999 ""
FIBERMAP 938 R+12C15 METROLOGY 0 0 0 1 0 0 163.89539734883175 246.72417215100694 143.1 163.84916245723966 246.65457126204316 88.1451 91.423485 -999.0 -999.0 -999.0 -999.0 -999.0 181.02424653506603 58.21995749519041 181.02342181291533 58.06489238381047 60.46338853467681 24.315386927799125 -999.0 6231.0 -999.0 -1 -999 {-999.0 -999.0 -999.0 -999.0 -999.0} "" -999.0 -999.0 -999.0 -999.0 -999 -999 "" "" "" "" 0 0 0.0 0.0 -999 ""
FIBERMAP 940 R+12C5 APOGEE 0 0 0 1 0 0 -78.54511791036091 240.89454182249366 143.1 -78.5229603325984 240.82658547224554 148.22289 112.973274 -999.0 -999.0 -999.0 -999.0 -999.0 178.94485171374464 58.2022140150588 178.95362320468405 58.04733500388656 61.170050286930376 22.59924132838796 -999.0 16600.0 -999.0 2 -999 {-999.0 -999.0 -999.0 -999.0 -999.0} "" -999.0 -999.0 -999.0 -999.0 -999 -999 "" "" "" "" 0 0 0.0 0.0 -999 ""
FIBERMAP 940 R+12C5 BOSS 1 1 0 1 0 0 -78.42733606530035 241.62032865404043 143.1 -78.40521171379633 241.55216755932713 148.22289 112.973274 178.9459698601311 58.20561953443353 2.5109596 -8.173294 1.3682371 178.94594526500697 58.205570731525384 178.9545829381674 58.05060174859971 61.1671530641275 22.59593924079735 5400.0 5400.0 2016.0 1 157 {-999.0 20.560753 19.617186 18.743814 -999.0} sdss_psfmag 20.215149 19.292484 18.322975 16.161 63050394824213805 1092530255 dark_flexible_2x1 mwm_cb_galex_vol_boss mwm_cb science 0 0 0.0 0.0 -999 ""
FIBERMAP 940 R+12C5 METROLOGY 0 0 0 1 0 0 -77.84989587955782 241.16533382458718 143.1 -77.8279344239302 241.09730108391528 148.22289 112.973274 -999.0 -999.0 -999.0 -999.0 -999.0 178.95088605103345 58.20354533053613 178.95953739656727 58.04860155074006 61.1671360724049 22.602777196092063 -999.0 6231.0 -999.0 -1 -999 {-999.0 -999.0 -999.0 -999.0 -999.0} "" -999.0 -999.0 -999.0 -999.0 -999 -999 "" "" "" "" 0 0 0.0 0.0 -999 ""
FIBERMAP 941 R-13C14 APOGEE 0 0 0 1 0 0 150.13815413629507 -272.354538432164 143.1 150.09580016301322 -272.27770721687233 340.16138 47.37995 -999.0 -999.0 -999.0 -999.0 -999.0 180.82669663594248 55.87979320944926 180.82699283361035 55.72534520372999 62.26998175973884 27.427211777362913 -999.0 16600.0 -999.0 2 -999 {-999.0 -999.0 -999.0 -999.0 -999.0} "" -999.0 -999.0 -999.0 -999.0 -999 -999 "" "" "" "" 0 0 0.0 0.0 -999 ""
FIBERMAP 941 R-13C14 BOSS 1 1 0 1 0 0 149.48299027540614 -272.69971595753765 143.1 149.44082112384945 -272.62278736766604 340.16138 47.37995 180.82138229774208 55.878342392999755 0.038703617 0.08216828 -0.045875296 180.82147967645972 55.87840373901284 180.8216666792954 55.723878198683366 62.273109633260276 27.4247000851924 5400.0 5400.0 2016.0 1 257 {-999.0 18.12758 18.008942 17.945889 17.781103} sdss_psfmag 18.142467 18.019974 17.665558 -999.0 63050394851388158 1059898062 dark_10x4_4yr bhm_aqmes_med bhm_aqmes science 0 0 0.0 0.0 -999 ""
FIBERMAP 941 R-13C14 METROLOGY 0 0 0 1 0 0 149.509073988142 -271.9533898964425 143.1 149.46689747836996 -271.8766718451527 340.16138 47.37995 -999.0 -999.0 -999.0 -999.0 -999.0 180.8218136954234 55.88168309625914 180.82203630345532 55.72717886511565 62.270570123190105 27.420146593595575 -999.0 6231.0 -999.0 -1 -999 {-999.0 -999.0 -999.0 -999.0 -999.0} "" -999.0 -999.0 -999.0 -999.0 -999 -999 "" "" "" "" 0 0 0.0 0.0 -999 ""
FIBERMAP 942 R+1C24 APOGEE 0 0 0 1 0 0 225.15062122599215 23.022140234668445 143.1 225.0871062357443 23.015645688908247 137.18744 137.58846 -999.0 -999.0 -999.0 -999.0 -999.0 181.50379117835104 57.20415630744431 181.50104653729102 57.04939651745206 61.0487159878072 26.093271207403347 -999.0 16600.0 -999.0 2 59 {-999.0 -999.0 -999.0 -999.0 -999.0} "" -999.0 -999.0 -999.0 -999.0 -999 -999 "" ops_sky_apogee_best_unassigned ops_sky sky_apogee 0 0 0.0 0.0 -999 ""
FIBERMAP 942 R+1C24 BOSS 1 1 0 1 0 0 225.07019473904398 23.75635897889124 143.1 225.00670243710812 23.749657310023295 137.18744 137.58846 181.50350884936225 57.20759447931289 -999.0 -999.0 -999.0 181.50349975349812 57.20757840308836 181.50061456386868 57.052734931467384 61.04642779430735 26.08822619163533 5400.0 5400.0 2015.5 1 183 {-999.0 -999.0 -999.0 -999.0 -999.0} "" -999.0 -999.0 -999.0 -999.0 27021603105745594 807365797 "" ops_sky_boss_good ops_sky sky_boss 0 0 0.0 0.0 -999 ""
FIBERMAP 942 R+1C24 METROLOGY 0 0 0 1 0 0 225.75884496635032 23.45561672499351 143.1 225.69515839618532 23.448999895515392 137.18744 137.58846 -999.0 -999.0 -999.0 -999.0 -999.0 181.50907537987024 57.20610341174168 181.50620590292522 57.05128386351068 61.04542394397976 26.094870272631283 -999.0 6231.0 -999.0 -1 -999 {-999.0 -999.0 -999.0 -999.0 -999.0} "" -999.0 -999.0 -999.0 -999.0 -999 -999 "" "" "" "" 0 0 0.0 0.0 -999 ""
FIBERMAP 943 R-4C19 APOGEE 1 1 0 1 0 0 170.23327197407335 -87.17213376358383 143.1 170.18524916804947 -87.14754250464912 348.79102 91.71292 181.02757600800314 56.710220485712135 -999.0 -999.0 -999.0 181.0275921796192 56.71022151575862 181.02698326207633 56.55557644702387 61.5874648764138 26.39505514136664 16000.0 16600.0 2015.5 2 223 {-999.0 -999.0 -999.0 -999.0 -999.0} "" -999.0 -999.0 -999.0 -999.0 27021603105718130 829470297 "" ops_sky_apogee_best ops_sky sky_apogee 0 0 0.0 0.0 -999 ""
FIBERMAP 943 R-4C19 BOSS 0 0 0 1 0 0 170.11391154358736 -87.91003218328756 143.1 170.06592240914094 -87.88523276320865 348.79102 91.71292 -999.0 -999.0 -999.0 -999.0 -999.0 181.02668832118948 56.70694386512179 181.02594758840758 56.55221838778579 61.59031951316596 26.398960907979244 -999.0 5400.0 -999.0 1 291 {-999.0 -999.0 -999.0 -999.0 -999.0} "" -999.0 -999.0 -999.0 -999.0 -999 -999 "" "" "" "" 0 0 0.0 0.0 -999 ""
FIBERMAP 943 R-4C19 METROLOGY 0 0 0 1 0 0 169.53809071354286 -87.43882601229444 143.1 169.49026401815257 -87.41415951947637 348.79102 91.71292 -999.0 -999.0 -999.0 -999.0 -999.0 181.02199187072875 56.70910570781032 181.02130980143556 56.55440275770441 61.590448095071814 26.391898909911845 -999.0 6231.0 -999.0 -1 -999 {-999.0 -999.0 -999.0 -999.0 -999.0} "" -999.0 -999.0 -999.0 -999.0 -999 -999 "" "" "" "" 0 0 0.0 0.0 -999 ""
FIBERMAP 944 R-1C11 APOGEE 0 0 0 1 0 0 -54.69584156976353 -29.521559776630166 143.1 -54.6804118728567 -29.51323174461718 249.46907 142.25903 -999.0 -999.0 -999.0 -999.0 -999.0 179.1626227299979 56.978473206477304 179.1701219893231 56.823861925955974 62.05491490981303 24.393490563403248 -999.0 16600.0 -999.0 2 282 {-999.0 -999.0 -999.0 -999.0 -999.0} "" -999.0 -999.0 -999.0 -999.0 -999 -999 "" ops_sky_apogee_best_unassigned ops_sky sky_apogee 0 0 0.0 0.0 -999 ""
FIBERMAP 944 R-1C11 BOSS 1 1 0 1 0 0 -55.33779054731598 -29.88036210180115 143.1 -55.32217975660259 -29.871932851652232 249.46907 142.25903 179.157243652211 56.97697411280367 16.0838 -39.784992 7.8273125 179.15735462459716 56.976887869065955 179.16475083709497 56.822193729053254 62.05806939401654 24.390902123605542 5400.0 5400.0 2016.0 1 440 {-999.0 19.06611 18.875278 18.840288 -999.0} sdss_psfmag 19.12039 18.868391 18.421427 -999.0 63050394824151908 1092530105 dark_flexible_2x1 mwm_cb_galex_vol_boss mwm_cb science 0 0 0.0 0.0 -999 ""
FIBERMAP 944 R-1C11 METROLOGY 0 0 0 1 0 0 -55.34435686728268 -29.14325774096193 143.1 -55.32874422421042 -29.135036427953203 249.46907 142.25903 -999.0 -999.0 -999.0 -999.0 -999.0 179.1572302674274 56.98022308379044 179.16466335926532 56.82555189155025 62.055504226800075 24.386275913278098 -999.0 6231.0 -999.0 -1 -999 {-999.0 -999.0 -999.0 -999.0 -999.0} "" -999.0 -999.0 -999.0 -999.0 -999 -999 "" "" "" "" 0 0 0.0 0.0 -999 ""
FIBERMAP 948 R-8C9 APOGEE 0 0 0 1 0 0 -18.482996715841274 -133.708352515001 143.1 -18.477782662467735 -133.67063338875653 151.76424 25.125172 -999.0 -999.0 -999.0 -999.0 -999.0 179.46741423796814 56.50563179030171 179.47350508686884 56.35110451819172 62.31022453613136 25.318253130031735 -999.0 16600.0 -999.0 2 -999 {-999.0 -999.0 -999.0 -999.0 -999.0} "" -999.0 -999.0 -999.0 -999.0 -999 -999 "" "" "" "" 0 0 0.0 0.0 -999 ""
FIBERMAP 948 R-8C9 BOSS 1 1 0 1 0 0 -17.73575648349471 -133.74413232128936 143.1 -17.730753226590718 -133.70640310156153 151.76424 25.125172 179.47374451280555 56.50551475711984 -0.035007156 0.45097363 -0.120468594 179.47368485971938 56.50550169949116 179.47962325507058 56.350892394492746 62.30818558146331 25.32409926069323 5400.0 5400.0 2016.0 1 384 {-999.0 20.410557 20.114985 20.194283 20.001362} sdss_psfmag 19.83718 19.804716 19.415745 -999.0 63050394824150307 1059900578 dark_10x4_4yr bhm_aqmes_med_faint bhm_filler science 0 0 0.0 0.0 -999 ""
FIBERMAP 948 R-8C9 METROLOGY 0 0 0 1 0 0 -18.141053203861134 -134.3714789095341 143.1 -18.135935612752327 -134.33357271533373 151.76424 25.125172 -999.0 -999.0 -999.0 -999.0 -999.0 179.47032598994315 56.50264268859567 179.47631389363255 56.348057445299915 62.31153245697048 25.325057296121997 -999.0 6231.0 -999.0 -1 -999 {-999.0 -999.0 -999.0 -999.0 -999.0} "" -999.0 -999.0 -999.0 -999.0 -999 -999 "" "" "" "" 0 0 0.0 0.0 -999 ""
FIBERMAP 950 R-5C15 APOGEE 0 0 0 1 0 0 87.7130868416964 -94.54206714184022 143.1 87.68834297989835 -94.51539682469951 343.43414 145.09485 -999.0 -999.0 -999.0 -999.0 -999.0 180.34595550159094 56.68171255574701 180.34828930230594 56.52709049011673 61.85985803892299 25.850162198676514 -999.0 16600.0 -999.0 2 -999 {-999.0 -999.0 -999.0 -999.0 -999.0} "" -999.0 -999.0 -999.0 -999.0 -999 -999 "" "" "" "" 0 0 0.0 0.0 -999 ""
FIBERMAP 950 R-5C15 BOSS 1 1 0 1 0 0 88.18124739357151 -95.11150129913767 143.1 88.1563714636818 -95.08467034462119 343.43414 145.09485 180.34997641403547 56.67915750407571 -0.05113477 -0.110274665 -0.07740995 180.3499689288154 56.67914882582557 180.3521536539821 56.52444559670622 61.860416783136614 25.857266480885016 5400.0 5400.0 2016.0 1 315 {-999.0 19.171173 18.969418 18.95465 18.70401} sdss_psfmag 19.265558 19.121574 18.597622 -999.0 63050394851390977 1059898070 dark_10x4_4yr bhm_aqmes_med bhm_aqmes science 0 0 0.0 0.0 -999 ""
FIBERMAP 950 R-5C15 METROLOGY 0 0 0 1 0 0 87.45726396000396 -95.24293562715995 143.1 87.43259226584084 -95.21606759501954 343.43414 145.09485 -999.0 -999.0 -999.0 -999.0 -999.0 180.34392012874392 56.67856595314251 180.3461682679981 56.52388622759803 61.86302950472148 25.852825619819328 -999.0 6231.0 -999.0 -1 -999 {-999.0 -999.0 -999.0 -999.0 -999.0} "" -999.0 -999.0 -999.0 -999.0 -999 -999 "" "" "" "" 0 0 0.0 0.0 -999 ""
FIBERMAP 951 R+2C24 APOGEE 0 0 0 1 0 0 234.13634357506106 29.51514752606908 143.1 234.07029371253856 29.506821302951977 232.66695 101.18163 -999.0 -999.0 -999.0 -999.0 -999.0 181.57956346757973 57.23237950012584 181.5764803968442 57.07761429961306 61.000129336356736 26.115669521984387 -999.0 16600.0 -999.0 2 -999 {-999.0 -999.0 -999.0 -999.0 -999.0} "" -999.0 -999.0 -999.0 -999.0 -999 -999 "" "" "" "" 0 0 0.0 0.0 -999 ""
FIBERMAP 951 R+2C24 BOSS 1 1 0 1 0 0 233.46501955174463 29.833943274966753 143.1 233.3991590697291 29.825527119568886 232.66695 101.18163 181.57417470453512 57.23402676441755 0.013652568 0.04547322 -0.3367022 181.5742875280126 57.233999293165155 181.57108557353592 57.079150693624115 61.00100083748262 26.109082475932382 5400.0 5400.0 2016.0 1 185 {-999.0 18.604343 18.737593 18.730385 18.388857} sdss_psfmag 18.966322 18.925629 18.466576 -999.0 63050394851417498 1059898080 dark_10x4_4yr bhm_aqmes_med bhm_aqmes science 0 0 0.0 0.0 -999 ""
FIBERMAP 951 R+2C24 METROLOGY 0 0 0 1 0 0 234.07572609636475 30.258778820319336 143.1 234.00969333403296 30.250242818814126 232.66695 101.18163 -999.0 -999.0 -999.0 -999.0 -999.0 181.57937903031882 57.23581621933302 181.57619449270362 57.08099077982618 60.997762624377145 26.110692104826683 -999.0 6231.0 -999.0 -1 -999 {-999.0 -999.0 -999.0 -999.0 -999.0} "" -999.0 -999.0 -999.0 -999.0 -999 -999 "" "" "" "" 0 0 0.0 0.0 -999 ""
FIBERMAP 954 R+12C12 APOGEE 0 0 0 1 0 0 85.53153285122349 223.0995245135388 143.1 85.50740440580616 223.03658813767353 223.46051 139.87953 -999.0 -999.0 -999.0 -999.0 -999.0 180.35301410004905 58.122239686072156 180.35535762003371 57.96727662532158 60.767145620223424 23.89534649826635 -999.0 16600.0 -999.0 2 -999 {-999.0 -999.0 -999.0 -999.0 -999.0} "" -999.0 -999.0 -999.0 -999.0 -999 -999 "" "" "" "" 0 0 0.0 0.0 -999 ""
FIBERMAP 954 R+12C12 BOSS 1 1 0 1 0 0 84.79289336463005 223.05215159798672 143.1 84.76897328941189 222.98922858602094 223.46051 139.87953 180.34686667329163 58.12219862166006 0.30522037 0.20581765 0.17416291 180.34684721945194 58.122192354859116 180.3490804527454 57.96714192083534 60.76938676233974 23.890297006961305 5400.0 5400.0 2016.0 1 101 {-999.0 19.1544 19.301594 18.969473 19.022326} sdss_psfmag 19.68225 19.555431 19.099957 -999.0 63050394851420964 1059898090 dark_10x4_4yr bhm_aqmes_med bhm_aqmes science 0 0 0.0 0.0 -999 ""
FIBERMAP 954 R+12C12 METROLOGY 0 0 0 1 0 0 85.11376481456895 223.7176926525282 143.1 85.08975422151477 223.65458189143092 223.46051 139.87953 -999.0 -999.0 -999.0 -999.0 -999.0 180.34958698979614 58.12512125321825 180.35184701743162 57.97009483843005 60.76618076896226 23.88871825362787 -999.0 6231.0 -999.0 -1 -999 {-999.0 -999.0 -999.0 -999.0 -999.0} "" -999.0 -999.0 -999.0 -999.0 -999 -999 "" "" "" "" 0 0 0.0 0.0 -999 ""
FIBERMAP 956 R+10C8 APOGEE 0 0 0 1 0 0 -22.31610568654436 182.96474512174555 143.1 -22.30981031313019 182.91313076714673 254.1883 133.61165 -999.0 -999.0 -999.0 -999.0 -999.0 179.42859835544763 57.94434383304763 179.43511532447724 57.78948017807101 61.2147657118442 23.347164670736163 -999.0 16600.0 -999.0 2 -999 {-999.0 -999.0 -999.0 -999.0 -999.0} "" -999.0 -999.0 -999.0 -999.0 -999 -999 "" "" "" "" 0 0 0.0 0.0 -999 ""
FIBERMAP 956 R+10C8 BOSS 1 1 0 1 0 0 -22.967546134268037 182.60385689496422 143.1 -22.96106698950356 182.55234434693418 254.1883 133.61165 179.42318476986654 57.94285324771432 0.19413622 -0.7917489 -0.036953148 179.42315191878512 57.942846454433855 179.42956162564758 57.78789602297216 61.21785279742076 23.344422637258504 5400.0 5400.0 2016.0 1 120 {-999.0 20.557142 20.481985 20.296988 20.073622} sdss_psfmag 20.426003 20.529438 19.821178 -999.0 63050394824209529 1059900714 dark_10x4_4yr bhm_aqmes_med_faint bhm_filler science 0 0 0.0 0.0 -999 ""
FIBERMAP 956 R+10C8 METROLOGY 0 0 0 1 0 0 -22.95436712751278 183.3511184043166 143.1 -22.94789170054611 183.29939505381475 254.1883 133.61165 -999.0 -999.0 -999.0 -999.0 -999.0 179.4232163376335 57.94618115620617 179.42966365570828 57.791254738515015 61.215197073133325 23.34015067616508 -999.0 6231.0 -999.0 -1 -999 {-999.0 -999.0 -999.0 -999.0 -999.0} "" -999.0 -999.0 -999.0 -999.0 -999 -999 "" "" "" "" 0 0 0.0 0.0 -999 ""
FIBERMAP 962 R-1C12 APOGEE 0 0 0 1 0 0 -37.29841439939029 -9.735481350329254 143.1 -37.287892516688224 -9.732734971040326 84.787445 138.95116 -999.0 -999.0 -999.0 -999.0 -999.0 179.30715183622095 57.06901508721545 179.3140396748396 56.91436908003538 61.935046727034646 24.40033987339308 -999.0 16600.0 -999.0 2 -999 {-999.0 -999.0 -999.0 -999.0 -999.0} "" -999.0 -999.0 -999.0 -999.0 -999 -999 "" "" "" "" 0 0 0.0 0.0 -999 ""
FIBERMAP 962 R-1C12 BOSS 1 1 0 1 0 0 -36.77649576657223 -9.21177690740968 143.1 -36.766121117116484 -9.2091782651441 84.787445 138.95116 179.31160691583082 57.071471574094815 -999.0 -999.0 -999.0 179.31159210080938 57.071489936757715 179.31833403239398 56.91675893028068 61.93171146751259 24.400950745742648 5400.0 5400.0 2016.0 1 439 {-999.0 23.352936 21.474024 20.341688 -999.0} sdss_psfmag -999.0 -999.0 -999.0 -999.0 63050397935767285 1118041710 bright_1x1 openfibertargets_bhm_lofarradio_boss open_fiber science 0 0 0.0 0.0 -999 ""
FIBERMAP 962 R-1C12 METROLOGY 0 0 0 1 0 0 -36.578386984398435 -9.930987110274941 143.1 -36.56806822143014 -9.928185578811133 84.787445 138.95116 -999.0 -999.0 -999.0 -999.0 -999.0 179.3132506207228 57.068195362165234 179.32002064116466 56.913488805575334 61.933647812392294 24.406883487319078 -999.0 6231.0 -999.0 -1 -999 {-999.0 -999.0 -999.0 -999.0 -999.0} "" -999.0 -999.0 -999.0 -999.0 -999 -999 "" "" "" "" 0 0 0.0 0.0 -999 ""
FIBERMAP 963 R+9C11 APOGEE 0 0 0 1 0 0 53.340496112703875 179.82087422746054 143.1 53.32544875875048 179.77014675884098 72.29846 45.735718 -999.0 -999.0 -999.0 -999.0 -999.0 180.0755557309347 57.92934826504624 180.07914782496232 57.774443974636625 61.00931643151483 23.91749375318443 -999.0 16600.0 -999.0 2 28 {-999.0 -999.0 -999.0 -999.0 -999.0} "" -999.0 -999.0 -999.0 -999.0 -999 -999 "" ops_sky_apogee_best_unassigned ops_sky sky_apogee 0 0 0.0 0.0 -999 ""
FIBERMAP 963 R+9C11 BOSS 1 1 0 1 0 0 53.708132321126534 179.1763923484712 143.1 53.69298125699875 179.1258466881897 72.29846 45.735718 180.07888461192178 57.926559607501886 -999.0 -999.0 -999.0 180.0788371034227 57.92656560086735 180.08227846707155 57.77157478072546 61.01045517422608 23.92392741780276 5400.0 5400.0 2016.0 1 133 {-999.0 20.80645 19.81558 19.381916 19.027805} sdss_fiber2mag_from_lsdr10 1e+20 1e+20 1e+20 15.487 63050394851419098 1063014104 dark_flexible_2x2 bhm_colr_galaxies_lsdr10 bhm_filler science 0 0 0.0 0.0 -999 ""
FIBERMAP 963 R+9C11 METROLOGY 0 0 0 1 0 0 52.93677112226398 179.1882794235406 143.1 52.92183765913039 179.1377304099152 72.29846 45.735718 -999.0 -999.0 -999.0 -999.0 -999.0 180.072202289131 57.92661444215329 180.07571211633137 57.77164861806138 61.0126372569384 23.918274033466446 -999.0 6231.0 -999.0 -1 -999 {-999.0 -999.0 -999.0 -999.0 -999.0} "" -999.0 -999.0 -999.0 -999.0 -999 -999 "" "" "" "" 0 0 0.0 0.0 -999 ""
FIBERMAP 964 R+8C14 APOGEE 0 0 0 1 0 0 94.37942322127151 162.25969614431256 143.1 94.3527987859808 162.21392268403025 5.8645825 155.84514 -999.0 -999.0 -999.0 -999.0 -999.0 180.42463376759514 57.8479221956039 180.42664717425157 57.69302164129521 60.952232496837595 24.3182077731077 -999.0 16600.0 -999.0 2 -999 {-999.0 -999.0 -999.0 -999.0 -999.0} "" -999.0 -999.0 -999.0 -999.0 -999 -999 "" "" "" "" 0 0 0.0 0.0 -999 ""
FIBERMAP 964 R+8C14 BOSS 1 1 0 1 0 0 95.11763429233011 162.03012209234132 143.1 95.09080160769625 161.98441339489906 5.8645825 155.84514 180.43114590158652 57.84695708182998 -10.982906 6.6432586 3.399232 180.43109185044065 57.84696800608658 180.43293857861545 57.69198103796353 60.950846219636624 24.32487110344141 5400.0 5400.0 2016.0 1 161 {-999.0 20.30497 18.814285 17.479525 -999.0} sdss_psfmag 19.697159 18.18055 16.994537 14.772 63050394851419116 1118470806 dark_1x1 openfibertargets_mwm_snc_further_ext_boss open_fiber science 0 0 0.0 0.0 -999 ""
FIBERMAP 964 R+8C14 METROLOGY 0 0 0 1 0 0 94.54965989513487 161.53327928369896 143.1 94.52298743607845 161.48771074561304 5.8645825 155.84514 -999.0 -999.0 -999.0 -999.0 -999.0 180.42617046765187 57.84472954284737 180.42807835174915 57.68976777536456 60.954215274043236 24.32375019924814 -999.0 6231.0 -999.0 -1 -999 {-999.0 -999.0 -999.0 -999.0 -999.0} "" -999.0 -999.0 -999.0 -999.0 -999 -999 "" "" "" "" 0 0 0.0 0.0 -999 ""
FIBERMAP 965 R+5C15 APOGEE 0 0 0 1 0 0 89.29754740110107 109.85201015578119 143.1 89.27235656297923 109.82102090371625 76.95021 85.72121 -999.0 -999.0 -999.0 -999.0 -999.0 180.377494671071 57.611023268142596 180.3797149551924 57.45618068488323 61.148704587916015 24.59635120519357 -999.0 16600.0 -999.0 2 -999 {-999.0 -999.0 -999.0 -999.0 -999.0} "" -999.0 -999.0 -999.0 -999.0 -999 -999 "" "" "" "" 0 0 0.0 0.0 -999 ""
FIBERMAP 965 R+5C15 BOSS 1 1 0 1 0 0 90.0166632547731 109.64924210311143 143.1 89.99126955406894 109.61831005191415 76.95021 85.72121 180.3837615289528 57.610206592650144 -0.1525951 0.1599477 -0.101296514 180.38377757247213 57.61019043680816 180.38583364378246 57.45526235826649 61.14726014950777 24.602769156516104 5400.0 5400.0 2016.0 1 213 {-999.0 20.001467 19.704798 19.430643 19.204268} sdss_psfmag_from_gaiadr2 20.147806 19.765007 19.227488 -999.0 63050394851418539 1056005635 dark_flexible_2x2 bhm_gua_dark bhm_filler science 0 0 0.0 0.0 -999 ""
FIBERMAP 965 R+5C15 METROLOGY 0 0 0 1 0 0 89.48657828318302 109.13025583045217 143.1 89.46133411944933 109.0994701852824 76.95021 85.72121 -999.0 -999.0 -999.0 -999.0 -999.0 180.37919358883707 57.607834962734174 180.38130868307576 57.4529318390774 61.150613815746226 24.602081390311525 -999.0 6231.0 -999.0 -1 -999 {-999.0 -999.0 -999.0 -999.0 -999.0} "" -999.0 -999.0 -999.0 -999.0 -999 -999 "" "" "" "" 0 0 0.0 0.0 -999 ""
FIBERMAP 971 R+4C2 APOGEE 0 0 0 1 0 0 -211.03432530363156 73.67055882919517 143.1 -210.9747925204634 73.64977636454947 349.04587 112.33393 -999.0 -999.0 -999.0 -999.0 -999.0 177.8421970789526 57.43509985694899 177.85564295000404 57.28054906478052 62.13586519228388 22.589084783538283 -999.0 16600.0 -999.0 2 -999 {-999.0 -999.0 -999.0 -999.0 -999.0} "" -999.0 -999.0 -999.0 -999.0 -999 -999 "" "" "" "" 0 0 0.0 0.0 -999 ""
FIBERMAP 971 R+4C2 BOSS 1 1 0 1 0 0 -210.88466334398598 72.93717711566605 143.1 -210.82517278045665 72.91660153800171 349.04587 112.33393 177.8436263792508 57.43189537476863 0.32325026 -0.09218547 0.5330957 177.84363572009357 57.431898748581354 177.85695441738505 57.27726190866035 62.1380771514804 22.594504215349104 5400.0 5400.0 2016.0 1 72 {-999.0 20.865915 20.697826 20.449387 20.345793} sdss_psfmag 20.497032 20.426598 19.957193 -999.0 63050394824210603 1059900723 dark_10x4_4yr bhm_aqmes_med_faint bhm_filler science 0 0 0.0 0.0 -999 ""
FIBERMAP 971 R+4C2 METROLOGY 0 0 0 1 0 0 -211.58667327644108 73.16898760050974 143.1 -211.5269846759098 73.14834662910764 349.04587 112.33393 -999.0 -999.0 -999.0 -999.0 -999.0 177.83771959134506 57.43282771811361 177.85109871580232 57.27821612651593 62.13920359613923 22.587853118904775 -999.0 6231.0 -999.0 -1 -999 {-999.0 -999.0 -999.0 -999.0 -999.0} "" -999.0 -999.0 -999.0 -999.0 -999 -999 "" "" "" "" 0 0 0.0 0.0 -999 ""
FIBERMAP 973 R+9C14 APOGEE 1 0 1 1 0 0 101.32767552518371 182.17792753055556 143.1 101.29909098791806 182.1265351371992 11.567071 169.40787 180.40807579517255 57.93910098658421 -999.0 -999.0 -999.0 180.4853075604481 57.93726174983137 180.48704798341885 57.78233784360229 60.86330649271292 24.24971396149789 16000.0 16600.0 2015.5 2 39 {-999.0 -999.0 -999.0 -999.0 -999.0} "" -999.0 -999.0 -999.0 -999.0 27021603105747475 829474640 "" ops_sky_apogee_best ops_sky sky_apogee 0 0 0.0 0.0 -999 ""
FIBERMAP 973 R+9C14 BOSS 0 0 1 1 0 0 102.07648610653462 182.22138978537555 143.1 102.04769032980397 182.1699851313171 11.567071 169.40787 -999.0 -999.0 -999.0 -999.0 -999.0 180.49187708548553 57.93752861143506 180.4934494138207 57.78251768384979 60.860958467480756 24.25481395462043 -999.0 5400.0 -999.0 1 162 {-999.0 -999.0 -999.0 -999.0 -999.0} "" -999.0 -999.0 -999.0 -999.0 -999 -999 "" "" "" "" 0 0 0.0 0.0 -999 ""
FIBERMAP 973 R+9C14 METROLOGY 0 0 1 1 0 0 101.72926507571806 181.5532970305134 143.1 101.70056725004021 181.5020808454211 11.567071 169.40787 -999.0 -999.0 -999.0 -999.0 -999.0 180.48881899364005 57.93451272272623 180.4904443808016 57.77952720214893 60.86427441397484 24.25628692773938 -999.0 6231.0 -999.0 -1 -999 {-999.0 -999.0 -999.0 -999.0 -999.0} "" -999.0 -999.0 -999.0 -999.0 -999 -999 "" "" "" "" 0 0 0.0 0.0 -999 ""
FIBERMAP 975 R-1C21 APOGEE 0 0 0 1 0 0 152.04572972853722 -30.138734641674063 143.1 152.0028376281808 -30.130232504631646 256.07193 67.1069 -999.0 -999.0 -999.0 -999.0 -999.0 180.8874880752924 56.97046829864428 180.88746929835156 56.8157635310494 61.44714755521319 25.908318752388084 -999.0 16600.0 -999.0 2 -999 {-999.0 -999.0 -999.0 -999.0 -999.0} "" -999.0 -999.0 -999.0 -999.0 -999 -999 "" "" "" "" 0 0 0.0 0.0 -999 ""
FIBERMAP 975 R-1C21 BOSS 1 1 0 1 0 0 151.45289227677705 -29.731167347489098 143.1 151.41016741586577 -29.722780185180373 256.07193 67.1069 180.8815136566021 56.97238737216738 67.57766 12.566857 23.52965 180.8828733325911 56.97243723196001 180.88273826677244 56.817649668548015 61.447487430624875 25.901654224819936 5400.0 5400.0 2016.0 1 270 {-999.0 16.40452 14.941439 13.4660015 -999.0} sdss_psfmag_ps1 15.788397 14.70258 12.692113 10.26 63050394851391428 1132556572 bright_2x1 mwm_snc_100pc_boss mwm_snc science 0 0 1.9858942031860352 0.0 -999 ""
FIBERMAP 975 R-1C21 METROLOGY 0 0 0 1 0 0 152.1271811987323 -29.397096159315666 143.1 152.08426612091614 -29.388803238489125 256.07193 67.1069 -999.0 -999.0 -999.0 -999.0 -999.0 180.8884654575893 56.973880607250365 180.88834451363425 56.81911597253058 61.444341090826406 25.904353660952097 -999.0 6231.0 -999.0 -1 -999 {-999.0 -999.0 -999.0 -999.0 -999.0} "" -999.0 -999.0 -999.0 -999.0 -999 -999 "" "" "" "" 0 0 0.0 0.0 -999 ""
FIBERMAP 979 R+3C7 APOGEE 0 0 0 1 0 0 -121.03170012542239 37.90947319795252 143.1 -120.99755708281701 37.898778935563385 330.6092 50.817955 -999.0 -999.0 -999.0 -999.0 -999.0 178.6010888491554 57.282006476163374 178.61112837201506 57.12738508768545 62.008937636752435 23.481766990982408 -999.0 16600.0 -999.0 2 125 {-999.0 -999.0 -999.0 -999.0 -999.0} "" -999.0 -999.0 -999.0 -999.0 -999 -999 "" ops_sky_apogee_best_unassigned ops_sky sky_apogee 0 0 0.0 0.0 -999 ""
FIBERMAP 979 R+3C7 BOSS 1 1 0 1 0 0 -121.72123359545343 37.640780028506654 143.1 -121.68689603545616 37.630161564460614 330.6092 50.817955 178.59532804107815 57.280819518367295 -999.0 -999.0 -999.0 178.59536153501887 57.28083581775207 178.6053024530429 57.126129994082945 62.01187696812684 23.478116484166208 5400.0 5400.0 2016.0 1 43 {-999.0 21.45363 20.47244 20.053644 19.721283} sdss_fiber2mag_from_lsdr10 1e+20 1e+20 1e+20 15.859 63050398650758670 1067555566 dark_flexible_2x2 bhm_colr_galaxies_lsdr10 bhm_filler science 0 0 0.0 0.0 -999 ""
FIBERMAP 979 R+3C7 METROLOGY 0 0 0 1 0 0 -121.6172432082643 38.373676468706925 143.1 -121.58293498395525 38.362851254575105 330.6092 50.817955 -999.0 -999.0 -999.0 -999.0 -999.0 178.59612977078035 57.28414862516805 178.60610333162072 57.129466121359 62.00898373398687 23.474458046974007 -999.0 6231.0 -999.0 -1 -999 {-999.0 -999.0 -999.0 -999.0 -999.0} "" -999.0 -999.0 -999.0 -999.0 -999 -999 "" "" "" "" 0 0 0.0 0.0 -999 ""
FIBERMAP 983 R+6C5 APOGEE 1 1 0 1 0 0 -118.44265670174255 112.2195399877942 143.1 -118.40924402828699 112.18788285556366 12.535775 87.27226 178.61461126005364 57.61960552743797 -999.0 -999.0 -999.0 178.6146179960298 57.619617834632514 178.6247054048191 57.46491496950143 61.73821857406867 23.05385927243111 16000.0 16600.0 2015.5 2 150 {-999.0 -999.0 -999.0 -999.0 -999.0} "" -999.0 -999.0 -999.0 -999.0 27021603092665835 827605209 "" ops_sky_apogee_best ops_sky sky_apogee 0 0 0.0 0.0 -999 ""
FIBERMAP 983 R+6C5 BOSS 0 0 0 1 0 0 -118.29387014241183 111.48381964691119 143.1 -118.26049944164467 111.45237006138879 12.535775 87.27226 -999.0 -999.0 -999.0 -999.0 -999.0 178.61599959545032 57.61642064701364 178.62595481380004 57.461631562042584 61.740403048134965 23.059227418470698 -999.0 5400.0 -999.0 1 49 {-999.0 -999.0 -999.0 -999.0 -999.0} "" -999.0 -999.0 -999.0 -999.0 -999 -999 "" "" "" "" 0 0 0.0 0.0 -999 ""
FIBERMAP 983 R+6C5 METROLOGY 0 0 0 1 0 0 -119.00522674191062 111.72371860783763 143.1 -118.97165536744673 111.69220134681836 12.535775 87.27226 -999.0 -999.0 -999.0 -999.0 -999.0 178.60993680328525 57.61741934132809 178.61995481538645 57.46265535525166 61.741569465872985 23.052514318439762 -999.0 6231.0 -999.0 -1 -999 {-999.0 -999.0 -999.0 -999.0 -999.0} "" -999.0 -999.0 -999.0 -999.0 -999 -999 "" "" "" "" 0 0 0.0 0.0 -999 ""
FIBERMAP 985 R+9C10 APOGEE 0 0 0 1 0 0 22.078657795616373 156.96691000513462 143.1 22.07242940625223 156.9226296398222 2.8919632 43.033844 -999.0 -999.0 -999.0 -999.0 -999.0 179.80793998200707 57.82696352791799 179.81272871364126 57.672099436187956 61.1788504561905 23.82559230127646 -999.0 16600.0 -999.0 2 10 {-999.0 -999.0 -999.0 -999.0 -999.0} "" -999.0 -999.0 -999.0 -999.0 -999 -999 "" ops_sky_apogee_best_unassigned ops_sky sky_apogee 0 0 0.0 0.0 -999 ""
FIBERMAP 985 R+9C10 BOSS 1 1 0 1 0 0 21.568801777005408 156.43526748692244 143.1 21.562717218024115 156.3911370979644 2.8919632 43.033844 179.8037496628001 57.824706586691754 -999.0 -999.0 -999.0 179.803729407147 57.8247103561026 179.80840334783886 57.66976027458673 61.18212638429368 23.82496818395191 5400.0 5400.0 2015.5 1 126 {-999.0 -999.0 -999.0 -999.0 -999.0} "" -999.0 -999.0 -999.0 -999.0 27021603092666174 805496800 "" ops_sky_boss_good ops_sky sky_boss 0 0 0.0 0.0 -999 ""
FIBERMAP 985 R+9C10 METROLOGY 0 0 0 1 0 0 21.356737459932965 157.15630344735527 143.1 21.35071272429552 157.11196965415277 2.8919632 43.033844 -999.0 -999.0 -999.0 -999.0 -999.0 179.80189076947968 57.82793893840965 179.8066111937652 57.673012799557064 61.18022267974153 23.81914721326723 -999.0 6231.0 -999.0 -1 -999 {-999.0 -999.0 -999.0 -999.0 -999.0} "" -999.0 -999.0 -999.0 -999.0 -999 -999 "" "" "" "" 0 0 0.0 0.0 -999 ""
FIBERMAP 986 R+2C13 APOGEE 0 0 1 1 0 0 0.6037546406023361 46.39591006361643 143.1 0.6035843214182222 46.382821777387484 10.296026 169.75676 -999.0 -999.0 -999.0 -999.0 -999.0 179.62468678209345 57.325063418954095 179.63022457715078 57.17033102027958 61.628194443120705 24.33531177594125 -999.0 16600.0 -999.0 2 -999 {-999.0 -999.0 -999.0 -999.0 -999.0} "" -999.0 -999.0 -999.0 -999.0 -999 -999 "" "" "" "" 0 0 0.0 0.0 -999 ""
FIBERMAP 986 R+2C13 BOSS 1 0 1 1 0 0 1.3568761426733955 46.3970021945619 143.1 1.3564933679135474 46.38391360024281 10.296026 169.75676 179.57533021759141 57.327592604890626 -0.7899485 0.16560614 2.7463048 179.631171871141 57.32517924063736 179.63655096165633 57.17036149446139 61.625978637203715 24.340821252165597 5400.0 5400.0 2016.0 1 105 {-999.0 20.959578 20.76279 20.593876 20.467394} sdss_psfmag_from_gaiadr2 20.7314 20.768406 20.064693 -999.0 63050394824207942 1055794882 dark_flexible_2x2 bhm_gua_dark bhm_filler science 0 0 0.0 0.0 -999 ""
FIBERMAP 986 R+2C13 METROLOGY 0 0 1 1 0 0 0.9881144766333753 45.75643410866738 143.1 0.987835729539517 45.743526218605325 10.296026 169.75676 -999.0 -999.0 -999.0 -999.0 -999.0 179.62802334634415 57.32223391044 179.63345278945735 57.167441143071194 61.629298130327754 24.342031721564865 -999.0 6231.0 -999.0 -1 -999 {-999.0 -999.0 -999.0 -999.0 -999.0} "" -999.0 -999.0 -999.0 -999.0 -999 -999 "" "" "" "" 0 0 0.0 0.0 -999 ""
FIBERMAP 988 R+7C6 APOGEE 0 0 0 1 0 0 -104.7408102056314 145.78360588900085 143.1 -104.7112628230724 145.74248033377958 89.79907 135.52464 -999.0 -999.0 -999.0 -999.0 -999.0 178.72760018092816 57.77261710058954 178.73723023401465 57.617864476300014 61.580317316760706 22.957146519166145 -999.0 16600.0 -999.0 2 -999 {-999.0 -999.0 -999.0 -999.0 -999.0} "" -999.0 -999.0 -999.0 -999.0 -999 -999 "" "" "" "" 0 0 0.0 0.0 -999 ""
FIBERMAP 988 R+7C6 BOSS 1 1 0 1 0 0 -104.10239609576192 146.35300772728976 143.1 -104.07302880982331 146.3117215438099 89.79907 135.52464 178.73304100567 57.7754430830256 -2.556508 -29.78147 0.8991125 178.7330412353303 57.775370639356815 178.7425212804593 57.62052933416999 61.57647529914716 22.958423814267178 5400.0 5400.0 2016.0 1 67 {-999.0 19.941515 18.746407 18.191021 -999.0} sdss_psfmag 19.533857 18.683737 17.852793 15.832 63050394824212499 1136901073 dark_flexible_3x1 mwm_halo_local_low_boss_triple mwm_halo science 0 0 0.0 0.0 -999 ""
FIBERMAP 988 R+7C6 METROLOGY 0 0 0 1 0 0 -104.01627165771339 145.60554445832966 143.1 -103.98692866747875 145.56446913423798 89.79907 135.52464 -999.0 -999.0 -999.0 -999.0 -999.0 178.73381227316904 57.771963956586646 178.7433236686577 57.617148146606915 61.57888478483534 22.9634886590959 -999.0 6231.0 -999.0 -1 -999 {-999.0 -999.0 -999.0 -999.0 -999.0} "" -999.0 -999.0 -999.0 -999.0 -999 -999 "" "" "" "" 0 0 0.0 0.0 -999 ""
FIBERMAP 990 R+4C7 APOGEE 0 0 0 1 0 0 -107.37795952127291 90.03098381835538 143.1 -107.34766819889197 90.00558607782023 71.778824 113.37066 -999.0 -999.0 -999.0 -999.0 -999.0 178.71039032250422 57.51979720744958 178.72002044530927 57.36510649174331 61.78546403834133 23.269032519577195 -999.0 16600.0 -999.0 2 95 {-999.0 -999.0 -999.0 -999.0 -999.0} "" -999.0 -999.0 -999.0 -999.0 -999 -999 "" ops_sky_apogee_best_unassigned ops_sky sky_apogee 0 0 0.0 0.0 -999 ""
FIBERMAP 990 R+4C7 BOSS 1 1 0 1 0 0 -106.64014652553857 90.12536471811345 143.1 -106.61006334020372 90.09994035272646 71.778824 113.37066 178.71665576791582 57.52039187460023 0.5235227 -0.5784747 -0.39540115 178.7166577260615 57.52039926391759 178.72613497074747 57.36562133747371 61.78302710987022 23.273855464705207 5400.0 5400.0 2016.0 1 51 {-999.0 21.092325 20.305765 19.843033 19.342972} sdss_psfmag_from_gaiadr2 21.16188 20.541346 19.374165 -999.0 63050394824208877 1055794905 dark_flexible_2x2 bhm_gua_dark bhm_filler science 0 0 0.0 0.0 -999 ""
FIBERMAP 990 R+4C7 METROLOGY 0 0 0 1 0 0 -106.91908011947105 89.43764813207748 143.1 -106.88891824696935 89.41241777153942 71.778824 113.37066 -999.0 -999.0 -999.0 -999.0 -999.0 178.71434808174553 57.51722656949038 178.72387013247783 57.36247413879359 61.78625856367617 23.275921845320227 -999.0 6231.0 -999.0 -1 -999 {-999.0 -999.0 -999.0 -999.0 -999.0} "" -999.0 -999.0 -999.0 -999.0 -999 -999 "" "" "" "" 0 0 0.0 0.0 -999 ""
FIBERMAP 991 R-3C20 APOGEE 1 1 0 1 0 0 149.5822562409566 -55.656797963741035 143.1 149.54005908647105 -55.64109718103546 210.58264 70.29006 180.86288984013277 56.85473348540524 -999.0 -999.0 -999.0 180.86292158028044 56.85475544792163 180.86301620948666 56.700078300356424 61.54183136684098 26.05039865520746 16000.0 16600.0 2015.5 2 226 {-999.0 -999.0 -999.0 -999.0 -999.0} "" -999.0 -999.0 -999.0 -999.0 27021603105719039 839695802 "" ops_sky_apogee_best ops_sky sky_apogee 0 0 0.0 0.0 -999 ""
FIBERMAP 991 R-3C20 BOSS 0 0 0 1 0 0 149.43191115008875 -54.93381681700766 143.1 149.3897564079533 -54.91831998728358 210.58264 70.29006 -999.0 -999.0 -999.0 -999.0 -999.0 180.86203005929104 56.85811057973045 180.86199273056843 56.70335071390285 61.53978762657051 26.044907365021686 -999.0 5400.0 -999.0 1 290 {-999.0 -999.0 -999.0 -999.0 -999.0} "" -999.0 -999.0 -999.0 -999.0 -999 -999 "" "" "" "" 0 0 0.0 0.0 -999 ""
FIBERMAP 991 R-3C20 METROLOGY 0 0 0 1 0 0 150.1379600034513 -55.15806571790051 143.1 150.09560608493433 -55.1425056275615 210.58264 70.29006 -999.0 -999.0 -999.0 -999.0 -999.0 180.86777785138602 56.85702050571797 180.8677540398587 56.70228403564155 61.538449582000894 26.051324106932213 -999.0 6231.0 -999.0 -1 -999 {-999.0 -999.0 -999.0 -999.0 -999.0} "" -999.0 -999.0 -999.0 -999.0 -999 -999 "" "" "" "" 0 0 0.0 0.0 -999 ""
FIBERMAP 994 R+7C2 APOGEE 0 0 1 1 0 0 -189.80320999014563 143.3128446447738 143.1 -189.74966650460743 143.27241609129953 11.273153 169.31607 -999.0 -999.0 -999.0 -999.0 -999.0 178.00814305305803 57.75262966611855 178.02098919494313 57.597978051150164 61.82808202935253 22.337654115766895 -999.0 16600.0 -999.0 2 -999 {-999.0 -999.0 -999.0 -999.0 -999.0} "" -999.0 -999.0 -999.0 -999.0 -999 -999 "" "" "" "" 0 0 0.0 0.0 -999 ""
FIBERMAP 994 R+7C2 BOSS 1 0 1 1 0 0 -189.0491245302284 143.35044803401024 143.1 -188.99579377219843 143.31000887261985 11.273153 169.31607 178.0069266809618 57.75681127315211 0.16885608 -0.25113082 0.54477096 178.01456156004198 57.75300584558433 178.02725732806414 57.5982653645847 61.82584796963812 22.34300109753292 5400.0 5400.0 2016.0 1 70 {-999.0 19.162615 19.20363 19.06492 18.906498} sdss_psfmag 19.84006 19.693672 19.143105 -999.0 63050394824212684 1059897614 dark_10x4_4yr bhm_aqmes_med bhm_aqmes science 0 0 0.0 0.0 -999 ""
FIBERMAP 994 R+7C2 METROLOGY 0 0 1 1 0 0 -189.40969604103321 142.6789607813053 143.1 -189.35626356578004 142.6387110464689 11.273153 169.31607 -999.0 -999.0 -999.0 -999.0 -999.0 178.01160281685304 57.74990108615172 178.02434504984217 57.59518667904765 61.829249843315814 22.3442381076851 -999.0 6231.0 -999.0 -1 -999 {-999.0 -999.0 -999.0 -999.0 -999.0} "" -999.0 -999.0 -999.0 -999.0 -999 -999 "" "" "" "" 0 0 0.0 0.0 -999 ""
FIBERMAP 996 R-6C15 APOGEE 0 0 0 1 0 0 104.53954275084857 -124.92751147165552 143.1 104.51005214583856 -124.89226942066938 1.2294289 84.06155 -999.0 -999.0 -999.0 -999.0 -999.0 180.48130443671084 56.543197289368194 180.48305333792882 56.388602765405246 61.91331501756264 26.163969884474795 -999.0 16600.0 -999.0 2 183 {-999.0 -999.0 -999.0 -999.0 -999.0} "" -999.0 -999.0 -999.0 -999.0 -999 -999 "" ops_sky_apogee_best_unassigned ops_sky sky_apogee 0 0 0.0 0.0 -999 ""
FIBERMAP 996 R-6C15 BOSS 1 1 0 1 0 0 104.46022400136961 -125.66925788191678 143.1 104.43075577217883 -125.6338065842683 1.2294289 84.06155 180.4807658473545 56.53986035015111 -999.0 -999.0 -999.0 180.48075798277435 56.53987796716108 180.48237731589484 56.3852033115977 61.91608982535794 26.16821639265362 5400.0 5400.0 2016.0 1 316 {-999.0 20.634111 19.81378 19.417942 19.174652} sdss_fiber2mag_from_lsdr10 1e+20 1e+20 1e+20 -999.0 63050394851390924 1063012481 dark_flexible_2x2 bhm_colr_galaxies_lsdr10 bhm_filler science 0 0 0.0 0.0 -999 ""
FIBERMAP 996 R-6C15 METROLOGY 0 0 0 1 0 0 103.84746950191553 -125.22613653525339 143.1 103.81817413076904 -125.1908102421368 1.2294289 84.06155 -999.0 -999.0 -999.0 -999.0 -999.0 180.47572397001974 56.54189769826992 180.47740231060834 56.38724566444079 61.9164179383086 26.160966386989287 -999.0 6231.0 -999.0 -1 -999 {-999.0 -999.0 -999.0 -999.0 -999.0} "" -999.0 -999.0 -999.0 -999.0 -999 -999 "" "" "" "" 0 0 0.0 0.0 -999 ""
FIBERMAP 999 R0C27 APOGEE 0 0 0 1 0 0 277.6495175622464 2.973159812381054 143.1 277.5711926333421 2.9723210839979815 171.52705 112.99607 -999.0 -999.0 -999.0 -999.0 -999.0 181.93055515878962 57.106127546579444 181.92595456983247 56.95140152608857 60.9615998122434 26.57958234018315 -999.0 16600.0 -999.0 2 -999 {-999.0 -999.0 -999.0 -999.0 -999.0} "" -999.0 -999.0 -999.0 -999.0 -999 -999 "" "" "" "" 0 0 0.0 0.0 -999 ""
FIBERMAP 999 R0C27 BOSS 1 1 0 1 0 0 277.4459996494846 3.6782916144620375 143.1 277.36773213298346 3.677253968397598 171.52705 112.99607 181.9284912902961 57.10943962960179 -3.6020157 8.565935 9.944603 181.92922579108375 57.10942512542568 181.92448680135192 56.954616173091296 60.9598248182328 26.573819895724114 5400.0 5400.0 2016.0 1 174 {-999.0 17.871672 16.406134 15.049504 -999.0} sdss_psfmag 17.273762 15.751612 14.548687 12.323 63050394851417426 1077862144 bright_flexible_2x1 mwm_snc_ext_main_boss mwm_snc science 0 0 1.397883653640747 0.0 -999 ""
FIBERMAP 999 R0C27 METROLOGY 0 0 0 1 0 0 278.17227283005974 3.5055026628873636 143.1 278.0938004318944 3.504513760586163 171.52705 112.99607 -999.0 -999.0 -999.0 -999.0 -999.0 181.93506750926844 57.10851195870584 181.9303437390879 56.95372670154507 60.9582652832466 26.579846842267216 -999.0 6231.0 -999.0 -1 -999 {-999.0 -999.0 -999.0 -999.0 -999.0} "" -999.0 -999.0 -999.0 -999.0 -999 -999 "" "" "" "" 0 0 0.0 0.0 -999 ""
FIBERMAP 1004 R-13C1 APOGEE 0 0 0 1 0 0 -144.6837422838912 -263.6569046013153 143.1 -144.64292700019294 -263.5825269885273 259.85043 130.89665 -999.0 -999.0 -999.0 -999.0 -999.0 178.45475273799195 55.918385120866745 178.46498411240793 55.764102002894916 63.12183630339831 25.200114287595284 -999.0 16600.0 -999.0 2 199 {-999.0 -999.0 -999.0 -999.0 -999.0} "" -999.0 -999.0 -999.0 -999.0 -999 -999 "" ops_sky_apogee_best_unassigned ops_sky sky_apogee 0 0 0.0 0.0 -999 ""
FIBERMAP 1004 R-13C1 BOSS 1 1 0 1 0 0 -145.30866425357632 -264.0465237756564 143.1 -145.2676726793904 -263.9720362512993 259.85043 130.89665 178.45009440345433 55.916668518266675 -27.402308 22.054424 10.890998 178.4499694993908 55.91674020743284 178.46010327110196 55.76237822984814 63.12491345165634 25.197854939326078 5400.0 5400.0 2016.0 1 340 {-999.0 21.304422 19.693628 17.60309 -999.0} sdss_psfmag 20.667498 18.337942 16.948608 14.198 63050394824146156 1132413428 dark_2x1 mwm_snc_100pc_boss mwm_snc science 0 0 0.0 0.0 -999 ""
FIBERMAP 1004 R-13C1 METROLOGY 0 0 0 1 0 0 -145.34780136288046 -263.30385733621694 143.1 -145.306798748116 -263.2295793180624 259.85043 130.89665 -999.0 -999.0 -999.0 -999.0 -999.0 178.4494670128475 55.92000999862031 178.45963711281138 55.765669946366906 63.122540875361985 25.192774368648543 -999.0 6231.0 -999.0 -1 -999 {-999.0 -999.0 -999.0 -999.0 -999.0} "" -999.0 -999.0 -999.0 -999.0 -999 -999 "" "" "" "" 0 0 0.0 0.0 -999 ""
FIBERMAP 1009 R-13C2 APOGEE 0 0 0 1 0 0 -129.9940099219146 -270.57450431638745 143.1 -129.95733861171564 -270.4981752487198 297.5601 60.26624 -999.0 -999.0 -999.0 -999.0 -999.0 178.57383107412986 55.88820392681289 178.58355515147855 55.733912771017536 63.10250841342355 25.356332275385057 -999.0 16600.0 -999.0 2 190 {-999.0 -999.0 -999.0 -999.0 -999.0} "" -999.0 -999.0 -999.0 -999.0 -999 -999 "" ops_sky_apogee_best_unassigned ops_sky sky_apogee 0 0 0.0 0.0 -999 ""
FIBERMAP 1009 R-13C2 BOSS 1 1 0 1 0 0 -130.7332998381517 -270.5416870149779 143.1 -130.69641997426737 -270.465367205071 297.5601 60.26624 178.56805705084253 55.88840725342275 -999.0 -999.0 -999.0 178.56804088121564 55.88843253886606 178.57767154916746 55.7340623833414 63.10451187837736 25.350491136238986 5400.0 5400.0 2016.0 1 341 {-999.0 21.125368 21.029371 20.85746 21.09597} sdss_psfmag 1e+20 1e+20 1e+20 -999.0 63050397935687357 1167554441 dark_3x4 bhm_aqmes_wide3_faint bhm_filler science 0 0 0.0 0.0 -999 ""
FIBERMAP 1009 R-13C2 METROLOGY 0 0 0 1 0 0 -130.3301487597327 -269.9085896002899 143.1 -130.2933826247676 -269.83244838716365 297.5601 60.26624 -999.0 -999.0 -999.0 -999.0 -999.0 178.57111832341147 55.891228816936184 178.58077030555955 55.73688019747712 63.101229838483945 25.34947317107958 -999.0 6231.0 -999.0 -1 -999 {-999.0 -999.0 -999.0 -999.0 -999.0} "" -999.0 -999.0 -999.0 -999.0 -999 -999 "" "" "" "" 0 0 0.0 0.0 -999 ""
FIBERMAP 1011 R+6C3 APOGEE 0 0 0 1 0 0 -189.7599685744094 103.6383399399577 143.1 -189.70643728727458 103.60910356426065 252.97023 91.72237 -999.0 -999.0 -999.0 -999.0 -999.0 178.01478021902224 57.573450599164275 178.02752091157174 57.418840422294394 61.969577712838955 22.571007853880076 -999.0 16600.0 -999.0 2 126 {-999.0 -999.0 -999.0 -999.0 -999.0} "" -999.0 -999.0 -999.0 -999.0 -999 -999 "" ops_sky_apogee_best_unassigned ops_sky sky_apogee 0 0 0.0 0.0 -999 ""
FIBERMAP 1011 R+6C3 BOSS 1 1 0 1 0 0 -190.47168110705206 103.83184653321965 143.1 -190.41794904581178 103.80255556931263 252.97023 91.72237 178.00880412217526 57.57433454179191 0.23673984 0.08934248 -0.07060994 178.00882859023955 57.57434312305597 178.02147510955706 57.41964657058397 61.97088340186323 22.5644338489044 5400.0 5400.0 2016.0 1 27 {-999.0 18.753796 18.716663 18.453491 18.323385} sdss_psfmag 18.809729 18.68106 18.230133 -999.0 63050394824212386 1059897612 dark_10x4_4yr bhm_aqmes_med bhm_aqmes science 0 0 0.0 0.0 -999 ""
FIBERMAP 1011 R+6C3 METROLOGY 0 0 0 1 0 0 -189.95177698084214 104.36750982137703 143.1 -189.89819158455586 104.33806774685642 252.97023 91.72237 -999.0 -999.0 -999.0 -999.0 -999.0 178.01308160854208 57.57680272425713 178.0257445209362 57.422129615903295 61.967517944363145 22.565183932531568 -999.0 6231.0 -999.0 -1 -999 {-999.0 -999.0 -999.0 -999.0 -999.0} "" -999.0 -999.0 -999.0 -999.0 -999 -999 "" "" "" "" 0 0 0.0 0.0 -999 ""
FIBERMAP 1012 R+1C12 APOGEE 0 0 0 1 0 0 -49.280450820141056 7.311889606578136 143.1 -49.2665488049647 7.309826922520121 265.5858 58.793686 -999.0 -999.0 -999.0 -999.0 -999.0 179.2059297136739 57.14635474480263 179.2132766228733 56.991699787714325 61.91015538689377 24.205845666502398 -999.0 16600.0 -999.0 2 -999 {-999.0 -999.0 -999.0 -999.0 -999.0} "" -999.0 -999.0 -999.0 -999.0 -999 -999 "" "" "" "" 0 0 0.0 0.0 -999 ""
FIBERMAP 1012 R+1C12 BOSS 1 1 0 1 0 0 -49.9069141231523 7.746557045192153 143.1 -49.89283538267816 7.744371741449705 265.5858 58.793686 179.20070412159015 57.148411918825445 -0.021963533 0.22790189 0.053650595 179.2007268156499 57.14840477914746 179.20797033457984 56.99366540637234 61.910462621095064 24.19845045977536 5400.0 5400.0 2016.0 1 22 {-999.0 19.91528 19.126757 18.52391 18.220621} sdss_psfmag 19.905512 19.280508 18.410082 16.143 63050394824207792 1059897598 dark_10x4_4yr bhm_aqmes_med bhm_aqmes science 0 0 0.0 0.0 -999 ""
FIBERMAP 1012 R+1C12 METROLOGY 0 0 0 1 0 0 -49.22231742942492 8.055719217037167 143.1 -49.20843181367808 8.053446698646042 265.5858 58.793686 -999.0 -999.0 -999.0 -999.0 -999.0 179.20642968973968 57.149807764359544 179.21368437639217 56.995091446792316 61.90738879591616 24.201652419141794 -999.0 6231.0 -999.0 -1 -999 {-999.0 -999.0 -999.0 -999.0 -999.0} "" -999.0 -999.0 -999.0 -999.0 -999 -999 "" "" "" "" 0 0 0.0 0.0 -999 ""
FIBERMAP 1013 R+10C15 APOGEE 1 1 0 1 0 0 139.2935368205919 172.56866233822842 143.1 139.25424211385481 172.51998071858281 356.0862 22.200628 180.80762046122712 57.89060460527575 -0.84603804 -0.75542724 -0.5389615 180.8074921225088 57.89063904609631 180.80777801654494 57.73571786636603 60.78720141685007 24.578306716080874 16000.0 16600.0 2016.0 2 68 {-999.0 16.832344 16.218912 15.867613 -999.0} sdss_psfmag 16.481646 18.342121 15.277693 13.254 63050394851420546 1055574308 bright_flexible_3x1 bhm_csc_apogee bhm_csc science 0 0 0.0 0.0 -999 ""
FIBERMAP 1013 R+10C15 BOSS 0 0 0 1 0 0 138.59932192260447 172.30948617469915 143.1 138.56022305389013 172.26087766864927 356.0862 22.200628 -999.0 -999.0 -999.0 -999.0 -999.0 180.8017602533318 57.889659375375246 180.80193193044352 57.734652245050476 60.79005106565406 24.574905886588397 -999.0 5400.0 -999.0 1 228 {-999.0 -999.0 -999.0 -999.0 -999.0} "" -999.0 -999.0 -999.0 -999.0 -999 -999 "" "" "" "" 0 0 0.0 0.0 -999 ""
FIBERMAP 1013 R+10C15 METROLOGY 0 0 0 1 0 0 138.70963517904147 173.04342692674413 143.1 138.67050519095747 172.9946113760081 356.0862 22.200628 -999.0 -999.0 -999.0 -999.0 -999.0 180.80272263816755 57.89292298199933 180.80292950705416 57.737939502527986 60.78721846406489 24.571318007239995 -999.0 6231.0 -999.0 -1 -999 {-999.0 -999.0 -999.0 -999.0 -999.0} "" -999.0 -999.0 -999.0 -999.0 -999 -999 "" "" "" "" 0 0 0.0 0.0 -999 ""
FIBERMAP 1016 R+1C16 APOGEE 0 0 0 1 0 0 68.10858621901853 5.319349179371475 143.1 68.08937278684616 5.317848590967975 351.6994 69.99849 -999.0 -999.0 -999.0 -999.0 -999.0 180.191110707138 57.136730985111434 180.19413716165252 56.98200856681532 61.57361966696302 25.082917649011733 -999.0 16600.0 -999.0 2 51 {-999.0 -999.0 -999.0 -999.0 -999.0} "" -999.0 -999.0 -999.0 -999.0 -999 -999 "" "" "" "" 0 0 0.0 0.0 -999 ""
FIBERMAP 1016 R+1C16 BOSS 1 1 0 1 0 0 67.77159397282193 4.658791037196979 143.1 67.7524756061622 4.657476792245386 351.6994 69.99849 180.1884217816292 57.133812613116554 -999.0 -999.0 -999.0 180.18844038013648 57.133822005466435 180.1913456687049 56.979016784819905 61.576877561375824 25.08461241154498 5400.0 5400.0 2016.0 1 190 {-999.0 19.944445 19.068005 18.691088 18.378756} sdss_fiber2mag_from_lsdr10 1e+20 1e+20 1e+20 14.495 63050394851391661 1063012526 dark_flexible_2x2 bhm_colr_galaxies_lsdr10 bhm_filler science 0 0 0.0 0.0 -999 ""
FIBERMAP 1016 R+1C16 METROLOGY 0 0 0 1 0 0 67.35536085784166 5.282668619309783 143.1 67.33635991054366 5.281178378492276 351.6994 69.99849 -999.0 -999.0 -999.0 -999.0 -999.0 180.18494314584078 57.13665428360263 180.18790154533588 56.981872246918996 61.57594539834435 25.077705885894318 -999.0 6231.0 -999.0 -1 -999 {-999.0 -999.0 -999.0 -999.0 -999.0} "" -999.0 -999.0 -999.0 -999.0 -999 -999 "" "" "" "" 0 0 0.0 0.0 -999 ""
FIBERMAP 1017 R+5C18 APOGEE 0 0 0 1 0 0 149.23153205679347 88.87878999067374 143.1 149.18943384160025 88.85371728401738 248.4221 153.96434 -999.0 -999.0 -999.0 -999.0 -999.0 180.88155418056328 57.5112835277683 180.88152926888267 57.35645110667215 61.046423273305564 25.153666541978566 -999.0 16600.0 -999.0 2 70 {-999.0 -999.0 -999.0 -999.0 -999.0} "" -999.0 -999.0 -999.0 -999.0 -999 -999 "" ops_sky_apogee_best_unassigned ops_sky sky_apogee 0 0 0.0 0.0 -999 ""
FIBERMAP 1017 R+5C18 BOSS 1 1 0 1 0 0 148.6112042327476 88.50952048890116 143.1 148.56928101203357 88.48455195317125 248.4221 153.96434 180.87702928413626 57.50986289351306 -95.214745 -24.93302 16.770008 180.87651403424383 57.50978050962061 180.87637286523238 57.35486388089786 61.04945501880334 25.15153523717862 5400.0 5400.0 2016.0 1 209 {-999.0 22.079468 20.386562 17.84391 -999.0} sdss_psfmag 21.125822 18.445786 16.959135 13.825 63050394851418643 1132432568 dark_2x1 mwm_snc_100pc_boss mwm_snc science 0 0 0.0 0.0 -999 ""
FIBERMAP 1017 R+5C18 METROLOGY 0 0 0 1 0 0 148.5846296887612 89.24999703706669 143.1 148.542713964726 89.22481961290254 248.4221 153.96434 -999.0 -999.0 -999.0 -999.0 -999.0 180.8763316688933 57.513111450253746 180.87623042943676 57.35821801122528 61.046993446239554 25.146825952576364 -999.0 6231.0 -999.0 -1 -999 {-999.0 -999.0 -999.0 -999.0 -999.0} "" -999.0 -999.0 -999.0 -999.0 -999 -999 "" "" "" "" 0 0 0.0 0.0 -999 ""
FIBERMAP 1018 R-1C8 APOGEE 0 0 0 1 0 0 -110.21882097429798 -11.097341737674391 143.1 -110.18772824490114 -11.094211177570193 51.963425 97.13376 -999.0 -999.0 -999.0 -999.0 -999.0 178.69734779864777 57.059817308813194 178.7068968665086 56.905236718550945 62.150874169950654 23.863341495676593 -999.0 16600.0 -999.0 2 -999 {-999.0 -999.0 -999.0 -999.0 -999.0} "" -999.0 -999.0 -999.0 -999.0 -999 -999 "" "" "" "" 0 0 0.0 0.0 -999 ""
FIBERMAP 1018 R-1C8 BOSS 1 1 0 1 0 0 -109.57991391474594 -11.472177754297544 143.1 -109.5490014210306 -11.468941452953057 51.963425 97.13376 178.70279317976542 57.05819208084917 -0.22635157 -0.16629952 -0.44288862 178.7027539503102 57.05822919981616 178.71215577689748 56.90356393741437 62.150393287484334 23.870380552317783 5400.0 5400.0 2016.0 1 482 {-999.0 19.877737 19.754942 19.587086 19.590693} sdss_psfmag 19.94803 19.748138 19.256 -999.0 63050394824207391 1059900660 dark_10x4_4yr bhm_aqmes_med_faint bhm_filler science 0 0 0.0 0.0 -999 ""
FIBERMAP 1018 R-1C8 METROLOGY 0 0 0 1 0 0 -110.22674884447467 -11.843397452340703 143.1 -110.19565387862565 -11.840056429919398 51.963425 97.13376 -999.0 -999.0 -999.0 -999.0 -999.0 178.69737979132037 57.056478182961314 178.70683948672263 56.901837890165154 62.153552205522246 23.867822354177463 -999.0 6231.0 -999.0 -1 -999 {-999.0 -999.0 -999.0 -999.0 -999.0} "" -999.0 -999.0 -999.0 -999.0 -999 -999 "" "" "" "" 0 0 0.0 0.0 -999 ""
FIBERMAP 1019 R+3C24 APOGEE 0 0 0 1 0 0 270.27038707713484 62.4397379611531 143.1 270.19414380094037 62.42212371107426 22.337399 112.646355 -999.0 -999.0 -999.0 -999.0 -999.0 181.88562901744092 57.37582637403289 181.88116479223186 57.22103510774407 60.78249092368828 26.16250963990609 -999.0 16600.0 -999.0 2 84 {-999.0 -999.0 -999.0 -999.0 -999.0} "" -999.0 -999.0 -999.0 -999.0 -999 -999 "" ops_sky_apogee_best_unassigned ops_sky sky_apogee 0 0 0.0 0.0 -999 ""
FIBERMAP 1019 R+3C24 BOSS 1 1 0 1 0 0 270.79113315389554 61.915303144065014 143.1 270.71474297523287 61.897836837048075 22.337399 112.646355 181.88989986274095 57.37344835745412 -0.052051976 0.19155312 -0.17025408 181.88992732251324 57.373456334307654 181.88530007421684 57.218582535400735 60.7827446256787 26.169292981950832 5400.0 5400.0 2016.0 1 246 {-999.0 20.451576 19.948317 19.551104 19.40176} sdss_psfmag 19.610216 19.357443 18.81421 -999.0 63050394851417616 1059903078 dark_10x4_4yr bhm_aqmes_med_faint bhm_filler science 0 0 0.0 0.0 -999 ""
FIBERMAP 1019 R+3C24 METROLOGY 0 0 0 1 0 0 270.0754911131329 61.72027654748411 143.1 269.99930281708987 61.702865257470066 22.337399 112.646355 -999.0 -999.0 -999.0 -999.0 -999.0 181.8839406084486 57.37266986280179 181.87938104710645 57.21781963940781 60.78549543518214 26.165579233712037 -999.0 6231.0 -999.0 -1 -999 {-999.0 -999.0 -999.0 -999.0 -999.0} "" -999.0 -999.0 -999.0 -999.0 -999 -999 "" "" "" "" 0 0 0.0 0.0 -999 ""
FIBERMAP 1025 R-7C7 APOGEE 1 1 0 1 0 0 -63.258004215016555 -121.60116122292919 143.1 -63.2401591320275 -121.5668575353482 101.50323 44.96789 179.0977394768751 56.55969025853058 -999.0 -999.0 -999.0 179.09773559368267 56.55968678359588 179.1054208008636 56.40518024700259 62.40023865213722 24.90728282865075 16000.0 16600.0 2015.5 2 294 {-999.0 -999.0 -999.0 -999.0 -999.0} "" -999.0 -999.0 -999.0 -999.0 27021603092608954 827597010 "" ops_sky_apogee_best ops_sky sky_apogee 0 0 0.0 0.0 -999 ""
FIBERMAP 1025 R-7C7 BOSS 0 0 0 1 0 0 -62.63506397766996 -121.99719822197179 143.1 -62.61739462612186 -121.96278281235337 101.50323 44.96789 -999.0 -999.0 -999.0 -999.0 -999.0 179.10297925327674 56.5579404245369 179.11051803301325 56.40335173721035 62.39983811195788 24.914486345535124 -999.0 5400.0 -999.0 1 410 {-999.0 -999.0 -999.0 -999.0 -999.0} "" -999.0 -999.0 -999.0 -999.0 -999 -999 "" "" "" "" 0 0 0.0 0.0 -999 ""
FIBERMAP 1025 R-7C7 METROLOGY 0 0 0 1 0 0 -63.297009076132866 -122.3479816606194 143.1 -63.27915298987249 -122.31346729499295 101.50323 44.96789 -999.0 -999.0 -999.0 -999.0 -999.0 179.09752161124254 56.55631746877896 179.10511845681606 56.40175295408699 62.40297902611712 24.911740497259927 -999.0 6231.0 -999.0 -1 -999 {-999.0 -999.0 -999.0 -999.0 -999.0} "" -999.0 -999.0 -999.0 -999.0 -999 -999 "" "" "" "" 0 0 0.0 0.0 -999 ""
FIBERMAP 1028 R+9C8 APOGEE 0 0 0 1 0 0 -38.49552451184399 189.9139709678939 143.1 -38.4846649243792 189.86039623668387 130.17154 95.09083 -999.0 -999.0 -999.0 -999.0 -999.0 179.2900238079423 57.9752909723772 179.2971732469572 57.82043200672344 61.23638521484703 23.187698302621754 -999.0 16600.0 -999.0 2 2 {-999.0 -999.0 -999.0 -999.0 -999.0} "" -999.0 -999.0 -999.0 -999.0 -999 -999 "" ops_sky_apogee_best_unassigned ops_sky sky_apogee 0 0 0.0 0.0 -999 ""
FIBERMAP 1028 R+9C8 BOSS 1 1 0 1 0 0 -37.961074451730184 190.42417681913338 143.1 -37.95036563262735 190.3704581588527 130.17154 95.09083 179.2946835900447 57.977720252022756 -999.0 -999.0 -999.0 179.29469383811616 57.97774361088279 179.30169174310265 57.82279580903608 61.233037714084375 23.188561010573437 5400.0 5400.0 2015.5 1 124 {-999.0 -999.0 -999.0 -999.0 -999.0} "" -999.0 -999.0 -999.0 -999.0 27021603092669777 805497315 "" ops_sky_boss_good ops_sky sky_boss 0 0 0.0 0.0 -999 ""
FIBERMAP 1028 R+9C8 METROLOGY 0 0 0 1 0 0 -37.78300768987954 189.70279648939325 143.1 -37.77234910341023 189.6492813305036 130.17154 95.09083 -999.0 -999.0 -999.0 -999.0 -999.0 179.29620460292674 57.974464193899564 179.30323209767255 57.81954193735287 61.23507602457637 23.19410031370853 -999.0 6231.0 -999.0 -1 -999 {-999.0 -999.0 -999.0 -999.0 -999.0} "" -999.0 -999.0 -999.0 -999.0 -999 -999 "" "" "" "" 0 0 0.0 0.0 -999 ""
FIBERMAP 1032 R+2C8 APOGEE 0 0 0 1 0 0 -106.62991966446218 51.52996270428435 143.1 -106.59983936412483 51.515426101805474 74.88811 109.91368 -999.0 -999.0 -999.0 -999.0 -999.0 178.7205707758834 57.344924578726456 178.73010317430408 57.19027400790781 61.91961936887596 23.506965728586295 -999.0 16600.0 -999.0 2 -999 {-999.0 -999.0 -999.0 -999.0 -999.0} "" -999.0 -999.0 -999.0 -999.0 -999 -999 "" "" "" "" 0 0 0.0 0.0 -999 ""
FIBERMAP 1032 R+2C8 BOSS 1 1 0 1 0 0 -105.88075096901147 51.596692148348666 143.1 -105.85088200916312 51.58213672149362 74.88811 109.91368 178.7268740825034 57.34536988908986 -999.0 -999.0 -999.0 178.72690169484702 57.34538501508301 178.7362817623059 57.19064800423146 61.91725317274405 23.512059401993724 5400.0 5400.0 2016.0 1 44 {-999.0 20.868958 19.83926 19.405643 19.083906} sdss_fiber2mag_from_lsdr10 1e+20 1e+20 1e+20 16.087 63050394824208606 1062319627 dark_flexible_2x2 bhm_colr_galaxies_lsdr10 bhm_filler science 0 0 0.0 0.0 -999 ""
FIBERMAP 1032 R+2C8 METROLOGY 0 0 0 1 0 0 -106.19674252967384 50.92249291046052 143.1 -106.16678442860622 50.90812767521048 74.88811 109.91368 -999.0 -999.0 -999.0 -999.0 -999.0 178.724293924164 57.34227036928611 178.73371988168026 57.187558662458876 61.920538697514104 23.51380666513512 -999.0 6231.0 -999.0 -1 -999 {-999.0 -999.0 -999.0 -999.0 -999.0} "" -999.0 -999.0 -999.0 -999.0 -999 -999 "" "" "" "" 0 0 0.0 0.0 -999 ""
FIBERMAP 1034 R+13C2 APOGEE 0 0 0 1 0 0 -130.64733156974154 260.45577108682164 143.1 -130.6104759575057 260.38229651379805 115.20964 131.6762 -999.0 -999.0 -999.0 -999.0 -999.0 178.49731840304455 58.28486475613863 178.50815882890402 58.13001847620635 61.24667197062454 22.106084652824848 -999.0 16600.0 -999.0 2 113 {-999.0 -999.0 -999.0 -999.0 -999.0} "" -999.0 -999.0 -999.0 -999.0 -999 -999 "" ops_sky_apogee_best_unassigned ops_sky sky_apogee 0 0 0.0 0.0 -999 ""
FIBERMAP 1034 R+13C2 BOSS 1 1 0 1 0 0 -130.34496267993075 261.13972594806245 143.1 -130.30819236595875 261.06605843137254 115.20964 131.6762 178.5 58.28802453289238 -999.0 -999.0 -999.0 178.49999938993284 58.288010140665214 178.51070141151536 58.13307303748165 61.24342224777824 22.104512900146972 5400.0 5400.0 2015.5 1 95 {-999.0 -999.0 -999.0 -999.0 -999.0} "" -999.0 -999.0 -999.0 -999.0 27021603092670889 805497461 "" ops_sky_boss_good ops_sky sky_boss 0 0 0.0 0.0 -999 ""
FIBERMAP 1034 R+13C2 METROLOGY 0 0 0 1 0 0 -129.90266195743436 260.5493806145175 143.1 -129.86601641649617 260.47587963424616 115.20964 131.6762 -999.0 -999.0 -999.0 -999.0 -999.0 178.5037887279903 58.28541029189765 178.51450856756992 58.13049876411837 61.24427797990918 22.111064725917686 -999.0 6231.0 -999.0 -1 -999 {-999.0 -999.0 -999.0 -999.0 -999.0} "" -999.0 -999.0 -999.0 -999.0 -999 -999 "" "" "" "" 0 0 0.0 0.0 -999 ""
FIBERMAP 1036 R0C17 APOGEE 1 1 0 1 0 0 78.41100010077753 -15.979672448005715 143.1 78.3888803576491 -15.975164582408134 352.52042 60.354515 180.27582250784667 57.039296721476774 -21.384306 11.666947 3.591325 180.2757450104688 57.0393537946215 180.2783962844578 56.884650492915256 61.61696097825359 25.290104070129814 16000.0 16600.0 2016.0 2 47 {-999.0 11.452951 11.166142 11.089233 -999.0} sdss_psfmag_from_g3xp 11.419446 11.171641 10.764353 10.091 63050394851391593 1103524398 bright_1x1 mwm_tess_2min_apogee mwm_planet science 0 0 0.0 0.0 -999 ""
FIBERMAP 1036 R0C17 BOSS 0 0 0 1 0 0 77.96814797307337 -16.588883718958012 143.1 77.94615315853017 -16.584203994860896 352.52042 60.354515 -999.0 -999.0 -999.0 -999.0 -999.0 180.2722019734595 57.036673391566374 180.2747358192712 56.88188772908801 61.620357512335545 25.290755730357148 -999.0 5400.0 -999.0 1 181 {-999.0 -999.0 -999.0 -999.0 -999.0} "" -999.0 -999.0 -999.0 -999.0 -999 -999 "" "" "" "" 0 0 0.0 0.0 -999 ""
FIBERMAP 1036 R0C17 METROLOGY 0 0 0 1 0 0 77.66392307402566 -15.886360431522878 143.1 77.64201408132648 -15.881878889245145 352.52042 60.354515 -999.0 -999.0 -999.0 -999.0 -999.0 180.269664414939 57.039862404262045 180.27224711794202 56.88509965297479 61.618831239898896 25.28415771539676 -999.0 6231.0 -999.0 -1 -999 {-999.0 -999.0 -999.0 -999.0 -999.0} "" -999.0 -999.0 -999.0 -999.0 -999 -999 "" "" "" "" 0 0 0.0 0.0 -999 ""
FIBERMAP 1037 R+4C11 APOGEE 0 0 0 1 0 0 -13.293457006340104 88.58986019451925 143.1 -13.289706922118615 88.56486899495837 60.806614 105.17667 -999.0 -999.0 -999.0 -999.0 -999.0 179.50689788508257 57.51695034505601 179.5129880054143 57.36218165209752 61.520542637924265 23.976107871455497 -999.0 16600.0 -999.0 2 -999 {-999.0 -999.0 -999.0 -999.0 -999.0} "" -999.0 -999.0 -999.0 -999.0 -999 -999 "" "" "" "" 0 0 0.0 0.0 -999 ""
FIBERMAP 1037 R+4C11 BOSS 1 1 0 1 0 0 -12.567841741930154 88.43327462447776 143.1 -12.564296353774756 88.4083275977062 60.806614 105.17667 179.5131944229816 57.51636543475139 -0.30325127 -0.50040084 1.1667429 179.51316827932595 57.51637549330398 179.5191002158674 57.361520708239645 61.518965186775375 23.982334249614212 5400.0 5400.0 2016.0 1 113 {-999.0 20.96847 20.55532 20.439243 20.380388} sdss_psfmag 20.692852 20.672722 20.01281 -999.0 63050394824208324 1059900683 dark_10x4_4yr bhm_aqmes_med_faint bhm_filler science 0 0 0.0 0.0 -999 ""
FIBERMAP 1037 R+4C11 METROLOGY 0 0 0 1 0 0 -13.068710730503463 87.8784172298275 143.1 -13.06502404720639 87.85362672832697 60.806614 105.17667 -999.0 -999.0 -999.0 -999.0 -999.0 179.50889522299667 57.5138162021709 179.5148826500067 57.35898666328934 61.522366985334685 23.98201134210683 -999.0 6231.0 -999.0 -1 -999 {-999.0 -999.0 -999.0 -999.0 -999.0} "" -999.0 -999.0 -999.0 -999.0 -999 -999 "" "" "" "" 0 0 0.0 0.0 -999 ""
FIBERMAP 1039 R-1C4 APOGEE 0 0 0 1 0 0 -201.50819159265188 -19.40205238968776 143.1 -201.4513461318036 -19.39657907070863 348.90488 129.90974 -999.0 -999.0 -999.0 -999.0 -999.0 177.94016859296693 57.014365110636426 177.95300198578536 56.85989821965781 62.43987295007358 23.22456581540422 -999.0 16600.0 -999.0 2 -999 {-999.0 -999.0 -999.0 -999.0 -999.0} "" -999.0 -999.0 -999.0 -999.0 -999 -999 "" "" "" "" 0 0 0.0 0.0 -999 ""
FIBERMAP 1039 R-1C4 BOSS 1 1 0 1 0 0 -201.1405547260555 -20.05484163114732 143.1 -201.0838129755673 -20.049184160323172 348.90488 129.90974 177.94340598407175 57.011511736716635 -0.14407676 0.33959228 -0.5695859 177.9433735133625 57.01152283833415 177.9560734674975 56.85697137671228 62.44118119502898 23.23128856681751 5400.0 5400.0 2016.0 1 432 {-999.0 19.682798 19.604437 19.548702 19.38524} sdss_psfmag 19.688429 19.638586 19.191015 -999.0 63050394824206567 1059900642 dark_10x4_4yr bhm_aqmes_med_faint bhm_filler science 0 0 0.0 0.0 -999 ""
FIBERMAP 1039 R-1C4 METROLOGY 0 0 0 1 0 0 -201.89499732720557 -20.040051844411813 143.1 -201.83804274845957 -20.034398545786505 348.90488 129.90974 -999.0 -999.0 -999.0 -999.0 -999.0 177.93712276470777 57.011486042476704 177.94988346000935 56.856959564891305 62.44324344843148 23.225488457785673 -999.0 6231.0 -999.0 -1 -999 {-999.0 -999.0 -999.0 -999.0 -999.0} "" -999.0 -999.0 -999.0 -999.0 -999 -999 "" "" "" "" 0 0 0.0 0.0 -999 ""
FIBERMAP 1040 R+5C11 APOGEE 0 0 0 1 0 0 -18.88453921846841 110.5662011673461 143.1 -18.87921188995488 110.53501044199679 136.44174 97.343796 -999.0 -999.0 -999.0 -999.0 -999.0 179.45912534696336 57.61671526794693 179.46544559116842 57.46192682257063 61.459454089933374 23.8024199402023 -999.0 16600.0 -999.0 2 20 {-999.0 -999.0 -999.0 -999.0 -999.0} "" -999.0 -999.0 -999.0 -999.0 -999 -999 "" ops_sky_apogee_best_unassigned ops_sky sky_apogee 0 0 0.0 0.0 -999 ""
FIBERMAP 1040 R+5C11 BOSS 1 1 0 1 0 0 -18.432506730269974 111.16525647430242 143.1 -18.427306920121367 111.13389675545103 136.44174 97.343796 179.46313672922253 57.61960552743797 -999.0 -999.0 -999.0 179.46306968179616 57.61957821107028 179.46924247338325 57.4647025651521 61.456012137924894 23.80207010871004 5400.0 5400.0 2015.5 1 137 {-999.0 -999.0 -999.0 -999.0 -999.0} "" -999.0 -999.0 -999.0 -999.0 27021603092665954 805496754 "" ops_sky_boss_good ops_sky sky_boss 0 0 0.0 0.0 -999 ""
FIBERMAP 1040 R+5C11 METROLOGY 0 0 0 1 0 0 -18.137175567109125 110.48237597498624 143.1 -18.132059069881645 110.4512088967237 136.44174 97.343796 -999.0 -999.0 -999.0 -999.0 -999.0 179.4655560411129 57.616447839057166 179.47175412435843 57.46159716964806 61.45756866604399 23.808364475034182 -999.0 6231.0 -999.0 -1 -999 {-999.0 -999.0 -999.0 -999.0 -999.0} "" -999.0 -999.0 -999.0 -999.0 -999 -999 "" "" "" "" 0 0 0.0 0.0 -999 ""
FIBERMAP 1044 R+13C10 APOGEE 0 0 0 1 0 0 77.75473382681842 253.44579363587684 143.1 77.73279921640588 253.37429657749217 78.95631 17.988989 -999.0 -999.0 -999.0 -999.0 -999.0 180.28787361256605 58.25838134270412 180.29051887616743 58.103388536201365 60.68459583092354 23.663162717039427 -999.0 16600.0 -999.0 2 50 {-999.0 -999.0 -999.0 -999.0 -999.0} "" -999.0 -999.0 -999.0 -999.0 -999 -999 "" "" "" "" 0 0 0.0 0.0 -999 ""
FIBERMAP 1044 R+13C10 BOSS 1 1 0 1 0 0 77.8680693164559 252.70692763816908 143.1 77.84610273410173 252.63563901388235 78.95631 17.988989 180.28902368138705 58.25525079845344 -5.258514 -9.229289 0.3292404 180.28895753298235 58.2551770516625 180.29145907443387 58.10009672416893 60.68681122259679 23.668238150434547 5400.0 5400.0 2016.0 1 164 {-999.0 16.893307 16.42979 16.42902 -999.0} sdss_psfmag 16.863571 16.56732 16.096888 15.236 63050394851421126 976721911 "" ops_std_boss ops_std standard_boss 0 0 0.0 0.0 -999 ""
FIBERMAP 1044 R+13C10 METROLOGY 0 0 0 1 0 0 77.16807279081989 252.97652651198624 143.1 77.1463036774856 252.90516183385722 78.95631 17.988989 -999.0 -999.0 -999.0 -999.0 -999.0 180.28291939134445 58.25639487624076 180.28548792122365 58.101339517044366 60.68787035296495 23.661657708848225 -999.0 6231.0 -999.0 -1 -999 {-999.0 -999.0 -999.0 -999.0 -999.0} "" -999.0 -999.0 -999.0 -999.0 -999 -999 "" "" "" "" 0 0 0.0 0.0 -999 ""
FIBERMAP 1046 R+5C21 APOGEE 0 0 0 1 0 0 206.72025420880257 114.38105063867467 143.1 206.66193842509028 114.3487837442895 147.1348 71.63819 -999.0 -999.0 -999.0 -999.0 -999.0 181.36833351772418 57.62002386529538 181.36612623330825 57.46516411648948 60.79138275688668 25.404795176604637 -999.0 16600.0 -999.0 2 -999 {-999.0 -999.0 -999.0 -999.0 -999.0} "" -999.0 -999.0 -999.0 -999.0 -999 -999 "" "" "" "" 0 0 0.0 0.0 -999 ""
FIBERMAP 1046 R+5C21 BOSS 1 1 0 1 0 0 207.2790640045797 114.85907807094674 143.1 207.22059058062402 114.82667632502293 147.1348 71.63819 181.37235876132092 57.622282775086695 -15.152418 -20.430643 3.2406101 181.37329225822106 57.62220472296955 181.37092001883036 57.46725979660563 60.788099142309775 25.405832484887583 5400.0 5400.0 2016.0 1 237 {-999.0 14.655559 13.827918 13.542369 -999.0} sdss_psfmag_from_g3xp 14.408284 13.877024 13.197593 11.79 63050394851417884 943349259 bright_1x1 openfibertargets_nov2020_46 open_fiber science 0 0 1.9529011249542236 0.0 -999 ""
FIBERMAP 1046 R+5C21 METROLOGY 0 0 0 1 0 0 207.4215213517551 114.12632259795876 143.1 207.3630077405818 114.09412756235389 147.1348 71.63819 -999.0 -999.0 -999.0 -999.0 -999.0 181.3743063737897 57.618848669581325 181.3719704686123 57.46392856195956 60.790190508184736 25.411270248787275 -999.0 6231.0 -999.0 -1 -999 {-999.0 -999.0 -999.0 -999.0 -999.0} "" -999.0 -999.0 -999.0 -999.0 -999 -999 "" "" "" "" 0 0 0.0 0.0 -999 ""
FIBERMAP 1051 R-5C20 APOGEE 0 0 0 1 0 0 192.81678711613668 -110.95633131850539 143.1 192.7623935004912 -110.92503053744045 287.52444 110.3291 -999.0 -999.0 -999.0 -999.0 -999.0 181.20764611516606 56.6007598482876 181.20627118468065 56.44613987575161 61.600220252199804 26.70403587903303 -999.0 16600.0 -999.0 2 233 {-999.0 -999.0 -999.0 -999.0 -999.0} "" -999.0 -999.0 -999.0 -999.0 -999 -999 "" ops_sky_apogee_best_unassigned ops_sky sky_apogee 0 0 0.0 0.0 -999 ""
FIBERMAP 1051 R-5C20 BOSS 1 1 0 1 0 0 192.25433715561672 -111.44476379348407 143.1 192.20010220710515 -111.41332522561794 287.52444 110.3291 181.2031312281122 56.59864418339975 -0.22504209 -0.05737025 -0.364432 181.20314039479427 56.5986588441688 181.20164850049514 56.443958764275926 61.60355885528883 26.70325014096187 5400.0 5400.0 2016.0 1 278 {-999.0 18.73914 18.586689 18.571295 18.629395} sdss_psfmag 18.838657 18.743153 18.350155 -999.0 63050394851390353 1059898066 dark_10x4_4yr bhm_aqmes_med bhm_aqmes science 0 0 0.0 0.0 -999 ""
FIBERMAP 1051 R-5C20 METROLOGY 0 0 0 1 0 0 192.10707139496333 -110.71404209339536 143.1 192.05287799012282 -110.68280966212082 287.52444 110.3291 -999.0 -999.0 -999.0 -999.0 -999.0 181.202051371615 56.601955035920724 181.2006025096374 56.44727701142003 61.60153212959986 26.69759344141744 -999.0 6231.0 -999.0 -1 -999 {-999.0 -999.0 -999.0 -999.0 -999.0} "" -999.0 -999.0 -999.0 -999.0 -999 -999 "" "" "" "" 0 0 0.0 0.0 -999 ""
FIBERMAP 1054 R-2C7 APOGEE 0 0 0 1 0 0 -148.0318025246296 -27.274254494658365 143.1 -147.9900427531374 -27.26656042746542 172.13084 79.46446 -999.0 -999.0 -999.0 -999.0 -999.0 178.3846782256115 56.983614269394025 178.39556526662216 56.82909086834844 62.31613537441983 23.67814060439207 -999.0 16600.0 -999.0 2 255 {-999.0 -999.0 -999.0 -999.0 -999.0} "" -999.0 -999.0 -999.0 -999.0 -999 -999 "" ops_sky_apogee_best_unassigned ops_sky sky_apogee 0 0 0.0 0.0 -999 ""
FIBERMAP 1054 R-2C7 BOSS 1 1 0 1 0 0 -147.78381375295186 -26.573524630086958 143.1 -147.74212393909215 -26.56602823878881 172.13084 79.46446 178.3866357378983 56.98691205718087 0.16465767 0.28853324 0.113518596 178.38664548267502 56.986891113564404 178.39740418468182 56.832282344699905 62.31300333684146 23.6756048036126 5400.0 5400.0 2016.0 1 471 {-999.0 19.437763 19.22807 19.259197 19.429688} sdss_psfmag 19.43922 19.394295 18.925373 -999.0 63050394824207497 1060446427 dark_flexible_2x2 bhm_aqmes_bonus_faint bhm_filler science 0 0 0.0 0.0 -999 ""
FIBERMAP 1054 R-2C7 METROLOGY 0 0 0 1 0 0 -147.29962930558742 -27.14017836077266 143.1 -147.25807608016032 -27.132522116457086 172.13084 79.46446 -999.0 -999.0 -999.0 -999.0 -999.0 178.3907416813694 56.984332357049944 178.4015159260199 56.82974755623584 62.31360901946313 23.68278138317936 -999.0 6231.0 -999.0 -1 -999 {-999.0 -999.0 -999.0 -999.0 -999.0} "" -999.0 -999.0 -999.0 -999.0 -999 -999 "" "" "" "" 0 0 0.0 0.0 -999 ""
FIBERMAP 1056 R-6C9 APOGEE 0 0 0 1 0 0 -61.51308418087437 -109.96660354260987 143.1 -61.49573133982695 -109.93558196375051 189.9254 81.16053 -999.0 -999.0 -999.0 -999.0 -999.0 179.11127414751516 56.61251121346548 179.11891329181992 56.45799094680518 62.35487622321395 24.84678078300908 -999.0 16600.0 -999.0 2 -999 {-999.0 -999.0 -999.0 -999.0 -999.0} "" -999.0 -999.0 -999.0 -999.0 -999 -999 "" "" "" "" 0 0 0.0 0.0 -999 ""
FIBERMAP 1056 R-6C9 BOSS 1 1 0 1 0 0 -61.53522918113162 -109.22399675089842 143.1 -61.51787009297963 -109.193184661415 189.9254 81.16053 179.11110830105696 56.61591521743684 -0.22464302 -0.28339845 -0.018650647 179.11111348622492 56.61591477772013 179.11863025509365 56.461311453017146 62.352423251278864 24.84194585706075 5400.0 5400.0 2016.0 1 399 {-999.0 18.897005 18.622677 18.547441 18.422232} sdss_psfmag 18.66084 18.553238 18.053467 -999.0 63050394824150638 1059897578 dark_10x4_4yr bhm_aqmes_med bhm_aqmes science 0 0 0.0 0.0 -999 ""
FIBERMAP 1056 R-6C9 METROLOGY 0 0 0 1 0 0 -60.87612988802363 -109.57807914269296 143.1 -60.85895673178222 -109.54716716656681 189.9254 81.16053 -999.0 -999.0 -999.0 -999.0 -999.0 179.1165574039031 56.614312306405054 179.12408549835902 56.45973214576823 62.35171001948393 24.849115956468097 -999.0 6231.0 -999.0 -1 -999 {-999.0 -999.0 -999.0 -999.0 -999.0} "" -999.0 -999.0 -999.0 -999.0 -999 -999 "" "" "" "" 0 0 0.0 0.0 -999 ""
FIBERMAP 1058 R-4C23 APOGEE 0 0 0 1 0 0 247.53658329715256 -88.25437318675056 143.1 247.46675322700443 -88.22947662807458 256.24884 136.57391 -999.0 -999.0 -999.0 -999.0 -999.0 181.65932002747374 56.6979964324593 181.6559838767066 56.54335879451958 61.358970876653025 26.941697264624224 -999.0 16600.0 -999.0 2 221 {-999.0 -999.0 -999.0 -999.0 -999.0} "" -999.0 -999.0 -999.0 -999.0 -999 -999 "" ops_sky_apogee_best_unassigned ops_sky sky_apogee 0 0 0.0 0.0 -999 ""
FIBERMAP 1058 R-4C23 BOSS 1 1 0 1 0 0 246.92670750231352 -88.66410574169554 143.1 246.85704947812712 -88.6390935974658 256.24884 136.57391 181.65443721525736 56.69629588039598 -0.28602052 0.11024798 0.12648273 181.65440818528785 56.696291330707766 181.6509537558984 56.54157335428832 61.362177806433365 26.940089201935848 5400.0 5400.0 2016.0 1 252 {-999.0 19.359814 19.17229 19.078814 18.621775} sdss_psfmag 19.410547 19.307455 18.601234 -999.0 63050394851390234 1059898065 dark_10x4_4yr bhm_aqmes_med bhm_aqmes science 0 0 0.0 0.0 -999 ""
FIBERMAP 1058 R-4C23 METROLOGY 0 0 0 1 0 0 246.86464565082312 -87.91901782436469 143.1 246.79500513428505 -87.89421586943644 256.24884 136.57391 -999.0 -999.0 -999.0 -999.0 -999.0 181.65406919505264 56.699639184225894 181.65065523678982 56.54494325308431 61.35985546984319 26.934982766224323 -999.0 6231.0 -999.0 -1 -999 {-999.0 -999.0 -999.0 -999.0 -999.0} "" -999.0 -999.0 -999.0 -999.0 -999 -999 "" "" "" "" 0 0 0.0 0.0 -999 ""
FIBERMAP 1063 R0C13 APOGEE 1 1 0 1 0 0 -33.33796326817285 0.7276757221625297 143.1 -33.328558628734896 0.7274704448413077 156.0356 135.20879 179.33991791286903 57.11675749787034 1.7629448 -5.3608613 4.5731277 179.33995582414917 57.11674943051083 179.34670956869388 56.96208926773683 61.88689317803958 24.365049093070184 16000.0 16600.0 2016.0 2 292 {-999.0 8.462937 8.2739105 8.232743 -999.0} sdss_psfmag_from_g3xp 8.472427 8.268572 7.9100685 7.382 63050394824152039 974639333 "" ops_std_apogee ops_std standard_apogee 0 0 0.0 0.0 -999 ""
FIBERMAP 1063 R0C13 BOSS 0 0 0 1 0 0 -33.62796436853706 1.408943458741159 143.1 -33.618477919788695 1.4085459957914481 156.0356 135.20879 -999.0 -999.0 -999.0 -999.0 -999.0 179.33759213029208 57.11993163597127 179.3442294795267 56.96518672787696 61.88536377402882 24.358653324588374 -999.0 5400.0 -999.0 1 430 {-999.0 -999.0 -999.0 -999.0 -999.0} "" -999.0 -999.0 -999.0 -999.0 -999 -999 "" "" "" "" 0 0 0.0 0.0 -999 ""
FIBERMAP 1063 R0C13 METROLOGY 0 0 0 1 0 0 -32.88929269603832 1.3313753202505592 143.1 -32.880014626568766 1.3309997392727166 156.0356 135.20879 -999.0 -999.0 -999.0 -999.0 -999.0 179.34376166870985 57.119568546676994 179.35040799978833 56.96484704957066 61.88348275029449 24.364625969843814 -999.0 6231.0 -999.0 -1 -999 {-999.0 -999.0 -999.0 -999.0 -999.0} "" -999.0 -999.0 -999.0 -999.0 -999 -999 "" "" "" "" 0 0 0.0 0.0 -999 ""
FIBERMAP 1068 R-2C8 APOGEE 0 0 0 1 0 0 -126.38114700855039 -31.67304902443312 143.1 -126.34549488697928 -31.66411405730333 173.0259 95.06841 -999.0 -999.0 -999.0 -999.0 -999.0 178.5652643952563 56.96520215458119 178.57535973276265 56.810659856087824 62.269658687283936 23.868838292606767 -999.0 16600.0 -999.0 2 -999 {-999.0 -999.0 -999.0 -999.0 -999.0} "" -999.0 -999.0 -999.0 -999.0 -999 -999 "" "" "" "" 0 0 0.0 0.0 -999 ""
FIBERMAP 1068 R-2C8 BOSS 1 1 0 1 0 0 -126.35991110739357 -30.922728604497966 143.1 -126.32426497647018 -30.91400530275864 173.0259 95.06841 178.56538887696945 56.96872783006839 -999.0 -999.0 -999.0 178.56536286855683 56.968684983992574 178.57533694140227 56.8140577206668 62.26700464903331 23.864278690502886 5400.0 5400.0 2016.0 1 450 {-999.0 19.378672 18.585083 18.23037 17.952116} sdss_fiber2mag_from_lsdr10 1e+20 1e+20 1e+20 14.329 63050394824207275 1159012301 dark_flexible_3x1 bhm_colr_galaxies_lsdr10_d3 bhm_filler science 0 0 0.0 0.0 -999 ""
FIBERMAP 1068 R-2C8 METROLOGY 0 0 0 1 0 0 -125.7283321956788 -31.31180838357549 143.1 -125.6928642331664 -31.302975322430484 173.0259 95.06841 -999.0 -999.0 -999.0 -999.0 -999.0 178.57065256909146 56.966937018614196 178.58063761766778 56.812333359823775 62.26655187375236 23.871466009657865 -999.0 6231.0 -999.0 -1 -999 {-999.0 -999.0 -999.0 -999.0 -999.0} "" -999.0 -999.0 -999.0 -999.0 -999 -999 "" "" "" "" 0 0 0.0 0.0 -999 ""
FIBERMAP 1069 R+11C10 APOGEE 1 1 0 1 0 0 45.527142515061406 222.8699063132083 143.1 45.51429930815791 222.80703471263735 55.003586 98.72735 180.01020824826458 58.123251654947694 -999.0 -999.0 -999.0 180.01015541702333 58.12325196972712 180.0140597049234 57.96830511721259 60.881948165827325 23.608225968987824 16000.0 16600.0 2015.5 2 18 {-999.0 -999.0 -999.0 -999.0 -999.0} "" -999.0 -999.0 -999.0 -999.0 27021603105747601 829474637 "" ops_sky_apogee_best ops_sky sky_apogee 0 0 0.0 0.0 -999 ""
FIBERMAP 1069 R+11C10 BOSS 0 0 0 1 0 0 46.19808706152715 222.5568830180046 143.1 46.185054581167094 222.49409972130525 55.003586 98.72735 -999.0 -999.0 -999.0 -999.0 -999.0 180.01605239556153 58.12194902134512 180.01979350143642 57.9669142591063 60.88109147333043 23.614868891996423 -999.0 5400.0 -999.0 1 109 {-999.0 -999.0 -999.0 -999.0 -999.0} "" -999.0 -999.0 -999.0 -999.0 -999 -999 "" "" "" "" 0 0 0.0 0.0 -999 ""
FIBERMAP 1069 R+11C10 METROLOGY 0 0 0 1 0 0 45.597499659733856 222.11856205105846 143.1 45.584636605079844 222.05590240470386 55.003586 98.72735 -999.0 -999.0 -999.0 -999.0 -999.0 180.01084616038554 58.11997237218834 180.0146494276015 57.96496328214183 60.88433127993723 23.613083363302394 -999.0 6231.0 -999.0 -1 -999 {-999.0 -999.0 -999.0 -999.0 -999.0} "" -999.0 -999.0 -999.0 -999.0 -999 -999 "" "" "" "" 0 0 0.0 0.0 -999 ""
FIBERMAP 1070 R+9C13 APOGEE 0 0 0 1 0 0 89.3625785977708 162.53274305029305 143.1 89.33736941434837 162.48689256347856 336.5012 90.6936 -999.0 -999.0 -999.0 -999.0 -999.0 180.38193205915334 57.84948280248118 180.38413790032018 57.694583476865034 60.96575152364855 24.28045736158407 -999.0 16600.0 -999.0 2 55 {-999.0 -999.0 -999.0 -999.0 -999.0} "" -999.0 -999.0 -999.0 -999.0 -999 -999 "" ops_sky_apogee_best_unassigned ops_sky sky_apogee 0 0 0.0 0.0 -999 ""
FIBERMAP 1070 R+9C13 BOSS 1 1 0 1 0 0 89.06465623157486 161.85939519972044 143.1 89.03953109205193 161.81373466433462 336.5012 90.6936 180.3795073236381 57.84658788891987 1.7029765 1.7886091 -1.5027119 180.37953579717765 57.84659449884864 180.38161513403907 57.69160950623189 60.96889151191745 24.28230370235167 5400.0 5400.0 2016.0 1 152 {-999.0 21.026846 20.92112 20.784885 20.75721} sdss_psfmag_from_gaiadr2 20.905657 20.927902 20.611012 -999.0 63050394851419128 1056005654 dark_flexible_2x2 bhm_gua_dark bhm_filler science 0 0 0.0 0.0 -999 ""
FIBERMAP 1070 R+9C13 METROLOGY 0 0 0 1 0 0 88.62045162353346 162.46015185333295 143.1 88.59545179413045 162.41432184449513 336.5012 90.6936 -999.0 -999.0 -999.0 -999.0 -999.0 180.37574502245423 57.84930191500324 180.37788040055943 57.69434091341594 60.96809996143473 24.275526089190407 -999.0 6231.0 -999.0 -1 -999 {-999.0 -999.0 -999.0 -999.0 -999.0} "" -999.0 -999.0 -999.0 -999.0 -999 -999 "" "" "" "" 0 0 0.0 0.0 -999 ""
FIBERMAP 1078 R-3C9 APOGEE 0 0 0 1 0 0 -59.413331856236354 -57.879004881033346 143.1 -59.396571355319715 -57.862677213756406 46.184113 64.01279 -999.0 -999.0 -999.0 -999.0 -999.0 179.12507466262727 56.84927124919992 179.1327080144397 56.69469401198531 62.1676983781514 24.53505668158124 -999.0 16600.0 -999.0 2 245 {-999.0 -999.0 -999.0 -999.0 -999.0} "" -999.0 -999.0 -999.0 -999.0 -999 -999 "" ops_sky_apogee_best_unassigned ops_sky sky_apogee 0 0 0.0 0.0 -999 ""
FIBERMAP 1078 R-3C9 BOSS 1 1 0 1 0 0 -59.14503817392074 -58.56677654683634 143.1 -59.12835335865188 -58.550254859172476 46.184113 64.01279 179.12739595228646 56.84617374069859 7.7750645 -9.097672 5.5274663 179.1274220268291 56.84620349802243 179.1349196132761 56.69154353419371 62.1693573518677 24.541355573262308 5400.0 5400.0 2016.0 1 470 {-999.0 21.84387 20.195934 18.25525 -999.0} sdss_psfmag 20.883877 18.92859 17.580662 14.991 63050394824151637 1077838993 bright_flexible_2x1 mwm_snc_ext_main_boss mwm_snc science 0 0 0.0 0.0 -999 ""
FIBERMAP 1078 R-3C9 METROLOGY 0 0 0 1 0 0 -59.88025460984541 -58.43598081984615 143.1 -59.86336239001997 -58.41949602965688 46.184113 64.01279 -999.0 -999.0 -999.0 -999.0 -999.0 179.1212719468427 56.84675811054898 179.12883172842828 56.6921221969005 62.17103677146957 24.535040829975458 -999.0 6231.0 -999.0 -1 -999 {-999.0 -999.0 -999.0 -999.0 -999.0} "" -999.0 -999.0 -999.0 -999.0 -999 -999 "" "" "" "" 0 0 0.0 0.0 -999 ""
FIBERMAP 1081 R-1C22 APOGEE 1 1 0 1 0 0 200.34661084107245 -17.57843672639995 143.1 200.2900930621542 -17.573477849399435 345.15005 140.65887 181.289890698389 57.02301533423292 -999.0 -999.0 -999.0 181.28991100844806 57.02300944323713 181.28813038965075 56.868290321603425 61.260484489092335 26.17166765581686 16000.0 16600.0 2015.5 2 196 {-999.0 -999.0 -999.0 -999.0 -999.0} "" -999.0 -999.0 -999.0 -999.0 27021603105745444 829474339 "" ops_sky_apogee_best ops_sky sky_apogee 0 0 0.0 0.0 -999 ""
FIBERMAP 1081 R-1C22 BOSS 0 0 0 1 0 0 200.7832026264643 -18.181024739508516 143.1 200.72656168500336 -18.1758958724295 345.15005 140.65887 -999.0 -999.0 -999.0 -999.0 -999.0 181.29362238768115 57.02030671916722 181.2916868062208 56.86550598696901 61.261210373656304 26.178566817589797 -999.0 5400.0 -999.0 1 313 {-999.0 -999.0 -999.0 -999.0 -999.0} "" -999.0 -999.0 -999.0 -999.0 -999 -999 "" "" "" "" 0 0 0.0 0.0 -999 ""
FIBERMAP 1081 R-1C22 METROLOGY 0 0 0 1 0 0 200.03795754700948 -18.264106791845055 143.1 199.98152683918548 -18.258954487319077 345.15005 140.65887 -999.0 -999.0 -999.0 -999.0 -999.0 181.28738929859222 57.01998670507024 181.28552044155356 56.86520932970664 61.263715620497535 26.173836485493155 -999.0 6231.0 -999.0 -1 -999 {-999.0 -999.0 -999.0 -999.0 -999.0} "" -999.0 -999.0 -999.0 -999.0 -999 -999 "" "" "" "" 0 0 0.0 0.0 -999 ""
FIBERMAP 1083 R-3C10 APOGEE 0 0 0 1 0 0 -68.76677690595288 -54.37998847436425 143.1 -68.74737779818771 -54.36464787961563 162.87524 117.7082 -999.0 -999.0 -999.0 -999.0 -999.0 179.04701034373437 56.86487903735171 179.0549857182665 56.71030591498084 62.18272808043781 24.443197550212858 -999.0 16600.0 -999.0 2 -999 {-999.0 -999.0 -999.0 -999.0 -999.0} "" -999.0 -999.0 -999.0 -999.0 -999 -999 "" "" "" "" 0 0 0.0 0.0 -999 ""
FIBERMAP 1083 R-3C10 BOSS 1 1 0 1 0 0 -68.90936032475318 -53.64646743293857 143.1 -68.88992099420557 -53.63133376447574 162.87524 117.7082 179.0456240487289 56.868255798316916 -127.8014 8.328688 12.204183 179.04582953140826 56.86826678762547 179.05368635034256 56.7136096189478 62.180624992759974 24.437528087864905 5400.0 5400.0 2016.0 1 447 {-999.0 16.849247 15.44832 14.141096 -999.0} sdss_psfmag 16.278513 14.830147 13.653676 11.475 63050394824151869 1132520181 bright_2x1 mwm_snc_100pc_boss mwm_snc science 0 0 1.7132360935211182 0.0 -999 ""
FIBERMAP 1083 R-3C10 METROLOGY 0 0 0 1 0 0 -68.19926010767861 -53.89564699958812 143.1 -68.18002109640224 -53.88044303756954 162.87524 117.7082 -999.0 -999.0 -999.0 -999.0 -999.0 179.05173390047833 56.86713984063164 179.0596001033839 56.71250597029816 62.17942103797802 24.44440581876529 -999.0 6231.0 -999.0 -1 -999 {-999.0 -999.0 -999.0 -999.0 -999.0} "" -999.0 -999.0 -999.0 -999.0 -999 -999 "" "" "" "" 0 0 0.0 0.0 -999 ""
FIBERMAP 1085 R-2C13 APOGEE 0 0 0 1 0 0 -9.48533175470712 -21.833903781611674 143.1 -9.482655942619118 -21.827744437354884 165.71843 60.709408 -999.0 -999.0 -999.0 -999.0 -999.0 179.54028440296372 57.0142862952037 179.5461444270386 56.85963365146217 61.89607067571241 24.681776770570252 -999.0 16600.0 -999.0 2 -999 {-999.0 -999.0 -999.0 -999.0 -999.0} "" -999.0 -999.0 -999.0 -999.0 -999 -999 "" "" "" "" 0 0 0.0 0.0 -999 ""
FIBERMAP 1085 R-2C13 BOSS 1 1 0 1 0 0 -8.994400938295824 -21.280478019931287 143.1 -8.99186361779113 -21.274474797081865 165.71843 60.709408 179.54409990669942 57.01677967013643 -2.7691023 -4.368634 0.21133101 179.5445051816086 57.016881014916066 179.55021900802888 56.862143810664605 61.89271605281293 24.681978259122275 5400.0 5400.0 2016.0 1 355 {-999.0 18.132923 17.888136 17.803822 17.794453} sdss_psfmag_from_gaia 18.1009 17.8865 17.4783 -999.0 63050394824151802 969182952 "" ops_std_boss_gdr2 ops_std standard_boss 0 0 0.0 0.0 -999 ""
FIBERMAP 1085 R-2C13 METROLOGY 0 0 0 1 0 0 -8.75702333548072 -21.995856944580932 143.1 -8.754552979197783 -21.989651913336868 165.71843 60.709408 -999.0 -999.0 -999.0 -999.0 -999.0 179.54646383084258 57.013602380878424 179.55220491934517 56.85888950392981 61.89451269061453 24.68818178116595 -999.0 6231.0 -999.0 -1 -999 {-999.0 -999.0 -999.0 -999.0 -999.0} "" -999.0 -999.0 -999.0 -999.0 -999 -999 "" "" "" "" 0 0 0.0 0.0 -999 ""
FIBERMAP 1086 R-3C15 APOGEE 0 0 0 1 0 0 63.85485866564621 -67.92925160422628 143.1 63.836845210016634 -67.91008876234874 304.5881 122.26496 -999.0 -999.0 -999.0 -999.0 -999.0 180.1504983679557 56.803497677368775 180.15368246322225 56.64885571878482 61.839477345012924 25.50907749448936 -999.0 16600.0 -999.0 2 -999 {-999.0 -999.0 -999.0 -999.0 -999.0} "" -999.0 -999.0 -999.0 -999.0 -999 -999 "" "" "" "" 0 0 0.0 0.0 -999 ""
FIBERMAP 1086 R-3C15 BOSS 1 1 0 1 0 0 63.56969388175155 -68.62311626704036 143.1 63.55176087110751 -68.60375768594143 304.5881 122.26496 180.1474156800954 56.800375374374816 -53.257874 4.4626718 4.9020314 180.14826986192617 56.800399099087905 180.151332434217 56.645675716556575 61.84272106304057 25.511456115904537 5400.0 5400.0 2016.0 1 274 {-999.0 14.608051 13.534953 13.129135 -999.0} sdss_psfmag_from_g3xp 14.110571 13.6438 12.629361 10.856 63050394851391140 1077862115 bright_flexible_2x1 mwm_snc_ext_main_boss mwm_snc science 0 0 2.138854503631592 0.0 -999 ""
FIBERMAP 1086 R-3C15 METROLOGY 0 0 0 1 0 0 63.11658779372244 -68.03703889559559 143.1 63.09878260430583 -68.01784564692313 304.5881 122.26496 -999.0 -999.0 -999.0 -999.0 -999.0 180.14449895245104 56.803061521325326 180.1476151491828 56.648361001882854 61.842046566655135 25.504449389529782 -999.0 6231.0 -999.0 -1 -999 {-999.0 -999.0 -999.0 -999.0 -999.0} "" -999.0 -999.0 -999.0 -999.0 -999 -999 "" "" "" "" 0 0 0.0 0.0 -999 ""
FIBERMAP 1091 R+10C17 APOGEE 0 0 0 1 0 0 190.64006919180682 177.68094371397402 143.1 190.58628962828783 177.63081991975233 355.56924 55.26099 -999.0 -999.0 -999.0 -999.0 -999.0 181.24292786372098 57.90743155966476 181.24124553225 57.75250292208775 60.62201298506065 24.911081161764514 -999.0 16600.0 -999.0 2 49 {-999.0 -999.0 -999.0 -999.0 -999.0} "" -999.0 -999.0 -999.0 -999.0 -999 -999 "" ops_sky_apogee_best_unassigned ops_sky sky_apogee 0 0 0.0 0.0 -999 ""
FIBERMAP 1091 R+10C17 BOSS 1 1 0 1 0 0 190.19161150033665 177.0902534248498 143.1 190.13795844673243 177.04029626435866 355.56924 55.26099 181.23918334234722 57.90493467287421 -999.0 -999.0 -999.0 181.23922303243288 57.904936001845535 181.23741473443783 57.749921952719 60.625300196969185 24.91145698974276 5400.0 5400.0 2015.5 1 170 {-999.0 -999.0 -999.0 -999.0 -999.0} "" -999.0 -999.0 -999.0 -999.0 27021603105748169 807366212 "" ops_sky_boss_good ops_sky sky_boss 0 0 0.0 0.0 -999 ""
FIBERMAP 1091 R+10C17 METROLOGY 0 0 0 1 0 0 189.8960880595763 177.78321107659053 143.1 189.8425183731347 177.73305843274582 355.56924 55.26099 -999.0 -999.0 -999.0 -999.0 -999.0 181.23677604156777 57.908062737207864 181.2350189416212 57.753072299379966 60.62379225455304 24.90524506867547 -999.0 6231.0 -999.0 -1 -999 {-999.0 -999.0 -999.0 -999.0 -999.0} "" -999.0 -999.0 -999.0 -999.0 -999 -999 "" "" "" "" 0 0 0.0 0.0 -999 ""
FIBERMAP 1092 R-7C20 APOGEE 0 0 0 1 0 0 218.99062881646478 -156.04898000478548 143.1 218.92885156007566 -156.00495858752615 348.4558 40.250687 -999.0 -999.0 -999.0 -999.0 -999.0 181.40904300926857 56.39532946874753 181.40682990588596 56.240758836863264 61.67299693730591 27.171134297639355 -999.0 16600.0 -999.0 2 200 {-999.0 -999.0 -999.0 -999.0 -999.0} "" -999.0 -999.0 -999.0 -999.0 -999 -999 "" "" "" "" 0 0 0.0 0.0 -999 ""
FIBERMAP 1092 R-7C20 BOSS 1 1 0 1 0 0 218.30625389580268 -156.32984129015284 143.1 218.2446697015787 -156.2857406419249 348.4558 40.250687 181.4021839662666 56.394863843666194 82.79612 -245.85313 50.039104 181.40358068633375 56.394199431150575 181.4012541855717 56.23954941357746 61.67601213854976 27.168174699880467 5400.0 5400.0 2016.0 1 332 {-999.0 17.116877 15.553233 13.58822 -999.0} sdss_psfmag 16.423683 14.254209 12.901253 10.162 63050394851389839 1132562334 bright_2x1 mwm_snc_100pc_boss mwm_snc science 0 0 1.933311939239502 0.0 -999 ""
FIBERMAP 1092 R-7C20 METROLOGY 0 0 0 1 0 0 218.40186597156543 -155.5901396463858 143.1 218.34025480517485 -155.54624766799157 348.4558 40.250687 -999.0 -999.0 -999.0 -999.0 -999.0 181.40451227282648 56.39749553740868 181.402220118787 56.24286730347475 61.67324257843847 27.164161408548125 -999.0 6231.0 -999.0 -1 -999 {-999.0 -999.0 -999.0 -999.0 -999.0} "" -999.0 -999.0 -999.0 -999.0 -999 -999 "" "" "" "" 0 0 0.0 0.0 -999 ""
FIBERMAP 1094 R+1C19 APOGEE 0 0 0 1 0 0 115.76021432084141 11.956741511126143 143.1 115.72755836438151 11.953368514345856 201.03639 138.72298 -999.0 -999.0 -999.0 -999.0 -999.0 180.5909017169781 57.16448746866052 180.59217419768174 57.00974331617049 61.41004356331013 25.386676181118844 -999.0 16600.0 -999.0 2 -999 {-999.0 -999.0 -999.0 -999.0 -999.0} "" -999.0 -999.0 -999.0 -999.0 -999 -999 "" "" "" "" 0 0 0.0 0.0 -999 ""
FIBERMAP 1094 R+1C19 BOSS 1 1 0 1 0 0 115.06533424680258 12.212369534164283 143.1 115.03287431601156 12.208924424718695 201.03639 138.72298 180.58529670841062 57.16579414939726 0.07341595 -0.11599638 0.73494995 180.58534941680082 57.165783746470105 180.58651093245692 57.01095600922183 61.41117607359127 25.380168910637394 5400.0 5400.0 2016.0 1 232 {-999.0 20.43759 19.925325 19.830875 19.6789} sdss_psfmag 20.447401 20.080223 19.534937 -999.0 63050394851391514 1059903046 dark_10x4_4yr bhm_aqmes_med_faint bhm_filler science 0 0 0.0 0.0 -999 ""
FIBERMAP 1094 R+1C19 METROLOGY 0 0 0 1 0 0 115.62343240750974 12.690194092209017 143.1 115.59081503722759 12.686614188455605 201.03639 138.72298 -999.0 -999.0 -999.0 -999.0 -999.0 180.59001904617097 57.167896642430144 180.59119835508045 57.01309191449489 61.407885703873966 25.381211477628995 -999.0 6231.0 -999.0 -1 -999 {-999.0 -999.0 -999.0 -999.0 -999.0} "" -999.0 -999.0 -999.0 -999.0 -999 -999 "" "" "" "" 0 0 0.0 0.0 -999 ""
FIBERMAP 1095 R+5C8 APOGEE 0 0 0 1 0 0 -80.72271927918398 104.50706103447214 143.1 -80.69994740007532 104.47757959255432 38.377277 166.736 -999.0 -999.0 -999.0 -999.0 -999.0 178.9346732690551 57.58714592110168 178.9433250019939 57.43241408073508 61.6581975530344 23.380905409717002 -999.0 16600.0 -999.0 2 -999 {-999.0 -999.0 -999.0 -999.0 -999.0} "" -999.0 -999.0 -999.0 -999.0 -999 -999 "" "" "" "" 0 0 0.0 0.0 -999 ""
FIBERMAP 1095 R+5C8 BOSS 1 1 0 1 0 0 -80.05282174668221 104.83240782446087 143.1 -80.03023884566748 104.8028346022136 38.377277 166.736 178.94038638856307 57.588784372295905 -0.5512132 -0.09695415 0.7962793 178.94038947162014 57.588788732726734 178.9488892510575 57.4339694357082 61.65512029314538 23.383824406097858 5400.0 5400.0 2016.0 1 65 {-999.0 20.129208 20.124754 19.888063 19.797216} sdss_psfmag 20.394737 20.299746 19.85797 -999.0 63050394824208916 1059900702 dark_10x4_4yr bhm_aqmes_med_faint bhm_filler science 0 0 0.0 0.0 -999 ""
FIBERMAP 1095 R+5C8 METROLOGY 0 0 0 1 0 0 -80.10492283086901 104.08874353667748 143.1 -80.08232523213843 104.05938010212579 38.377277 166.736 -999.0 -999.0 -999.0 -999.0 -999.0 178.93997717365724 57.58537807636266 178.9485138670118 57.4305841420174 61.65790158894001 23.387911710369337 -999.0 6231.0 -999.0 -1 -999 {-999.0 -999.0 -999.0 -999.0 -999.0} "" -999.0 -999.0 -999.0 -999.0 -999 -999 "" "" "" "" 0 0 0.0 0.0 -999 ""
FIBERMAP 1096 R+1C25 APOGEE 0 0 0 1 0 0 237.7152238623366 12.968136843713904 143.1 237.64816439768504 12.964478532310292 254.96944 45.337006 -999.0 -999.0 -999.0 -999.0 -999.0 181.6052723008143 57.1569860377714 181.60208938007713 57.002239129379646 61.045763103395515 26.24279709243075 -999.0 16600.0 -999.0 2 -999 {-999.0 -999.0 -999.0 -999.0 -999.0} "" -999.0 -999.0 -999.0 -999.0 -999 -999 "" "" "" "" 0 0 0.0 0.0 -999 ""
FIBERMAP 1096 R+1C25 BOSS 1 1 0 1 0 0 237.3253377553359 13.599558323720572 143.1 237.25838827755513 13.59572188831745 254.96944 45.337006 181.60167400047231 57.159965932545084 -7.664115 -16.857763 0.84434015 181.60240543449916 57.15997989963647 181.5990929100043 57.005149638686056 61.04475033991693 26.236229801775607 5400.0 5400.0 2016.0 1 184 {-999.0 14.522603 15.083377 15.462753 -999.0} sdss_psfmag 14.667113 14.832521 15.155564 15.691 63050394851417099 1092201388 bright_flexible_2x1 mwm_cb_galex_mag_boss mwm_cb science 0 0 1.5753233432769775 0.0 -999 ""
FIBERMAP 1096 R+1C25 METROLOGY 0 0 0 1 0 0 238.06586096154737 13.626707724613485 143.1 237.99870258217013 13.622863630364373 254.96944 45.337006 -999.0 -999.0 -999.0 -999.0 -999.0 181.60846489667108 57.1599808846138 181.60516586480287 57.00517415095206 61.04247472372145 26.241186639018565 -999.0 6231.0 -999.0 -1 -999 {-999.0 -999.0 -999.0 -999.0 -999.0} "" -999.0 -999.0 -999.0 -999.0 -999 -999 "" "" "" "" 0 0 0.0 0.0 -999 ""
FIBERMAP 1098 R+5C1 APOGEE 0 0 0 1 0 0 -249.31727539337192 102.16187775032054 143.1 -249.24694298998347 102.13305788460718 173.34451 102.19023 -999.0 -999.0 -999.0 -999.0 -999.0 177.51778307615788 57.55816052783522 177.5327248326647 57.40363458441286 62.14004367294753 22.132675645741244 -999.0 16600.0 -999.0 2 122 {-999.0 -999.0 -999.0 -999.0 -999.0} "" -999.0 -999.0 -999.0 -999.0 -999 -999 "" ops_sky_apogee_best_unassigned ops_sky sky_apogee 0 0 0.0 0.0 -999 ""
FIBERMAP 1098 R+5C1 BOSS 1 1 0 1 0 0 -249.40148110388546 102.89980927579163 143.1 -249.33112494606607 102.87078123959493 173.34451 102.19023 177.517061421116 57.561622893157455 -999.0 -999.0 -999.0 177.51703840425594 57.56156305139996 177.53186730824552 57.40694908823457 62.1376344241382 22.127705543744753 5400.0 5400.0 2015.5 1 1 {-999.0 -999.0 -999.0 -999.0 -999.0} "" -999.0 -999.0 -999.0 -999.0 27021603092667705 805496988 "" ops_sky_boss_good ops_sky sky_boss 0 0 0.0 0.0 -999 ""
FIBERMAP 1098 R+5C1 METROLOGY 0 0 0 1 0 0 -248.70774312072584 102.60661705456495 143.1 -248.6375826663915 102.57767172789386 173.34451 102.19023 -999.0 -999.0 -999.0 -999.0 -999.0 177.5228337407655 57.56032910625061 177.5376696718846 57.405739186629326 62.13677490319833 22.13463713176526 -999.0 6231.0 -999.0 -1 -999 {-999.0 -999.0 -999.0 -999.0 -999.0} "" -999.0 -999.0 -999.0 -999.0 -999 -999 "" "" "" "" 0 0 0.0 0.0 -999 ""
FIBERMAP 1100 R-9C17 APOGEE 0 0 0 1 0 0 153.21579635078263 -169.4435849166567 143.1 153.17257417463208 -169.39578488135172 179.34392 97.5672 -999.0 -999.0 -999.0 -999.0 -999.0 180.87247654976028 56.33962336347816 180.87255745222114 56.18506705801841 61.91735902800072 26.794625869785875 -999.0 16600.0 -999.0 2 -999 {-999.0 -999.0 -999.0 -999.0 -999.0} "" -999.0 -999.0 -999.0 -999.0 -999 -999 "" "" "" "" 0 0 0.0 0.0 -999 ""
FIBERMAP 1100 R-9C17 BOSS 1 1 0 1 0 0 153.11791046592768 -168.69246750751418 143.1 153.07471590338525 -168.64487936243032 179.34392 97.5672 180.8721752818322 56.3431519354533 -31.452435 -25.083965 6.4995747 180.87200316026906 56.34306304752102 180.87195248893147 56.18842613126249 61.915128874125045 26.789242280287908 5400.0 5400.0 2016.0 1 269 {-999.0 19.901943 18.322062 16.619707 -999.0} sdss_psfmag 19.300657 17.344795 16.03478 13.542 63050394851390596 936474873 bright_1x1 openfibertargets_nov2020_34a open_fiber science 0 0 0.0 0.0 -999 ""
FIBERMAP 1100 R-9C17 METROLOGY 0 0 0 1 0 0 153.81038496803433 -168.9928895020511 143.1 153.76699505843484 -168.9452166079226 179.34392 97.5672 -999.0 -999.0 -999.0 -999.0 -999.0 180.87753057881184 56.34165443368708 180.87749421886542 56.18704039002308 61.914042917004224 26.79604304096472 -999.0 6231.0 -999.0 -1 -999 {-999.0 -999.0 -999.0 -999.0 -999.0} "" -999.0 -999.0 -999.0 -999.0 -999 -999 "" "" "" "" 0 0 0.0 0.0 -999 ""
FIBERMAP 1101 R-12C14 APOGEE 1 1 0 1 0 0 145.95488830169955 -236.89328355016693 143.1 145.91371442770966 -236.82645595487745 334.84253 123.58728 180.80048630662913 56.03758898733857 -999.0 -999.0 -999.0 180.80046817253427 56.0376036222881 180.80086803280233 55.88311921532792 62.16529106774077 27.172025524199228 16000.0 16600.0 2015.5 2 213 {-999.0 -999.0 -999.0 -999.0 -999.0} "" -999.0 -999.0 -999.0 -999.0 27021603105716474 839695677 "" ops_sky_apogee_best ops_sky sky_apogee 0 0 0.0 0.0 -999 ""
FIBERMAP 1101 R-12C14 BOSS 0 0 0 1 0 0 146.0989518638301 -237.61485772834055 143.1 146.05773734950932 -237.5478265769754 334.84253 123.58728 -999.0 -999.0 -999.0 -999.0 -999.0 180.80161082016525 56.034462595298095 180.80187434289473 55.87990029901703 62.16725072010405 27.177626845943564 -999.0 5400.0 -999.0 1 256 {-999.0 -999.0 -999.0 -999.0 -999.0} "" -999.0 -999.0 -999.0 -999.0 -999 -999 "" "" "" "" 0 0 0.0 0.0 -999 ""
FIBERMAP 1101 R-12C14 METROLOGY 0 0 0 1 0 0 145.38725642163368 -237.38869369121164 143.1 145.34624267659714 -237.32172634072137 334.84253 123.58728 -999.0 -999.0 -999.0 -999.0 -999.0 180.7958888926715 56.035479388956595 180.7962138081823 55.880939229964596 62.1686672849506 27.17114645329724 -999.0 6231.0 -999.0 -1 -999 {-999.0 -999.0 -999.0 -999.0 -999.0} "" -999.0 -999.0 -999.0 -999.0 -999 -999 "" "" "" "" 0 0 0.0 0.0 -999 ""
FIBERMAP 1103 R-2C9 APOGEE 0 0 0 1 0 0 -106.17264066407127 -41.14782576119163 143.1 -106.14268936213993 -41.1362179595444 212.12794 90.56613 -999.0 -999.0 -999.0 -999.0 -999.0 178.73453768995745 56.92336048404811 178.74388456352438 56.76880765577461 62.244788480144045 24.07989937779905 -999.0 16600.0 -999.0 2 258 {-999.0 -999.0 -999.0 -999.0 -999.0} "" -999.0 -999.0 -999.0 -999.0 -999 -999 "" ops_sky_apogee_best_unassigned ops_sky sky_apogee 0 0 0.0 0.0 -999 ""
FIBERMAP 1103 R-2C9 BOSS 1 1 0 1 0 0 -106.56177073161231 -40.53442215933453 143.1 -106.53170965608894 -40.522987398843384 212.12794 90.56613 178.73124140757542 56.926198560661476 -999.0 -999.0 -999.0 178.73126362129025 56.92619290968777 178.74050274722754 56.771555958647056 62.24380537993365 24.07310186493544 5400.0 5400.0 2016.0 1 449 {-999.0 21.589476 20.344215 19.846544 19.51101} sdss_fiber2mag_from_lsdr10 1e+20 1e+20 1e+20 -999.0 63050394824207266 1062319535 dark_flexible_2x2 bhm_colr_galaxies_lsdr10 bhm_filler science 0 0 0.0 0.0 -999 ""
FIBERMAP 1103 R-2C9 METROLOGY 0 0 0 1 0 0 -105.82002146135034 -40.49348282616459 143.1 -105.79016963329609 -40.48205961465933 212.12794 90.56613 -999.0 -999.0 -999.0 -999.0 -999.0 178.73741157353166 56.92640033665557 178.74665882518923 56.77178638268096 62.24151395213965 24.078440612475163 -999.0 6231.0 -999.0 -1 -999 {-999.0 -999.0 -999.0 -999.0 -999.0} "" -999.0 -999.0 -999.0 -999.0 -999 -999 "" "" "" "" 0 0 0.0 0.0 -999 ""
FIBERMAP 1104 R-13C7 APOGEE 1 1 0 1 0 0 -21.656219181245284 -246.82586201525714 143.1 -21.650109961814255 -246.75623243958265 140.41002 128.36859 179.44448548951544 55.99618949481629 6.256307 -4.217825 1.0618992 179.44448796869435 55.996180926372524 179.4505895847018 55.84177473217851 62.70433961985475 26.0177056689476 16000.0 16600.0 2016.0 2 299 {-999.0 13.217235 12.587974 12.364898 -999.0} sdss_psfmag_from_g3xp 13.06134 12.623024 12.021824 10.845 63050394824145541 1068764184 bright_12x2 mwm_bin_rv_long_apogee mwm_bin science 0 0 0.0 0.0 -999 ""
FIBERMAP 1104 R-13C7 BOSS 0 0 0 1 0 0 -21.637402051379453 -246.0822355919846 143.1 -21.63129814026076 -246.01281579332414 140.41002 128.36859 -999.0 -999.0 -999.0 -999.0 -999.0 179.44473785352776 55.99955851466036 179.4507156449464 55.84507202015282 62.70180704803709 26.013098997812676 -999.0 5400.0 -999.0 1 416 {-999.0 -999.0 -999.0 -999.0 -999.0} "" -999.0 -999.0 -999.0 -999.0 -999 -999 "" "" "" "" 0 0 0.0 0.0 -999 ""
FIBERMAP 1104 R-13C7 METROLOGY 0 0 0 1 0 0 -21.000467318581478 -246.46892882699652 143.1 -20.99454308675091 -246.39939994217443 140.41002 128.36859 -999.0 -999.0 -999.0 -999.0 -999.0 179.44987115374676 55.9978189546183 179.45586202415416 55.84335497759423 62.70120340921175 26.020308439493647 -999.0 6231.0 -999.0 -1 -999 {-999.0 -999.0 -999.0 -999.0 -999.0} "" -999.0 -999.0 -999.0 -999.0 -999 -999 "" "" "" "" 0 0 0.0 0.0 -999 ""
FIBERMAP 1105 R-7C6 APOGEE 0 0 0 1 0 0 -100.61878359785612 -147.83201561606865 143.1 -100.59039903900317 -147.79031220446336 263.31827 126.52705 -999.0 -999.0 -999.0 -999.0 -999.0 178.79316174940453 56.439594769791576 178.80211922292722 56.285148763063326 62.59988202649646 24.792624781137647 -999.0 16600.0 -999.0 2 -999 {-999.0 -999.0 -999.0 -999.0 -999.0} "" -999.0 -999.0 -999.0 -999.0 -999 -999 "" "" "" "" 0 0 0.0 0.0 -999 ""
FIBERMAP 1105 R-7C6 BOSS 1 1 0 1 0 0 -101.26317504706539 -148.21172721469367 143.1 -101.23460870538462 -148.1699166864464 263.31827 126.52705 178.78794040125044 56.43788189457144 -0.1093278 -0.26905352 -0.3142564 178.78799311678156 56.437887106527754 178.79685102085784 56.283360315527695 62.6031208382186 24.790185694839863 5400.0 5400.0 2016.0 1 437 {-999.0 19.549814 19.379456 19.359425 19.160486} sdss_psfmag 19.408888 19.243221 18.837423 -999.0 63050394824150146 1167494211 dark_3x4 bhm_aqmes_wide3_faint bhm_filler science 0 0 0.0 0.0 -999 ""
FIBERMAP 1105 R-7C6 METROLOGY 0 0 0 1 0 0 -101.26764150492866 -147.46371492785147 143.1 -101.23907390326012 -147.42211541387033 263.31827 126.52705 -999.0 -999.0 -999.0 -999.0 -999.0 178.78783925012456 56.441254142513735 178.796733064499 56.28674974356617 62.60054446520759 24.785397557882106 -999.0 6231.0 -999.0 -1 -999 {-999.0 -999.0 -999.0 -999.0 -999.0} "" -999.0 -999.0 -999.0 -999.0 -999 -999 "" "" "" "" 0 0 0.0 0.0 -999 ""
FIBERMAP 1106 R-10C9 APOGEE 0 0 0 1 0 0 16.71667089380641 -192.43835426702276 143.1 16.711955120947266 -192.38406740728405 34.401333 85.10581 -999.0 -999.0 -999.0 -999.0 -999.0 179.75628302804975 56.24025297238925 179.76110450688373 56.085766261792514 62.40625904258556 25.95312016144146 -999.0 16600.0 -999.0 2 -999 {-999.0 -999.0 -999.0 -999.0 -999.0} "" -999.0 -999.0 -999.0 -999.0 -999 -999 "" "" "" "" 0 0 0.0 0.0 -999 ""
FIBERMAP 1106 R-10C9 BOSS 1 1 0 1 0 0 17.110443927512044 -193.07442774464934 143.1 17.105617071280093 -193.0199614485826 34.401333 85.10581 179.75962620439518 56.23738799895538 0.04117535 -0.09393523 -0.054630656 179.759620082215 56.23741443319661 179.76430085267714 56.08284792576408 62.407276074920354 25.96017003632386 5400.0 5400.0 2016.0 1 371 {-999.0 18.888895 18.11316 17.782171 17.805979} sdss_psfmag 18.761877 18.308918 17.685604 16.076 63050394824146633 1059897569 dark_10x4_4yr bhm_aqmes_med bhm_aqmes science 0 0 0.0 0.0 -999 ""
FIBERMAP 1106 R-10C9 METROLOGY 0 0 0 1 0 0 16.354189876083588 -193.09048116594843 143.1 16.349576359119546 -193.03601034121152 34.401333 85.10581 -999.0 -999.0 -999.0 -999.0 -999.0 179.75340641111504 56.23733358961904 179.75814930947604 56.08279025768761 62.40958353464879 25.954681968577972 -999.0 6231.0 -999.0 -1 -999 {-999.0 -999.0 -999.0 -999.0 -999.0} "" -999.0 -999.0 -999.0 -999.0 -999 -999 "" "" "" "" 0 0 0.0 0.0 -999 ""
FIBERMAP 1107 R-13C5 APOGEE 0 0 0 1 0 0 -58.47785346350585 -268.8948381135127 143.1 -58.4613568610438 -268.8189828796809 287.32312 87.98099 -999.0 -999.0 -999.0 -999.0 -999.0 179.14840137394404 55.89740110129681 179.15572525194398 55.74304449076203 62.887485950229745 25.88492173872413 -999.0 16600.0 -999.0 2 283 {-999.0 -999.0 -999.0 -999.0 -999.0} "" -999.0 -999.0 -999.0 -999.0 -999 -999 "" ops_sky_apogee_best_unassigned ops_sky sky_apogee 0 0 0.0 0.0 -999 ""
FIBERMAP 1107 R-13C5 BOSS 1 1 0 1 0 0 -59.184843376973056 -269.11804179118855 143.1 -59.16814733265642 -269.04212359159925 287.32312 87.98099 179.1428873761927 55.89645847492227 0.99267805 -0.2969715 -0.17343757 179.14284789649665 55.89647878141588 179.15007367609178 55.74204363503728 62.890319280517026 25.88106138365407 5400.0 5400.0 2016.0 1 414 {-999.0 20.983831 20.894447 20.681877 20.317467} sdss_psfmag 21.159807 20.96266 20.097084 -999.0 63050394824145493 1167494136 dark_3x4 bhm_aqmes_wide3_faint bhm_filler science 0 0 0.0 0.0 -999 ""
FIBERMAP 1107 R-13C5 METROLOGY 0 0 0 1 0 0 -59.03301876707587 -268.39611587964123 143.1 -59.01636555248169 -268.3204013353516 287.32312 87.98099 -999.0 -999.0 -999.0 -999.0 -999.0 179.1439759905257 55.89966994283048 179.15123205224222 55.74525640371125 62.88745822749935 25.877549461882552 -999.0 6231.0 -999.0 -1 -999 {-999.0 -999.0 -999.0 -999.0 -999.0} "" -999.0 -999.0 -999.0 -999.0 -999 -999 "" "" "" "" 0 0 0.0 0.0 -999 ""
FIBERMAP 1108 R-9C7 APOGEE 0 0 0 1 0 0 -61.25373386282506 -191.78881995414014 143.1 -61.23645418450236 -191.73471632803108 286.1136 80.90937 -999.0 -999.0 -999.0 -999.0 -999.0 179.11961094207012 56.242502819718766 179.1271314182967 56.08806841445602 62.63537923306038 25.36908383943944 -999.0 16600.0 -999.0 2 178 {-999.0 -999.0 -999.0 -999.0 -999.0} "" -999.0 -999.0 -999.0 -999.0 -999 -999 "" ops_sky_apogee_best_unassigned ops_sky sky_apogee 0 0 0.0 0.0 -999 ""
FIBERMAP 1108 R-9C7 BOSS 1 1 0 1 0 0 -61.989880657487745 -191.895406449313 143.1 -61.972393312154274 -191.84127275515365 286.1136 80.90937 179.1137095043982 56.24204021719625 -999.0 -999.0 -999.0 179.11370988381702 56.242039863007555 179.12113292886954 56.08752541609923 62.63795477604138 25.364286654375746 5400.0 5400.0 2015.5 1 390 {-999.0 -999.0 -999.0 -999.0 -999.0} "" -999.0 -999.0 -999.0 -999.0 27021603092605184 805487984 "" ops_sky_boss_good ops_sky sky_boss 0 0 0.0 0.0 -999 ""
FIBERMAP 1108 R-9C7 METROLOGY 0 0 0 1 0 0 -61.70425131535163 -191.2027975325395 143.1 -61.68684454605557 -191.14885922335557 286.1136 80.90937 -999.0 -999.0 -999.0 -999.0 -999.0 179.1159550651968 56.24515124478231 179.12340393933323 56.09065871940887 62.63474400198439 25.361990544293008 -999.0 6231.0 -999.0 -1 -999 {-999.0 -999.0 -999.0 -999.0 -999.0} "" -999.0 -999.0 -999.0 -999.0 -999 -999 "" "" "" "" 0 0 0.0 0.0 -999 ""
FIBERMAP 1109 R+8C19 APOGEE 1 1 0 1 0 0 188.06524472132017 149.44106866426824 143.1 188.01219151578428 149.39891133879806 213.91756 106.23678 181.21723736709453 57.780743765826436 -8.870514 -1.8552393 2.0847552 181.21719783127307 57.78072363500234 181.21564702472335 57.62582504950128 60.72576836883872 25.062077532678984 16000.0 16600.0 2016.0 2 60 {-999.0 11.756447 11.540267 11.503023 -999.0} sdss_psfmag_from_g3xp 11.752837 11.542766 11.179845 10.596 63050394851419686 974734872 "" ops_std_apogee ops_std standard_apogee 0 0 0.0 0.0 -999 ""
FIBERMAP 1109 R+8C19 BOSS 0 0 0 1 0 0 187.47287281090854 149.90273829941546 143.1 187.41998671348858 149.8604507369412 213.91756 106.23678 -999.0 -999.0 -999.0 -999.0 -999.0 181.2124602070318 57.78298567534812 181.21078819553725 57.62800104069111 60.72587404958628 25.05514492656971 -999.0 5400.0 -999.0 1 168 {-999.0 -999.0 -999.0 -999.0 -999.0} "" -999.0 -999.0 -999.0 -999.0 -999 -999 "" "" "" "" 0 0 0.0 0.0 -999 ""
FIBERMAP 1109 R+8C19 METROLOGY 0 0 0 1 0 0 188.17292671026635 150.17977532615333 143.1 188.1198431276414 150.13740961153383 213.91756 106.23678 -999.0 -999.0 -999.0 -999.0 -999.0 181.21834862101505 57.78411277335455 181.21669026978634 57.629152109408764 60.72291265140114 25.058404480984905 -999.0 6231.0 -999.0 -1 -999 {-999.0 -999.0 -999.0 -999.0 -999.0} "" -999.0 -999.0 -999.0 -999.0 -999 -999 "" "" "" "" 0 0 0.0 0.0 -999 ""
FIBERMAP 1111 R+8C16 APOGEE 0 0 0 1 0 0 136.09920958390194 142.36104738794396 143.1 136.06081599687832 142.32088733647583 277.4733 119.131516 -999.0 -999.0 -999.0 -999.0 -999.0 180.77716434243234 57.754660338908394 180.77759328101922 57.599772026091614 60.90040605342307 24.736323532652023 -999.0 16600.0 -999.0 2 -999 {-999.0 -999.0 -999.0 -999.0 -999.0} "" -999.0 -999.0 -999.0 -999.0 -999 -999 "" "" "" "" 0 0 0.0 0.0 -999 ""
FIBERMAP 1111 R+8C16 BOSS 1 1 0 1 0 0 135.52005850896472 141.89956069252173 143.1 135.48182830045934 141.85953082645037 277.4733 119.131516 180.7723179388829 57.752754571775085 -1.0383375 -2.1659987 0.3119533 180.77241477806345 57.7527514868997 180.77272584410093 57.59777798285321 60.903622603207666 24.73497092124279 5400.0 5400.0 2016.0 1 202 {-999.0 16.739243 16.364744 16.238525 -999.0} sdss_psfmag 16.65506 16.385817 15.904608 15.021 63050394851418858 976721904 "" ops_std_boss ops_std standard_boss 0 0 0.0 0.0 -999 ""
FIBERMAP 1111 R+8C16 METROLOGY 0 0 0 1 0 0 135.4090282535564 142.6444405984382 143.1 135.37082936668605 142.6042006017454 277.4733 119.131516 -999.0 -999.0 -999.0 -999.0 -999.0 180.7715024230966 57.756096553169264 180.77185690531985 57.60114656038317 60.90138747391644 24.729700749005133 -999.0 6231.0 -999.0 -1 -999 {-999.0 -999.0 -999.0 -999.0 -999.0} "" -999.0 -999.0 -999.0 -999.0 -999 -999 "" "" "" "" 0 0 0.0 0.0 -999 ""
FIBERMAP 1112 R-6C10 APOGEE 0 0 0 1 0 0 -13.56782018311253 -115.54412055533233 143.1 -13.563992701038876 -115.51152555892368 323.52362 152.32883 -999.0 -999.0 -999.0 -999.0 -999.0 179.50760970156668 56.58804549171065 179.5135419592558 56.43349564419572 62.2331474251025 25.239621622069365 -999.0 16600.0 -999.0 2 -999 {-999.0 -999.0 -999.0 -999.0 -999.0} "" -999.0 -999.0 -999.0 -999.0 -999 -999 "" "" "" "" 0 0 0.0 0.0 -999 ""
FIBERMAP 1112 R-6C10 BOSS 1 1 0 1 0 0 -13.231291459321447 -116.21798582647317 143.1 -13.227558912000774 -116.18520073267153 323.52362 152.32883 179.51050920910077 56.58503117972757 -999.0 -999.0 -999.0 179.51051672263375 56.58501874800103 179.51630985672125 56.430387525384035 62.234520664219446 25.2464491576676 5400.0 5400.0 2015.5 1 367 {-999.0 -999.0 -999.0 -999.0 -999.0} "" -999.0 -999.0 -999.0 -999.0 27021603092608854 805488473 "" ops_sky_boss_good ops_sky sky_boss 0 0 0.0 0.0 -999 ""
FIBERMAP 1112 R-6C10 METROLOGY 0 0 0 1 0 0 -13.972030491443359 -116.17123777495789 143.1 -13.968088981641724 -116.13846586878158 323.52362 152.32883 -999.0 -999.0 -999.0 -999.0 -999.0 179.50436257406852 56.585212660334996 179.51021793640484 56.4306050757228 62.23653968102356 25.240642110794624 -999.0 6231.0 -999.0 -1 -999 {-999.0 -999.0 -999.0 -999.0 -999.0} "" -999.0 -999.0 -999.0 -999.0 -999 -999 "" "" "" "" 0 0 0.0 0.0 -999 ""
FIBERMAP 1113 R-3C16 APOGEE 0 0 0 1 0 0 81.43724533280616 -43.70120990207067 143.1 81.41427188589778 -43.6888817907573 91.71071 102.39028 -999.0 -999.0 -999.0 -999.0 -999.0 180.29864628949628 56.913066272575755 180.30119277078506 56.75839173946077 61.70373115728415 25.48509726790911 -999.0 16600.0 -999.0 2 235 {-999.0 -999.0 -999.0 -999.0 -999.0} "" -999.0 -999.0 -999.0 -999.0 -999 -999 "" ops_sky_apogee_best_unassigned ops_sky sky_apogee 0 0 0.0 0.0 -999 ""
FIBERMAP 1113 R-3C16 BOSS 1 1 0 1 0 0 82.15280060207871 -43.513036502412994 143.1 82.12962529702887 -43.50076147481567 91.71071 102.39028 180.30486897270302 56.91395932344558 -7.033011 -0.1841049 0.235213 180.30482895772474 56.91395300963841 180.30721612607908 56.75919539469813 61.70094798000316 25.4892102597409 5400.0 5400.0 2016.0 1 282 {-999.0 17.515701 17.102673 16.969736 -999.0} sdss_psfmag 17.454649 17.143661 16.677267 16.022 63050394851391556 976721734 "" ops_std_boss ops_std standard_boss 0 0 0.0 0.0 -999 ""
FIBERMAP 1113 R-3C16 METROLOGY 0 0 0 1 0 0 81.96454683294273 -44.2272211348934 143.1 81.94142463428116 -44.21474463581124 91.71071 102.39028 -999.0 -999.0 -999.0 -999.0 -999.0 180.3031465007214 56.91069207271008 180.30557842159942 56.75595871659527 61.70397180253475 25.492295123189024 -999.0 6231.0 -999.0 -1 -999 {-999.0 -999.0 -999.0 -999.0 -999.0} "" -999.0 -999.0 -999.0 -999.0 -999 -999 "" "" "" "" 0 0 0.0 0.0 -999 ""
FIBERMAP 1114 R-8C15 APOGEE 0 0 0 1 0 0 122.18909618552263 -137.02166706098444 143.1 122.1546266414887 -136.98301324870656 124.33133 38.307564 -999.0 -999.0 -999.0 -999.0 -999.0 180.62458753270369 56.487617557763585 180.62572235602568 56.33303174404073 61.90139108618922 26.36757185051556 -999.0 16600.0 -999.0 2 203 {-999.0 -999.0 -999.0 -999.0 -999.0} "" -999.0 -999.0 -999.0 -999.0 -999 -999 "" ops_sky_apogee_best_unassigned ops_sky sky_apogee 0 0 0.0 0.0 -999 ""
FIBERMAP 1114 R-8C15 BOSS 1 1 0 1 0 0 122.89203704859612 -137.21579591137998 143.1 122.85736920494472 -137.17708733535338 124.33133 38.307564 180.63048682605373 56.48676542894171 -999.0 -999.0 -999.0 180.6305191274502 56.48674372370042 180.63149599348856 56.33207736359088 61.89993988459466 26.373958781543024 5400.0 5400.0 2016.0 1 318 {-999.0 22.111597 20.835968 20.205833 19.784237} sdss_fiber2mag_from_lsdr10 1e+20 1e+20 1e+20 16.079 63050397939360616 1066982556 dark_flexible_2x2 bhm_colr_galaxies_lsdr10 bhm_filler science 0 0 0.0 0.0 -999 ""
FIBERMAP 1114 R-8C15 METROLOGY 0 0 0 1 0 0 122.36732160630406 -137.74576981383413 143.1 122.33280178487892 -137.70691173216966 124.33133 38.307564 -999.0 -999.0 -999.0 -999.0 -999.0 180.62608891662964 56.48435858230506 180.6271223842291 56.32971574373674 61.90331868218537 26.37353310764388 -999.0 6231.0 -999.0 -1 -999 {-999.0 -999.0 -999.0 -999.0 -999.0} "" -999.0 -999.0 -999.0 -999.0 -999 -999 "" "" "" "" 0 0 0.0 0.0 -999 ""
FIBERMAP 1115 R-5C21 APOGEE 0 0 0 1 0 0 227.075759596377 -82.06916377544914 143.1 227.01170152459488 -82.04601206434809 104.55492 43.505386 -999.0 -999.0 -999.0 -999.0 -999.0 181.49440094458268 56.728125127029266 181.4917724820266 56.57347738894878 61.399517197082545 26.761476822132693 -999.0 16600.0 -999.0 2 -999 {-999.0 -999.0 -999.0 -999.0 -999.0} "" -999.0 -999.0 -999.0 -999.0 -999 -999 "" "" "" "" 0 0 0.0 0.0 -999 ""
FIBERMAP 1115 R-5C21 BOSS 1 1 0 1 0 0 227.70918806462095 -82.4259281333175 143.1 227.64495130266792 -82.4026757789911 104.55492 43.505386 181.4996300108891 56.72658728601618 4.132401 -27.046812 0.38705766 181.4996636537381 56.72651759824613 181.49687369847152 56.571789431490416 61.39881143090665 26.768164160769572 5400.0 5400.0 2016.0 1 321 {-999.0 16.823893 16.512787 16.396671 -999.0} sdss_psfmag 16.793911 16.512255 16.063341 15.303 63050394851390447 976721722 "" ops_std_boss ops_std standard_boss 0 0 0.0 0.0 -999 ""
FIBERMAP 1115 R-5C21 METROLOGY 0 0 0 1 0 0 227.0712479092193 -82.81524796988754 143.1 227.00719111018412 -82.79188578843524 104.55492 43.505386 -999.0 -999.0 -999.0 -999.0 -999.0 181.49430753889055 56.72480361761053 181.4915804233425 56.57009869973043 61.4020439230012 26.766167904803126 -999.0 6231.0 -999.0 -1 -999 {-999.0 -999.0 -999.0 -999.0 -999.0} "" -999.0 -999.0 -999.0 -999.0 -999 -999 "" "" "" "" 0 0 0.0 0.0 -999 ""
FIBERMAP 1118 R-13C4 APOGEE 0 0 0 1 0 0 -78.01505729424089 -266.7330895723271 143.1 -77.9930492465782 -266.65784416775875 280.93964 106.78103 -999.0 -999.0 -999.0 -999.0 -999.0 178.99085926761853 55.90665732208161 178.99884441967743 55.75231435997086 62.937868877214285 25.7243773446844 -999.0 16600.0 -999.0 2 279 {-999.0 -999.0 -999.0 -999.0 -999.0} "" -999.0 -999.0 -999.0 -999.0 -999 -999 "" ops_sky_apogee_best_unassigned ops_sky sky_apogee 0 0 0.0 0.0 -999 ""
FIBERMAP 1118 R-13C4 BOSS 1 1 0 1 0 0 -78.65164186958171 -267.0998867409591 143.1 -78.6294542414103 -267.0245378629095 280.93964 106.78103 178.98580114911462 55.9051391322396 16.011759 -23.111582 2.6994493 178.98589865018036 55.90509750877935 178.99378395388692 55.75067599082689 62.94096291358185 25.721947454290728 5400.0 5400.0 2016.0 1 413 {-999.0 21.811468 20.32094 18.831385 -999.0} sdss_psfmag 20.952648 19.6121 18.37657 16.022 63050394824145974 1118358509 dark_1x1 openfibertargets_mwm_snc_further_ext_boss open_fiber science 0 0 0.0 0.0 -999 ""
FIBERMAP 1118 R-13C4 METROLOGY 0 0 0 1 0 0 -78.65697894404377 -266.3565124109946 143.1 -78.63478981028366 -266.28137323884346 280.93964 106.78103 -999.0 -999.0 -999.0 -999.0 -999.0 178.98573877955442 55.90838097111538 178.99365960323985 55.75398120592191 62.938492097788846 25.717119312369448 -999.0 6231.0 -999.0 -1 -999 {-999.0 -999.0 -999.0 -999.0 -999.0} "" -999.0 -999.0 -999.0 -999.0 -999 -999 "" "" "" "" 0 0 0.0 0.0 -999 ""
FIBERMAP 1121 R-3C7 APOGEE 0 0 0 1 0 0 -122.27632864491318 -66.84792578999254 143.1 -122.24183449260245 -66.82906799012719 228.03343 156.69727 -999.0 -999.0 -999.0 -999.0 -999.0 178.60412497966047 56.805607254771026 178.61400155874264 56.651097688190184 62.38121933306067 24.11866831243475 -999.0 16600.0 -999.0 2 254 {-999.0 -999.0 -999.0 -999.0 -999.0} "" -999.0 -999.0 -999.0 -999.0 -999 -999 "" ops_sky_apogee_best_unassigned ops_sky sky_apogee 0 0 0.0 0.0 -999 ""
FIBERMAP 1121 R-3C7 BOSS 1 1 0 1 0 0 -122.95678418415194 -67.14003007495509 143.1 -122.9220980753336 -67.12108987247095 228.03343 156.69727 178.5985322463303 56.8042992321526 -0.20166545 0.3282116 0.05137538 178.5985625115662 56.804294396509285 178.6083412541998 56.649702395353856 62.384253342398665 24.115309374003346 5400.0 5400.0 2016.0 1 468 {-999.0 19.919495 19.807224 19.480576 19.298258} sdss_psfmag 19.677168 19.680923 18.89705 -999.0 63050394824151420 1059900599 dark_10x4_4yr bhm_aqmes_med_faint bhm_filler science 0 0 0.0 0.0 -999 ""
FIBERMAP 1121 R-3C7 METROLOGY 0 0 0 1 0 0 -122.87928185005775 -66.4021561971196 143.1 -122.84461760464785 -66.38342414885639 228.03343 156.69727 -999.0 -999.0 -999.0 -999.0 -999.0 178.59908507563392 56.807632593056915 178.6088970117505 56.653063375570554 62.38143852723493 24.111293050740358 -999.0 6231.0 -999.0 -1 -999 {-999.0 -999.0 -999.0 -999.0 -999.0} "" -999.0 -999.0 -999.0 -999.0 -999 -999 "" "" "" "" 0 0 0.0 0.0 -999 ""
FIBERMAP 1125 R0C22 APOGEE 0 0 0 1 0 0 188.78955746202146 9.66434401566197 143.1 188.73629992786144 9.661617704215152 51.438004 112.74328 -999.0 -999.0 -999.0 -999.0 -999.0 181.1995962976756 57.14783382371929 181.19819666760338 56.993085030684966 61.201806266781475 25.9211329327361 -999.0 16600.0 -999.0 2 -999 {-999.0 -999.0 -999.0 -999.0 -999.0} "" -999.0 -999.0 -999.0 -999.0 -999 -999 "" "" "" "" 0 0 0.0 0.0 -999 ""
FIBERMAP 1125 R0C22 BOSS 1 1 0 1 0 0 189.50300817451208 9.460322394582079 143.1 189.44954937590606 9.457653637634568 51.438004 112.74328 181.2058469808661 57.146890019683894 -17.517006 -1.2086451 0.21653973 181.20571974632816 57.14691691893741 181.20415420423228 56.992085483565006 61.20035378565987 25.92750462492404 5400.0 5400.0 2016.0 1 244 {-999.0 17.942987 17.609636 17.486183 -999.0} sdss_psfmag 17.877472 17.603275 17.16419 16.556 63050394851417341 975914128 "" ops_std_boss ops_std standard_boss 0 0 0.0 0.0 -999 ""
FIBERMAP 1125 R0C22 METROLOGY 0 0 0 1 0 0 188.97209488173684 8.940920162782177 143.1 188.91878585377071 8.938397929204257 51.438004 112.74328 -999.0 -999.0 -999.0 -999.0 -999.0 181.2011534720557 57.14459199933307 181.19964769416993 56.98978459673295 61.203708518351206 25.926967423461804 -999.0 6231.0 -999.0 -1 -999 {-999.0 -999.0 -999.0 -999.0 -999.0} "" -999.0 -999.0 -999.0 -999.0 -999 -999 "" "" "" "" 0 0 0.0 0.0 -999 ""
FIBERMAP 1126 R+3C12 APOGEE 0 0 1 1 0 0 -10.694014110234756 65.79013008347025 143.1 -10.690997328854259 65.7715706877737 11.118016 169.57251 -999.0 -999.0 -999.0 -999.0 -999.0 179.52917174971844 57.413287734674846 179.53514568731464 57.25854179685608 61.593043290579594 24.133619160953117 -999.0 16600.0 -999.0 2 14 {-999.0 -999.0 -999.0 -999.0 -999.0} "" -999.0 -999.0 -999.0 -999.0 -999 -999 "" ops_sky_apogee_best_unassigned ops_sky sky_apogee 0 0 0.0 0.0 -999 ""
FIBERMAP 1126 R+3C12 BOSS 1 0 1 1 0 0 -9.962285153746897 65.81078265831574 143.1 -9.959474793105025 65.79221743652784 11.118016 169.57251 179.6604805463511 57.38190846622736 -999.0 -999.0 -999.0 179.53547797981065 57.413507522226894 179.5412941369708 57.2586757556031 61.59082578780515 24.13883554623868 5400.0 5400.0 2016.0 1 114 {-999.0 21.378426 20.030918 19.493975 -999.0} sdss_psfmag_ps1 -999.0 -999.0 -999.0 16.052 63050397935750344 1117903226 bright_1x1 openfibertargets_bhm_lofarradio_boss open_fiber science 0 0 0.0 0.0 -999 ""
FIBERMAP 1126 R+3C12 METROLOGY 0 0 1 1 0 0 -10.307951668644902 65.15315345726698 143.1 -10.305043795479177 65.1347737526767 11.118016 169.57251 -999.0 -999.0 -999.0 -999.0 -999.0 179.53252719283995 57.41048202616673 179.53839275149585 57.255675382035946 61.594139374491036 24.140299401993786 -999.0 6231.0 -999.0 -1 -999 {-999.0 -999.0 -999.0 -999.0 -999.0} "" -999.0 -999.0 -999.0 -999.0 -999 -999 "" "" "" "" 0 0 0.0 0.0 -999 ""
FIBERMAP 1127 R-13C6 APOGEE 0 0 0 1 0 0 -53.588366598669836 -246.34788650259802 143.1 -53.573249320452355 -246.27839176381565 223.00935 43.90314 -999.0 -999.0 -999.0 -999.0 -999.0 179.18608697772595 55.99794865936918 179.19327422750985 55.84356498260531 62.7974877354885 25.776472266184385 -999.0 16600.0 -999.0 2 274 {-999.0 -999.0 -999.0 -999.0 -999.0} "" -999.0 -999.0 -999.0 -999.0 -999 -999 "" ops_sky_apogee_best_unassigned ops_sky sky_apogee 0 0 0.0 0.0 -999 ""
FIBERMAP 1127 R-13C6 BOSS 1 1 0 1 0 0 -53.53103518402631 -245.59960647262082 143.1 -53.5159340790009 -245.53032282363492 223.00935 43.90314 179.1866400254977 56.00135971343882 0.16425024 0.39845362 -0.1321206 179.18660971982607 56.00135085494547 179.1936736783432 55.84688664773268 62.79482102490816 25.7721125223934 5400.0 5400.0 2016.0 1 415 {-999.0 20.03291 19.804707 19.564741 19.674284} sdss_psfmag 19.568584 19.493149 18.98892 -999.0 63050394824146425 1167494150 dark_3x4 bhm_aqmes_wide3_faint bhm_filler science 0 0 0.0 0.0 -999 ""
FIBERMAP 1127 R-13C6 METROLOGY 0 0 0 1 0 0 -52.90909228213059 -246.01770775702352 143.1 -52.8941666271978 -245.94830616166527 223.00935 43.90314 -999.0 -999.0 -999.0 -999.0 -999.0 179.19163893831418 55.999476448640564 179.1987158855418 55.84503479323 62.79438251300636 25.779449150221637 -999.0 6231.0 -999.0 -1 -999 {-999.0 -999.0 -999.0 -999.0 -999.0} "" -999.0 -999.0 -999.0 -999.0 -999 -999 "" "" "" "" 0 0 0.0 0.0 -999 ""
FIBERMAP 1129 R-8C8 APOGEE 0 0 0 1 0 0 -35.585861920878536 -170.58943273539333 143.1 -35.57582314923066 -170.54130945641867 336.37094 77.665085 -999.0 -999.0 -999.0 -999.0 -999.0 179.3281443448236 56.33857714899348 179.33479937245477 56.18410084410419 62.487278710115504 25.425628695569856 -999.0 16600.0 -999.0 2 -999 {-999.0 -999.0 -999.0 -999.0 -999.0} "" -999.0 -999.0 -999.0 -999.0 -999 -999 "" "" "" "" 0 0 0.0 0.0 -999 ""
FIBERMAP 1129 R-8C8 BOSS 1 1 0 1 0 0 -36.015527405459125 -171.19571363277728 143.1 -36.005367425178044 -171.14741932196148 336.37094 77.665085 179.3247484324655 56.33584999978955 0.14985535 0.14693111 0.008957849 179.32475646755307 56.33585956482526 179.3313013994166 56.1813032330968 62.49067069770749 25.42635001858173 5400.0 5400.0 2016.0 1 389 {-999.0 20.189869 19.999052 20.164324 20.25835} sdss_psfmag 20.59411 20.335371 20.105965 -999.0 63050394824146878 1059900549 dark_10x4_4yr bhm_aqmes_med_faint bhm_filler science 0 0 0.0 0.0 -999 ""
FIBERMAP 1129 R-8C8 METROLOGY 0 0 0 1 0 0 -36.32805601626011 -170.51321000064485 143.1 -36.31780787165793 -170.46510822410366 336.37094 77.665085 -999.0 -999.0 -999.0 -999.0 -999.0 179.32213339817156 56.3389242802729 179.32872521072647 56.184390396412816 62.489251007167155 25.419652393054662 -999.0 6231.0 -999.0 -1 -999 {-999.0 -999.0 -999.0 -999.0 -999.0} "" -999.0 -999.0 -999.0 -999.0 -999 -999 "" "" "" "" 0 0 0.0 0.0 -999 ""
FIBERMAP 1130 R-3C13 APOGEE 0 0 0 1 0 0 27.87044081991889 -68.70239555160244 143.1 27.862578568563592 -68.68301460581733 19.044413 56.567745 -999.0 -999.0 -999.0 -999.0 -999.0 179.85140819241943 56.80077924498598 179.85588722359364 56.646154800293374 61.948847648822294 25.250396233930417 -999.0 16600.0 -999.0 2 174 {-999.0 -999.0 -999.0 -999.0 -999.0} "" -999.0 -999.0 -999.0 -999.0 -999 -999 "" ops_sky_apogee_best_unassigned ops_sky sky_apogee 0 0 0.0 0.0 -999 ""
FIBERMAP 1130 R-3C13 BOSS 1 1 0 1 0 0 27.678939712745667 -69.41649850502884 143.1 27.6711314838527 -69.39691611080057 19.044413 56.567745 179.84934879468238 56.79760001654755 -4.326146 -10.580127 0.22653626 179.84995069835168 56.797579313222656 179.8543065536445 56.642873234701334 61.95190163325639 25.253548464461915 5400.0 5400.0 2016.0 1 364 {-999.0 16.290087 15.772457 15.529898 -999.0} sdss_psfmag 16.158527 15.766846 15.199708 14.05 63050394824150762 1133396858 dark_flexible_3x1 mwm_halo_nmp_xp_boss_triple mwm_halo science 0 0 1.2414405345916748 0.0 -999 ""
FIBERMAP 1130 R-3C13 METROLOGY 0 0 0 1 0 0 27.149674156333603 -68.89021489554236 143.1 27.142015233254103 -68.87078096592033 19.044413 56.567745 -999.0 -999.0 -999.0 -999.0 -999.0 179.84552449216582 56.79996383360816 179.84993637920127 56.64528084043744 61.951644439631686 25.24633516611584 -999.0 6231.0 -999.0 -1 -999 {-999.0 -999.0 -999.0 -999.0 -999.0} "" -999.0 -999.0 -999.0 -999.0 -999 -999 "" "" "" "" 0 0 0.0 0.0 -999 ""
FIBERMAP 1131 R-8C19 APOGEE 0 0 0 1 0 0 214.56687028742692 -165.95040137154578 143.1 214.50634097331886 -165.90358676331888 348.58377 85.871735 -999.0 -999.0 -999.0 -999.0 -999.0 181.3706111749152 56.35119921752126 181.36856798655958 56.19663857067828 61.71959082120959 27.202995380818493 -999.0 16600.0 -999.0 2 185 {-999.0 -999.0 -999.0 -999.0 -999.0} "" -999.0 -999.0 -999.0 -999.0 -999 -999 "" ops_sky_apogee_best_unassigned ops_sky sky_apogee 0 0 0.0 0.0 -999 ""
FIBERMAP 1131 R-8C19 BOSS 1 1 0 1 0 0 214.37961075389916 -166.6747355371371 143.1 214.3191342657055 -166.6277165942421 348.58377 85.871735 181.36901713098044 56.34802753797493 -999.0 -999.0 -999.0 181.36904288827168 56.34803920421683 181.36687033775354 56.19339985133066 61.72258470073187 27.2062776566342 5400.0 5400.0 2016.0 1 331 {-999.0 20.701473 20.725334 20.549953 20.136656} sdss_psfmag 20.619247 20.781027 20.253387 -999.0 63050394851389810 1059902997 dark_10x4_4yr bhm_aqmes_med_faint bhm_filler science 0 0 0.0 0.0 -999 ""
FIBERMAP 1131 R-8C19 METROLOGY 0 0 0 1 0 0 213.8434828625866 -166.1691150821664 143.1 213.78315761607107 -166.12223877480173 348.58377 85.871735 -999.0 -999.0 -999.0 -999.0 -999.0 181.36480958051288 56.35033000626079 181.36269346245786 56.19571258241637 61.722518321617954 27.199358408395653 -999.0 6231.0 -999.0 -1 -999 {-999.0 -999.0 -999.0 -999.0 -999.0} "" -999.0 -999.0 -999.0 -999.0 -999 -999 "" "" "" "" 0 0 0.0 0.0 -999 ""
FIBERMAP 1132 R+2C1 APOGEE 0 0 0 1 0 0 -279.1643856171543 46.55583883043879 143.1 -279.0856333439717 46.54270542830472 142.3167 119.29987 -999.0 -999.0 -999.0 -999.0 -999.0 177.28447267667508 57.302327690181194 177.30031205352543 57.14790403553078 62.42081053785085 22.236976027049536 -999.0 16600.0 -999.0 2 145 {-999.0 -999.0 -999.0 -999.0 -999.0} "" -999.0 -999.0 -999.0 -999.0 -999 -999 "" ops_sky_apogee_best_unassigned ops_sky sky_apogee 0 0 0.0 0.0 -999 ""
FIBERMAP 1132 R+2C1 BOSS 1 1 0 1 0 0 -279.0319802601584 47.268529895622684 143.1 -278.953265338527 47.25519544333913 142.3167 119.29987 177.28558829104153 57.30570577379179 -10.895445 -10.577203 2.2279131 177.28550686116395 57.30565118631416 177.30122807559098 57.15114013315095 62.41789821717142 22.23374518764416 5400.0 5400.0 2016.0 1 4 {-999.0 21.9244 20.858559 20.424604 -999.0} sdss_psfmag_gaia 20.68894 20.870838 19.188221 16.48 63050394824210505 1092278557 dark_flexible_2x1 mwm_cb_galex_mag_boss mwm_cb science 0 0 0.0 0.0 -999 ""
FIBERMAP 1132 R+2C1 METROLOGY 0 0 0 1 0 0 -278.4513072787976 46.805768603908554 143.1 -278.3727561650142 46.792564696585394 142.3167 119.29987 -999.0 -999.0 -999.0 -999.0 -999.0 177.2903633506068 57.30363442823564 177.30609482303066 57.14914745352875 62.417963231291985 22.240887268933648 -999.0 6231.0 -999.0 -1 -999 {-999.0 -999.0 -999.0 -999.0 -999.0} "" -999.0 -999.0 -999.0 -999.0 -999 -999 "" "" "" "" 0 0 0.0 0.0 -999 ""
FIBERMAP 1135 R-2C11 APOGEE 0 0 0 1 0 0 -43.688227630580855 -52.76069202365316 143.1 -43.67590318156627 -52.74580823243328 281.12164 111.80333 -999.0 -999.0 -999.0 -999.0 -999.0 179.25567424962878 56.872982346938095 179.26274647694663 56.71838715296914 62.10395652314135 24.620471603306726 -999.0 16600.0 -999.0 2 268 {-999.0 -999.0 -999.0 -999.0 -999.0} "" -999.0 -999.0 -999.0 -999.0 -999 -999 "" ops_sky_apogee_best_unassigned ops_sky sky_apogee 0 0 0.0 0.0 -999 ""
FIBERMAP 1135 R-2C11 BOSS 1 1 0 1 0 0 -44.294228242861315 -53.18095039489404 143.1 -44.281732841074 -53.16594804878764 281.12164 111.80333 179.25075383472446 56.87111812944843 -999.0 -999.0 -999.0 179.25073117639434 56.871110561445334 179.2576986986212 56.716433030229666 62.10722896506988 24.61858025260483 5400.0 5400.0 2015.5 1 448 {-999.0 -999.0 -999.0 -999.0 -999.0} "" -999.0 -999.0 -999.0 -999.0 27021603092609991 805488646 "" ops_sky_boss_good ops_sky sky_boss 0 0 0.0 0.0 -999 ""
FIBERMAP 1135 R-2C11 METROLOGY 0 0 0 1 0 0 -44.36157163119984 -52.434516937026146 143.1 -44.34905723184268 -52.41972515979821 281.12164 111.80333 -999.0 -999.0 -999.0 -999.0 -999.0 179.2501057794096 56.874487876276504 179.25711234571986 56.71983318473472 62.10481685901456 24.613411959673556 -999.0 6231.0 -999.0 -1 -999 {-999.0 -999.0 -999.0 -999.0 -999.0} "" -999.0 -999.0 -999.0 -999.0 -999 -999 "" "" "" "" 0 0 0.0 0.0 -999 ""
FIBERMAP 1137 R-1C6 APOGEE 0 0 0 1 0 0 -162.32359022618374 -13.465292857602158 143.1 -162.27779874138093 -13.461494298487029 354.69772 158.39969 -999.0 -999.0 -999.0 -999.0 -999.0 178.26369403735183 57.04515677673442 178.27513013760142 56.89063531505762 62.308136168856805 23.484942640409542 -999.0 16600.0 -999.0 2 -999 {-999.0 -999.0 -999.0 -999.0 -999.0} "" -999.0 -999.0 -999.0 -999.0 -999 -999 "" "" "" "" 0 0 0.0 0.0 -999 ""
FIBERMAP 1137 R-1C6 BOSS 1 1 0 1 0 0 -161.660618146724 -13.792385024739072 143.1 -161.6150136863448 -13.788494192923594 354.69772 158.39969 178.26923944023574 57.04379853758876 0.13675192 -0.011135208 -0.37952507 178.26927388088413 57.04380813492386 178.28056472385958 56.88920156282408 62.30744697977259 23.49187989537444 5400.0 5400.0 2016.0 1 484 {-999.0 19.726759 19.303871 19.065233 18.825428} sdss_psfmag 19.286282 18.955704 18.375574 -999.0 63050394824207564 1059897596 dark_10x4_4yr bhm_aqmes_med bhm_aqmes science 0 0 0.0 0.0 -999 ""
FIBERMAP 1137 R-1C6 METROLOGY 0 0 0 1 0 0 -162.27834373142687 -14.210017461213468 143.1 -162.23256501066024 -14.20600881528766 354.69772 158.39969 -999.0 -999.0 -999.0 -999.0 -999.0 178.26419880071043 57.04183357809451 178.27554519865828 56.88725216754896 62.31066873236251 23.489794404684346 -999.0 6231.0 -999.0 -1 -999 {-999.0 -999.0 -999.0 -999.0 -999.0} "" -999.0 -999.0 -999.0 -999.0 -999 -999 "" "" "" "" 0 0 0.0 0.0 -999 ""
FIBERMAP 1140 R-5C12 APOGEE 0 0 0 1 0 0 0.36335849341388027 -89.07296709765352 143.1 0.3632559899828882 -89.04783961363528 147.21362 113.67439 -999.0 -999.0 -999.0 -999.0 -999.0 179.62269858674026 56.70832368455398 179.62815416842568 56.55373673092644 62.10059796158694 25.17566962175556 -999.0 16600.0 -999.0 2 159 {-999.0 -999.0 -999.0 -999.0 -999.0} "" -999.0 -999.0 -999.0 -999.0 -999 -999 "" "" "" "" 0 0 0.0 0.0 -999 ""
FIBERMAP 1140 R-5C12 BOSS 1 1 0 1 0 0 0.4822931786599405 -88.33943884725491 143.1 0.4821571237542405 -88.3145182915561 147.21362 113.67439 179.62395452558602 56.71169296693092 -31.085651 10.542231 2.799444 179.6238131219015 56.7116954024683 179.62913701077866 56.557025280463876 62.097744518578935 25.171989342918323 5400.0 5400.0 2016.0 1 387 {-999.0 20.975054 19.381443 17.913265 -999.0} sdss_psfmag 20.39073 18.624489 17.401737 14.949 63050394824150712 1118470488 dark_1x1 openfibertargets_mwm_snc_further_ext_boss open_fiber science 0 0 0.0 0.0 -999 ""
FIBERMAP 1140 R-5C12 METROLOGY 0 0 0 1 0 0 1.0691317661287805 -88.79989586523955 143.1 1.0688301640575555 -88.77484541461597 147.21362 113.67439 -999.0 -999.0 -999.0 -999.0 -999.0 179.62864380069487 56.70958753744088 179.63398262662258 56.554940882473716 62.097596908638096 25.179221643938035 -999.0 6231.0 -999.0 -1 -999 {-999.0 -999.0 -999.0 -999.0 -999.0} "" -999.0 -999.0 -999.0 -999.0 -999 -999 "" "" "" "" 0 0 0.0 0.0 -999 ""
FIBERMAP 1143 R-2C5 APOGEE 0 0 0 1 0 0 -189.11074953798683 -46.51024806812806 143.1 -189.05740139554217 -46.49712752714804 209.93463 124.96362 -999.0 -999.0 -999.0 -999.0 -999.0 178.04817807248688 56.89268527645379 178.06049222999945 56.738230657736786 62.50056560137657 23.485840160908424 -999.0 16600.0 -999.0 2 249 {-999.0 -999.0 -999.0 -999.0 -999.0} "" -999.0 -999.0 -999.0 -999.0 -999 -999 "" ops_sky_apogee_best_unassigned ops_sky sky_apogee 0 0 0.0 0.0 -999 ""
FIBERMAP 1143 R-2C5 BOSS 1 1 0 1 0 0 -189.78943690445385 -46.20576003516177 143.1 -189.7358973043031 -46.19272539025585 209.93463 124.96362 178.0425286912683 56.89406868332976 0.31482938 0.37884307 0.7967069 178.04254665710494 56.89407169247699 178.05476734995307 56.739533398271796 62.501452423225146 23.47873289485591 5400.0 5400.0 2016.0 1 473 {-999.0 20.958193 20.821404 20.695992 20.634705} sdss_psfmag_from_gaiadr2 20.662231 20.811956 20.203753 -999.0 63050394824207443 1055794873 dark_flexible_2x2 bhm_gua_dark bhm_filler science 0 0 0.0 0.0 -999 ""
FIBERMAP 1143 R-2C5 METROLOGY 0 0 0 1 0 0 -189.1815824755161 -45.76211429700301 143.1 -189.12821435109979 -45.749204804559824 209.93463 124.96362 -999.0 -999.0 -999.0 -999.0 -999.0 178.04745132784794 56.896120953777114 178.05968512074833 56.741605301766704 62.49816446731584 23.480616213453118 -999.0 6231.0 -999.0 -1 -999 {-999.0 -999.0 -999.0 -999.0 -999.0} "" -999.0 -999.0 -999.0 -999.0 -999 -999 "" "" "" "" 0 0 0.0 0.0 -999 ""
FIBERMAP 1144 R+12C1 APOGEE 1 1 0 1 0 0 -156.58251914333542 223.55725063046646 143.1 -156.5383472146851 223.4941851300636 227.60794 153.02298 178.27920163302335 58.117312632524566 -999.0 -999.0 -999.0 178.27928273454083 58.11732522327319 178.29105466104852 57.96254782628194 61.44960689410541 22.122964075865923 16000.0 16600.0 2015.5 2 129 {-999.0 -999.0 -999.0 -999.0 -999.0} "" -999.0 -999.0 -999.0 -999.0 27021603092670721 827606004 "" ops_sky_apogee_best ops_sky sky_apogee 0 0 0.0 0.0 -999 ""
FIBERMAP 1144 R+12C1 BOSS 0 0 0 1 0 0 -157.2761426304651 223.3439687835368 143.1 -157.23177503062905 223.280963449943 227.60794 153.02298 -999.0 -999.0 -999.0 -999.0 -999.0 178.27352798218232 58.116374841804095 178.28520064121346 57.9615093014398 61.45229376679042 22.1190477724208 -999.0 5400.0 -999.0 1 8 {-999.0 -999.0 -999.0 -999.0 -999.0} "" -999.0 -999.0 -999.0 -999.0 -999 -999 "" "" "" "" 0 0 0.0 0.0 -999 ""
FIBERMAP 1144 R+12C1 METROLOGY 0 0 0 1 0 0 -157.1262910994606 224.06366514592224 143.1 -157.08196577274143 224.0004567859846 227.60794 153.02298 -999.0 -999.0 -999.0 -999.0 -999.0 178.27469776710362 58.11958262254589 178.28640177374734 57.9647414162769 61.44932015174895 22.116081128640417 -999.0 6231.0 -999.0 -1 -999 {-999.0 -999.0 -999.0 -999.0 -999.0} "" -999.0 -999.0 -999.0 -999.0 -999 -999 "" "" "" "" 0 0 0.0 0.0 -999 ""
FIBERMAP 1148 R0C11 APOGEE 1 1 0 1 0 0 -76.76163547716143 0.7111727751676327 143.1 -76.73998101979333 0.7109721533277579 136.57065 148.88954 178.97596725207973 57.11531587459096 -999.0 -999.0 -999.0 178.97597221550657 57.115308762962805 178.98431885222544 56.96068401445739 62.01291395720139 24.04143862731746 16000.0 16600.0 2015.5 2 285 {-999.0 -999.0 -999.0 -999.0 -999.0} "" -999.0 -999.0 -999.0 -999.0 27021603092664252 838968331 "" ops_sky_apogee_best ops_sky sky_apogee 0 0 0.0 0.0 -999 ""
FIBERMAP 1148 R0C11 BOSS 0 0 0 1 0 0 -76.96516206326595 1.4244458860537565 143.1 -76.9434501910479 1.4240440498693008 136.57065 148.88954 -999.0 -999.0 -999.0 -999.0 -999.0 178.97426196959566 57.11863185385805 178.98249183133714 56.963922037540236 62.01102063235818 24.03545227071072 -999.0 5400.0 -999.0 1 431 {-999.0 -999.0 -999.0 -999.0 -999.0} "" -999.0 -999.0 -999.0 -999.0 -999 -999 "" "" "" "" 0 0 0.0 0.0 -999 ""
FIBERMAP 1148 R0C11 METROLOGY 0 0 0 1 0 0 -76.24175987325381 1.244588568263492 143.1 -76.22025207279357 1.244237469828385 136.57065 148.88954 -999.0 -999.0 -999.0 -999.0 -999.0 178.98031448644593 57.11782045788335 178.98855308211728 56.963134139741356 62.009557390030594 24.04198473759925 -999.0 6231.0 -999.0 -1 -999 {-999.0 -999.0 -999.0 -999.0 -999.0} "" -999.0 -999.0 -999.0 -999.0 -999 -999 "" "" "" "" 0 0 0.0 0.0 -999 ""
FIBERMAP 1149 R-5C9 APOGEE 0 0 0 1 0 0 -45.73916344928563 -99.19499091343407 143.1 -45.726260431276586 -99.1670080064974 326.83914 137.37582 -999.0 -999.0 -999.0 -999.0 -999.0 179.24100955504855 56.661811798935354 179.24810155586385 56.507267579752366 62.271343485997946 24.89676357122164 -999.0 16600.0 -999.0 2 284 {-999.0 -999.0 -999.0 -999.0 -999.0} "" -999.0 -999.0 -999.0 -999.0 -999 -999 "" ops_sky_apogee_best_unassigned ops_sky sky_apogee 0 0 0.0 0.0 -999 ""
FIBERMAP 1149 R-5C9 BOSS 1 1 0 1 0 0 -45.54939437127433 -99.91619032209465 143.1 -45.5365448871222 -99.8880039648048 326.83914 137.37582 179.2426771759094 56.658592128722674 -999.0 -999.0 -999.0 179.24270535183913 56.658575961200356 179.2496645666447 56.50394998937647 62.27333500551804 24.902760157730086 5400.0 5400.0 2016.0 1 409 {-999.0 21.278471 21.243437 20.843245 21.006653} sdss_psfmag 1e+20 1e+20 1e+20 -999.0 63050399365577154 1059916750 dark_10x4_4yr bhm_aqmes_med_faint bhm_filler science 0 0 0.0 0.0 -999 ""
FIBERMAP 1149 R-5C9 METROLOGY 0 0 0 1 0 0 -46.26914925668164 -99.72735435815736 143.1 -46.25609672967633 -99.69922127149293 326.83914 137.37582 -999.0 -999.0 -999.0 -999.0 -999.0 179.23671041070745 56.659403288072326 179.24373099291745 56.50480100934589 62.27478286667513 24.896187440163885 -999.0 6231.0 -999.0 -1 -999 {-999.0 -999.0 -999.0 -999.0 -999.0} "" -999.0 -999.0 -999.0 -999.0 -999 -999 "" "" "" "" 0 0 0.0 0.0 -999 ""
FIBERMAP 1150 R-9C10 APOGEE 0 0 0 1 0 0 -3.6757741094529486 -176.59467881951002 143.1 -3.674737173576672 -176.54486146061504 201.18791 102.27886 -999.0 -999.0 -999.0 -999.0 -999.0 179.58964743053662 56.3117280297467 179.59518602545927 56.15723656598926 62.41317173817647 25.701189625401753 -999.0 16600.0 -999.0 2 180 {-999.0 -999.0 -999.0 -999.0 -999.0} "" -999.0 -999.0 -999.0 -999.0 -999 -999 "" ops_sky_apogee_best_unassigned ops_sky sky_apogee 0 0 0.0 0.0 -999 ""
FIBERMAP 1150 R-9C10 BOSS 1 1 0 1 0 0 -4.079672381289011 -175.98426578054074 143.1 -4.07852150571025 -175.93462061916406 201.18791 102.27886 179.58646893387515 56.31454436175104 -0.2953885 -5.2184677 0.193298 179.58646066431987 56.314507217165584 179.59188773654046 56.15993466357343 62.41233503260891 25.694377001968064 5400.0 5400.0 2016.0 1 375 {-999.0 17.94607 17.630196 17.513151 17.480934} sdss_psfmag_from_gaia 17.9139 17.6375 17.1994 16.283 63050394824146902 967784735 "" ops_std_boss_gdr2 ops_std standard_boss 0 0 0.0 0.0 -999 ""
FIBERMAP 1150 R-9C10 METROLOGY 0 0 0 1 0 0 -3.3272520192605715 -175.93703006296266 143.1 -3.326313401465938 -175.8873982267819 201.18791 102.27886 -999.0 -999.0 -999.0 -999.0 -999.0 179.59258664051936 56.31470978017273 179.59802323579027 56.16015958155426 62.40992792683371 25.69963525490971 -999.0 6231.0 -999.0 -1 -999 {-999.0 -999.0 -999.0 -999.0 -999.0} "" -999.0 -999.0 -999.0 -999.0 -999 -999 "" "" "" "" 0 0 0.0 0.0 -999 ""
FIBERMAP 1151 R-9C4 APOGEE 0 0 0 1 0 0 -111.01104703982654 -181.13109586981156 143.1 -110.9797308234566 -181.07999878766668 338.59283 112.383026 -999.0 -999.0 -999.0 -999.0 -999.0 178.7126437090693 56.288902924980626 178.72190137067378 56.13450148208506 62.74453951239954 24.92617917494823 -999.0 16600.0 -999.0 2 -999 {-999.0 -999.0 -999.0 -999.0 -999.0} "" -999.0 -999.0 -999.0 -999.0 -999 -999 "" "" "" "" 0 0 0.0 0.0 -999 ""
FIBERMAP 1151 R-9C4 BOSS 1 1 0 1 0 0 -110.99718736223377 -181.85372298804015 143.1 -110.9658750556789 -181.80242205278523 338.59283 112.383026 178.71294578717342 56.285677593189476 -999.0 -999.0 -999.0 178.7129390811792 56.285692246134644 178.72207448249867 56.13121032310716 62.747017918446474 24.930912576166293 5400.0 5400.0 2016.0 1 479 {-999.0 20.967848 20.857653 20.799511 20.433674} sdss_psfmag 1e+20 1e+20 1e+20 -999.0 63050397220731539 1167550967 dark_3x4 bhm_aqmes_wide3_faint bhm_filler science 0 0 0.0 0.0 -999 ""
FIBERMAP 1151 R-9C4 METROLOGY 0 0 0 1 0 0 -111.6511758027498 -181.51436750636992 143.1 -111.61967900605586 -181.46316230329637 338.59283 112.383026 -999.0 -999.0 -999.0 -999.0 -999.0 178.70753540110672 56.28717809032933 178.71672820001015 56.13271945730076 62.747748029386685 24.923795497604488 -999.0 6231.0 -999.0 -1 -999 {-999.0 -999.0 -999.0 -999.0 -999.0} "" -999.0 -999.0 -999.0 -999.0 -999 -999 "" "" "" "" 0 0 0.0 0.0 -999 ""
FIBERMAP 1152 R-9C3 APOGEE 0 0 0 1 0 0 -131.13096606414368 -171.00470965662367 143.1 -131.093974018617 -170.95646922802956 29.166794 101.5769 -999.0 -999.0 -999.0 -999.0 -999.0 178.54710794861532 56.33359805798472 178.5570817183294 56.17920622236516 62.7681308288287 24.709181841411805 -999.0 16600.0 -999.0 2 256 {-999.0 -999.0 -999.0 -999.0 -999.0} "" -999.0 -999.0 -999.0 -999.0 -999 -999 "" ops_sky_apogee_best_unassigned ops_sky sky_apogee 0 0 0.0 0.0 -999 ""
FIBERMAP 1152 R-9C3 BOSS 1 1 0 1 0 0 -130.65530589087675 -171.56381603542394 143.1 -130.61844802908493 -171.51541788292036 29.166794 101.5769 178.55117471392063 56.331142130998714 -1.3464941 -6.8889966 0.2556136 178.55115032004682 56.33114922960699 178.56098686159635 56.17667596312315 62.76871972541147 24.716357128477114 5400.0 5400.0 2016.0 1 477 {-999.0 18.14635 17.778168 17.617943 -999.0} sdss_psfmag 18.092937 17.787287 17.331318 16.06 63050394824150105 976595741 "" ops_std_boss ops_std standard_boss 0 0 0.0 0.0 -999 ""
FIBERMAP 1152 R-9C3 METROLOGY 0 0 0 1 0 0 -131.42110130887272 -171.69415662427733 143.1 -131.3840274161935 -171.64572170269363 29.166794 101.5769 -999.0 -999.0 -999.0 -999.0 -999.0 178.54490738818916 56.33050808925816 178.55480408172923 56.1760588482027 62.77137180938293 24.711377418315294 -999.0 6231.0 -999.0 -1 -999 {-999.0 -999.0 -999.0 -999.0 -999.0} "" -999.0 -999.0 -999.0 -999.0 -999 -999 "" "" "" "" 0 0 0.0 0.0 -999 ""
FIBERMAP 1153 R-6C11 APOGEE 0 0 0 1 0 0 1.2199278041369992 -100.80916964764405 143.1 1.2195836625034522 -100.78073138088646 105.54483 95.61146 -999.0 -999.0 -999.0 -999.0 -999.0 179.62979306766994 56.65499689049545 179.6352103336419 56.500421936002866 62.138607586143635 25.256050556839853 -999.0 16600.0 -999.0 2 -999 {-999.0 -999.0 -999.0 -999.0 -999.0} "" -999.0 -999.0 -999.0 -999.0 -999 -999 "" "" "" "" 0 0 0.0 0.0 -999 ""
FIBERMAP 1153 R-6C11 BOSS 1 1 0 1 0 0 1.9051505794127224 -100.53061871290387 143.1 1.9046131364342702 -100.50225902536496 105.54483 95.61146 179.63559463259182 56.65631587892023 -0.08226332 -0.1187188 0.008209771 179.6355958705374 56.65629532125682 179.64086112847485 56.50163757809985 62.135656381449564 25.25943037461161 5400.0 5400.0 2016.0 1 386 {-999.0 19.309666 19.17523 18.869772 18.832422} sdss_psfmag 19.072197 18.919827 18.489134 -999.0 63050394824150502 1059897575 dark_10x4_4yr bhm_aqmes_med bhm_aqmes science 0 0 0.0 0.0 -999 ""
FIBERMAP 1153 R-6C11 METROLOGY 0 0 0 1 0 0 1.8040792491754492 -101.27331301964381 143.1 1.8035703184192569 -101.24474381804097 105.54483 95.61146 -999.0 -999.0 -999.0 -999.0 -999.0 179.6347214123388 56.65290751146993 179.64002601320976 56.498273891559215 62.13851179258255 25.263360343968145 -999.0 6231.0 -999.0 -1 -999 {-999.0 -999.0 -999.0 -999.0 -999.0} "" -999.0 -999.0 -999.0 -999.0 -999 -999 "" "" "" "" 0 0 0.0 0.0 -999 ""
FIBERMAP 1156 R-11C14 APOGEE 0 0 0 1 0 0 122.07262401043803 -203.15734833992795 143.1 122.0381873232047 -203.10003765196126 72.21988 138.76291 -999.0 -999.0 -999.0 -999.0 -999.0 180.6134960089854 56.18955793234188 180.61468182556973 56.035042261408 62.12513557378557 26.78718924430723 -999.0 16600.0 -999.0 2 239 {-999.0 -999.0 -999.0 -999.0 -999.0} "" -999.0 -999.0 -999.0 -999.0 -999 -999 "" ops_sky_apogee_best_unassigned ops_sky sky_apogee 0 0 0.0 0.0 -999 ""
FIBERMAP 1156 R-11C14 BOSS 1 1 0 1 0 0 122.7094570143006 -202.7711188899389 143.1 122.67484067647686 -202.71391715730005 72.21988 138.76291 180.61892111915677 56.19131084827171 -999.0 -999.0 -999.0 180.61888517250568 56.19131803454292 180.6199169245266 56.036722416933124 62.12191710846108 26.78934750013258 5400.0 5400.0 2015.5 1 255 {-999.0 -999.0 -999.0 -999.0 -999.0} "" -999.0 -999.0 -999.0 -999.0 27021603105716557 807361566 "" ops_sky_boss_good ops_sky sky_boss 0 0 0.0 0.0 -999 ""
FIBERMAP 1156 R-11C14 METROLOGY 0 0 0 1 0 0 122.72843941562041 -203.5187461904639 143.1 122.69381772286127 -203.46133355216358 72.21988 138.76291 -999.0 -999.0 -999.0 -999.0 -999.0 180.61887504053527 56.18794542283524 180.61994407180862 56.033373102554755 62.12436745448698 26.794231029586456 -999.0 6231.0 -999.0 -1 -999 {-999.0 -999.0 -999.0 -999.0 -999.0} "" -999.0 -999.0 -999.0 -999.0 -999 -999 "" "" "" "" 0 0 0.0 0.0 -999 ""
FIBERMAP 1158 R-5C22 APOGEE 0 0 0 1 0 0 245.5946348145541 -106.23037696643746 143.1 245.52535256807292 -106.20040937709524 326.16156 110.979256 -999.0 -999.0 -999.0 -999.0 -999.0 181.63840864775963 56.61712837147955 181.63517711913084 56.46250928936004 61.425314679067924 27.041137293693396 -999.0 16600.0 -999.0 2 211 {-999.0 -999.0 -999.0 -999.0 -999.0} "" -999.0 -999.0 -999.0 -999.0 -999 -999 "" ops_sky_apogee_best_unassigned ops_sky sky_apogee 0 0 0.0 0.0 -999 ""
FIBERMAP 1158 R-5C22 BOSS 1 1 0 1 0 0 245.4276077845282 -106.9510566879886 143.1 245.35837265637218 -106.92088579489692 326.16156 110.979256 181.63700418788932 56.61394598624051 -170.10075 -0.5985713 15.101875 181.6369964541964 56.613975028106154 181.63363224901332 56.459276350489255 61.4282392752707 27.044526212949563 5400.0 5400.0 2016.0 1 251 {-999.0 17.224907 15.6887865 14.2665415 -999.0} sdss_psfmag 16.571367 15.588418 13.699328 11.437 63050394851390191 1132538075 bright_2x1 mwm_snc_100pc_boss mwm_snc science 0 0 1.6667349338531494 0.0 -999 ""
FIBERMAP 1158 R-5C22 METROLOGY 0 0 0 1 0 0 244.88291587477508 -106.44495318306073 143.1 244.81383440420683 -106.41492506176779 326.16156 110.979256 -999.0 -999.0 -999.0 -999.0 -999.0 181.63268337135236 56.61629166056556 181.6293768236136 56.461615096562305 61.42817754184834 27.037593340098283 -999.0 6231.0 -999.0 -1 -999 {-999.0 -999.0 -999.0 -999.0 -999.0} "" -999.0 -999.0 -999.0 -999.0 -999 -999 "" "" "" "" 0 0 0.0 0.0 -999 ""
FIBERMAP 1162 R-2C6 APOGEE 0 0 0 1 0 0 -157.58042479935395 -54.62661720229829 143.1 -157.53597136151805 -54.61120703358552 285.8919 96.51937 -999.0 -999.0 -999.0 -999.0 -999.0 178.31008935133536 56.858627092215094 178.32125592825093 56.704143130913096 62.43957094622819 23.775417996091164 -999.0 16600.0 -999.0 2 -999 {-999.0 -999.0 -999.0 -999.0 -999.0} "" -999.0 -999.0 -999.0 -999.0 -999 -999 "" "" "" "" 0 0 0.0 0.0 -999 ""
FIBERMAP 1162 R-2C6 BOSS 1 1 0 1 0 0 -158.27383320138512 -54.924194447918936 143.1 -158.229184153039 -54.908700332665184 285.8919 96.51937 178.3044515201864 56.85728639640045 -0.15712169 -0.010322198 0.39469188 178.30443149158526 56.85728527863967 178.3155021970864 56.7027185522613 62.44264190138007 23.771949161551163 5400.0 5400.0 2016.0 1 472 {-999.0 19.939232 19.04982 18.792995 18.6129} sdss_psfmag 19.301449 19.010237 18.435701 -999.0 63050394824207213 1059897594 dark_10x4_4yr bhm_aqmes_med bhm_aqmes science 0 0 0.0 0.0 -999 ""
FIBERMAP 1162 R-2C6 METROLOGY 0 0 0 1 0 0 -158.18175048979106 -54.184950592136126 143.1 -158.1371274179779 -54.16966501757409 285.8919 96.51937 -999.0 -999.0 -999.0 -999.0 -999.0 178.30504805198416 56.86062844335212 178.31615125285134 56.70608460038094 62.4397740356964 23.768063061155033 -999.0 6231.0 -999.0 -1 -999 {-999.0 -999.0 -999.0 -999.0 -999.0} "" -999.0 -999.0 -999.0 -999.0 -999 -999 "" "" "" "" 0 0 0.0 0.0 -999 ""
FIBERMAP 1163 R-8C7 APOGEE 0 0 0 1 0 0 -47.372314178955705 -147.74498059284133 143.1 -47.35895044912582 -147.7033017338161 86.052826 33.71264 -999.0 -999.0 -999.0 -999.0 -999.0 179.23025159271984 56.441644044210314 179.23734420975825 56.28715246028155 62.44371735473418 25.192088105117193 -999.0 16600.0 -999.0 2 -999 {-999.0 -999.0 -999.0 -999.0 -999.0} "" -999.0 -999.0 -999.0 -999.0 -999 -999 "" "" "" "" 0 0 0.0 0.0 -999 ""
FIBERMAP 1163 R-8C7 BOSS 1 1 0 1 0 0 -46.974007744853644 -148.38217602603828 143.1 -46.96075637726882 -148.34031741418133 86.052826 33.71264 179.233738790133 56.43879191659729 -8.453717 -6.2500205 0.2999512 179.23365531862183 56.43879526290163 179.24060896246544 56.284222577255235 62.444787794377426 25.19916632034949 5400.0 5400.0 2016.0 1 401 {-999.0 18.218319 17.884407 17.755976 -999.0} sdss_psfmag 18.158257 17.89316 17.450588 -999.0 63050394824150326 975912415 "" ops_std_boss ops_std standard_boss 0 0 0.0 0.0 -999 ""
FIBERMAP 1163 R-8C7 METROLOGY 0 0 0 1 0 0 -47.727255780457874 -148.4012415470622 143.1 -47.71379192160221 -148.35937755682178 86.052826 33.71264 -999.0 -999.0 -999.0 -999.0 -999.0 179.22743720272993 56.43868116501763 179.23445249227143 56.28413216352521 62.447060799656725 25.193646606976984 -999.0 6231.0 -999.0 -1 -999 {-999.0 -999.0 -999.0 -999.0 -999.0} "" -999.0 -999.0 -999.0 -999.0 -999 -999 "" "" "" "" 0 0 0.0 0.0 -999 ""
FIBERMAP 1167 R-3C5 APOGEE 0 0 0 1 0 0 -175.3136677467461 -73.71013703946538 143.1 -175.26421176107473 -73.68934340980655 272.4404 87.161476 -999.0 -999.0 -999.0 -999.0 -999.0 178.16735189814415 56.770602592589455 178.17910294938656 56.61615926240871 62.55701238730556 23.759709503144165 -999.0 16600.0 -999.0 2 264 {-999.0 -999.0 -999.0 -999.0 -999.0} "" -999.0 -999.0 -999.0 -999.0 -999 -999 "" "" "" "" 0 0 0.0 0.0 -999 ""
FIBERMAP 1167 R-3C5 BOSS 1 1 0 1 0 0 -176.07378771531486 -73.70770642116655 143.1 -176.0241172998004 -73.68691347718514 272.4404 87.161476 178.16116802075058 56.77064282156292 -5.109521 -10.782488 0.27414113 178.16112716771906 56.770611503497314 178.17278642004578 56.6160854709597 62.559210283153604 23.75386491013819 5400.0 5400.0 2016.0 1 466 {-999.0 16.555477 16.24991 16.122257 -999.0} sdss_psfmag 16.497513 16.23773 15.806546 15.0 63050394824207108 976596051 "" ops_std_boss ops_std standard_boss 0 0 0.0 0.0 -999 ""
FIBERMAP 1167 R-3C5 METROLOGY 0 0 0 1 0 0 -175.68289352896264 -73.06259808364477 143.1 -175.63333338469812 -73.04198712472538 272.4404 87.161476 -999.0 -999.0 -999.0 -999.0 -999.0 178.1641991135786 56.77354937737537 178.17587983489102 56.61904589652656 62.55582948497597 23.752821167733828 -999.0 6231.0 -999.0 -1 -999 {-999.0 -999.0 -999.0 -999.0 -999.0} "" -999.0 -999.0 -999.0 -999.0 -999 -999 "" "" "" "" 0 0 0.0 0.0 -999 ""
FIBERMAP 1169 R-11C9 APOGEE 1 1 0 1 0 0 30.327953632660105 -204.94085145983365 143.1 30.319398116940334 -204.88303764563685 84.73104 41.506187 179.86698937628512 56.18385007154436 -999.0 -999.0 -999.0 179.86694997471963 56.183880216025855 179.87129625875252 56.02939946771285 62.40786450553886 26.13323666333008 16000.0 16600.0 2015.5 2 168 {-999.0 -999.0 -999.0 -999.0 -999.0} "" -999.0 -999.0 -999.0 -999.0 27021603092604122 838965104 "" ops_sky_apogee_best ops_sky sky_apogee 0 0 0.0 0.0 -999 ""
FIBERMAP 1169 R-11C9 BOSS 0 0 0 1 0 0 30.795130753637732 -205.52197870100383 143.1 30.786443447252132 -205.46400095081228 84.73104 41.506187 -999.0 -999.0 -999.0 -999.0 -999.0 179.8708733147404 56.1812961574132 179.87507607383134 56.02673584749433 62.40845864005865 26.140463109238738 -999.0 5400.0 -999.0 1 361 {-999.0 -999.0 -999.0 -999.0 -999.0} "" -999.0 -999.0 -999.0 -999.0 -999 -999 "" "" "" "" 0 0 0.0 0.0 -999 ""
FIBERMAP 1169 R-11C9 METROLOGY 0 0 0 1 0 0 30.053004246857014 -205.6382141576951 143.1 30.044526294358977 -205.58020361748123 84.73104 41.506187 -999.0 -999.0 -999.0 -999.0 -999.0 179.86478311936636 56.18076754487833 179.8690475122106 56.026230386997945 62.411070292612166 26.135740685785095 -999.0 6231.0 -999.0 -1 -999 {-999.0 -999.0 -999.0 -999.0 -999.0} "" -999.0 -999.0 -999.0 -999.0 -999 -999 "" "" "" "" 0 0 0.0 0.0 -999 ""
FIBERMAP 1170 R-5C6 APOGEE 0 0 0 1 0 0 -114.4954297794569 -93.68003877385846 143.1 -114.46313061871612 -93.65361163492035 346.9908 146.60907 -999.0 -999.0 -999.0 -999.0 -999.0 178.67206676113778 56.68423451160355 178.68161331322028 56.529745236303164 62.452440892479686 24.345585715223308 -999.0 16600.0 -999.0 2 -999 {-999.0 -999.0 -999.0 -999.0 -999.0} "" -999.0 -999.0 -999.0 -999.0 -999 -999 "" "" "" "" 0 0 0.0 0.0 -999 ""
FIBERMAP 1170 R-5C6 BOSS 1 1 0 1 0 0 -113.96721746808987 -94.2001749639645 143.1 -113.93506731604212 -94.17360109460716 346.9908 146.60907 178.6765554102814 56.68201838556761 -1.0253282 -18.553406 0.25814715 178.67653799062606 56.68194865916525 178.68594316161614 56.52737652586459 62.45278195620132 24.352821012828542 5400.0 5400.0 2016.0 1 456 {-999.0 16.715816 16.482697 16.380583 -999.0} sdss_psfmag 16.7107 16.465038 16.055315 15.35 63050394824151119 980723130 "" ops_std_boss_tic ops_std standard_boss 0 0 0.0 0.0 -999 ""
FIBERMAP 1170 R-5C6 METROLOGY 0 0 0 1 0 0 -114.69689525291996 -94.39842143199694 143.1 -114.66453925876911 -94.37179163731098 346.9908 146.60907 -999.0 -999.0 -999.0 -999.0 -999.0 178.6705217587299 56.68099343906627 178.67998698753763 56.52644572912364 62.455570929623775 24.348561720233533 -999.0 6231.0 -999.0 -1 -999 {-999.0 -999.0 -999.0 -999.0 -999.0} "" -999.0 -999.0 -999.0 -999.0 -999 -999 "" "" "" "" 0 0 0.0 0.0 -999 ""
FIBERMAP 1172 R-3C6 APOGEE 0 0 0 1 0 0 -147.73367629531424 -79.43020330931996 143.1 -147.69200062523134 -79.4077960489664 328.25864 36.737343 -999.0 -999.0 -999.0 -999.0 -999.0 178.3956462257754 56.746809275448264 178.4064038229842 56.59234008645086 62.49834687851305 24.00474895477305 -999.0 16600.0 -999.0 2 -999 {-999.0 -999.0 -999.0 -999.0 -999.0} "" -999.0 -999.0 -999.0 -999.0 -999 -999 "" "" "" "" 0 0 0.0 0.0 -999 ""
FIBERMAP 1172 R-3C6 BOSS 1 1 0 1 0 0 -148.47073069913432 -79.50910231620563 143.1 -148.4288471060041 -79.48667279844223 328.25864 36.737343 178.38956961856172 56.746448787126 -999.0 -999.0 -999.0 178.38961066565537 56.74645457050054 178.40027420766478 56.591902932088814 62.500786058941955 23.99960960222461 5400.0 5400.0 2016.0 1 467 {-999.0 21.449238 20.090307 19.562344 19.20911} sdss_fiber2mag_from_lsdr10 19.970264 20.416187 18.280088 16.357 63050394824151317 1062315644 dark_flexible_2x2 bhm_colr_galaxies_lsdr10 bhm_filler science 0 0 0.0 0.0 -999 ""
FIBERMAP 1172 R-3C6 METROLOGY 0 0 0 1 0 0 -148.17119921667492 -78.82585599709311 143.1 -148.1294001213759 -78.80361922311634 328.25864 36.737343 -999.0 -999.0 -999.0 -999.0 -999.0 178.39194894766808 56.749557123107465 178.40263744920776 56.59502805367432 62.497528739686956 23.997613902242392 -999.0 6231.0 -999.0 -1 -999 {-999.0 -999.0 -999.0 -999.0 -999.0} "" -999.0 -999.0 -999.0 -999.0 -999 -999 "" "" "" "" 0 0 0.0 0.0 -999 ""
FIBERMAP 1174 R-1C1 APOGEE 0 0 0 1 0 0 -301.38846252728564 -24.583392524002807 143.1 -301.3034408420067 -24.57645754897179 266.0717 22.447227 -999.0 -999.0 -999.0 -999.0 -999.0 177.12380514536662 56.977802795920276 177.14016951801943 56.82348587392367 62.73462945750214 22.497340255208712 -999.0 16600.0 -999.0 2 293 {-999.0 -999.0 -999.0 -999.0 -999.0} "" -999.0 -999.0 -999.0 -999.0 -999 -999 "" ops_sky_apogee_best_unassigned ops_sky sky_apogee 0 0 0.0 0.0 -999 ""
FIBERMAP 1174 R-1C1 BOSS 1 1 0 1 0 0 -301.6729452391808 -23.90203780779176 143.1 -301.58784330132886 -23.895295042926183 266.0717 22.447227 177.1214476710269 56.98091537822842 -0.9463883 -0.410827 0.66277266 177.12145815228254 56.980919124774374 177.13772132301187 56.82651675096095 62.73296535675476 22.491085206892308 5400.0 5400.0 2016.0 1 425 {-999.0 20.444334 19.977571 19.789978 19.630375} sdss_psfmag 20.279387 20.209759 19.539951 -999.0 63050394824206796 1059900647 dark_10x4_4yr bhm_aqmes_med_faint bhm_filler science 0 0 0.0 0.0 -999 ""
FIBERMAP 1174 R-1C1 METROLOGY 0 0 0 1 0 0 -300.92324588370707 -24.000139513743225 143.1 -300.8383554360433 -23.9933690743864 266.0717 22.447227 -999.0 -999.0 -999.0 -999.0 -999.0 177.1275250820932 56.980568244520356 177.14379374915916 56.826188926508685 62.73127695347096 22.49737236184035 -999.0 6231.0 -999.0 -1 -999 {-999.0 -999.0 -999.0 -999.0 -999.0} "" -999.0 -999.0 -999.0 -999.0 -999 -999 "" "" "" "" 0 0 0.0 0.0 -999 ""
FIBERMAP 1176 R+12C11 APOGEE 0 0 0 1 0 0 52.752913147704874 227.21140910930743 143.1 52.73803155090591 227.1473127707977 216.90472 100.917625 -999.0 -999.0 -999.0 -999.0 -999.0 180.07227366476968 58.14243513247819 180.07589667058016 57.98748031790775 60.84630674575891 23.635200345785563 -999.0 16600.0 -999.0 2 -999 {-999.0 -999.0 -999.0 -999.0 -999.0} "" -999.0 -999.0 -999.0 -999.0 -999 -999 "" "" "" "" 0 0 0.0 0.0 -999 ""
FIBERMAP 1176 R+12C11 BOSS 1 1 0 1 0 0 52.197918344105425 227.69683388685974 143.1 52.18319331134055 227.63260061002026 216.90472 100.917625 180.06764113740616 58.14480503346295 -999.0 -999.0 -999.0 180.0676810492139 58.144753271809364 180.0711884776996 57.989710203762534 60.84617275621675 23.628335723649457 5400.0 5400.0 2016.0 1 102 {-999.0 19.52774 19.158304 18.880041 18.706047} sdss_fiber2mag_from_lsdr10 1e+20 1e+20 1e+20 15.666 63050399369198507 1162426159 dark_flexible_3x1 bhm_colr_galaxies_lsdr10_d3 bhm_filler science 0 0 0.0 0.0 -999 ""
FIBERMAP 1176 R+12C11 METROLOGY 0 0 0 1 0 0 52.906891679507524 227.94144513051168 143.1 52.89196664536474 227.87714284884038 216.90472 100.917625 -999.0 -999.0 -999.0 -999.0 -999.0 180.07372913596723 58.14578765439847 180.0772477914603 57.99076894131487 60.84331332299961 23.63204206938707 -999.0 6231.0 -999.0 -1 -999 {-999.0 -999.0 -999.0 -999.0 -999.0} "" -999.0 -999.0 -999.0 -999.0 -999 -999 "" "" "" "" 0 0 0.0 0.0 -999 ""
FIBERMAP 1177 R+4C12 APOGEE 0 0 0 1 0 0 9.966848422670997 60.255298739264745 143.1 9.964036774730962 60.238300719490404 352.57614 54.496525 -999.0 -999.0 -999.0 -999.0 -999.0 179.70379303685 57.38812105721667 179.70899020174215 57.23336802612555 61.552447295838874 24.31952599666198 -999.0 16600.0 -999.0 2 -999 {-999.0 -999.0 -999.0 -999.0 -999.0} "" -999.0 -999.0 -999.0 -999.0 -999 -999 "" "" "" "" 0 0 0.0 0.0 -999 ""
FIBERMAP 1177 R+4C12 BOSS 1 1 0 1 0 0 9.46580103856933 59.70674338650991 143.1 9.46313073609635 59.68990011420058 352.57614 54.496525 179.69910075546497 57.385711647892414 -39.85497 4.616428 14.8104515 179.69969622892947 57.385745060590835 179.70478040116063 57.23090784015282 61.55579583835603 24.31915438273967 5400.0 5400.0 2016.0 1 115 {-999.0 17.549498 16.035404 14.659365 -999.0} sdss_psfmag 16.90648 15.377896 14.1775055 11.943 63050394824208012 1132537862 bright_2x1 mwm_snc_100pc_boss mwm_snc science 0 0 1.5280758142471313 0.0 -999 ""
FIBERMAP 1177 R+4C12 METROLOGY 0 0 0 1 0 0 9.238373474717532 60.41650119183912 143.1 9.235767329560314 60.3994576968529 352.57614 54.496525 -999.0 -999.0 -999.0 -999.0 -999.0 179.69774142605323 57.3889461494004 179.70287175070814 57.234132399606 61.55397836054512 24.313156551088923 -999.0 6231.0 -999.0 -1 -999 {-999.0 -999.0 -999.0 -999.0 -999.0} "" -999.0 -999.0 -999.0 -999.0 -999 -999 "" "" "" "" 0 0 0.0 0.0 -999 ""
FIBERMAP 1189 R-13C11 APOGEE 0 0 0 1 0 0 73.6622435892488 -262.7326790598726 143.1 73.64146347033228 -262.65856217110985 232.3309 130.42995 -999.0 -999.0 -999.0 -999.0 -999.0 180.2141122316557 55.92462908270182 180.21697590218707 55.770190018959504 62.4710139061333 26.819295367609357 -999.0 16600.0 -999.0 2 189 {-999.0 -999.0 -999.0 -999.0 -999.0} "" -999.0 -999.0 -999.0 -999.0 -999 -999 "" ops_sky_apogee_best_unassigned ops_sky sky_apogee 0 0 0.0 0.0 -999 ""
FIBERMAP 1189 R-13C11 BOSS 1 1 0 1 0 0 72.92773102832733 -262.7709061707406 143.1 72.90715811540424 -262.69677849810984 232.3309 130.42995 180.20838205515165 55.924568454770665 -17.137936 -7.9543505 0.39041427 180.2083180504055 55.92455037204799 180.2110783922211 55.770032982693856 62.47336710287666 26.814224583559735 5400.0 5400.0 2016.0 1 336 {-999.0 17.620693 17.253899 17.115822 -999.0} sdss_psfmag 17.54875 17.263191 16.814026 15.889 63050394851388371 976721705 "" ops_std_boss ops_std standard_boss 0 0 0.0 0.0 -999 ""
FIBERMAP 1189 R-13C11 METROLOGY 0 0 0 1 0 0 73.28648422551196 -262.0891825818552 143.1 73.26581010831194 -262.01524722344885 232.3309 130.42995 -999.0 -999.0 -999.0 -999.0 -999.0 180.2112416244022 55.92755731889078 180.21402600708257 55.77306136266413 62.47001281155512 26.812455123693667 -999.0 6231.0 -999.0 -1 -999 {-999.0 -999.0 -999.0 -999.0 -999.0} "" -999.0 -999.0 -999.0 -999.0 -999 -999 "" "" "" "" 0 0 0.0 0.0 -999 ""
FIBERMAP 1190 R+13C5 APOGEE 0 0 0 1 0 0 -66.56187947962428 246.26390836516518 143.1 -66.54310237342308 246.19443731661536 198.15164 126.70919 -999.0 -999.0 -999.0 -999.0 -999.0 179.04743117462047 58.22691163638826 179.05574120612823 58.072016058054466 61.11748452194667 22.65653624982201 -999.0 16600.0 -999.0 2 111 {-999.0 -999.0 -999.0 -999.0 -999.0} "" -999.0 -999.0 -999.0 -999.0 -999 -999 "" ops_sky_apogee_best_unassigned ops_sky sky_apogee 0 0 0.0 0.0 -999 ""
FIBERMAP 1190 R+13C5 BOSS 1 1 0 1 0 0 -67.18025740249333 246.6690282569776 143.1 -67.16130585188009 246.59944292410634 198.15164 126.70919 179.0421863740827 58.2289156482554 4.5711317 -38.00777 0.74373204 179.04222802878914 58.22879164919039 179.0504318183173 58.07380706998666 61.11778818504955 22.64966992204978 5400.0 5400.0 2016.0 1 85 {-999.0 18.255705 17.590948 17.371761 -999.0} sdss_psfmag 18.072397 17.637047 16.985806 15.51 63050394824214207 1136899830 dark_flexible_3x1 mwm_halo_local_low_boss_triple mwm_halo science 0 0 0.0 0.0 -999 ""
FIBERMAP 1190 R+13C5 METROLOGY 0 0 0 1 0 0 -66.51876944333678 247.0148936636861 143.1 -66.50000449847681 246.9452107621836 198.15164 126.70919 -999.0 -999.0 -999.0 -999.0 -999.0 179.04785813750894 58.23034226925813 179.05607356498876 58.07538199068456 61.11471609953372 22.65255609678718 -999.0 6231.0 -999.0 -1 -999 {-999.0 -999.0 -999.0 -999.0 -999.0} "" -999.0 -999.0 -999.0 -999.0 -999 -999 "" "" "" "" 0 0 0.0 0.0 -999 ""
FIBERMAP 1192 R-11C4 APOGEE 0 0 0 1 0 0 -91.11220153310518 -230.13039210610378 143.1 -91.0864987810527 -230.06547232249065 345.3612 64.6326 -999.0 -999.0 -999.0 -999.0 -999.0 178.88081702882496 56.06960972334016 178.88930444164384 55.91524047655162 62.8532323526304 25.390314115100352 -999.0 16600.0 -999.0 2 164 {-999.0 -999.0 -999.0 -999.0 -999.0} "" -999.0 -999.0 -999.0 -999.0 -999 -999 "" ops_sky_apogee_best_unassigned ops_sky sky_apogee 0 0 0.0 0.0 -999 ""
FIBERMAP 1192 R-11C4 BOSS 1 1 0 1 0 0 -91.58529718541783 -230.7017590227846 143.1 -91.55946097308183 -230.63667805656428 345.3612 64.6326 178.87647424218983 56.06703016979713 20.918337 12.631458 10.2427845 178.87716422594394 56.06709846808405 178.88554615006558 55.912650027850695 62.856570608219684 25.390432558806083 5400.0 5400.0 2016.0 1 349 {-999.0 18.905834 17.406393 15.86749 -999.0} sdss_psfmag 18.253368 16.553371 15.304204 12.979 63050394824146296 1132408557 dark_2x1 mwm_snc_100pc_boss mwm_snc science 0 0 1.1272845268249512 0.0 -999 ""
FIBERMAP 1192 R-11C4 METROLOGY 0 0 0 1 0 0 -91.84971298430162 -230.00732374391816 143.1 -91.82380218026876 -229.94243867789 345.3612 64.6326 -999.0 -999.0 -999.0 -999.0 -999.0 178.8749063430679 56.070180206732886 178.88333263478785 55.91575400603945 62.854992101152924 25.383974202281138 -999.0 6231.0 -999.0 -1 -999 {-999.0 -999.0 -999.0 -999.0 -999.0} "" -999.0 -999.0 -999.0 -999.0 -999 -999 "" "" "" "" 0 0 0.0 0.0 -999 ""
FIBERMAP 1194 R-7C9 APOGEE 0 0 0 1 0 0 -49.122285144985284 -128.35429854803738 143.1 -49.10842774834589 -128.31808980041697 183.77217 83.3955 -999.0 -999.0 -999.0 -999.0 -999.0 179.21471041218592 56.529429702083576 179.22188775745565 56.37491898954384 62.38209064042676 25.055883846358256 -999.0 16600.0 -999.0 2 171 {-999.0 -999.0 -999.0 -999.0 -999.0} "" -999.0 -999.0 -999.0 -999.0 -999 -999 "" ops_sky_apogee_best_unassigned ops_sky sky_apogee 0 0 0.0 0.0 -999 ""
FIBERMAP 1194 R-7C9 BOSS 1 1 0 1 0 0 -49.058687195055626 -127.61395704576721 143.1 -49.0448477393979 -127.5779571484846 183.77217 83.3955 179.2152747728256 56.53285685989986 -999.0 -999.0 -999.0 179.21527922502028 56.532815953062645 179.2223307138346 56.37822253782208 62.37940302157015 25.051706550183894 5400.0 5400.0 2015.5 1 388 {-999.0 -999.0 -999.0 -999.0 -999.0} "" -999.0 -999.0 -999.0 -999.0 27021603092608927 805488503 "" ops_sky_boss_good ops_sky sky_boss 0 0 0.0 0.0 -999 ""
FIBERMAP 1194 R-7C9 METROLOGY 0 0 0 1 0 0 -48.44534548100401 -128.03814393830237 143.1 -48.43167904904382 -128.00202437789738 183.77217 83.3955 -999.0 -999.0 -999.0 -999.0 -999.0 179.22033092281825 56.530893273205855 179.2273955324382 56.376323042145756 62.37905397314432 25.058973740375848 -999.0 6231.0 -999.0 -1 -999 {-999.0 -999.0 -999.0 -999.0 -999.0} "" -999.0 -999.0 -999.0 -999.0 -999 -999 "" "" "" "" 0 0 0.0 0.0 -999 ""
FIBERMAP 1200 R+2C7 APOGEE 0 0 0 1 0 0 -134.5411089605315 23.416827865628576 143.1 -134.50315491369372 23.410221978487684 285.72623 100.129684 -999.0 -999.0 -999.0 -999.0 -999.0 178.48973249294107 57.215098326620826 178.50023961380725 57.0605066839996 62.098734363641654 23.468555102943583 -999.0 16600.0 -999.0 2 146 {-999.0 -999.0 -999.0 -999.0 -999.0} "" -999.0 -999.0 -999.0 -999.0 -999 -999 "" ops_sky_apogee_best_unassigned ops_sky sky_apogee 0 0 0.0 0.0 -999 ""
FIBERMAP 1200 R+2C7 BOSS 1 1 0 1 0 0 -135.19531933726518 23.066949860885043 143.1 -135.15718073768014 23.060442674329288 285.72623 100.129684 178.48430671434244 57.213547186212494 -999.0 -999.0 -999.0 178.484325843857 57.2135501683509 178.49473371169609 57.05887437075537 62.101864145180244 23.46566215940294 5400.0 5400.0 2015.5 1 47 {-999.0 -999.0 -999.0 -999.0 -999.0} "" -999.0 -999.0 -999.0 -999.0 27021603092665412 816856890 "" ops_sky_boss_good ops_sky sky_boss 0 0 0.0 0.0 -999 ""
FIBERMAP 1200 R+2C7 METROLOGY 0 0 0 1 0 0 -135.17111203525906 23.81549323954625 143.1 -135.1329802645539 23.808774888903375 285.72623 100.129684 -999.0 -999.0 -999.0 -999.0 -999.0 178.48441173687775 57.21692944613558 178.4948550585798 57.06227697883971 62.099142430577444 23.46129577764492 -999.0 6231.0 -999.0 -1 -999 {-999.0 -999.0 -999.0 -999.0 -999.0} "" -999.0 -999.0 -999.0 -999.0 -999 -999 "" "" "" "" 0 0 0.0 0.0 -999 ""
FIBERMAP 1203 R-3C1 APOGEE 0 0 0 1 0 0 -274.37842956969774 -60.68523866291364 143.1 -274.30102741471615 -60.66811935708684 214.41992 87.057526 -999.0 -999.0 -999.0 -999.0 -999.0 177.35401824673892 56.818837177698214 177.3693013106374 56.66451455797448 62.788363508810775 22.924215459711945 -999.0 16600.0 -999.0 2 269 {-999.0 -999.0 -999.0 -999.0 -999.0} "" -999.0 -999.0 -999.0 -999.0 -999 -999 "" ops_sky_apogee_best_unassigned ops_sky sky_apogee 0 0 0.0 0.0 -999 ""
FIBERMAP 1203 R-3C1 BOSS 1 1 0 1 0 0 -274.76660375875963 -60.06602686162377 143.1 -274.6890920998393 -60.04908223544611 214.41992 87.057526 177.35083456621382 56.82168949286907 -1.3402903 0.1766928 -0.564356 177.35080911450896 56.821666086419604 177.365993573713 56.667259030797425 62.78724289261734 22.917446845147595 5400.0 5400.0 2016.0 1 496 {-999.0 20.598402 20.493498 20.355974 20.329138} sdss_psfmag_from_gaiadr2 20.3256 20.5014 20.036772 -999.0 63050394824206397 1055794848 dark_flexible_2x2 bhm_gua_dark bhm_filler science 0 0 0.0 0.0 -999 ""
FIBERMAP 1203 R-3C1 METROLOGY 0 0 0 1 0 0 -274.0312069200383 -60.028933483358315 143.1 -273.9539027165662 -60.01199932122266 214.41992 87.057526 -999.0 -999.0 -999.0 -999.0 -999.0 177.35673198616274 56.82190599453862 177.37192324980788 56.66752171467374 62.78509010715581 22.922825984741905 -999.0 6231.0 -999.0 -1 -999 {-999.0 -999.0 -999.0 -999.0 -999.0} "" -999.0 -999.0 -999.0 -999.0 -999 -999 "" "" "" "" 0 0 0.0 0.0 -999 ""
FIBERMAP 1207 R-4C13 APOGEE 0 0 0 1 0 0 38.27154182690747 -81.82117654766269 143.1 38.2607454249581 -81.7980947937586 11.685404 88.82287 -999.0 -999.0 -999.0 -999.0 -999.0 179.93731594392406 56.74095877577382 179.94141730399485 56.586343114666306 61.963335141458074 25.409315544286642 -999.0 16600.0 -999.0 2 -999 {-999.0 -999.0 -999.0 -999.0 -999.0} "" -999.0 -999.0 -999.0 -999.0 -999 -999 "" "" "" "" 0 0 0.0 0.0 -999 ""
FIBERMAP 1207 R-4C13 BOSS 1 1 0 1 0 0 38.42347168756359 -82.5289174227055 143.1 38.41263242620053 -82.50563601510056 11.685404 88.82287 179.93869133522037 56.73777898707418 0.3619201 -0.03738816 -0.12977612 179.9387110840286 56.73777931658638 179.94267669201406 56.58308215605088 61.96534408492409 25.41497622850403 5400.0 5400.0 2016.0 1 363 {-999.0 19.043383 18.922709 18.85359 18.932781} sdss_psfmag 19.345116 19.235006 18.868778 -999.0 63050394824150531 1059897577 dark_10x4_4yr bhm_aqmes_med bhm_aqmes science 0 0 0.0 0.0 -999 ""
FIBERMAP 1207 R-4C13 METROLOGY 0 0 0 1 0 0 37.70925166274492 -82.31157613146945 143.1 37.69861388285086 -82.28835603584277 11.685404 88.82287 -999.0 -999.0 -999.0 -999.0 -999.0 179.9327508538605 56.73876459278032 179.93677900313867 56.58409083357457 61.966710196401266 25.40834942657682 -999.0 6231.0 -999.0 -1 -999 {-999.0 -999.0 -999.0 -999.0 -999.0} "" -999.0 -999.0 -999.0 -999.0 -999 -999 "" "" "" "" 0 0 0.0 0.0 -999 ""
FIBERMAP 1208 R-3C19 APOGEE 0 0 0 1 0 0 156.07127634986048 -57.843002221497976 143.1 156.0272486428022 -57.82668471057129 340.75574 136.0237 -999.0 -999.0 -999.0 -999.0 -999.0 180.91621639255223 56.84433929210552 180.91608024328445 56.68966383298029 61.52991541462008 26.110314050339184 -999.0 16600.0 -999.0 2 -999 {-999.0 -999.0 -999.0 -999.0 -999.0} "" -999.0 -999.0 -999.0 -999.0 -999 -999 "" "" "" "" 0 0 0.0 0.0 -999 ""
FIBERMAP 1208 R-3C19 BOSS 1 1 0 1 0 0 156.42410334336375 -58.47695797746881 143.1 156.3799761038106 -58.46046162762337 340.75574 136.0237 180.91992776722634 56.84166251150011 -131.87914 -63.998077 7.486817 180.91925678029196 56.841495453174915 180.91897168454125 56.68673879592078 61.5310062623743 26.116910441760467 5400.0 5400.0 2016.0 1 289 {-999.0 19.635689 18.227642 16.515486 -999.0} sdss_psfmag 19.019485 17.173899 15.890323 13.382 63050394851391259 1092559688 dark_flexible_2x1 mwm_cb_galex_vol_boss mwm_cb science 0 0 0.0 0.0 -999 ""
FIBERMAP 1208 R-3C19 METROLOGY 0 0 0 1 0 0 155.68257029927292 -58.47984567694714 143.1 155.6386522461915 -58.46334851248168 340.75574 136.0237 -999.0 -999.0 -999.0 -999.0 -999.0 180.9130703630201 56.84152014079179 180.9128506648807 56.68678674417175 61.533236379193546 26.111632087145153 -999.0 6231.0 -999.0 -1 -999 {-999.0 -999.0 -999.0 -999.0 -999.0} "" -999.0 -999.0 -999.0 -999.0 -999 -999 "" "" "" "" 0 0 0.0 0.0 -999 ""
FIBERMAP 1213 R+9C2 APOGEE 0 0 0 1 0 0 -175.84300253221102 175.39497286629665 143.1 -175.7933972211967 175.34549394445108 95.77086 172.30139 -999.0 -999.0 -999.0 -999.0 -999.0 178.1214381313832 57.898928174996726 178.13383677907075 57.74422506767579 61.67470776581169 22.25564853828513 -999.0 16600.0 -999.0 2 -999 {-999.0 -999.0 -999.0 -999.0 -999.0} "" -999.0 -999.0 -999.0 -999.0 -999 -999 "" "" "" "" 0 0 0.0 0.0 -999 ""
FIBERMAP 1213 R+9C2 BOSS 1 1 0 1 0 0 -175.81732940515798 176.14191503317505 143.1 -175.7677313365328 176.0922253989442 95.77086 172.30139 178.12165523505044 57.90236094754065 -999.0 -999.0 -999.0 178.12165119271518 57.90239371170226 178.1339271772066 57.747601384601474 61.6719696203075 22.251484228484856 5400.0 5400.0 2016.0 1 19 {-999.0 20.585815 19.306437 18.729223 18.329584} sdss_fiber2mag_from_lsdr10 1e+20 1e+20 1e+20 15.119 63050394824213610 1062320029 dark_flexible_2x2 bhm_colr_galaxies_lsdr10 bhm_filler science 0 0 0.0 0.0 -999 ""
FIBERMAP 1213 R+9C2 METROLOGY 0 0 0 1 0 0 -175.1833050421342 175.74348570981624 143.1 -175.13388583178184 175.6939084724975 95.77086 172.30139 -999.0 -999.0 -999.0 -999.0 -999.0 178.12703771951243 57.90065622716492 178.13932361385275 57.74588857977504 61.671625428998354 22.25850815528446 -999.0 6231.0 -999.0 -1 -999 {-999.0 -999.0 -999.0 -999.0 -999.0} "" -999.0 -999.0 -999.0 -999.0 -999 -999 "" "" "" "" 0 0 0.0 0.0 -999 ""
FIBERMAP 1215 R-1C15 APOGEE 0 0 0 1 0 0 34.49146779078547 -11.075365943514571 143.1 34.481737747721695 -11.072241582781906 30.726746 157.86633 -999.0 -999.0 -999.0 -999.0 -999.0 179.90855471615112 57.063013052559754 179.91281272758806 56.90832331577623 61.72951817863394 24.9389859928732 -999.0 16600.0 -999.0 2 -999 {-999.0 -999.0 -999.0 -999.0 -999.0} "" -999.0 -999.0 -999.0 -999.0 -999 -999 "" "" "" "" 0 0 0.0 0.0 -999 ""
FIBERMAP 1215 R-1C15 BOSS 1 1 0 1 0 0 35.2220672707715 -10.9477949349875 143.1 35.21213112559441 -10.944706562036341 30.726746 157.86633 179.91487596102743 57.063646002803324 -1.1398369 -2.0419874 -0.6080887 179.91484582209176 57.06365778089626 179.91894569001272 56.90888397638197 61.72691716349137 24.943592756281873 5400.0 5400.0 2016.0 1 272 {-999.0 21.199425 20.961006 20.664124 20.529737} sdss_psfmag 20.419369 20.477324 19.77541 -999.0 63050394824151777 1059900602 dark_10x4_4yr bhm_aqmes_med_faint bhm_filler science 0 0 0.0 0.0 -999 ""
FIBERMAP 1215 R-1C15 METROLOGY 0 0 0 1 0 0 34.96954706736384 -11.648167991187336 143.1 34.95968215813614 -11.644882042997022 30.726746 157.86633 -999.0 -999.0 -999.0 -999.0 -999.0 179.91266160895066 57.06044990605415 179.91680776455064 56.90570067111484 61.730095746140904 24.946084250674858 -999.0 6231.0 -999.0 -1 -999 {-999.0 -999.0 -999.0 -999.0 -999.0} "" -999.0 -999.0 -999.0 -999.0 -999 -999 "" "" "" "" 0 0 0.0 0.0 -999 ""
FIBERMAP 1222 R+1C10 APOGEE 0 0 0 1 0 0 -75.24975155860193 6.235397780423499 143.1 -75.22852360368725 6.233638774709642 287.54828 114.46755 -999.0 -999.0 -999.0 -999.0 -999.0 178.98820533165858 57.14052310099231 178.99650479463378 56.98589112771901 61.98913001875098 24.01871156356168 -999.0 16600.0 -999.0 2 -999 {-999.0 -999.0 -999.0 -999.0 -999.0} "" -999.0 -999.0 -999.0 -999.0 -999 -999 "" "" "" "" 0 0 0.0 0.0 -999 ""
FIBERMAP 1222 R+1C10 BOSS 1 1 0 1 0 0 -75.79647774773889 5.715280365869182 143.1 -75.77509556136626 5.713668085277971 287.54828 114.46755 178.9837030711658 57.13822293437946 0.3518547 0.14700015 0.29184458 178.98371587917396 57.1382188416113 178.99190917734586 56.98350334184616 61.992560819160595 24.017756751693867 5400.0 5400.0 2016.0 1 30 {-999.0 19.904024 19.833609 19.60484 19.625471} sdss_psfmag 19.765244 19.690145 19.233894 -999.0 63050394824207418 1059900661 dark_10x4_4yr bhm_aqmes_med_faint bhm_filler science 0 0 0.0 0.0 -999 ""
FIBERMAP 1222 R+1C10 METROLOGY 0 0 0 1 0 0 -75.96555489708832 6.4458438807045955 143.1 -75.94412501405186 6.444025508145849 287.54828 114.46755 -999.0 -999.0 -999.0 -999.0 -999.0 178.98221957416482 57.14151320762189 178.99045575055527 56.98682103460216 61.99047656545591 24.01200716935358 -999.0 6231.0 -999.0 -1 -999 {-999.0 -999.0 -999.0 -999.0 -999.0} "" -999.0 -999.0 -999.0 -999.0 -999 -999 "" "" "" "" 0 0 0.0 0.0 -999 ""
FIBERMAP 1226 R+8C2 APOGEE 0 0 0 1 0 0 -198.33686079363795 147.74705707741415 143.1 -198.28090996520808 147.70537763261262 253.56789 51.654335 -999.0 -999.0 -999.0 -999.0 -999.0 177.93564552434913 57.77144353005427 177.94882440626782 57.61679851227149 61.835980708307815 22.248118526618214 -999.0 16600.0 -999.0 2 -999 {-999.0 -999.0 -999.0 -999.0 -999.0} "" -999.0 -999.0 -999.0 -999.0 -999 -999 "" "" "" "" 0 0 0.0 0.0 -999 ""
FIBERMAP 1226 R+8C2 BOSS 1 1 0 1 0 0 -198.7768346724003 148.3473951056088 143.1 -198.7207597273392 148.30554630544952 253.56789 51.654335 177.9318925217035 57.77417725152381 0.97722805 2.5801973 -1.2586296 177.9319371673723 57.77418734661817 177.94501249205996 57.619454293762004 61.83505840780255 22.24129593356372 5400.0 5400.0 2016.0 1 69 {-999.0 18.593939 18.003012 17.602375 -999.0} sdss_psfmag 18.515547 19.490614 17.214546 14.826 63050394824212707 1092182314 dark_flexible_2x1 mwm_cb_galex_mag_boss mwm_cb science 0 0 0.0 0.0 -999 ""
FIBERMAP 1226 R+8C2 METROLOGY 0 0 0 1 0 0 -198.0427535224092 148.4327413294735 143.1 -197.98688566164054 148.39086845314446 253.56789 51.654335 -999.0 -999.0 -999.0 -999.0 -999.0 177.93807320677197 57.77464712990319 177.9511556135592 57.61993794920687 61.832714017339796 22.246291748133615 -999.0 6231.0 -999.0 -1 -999 {-999.0 -999.0 -999.0 -999.0 -999.0} "" -999.0 -999.0 -999.0 -999.0 -999 -999 "" "" "" "" 0 0 0.0 0.0 -999 ""
FIBERMAP 1229 R-10C17 APOGEE 0 0 0 1 0 0 193.16665388359777 -179.7752626827222 143.1 193.1121615705372 -179.72454808111942 96.94671 54.58947 -999.0 -999.0 -999.0 -999.0 -999.0 181.19415129570578 56.290684711630156 181.19286664920685 56.13613747878178 61.830870277387554 27.141439985450006 -999.0 16600.0 -999.0 2 188 {-999.0 -999.0 -999.0 -999.0 -999.0} "" -999.0 -999.0 -999.0 -999.0 -999 -999 "" ops_sky_apogee_best_unassigned ops_sky sky_apogee 0 0 0.0 0.0 -999 ""
FIBERMAP 1229 R-10C17 BOSS 1 1 0 1 0 0 193.8033329082778 -180.1289136798206 143.1 193.7486609880644 -180.07809931327154 96.94671 54.58947 181.1988423497495 56.28893278299126 -12.84627 54.469448 10.192476 181.19935570211092 56.28912744634642 181.19791391376418 56.134501250860815 61.83012060421652 27.148147073451184 5400.0 5400.0 2016.0 1 329 {-999.0 18.127878 16.56649 15.360171 -999.0} sdss_psfmag 17.446419 16.040297 14.875321 12.808 63050394851389761 1132408176 dark_2x1 mwm_snc_100pc_boss mwm_snc science 0 0 1.2968356609344482 0.0 -999 ""
FIBERMAP 1229 R-10C17 METROLOGY 0 0 0 1 0 0 193.17615219569126 -180.51989766014628 143.1 193.12165720315687 -180.46897299701638 96.94671 54.58947 -999.0 -999.0 -999.0 -999.0 -999.0 181.19414765422366 56.287395012562506 181.19276652807127 56.132791704595476 61.83333534500338 27.146233707346482 -999.0 6231.0 -999.0 -1 -999 {-999.0 -999.0 -999.0 -999.0 -999.0} "" -999.0 -999.0 -999.0 -999.0 -999 -999 "" "" "" "" 0 0 0.0 0.0 -999 ""
FIBERMAP 1232 R-4C22 APOGEE 0 0 0 1 0 0 216.0311794326691 -84.23939114992162 143.1 215.97023703695115 -84.21562721767823 193.4937 140.62482 -999.0 -999.0 -999.0 -999.0 -999.0 181.40365845514646 56.719432963253226 181.4014235610183 56.564786160863484 61.440008230979686 26.698292205423286 -999.0 16600.0 -999.0 2 -999 {-999.0 -999.0 -999.0 -999.0 -999.0} "" -999.0 -999.0 -999.0 -999.0 -999 -999 "" "" "" "" 0 0 0.0 0.0 -999 ""
FIBERMAP 1232 R-4C22 BOSS 1 1 0 1 0 0 215.35989531055793 -83.93011453298446 143.1 215.29914228409083 -83.90643784767471 193.4937 140.62482 181.39838920774508 56.72097737387388 -999.0 -999.0 -999.0 181.39844602910705 56.720965141577 181.3960951152484 56.56623698400292 61.44096494159584 26.691741021116968 5400.0 5400.0 2016.0 1 322 {-999.0 22.177073 20.624834 20.036726 19.642778} sdss_fiber2mag_from_lsdr10 1e+20 1e+20 1e+20 -999.0 63050394851390443 1063012453 dark_flexible_2x2 bhm_colr_galaxies_lsdr10 bhm_filler science 0 0 0.0 0.0 -999 ""
FIBERMAP 1232 R-4C22 METROLOGY 0 0 0 1 0 0 215.96643566001032 -83.49610774205239 143.1 215.90551152851063 -83.47255349005836 193.4937 140.62482 -999.0 -999.0 -999.0 -999.0 -999.0 181.40345783317784 56.72284804387989 181.40112416707927 56.568142429146626 61.437678178943585 26.693227785235024 -999.0 6231.0 -999.0 -1 -999 {-999.0 -999.0 -999.0 -999.0 -999.0} "" -999.0 -999.0 -999.0 -999.0 -999 -999 "" "" "" "" 0 0 0.0 0.0 -999 ""
FIBERMAP 1240 R+7C16 APOGEE 0 0 0 1 0 0 135.87649972913488 120.10673777537538 143.1 135.8381689685613 120.07285566464896 2.5761836 52.15032 -999.0 -999.0 -999.0 -999.0 -999.0 180.77277756394716 57.65402120102887 180.77323060081335 57.499156846842574 60.97776247983413 24.86886540269205 -999.0 16600.0 -999.0 2 66 {-999.0 -999.0 -999.0 -999.0 -999.0} "" -999.0 -999.0 -999.0 -999.0 -999 -999 "" ops_sky_apogee_best_unassigned ops_sky sky_apogee 0 0 0.0 0.0 -999 ""
FIBERMAP 1240 R+7C16 BOSS 1 1 0 1 0 0 135.44911506544582 119.50387504946825 143.1 135.41090487008586 119.4701630063168 2.5761836 52.15032 180.76921622013487 57.65155023267709 11.916808 -31.539988 2.3941858 180.76931290178982 57.65145160877394 180.76964277112802 57.496502616347605 60.98102964237475 24.869474140104444 5400.0 5400.0 2016.0 1 201 {-999.0 20.930815 19.542328 18.170784 -999.0} sdss_psfmag 20.388372 18.948496 17.758476 15.602 63050394851418726 1118363047 dark_1x1 openfibertargets_mwm_snc_further_ext_boss open_fiber science 0 0 0.0 0.0 -999 ""
FIBERMAP 1240 R+7C16 METROLOGY 0 0 0 1 0 0 135.12692702971873 120.16928517631895 143.1 135.08880772360365 120.13538542097072 2.5761836 52.15032 -999.0 -999.0 -999.0 -999.0 -999.0 180.7666105215683 57.654462380468395 180.7669916834219 57.49953689605367 60.97968233084198 24.863147040917283 -999.0 6231.0 -999.0 -1 -999 {-999.0 -999.0 -999.0 -999.0 -999.0} "" -999.0 -999.0 -999.0 -999.0 -999 -999 "" "" "" "" 0 0 0.0 0.0 -999 ""
FIBERMAP 1241 R+7C13 APOGEE 0 0 0 1 0 0 61.77541980447025 140.5133977914052 143.1 61.75799295854342 140.47375896188825 314.57144 175.39644 -999.0 -999.0 -999.0 -999.0 -999.0 180.145714380558 57.75136884359476 180.14897831603025 57.59650321718161 61.12188564824029 24.212600098561666 -999.0 16600.0 -999.0 2 48 {-999.0 -999.0 -999.0 -999.0 -999.0} "" -999.0 -999.0 -999.0 -999.0 -999 -999 "" ops_sky_apogee_best_unassigned ops_sky sky_apogee 0 0 0.0 0.0 -999 ""
FIBERMAP 1241 R+7C13 BOSS 1 1 0 1 0 0 62.25678648167562 139.94356795415186 143.1 62.23922384220914 139.904089873632 314.57144 175.39644 180.14997215557506 57.748859557543625 -999.0 -999.0 -999.0 180.14996253899727 57.74890704127242 180.15307194622198 57.593955573117526 61.122423546511584 24.219471908710375 5400.0 5400.0 2016.0 1 150 {-999.0 22.00243 20.389515 19.792828 19.391132} sdss_fiber2mag_from_lsdr10 1e+20 1e+20 1e+20 15.835 63050394851419043 1063014100 dark_flexible_2x2 bhm_colr_galaxies_lsdr10 bhm_filler science 0 0 0.0 0.0 -999 ""
FIBERMAP 1241 R+7C13 METROLOGY 0 0 0 1 0 0 61.52098529697355 139.80920830525307 143.1 61.503630227021276 139.76976812759017 314.57144 175.39644 -999.0 -999.0 -999.0 -999.0 -999.0 180.1436464414739 57.74829545552756 180.14682253109584 57.59336887668158 61.12502816612749 24.214945925412906 -999.0 6231.0 -999.0 -1 -999 {-999.0 -999.0 -999.0 -999.0 -999.0} "" -999.0 -999.0 -999.0 -999.0 -999 -999 "" "" "" "" 0 0 0.0 0.0 -999 ""
FIBERMAP 1251 R+6C7 APOGEE 0 0 0 1 0 0 -100.21634391622024 128.3066773963668 143.1 -100.18807288560149 128.2704820826733 151.50871 95.442085 -999.0 -999.0 -999.0 -999.0 -999.0 178.7675094163804 57.69385291833308 178.77693714488805 57.53911434559669 61.629448419931634 23.09408795819195 -999.0 16600.0 -999.0 2 100 {-999.0 -999.0 -999.0 -999.0 -999.0} "" -999.0 -999.0 -999.0 -999.0 -999 -999 "" ops_sky_apogee_best_unassigned ops_sky sky_apogee 0 0 0.0 0.0 -999 ""
FIBERMAP 1251 R+6C7 BOSS 1 1 0 1 0 0 -99.90923162273826 128.98358041194535 143.1 -99.8810472284975 128.94719414391116 151.50871 95.442085 178.77012709738307 57.697087413619805 -999.0 -999.0 -999.0 178.77011768363292 57.69707131894906 178.77940836962114 57.54224464759705 61.62616388526551 23.092241705285517 5400.0 5400.0 2016.0 1 66 {-999.0 21.718897 20.349226 19.81347 19.45261} sdss_fiber2mag_from_lsdr10 1e+20 1e+20 1e+20 16.316 63050394824209001 1062319664 dark_flexible_2x2 bhm_colr_galaxies_lsdr10 bhm_filler science 0 0 0.0 0.0 -999 ""
FIBERMAP 1251 R+6C7 METROLOGY 0 0 0 1 0 0 -99.4612889406455 128.3472017619664 143.1 -99.43323091103535 128.31099501634935 151.50871 95.442085 -999.0 -999.0 -999.0 -999.0 -999.0 178.77394896312003 57.69418687335192 178.78325745883626 57.539385122170266 61.62714996939039 23.099369096815565 -999.0 6231.0 -999.0 -1 -999 {-999.0 -999.0 -999.0 -999.0 -999.0} "" -999.0 -999.0 -999.0 -999.0 -999 -999 "" "" "" "" 0 0 0.0 0.0 -999 ""
FIBERMAP 1252 R+13C7 APOGEE 0 0 0 1 0 0 -28.88195439243614 261.1895626934786 143.1 -28.873806793102034 261.1158811178428 200.69296 58.46355 -999.0 -999.0 -999.0 -999.0 -999.0 179.3708739859369 58.29498895570783 179.37772090065425 58.14004672580238 60.959158294820654 22.846945216815698 -999.0 16600.0 -999.0 2 46 {-999.0 -999.0 -999.0 -999.0 -999.0} "" -999.0 -999.0 -999.0 -999.0 -999 -999 "" "" "" "" 0 0 0.0 0.0 -999 ""
FIBERMAP 1252 R+13C7 BOSS 1 1 0 1 0 0 -28.77575294934225 261.9216517804562 143.1 -28.767635309435242 261.84776368248896 200.69296 58.46355 179.37195797129138 58.29839450205382 -1.5657717 -4.8723245 0.28614977 179.3719065103212 58.298351773411966 179.37861644220493 58.14331952159297 60.95629426455462 22.84354044574434 5400.0 5400.0 2016.0 1 167 {-999.0 17.605476 17.269594 17.15375 -999.0} sdss_psfmag 17.53482 17.266369 16.838533 15.999 63050394824213386 976596093 "" ops_std_boss ops_std standard_boss 0 0 0.0 0.0 -999 ""
FIBERMAP 1252 R+13C7 METROLOGY 0 0 0 1 0 0 -28.18846483441751 261.4605543635718 143.1 -28.18051286848772 261.38679634118586 200.69296 58.46355 -999.0 -999.0 -999.0 -999.0 -999.0 179.37693101134138 58.296283574801414 179.38365518135788 58.14127665077776 60.95625430234401 22.8504476939828 -999.0 6231.0 -999.0 -1 -999 {-999.0 -999.0 -999.0 -999.0 -999.0} "" -999.0 -999.0 -999.0 -999.0 -999 -999 "" "" "" "" 0 0 0.0 0.0 -999 ""
FIBERMAP 1254 R+2C6 APOGEE 0 0 0 1 0 0 -152.15796460788724 50.714155661590716 143.1 -152.11504084607137 50.699849198278585 68.15373 118.29084 -999.0 -999.0 -999.0 -999.0 -999.0 178.33837315920132 57.33762716569785 178.3495888696957 57.18302651984022 62.05209691419532 23.1701849719704 -999.0 16600.0 -999.0 2 -999 {-999.0 -999.0 -999.0 -999.0 -999.0} "" -999.0 -999.0 -999.0 -999.0 -999 -999 "" "" "" "" 0 0 0.0 0.0 -999 ""
FIBERMAP 1254 R+2C6 BOSS 1 1 0 1 0 0 -151.44579550531884 50.809808142579385 143.1 -151.4030726464068 50.79547469570237 68.15373 118.29084 178.34442219572404 57.33826226684107 -6.8636723 -12.150525 0.15362267 178.34434857830144 57.338230340139184 178.35541604524963 57.18354291124103 62.0497598013506 23.17484872629359 5400.0 5400.0 2016.0 1 48 {-999.0 17.347475 17.059013 16.954926 16.93208} sdss_psfmag_from_gaia 17.3131 17.0633 16.634 15.958 63050394824208549 969183438 "" ops_std_boss_gdr2 ops_std standard_boss 0 0 0.0 0.0 -999 ""
FIBERMAP 1254 R+2C6 METROLOGY 0 0 0 1 0 0 -151.70907221159328 50.11820465935875 143.1 -151.6662750823224 50.10406631382435 68.15373 118.29084 -999.0 -999.0 -999.0 -999.0 -999.0 178.34222750511353 57.335037575157806 178.35333779468965 57.18037551932923 62.05295592211519 23.17707209028117 -999.0 6231.0 -999.0 -1 -999 {-999.0 -999.0 -999.0 -999.0 -999.0} "" -999.0 -999.0 -999.0 -999.0 -999 -999 "" "" "" "" 0 0 0.0 0.0 -999 ""
FIBERMAP 1256 R-7C15 APOGEE 0 0 0 1 0 0 110.27373821144394 -141.3775765634789 143.1 110.2426299898945 -141.33769394913034 312.67026 134.11577 -999.0 -999.0 -999.0 -999.0 -999.0 180.52627792418897 56.46848831520675 180.5278337264076 56.313909856340764 61.95205778075587 26.30957964772614 -999.0 16600.0 -999.0 2 -999 {-999.0 -999.0 -999.0 -999.0 -999.0} "" -999.0 -999.0 -999.0 -999.0 -999 -999 "" "" "" "" 0 0 0.0 0.0 -999 ""
FIBERMAP 1256 R-7C15 BOSS 1 1 0 1 0 0 110.17803442348216 -142.21133953172608 143.1 110.1469531999713 -142.1712217128442 312.67026 134.11577 180.52546829658237 56.464959139961366 21.39957 -70.170425 8.934102 180.52557438420158 56.4647588381579 180.5270013602834 56.31010069161676 61.95518897524671 26.314296444349793 5400.0 5400.0 2016.0 1 317 {-999.0 21.0286 19.360054 17.378405 -999.0} sdss_psfmag 20.313988 18.112244 16.709517 13.976 63050394851390695 1077862110 bright_flexible_2x1 mwm_snc_ext_main_boss mwm_snc science 0 0 0.0 0.0 -999 ""
FIBERMAP 1256 R-7C15 METROLOGY 0 0 0 1 0 0 109.61337815323215 -141.72483233957243 143.1 109.58245621925512 -141.68485176436945 312.67026 134.11577 -999.0 -999.0 -999.0 -999.0 -999.0 180.5209600038378 56.46696982236641 180.52244410145897 56.31233413099641 61.955233414402684 26.30712261255661 -999.0 6231.0 -999.0 -1 -999 {-999.0 -999.0 -999.0 -999.0 -999.0} "" -999.0 -999.0 -999.0 -999.0 -999 -999 "" "" "" "" 0 0 0.0 0.0 -999 ""
FIBERMAP 1260 R+1C4 APOGEE 0 0 0 1 0 0 -206.07690426697474 5.99566478593238 143.1 -206.01876997228104 5.993973408896269 310.413 102.77225 -999.0 -999.0 -999.0 -999.0 -999.0 177.89701963194136 57.12903687015067 177.91009014603333 56.97454966454649 62.362769370881736 23.034556857707457 -999.0 16600.0 -999.0 2 -999 {-999.0 -999.0 -999.0 -999.0 -999.0} "" -999.0 -999.0 -999.0 -999.0 -999 -999 "" "" "" "" 0 0 0.0 0.0 -999 ""
FIBERMAP 1260 R+1C4 BOSS 1 1 0 1 0 0 -206.5013033560333 5.384914578959876 143.1 -206.4430493383566 5.383395494557152 310.413 102.77225 177.89363190903143 57.126291983792015 0.13203606 0.25037315 -0.5305592 177.8936648960041 57.12630367741075 177.9066304489677 56.971732378827824 62.36615371166826 23.03498259684028 5400.0 5400.0 2016.0 1 62 {-999.0 19.139065 18.908909 18.746153 18.456358} sdss_psfmag 19.295614 19.328342 18.34304 16.339 63050394824206650 1059897590 dark_10x4_4yr bhm_aqmes_med bhm_aqmes science 0 0 0.0 0.0 -999 ""
FIBERMAP 1260 R+1C4 METROLOGY 0 0 0 1 0 0 -206.8201692163821 6.060620120541849 143.1 -206.76182524664617 6.058910419605844 310.413 102.77225 -999.0 -999.0 -999.0 -999.0 -999.0 177.89086644980182 57.12930686742245 177.9038791025281 56.9747594500172 62.36464545196465 23.028465677791644 -999.0 6231.0 -999.0 -1 -999 {-999.0 -999.0 -999.0 -999.0 -999.0} "" -999.0 -999.0 -999.0 -999.0 -999 -999 "" "" "" "" 0 0 0.0 0.0 -999 ""
FIBERMAP 1265 R+5C6 APOGEE 0 0 0 1 0 0 -138.1472376028319 103.58506488880285 143.1 -138.10826626710414 103.55584354199772 179.51482 86.98258 -999.0 -999.0 -999.0 -999.0 -999.0 178.4491081441541 57.57880293397051 178.45991904393907 57.42413059274277 61.82466881168607 22.958037166703775 -999.0 16600.0 -999.0 2 -999 {-999.0 -999.0 -999.0 -999.0 -999.0} "" -999.0 -999.0 -999.0 -999.0 -999 -999 "" "" "" "" 0 0 0.0 0.0 -999 ""
FIBERMAP 1265 R+5C6 BOSS 1 1 0 1 0 0 -138.16089735461324 104.31383665107906 143.1 -138.1219221654695 104.2844097177598 179.51482 86.98258 178.44887800716552 57.582255622332426 11.301893 -13.041357 0.85497004 178.44894366322208 57.582224296261415 178.45963267721902 57.427464382472515 61.822118848605854 22.95347746975756 5400.0 5400.0 2016.0 1 50 {-999.0 17.390041 16.909674 16.750687 -999.0} sdss_psfmag_gaia 17.045067 16.94248 16.170437 -999.0 63050394824208862 1092367154 dark_flexible_2x1 mwm_cb_galex_vol_boss mwm_cb science 0 0 0.0 0.0 -999 ""
FIBERMAP 1265 R+5C6 METROLOGY 0 0 0 1 0 0 -137.50847098229724 103.97060241616244 143.1 -137.46967984263313 103.94127230922084 179.51482 86.98258 -999.0 -999.0 -999.0 -999.0 -999.0 178.45447206244478 57.58069741869277 178.46517100884728 57.425961749792776 61.82149402236967 22.96042336504854 -999.0 6231.0 -999.0 -1 -999 {-999.0 -999.0 -999.0 -999.0 -999.0} "" -999.0 -999.0 -999.0 -999.0 -999 -999 "" "" "" "" 0 0 0.0 0.0 -999 ""
FIBERMAP 1266 R-1C23 APOGEE 0 0 0 1 0 0 206.17905904903506 -4.780344160244898 143.1 206.12089593647732 -4.778995625157293 136.3193 92.63356 -999.0 -999.0 -999.0 -999.0 -999.0 181.34082546726975 57.08041508114839 181.33881465282138 56.925682719092656 61.199545519654436 26.1329879749905 -999.0 16600.0 -999.0 2 -999 {-999.0 -999.0 -999.0 -999.0 -999.0} "" -999.0 -999.0 -999.0 -999.0 -999 -999 "" "" "" "" 0 0 0.0 0.0 -999 ""
FIBERMAP 1266 R-1C23 BOSS 1 1 0 1 0 0 206.6586074443311 -4.201504274942588 143.1 206.60030905117105 -4.200319030586627 136.3193 92.63356 181.3451766504383 57.08307839246295 -0.0021990999 -0.47192076 -0.5958997 181.34514167106082 57.083066569849386 181.34297189860501 56.92825113002033 61.196119511839896 26.13282806235236 5400.0 5400.0 2016.0 1 312 {-999.0 20.569128 20.408484 20.228928 19.974775} sdss_psfmag 20.362722 20.370258 20.009417 -999.0 63050394851417188 1059903069 dark_10x4_4yr bhm_aqmes_med_faint bhm_filler science 0 0 0.0 0.0 -999 ""
FIBERMAP 1266 R-1C23 METROLOGY 0 0 0 1 0 0 206.91311247911517 -4.913863980119846 143.1 206.85474229008483 -4.912477779091054 136.3193 92.63356 -999.0 -999.0 -999.0 -999.0 -999.0 181.34703804689948 57.0797846537761 181.34489999816378 56.924993387787275 61.197797667999055 26.139021334467998 -999.0 6231.0 -999.0 -1 -999 {-999.0 -999.0 -999.0 -999.0 -999.0} "" -999.0 -999.0 -999.0 -999.0 -999 -999 "" "" "" "" 0 0 0.0 0.0 -999 ""
FIBERMAP 1270 R+5C12 APOGEE 0 0 0 1 0 0 8.446906444577678 84.44343496957427 143.1 8.444523572269663 84.41961347656935 255.58778 120.691154 -999.0 -999.0 -999.0 -999.0 -999.0 179.69112682593232 57.4981491847145 179.6963952640939 57.343371025940236 61.4721658112142 24.161212429168017 -999.0 16600.0 -999.0 2 8 {-999.0 -999.0 -999.0 -999.0 -999.0} "" -999.0 -999.0 -999.0 -999.0 -999 -999 "" ops_sky_apogee_best_unassigned ops_sky sky_apogee 0 0 0.0 0.0 -999 ""
FIBERMAP 1270 R+5C12 BOSS 1 1 0 1 0 0 7.730190769936799 84.24962188769943 143.1 7.7280100831206004 84.22585506936491 255.58778 120.691154 179.68513751802297 57.49740118842803 -999.0 -999.0 -999.0 179.68519311435918 57.49740001886742 179.69035660427824 57.342536941907554 61.474886444216395 24.15707095254288 5400.0 5400.0 2016.0 1 116 {-999.0 21.110197 19.522652 18.892136 -999.0} sdss_psfmag 20.312826 21.66993 18.590464 16.043 63050394824208266 1117931547 bright_1x1 openfibertargets_bhm_lofarradio_boss open_fiber science 0 0 0.0 0.0 -999 ""
FIBERMAP 1270 R+5C12 METROLOGY 0 0 0 1 0 0 7.916954810615341 84.96316603714183 143.1 7.914721437663267 84.93919792800276 255.58778 120.691154 -999.0 -999.0 -999.0 -999.0 -999.0 179.68674139538842 57.50061099733262 179.69193561944758 57.34577127625509 61.47185176598414 24.154126302267116 -999.0 6231.0 -999.0 -1 -999 {-999.0 -999.0 -999.0 -999.0 -999.0} "" -999.0 -999.0 -999.0 -999.0 -999 -999 "" "" "" "" 0 0 0.0 0.0 -999 ""
FIBERMAP 1271 R-4C14 APOGEE 0 0 0 1 0 0 25.898673419551418 -77.27048802633479 143.1 25.891367403779764 -77.24869002166257 219.20454 69.968376 -999.0 -999.0 -999.0 -999.0 -999.0 179.83477306592482 56.76183515819807 179.83931974976997 56.60722093266295 61.984296815776624 25.289759689861512 -999.0 16600.0 -999.0 2 -999 {-999.0 -999.0 -999.0 -999.0 -999.0} "" -999.0 -999.0 -999.0 -999.0 -999 -999 "" "" "" "" 0 0 0.0 0.0 -999 ""
FIBERMAP 1271 R-4C14 BOSS 1 1 0 1 0 0 25.650471400894315 -76.57366504097025 143.1 25.643235402912122 -76.5520636100622 219.20454 69.968376 179.83291248244953 56.765095621514135 -3.3093474 -2.8666556 0.17559014 179.8328850268966 56.76504956323809 179.837311345054 56.61035234646054 61.98264561682953 25.283626001559526 5400.0 5400.0 2016.0 1 324 {-999.0 17.621965 17.247025 17.106369 -999.0} sdss_psfmag 17.568514 17.256132 16.797634 15.728 63050394824150756 978087406 "" ops_std_boss ops_std standard_boss 0 0 0.0 0.0 -999 ""
FIBERMAP 1271 R-4C14 METROLOGY 0 0 0 1 0 0 26.383183037786868 -76.70311477145829 143.1 26.37574034185191 -76.68147682278126 219.20454 69.968376 -999.0 -999.0 -999.0 -999.0 -999.0 179.83892581490488 56.764436072836844 179.8433624477085 56.60976195656999 61.98091948403241 25.289817347121016 -999.0 6231.0 -999.0 -1 -999 {-999.0 -999.0 -999.0 -999.0 -999.0} "" -999.0 -999.0 -999.0 -999.0 -999 -999 "" "" "" "" 0 0 0.0 0.0 -999 ""
FIBERMAP 1272 R+1C9 APOGEE 1 1 0 1 0 0 -96.69388959802627 10.096651940672128 143.1 -96.66661225177067 10.093803675159664 268.11475 141.5323 178.80811775593847 57.156992794927525 -999.0 -999.0 -999.0 178.8081746267523 57.15704148747594 178.81726723101747 57.002425180954575 62.03736323952289 23.834414980143038 16000.0 16600.0 2015.5 2 147 {-999.0 -999.0 -999.0 -999.0 -999.0} "" -999.0 -999.0 -999.0 -999.0 27021603092664494 827605059 "" ops_sky_apogee_best ops_sky sky_apogee 0 0 0.0 0.0 -999 ""
FIBERMAP 1272 R+1C9 BOSS 0 0 0 1 0 0 -97.18035564910846 9.525087143572225 143.1 -97.15294107077986 9.522400116489024 268.11475 141.5323 -999.0 -999.0 -999.0 -999.0 -999.0 178.80419327285927 57.15450228790582 178.81317840322538 56.999802292969356 62.040802381798485 23.834193483976833 -999.0 5400.0 -999.0 1 45 {-999.0 -999.0 -999.0 -999.0 -999.0} "" -999.0 -999.0 -999.0 -999.0 -999 -999 "" "" "" "" 0 0 0.0 0.0 -999 ""
FIBERMAP 1272 R+1C9 METROLOGY 0 0 0 1 0 0 -97.43680286883288 10.23429438778852 143.1 -97.40931594674359 10.231407293341725 268.11475 141.5323 -999.0 -999.0 -999.0 -999.0 -999.0 178.80195563995315 57.15769084988666 178.81098667490494 57.00301435929979 62.03903660797847 23.827929936875023 -999.0 6231.0 -999.0 -1 -999 {-999.0 -999.0 -999.0 -999.0 -999.0} "" -999.0 -999.0 -999.0 -999.0 -999 -999 "" "" "" "" 0 0 0.0 0.0 -999 ""
FIBERMAP 1276 R-2C3 APOGEE 1 1 0 1 0 0 -232.91751504913933 -44.32441747391637 143.1 -232.85180901814397 -44.31191355574698 185.5027 140.37032 177.68751366717692 56.897927862368405 -999.0 -999.0 -999.0 177.6875200034808 56.897915615020295 177.70139921062446 56.74351649898917 62.615862974623255 23.139207492802484 16000.0 16600.0 2015.5 2 257 {-999.0 -999.0 -999.0 -999.0 -999.0} "" -999.0 -999.0 -999.0 -999.0 27021603092662680 827604758 "" ops_sky_apogee_best ops_sky sky_apogee 0 0 0.0 0.0 -999 ""
FIBERMAP 1276 R-2C3 BOSS 0 0 0 1 0 0 -233.54816729829213 -43.93129670463996 143.1 -233.4822833602973 -43.91890368583959 185.5027 140.37032 -999.0 -999.0 -999.0 -999.0 -999.0 177.68231421956145 56.89969861394493 177.69610056010765 56.74521548485646 62.616257582650064 23.13193997948622 -999.0 5400.0 -999.0 1 475 {-999.0 -999.0 -999.0 -999.0 -999.0} "" -999.0 -999.0 -999.0 -999.0 -999 -999 "" "" "" "" 0 0 0.0 0.0 -999 ""
FIBERMAP 1276 R-2C3 METROLOGY 0 0 0 1 0 0 -232.87875198620463 -43.57848799107465 143.1 -232.81305689026934 -43.56619449961237 185.5027 140.37032 -999.0 -999.0 -999.0 -999.0 -999.0 177.68768883766558 56.901351336147215 177.70148556622723 56.74689085899383 62.61314139511837 23.134869468663226 -999.0 6231.0 -999.0 -1 -999 {-999.0 -999.0 -999.0 -999.0 -999.0} "" -999.0 -999.0 -999.0 -999.0 -999 -999 "" "" "" "" 0 0 0.0 0.0 -999 ""
FIBERMAP 1281 R+5C7 APOGEE 1 1 0 1 0 0 -91.03638964327932 112.86336628245624 143.1 -91.01070827776095 112.83152752682797 99.86794 68.22339 178.84651485845112 57.62444162788252 14.766061 11.9090605 8.178691 178.8466332863461 57.62446261809933 178.85568764247364 57.46973154295504 61.65804789868518 23.25424201163554 16000.0 16600.0 2016.0 2 108 {-999.0 10.937614 10.467245 10.321255 -999.0} sdss_psfmag_from_g3xp 10.84916 10.502665 9.9913645 9.132 63050394824208928 1103668530 bright_1x1 mwm_tess_2min_apogee mwm_planet science 0 0 0.0 0.0 -999 ""
FIBERMAP 1281 R+5C7 BOSS 0 0 0 1 0 0 -90.31735047361548 112.69720609283722 143.1 -90.29187194904688 112.66541421099843 99.86794 68.22339 -999.0 -999.0 -999.0 -999.0 -999.0 178.8528003427521 57.62388378807106 178.86170050042517 57.46906549714589 61.65657535741392 23.260465769883695 -999.0 5400.0 -999.0 1 54 {-999.0 -999.0 -999.0 -999.0 -999.0} "" -999.0 -999.0 -999.0 -999.0 -999 -999 "" "" "" "" 0 0 0.0 0.0 -999 ""
FIBERMAP 1281 R+5C7 METROLOGY 0 0 0 1 0 0 -90.82210958394327 112.14944021981053 143.1 -90.79648866682965 112.11780286272453 99.86794 68.22339 -999.0 -999.0 -999.0 -999.0 -999.0 178.84854241572222 57.6213358939295 178.85749673117073 57.46654324535979 61.659955252092466 23.260000820647463 -999.0 6231.0 -999.0 -1 -999 {-999.0 -999.0 -999.0 -999.0 -999.0} "" -999.0 -999.0 -999.0 -999.0 -999 -999 "" "" "" "" 0 0 0.0 0.0 -999 ""
FIBERMAP 1285 R+9C4 APOGEE 0 0 0 1 0 0 -115.78948413253823 169.51309864763985 143.1 -115.75681991906445 169.46527900251135 285.63113 150.85973 -999.0 -999.0 -999.0 -999.0 -999.0 178.63159091636484 57.87889271254423 178.64168558636743 57.72412630001783 61.52734999115617 22.735995912717044 -999.0 16600.0 -999.0 2 -999 {-999.0 -999.0 -999.0 -999.0 -999.0} "" -999.0 -999.0 -999.0 -999.0 -999 -999 "" "" "" "" 0 0 0.0 0.0 -999 ""
FIBERMAP 1285 R+9C4 BOSS 1 1 0 1 0 0 -115.949697528646 168.7823141587657 143.1 -115.91698811897318 168.73470066794152 285.63113 150.85973 178.63033348075507 57.87569522342704 -0.20782307 -0.3089225 -0.5248279 178.630367980317 57.87571091377824 178.64034089530207 57.72085751464209 61.53038071594275 22.738973829397082 5400.0 5400.0 2016.0 1 15 {-999.0 19.426018 19.220325 18.942764 18.93419} sdss_psfmag 19.155876 18.945364 18.419123 -999.0 63050394824212778 1059897615 dark_10x4_4yr bhm_aqmes_med bhm_aqmes science 0 0 0.0 0.0 -999 ""
FIBERMAP 1285 R+9C4 METROLOGY 0 0 0 1 0 0 -116.49917423152361 169.28287713710284 143.1 -116.46630981447291 169.23512243746248 285.63113 150.85973 -999.0 -999.0 -999.0 -999.0 -999.0 178.62562393990294 57.877888465414685 178.6356547005064 57.72306002404522 61.53015591390815 22.731996283268643 -999.0 6231.0 -999.0 -1 -999 {-999.0 -999.0 -999.0 -999.0 -999.0} "" -999.0 -999.0 -999.0 -999.0 -999 -999 "" "" "" "" 0 0 0.0 0.0 -999 ""
FIBERMAP 1287 R+12C7 APOGEE 0 0 0 1 0 0 -21.642492568628413 224.9430652243173 143.1 -21.636387221474802 224.87960878561753 203.53056 169.72235 -999.0 -999.0 -999.0 -999.0 -999.0 179.43368514330513 58.133136912602886 179.4402142049537 57.978227920724294 61.06554971210143 23.10762364422891 -999.0 16600.0 -999.0 2 -999 {-999.0 -999.0 -999.0 -999.0 -999.0} "" -999.0 -999.0 -999.0 -999.0 -999 -999 "" "" "" "" 0 0 0.0 0.0 -999 ""
FIBERMAP 1287 R+12C7 BOSS 1 1 0 1 0 0 -22.363746447428074 224.7549274981359 143.1 -22.357437634555257 224.6915241330887 203.53056 169.72235 179.42761524152115 58.13243730971884 0.6767321 -0.63654894 0.6642907 179.42762304986093 58.13240679939066 179.43404705916578 57.977410102103015 61.06822492609601 23.103384639343744 5400.0 5400.0 2016.0 1 155 {-999.0 20.911482 20.833742 20.671852 20.70163} sdss_psfmag 20.690779 20.494936 20.173225 -999.0 63050394824213088 1059900757 dark_10x4_4yr bhm_aqmes_med_faint bhm_filler science 0 0 0.0 0.0 -999 ""
FIBERMAP 1287 R+12C7 METROLOGY 0 0 0 1 0 0 -22.166827372916856 225.4738523695305 143.1 -22.160574110914958 225.41024619577706 203.53056 169.72235 -999.0 -999.0 -999.0 -999.0 -999.0 179.4292661427948 58.135600118818644 179.43572080450167 57.98062756256629 61.06515401355756 23.100682348449823 -999.0 6231.0 -999.0 -1 -999 {-999.0 -999.0 -999.0 -999.0 -999.0} "" -999.0 -999.0 -999.0 -999.0 -999 -999 "" "" "" "" 0 0 0.0 0.0 -999 ""
FIBERMAP 1289 R-2C15 APOGEE 0 0 0 1 0 0 41.98943215570519 -31.730816197203445 143.1 41.97758693689406 -31.721864933954215 34.87679 170.95314 -999.0 -999.0 -999.0 -999.0 -999.0 179.97044095034525 56.968801767506875 179.97441981262205 56.8141305557196 61.779114166691414 25.122549793247117 -999.0 16600.0 -999.0 2 219 {-999.0 -999.0 -999.0 -999.0 -999.0} "" -999.0 -999.0 -999.0 -999.0 -999 -999 "" ops_sky_apogee_best_unassigned ops_sky sky_apogee 0 0 0.0 0.0 -999 ""
FIBERMAP 1289 R-2C15 BOSS 1 1 0 1 0 0 42.650900077609926 -31.40895667336703 143.1 42.63886825869803 -31.400096206689476 34.87679 170.95314 179.97624614949888 56.97034541156866 -4.3487883 -6.7266774 0.18429215 179.97615400854147 56.970318383757856 179.97997744508552 56.815563385497704 61.77604391878057 25.125449259884533 5400.0 5400.0 2016.0 1 273 {-999.0 17.953274 17.639505 17.520199 -999.0} sdss_psfmag 17.910524 17.635519 17.209425 16.023 63050394824150854 975912407 "" ops_std_boss ops_std standard_boss 0 0 0.0 0.0 -999 ""
FIBERMAP 1289 R-2C15 METROLOGY 0 0 0 1 0 0 42.61593494540346 -32.1558318561956 143.1 42.603912990155365 -32.14676069602896 34.87679 170.95314 -999.0 -999.0 -999.0 -999.0 -999.0 179.97578313425427 56.96689799492262 179.97964492223628 56.812167383145905 61.77873655325163 25.12984221370658 -999.0 6231.0 -999.0 -1 -999 {-999.0 -999.0 -999.0 -999.0 -999.0} "" -999.0 -999.0 -999.0 -999.0 -999 -999 "" "" "" "" 0 0 0.0 0.0 -999 ""
FIBERMAP 1296 R-5C7 APOGEE 0 0 0 1 0 0 -109.56460502271614 -78.89689653048892 143.1 -109.53369684763923 -78.87463971597766 168.76689 51.91267 -999.0 -999.0 -999.0 -999.0 -999.0 178.7109213009732 56.751607916380834 178.72032028862793 56.59709822257484 62.38664603988549 24.289999334285312 -999.0 16600.0 -999.0 2 262 {-999.0 -999.0 -999.0 -999.0 -999.0} "" -999.0 -999.0 -999.0 -999.0 -999 -999 "" ops_sky_apogee_best_unassigned ops_sky sky_apogee 0 0 0.0 0.0 -999 ""
FIBERMAP 1296 R-5C7 BOSS 1 1 0 1 0 0 -108.99774379803905 -78.41178107660195 143.1 -108.96699553451363 -78.38966111316024 168.76689 51.91267 178.71199589048203 56.75298115978518 -19.087107 -4.8750587 0.2696687 178.71559188266167 56.75389105226097 178.72484939327944 56.599297141656024 62.38336876814951 24.291203019670434 5400.0 5400.0 2016.0 1 464 {-999.0 17.89135 17.531527 17.368244 -999.0} sdss_psfmag 17.843426 17.543486 17.054216 16.337 63050394824151345 976595746 "" ops_std_boss ops_std standard_boss 0 0 0.0 0.0 -999 ""
FIBERMAP 1296 R-5C7 METROLOGY 0 0 0 1 0 0 -108.86127232234749 -79.1383157322437 143.1 -108.83056255742537 -79.11599081337563 168.76689 51.91267 -999.0 -999.0 -999.0 -999.0 -999.0 178.71679206156824 56.750581242574 178.72607800136143 56.596011538125175 62.38549951193306 24.296792365612475 -999.0 6231.0 -999.0 -1 -999 {-999.0 -999.0 -999.0 -999.0 -999.0} "" -999.0 -999.0 -999.0 -999.0 -999 -999 "" "" "" "" 0 0 0.0 0.0 -999 ""
FIBERMAP 1300 R+11C12 APOGEE 0 0 0 1 0 0 61.40751968059993 223.82436876010158 143.1 61.39019661929804 223.76122790567436 196.66714 57.109417 -999.0 -999.0 -999.0 -999.0 -999.0 180.14636544306367 58.12687155110937 180.14964997288746 57.97191663458092 60.83340167214368 23.717419554686558 -999.0 16600.0 -999.0 2 11 {-999.0 -999.0 -999.0 -999.0 -999.0} "" -999.0 -999.0 -999.0 -999.0 -999 -999 "" ops_sky_apogee_best_unassigned ops_sky sky_apogee 0 0 0.0 0.0 -999 ""
FIBERMAP 1300 R+11C12 BOSS 1 1 0 1 0 0 61.575717879705564 224.5546447542441 143.1 61.5583473696917 224.49129788895894 196.66714 57.109417 180.14803416222168 58.130289377236465 -999.0 -999.0 -999.0 180.14799187411194 58.13025707111739 180.15113209036633 57.97521344572867 60.830361058960705 23.71434772027976 5400.0 5400.0 2016.0 1 142 {-999.0 20.2615 19.69952 19.321962 19.147781} sdss_fiber2mag_from_lsdr10 1e+20 1e+20 1e+20 -999.0 63050397224437969 1066404477 dark_flexible_2x2 bhm_colr_galaxies_lsdr10 bhm_filler science 0 0 0.0 0.0 -999 ""
FIBERMAP 1300 R+11C12 METROLOGY 0 0 0 1 0 0 62.12064815481257 224.04070633640404 143.1 62.1031239199681 223.97750445314657 196.66714 57.109417 -999.0 -999.0 -999.0 -999.0 -999.0 180.15260024417228 58.1278955221714 180.1557581773767 57.97287712886078 60.83059580537321 23.72128169573398 -999.0 6231.0 -999.0 -1 -999 {-999.0 -999.0 -999.0 -999.0 -999.0} "" -999.0 -999.0 -999.0 -999.0 -999 -999 "" "" "" "" 0 0 0.0 0.0 -999 ""
FIBERMAP 1301 R+2C23 APOGEE 0 0 0 1 0 0 234.35137323170372 58.17008773691986 143.1 234.28526270931508 58.15367795516928 141.29265 12.874385 -999.0 -999.0 -999.0 -999.0 -999.0 181.5877109479511 57.36203420202085 181.5845690861472 57.20723850706804 60.902114445700526 25.94073594697778 -999.0 16600.0 -999.0 2 82 {-999.0 -999.0 -999.0 -999.0 -999.0} "" -999.0 -999.0 -999.0 -999.0 -999 -999 "" ops_sky_apogee_best_unassigned ops_sky sky_apogee 0 0 0.0 0.0 -999 ""
FIBERMAP 1301 R+2C23 BOSS 1 1 0 1 0 0 235.0253565083788 57.861033769190705 143.1 234.95905585530778 57.84471117156442 141.29265 12.874385 181.59040884326973 57.36154006797062 -3.8766394 -2.6637194 0.34309962 181.59342605416458 57.36062966727963 181.59011655328788 57.20575098223485 60.90116537579334 25.947347997611587 5400.0 5400.0 2016.0 1 225 {-999.0 16.61467 16.213984 16.098343 -999.0} sdss_psfmag 16.52024 16.225277 15.751752 14.919 63050394851417546 976721898 "" ops_std_boss ops_std standard_boss 0 0 0.0 0.0 -999 ""
FIBERMAP 1301 R+2C23 METROLOGY 0 0 0 1 0 0 234.39998602727505 57.43103939922575 143.1 234.33386179121678 57.414838103011235 141.29265 12.874385 -999.0 -999.0 -999.0 -999.0 -999.0 181.5880955739501 57.358748360711154 181.58485044540998 57.20389366561471 60.90446592316678 25.945637680215953 -999.0 6231.0 -999.0 -1 -999 {-999.0 -999.0 -999.0 -999.0 -999.0} "" -999.0 -999.0 -999.0 -999.0 -999 -999 "" "" "" "" 0 0 0.0 0.0 -999 ""
FIBERMAP 1302 R-9C18 APOGEE 0 0 0 1 0 0 181.8760301691272 -176.49187478137432 143.1 181.8247229410165 -176.4420864234985 143.42578 156.32704 -999.0 -999.0 -999.0 -999.0 -999.0 181.10360141932327 56.30617672793574 181.1027005526721 56.151626043171554 61.854150011444275 27.041566361934883 -999.0 16600.0 -999.0 2 187 {-999.0 -999.0 -999.0 -999.0 -999.0} "" -999.0 -999.0 -999.0 -999.0 -999 -999 "" ops_sky_apogee_best_unassigned ops_sky sky_apogee 0 0 0.0 0.0 -999 ""
FIBERMAP 1302 R-9C18 BOSS 1 1 0 1 0 0 181.49472945283182 -175.8443531667636 143.1 181.44352978965318 -175.79474747473526 143.42578 156.32704 181.10081685296646 56.30917155481847 -999.0 -999.0 -999.0 181.1008235053174 56.30917647733419 181.09979954212884 56.15454561083944 61.853135467499534 27.034827498696416 5400.0 5400.0 2015.5 1 330 {-999.0 -999.0 -999.0 -999.0 -999.0} "" -999.0 -999.0 -999.0 -999.0 27021603105717501 807361648 "" ops_sky_boss_good ops_sky sky_boss 0 0 0.0 0.0 -999 ""
FIBERMAP 1302 R-9C18 METROLOGY 0 0 0 1 0 0 182.24200814792098 -175.831787120454 143.1 182.19059767742246 -175.78218497330735 143.42578 156.32704 -999.0 -999.0 -999.0 -999.0 -999.0 181.1068330699776 56.30916590176433 181.10582166317238 56.15455754338269 61.85082488540847 27.039981176748142 -999.0 6231.0 -999.0 -1 -999 {-999.0 -999.0 -999.0 -999.0 -999.0} "" -999.0 -999.0 -999.0 -999.0 -999 -999 "" "" "" "" 0 0 0.0 0.0 -999 ""
FIBERMAP 1303 R-7C11 APOGEE 0 0 0 1 0 0 3.781646358322421 -150.32095236914623 143.1 3.780579555884738 -150.2785468284829 264.76172 94.02217 -999.0 -999.0 -999.0 -999.0 -999.0 179.6508121418543 56.43047951867724 179.65610735117514 56.27595568966397 62.3012399865807 25.588922499978196 -999.0 16600.0 -999.0 2 151 {-999.0 -999.0 -999.0 -999.0 -999.0} "" -999.0 -999.0 -999.0 -999.0 -999 -999 "" ops_sky_apogee_best_unassigned ops_sky sky_apogee 0 0 0.0 0.0 -999 ""
FIBERMAP 1303 R-7C11 BOSS 1 1 0 1 0 0 3.0340462375194157 -150.31212261323344 143.1 3.0331903330758117 -150.26971956344426 264.76172 94.02217 179.64481506051106 56.43055523855534 5.706026 -4.602348 0.4408196 179.64479564456013 56.43054384041289 179.64999023054838 56.275939320174956 62.303473800483474 25.58341867786504 5400.0 5400.0 2016.0 1 377 {-999.0 16.708755 16.313019 16.174547 -999.0} sdss_psfmag 16.641594 16.330875 15.856175 15.033 63050394824146984 976595721 "" ops_std_boss ops_std standard_boss 0 0 0.0 0.0 -999 ""
FIBERMAP 1303 R-7C11 METROLOGY 0 0 0 1 0 0 3.4087636680474054 -149.67739707624008 143.1 3.4078020558166493 -149.6351730825249 264.76172 94.02217 -999.0 -999.0 -999.0 -999.0 -999.0 179.64784202868194 56.433404048882814 179.65305978614776 56.27882161608244 62.30017888697621 25.582136388300682 -999.0 6231.0 -999.0 -1 -999 {-999.0 -999.0 -999.0 -999.0 -999.0} "" -999.0 -999.0 -999.0 -999.0 -999 -999 "" "" "" "" 0 0 0.0 0.0 -999 ""
FIBERMAP 1304 R+7C15 APOGEE 0 0 0 1 0 0 85.81526981186207 136.81316421427414 143.1 85.79106132424815 136.7745692206493 190.33112 104.190575 -999.0 -999.0 -999.0 -999.0 -999.0 180.34994581865817 57.733405843693326 180.35229254773913 57.57853532625107 61.06522057363437 24.408731996584777 -999.0 16600.0 -999.0 2 -999 {-999.0 -999.0 -999.0 -999.0 -999.0} "" -999.0 -999.0 -999.0 -999.0 -999 -999 "" "" "" "" 0 0 0.0 0.0 -999 ""
FIBERMAP 1304 R+7C15 BOSS 1 1 0 1 0 0 85.51614897158638 137.46796025952855 143.1 85.4920248659615 137.42918054793935 190.33112 104.190575 180.34764898878527 57.73655653300931 0.13384892 -0.16372588 0.049473982 180.34764466392312 57.73652184745577 180.34986529685466 57.58156467442968 61.06375684276602 24.402625884767588 5400.0 5400.0 2016.0 1 187 {-999.0 19.76682 19.634718 19.510435 19.45431} sdss_psfmag_from_gaiadr2 19.633776 19.625782 19.195717 -999.0 63050394851418979 1056005650 dark_flexible_2x2 bhm_gua_dark bhm_filler science 0 0 0.0 0.0 -999 ""
FIBERMAP 1304 R+7C15 METROLOGY 0 0 0 1 0 0 86.25623458623632 137.41500476481295 143.1 86.23190170245954 137.3762399919688 190.33112 104.190575 -999.0 -999.0 -999.0 -999.0 -999.0 180.35388120647852 57.73620501560034 180.35611250811712 57.581272047105415 61.06180913408605 24.40828922240837 -999.0 6231.0 -999.0 -1 -999 {-999.0 -999.0 -999.0 -999.0 -999.0} "" -999.0 -999.0 -999.0 -999.0 -999 -999 "" "" "" "" 0 0 0.0 0.0 -999 ""
FIBERMAP 1306 R-11C6 APOGEE 0 0 0 1 0 0 -69.1825490271652 -215.30801048487695 143.1 -69.16303263008463 -215.24727209511917 188.51471 116.42374 -999.0 -999.0 -999.0 -999.0 -999.0 179.05707535508822 56.13659895849277 179.06483627748855 55.9821955336153 62.738682105837555 25.460223189720864 -999.0 16600.0 -999.0 2 177 {-999.0 -999.0 -999.0 -999.0 -999.0} "" -999.0 -999.0 -999.0 -999.0 -999 -999 "" ops_sky_apogee_best_unassigned ops_sky sky_apogee 0 0 0.0 0.0 -999 ""
FIBERMAP 1306 R-11C6 BOSS 1 1 0 1 0 0 -69.62407661657733 -214.71137944405967 143.1 -69.6044356645638 -214.6508093639185 188.51471 116.42374 179.05351809045098 56.13932861623129 -999.0 -999.0 -999.0 179.05353394152712 56.13930976889777 179.06118887887249 55.98482571863678 62.73799285116918 25.45311326816659 5400.0 5400.0 2016.0 1 358 {-999.0 21.707241 20.186565 19.626911 19.252129} sdss_fiber2mag_from_lsdr10 1e+20 1e+20 1e+20 16.007 63050394824146767 1062315282 dark_flexible_2x2 bhm_colr_galaxies_lsdr10 bhm_filler science 0 0 0.0 0.0 -999 ""
FIBERMAP 1306 R-11C6 METROLOGY 0 0 0 1 0 0 -68.88079881880961 -214.6290577425785 143.1 -68.86136754546283 -214.56851088538934 188.51471 116.42374 -999.0 -999.0 -999.0 -999.0 -999.0 179.0595359425221 56.13968141842729 179.06720005442457 55.98521944748841 62.73551976280367 25.458161054244044 -999.0 6231.0 -999.0 -1 -999 {-999.0 -999.0 -999.0 -999.0 -999.0} "" -999.0 -999.0 -999.0 -999.0 -999 -999 "" "" "" "" 0 0 0.0 0.0 -999 ""
FIBERMAP 1308 R-4C5 APOGEE 0 0 0 1 0 0 -169.02451003803912 -63.28066638882063 143.1 -168.9768282237574 -63.26281491283235 172.03543 67.6814 -999.0 -999.0 -999.0 -999.0 -999.0 178.21715254377406 56.81842378431833 178.2287065145947 56.66396215174176 62.502552218627955 23.74247107243997 -999.0 16600.0 -999.0 2 252 {-999.0 -999.0 -999.0 -999.0 -999.0} "" -999.0 -999.0 -999.0 -999.0 -999 -999 "" ops_sky_apogee_best_unassigned ops_sky sky_apogee 0 0 0.0 0.0 -999 ""
FIBERMAP 1308 R-4C5 BOSS 1 1 0 1 0 0 -168.62516021474275 -62.658436405819515 143.1 -168.5775910570462 -62.64076046090943 172.03543 67.6814 178.22034432034985 56.82133809512227 -999.0 -999.0 -999.0 178.220355531375 56.82134320311523 178.2317775149603 56.666796671837346 62.49927981906481 23.741567930593533 5400.0 5400.0 2016.0 1 459 {-999.0 21.943151 20.379614 19.812227 19.430202} sdss_fiber2mag_from_lsdr10 1e+20 1e+20 1e+20 16.371 63050394824207182 1062319529 dark_flexible_2x2 bhm_colr_galaxies_lsdr10 bhm_filler science 0 0 0.0 0.0 -999 ""
FIBERMAP 1308 R-4C5 METROLOGY 0 0 0 1 0 0 -168.2704471320626 -63.311805120189014 143.1 -168.22297803892664 -63.29394485996461 172.03543 67.6814 -999.0 -999.0 -999.0 -999.0 -999.0 178.22338848597565 56.81838890291802 178.2348300399974 56.66386638707616 62.50055421704678 23.7483393666584 -999.0 6231.0 -999.0 -1 -999 {-999.0 -999.0 -999.0 -999.0 -999.0} "" -999.0 -999.0 -999.0 -999.0 -999 -999 "" "" "" "" 0 0 0.0 0.0 -999 ""
FIBERMAP 1312 R-11C11 APOGEE 0 0 0 1 0 0 44.782876364593065 -201.10747538690848 143.1 44.770243115170615 -201.05074296810184 157.37288 88.76542 -999.0 -999.0 -999.0 -999.0 -999.0 179.98494418436522 56.20093989185484 179.988792596204 56.04644808719027 62.35153516946259 26.214692249078666 -999.0 16600.0 -999.0 2 156 {-999.0 -999.0 -999.0 -999.0 -999.0} "" -999.0 -999.0 -999.0 -999.0 -999 -999 "" ops_sky_apogee_best_unassigned ops_sky sky_apogee 0 0 0.0 0.0 -999 ""
FIBERMAP 1312 R-11C11 BOSS 1 1 0 1 0 0 45.07674517833091 -200.4217451254253 143.1 45.0640290285161 -200.36520615112542 157.37288 88.76542 179.98753185654755 56.2040511519084 0.112050876 0.10987933 0.4454166 179.98752570661134 56.20405328754007 179.9912360037689 56.04948068128045 62.34836288729625 26.212542261158944 5400.0 5400.0 2016.0 1 393 {-999.0 19.741192 19.659914 19.621988 19.443998} sdss_psfmag 20.30303 20.052402 19.649446 -999.0 63050394824145743 1059900528 dark_10x4_4yr bhm_aqmes_med_faint bhm_filler science 0 0 0.0 0.0 -999 ""
FIBERMAP 1312 R-11C11 METROLOGY 0 0 0 1 0 0 45.52531409429008 -201.01223386840556 143.1 45.51247140318409 -200.95552831723128 157.37288 88.76542 -999.0 -999.0 -999.0 -999.0 -999.0 179.9911078766354 56.20137709443431 179.99483888270686 56.04682757059959 62.34900572102875 26.219582310345686 -999.0 6231.0 -999.0 -1 -999 {-999.0 -999.0 -999.0 -999.0 -999.0} "" -999.0 -999.0 -999.0 -999.0 -999 -999 "" "" "" "" 0 0 0.0 0.0 -999 ""
FIBERMAP 1314 R-13C8 APOGEE 0 0 0 1 0 0 18.008108414786648 -266.18943737837355 143.1 18.003028327402838 -266.11434533808915 314.98972 98.32524 -999.0 -999.0 -999.0 -999.0 -999.0 179.76508820376498 55.90988428828789 179.76983248201168 55.755474179465736 62.650458615682055 26.43533668945736 -999.0 16600.0 -999.0 2 273 {-999.0 -999.0 -999.0 -999.0 -999.0} "" -999.0 -999.0 -999.0 -999.0 -999 -999 "" ops_sky_apogee_best_unassigned ops_sky sky_apogee 0 0 0.0 0.0 -999 ""
FIBERMAP 1314 R-13C8 BOSS 1 1 0 1 0 0 17.55843147685302 -266.76708868293673 143.1 17.5534782433334 -266.6918336872193 314.98972 98.32524 179.76157326669602 55.90737440656248 -0.32614416 -3.9867504 0.32820415 179.76157269790258 55.907387840199576 179.7662065263071 55.75289967229957 62.65373823564697 26.435748361872356 5400.0 5400.0 2016.0 1 417 {-999.0 17.17358 16.809708 16.693392 -999.0} sdss_psfmag 17.120443 16.832771 16.380562 15.595 63050394824145373 976595712 "" ops_std_boss ops_std standard_boss 0 0 0.0 0.0 -999 ""
FIBERMAP 1314 R-13C8 METROLOGY 0 0 0 1 0 0 17.276035208995076 -266.0833584751572 143.1 17.27116163946262 -266.00829635973133 314.98972 98.32524 -999.0 -999.0 -999.0 -999.0 -999.0 179.7592751222967 55.91041228479491 179.76395432912193 55.75594591005705 62.65230663374685 26.429277422418238 -999.0 6231.0 -999.0 -1 -999 {-999.0 -999.0 -999.0 -999.0 -999.0} "" -999.0 -999.0 -999.0 -999.0 -999 -999 "" "" "" "" 0 0 0.0 0.0 -999 ""
FIBERMAP 1316 R-8C11 APOGEE 0 0 0 1 0 0 40.80464180128425 -148.11932178777727 143.1 40.79313081183211 -148.07753732710094 70.62007 56.58644 -999.0 -999.0 -999.0 -999.0 -999.0 179.95520282716024 56.440124025294054 179.959199132761 56.285577925274914 62.18339032690427 25.84759232214185 -999.0 16600.0 -999.0 2 -999 {-999.0 -999.0 -999.0 -999.0 -999.0} "" -999.0 -999.0 -999.0 -999.0 -999 -999 "" "" "" "" 0 0 0.0 0.0 -999 ""
FIBERMAP 1316 R-8C11 BOSS 1 1 0 1 0 0 41.27430229120087 -148.7093092733159 143.1 41.26265881052452 -148.6673583771699 70.62007 56.58644 179.95922154138256 56.43743390661997 -999.0 -999.0 -999.0 179.95918965091386 56.43747192170052 179.96304042025736 56.28284530247091 62.18403350111343 25.85489102105663 5400.0 5400.0 2015.5 1 373 {-999.0 -999.0 -999.0 -999.0 -999.0} "" -999.0 -999.0 -999.0 -999.0 27021603092605313 805487974 "" ops_sky_boss_good ops_sky sky_boss 0 0 0.0 0.0 -999 ""
FIBERMAP 1316 R-8C11 METROLOGY 0 0 0 1 0 0 40.531735219773644 -148.81371647257836 143.1 40.52030121726815 -148.77173612316145 70.62007 56.58644 -999.0 -999.0 -999.0 -999.0 -999.0 179.95303998102034 56.4369991056746 179.95695335385528 56.28239588356985 62.1866028675164 25.850090581122288 -999.0 6231.0 -999.0 -1 -999 {-999.0 -999.0 -999.0 -999.0 -999.0} "" -999.0 -999.0 -999.0 -999.0 -999 -999 "" "" "" "" 0 0 0.0 0.0 -999 ""
FIBERMAP 1317 R-12C9 APOGEE 0 0 0 1 0 0 10.344955745652271 -229.76488167256093 143.1 10.342037433636424 -229.7000649994411 159.1338 123.424515 -999.0 -999.0 -999.0 -999.0 -999.0 179.70376113439357 56.072579036851494 179.7087834159297 55.918135164412696 62.55145798177362 26.145149919881135 -999.0 16600.0 -999.0 2 -999 {-999.0 -999.0 -999.0 -999.0 -999.0} "" -999.0 -999.0 -999.0 -999.0 -999 -999 "" "" "" "" 0 0 0.0 0.0 -999 ""
FIBERMAP 1317 R-12C9 BOSS 1 1 0 1 0 0 10.18637615223821 -229.02211418918262 143.1 10.183502575525665 -228.95750705076986 159.1338 123.424515 179.70264594994723 56.075953270223835 0.1333629 -0.0067184297 0.105497375 179.70261201437393 56.07595084603651 179.70751437204729 55.92142665275979 62.54945878260834 26.13927150618042 5400.0 5400.0 2016.0 1 405 {-999.0 18.98127 18.681217 18.607025 18.611898} sdss_psfmag 18.940939 18.704529 18.232958 -999.0 63050394824145674 1059897567 dark_10x4_4yr bhm_aqmes_med bhm_aqmes science 0 0 0.0 0.0 -999 ""
FIBERMAP 1317 R-12C9 METROLOGY 0 0 0 1 0 0 10.888623793988215 -229.2539149087393 143.1 10.885552113215931 -229.18924237934354 159.1338 123.424515 -999.0 -999.0 -999.0 -999.0 -999.0 179.70827429850618 56.074895666154475 179.71318811812012 55.920393889323314 62.54813145404064 26.145926542276698 -999.0 6231.0 -999.0 -1 -999 {-999.0 -999.0 -999.0 -999.0 -999.0} "" -999.0 -999.0 -999.0 -999.0 -999 -999 "" "" "" "" 0 0 0.0 0.0 -999 ""
FIBERMAP 1318 R-11C7 APOGEE 0 0 0 1 0 0 -51.796334729444624 -209.57790433253703 143.1 -51.78172298341745 -209.51878240572483 208.71031 69.12483 -999.0 -999.0 -999.0 -999.0 -999.0 179.19799369534232 56.162687725993095 179.205165305592 56.00826444397769 62.66800160421192 25.553836868097676 -999.0 16600.0 -999.0 2 169 {-999.0 -999.0 -999.0 -999.0 -999.0} "" -999.0 -999.0 -999.0 -999.0 -999 -999 "" ops_sky_apogee_best_unassigned ops_sky sky_apogee 0 0 0.0 0.0 -999 ""
FIBERMAP 1318 R-11C7 BOSS 1 1 0 1 0 0 -51.92737248036913 -208.84634943120884 143.1 -51.91272376859242 -208.7874338760343 208.71031 69.12483 179.19699134279168 56.166023109650055 -0.25017244 -0.1538576 -0.065187864 179.19698144263984 56.166009829271246 179.20403549770822 56.011505510333826 62.665944916429595 25.548210724411945 5400.0 5400.0 2016.0 1 359 {-999.0 19.777843 19.37688 19.000069 18.683565} sdss_psfmag_from_gaiadr2 19.921642 19.498346 18.785398 -999.0 63050394824146758 1055794328 dark_flexible_2x2 bhm_gua_dark bhm_filler science 0 0 0.0 0.0 -999 ""
FIBERMAP 1318 R-11C7 METROLOGY 0 0 0 1 0 0 -51.21962907392547 -209.09671900916103 143.1 -51.205180016563716 -209.03773282472855 208.71031 69.12483 -999.0 -999.0 -999.0 -999.0 -999.0 179.20272806726317 56.16488368397902 179.2097923059198 56.01040186516694 62.664696805466946 25.555103399772236 -999.0 6231.0 -999.0 -1 -999 {-999.0 -999.0 -999.0 -999.0 -999.0} "" -999.0 -999.0 -999.0 -999.0 -999 -999 "" "" "" "" 0 0 0.0 0.0 -999 ""
FIBERMAP 1323 R+2C5 APOGEE 0 0 0 1 0 0 -195.06617114948133 26.87873853763415 143.1 -195.01114298260006 26.871156045492683 262.66656 61.977493 -999.0 -999.0 -999.0 -999.0 -999.0 177.98419150036608 57.22501289396302 177.99692102061647 57.070489649886845 62.25775846603595 22.99093086249934 -999.0 16600.0 -999.0 2 140 {-999.0 -999.0 -999.0 -999.0 -999.0} "" -999.0 -999.0 -999.0 -999.0 -999 -999 "" ops_sky_apogee_best_unassigned ops_sky sky_apogee 0 0 0.0 0.0 -999 ""
FIBERMAP 1323 R+2C5 BOSS 1 1 0 1 0 0 -195.68325452950867 27.293045108470782 143.1 -195.6280522834059 27.285345740445685 262.66656 61.977493 177.9789348171701 57.226940444161606 -999.0 -999.0 -999.0 177.9790076256444 57.226913504451524 177.99164130540225 57.072304977389955 62.25804561130576 22.983661613640606 5400.0 5400.0 2015.5 1 34 {-999.0 -999.0 -999.0 -999.0 -999.0} "" -999.0 -999.0 -999.0 -999.0 27021603092665573 805496676 "" ops_sky_boss_good ops_sky sky_boss 0 0 0.0 0.0 -999 ""
FIBERMAP 1323 R+2C5 METROLOGY 0 0 0 1 0 0 -195.00767110277266 27.635364190759365 143.1 -194.95265943875458 27.627568254521155 262.66656 61.977493 -999.0 -999.0 -999.0 -999.0 -999.0 177.98454324183615 57.22851780151092 177.99718710537798 57.07393231738217 62.25492773446176 22.98671050291358 -999.0 6231.0 -999.0 -1 -999 {-999.0 -999.0 -999.0 -999.0 -999.0} "" -999.0 -999.0 -999.0 -999.0 -999 -999 "" "" "" "" 0 0 0.0 0.0 -999 ""
FIBERMAP 1324 R-4C11 APOGEE 0 0 0 1 0 0 -27.026461696884844 -57.51206550081942 143.1 -27.018837532040155 -57.49584134714164 160.21864 45.57994 -999.0 -999.0 -999.0 -999.0 -999.0 179.3946100754516 56.85167083149345 179.4010756181783 56.697068365784745 62.071735234028296 24.774244871039514 -999.0 16600.0 -999.0 2 -999 {-999.0 -999.0 -999.0 -999.0 -999.0} "" -999.0 -999.0 -999.0 -999.0 -999 -999 "" "" "" "" 0 0 0.0 0.0 -999 ""
FIBERMAP 1324 R-4C11 BOSS 1 1 0 1 0 0 -26.337471769533273 -57.18634127684344 143.1 -26.33004196874709 -57.17020900996925 160.21864 45.57994 179.40052413190654 56.853243937744466 -999.0 -999.0 -999.0 179.40043822403476 56.85321490799006 179.4067521742262 56.69852853720012 62.06861513252214 24.777346939154256 5400.0 5400.0 2015.5 1 357 {-999.0 -999.0 -999.0 -999.0 -999.0} "" -999.0 -999.0 -999.0 -999.0 27021603092609943 805488652 "" ops_sky_boss_good ops_sky sky_boss 0 0 0.0 0.0 -999 ""
FIBERMAP 1324 R-4C11 METROLOGY 0 0 0 1 0 0 -26.402021774078335 -57.92039963277166 143.1 -26.39457376373587 -57.90406028803526 160.21864 45.57994 -999.0 -999.0 -999.0 -999.0 -999.0 179.39989135162654 56.84985550418023 179.40624295100736 56.69519351423168 62.07135191859197 24.78145947134243 -999.0 6231.0 -999.0 -1 -999 {-999.0 -999.0 -999.0 -999.0 -999.0} "" -999.0 -999.0 -999.0 -999.0 -999 -999 "" "" "" "" 0 0 0.0 0.0 -999 ""
FIBERMAP 1326 R-3C23 APOGEE 0 0 0 1 0 0 230.87184665095606 -46.181786519562614 143.1 230.80671770301583 -46.16875863758545 107.67357 119.90454 -999.0 -999.0 -999.0 -999.0 -999.0 181.53458276201857 56.89003316553411 181.53175433837953 56.73534793647114 61.26672103138114 26.56316561713811 -999.0 16600.0 -999.0 2 -999 {-999.0 -999.0 -999.0 -999.0 -999.0} "" -999.0 -999.0 -999.0 -999.0 -999 -999 "" "" "" "" 0 0 0.0 0.0 -999 ""
FIBERMAP 1326 R-3C23 BOSS 1 1 0 1 0 0 231.34865777970072 -45.63975334982054 143.1 231.28339432334107 -45.62687837540056 107.67357 119.90454 181.53884991518774 56.892494922000985 -13.877649 1.1891035 0.7644236 181.53882415067974 56.89250608300066 181.5358368685189 56.737738805232695 61.263445317110616 26.563147014890546 5400.0 5400.0 2016.0 1 323 {-999.0 22.071915 20.835659 20.29679 -999.0} sdss_psfmag_gaia 20.54698 20.805439 18.853218 -999.0 63050394851416914 1092392377 dark_flexible_2x1 mwm_cb_galex_vol_boss mwm_cb science 0 0 0.0 0.0 -999 ""
FIBERMAP 1326 R-3C23 METROLOGY 0 0 0 1 0 0 231.60040918845237 -46.342592643416054 143.1 231.53507471302032 -46.32951939803135 107.67357 119.90454 -999.0 -999.0 -999.0 -999.0 -999.0 181.54065755039034 56.88927477304573 181.53770249956733 56.73453140365188 61.26507851872377 26.56927054128238 -999.0 6231.0 -999.0 -1 -999 {-999.0 -999.0 -999.0 -999.0 -999.0} "" -999.0 -999.0 -999.0 -999.0 -999 -999 "" "" "" "" 0 0 0.0 0.0 -999 ""
FIBERMAP 1328 R-3C12 APOGEE 0 0 0 1 0 0 -16.56332865343441 -46.68561075749105 143.1 -16.558656138421277 -46.67244074669636 110.66579 119.86301 -999.0 -999.0 -999.0 -999.0 -999.0 179.48152919050315 56.901071015647844 179.4876262635828 56.746449707101085 62.00338341044789 24.784229872271283 -999.0 16600.0 -999.0 2 154 {-999.0 -999.0 -999.0 -999.0 -999.0} "" -999.0 -999.0 -999.0 -999.0 -999 -999 "" ops_sky_apogee_best_unassigned ops_sky sky_apogee 0 0 0.0 0.0 -999 ""
FIBERMAP 1328 R-3C12 BOSS 1 1 0 1 0 0 -16.114517306744375 -46.10356318794131 143.1 -16.109971401412142 -46.09055737276599 110.66579 119.86301 179.48543644570785 56.90379466210909 -10.495628 -4.567602 0.16768965 179.4853727726472 56.9037822834376 179.49132626190772 56.74907683236848 62.00006683810035 24.7839426219669 5400.0 5400.0 2016.0 1 356 {-999.0 17.52625 17.26238 17.16956 17.154522} sdss_psfmag_from_gaia 17.4983 17.2635 16.851 16.203 63050394824151595 967784725 "" ops_std_boss_gdr2 ops_std standard_boss 0 0 0.0 0.0 -999 ""
FIBERMAP 1328 R-3C12 METROLOGY 0 0 0 1 0 0 -15.828487007584044 -46.792338987421914 143.1 -15.824021791399206 -46.77913886859356 110.66579 119.86301 -999.0 -999.0 -999.0 -999.0 -999.0 179.48773753229736 56.90063022253743 179.49371630416863 56.74594890903314 62.00162000674313 24.790364503294597 -999.0 6231.0 -999.0 -1 -999 {-999.0 -999.0 -999.0 -999.0 -999.0} "" -999.0 -999.0 -999.0 -999.0 -999 -999 "" "" "" "" 0 0 0.0 0.0 -999 ""
FIBERMAP 1329 R+3C16 APOGEE 0 0 0 1 0 0 87.108125300159 59.03015371018151 143.1 87.08355209801184 59.01350130381987 318.79156 154.19563 -999.0 -999.0 -999.0 -999.0 -999.0 180.3549167805563 57.38030103869104 180.357231548835 57.22551395441245 61.33147585297078 24.889907404134647 -999.0 16600.0 -999.0 2 63 {-999.0 -999.0 -999.0 -999.0 -999.0} "" -999.0 -999.0 -999.0 -999.0 -999 -999 "" ops_sky_apogee_best_unassigned ops_sky sky_apogee 0 0 0.0 0.0 -999 ""
FIBERMAP 1329 R+3C16 BOSS 1 1 0 1 0 0 87.374273031853 58.32712872676903 143.1 87.34962474943072 58.31067464375521 318.79156 154.19563 180.35731712726792 57.37721104740606 -999.0 -999.0 -999.0 180.35731549527586 57.3772020349117 180.35948467707578 57.222331090483124 61.33308668375079 24.896169136043397 5400.0 5400.0 2015.5 1 220 {-999.0 -999.0 -999.0 -999.0 -999.0} "" -999.0 -999.0 -999.0 -999.0 27021603105746709 807366006 "" ops_sky_boss_good ops_sky sky_boss 0 0 0.0 0.0 -999 ""
FIBERMAP 1329 R+3C16 METROLOGY 0 0 0 1 0 0 86.63713112396644 58.44085822038043 143.1 86.61269078927637 58.42437205427646 318.79156 154.19563 -999.0 -999.0 -999.0 -999.0 -999.0 180.35105844569856 57.37772899113484 180.3532935877481 57.22288211157745 61.334861079017166 24.890131246219198 -999.0 6231.0 -999.0 -1 -999 {-999.0 -999.0 -999.0 -999.0 -999.0} "" -999.0 -999.0 -999.0 -999.0 -999 -999 "" "" "" "" 0 0 0.0 0.0 -999 ""
FIBERMAP 1330 R-3C11 APOGEE 1 1 0 1 0 0 -46.580977322065095 -63.30713986809501 143.1 -46.567836828362545 -63.28928092393822 206.19228 112.82805 179.23212882953655 56.824941436976296 -999.0 -999.0 -999.0 179.23213083766933 56.82492824594444 179.2392951183382 56.67034652513401 62.14915134317451 24.664885197366402 16000.0 16600.0 2015.5 2 208 {-999.0 -999.0 -999.0 -999.0 -999.0} "" -999.0 -999.0 -999.0 -999.0 27021603092609967 827597157 "" ops_sky_apogee_best ops_sky sky_apogee 0 0 0.0 0.0 -999 ""
FIBERMAP 1330 R-3C11 BOSS 0 0 0 1 0 0 -47.13541817284908 -62.82714415557764 143.1 -47.12212127138252 -62.809420618211355 206.19228 112.82805 -999.0 -999.0 -999.0 -999.0 -999.0 179.22757604895114 56.82714862177139 179.23463508667942 56.67248373626279 62.14914166229297 24.657746160548697 -999.0 5400.0 -999.0 1 347 {-999.0 -999.0 -999.0 -999.0 -999.0} "" -999.0 -999.0 -999.0 -999.0 -999 -999 "" "" "" "" 0 0 0.0 0.0 -999 ""
FIBERMAP 1330 R-3C11 METROLOGY 0 0 0 1 0 0 -46.442132903385335 -62.57042309612987 143.1 -46.429031577693294 -62.552771979774455 206.19228 112.82805 -999.0 -999.0 -999.0 -999.0 -999.0 179.23330167853234 56.82831591119037 179.24037168305426 56.67367375894873 62.14621324776619 24.66131127518122 -999.0 6231.0 -999.0 -1 -999 {-999.0 -999.0 -999.0 -999.0 -999.0} "" -999.0 -999.0 -999.0 -999.0 -999 -999 "" "" "" "" 0 0 0.0 0.0 -999 ""
FIBERMAP 1331 R-10C3 APOGEE 0 0 0 1 0 0 -116.96057382068919 -185.2552224315742 143.1 -116.92757924281437 -185.20296193332626 71.235535 58.462223 -999.0 -999.0 -999.0 -999.0 -999.0 178.66478816506867 56.27008653372503 178.67424329898472 56.11569515841489 62.77594212282007 24.907488845985597 -999.0 16600.0 -999.0 2 242 {-999.0 -999.0 -999.0 -999.0 -999.0} "" -999.0 -999.0 -999.0 -999.0 -999 -999 "" ops_sky_apogee_best_unassigned ops_sky sky_apogee 0 0 0.0 0.0 -999 ""
FIBERMAP 1331 R-10C3 BOSS 1 1 0 1 0 0 -116.45551934846779 -185.79073230597854 143.1 -116.4226672464596 -185.73832074039504 71.235535 58.462223 178.6690506753501 56.26775783645699 -999.0 -999.0 -999.0 178.66906136403307 56.267743887465684 178.67837794558852 56.11327139607664 62.776349509407055 24.91474626672374 5400.0 5400.0 2016.0 1 478 {-999.0 22.23672 20.713366 20.147722 19.768436} sdss_fiber2mag_from_lsdr10 1e+20 1e+20 1e+20 16.243 63050397935679394 1066977438 dark_flexible_2x2 bhm_colr_galaxies_lsdr10 bhm_filler science 0 0 0.0 0.0 -999 ""
FIBERMAP 1331 R-10C3 METROLOGY 0 0 0 1 0 0 -117.17811452569045 -185.9655639348583 143.1 -117.14505857958275 -185.91310304927228 71.235535 58.462223 -999.0 -999.0 -999.0 -999.0 -999.0 178.66317990262843 56.26691088654779 178.67255513229372 56.11246229027319 62.77903685432225 24.910388938811366 -999.0 6231.0 -999.0 -1 -999 {-999.0 -999.0 -999.0 -999.0 -999.0} "" -999.0 -999.0 -999.0 -999.0 -999 -999 "" "" "" "" 0 0 0.0 0.0 -999 ""
FIBERMAP 1333 R-5C14 APOGEE 0 0 0 1 0 0 55.17504656720987 -109.35636469957814 143.1 55.15948168657326 -109.32551526909639 260.25076 124.88331 -999.0 -999.0 -999.0 -999.0 -999.0 180.07581198345244 56.615520765761914 180.07930578063065 56.460926797955324 62.00778711778495 25.706911373790945 -999.0 16600.0 -999.0 2 195 {-999.0 -999.0 -999.0 -999.0 -999.0} "" -999.0 -999.0 -999.0 -999.0 -999 -999 "" ops_sky_apogee_best_unassigned ops_sky sky_apogee 0 0 0.0 0.0 -999 ""
FIBERMAP 1333 R-5C14 BOSS 1 1 0 1 0 0 54.49132252236917 -109.65506687265417 143.1 54.47595052028561 -109.6241331782894 260.25076 124.88331 180.0702698476464 56.6142437404676 -999.0 -999.0 -999.0 180.07031802194743 56.61421454770592 180.0737056557233 56.459539625072274 62.01087162440259 25.703910273257975 5400.0 5400.0 2016.0 1 325 {-999.0 19.072275 18.150581 17.744389 17.4653} sdss_fiber2mag_from_lsdr10 1e+20 1e+20 1e+20 -999.0 63050398654441284 1067560718 dark_1x1 bhm_colr_galaxies_lsdr10 bhm_filler science 0 0 0.0 0.0 -999 ""
FIBERMAP 1333 R-5C14 METROLOGY 0 0 0 1 0 0 54.57537335675418 -108.90448245928262 143.1 54.55997764393024 -108.87376050478086 260.25076 124.88331 -999.0 -999.0 -999.0 -999.0 -999.0 180.0710147718273 56.61760526006261 180.07443640047904 56.4629526058492 62.008041241924964 25.69975653759832 -999.0 6231.0 -999.0 -1 -999 {-999.0 -999.0 -999.0 -999.0 -999.0} "" -999.0 -999.0 -999.0 -999.0 -999 -999 "" "" "" "" 0 0 0.0 0.0 -999 ""
FIBERMAP 1334 R-4C16 APOGEE 0 0 0 1 0 0 77.61366845247078 -70.86870214044102 143.1 77.59177363660034 -70.8487100795672 155.45627 111.4105 -999.0 -999.0 -999.0 -999.0 -999.0 180.26450243131697 56.78965974936157 180.26719212461865 56.63501572858173 61.80868046396646 25.627729059909086 -999.0 16600.0 -999.0 2 -999 {-999.0 -999.0 -999.0 -999.0 -999.0} "" -999.0 -999.0 -999.0 -999.0 -999 -999 "" "" "" "" 0 0 0.0 0.0 -999 ""
FIBERMAP 1334 R-4C16 BOSS 1 1 0 1 0 0 77.64879271221244 -70.11475335462629 143.1 77.62688798778832 -70.09497398270496 155.45627 111.4105 180.26506499702876 56.79315635759573 -999.0 -999.0 -999.0 180.26505832220107 56.793134192550504 180.26761408604602 56.6384071875954 61.805982958152036 25.62335039319919 5400.0 5400.0 2016.0 1 283 {-999.0 21.68115 20.169067 19.594933 19.210112} sdss_fiber2mag_from_lsdr10 1e+20 1e+20 1e+20 16.065 63050394851391093 1063012498 dark_flexible_2x2 bhm_colr_galaxies_lsdr10 bhm_filler science 0 0 0.0 0.0 -999 ""
FIBERMAP 1334 R-4C16 METROLOGY 0 0 0 1 0 0 78.2728288373795 -70.51917450565549 143.1 78.25074807236449 -70.49928104652744 155.45627 111.4105 -999.0 -999.0 -999.0 -999.0 -999.0 180.27015244551657 56.79125503167949 180.27272337024635 56.63655153243675 61.80551668564813 25.630408725015172 -999.0 6231.0 -999.0 -1 -999 {-999.0 -999.0 -999.0 -999.0 -999.0} "" -999.0 -999.0 -999.0 -999.0 -999 -999 "" "" "" "" 0 0 0.0 0.0 -999 ""
FIBERMAP 1335 R-7C1 APOGEE 0 0 0 1 0 0 -191.47657264399157 -135.85895510933432 143.1 -191.4225571028487 -135.82062929809797 67.74419 33.086235 -999.0 -999.0 -999.0 -999.0 -999.0 178.04845436402087 56.48819649922291 178.06060638514236 56.33383674516345 62.81962266529478 24.02686160297526 -999.0 16600.0 -999.0 2 260 {-999.0 -999.0 -999.0 -999.0 -999.0} "" -999.0 -999.0 -999.0 -999.0 -999 -999 "" ops_sky_apogee_best_unassigned ops_sky sky_apogee 0 0 0.0 0.0 -999 ""
FIBERMAP 1335 R-7C1 BOSS 1 1 0 1 0 0 -191.34532731310244 -136.59428854474268 143.1 -191.2913487962674 -136.5557552959442 67.74419 33.086235 178.04983020065092 56.4849941077814 -6.585509 -13.428723 0.30970824 178.04976478922399 56.484953264974855 178.06179307808077 56.33051159247988 62.82183138072152 24.03249059598977 5400.0 5400.0 2016.0 1 500 {-999.0 16.36779 16.13102 16.037659 -999.0} sdss_psfmag 16.377628 16.115427 15.710228 14.936 63050394824151159 976595745 "" ops_std_boss ops_std standard_boss 0 0 0.0 0.0 -999 ""
FIBERMAP 1335 R-7C1 METROLOGY 0 0 0 1 0 0 -192.04884757568104 -136.33799626835957 143.1 -191.99467059577995 -136.2995353196123 67.74419 33.086235 -999.0 -999.0 -999.0 -999.0 -999.0 178.04395669711568 56.486035157958426 178.0560433455829 56.331617465037525 62.82293038405725 24.02550650267858 -999.0 6231.0 -999.0 -1 -999 {-999.0 -999.0 -999.0 -999.0 -999.0} "" -999.0 -999.0 -999.0 -999.0 -999 -999 "" "" "" "" 0 0 0.0 0.0 -999 ""
FIBERMAP 1336 R-9C8 APOGEE 0 0 0 1 0 0 -23.0630339213144 -176.73617776608393 143.1 -23.0565278394452 -176.68632049033613 332.26505 134.41318 -999.0 -999.0 -999.0 -999.0 -999.0 179.43092581594505 56.31097856984555 179.43713885061845 56.156499911292414 62.47121552651163 25.558155840207405 -999.0 16600.0 -999.0 2 173 {-999.0 -999.0 -999.0 -999.0 -999.0} "" -999.0 -999.0 -999.0 -999.0 -999 -999 "" ops_sky_apogee_best_unassigned ops_sky sky_apogee 0 0 0.0 0.0 -999 ""
FIBERMAP 1336 R-9C8 BOSS 1 1 0 1 0 0 -22.840021002607507 -177.4397912460701 143.1 -22.83357783268267 -177.3897354809596 332.26505 134.41318 179.4328726981653 56.30783517441203 0.18652351 0.2334875 0.39178142 179.43288476696955 56.30783143647444 179.43896440397452 56.15327258429988 62.47300174809848 25.564373792640936 5400.0 5400.0 2016.0 1 383 {-999.0 20.752192 20.608345 20.480238 20.411173} sdss_psfmag_from_gaiadr2 20.77389 20.598845 20.286331 -999.0 63050394824146821 1055794331 dark_flexible_2x2 bhm_gua_dark bhm_filler science 0 0 0.0 0.0 -999 ""
FIBERMAP 1336 R-9C8 METROLOGY 0 0 0 1 0 0 -23.570978238639128 -177.28692611236076 143.1 -23.56432886567801 -177.23691347050448 332.26505 134.41318 -999.0 -999.0 -999.0 -999.0 -999.0 179.42686368732723 56.30850203365625 179.43300433868023 56.15396640999303 62.474637752902204 25.557946085685103 -999.0 6231.0 -999.0 -1 -999 {-999.0 -999.0 -999.0 -999.0 -999.0} "" -999.0 -999.0 -999.0 -999.0 -999 -999 "" "" "" "" 0 0 0.0 0.0 -999 ""
FIBERMAP 1338 R-8C12 APOGEE 0 0 0 1 0 0 63.56067348151674 -149.33300878144613 143.1 63.542743015527606 -149.29088193966888 67.174805 57.17216 -999.0 -999.0 -999.0 -999.0 -999.0 180.14207461217526 56.43415584246652 180.145272081004 56.279601029791266 62.119437719902535 26.021692332990256 -999.0 16600.0 -999.0 2 -999 {-999.0 -999.0 -999.0 -999.0 -999.0} "" -999.0 -999.0 -999.0 -999.0 -999 -999 "" "" "" "" 0 0 0.0 0.0 -999 ""
FIBERMAP 1338 R-8C12 BOSS 1 1 0 1 0 0 63.976722026561504 -149.9293512750475 143.1 63.958674193277815 -149.88705620505283 67.174805 57.17216 180.14561221848302 56.4314691770903 -999.0 -999.0 -999.0 180.14561441955934 56.431475651316326 180.14866722934846 56.276840550193675 62.120247750938105 26.028627303107726 5400.0 5400.0 2015.5 1 382 {-999.0 -999.0 -999.0 -999.0 -999.0} "" -999.0 -999.0 -999.0 -999.0 27021603105716959 807361556 "" ops_sky_boss_good ops_sky sky_boss 0 0 0.0 0.0 -999 ""
FIBERMAP 1338 R-8C12 METROLOGY 0 0 0 1 0 0 63.24601423212464 -150.00950825467856 143.1 63.228172531509756 -149.96719057239991 67.174805 57.17216 -999.0 -999.0 -999.0 -999.0 -999.0 180.1395639286415 56.43111880975464 180.14267925237198 56.276506971778936 62.122706353647914 26.02378901846828 -999.0 6231.0 -999.0 -1 -999 {-999.0 -999.0 -999.0 -999.0 -999.0} "" -999.0 -999.0 -999.0 -999.0 -999 -999 "" "" "" "" 0 0 0.0 0.0 -999 ""
FIBERMAP 1339 R-4C7 APOGEE 0 0 0 1 0 0 -100.13167989378296 -95.74029538177193 143.1 -100.10343274688493 -95.71328704444474 11.655218 30.567385 -999.0 -999.0 -999.0 -999.0 -999.0 178.79093082448742 56.67561262466876 178.79996328735695 56.521111529654405 62.41802480880789 24.46689562506316 -999.0 16600.0 -999.0 2 259 {-999.0 -999.0 -999.0 -999.0 -999.0} "" -999.0 -999.0 -999.0 -999.0 -999 -999 "" ops_sky_apogee_best_unassigned ops_sky sky_apogee 0 0 0.0 0.0 -999 ""
FIBERMAP 1339 R-4C7 BOSS 1 1 0 1 0 0 -100.67136215058301 -96.24543859256647 143.1 -100.64296275932033 -96.21828775433951 11.655218 30.567385 178.78970236802087 56.67445629182053 -999.0 -999.0 -999.0 178.78658074202767 56.67333755541514 178.7955091980749 56.5187547418464 62.421403751295394 24.465993483091495 5400.0 5400.0 2015.5 1 460 {-999.0 -999.0 -999.0 -999.0 -999.0} "" -999.0 -999.0 -999.0 -999.0 27021603092609509 805488567 "" ops_sky_boss_good ops_sky sky_boss 0 0 0.0 0.0 -999 ""
FIBERMAP 1339 R-4C7 METROLOGY 0 0 0 1 0 0 -100.85502431238089 -95.517431082344 143.1 -100.82657311002238 -95.49048561503568 11.655218 30.567385 -999.0 -999.0 -999.0 -999.0 -999.0 178.7849577952433 56.67661706253711 178.79392875029816 56.52205710326607 62.419392798522 24.460030480743455 -999.0 6231.0 -999.0 -1 -999 {-999.0 -999.0 -999.0 -999.0 -999.0} "" -999.0 -999.0 -999.0 -999.0 -999 -999 "" "" "" "" 0 0 0.0 0.0 -999 ""
FIBERMAP 1340 R+9C17 APOGEE 0 0 0 1 0 0 156.19139263133906 188.71733742079664 143.1 156.14733103947776 188.66410025991024 166.6214 73.966896 -999.0 -999.0 -999.0 -999.0 -999.0 180.95268188871762 57.96144147723721 180.95230691361712 57.806501311665095 60.68321195826032 24.60228940719537 -999.0 16600.0 -999.0 2 -999 {-999.0 -999.0 -999.0 -999.0 -999.0} "" -999.0 -999.0 -999.0 -999.0 -999 -999 "" "" "" "" 0 0 0.0 0.0 -999 ""
FIBERMAP 1340 R+9C17 BOSS 1 1 0 1 0 0 156.54005839334258 189.36958868920726 143.1 156.49589844286982 189.31616752823805 166.6214 73.966896 180.9558997441542 57.964461390117656 -999.0 -999.0 -999.0 180.95588634177193 57.964436223545796 180.9553551312165 57.809408831435114 60.679953132669525 24.600887859101533 5400.0 5400.0 2016.0 1 240 {-999.0 21.66659 20.588934 20.131632 19.785622} sdss_fiber2mag_from_lsdr10 1e+20 1e+20 1e+20 -999.0 63050397224498180 1066404572 dark_flexible_2x2 bhm_colr_galaxies_lsdr10 bhm_filler science 0 0 0.0 0.0 -999 ""
FIBERMAP 1340 R+9C17 METROLOGY 0 0 0 1 0 0 156.93729210045277 188.73454098111694 143.1 156.89302009035123 188.68129896710616 166.6214 73.966896 -999.0 -999.0 -999.0 -999.0 -999.0 180.95913939716957 57.96150790638371 180.95863377834633 57.8065056920179 60.68099357052853 24.60747257587468 -999.0 6231.0 -999.0 -1 -999 {-999.0 -999.0 -999.0 -999.0 -999.0} "" -999.0 -999.0 -999.0 -999.0 -999 -999 "" "" "" "" 0 0 0.0 0.0 -999 ""
FIBERMAP 1341 R-6C4 APOGEE 0 0 0 1 0 0 -146.72678703232387 -120.6080813578042 143.1 -146.68539540570205 -120.57405781805316 321.3381 133.78888 -999.0 -999.0 -999.0 -999.0 -999.0 178.41099278399784 56.56029925439823 178.4216209154929 56.405871798338374 62.63897437922526 24.271177024986343 -999.0 16600.0 -999.0 2 -999 {-999.0 -999.0 -999.0 -999.0 -999.0} "" -999.0 -999.0 -999.0 -999.0 -999 -999 "" "" "" "" 0 0 0.0 0.0 -999 ""
FIBERMAP 1341 R-6C4 BOSS 1 1 0 1 0 0 -146.64036821037794 -121.34334567764554 143.1 -146.5990009625058 -121.30911471982989 321.3381 133.78888 178.4118761224318 56.55704013646386 -1.788373 -0.2082955 -1.6115696 178.41187746259402 56.55702612738155 178.42238135899788 56.402516791529415 62.64133122054067 24.27645262249962 5400.0 5400.0 2016.0 1 453 {-999.0 20.585096 20.783009 20.40656 20.136484} sdss_psfmag 20.680557 20.721987 20.067099 -999.0 63050394824151015 1059900595 dark_10x4_4yr bhm_aqmes_med_faint bhm_filler science 0 0 0.0 0.0 -999 ""
FIBERMAP 1341 R-6C4 METROLOGY 0 0 0 1 0 0 -147.33094828901883 -121.04586116138192 143.1 -147.28938622850652 -121.0117141239483 321.3381 133.78888 -999.0 -999.0 -999.0 -999.0 -999.0 178.40614286511243 56.55831131350543 178.4167055964689 56.403825813233055 62.64227100018056 24.269336603119427 -999.0 6231.0 -999.0 -1 -999 {-999.0 -999.0 -999.0 -999.0 -999.0} "" -999.0 -999.0 -999.0 -999.0 -999 -999 "" "" "" "" 0 0 0.0 0.0 -999 ""
FIBERMAP 1342 R+2C4 APOGEE 0 0 0 1 0 0 -209.77829615695055 57.24966920915459 143.1 -209.71911769960468 57.23351907747069 166.26317 51.825817 -999.0 -999.0 -999.0 -999.0 -999.0 177.85585928481504 57.36091022462747 177.86921182986373 57.20637479333746 62.19090582812141 22.696722995918776 -999.0 16600.0 -999.0 2 -999 {-999.0 -999.0 -999.0 -999.0 -999.0} "" -999.0 -999.0 -999.0 -999.0 -999 -999 "" "" "" "" 0 0 0.0 0.0 -999 ""
FIBERMAP 1342 R+2C4 BOSS 1 1 0 1 0 0 -209.21203776027923 57.713170498455355 143.1 -209.15301904442705 57.69688961305774 166.26317 51.825817 177.8604931817426 57.36317650396328 0.13361213 0.08044975 0.17386223 177.86052531430383 57.3631789107498 177.87373908209656 57.20855593158953 62.18769048947416 22.698130204360666 5400.0 5400.0 2016.0 1 35 {-999.0 19.253502 18.987167 18.989773 18.821207} sdss_psfmag 18.843649 18.746214 18.29633 -999.0 63050394824207075 1059897593 dark_10x4_4yr bhm_aqmes_med bhm_aqmes science 0 0 0.0 0.0 -999 ""
FIBERMAP 1342 R+2C4 METROLOGY 0 0 0 1 0 0 -209.08127916877646 56.98353146529152 143.1 -209.02229733992297 56.967456411065164 166.26317 51.825817 -999.0 -999.0 -999.0 -999.0 -999.0 177.86173887968792 57.359863941834554 177.87497961703662 57.20526601427621 62.18992191000427 22.703508151632036 -999.0 6231.0 -999.0 -1 -999 {-999.0 -999.0 -999.0 -999.0 -999.0} "" -999.0 -999.0 -999.0 -999.0 -999 -999 "" "" "" "" 0 0 0.0 0.0 -999 ""
FIBERMAP 1345 R-1C16 APOGEE 0 0 0 1 0 0 50.52522067230699 -5.97581820121726 143.1 50.510967507555335 -5.974132422902697 122.18888 105.766685 -999.0 -999.0 -999.0 -999.0 -999.0 180.0430741033681 57.085870918020184 180.04674572179533 56.93116803826414 61.664606550814725 25.024718778745353 -999.0 16600.0 -999.0 2 231 {-999.0 -999.0 -999.0 -999.0 -999.0} "" -999.0 -999.0 -999.0 -999.0 -999 -999 "" ops_sky_apogee_best_unassigned ops_sky sky_apogee 0 0 0.0 0.0 -999 ""
FIBERMAP 1345 R-1C16 BOSS 1 1 0 1 0 0 51.0279434296677 -5.41885458614294 143.1 51.01354844682619 -5.417325927264189 122.18888 105.766685 180.047489469668 57.08846444684641 -2.8606164 -6.0336566 0.0604243 180.04749868317455 57.08847381119433 180.05101950486858 56.93368654159292 61.66117659279516 25.02498509862437 5400.0 5400.0 2016.0 1 281 {-999.0 17.931189 17.48271 17.314589 -999.0} sdss_psfmag 17.85072 17.504803 16.977938 16.296 63050394851391639 943569012 bright_1x1 openfibertargets_nov2020_46 open_fiber science 0 0 0.0 0.0 -999 ""
FIBERMAP 1345 R-1C16 METROLOGY 0 0 0 1 0 0 51.263132281706326 -6.129167268849441 143.1 51.24867095208966 -6.127438230762899 122.18888 105.766685 -999.0 -999.0 -999.0 -999.0 -999.0 180.0493845677621 57.085209205999114 180.05293418625763 56.93044628787794 61.66295231643249 25.031104564371674 -999.0 6231.0 -999.0 -1 -999 {-999.0 -999.0 -999.0 -999.0 -999.0} "" -999.0 -999.0 -999.0 -999.0 -999 -999 "" "" "" "" 0 0 0.0 0.0 -999 ""
FIBERMAP 1346 R+3C6 APOGEE 0 0 0 1 0 0 -167.3790480686366 59.65814924493103 143.1 -167.33183043917643 59.64131968102904 249.3524 22.315914 -999.0 -999.0 -999.0 -999.0 -999.0 178.2095020491714 57.376737437229814 178.22130089355073 57.222145364549846 62.06335931016264 23.00170902633198 -999.0 16600.0 -999.0 2 -999 {-999.0 -999.0 -999.0 -999.0 -999.0} "" -999.0 -999.0 -999.0 -999.0 -999 -999 "" "" "" "" 0 0 0.0 0.0 -999 ""
FIBERMAP 1346 R+3C6 BOSS 1 1 0 1 0 0 -167.40286493164476 60.38841918776797 143.1 -167.35564058344755 60.37138361471511 249.3524 22.315914 178.2091876176005 57.38019949390043 -999.0 -999.0 -999.0 178.209211732818 57.38015226356629 178.22089172189408 57.22547332053437 62.06084875363839 22.997022332046242 5400.0 5400.0 2016.0 1 39 {-999.0 20.34722 19.3272 18.880398 18.522585} sdss_fiber2mag_from_lsdr10 1e+20 1e+20 1e+20 15.299 63050394824208746 1062319634 dark_flexible_2x2 bhm_colr_galaxies_lsdr10 bhm_filler science 0 0 0.0 0.0 -999 ""
FIBERMAP 1346 R+3C6 METROLOGY 0 0 0 1 0 0 -166.7506008757685 60.06028865643905 143.1 -166.70356053126145 60.04334564900907 249.3524 22.315914 -999.0 -999.0 -999.0 -999.0 -999.0 178.2147103077198 57.37870283326131 178.22639986181878 57.2240478649613 62.060171846615845 23.003926659722822 -999.0 6231.0 -999.0 -1 -999 {-999.0 -999.0 -999.0 -999.0 -999.0} "" -999.0 -999.0 -999.0 -999.0 -999 -999 "" "" "" "" 0 0 0.0 0.0 -999 ""
FIBERMAP 1349 R-5C10 APOGEE 0 0 0 1 0 0 -15.92875227544626 -87.33315461235395 143.1 -15.924258774429358 -87.30851792943781 83.33218 51.167984 -999.0 -999.0 -999.0 -999.0 -999.0 179.48756771397782 56.71616093823126 179.4936074499691 56.56158261783912 62.14262948260421 25.043961064352857 -999.0 16600.0 -999.0 2 289 {-999.0 -999.0 -999.0 -999.0 -999.0} "" -999.0 -999.0 -999.0 -999.0 -999 -999 "" ops_sky_apogee_best_unassigned ops_sky sky_apogee 0 0 0.0 0.0 -999 ""
FIBERMAP 1349 R-5C10 BOSS 1 1 0 1 0 0 -15.40342264831746 -87.87892832190671 143.1 -15.39907734278837 -87.85413767622711 83.33218 51.167984 179.4921015574223 56.71370605484622 -2.9538858 -0.0060442295 2.0596602 179.4920477230915 56.71372245994753 179.4979411475557 56.559061951194586 62.14301069686937 25.0513471988466 5400.0 5400.0 2016.0 1 398 {-999.0 21.01935 20.921711 20.766895 20.747108} sdss_psfmag_from_gaiadr2 19.84187 20.943546 19.612938 -999.0 63050394824150627 1055794374 dark_flexible_2x2 bhm_gua_dark bhm_filler science 0 0 0.0 0.0 -999 ""
FIBERMAP 1349 R-5C10 METROLOGY 0 0 0 1 0 0 -16.12298617180727 -88.0570134901406 143.1 -16.118437877408205 -88.03217260663504 83.33218 51.167984 -999.0 -999.0 -999.0 -999.0 -999.0 179.48604967421352 56.71289205231022 179.49200473260055 56.55825557298779 62.14573972392165 25.047117877939968 -999.0 6231.0 -999.0 -1 -999 {-999.0 -999.0 -999.0 -999.0 -999.0} "" -999.0 -999.0 -999.0 -999.0 -999 -999 "" "" "" "" 0 0 0.0 0.0 -999 ""
FIBERMAP 1351 R-3C8 APOGEE 0 0 0 1 0 0 -111.57924707027591 -45.39863561389022 143.1 -111.54777056467739 -45.385828658783545 155.7808 87.74759 -999.0 -999.0 -999.0 -999.0 -999.0 178.69008961294247 56.90372331740949 178.69962367795176 56.74918032710042 62.27527998513244 24.06562394200256 -999.0 16600.0 -999.0 2 -999 {-999.0 -999.0 -999.0 -999.0 -999.0} "" -999.0 -999.0 -999.0 -999.0 -999 -999 "" "" "" "" 0 0 0.0 0.0 -999 ""
FIBERMAP 1351 R-3C8 BOSS 1 1 0 1 0 0 -111.25637070924847 -44.72145368589004 143.1 -111.2249852870714 -44.708837763805256 155.7808 87.74759 178.69272515474316 56.90688853096471 0.22803046 -0.0361938 0.02424658 178.69272263492297 56.90688409634662 178.70212373684785 56.75225626599169 62.27202253379619 24.063788340404358 5400.0 5400.0 2016.0 1 469 {-999.0 19.416298 19.359829 19.041056 19.01783} sdss_psfmag 19.298927 19.159214 18.71302 -999.0 63050394824207265 1059897595 dark_10x4_4yr bhm_aqmes_med bhm_aqmes science 0 0 0.0 0.0 -999 ""
FIBERMAP 1351 R-3C8 METROLOGY 0 0 0 1 0 0 -110.83529279740574 -45.34211994889344 143.1 -110.8040261613076 -45.32932893685586 155.7808 87.74759 -999.0 -999.0 -999.0 -999.0 -999.0 178.69628008740003 56.90406629331423 178.70569961278318 56.74946245910608 62.272976214090605 24.07083193994498 -999.0 6231.0 -999.0 -1 -999 {-999.0 -999.0 -999.0 -999.0 -999.0} "" -999.0 -999.0 -999.0 -999.0 -999 -999 "" "" "" "" 0 0 0.0 0.0 -999 ""
FIBERMAP 1353 R-12C3 APOGEE 0 0 0 1 0 0 -118.54101702633761 -242.0051950745287 143.1 -118.5075766054345 -241.93692540899818 218.10829 132.72293 -999.0 -999.0 -999.0 -999.0 -999.0 178.66090764237566 56.01568424755581 178.6703047821967 55.86135276415383 62.97334805840151 25.259276932141688 -999.0 16600.0 -999.0 2 -999 {-999.0 -999.0 -999.0 -999.0 -999.0} "" -999.0 -999.0 -999.0 -999.0 -999 -999 "" "" "" "" 0 0 0.0 0.0 -999 ""
FIBERMAP 1353 R-12C3 BOSS 1 1 0 1 0 0 -119.2905122512219 -241.88232525788186 143.1 -119.25686039771584 -241.81409025392662 218.10829 132.72293 178.6549212143778 56.01627814304316 -1.4635298 2.6160848 1.2424732 178.65496028555174 56.01628288148723 178.66426388825562 55.86187184301255 62.97511622695828 25.25280962676203 5400.0 5400.0 2016.0 1 350 {-999.0 21.348179 21.055822 20.948496 20.600952} sdss_psfmag 20.807262 20.75399 20.183426 -999.0 63050394824146268 1167494145 dark_3x4 bhm_aqmes_wide3_faint bhm_filler science 0 0 0.0 0.0 -999 ""
FIBERMAP 1353 R-12C3 METROLOGY 0 0 0 1 0 0 -118.80982301956618 -241.30920274805075 143.1 -118.77630676849236 -241.24112942195555 218.10829 132.72293 -999.0 -999.0 -999.0 -999.0 -999.0 178.65871004076533 56.01883605921188 178.6680322521471 55.864446677359034 62.97178436153907 25.252766100865358 -999.0 6231.0 -999.0 -1 -999 {-999.0 -999.0 -999.0 -999.0 -999.0} "" -999.0 -999.0 -999.0 -999.0 -999 -999 "" "" "" "" 0 0 0.0 0.0 -999 ""
FIBERMAP 1354 R+3C8 APOGEE 0 0 0 1 0 0 -81.81234688339595 50.08201431055472 143.1 -81.78926762034014 50.067886174317714 37.044014 43.941536 -999.0 -999.0 -999.0 -999.0 -999.0 178.9296095152583 57.339769364652625 178.93821805841367 57.18509657005342 61.853603136428774 23.701313202926087 -999.0 16600.0 -999.0 2 -999 {-999.0 -999.0 -999.0 -999.0 -999.0} "" -999.0 -999.0 -999.0 -999.0 -999 -999 "" "" "" "" 0 0 0.0 0.0 -999 ""
FIBERMAP 1354 R+3C8 BOSS 1 1 0 1 0 0 -81.94658196426406 49.32674256292421 143.1 -81.92346483349193 49.31282748884721 37.044014 43.941536 178.92861595943506 57.33645744858596 -0.5407558 0.107482165 -0.094430506 178.9285899820887 57.33643633278318 178.93707638864316 57.18167902737454 61.85666034473316 23.704806929117808 5400.0 5400.0 2016.0 1 52 {-999.0 19.714876 19.701555 19.582829 19.65562} sdss_psfmag 19.803705 19.706417 19.324945 -999.0 63050394824207750 1059900669 dark_10x4_4yr bhm_aqmes_med_faint bhm_filler science 0 0 0.0 0.0 -999 ""
FIBERMAP 1354 R+3C8 METROLOGY 0 0 0 1 0 0 -82.50815948067974 49.81274342469258 143.1 -82.48488392889024 49.798691249772475 37.044014 43.941536 -999.0 -999.0 -999.0 -999.0 -999.0 178.92379950535596 57.33859035284026 178.93234327200935 57.18385724759873 61.85655749165548 23.697675716546314 -999.0 6231.0 -999.0 -1 -999 {-999.0 -999.0 -999.0 -999.0 -999.0} "" -999.0 -999.0 -999.0 -999.0 -999 -999 "" "" "" "" 0 0 0.0 0.0 -999 ""
FIBERMAP 1355 R0C10 APOGEE 0 0 0 1 0 0 -90.17313715886935 -8.753672450325972 143.1 -90.14769931687684 -8.751203039327736 219.21082 156.76158 -999.0 -999.0 -999.0 -999.0 -999.0 178.86456822616944 57.071596389971766 178.87339044179794 56.91699393023334 62.08490362733079 23.99939224569414 -999.0 16600.0 -999.0 2 -999 {-999.0 -999.0 -999.0 -999.0 -999.0} "" -999.0 -999.0 -999.0 -999.0 -999 -999 "" "" "" "" 0 0 0.0 0.0 -999 ""
FIBERMAP 1355 R0C10 BOSS 1 1 0 1 0 0 -90.8871789807282 -8.969339868860073 143.1 -90.86153970753773 -8.966809618083069 219.21082 156.76158 178.85863114862192 57.07065706657056 -999.0 -999.0 -999.0 178.85866018432412 57.070658186061515 178.8673837667468 56.915972251619955 62.08775411913747 23.995300541510574 5400.0 5400.0 2015.5 1 491 {-999.0 -999.0 -999.0 -999.0 -999.0} "" -999.0 -999.0 -999.0 -999.0 27021603092664241 805496438 "" ops_sky_boss_good ops_sky sky_boss 0 0 0.0 0.0 -999 ""
FIBERMAP 1355 R0C10 METROLOGY 0 0 0 1 0 0 -90.70954363654347 -8.235087769467551 143.1 -90.68395447428361 -8.232764651207784 219.21082 156.76158 -999.0 -999.0 -999.0 -999.0 -999.0 178.86005583873492 57.07398627904274 178.86880940838478 56.91932330043286 62.08465457739615 23.992112142994586 -999.0 6231.0 -999.0 -1 -999 {-999.0 -999.0 -999.0 -999.0 -999.0} "" -999.0 -999.0 -999.0 -999.0 -999 -999 "" "" "" "" 0 0 0.0 0.0 -999 ""
FIBERMAP 1356 R+8C9 APOGEE 0 0 0 1 0 0 -33.251071881184835 164.49850002422232 143.1 -33.24169175380715 164.4520949973655 147.0484 108.888535 -999.0 -999.0 -999.0 -999.0 -999.0 179.33556219507747 57.86075455946601 179.34248259418848 57.70591874844323 61.310894797443055 23.375481911533143 -999.0 16600.0 -999.0 2 -999 {-999.0 -999.0 -999.0 -999.0 -999.0} "" -999.0 -999.0 -999.0 -999.0 -999 -999 "" "" "" "" 0 0 0.0 0.0 -999 ""
FIBERMAP 1356 R+8C9 BOSS 1 1 0 1 0 0 -33.05971966697274 165.24988597392013 143.1 -33.05039352005469 165.2032689810869 147.0484 108.888535 179.33737858574867 57.86441096674066 -10.582148 -28.097622 0.24376202 179.33728564425877 57.864297245646355 179.3440683164448 57.709373119658025 61.30766769351403 23.37236707043138 5400.0 5400.0 2016.0 1 123 {-999.0 17.529629 17.216469 17.100727 17.069468} sdss_psfmag_from_gaia 17.498 17.2235 16.787 15.708 63050394824209492 969183445 "" ops_std_boss_gdr2 ops_std standard_boss 0 0 0.0 0.0 -999 ""
FIBERMAP 1356 R+8C9 METROLOGY 0 0 0 1 0 0 -32.535700903543024 164.71041119631946 143.1 -32.52652258231814 164.66394638932098 147.0484 108.888535 -999.0 -999.0 -999.0 -999.0 -999.0 179.3417411654269 57.86183703710601 179.34854030072802 57.70693785994395 61.30807769887871 23.37942128632494 -999.0 6231.0 -999.0 -1 -999 {-999.0 -999.0 -999.0 -999.0 -999.0} "" -999.0 -999.0 -999.0 -999.0 -999 -999 "" "" "" "" 0 0 0.0 0.0 -999 ""
FIBERMAP 1357 R+3C5 APOGEE 1 1 0 1 0 0 -157.72344205391147 45.465773805705474 143.1 -157.67894827090808 45.45294791091489 334.44568 89.47954 178.29252634375274 57.31324151943512 -999.0 -999.0 -999.0 178.29254677063167 57.31327251020282 178.30395550873925 57.158683857343256 62.086478094929745 23.1600489417213 16000.0 16600.0 2015.5 2 148 {-999.0 -999.0 -999.0 -999.0 -999.0} "" -999.0 -999.0 -999.0 -999.0 27021603092665395 838968388 "" ops_sky_apogee_best ops_sky sky_apogee 0 0 0.0 0.0 -999 ""
FIBERMAP 1357 R+3C5 BOSS 0 0 0 1 0 0 -158.04549436791055 44.79149570817351 143.1 -158.00090973394936 44.77886002723423 334.44568 89.47954 -999.0 -999.0 -999.0 -999.0 -999.0 178.28997433738508 57.31028033789107 178.3012716376237 57.1556069896756 62.089804262696404 23.16159293069336 -999.0 5400.0 -999.0 1 40 {-999.0 -999.0 -999.0 -999.0 -999.0} "" -999.0 -999.0 -999.0 -999.0 -999 -999 "" "" "" "" 0 0 0.0 0.0 -999 ""
FIBERMAP 1357 R+3C5 METROLOGY 0 0 0 1 0 0 -158.46622612770355 45.40503639283014 143.1 -158.42152280531292 45.39222763206372 334.44568 89.47954 -999.0 -999.0 -999.0 -999.0 -999.0 178.2863441724137 57.31299927706874 178.29769295266306 57.158350078392154 62.08881356809748 23.154733380467064 -999.0 6231.0 -999.0 -1 -999 {-999.0 -999.0 -999.0 -999.0 -999.0} "" -999.0 -999.0 -999.0 -999.0 -999 -999 "" "" "" "" 0 0 0.0 0.0 -999 ""
FIBERMAP 1358 R-3C14 APOGEE 0 0 0 1 0 0 37.4908787168092 -39.90647009617132 143.1 37.48030253992319 -39.89521248095719 119.615005 67.2996 -999.0 -999.0 -999.0 -999.0 -999.0 179.93254535309623 56.931671277163424 179.93668573603088 56.77701103656171 61.82073057357802 25.140623395082173 -999.0 16600.0 -999.0 2 215 {-999.0 -999.0 -999.0 -999.0 -999.0} "" -999.0 -999.0 -999.0 -999.0 -999 -999 "" ops_sky_apogee_best_unassigned ops_sky sky_apogee 0 0 0.0 0.0 -999 ""
FIBERMAP 1358 R-3C14 BOSS 1 1 0 1 0 0 38.23003884376887 -39.80249416345707 143.1 38.21925414981104 -39.79126587985356 119.615005 67.2996 179.9389282899921 56.9321820311182 -999.0 -999.0 -999.0 179.93888604725046 56.93219140315291 179.9428686210797 56.77744769314022 61.81819054289082 25.145458842620542 5400.0 5400.0 2015.5 1 264 {-999.0 -999.0 -999.0 -999.0 -999.0} "" -999.0 -999.0 -999.0 -999.0 27021603092609211 805488512 "" ops_sky_boss_good ops_sky sky_boss 0 0 0.0 0.0 -999 ""
FIBERMAP 1358 R-3C14 METROLOGY 0 0 0 1 0 0 37.954264775729975 -40.49665621484087 143.1 37.94355787763674 -40.485232108122666 119.615005 67.2996 -999.0 -999.0 -999.0 -999.0 -999.0 179.93651259329124 56.92901688752856 179.94054212690196 56.774297586886476 61.82140992289765 25.147762662251182 -999.0 6231.0 -999.0 -1 -999 {-999.0 -999.0 -999.0 -999.0 -999.0} "" -999.0 -999.0 -999.0 -999.0 -999 -999 "" "" "" "" 0 0 0.0 0.0 -999 ""
FIBERMAP 1359 R-7C12 APOGEE 1 1 0 1 0 0 26.7637524130563 -148.9819616399383 143.1 26.756202358500577 -148.93993382855967 254.47964 105.16735 179.83974013773866 56.43643072977668 -2.2047884 -0.6948813 1.4314747 179.8397580064303 56.43640809279442 179.84424709511904 56.281869936887624 62.228246385063926 25.749947806799696 16000.0 16600.0 2016.0 2 161 {-999.0 11.792327 11.594402 11.565139 -999.0} sdss_psfmag_from_g3xp 11.792982 11.587363 11.242054 10.713 63050394824146959 974639292 "" ops_std_apogee ops_std standard_apogee 0 0 0.0 0.0 -999 ""
FIBERMAP 1359 R-7C12 BOSS 0 0 0 1 0 0 26.031795220318365 -148.96987959944542 143.1 26.024451650886714 -148.92785519641043 254.47964 105.16735 -999.0 -999.0 -999.0 -999.0 -999.0 179.833887164082 56.43649477937371 179.8382738440921 56.28187598107594 62.23042374818479 25.744580675452767 -999.0 5400.0 -999.0 1 381 {-999.0 -999.0 -999.0 -999.0 -999.0} "" -999.0 -999.0 -999.0 -999.0 -999 -999 "" "" "" "" 0 0 0.0 0.0 -999 ""
FIBERMAP 1359 R-7C12 METROLOGY 0 0 0 1 0 0 26.399590352277436 -148.33101801164162 143.1 26.392143027839058 -148.28917383146054 254.47964 105.16735 -999.0 -999.0 -999.0 -999.0 -999.0 179.8368913180547 56.439370220575775 179.8413015936129 56.28477350272189 62.22713596987655 25.74320514836961 -999.0 6231.0 -999.0 -1 -999 {-999.0 -999.0 -999.0 -999.0 -999.0} "" -999.0 -999.0 -999.0 -999.0 -999 -999 "" "" "" "" 0 0 0.0 0.0 -999 ""
FIBERMAP 1362 R-12C4 APOGEE 0 0 0 1 0 0 -79.47275599747087 -245.12144523431857 143.1 -79.450336733004 -245.05229647461798 331.15625 95.070526 -999.0 -999.0 -999.0 -999.0 -999.0 178.97671222020023 56.00291223676252 178.98477982405052 55.8485482967791 62.86965747519976 25.5743347475443 -999.0 16600.0 -999.0 2 -999 {-999.0 -999.0 -999.0 -999.0 -999.0} "" -999.0 -999.0 -999.0 -999.0 -999 -999 "" "" "" "" 0 0 0.0 0.0 -999 ""
FIBERMAP 1362 R-12C4 BOSS 1 1 0 1 0 0 -79.77172465400542 -245.81060133034964 143.1 -79.74922105048053 -245.74125815971436 331.15625 95.070526 178.9745542804286 55.99988708502533 -9.741836 -3.4353187 0.21240838 178.9744858968617 55.99989480971395 178.98244158393936 55.84545197364365 62.87286822411988 25.576529401695666 5400.0 5400.0 2016.0 1 351 {-999.0 17.62657 17.359264 17.247658 -999.0} sdss_psfmag 17.58377 17.341177 16.90686 16.145 63050394824146047 975912374 "" ops_std_boss ops_std standard_boss 0 0 0.0 0.0 -999 ""
FIBERMAP 1362 R-12C4 METROLOGY 0 0 0 1 0 0 -80.21402130880855 -245.20622564903337 143.1 -80.19139293339734 -245.13705297277778 331.15625 95.070526 -999.0 -999.0 -999.0 -999.0 -999.0 178.97081320788803 56.00256357921438 178.97881913006563 55.84814312005791 62.87213006865592 25.569311008591967 -999.0 6231.0 -999.0 -1 -999 {-999.0 -999.0 -999.0 -999.0 -999.0} "" -999.0 -999.0 -999.0 -999.0 -999 -999 "" "" "" "" 0 0 0.0 0.0 -999 ""
FIBERMAP 1363 R-6C13 APOGEE 0 0 0 1 0 0 33.25667746274203 -105.51607351286881 143.1 33.24729575402979 -105.48630742853084 157.18544 94.12607 -999.0 -999.0 -999.0 -999.0 -999.0 179.89481815487085 56.63338447388002 179.89909211413124 56.47879665287054 62.059844770212905 25.522008534354256 -999.0 16600.0 -999.0 2 -999 {-999.0 -999.0 -999.0 -999.0 -999.0} "" -999.0 -999.0 -999.0 -999.0 -999 -999 "" "" "" "" 0 0 0.0 0.0 -999 ""
FIBERMAP 1363 R-6C13 BOSS 1 1 0 1 0 0 33.48734133797444 -104.81150114650194 143.1 33.477894558983 -104.78193382202852 157.18544 94.12607 179.89693368365624 56.63661704725363 -999.0 -999.0 -999.0 179.8969102944633 56.63661288119883 179.90104685071947 56.481942396561486 62.05676244071714 25.519342857614106 5400.0 5400.0 2016.0 1 380 {-999.0 19.705387 18.543884 17.990536 -999.0} sdss_psfmag 19.137974 21.068577 17.49758 15.227 63050394824150452 1117931008 bright_1x1 openfibertargets_bhm_lofarradio_boss open_fiber science 0 0 0.0 0.0 -999 ""
FIBERMAP 1363 R-6C13 METROLOGY 0 0 0 1 0 0 33.986584464961005 -105.36148454617489 143.1 33.97699684948344 -105.33176207138442 157.18544 94.12607 -999.0 -999.0 -999.0 -999.0 -999.0 179.90097690681043 56.63409410216704 179.90513217890464 56.47944714451572 62.05716536976254 25.526469876888655 -999.0 6231.0 -999.0 -1 -999 {-999.0 -999.0 -999.0 -999.0 -999.0} "" -999.0 -999.0 -999.0 -999.0 -999 -999 "" "" "" "" 0 0 0.0 0.0 -999 ""
FIBERMAP 1364 R+13C6 APOGEE 0 0 0 1 0 0 -53.04007693861219 252.0919132274733 143.1 -53.025114332907805 252.02079809875184 223.54262 65.06091 -999.0 -999.0 -999.0 -999.0 -999.0 179.1633569482318 58.25359470869827 179.1711440641459 58.098681297700324 61.058996322467465 22.722342505958522 -999.0 16600.0 -999.0 2 105 {-999.0 -999.0 -999.0 -999.0 -999.0} "" -999.0 -999.0 -999.0 -999.0 -999 -999 "" ops_sky_apogee_best_unassigned ops_sky sky_apogee 0 0 0.0 0.0 -999 ""
FIBERMAP 1364 R+13C6 BOSS 1 1 0 1 0 0 -53.263435312537624 252.79637921319156 143.1 -53.24840969743596 252.72506535461554 223.54262 65.06091 179.16154161541616 58.25685645783531 -999.0 -999.0 -999.0 179.16154069725684 58.25683078984259 179.16920550261375 58.10182766952281 61.05714387115178 22.716676722523573 5400.0 5400.0 2015.5 1 84 {-999.0 -999.0 -999.0 -999.0 -999.0} "" -999.0 -999.0 -999.0 -999.0 27021603092671018 805497480 "" ops_sky_boss_good ops_sky sky_boss 0 0 0.0 0.0 -999 ""
FIBERMAP 1364 R+13C6 METROLOGY 0 0 0 1 0 0 -52.53986095786567 252.65038447720454 143.1 -52.525039463089456 252.57911180374353 223.54262 65.06091 -999.0 -999.0 -999.0 -999.0 -999.0 179.16772799878473 58.25618214513553 179.17540157716292 58.10120384342706 61.05562367541589 22.72280573824969 -999.0 6231.0 -999.0 -1 -999 {-999.0 -999.0 -999.0 -999.0 -999.0} "" -999.0 -999.0 -999.0 -999.0 -999 -999 "" "" "" "" 0 0 0.0 0.0 -999 ""
FIBERMAP 1365 R+12C3 APOGEE 0 0 0 1 0 0 -106.31008841225179 246.43998132589059 143.1 -106.2800983363107 246.37046060715858 80.90237 102.032616 -999.0 -999.0 -999.0 -999.0 -999.0 178.70658264282628 58.224859507204386 178.71644746679544 58.070001834128405 61.22831232869694 22.363816360030285 -999.0 16600.0 -999.0 2 -999 {-999.0 -999.0 -999.0 -999.0 -999.0} "" -999.0 -999.0 -999.0 -999.0 -999 -999 "" "" "" "" 0 0 0.0 0.0 -999 ""
FIBERMAP 1365 R+12C3 BOSS 1 1 0 1 0 0 -105.56954436809893 246.49429862547365 143.1 -105.5397631996327 246.4247625838314 80.90237 102.032616 178.71305822179667 58.22529757696787 3.5675008 -15.25502 0.29504764 178.71304551270694 58.22526100350945 178.72275264027155 58.070313164242194 61.226046920510115 22.368941183192362 5400.0 5400.0 2016.0 1 94 {-999.0 17.95646 17.62045 17.506325 -999.0} sdss_psfmag 17.875332 17.60865 17.169254 16.02 63050394824213874 975912362 "" ops_std_boss ops_std standard_boss 0 0 0.0 0.0 -999 ""
FIBERMAP 1365 R+12C3 METROLOGY 0 0 0 1 0 0 -105.89164746877151 245.82226848214268 143.1 -105.86177543502058 245.75292202020387 80.90237 102.032616 -999.0 -999.0 -999.0 -999.0 -999.0 178.71029594530262 58.22220734078868 178.72005105208018 58.06728586992125 61.229321733113466 22.37038324703491 -999.0 6231.0 -999.0 -1 -999 {-999.0 -999.0 -999.0 -999.0 -999.0} "" -999.0 -999.0 -999.0 -999.0 -999 -999 "" "" "" "" 0 0 0.0 0.0 -999 ""
FIBERMAP 1369 R-1C18 APOGEE 0 0 0 1 0 0 84.99765526534907 -9.390775401019063 143.1 84.97367742679872 -9.388126263278435 187.22144 69.854576 -999.0 -999.0 -999.0 -999.0 -999.0 180.33136709871184 57.06905527507491 180.33377624210652 56.91434262879891 61.57470257963991 25.29692265831727 -999.0 16600.0 -999.0 2 217 {-999.0 -999.0 -999.0 -999.0 -999.0} "" -999.0 -999.0 -999.0 -999.0 -999 -999 "" ops_sky_apogee_best_unassigned ops_sky sky_apogee 0 0 0.0 0.0 -999 ""
FIBERMAP 1369 R-1C18 BOSS 1 1 0 1 0 0 85.18568335212356 -8.67729721573363 143.1 85.16165247084993 -8.67484935018907 187.22144 69.854576 180.3331714663277 57.07239824607946 10.105893 -4.5562944 1.6519042 180.3332160652791 57.0723725328732 180.33548388395513 56.9175757815346 61.5716550036323 25.293926363589208 5400.0 5400.0 2016.0 1 295 {-999.0 22.855553 21.41202 20.165403 -999.0} sdss_psfmag_ps1 21.44145 20.908491 19.841036 -999.0 63050394851391598 1092390741 dark_flexible_2x1 mwm_cb_galex_vol_boss mwm_cb science 0 0 0.0 0.0 -999 ""
FIBERMAP 1369 R-1C18 METROLOGY 0 0 0 1 0 0 85.7267910611614 -9.191587163108116 143.1 85.70260753340305 -9.188994216369403 187.22144 69.854576 -999.0 -999.0 -999.0 -999.0 -999.0 180.33764290251747 57.06998362784277 180.33992905214586 56.91521086114275 61.57183802070212 25.30103336244474 -999.0 6231.0 -999.0 -1 -999 {-999.0 -999.0 -999.0 -999.0 -999.0} "" -999.0 -999.0 -999.0 -999.0 -999 -999 "" "" "" "" 0 0 0.0 0.0 -999 ""
FIBERMAP 1370 R0C23 APOGEE 1 1 0 1 0 0 186.9315452483234 -13.25689690936831 143.1 186.87881185940887 -13.253157138750177 269.8909 59.66226 181.17986514761037 57.044021805532715 -27.35358 -4.3663673 4.3449564 181.17978038557058 57.04399984203362 181.17847889877783 56.88927554735828 61.28562549981589 26.050384024969674 16000.0 16600.0 2016.0 2 89 {-999.0 13.113808 12.254281 11.978185 -999.0} sdss_psfmag_from_g3xp 12.85335 12.318137 11.631758 10.284 63050394851417217 1103524495 bright_1x1 mwm_tess_2min_apogee mwm_planet science 0 0 0.0 0.0 -999 ""
FIBERMAP 1370 R0C23 BOSS 0 0 0 1 0 0 186.3640246730571 -12.787553699607075 143.1 186.31145138169683 -12.783946330708417 269.8909 59.66226 -999.0 -999.0 -999.0 -999.0 -999.0 181.1754069718882 57.04626426445366 181.1739859119731 56.89145696969083 61.285676903672226 26.043550346885525 -999.0 5400.0 -999.0 1 245 {-999.0 -999.0 -999.0 -999.0 -999.0} "" -999.0 -999.0 -999.0 -999.0 -999 -999 "" "" "" "" 0 0 0.0 0.0 -999 ""
FIBERMAP 1370 R0C23 METROLOGY 0 0 0 1 0 0 187.06743193072475 -12.518768353146472 143.1 187.0146602081771 -12.51523680859405 269.8909 59.66226 -999.0 -999.0 -999.0 -999.0 -999.0 181.1812280420671 57.04739134575633 181.17982060641236 56.89260715241565 61.282675023349285 26.04682053887393 -999.0 6231.0 -999.0 -1 -999 {-999.0 -999.0 -999.0 -999.0 -999.0} "" -999.0 -999.0 -999.0 -999.0 -999 -999 "" "" "" "" 0 0 0.0 0.0 -999 ""
FIBERMAP 1372 R-11C10 APOGEE 1 1 0 1 0 0 33.6206792606031 -202.61462441215326 143.1 33.61119486698368 -202.5574668266066 70.6841 134.49614 179.89394523717704 56.19429511762669 -999.0 -999.0 -999.0 179.89388175393114 56.194306978197964 179.89811512111442 56.03982212018028 62.39012761725886 26.142530030560124 16000.0 16600.0 2015.5 2 157 {-999.0 -999.0 -999.0 -999.0 -999.0} "" -999.0 -999.0 -999.0 -999.0 27021603092604137 827596302 "" ops_sky_apogee_best ops_sky sky_apogee 0 0 0.0 0.0 -999 ""
FIBERMAP 1372 R-11C10 BOSS 0 0 0 1 0 0 34.29573305954807 -202.2954153901963 143.1 34.28605823325197 -202.23834785351474 70.6841 134.49614 -999.0 -999.0 -999.0 -999.0 -999.0 179.89953989344636 56.19576780025591 179.9036225679739 56.041202295487906 62.38705414098539 26.1455224128984 -999.0 5400.0 -999.0 1 362 {-999.0 -999.0 -999.0 -999.0 -999.0} "" -999.0 -999.0 -999.0 -999.0 -999 -999 "" "" "" "" 0 0 0.0 0.0 -999 ""
FIBERMAP 1372 R-11C10 METROLOGY 0 0 0 1 0 0 34.24272919366421 -203.03801741384135 143.1 34.23306931975868 -202.9807403891289 70.6841 134.49614 -999.0 -999.0 -999.0 -999.0 -999.0 179.8990361188072 56.19241537381687 179.9031565603027 56.03787335310513 62.389717883528284 26.149866717967882 -999.0 6231.0 -999.0 -1 -999 {-999.0 -999.0 -999.0 -999.0 -999.0} "" -999.0 -999.0 -999.0 -999.0 -999 -999 "" "" "" "" 0 0 0.0 0.0 -999 ""
FIBERMAP 1373 R-9C2 APOGEE 0 0 0 1 0 0 -177.88581934694298 -170.9723480503636 143.1 -177.83563775730522 -170.92411675097858 136.1594 138.34644 -999.0 -999.0 -999.0 -999.0 -999.0 178.16696253837426 56.331028610593016 178.17854979334766 56.176688351352446 62.9022484206147 24.353213860561084 -999.0 16600.0 -999.0 2 -999 {-999.0 -999.0 -999.0 -999.0 -999.0} "" -999.0 -999.0 -999.0 -999.0 -999 -999 "" "" "" "" 0 0 0.0 0.0 -999 ""
FIBERMAP 1373 R-9C2 BOSS 1 1 0 1 0 0 -177.9598841015084 -170.24270712043565 143.1 -177.9096816182034 -170.194681652757 136.1594 138.34644 178.16621226333558 56.33444063560717 16.453218 -19.556229 2.983305 178.16628257091037 56.33436930907367 178.1777569765385 56.179946585976055 62.89997437415772 24.3480006268461 5400.0 5400.0 2016.0 1 490 {-999.0 18.923399 17.562593 16.39776 -999.0} sdss_psfmag 18.404829 17.089533 15.965801 13.78 63050394824150880 1118362497 dark_1x1 openfibertargets_mwm_snc_further_ext_boss open_fiber science 0 0 0.0 0.0 -999 ""
FIBERMAP 1373 R-9C2 METROLOGY 0 0 0 1 0 0 -177.27227481864182 -170.54781879070828 143.1 -177.22226630991548 -170.49970725102742 136.1594 138.34644 -999.0 -999.0 -999.0 -999.0 -999.0 178.17190242759094 56.33302343931284 178.1833856024847 56.17862340989168 62.899057872154 24.355189725230105 -999.0 6231.0 -999.0 -1 -999 {-999.0 -999.0 -999.0 -999.0 -999.0} "" -999.0 -999.0 -999.0 -999.0 -999 -999 "" "" "" "" 0 0 0.0 0.0 -999 ""
FIBERMAP 1374 R-5C8 APOGEE 0 0 0 1 0 0 -94.84700088983385 -111.71186524420128 143.1 -94.82024455088283 -111.6803513270159 292.95337 26.122889 -999.0 -999.0 -999.0 -999.0 -999.0 178.83635948985258 56.60339493204909 178.84517685060177 56.448905669334756 62.4581676070182 24.60738155510819 -999.0 16600.0 -999.0 2 -999 {-999.0 -999.0 -999.0 -999.0 -999.0} "" -999.0 -999.0 -999.0 -999.0 -999 -999 "" "" "" "" 0 0 0.0 0.0 -999 ""
FIBERMAP 1374 R-5C8 BOSS 1 1 0 1 0 0 -95.41893174349812 -111.22933464011726 143.1 -95.39201406285328 -111.19795684481528 292.95337 26.122889 178.83081338254334 56.605760155429614 10.952598 -55.019657 11.402899 178.8316460434336 56.605596762456685 178.84036214300602 56.451025074918434 62.45821325853238 24.60002527369153 5400.0 5400.0 2016.0 1 463 {-999.0 17.641062 16.220089 14.794969 -999.0} sdss_psfmag 17.022821 15.490317 14.290221 12.062 63050394824151058 1132511607 bright_2x1 mwm_snc_100pc_boss mwm_snc science 0 0 1.4821784496307373 0.0 -999 ""
FIBERMAP 1374 R-5C8 METROLOGY 0 0 0 1 0 0 -94.71394212938567 -110.97772809980671 143.1 -94.68722332631097 -110.94642128270976 292.95337 26.122889 -999.0 -999.0 -999.0 -999.0 -999.0 178.83740841068996 56.60675325028231 178.84613465717962 56.45220400908968 62.45528024165016 24.603748504577936 -999.0 6231.0 -999.0 -1 -999 {-999.0 -999.0 -999.0 -999.0 -999.0} "" -999.0 -999.0 -999.0 -999.0 -999 -999 "" "" "" "" 0 0 0.0 0.0 -999 ""
FIBERMAP 1376 R+4C13 APOGEE 0 0 0 1 0 0 28.396345156963704 67.93806310636502 143.1 28.388334547994926 67.91889777876271 287.54504 131.05363 -999.0 -999.0 -999.0 -999.0 -999.0 179.85968778708974 57.42286972530175 179.86419889170918 57.26809805292415 61.4719575679804 24.40791139135331 -999.0 16600.0 -999.0 2 -999 {-999.0 -999.0 -999.0 -999.0 -999.0} "" -999.0 -999.0 -999.0 -999.0 -999 -999 "" "" "" "" 0 0 0.0 0.0 -999 ""
FIBERMAP 1376 R+4C13 BOSS 1 1 0 1 0 0 28.02681977447932 67.30029131576369 143.1 28.018913408620943 67.28130590358352 287.54504 131.05363 179.8566690505182 57.4200830575473 2.516162 0.60407597 -0.4864538 179.8567075152617 57.42009534849649 179.86109958354746 57.26523945623512 61.47522473913025 24.40906927599775 5400.0 5400.0 2016.0 1 107 {-999.0 20.91443 20.681242 20.47519 20.310867} sdss_psfmag_from_gaiadr2 20.85373 20.704914 20.08634 -999.0 63050394824207989 1055794884 dark_flexible_2x2 bhm_gua_dark bhm_filler science 0 0 0.0 0.0 -999 ""
FIBERMAP 1376 R+4C13 METROLOGY 0 0 0 1 0 0 27.65026389316504 67.94303586419032 143.1 27.64246375372078 67.92386913377304 287.54504 131.05363 -999.0 -999.0 -999.0 -999.0 -999.0 179.85349747612932 57.422995002289234 179.85794148500224 57.26816272378436 61.47408209359858 24.402395908189135 -999.0 6231.0 -999.0 -1 -999 {-999.0 -999.0 -999.0 -999.0 -999.0} "" -999.0 -999.0 -999.0 -999.0 -999 -999 "" "" "" "" 0 0 0.0 0.0 -999 ""
FIBERMAP 1378 R-3C2 APOGEE 0 0 0 1 0 0 -237.46073947821063 -78.44627931631584 143.1 -237.39375180360383 -78.42414962092072 316.36124 52.49952 -999.0 -999.0 -999.0 -999.0 -999.0 177.65933138913672 56.743098557433136 177.67326103101516 56.588740491922174 62.74860814476506 23.315874378713318 -999.0 16600.0 -999.0 2 -999 {-999.0 -999.0 -999.0 -999.0 -999.0} "" -999.0 -999.0 -999.0 -999.0 -999 -999 "" "" "" "" 0 0 0.0 0.0 -999 ""
FIBERMAP 1378 R-3C2 BOSS 1 1 0 1 0 0 -238.20012063190384 -78.58229412677309 143.1 -238.1329243778736 -78.56012606159993 316.36124 52.49952 177.65339812138575 56.74249085862037 0.8548268 0.77591246 0.15098988 177.65342275758212 56.74247907859134 177.66726211165383 56.58803832445926 62.75116394271304 23.311053349715564 5400.0 5400.0 2016.0 1 436 {-999.0 21.054844 20.89389 20.755648 20.667793} sdss_psfmag_from_gaiadr2 20.781424 20.88691 20.22978 -999.0 63050394824205552 1055794835 dark_flexible_2x2 bhm_gua_dark bhm_filler science 0 0 0.0 0.0 -999 ""
FIBERMAP 1378 R-3C2 METROLOGY 0 0 0 1 0 0 -237.9426309851146 -77.87668072424802 143.1 -237.8755073689137 -77.85471171261571 316.36124 52.49952 -999.0 -999.0 -999.0 -999.0 -999.0 177.65530573766935 56.745673434250534 177.66917115779404 56.5912553611653 62.74796550015387 23.30863685047342 -999.0 6231.0 -999.0 -1 -999 {-999.0 -999.0 -999.0 -999.0 -999.0} "" -999.0 -999.0 -999.0 -999.0 -999 -999 "" "" "" "" 0 0 0.0 0.0 -999 ""
FIBERMAP 1381 R-7C10 APOGEE 1 1 0 1 0 0 -16.019875601162845 -121.79361236062007 143.1 -16.015356394255758 -121.75925438257315 121.58723 103.10641 179.48748484323576 56.55969025853058 -999.0 -999.0 -999.0 179.48747446134885 56.559673401909464 179.4934884414066 56.40513182658292 62.26193129034602 25.260991768114934 16000.0 16600.0 2015.5 2 170 {-999.0 -999.0 -999.0 -999.0 -999.0} "" -999.0 -999.0 -999.0 -999.0 27021603092608729 838965335 "" ops_sky_apogee_best ops_sky sky_apogee 0 0 0.0 0.0 -999 ""
FIBERMAP 1381 R-7C10 BOSS 0 0 0 1 0 0 -15.486809270768667 -121.27459895737762 143.1 -15.482440441873385 -121.24038739301174 121.58723 103.10641 -999.0 -999.0 -999.0 -999.0 -999.0 179.49197867127964 56.56205968381009 179.49784778992296 56.40743541309763 62.2586135422315 25.2617264540811 -999.0 5400.0 -999.0 1 385 {-999.0 -999.0 -999.0 -999.0 -999.0} "" -999.0 -999.0 -999.0 -999.0 -999 -999 "" "" "" "" 0 0 0.0 0.0 -999 ""
FIBERMAP 1381 R-7C10 METROLOGY 0 0 0 1 0 0 -15.29533647603413 -121.99419629607203 143.1 -15.291021661614241 -121.95978173329692 121.58723 103.10641 -999.0 -999.0 -999.0 -999.0 -999.0 179.49353929640787 56.55878377764529 179.49943687060386 56.40418333401986 62.2605184211196 25.267695913680598 -999.0 6231.0 -999.0 -1 -999 {-999.0 -999.0 -999.0 -999.0 -999.0} "" -999.0 -999.0 -999.0 -999.0 -999 -999 "" "" "" "" 0 0 0.0 0.0 -999 ""
FIBERMAP 1382 R+4C14 APOGEE 0 0 0 1 0 0 29.370886186500712 91.94958639402127 143.1 29.362600659507503 91.92364741569952 196.72183 41.856216 -999.0 -999.0 -999.0 -999.0 -999.0 179.86856527298275 57.53202618511427 179.87304891974372 57.377228124426 61.385207953733186 24.269108265137447 -999.0 16600.0 -999.0 2 -999 {-999.0 -999.0 -999.0 -999.0 -999.0} "" -999.0 -999.0 -999.0 -999.0 -999 -999 "" "" "" "" 0 0 0.0 0.0 -999 ""
FIBERMAP 1382 R+4C14 BOSS 1 1 0 1 0 0 29.741384884979855 92.60450171927107 143.1 29.732994840303803 92.57837798933606 196.72183 41.856216 179.87189262646385 57.535158209470254 -999.0 -999.0 -999.0 179.87188376385453 57.53512639129607 179.87622042401824 57.380241854421605 61.38179896220977 24.26781368871275 5400.0 5400.0 2016.0 1 158 {-999.0 22.431957 20.845858 20.193783 19.77139} sdss_fiber2mag_from_lsdr10 1e+20 1e+20 1e+20 -999.0 63050397220802941 1066399498 dark_flexible_2x2 bhm_colr_galaxies_lsdr10 bhm_filler science 0 0 0.0 0.0 -999 ""
FIBERMAP 1382 R+4C14 METROLOGY 0 0 0 1 0 0 30.11697511093881 91.94593984186878 143.1 30.108479112260017 91.9200018922394 196.72183 41.856216 -999.0 -999.0 -999.0 -999.0 -999.0 179.87500743552434 57.53209387112511 179.87936742778834 57.377234107225036 61.38301931929122 24.274558247249615 -999.0 6231.0 -999.0 -1 -999 {-999.0 -999.0 -999.0 -999.0 -999.0} "" -999.0 -999.0 -999.0 -999.0 -999 -999 "" "" "" "" 0 0 0.0 0.0 -999 ""
FIBERMAP 1383 R-9C6 APOGEE 0 0 0 1 0 0 -86.30160558505665 -162.50297465425896 143.1 -86.2772599021211 -162.457132565109 134.19374 105.37369 -999.0 -999.0 -999.0 -999.0 -999.0 178.9121494585342 56.37385249435505 178.92058239934192 56.219408712137835 62.608621225147246 24.993890154969222 -999.0 16600.0 -999.0 2 165 {-999.0 -999.0 -999.0 -999.0 -999.0} "" -999.0 -999.0 -999.0 -999.0 -999 -999 "" ops_sky_apogee_best_unassigned ops_sky sky_apogee 0 0 0.0 0.0 -999 ""
FIBERMAP 1383 R-9C6 BOSS 1 1 0 1 0 0 -85.94023571069754 -161.85593144891914 143.1 -85.91599197020355 -161.81027189065742 134.19374 105.37369 178.91516796113217 56.376841468444994 -0.10761083 0.3389543 -0.014885461 178.9151151613358 56.376820116702554 178.9234145640936 56.22229389169657 62.60539571793707 24.992515641334307 5400.0 5400.0 2016.0 1 402 {-999.0 20.844934 20.924383 20.5843 21.050783} sdss_psfmag 20.60901 20.591818 20.03691 -999.0 63050394824149947 1167494206 dark_3x4 bhm_aqmes_wide3_faint bhm_filler science 0 0 0.0 0.0 -999 ""
FIBERMAP 1383 R-9C6 METROLOGY 0 0 0 1 0 0 -85.55549966117815 -162.49572566484161 143.1 -85.53136445472373 -162.44988562063156 134.19374 105.37369 -999.0 -999.0 -999.0 -999.0 -999.0 178.9183080377032 56.37393032057866 178.9266275862011 56.21942751458803 62.606458739871606 24.9994832173104 -999.0 6231.0 -999.0 -1 -999 {-999.0 -999.0 -999.0 -999.0 -999.0} "" -999.0 -999.0 -999.0 -999.0 -999 -999 "" "" "" "" 0 0 0.0 0.0 -999 ""
FIBERMAP 1384 R-12C6 APOGEE 0 0 0 1 0 0 -43.17875819354578 -217.0559261917116 143.1 -43.16657746585938 -216.99469471493293 105.82912 93.88759 -999.0 -999.0 -999.0 -999.0 -999.0 179.26856596540074 56.12925217216769 179.27543276117228 55.9748301663474 62.667874212939324 25.666217025615026 -999.0 16600.0 -999.0 2 -999 {-999.0 -999.0 -999.0 -999.0 -999.0} "" -999.0 -999.0 -999.0 -999.0 -999 -999 "" "" "" "" 0 0 0.0 0.0 -999 ""
FIBERMAP 1384 R-12C6 BOSS 1 1 0 1 0 0 -42.48357114504444 -216.8016009699542 143.1 -42.47158652962443 -216.74044123832059 105.82912 93.88759 179.27428362572172 56.13042642497842 -0.23723169 -0.14643103 -0.35541746 179.2743133152103 56.1304438727098 179.2810332399622 55.97594091298325 62.6649911339146 25.66982328156223 5400.0 5400.0 2016.0 1 403 {-999.0 18.558863 18.638418 18.571154 18.581465} sdss_psfmag 19.094065 19.067577 18.474648 -999.0 63050394824146541 1059897568 dark_10x4_4yr bhm_aqmes_med bhm_aqmes science 0 0 0.0 0.0 -999 ""
FIBERMAP 1384 R-12C6 METROLOGY 0 0 0 1 0 0 -42.605529350124414 -217.53349364619484 143.1 -42.59351033029475 -217.47212744763726 105.82912 93.88759 -999.0 -999.0 -999.0 -999.0 -999.0 179.27333154416505 56.12714337015721 179.2800897895861 55.972663994679706 62.667822225375275 25.673596553086952 -999.0 6231.0 -999.0 -1 -999 {-999.0 -999.0 -999.0 -999.0 -999.0} "" -999.0 -999.0 -999.0 -999.0 -999 -999 "" "" "" "" 0 0 0.0 0.0 -999 ""
FIBERMAP 1388 R-10C8 APOGEE 0 0 0 1 0 0 -35.32449473463141 -203.2102417052001 143.1 -35.31452969466677 -203.15291609601508 234.45035 96.5808 -999.0 -999.0 -999.0 -999.0 -999.0 179.3317789422108 56.19156586560946 179.33839069361215 56.03712363702865 62.59767434913282 25.636112867989084 -999.0 16600.0 -999.0 2 -999 {-999.0 -999.0 -999.0 -999.0 -999.0} "" -999.0 -999.0 -999.0 -999.0 -999 -999 "" "" "" "" 0 0 0.0 0.0 -999 ""
FIBERMAP 1388 R-10C8 BOSS 1 1 0 1 0 0 -36.009910965267764 -202.85037665952285 143.1 -35.99975256938446 -202.7931525682672 234.45035 96.5808 179.32629080769308 56.19320070885586 0.025155772 0.08170809 -0.0055238227 179.32628483855885 56.193208855576465 179.33279672684773 56.03868635346583 62.59852320240965 25.628748482681488 5400.0 5400.0 2016.0 1 372 {-999.0 18.456007 18.283165 17.958908 17.986523} sdss_psfmag 18.220402 18.01823 17.537767 16.17 63050394824146785 1059897570 dark_10x4_4yr bhm_aqmes_med bhm_aqmes science 0 0 0.0 0.0 -999 ""
FIBERMAP 1388 R-10C8 METROLOGY 0 0 0 1 0 0 -35.356933646311774 -202.4648493940506 143.1 -35.34695945533015 -202.40773406003655 234.45035 96.5808 -999.0 -999.0 -999.0 -999.0 -999.0 179.33155701389805 56.19493777352221 179.33808187136776 56.040437177245344 62.59527201067554 25.63114021526576 -999.0 6231.0 -999.0 -1 -999 {-999.0 -999.0 -999.0 -999.0 -999.0} "" -999.0 -999.0 -999.0 -999.0 -999 -999 "" "" "" "" 0 0 0.0 0.0 -999 ""
FIBERMAP 1391 R-5C4 APOGEE 0 0 0 1 0 0 -157.14130881171278 -114.7906460280054 143.1 -157.096979248497 -114.7582635867609 0.49242216 44.056793 -999.0 -999.0 -999.0 -999.0 -999.0 178.32454409479283 56.58592806348143 178.33555148332823 56.4315061515994 62.64861617611603 24.155397863189933 -999.0 16600.0 -999.0 2 -999 {-999.0 -999.0 -999.0 -999.0 -999.0} "" -999.0 -999.0 -999.0 -999.0 -999 -999 "" "" "" "" 0 0 0.0 0.0 -999 ""
FIBERMAP 1391 R-5C4 BOSS 1 1 0 1 0 0 -157.66996454336038 -115.32824107806331 143.1 -157.6254858463627 -115.2957069812552 0.49242216 44.056793 178.3204421684276 56.583501805123305 -23.081598 -4.127208 3.933534 178.32035568072644 56.58351042614803 178.33126128123865 56.429006945345314 62.65204876351769 24.15474102913919 5400.0 5400.0 2016.0 1 454 {-999.0 19.61776 19.824688 20.072351 -999.0} sdss_psfmag 19.567991 19.87288 19.661108 -999.0 63050394824151208 1092182280 dark_flexible_2x1 mwm_cb_galex_mag_boss mwm_cb science 0 0 0.0 0.0 -999 ""
FIBERMAP 1391 R-5C4 METROLOGY 0 0 0 1 0 0 -157.86444819805197 -114.60698490409294 143.1 -157.8199146372153 -114.5746542736515 0.49242216 44.056793 -999.0 -999.0 -999.0 -999.0 -999.0 178.31860665190518 56.5867432499244 178.329554580445 56.432262676051884 62.650087213526945 24.148723411851222 -999.0 6231.0 -999.0 -1 -999 {-999.0 -999.0 -999.0 -999.0 -999.0} "" -999.0 -999.0 -999.0 -999.0 -999 -999 "" "" "" "" 0 0 0.0 0.0 -999 ""
FIBERMAP 1392 R-12C10 APOGEE 0 0 0 1 0 0 37.17678473899206 -220.18405726310505 143.1 37.166297168017195 -220.12194334055113 132.99329 104.11022 -999.0 -999.0 -999.0 -999.0 -999.0 179.9220187836179 56.11534378055356 179.92612540764253 55.96087567961394 62.43874162770102 26.28104990190417 -999.0 16600.0 -999.0 2 -999 {-999.0 -999.0 -999.0 -999.0 -999.0} "" -999.0 -999.0 -999.0 -999.0 -999 -999 "" "" "" "" 0 0 0.0 0.0 -999 ""
FIBERMAP 1392 R-12C10 BOSS 1 1 0 1 0 0 37.576331527004314 -219.5359407614682 143.1 37.56573124388055 -219.4740096725794 132.99329 104.11022 179.92545353857875 56.118282122925905 -0.10756233 0.13981713 -0.2059292 179.92543713887872 56.11828709745728 179.92940289476599 55.9637384827265 62.435383708552905 26.279895090013326 5400.0 5400.0 2016.0 1 406 {-999.0 18.417133 18.383228 18.159695 18.076866} sdss_psfmag 18.413832 18.299446 17.84243 -999.0 63050394824145639 1059897566 dark_10x4_4yr bhm_aqmes_med bhm_aqmes science 0 0 0.0 0.0 -999 ""
FIBERMAP 1392 R-12C10 METROLOGY 0 0 0 1 0 0 37.922591646446065 -220.20489082510667 143.1 37.911893683342605 -220.14277102540493 132.99329 104.11022 -999.0 -999.0 -999.0 -999.0 -999.0 179.92817974327116 56.11526791334248 179.93216954045135 55.96074241445013 62.436590548153745 26.286700877405394 -999.0 6231.0 -999.0 -1 -999 {-999.0 -999.0 -999.0 -999.0 -999.0} "" -999.0 -999.0 -999.0 -999.0 -999 -999 "" "" "" "" 0 0 0.0 0.0 -999 ""
FIBERMAP 1393 R-12C5 APOGEE 0 0 0 1 0 0 -49.18146730877107 -241.7158927928021 143.1 -49.167593216843265 -241.64770473944526 27.312307 53.341454 -999.0 -999.0 -999.0 -999.0 -999.0 179.22141693580238 56.01871123985584 179.22846005696852 55.864319394823454 62.76887533491309 25.77966866468614 -999.0 16600.0 -999.0 2 -999 {-999.0 -999.0 -999.0 -999.0 -999.0} "" -999.0 -999.0 -999.0 -999.0 -999 -999 "" "" "" "" 0 0 0.0 0.0 -999 ""
FIBERMAP 1393 R-12C5 BOSS 1 1 0 1 0 0 -49.30385382720854 -242.45372559729083 143.1 -49.28994521004389 -242.38532940129986 27.312307 53.341454 179.22059230467107 56.0154369299027 -999.0 -999.0 -999.0 179.2205908061882 56.015468277828944 179.22751466721013 55.860997546817906 62.771740567401594 25.783520737524782 5400.0 5400.0 2016.0 1 352 {-999.0 21.021759 20.921043 20.942207 20.55962} sdss_psfmag 1e+20 1e+20 1e+20 -999.0 63050399365572510 1059916749 dark_10x4_4yr bhm_aqmes_med_faint bhm_filler science 0 0 0.0 0.0 -999 ""
FIBERMAP 1393 R-12C5 METROLOGY 0 0 0 1 0 0 -49.879632491374494 -241.97900371677167 143.1 -49.86556144704868 -241.91074143982317 27.312307 53.341454 -999.0 -999.0 -999.0 -999.0 -999.0 179.2158645409587 56.01756407591584 179.22284330122932 55.863115880013204 62.77184218621312 25.77615764853573 -999.0 6231.0 -999.0 -1 -999 {-999.0 -999.0 -999.0 -999.0 -999.0} "" -999.0 -999.0 -999.0 -999.0 -999 -999 "" "" "" "" 0 0 0.0 0.0 -999 ""
FIBERMAP 1395 R+4C20 APOGEE 0 0 0 1 0 0 167.80508098162295 67.4254751925239 143.1 167.75774316827804 67.4064544659721 237.69167 101.34768 -999.0 -999.0 -999.0 -999.0 -999.0 181.03446038347778 57.412141599466594 181.0337634612638 57.25733094135614 61.06577925505986 25.41675937103173 -999.0 16600.0 -999.0 2 -999 {-999.0 -999.0 -999.0 -999.0 -999.0} "" -999.0 -999.0 -999.0 -999.0 -999 -999 "" "" "" "" 0 0 0.0 0.0 -999 ""
FIBERMAP 1395 R+4C20 BOSS 1 1 0 1 0 0 167.09888835576527 67.69223350904267 143.1 167.05174975936012 67.67313752996976 237.69167 101.34768 181.02873718081594 57.41358707245681 -0.72445893 -7.6669574 0.20026875 181.028818055145 57.41352825751718 181.02800675580227 57.25863320041492 61.06688661200569 25.410169655699633 5400.0 5400.0 2016.0 1 205 {-999.0 17.287918 17.025362 16.933132 16.918497} sdss_psfmag_from_gaia 17.2632 17.0263 16.6176 15.839 63050394851417814 967787871 "" ops_std_boss_gdr2 ops_std standard_boss 0 0 0.0 0.0 -999 ""
FIBERMAP 1395 R+4C20 METROLOGY 0 0 0 1 0 0 167.68630873777585 68.16205861251333 143.1 167.63900443008092 68.14283009577875 237.69167 101.34768 -999.0 -999.0 -999.0 -999.0 -999.0 181.0337561390829 57.41557105741333 181.032962207212 57.26069931311415 61.06355949180097 25.411446909205097 -999.0 6231.0 -999.0 -1 -999 {-999.0 -999.0 -999.0 -999.0 -999.0} "" -999.0 -999.0 -999.0 -999.0 -999 -999 "" "" "" "" 0 0 0.0 0.0 -999 ""
FIBERMAP 1396 R0C3 APOGEE 0 0 0 1 0 0 -246.53710637887588 9.980893865374302 143.1 -246.4675582611664 9.97807825521488 64.2908 141.10268 -999.0 -999.0 -999.0 -999.0 -999.0 177.56203716790222 57.141971279459234 177.57657792924158 56.987535921723655 62.46136705155361 22.703713953188355 -999.0 16600.0 -999.0 2 297 {-999.0 -999.0 -999.0 -999.0 -999.0} "" -999.0 -999.0 -999.0 -999.0 -999 -999 "" ops_sky_apogee_best_unassigned ops_sky sky_apogee 0 0 0.0 0.0 -999 ""
FIBERMAP 1396 R0C3 BOSS 1 1 0 1 0 0 -245.8655828972392 10.298258214693085 143.1 -245.7962242163039 10.29535307605072 64.2908 141.10268 177.56762114537446 57.14359712944012 -999.0 -999.0 -999.0 177.56755693136273 57.143585712542546 177.58195784817053 56.98906347237181 62.4583939980176 22.706837141812173 5400.0 5400.0 2015.5 1 422 {-999.0 -999.0 -999.0 -999.0 -999.0} "" -999.0 -999.0 -999.0 -999.0 27021603092663848 805496417 "" ops_sky_boss_good ops_sky sky_boss 0 0 0.0 0.0 -999 ""
FIBERMAP 1396 R0C3 METROLOGY 0 0 0 1 0 0 -245.91269162952784 9.560819325668088 143.1 -245.84331965921916 9.558122218536319 64.2908 141.10268 -999.0 -999.0 -999.0 -999.0 -999.0 177.56732951783735 57.14021770633233 177.58176281939097 56.985720553876504 62.46114204390311 22.71096039203144 -999.0 6231.0 -999.0 -1 -999 {-999.0 -999.0 -999.0 -999.0 -999.0} "" -999.0 -999.0 -999.0 -999.0 -999 -999 "" "" "" "" 0 0 0.0 0.0 -999 ""
FIBERMAP 1400 R-5C13 APOGEE 0 0 0 1 0 0 28.501394387188537 -104.83616261700338 143.1 28.493354143831912 -104.80658833552913 197.78375 149.95741 -999.0 -999.0 -999.0 -999.0 -999.0 179.85550792854997 56.63653655686466 179.8599513699088 56.48195044682612 62.071633863484124 25.482754763393757 -999.0 16600.0 -999.0 2 155 {-999.0 -999.0 -999.0 -999.0 -999.0} "" -999.0 -999.0 -999.0 -999.0 -999 -999 "" ops_sky_apogee_best_unassigned ops_sky sky_apogee 0 0 0.0 0.0 -999 ""
FIBERMAP 1400 R-5C13 BOSS 1 1 0 1 0 0 27.7672158624164 -104.70176386694835 143.1 27.759382730821613 -104.6722274993615 197.78375 149.95741 179.849609375 56.63719837020753 -999.0 -999.0 -999.0 179.84959122054212 56.63718833727789 179.8539317512567 56.482520634112156 62.073380594144325 25.476594950235153 5400.0 5400.0 2015.5 1 379 {-999.0 -999.0 -999.0 -999.0 -999.0} "" -999.0 -999.0 -999.0 -999.0 27021603092608838 805488461 "" ops_sky_boss_good ops_sky sky_boss 0 0 0.0 0.0 -999 ""
FIBERMAP 1400 R-5C13 METROLOGY 0 0 0 1 0 0 28.244759244414112 -104.132088091254 143.1 28.236791397831265 -104.10271242920346 197.78375 149.95741 -999.0 -999.0 -999.0 -999.0 -999.0 179.85351943586946 56.63975557999097 179.85787971575166 56.48511020485818 62.069995970510156 25.476490045816888 -999.0 6231.0 -999.0 -1 -999 {-999.0 -999.0 -999.0 -999.0 -999.0} "" -999.0 -999.0 -999.0 -999.0 -999 -999 "" "" "" "" 0 0 0.0 0.0 -999 ""
