#%yanny
#
# confSummaryFS-24555.par
#
# Created by pydl.pydlutils.yanny.yanny
#
# 2026-02-06 15:03:22 UTC
#
configuration_id 24555
robostrategy_run iota-1
fps_calibrations_version 2025.12.04
jaeger_version 1.11.0
coordio_version 1.18.1
kaiju_version 1.4.1
design_id 754321
field_id 102248
focal_scale 0.999791
instruments BOSS APOGEE
epoch 2461077.56991649
obstime Fri Feb 06 01:37:12 2026
MJD 61077
observatory APO
temperature 5.743278298287912
raCen 38.4625654147027
decCen 26.0026239323701
pa 54.762615
is_dithered 0
parent_configuration -999
dither_radius -999.0
cloned_from -999
rotator_angle 175.03
fvc_centroid_method flex
fvc_rms 0.00779
fvc_90_perc 0.009
fvc_percent_reached 62.1
fvc_image_path /data/fcam/61077/proc-fimg-fvc1n-0009.fits

typedef enum {
    BOSS,
    APOGEE,
    METROLOGY,
    NONE
} FIBERTYPE;

typedef struct {
    short positionerId;
    char holeId[28];
    FIBERTYPE fiberType;
    short assigned;
    short on_target;
    short disabled;
    short valid;
    short decollided;
    short too;
    double xwok;
    double ywok;
    double zwok;
    double xFocal;
    double yFocal;
    float alpha;
    float beta;
    double racat;
    double deccat;
    float pmra;
    float pmdec;
    float parallax;
    double ra;
    double dec;
    double ra_observed;
    double dec_observed;
    double alt_observed;
    double az_observed;
    float lambda_design;
    float lambda_eff;
    float coord_epoch;
    short spectrographId;
    short fiberId;
    float mag[5];
    char optical_prov[96];
    float bp_mag;
    float gaia_g_mag;
    float rp_mag;
    float h_mag;
    long catalogid;
    long carton_to_target_pk;
    char cadence[76];
    char firstcarton[200];
    char program[48];
    char category[60];
    long sdssv_boss_target0;
    long sdssv_apogee_target0;
    double delta_ra;
    double delta_dec;
    long too_id;
    char too_program[4];
} FIBERMAP;

FIBERMAP 3 R-1C14 APOGEE 0 0 0 1 0 0 5.420626703770553 -5.606159307324566 143.1 -1.4511176726802446 -7.660356172581059 127.99617 100.79581 -999.0 -999.0 -999.0 -999.0 -999.0 38.45532057177988 25.96773371864861 38.50160266546334 26.085827086317266 74.12010720984311 249.42798181618372 -999.0 16600.0 -999.0 2 214 {-999.0 -999.0 -999.0 -999.0 -999.0} "" -999.0 -999.0 -999.0 -999.0 -999 -999 "" "" "" "" 0 0 0.0 0.0 -999 ""
FIBERMAP 3 R-1C14 BOSS 1 1 0 1 0 0 5.883230754748082 -5.0321060782591776 143.1 -0.7154962742543904 -7.706978057370626 127.99617 100.79581 38.4585181396074 25.96790625662864 171.44633 -149.14742 13.003149 38.4589915793717 25.967494829300154 38.50533320116227 26.085610381886738 74.12293973592666 249.42139284854267 5400.0 5400.0 2016.0 1 263 {-999.0 19.14954 17.68041 15.898166 -999.0} sdss_psfmag 18.545256 16.63716 15.311586 12.843 63050396555025092 1157829701 bright_1x1 mwm_snc_100pc_bright_boss_single mwm_snc science 0 0 0.0 0.0 -999 ""
FIBERMAP 3 R-1C14 METROLOGY 0 0 0 1 0 0 6.157599263220279 -5.73048431312567 143.1 -1.1275224321212132 -8.333882650529446 127.99617 100.79581 -999.0 -999.0 -999.0 -999.0 -999.0 38.45692530982814 25.96464397813243 38.50324346855132 26.082755184235516 74.11992008042489 249.41554882046506 -999.0 6231.0 -999.0 -1 -999 {-999.0 -999.0 -999.0 -999.0 -999.0} "" -999.0 -999.0 -999.0 -999.0 -999 -999 "" "" "" "" 0 0 0.0 0.0 -999 ""
FIBERMAP 16 R+7C7 APOGEE 1 1 0 1 0 0 -86.66495894825661 135.14680017917829 143.1 60.36836374056932 148.7291509616271 120.9356 163.88081 38.76832220144338 26.678762368390068 2.3712192 -4.2805657 0.532823 38.76832830136433 26.678747257604176 38.81629220975219 26.79626851400725 74.70086359804729 251.27709075103544 16000.0 16600.0 2016.0 2 102 {-999.0 13.204713 12.317548 11.978022 -999.0} sdss_psfmag_gaia 12.93303 12.353785 11.626655 10.105 63050396555029861 1105137336 bright_1x1 mwm_tess_rgb_apogee mwm_tessrgb science 0 0 0.0 0.0 -999 ""
FIBERMAP 16 R+7C7 BOSS 0 0 0 1 0 0 -86.86023359735938 135.8571625867919 143.1 60.83580102927781 149.29838068269325 120.9356 163.88081 -999.0 -999.0 -999.0 -999.0 -999.0 38.770669201407706 26.68134554426151 38.81869628373835 26.79888802953846 74.70396119134327 251.28227612261531 -999.0 5400.0 -999.0 1 76 {-999.0 -999.0 -999.0 -999.0 -999.0} "" -999.0 -999.0 -999.0 -999.0 -999 -999 "" "" "" "" 0 0 0.0 0.0 -999 ""
FIBERMAP 16 R+7C7 METROLOGY 0 0 0 1 0 0 -86.14257131420328 135.68176909611913 143.1 61.106554819969844 148.61116434655585 120.9356 163.88081 -999.0 -999.0 -999.0 -999.0 -999.0 38.77206063563571 26.67823005935883 38.820066976291685 26.79576350827921 74.70364158366665 251.26961442273114 -999.0 6231.0 -999.0 -1 -999 {-999.0 -999.0 -999.0 -999.0 -999.0} "" -999.0 -999.0 -999.0 -999.0 -999 -999 "" "" "" "" 0 0 0.0 0.0 -999 ""
FIBERMAP 37 R-9C9 APOGEE 0 0 0 1 0 0 -2.5839697454092008 -193.6750847529716 143.1 -159.6452174897546 -109.6103988593904 353.64963 44.91433 -999.0 -999.0 -999.0 -999.0 -999.0 37.66064363964415 25.501589480870663 37.705324731166 25.620980115692557 73.26796515943536 249.21968164652156 -999.0 16600.0 -999.0 2 167 {-999.0 -999.0 -999.0 -999.0 -999.0} "" -999.0 -999.0 -999.0 -999.0 -999 -999 "" ops_sky_apogee_best_unassigned ops_sky sky_apogee 0 0 0.0 0.0 -999 ""
FIBERMAP 37 R-9C9 BOSS 1 1 0 1 0 0 -3.162132348585242 -194.1360697716852 143.1 -160.35516697324945 -109.40418929545035 353.64963 44.91433 37.65699055059094 25.502456197417356 -5.5519667 -5.7711635 1.5299653 37.65697359787193 25.50244985112271 37.701712492792126 25.62187618462789 73.26556394018773 249.22793411355306 5400.0 5400.0 2016.0 1 376 {-999.0 20.330349 18.818476 17.91607 -999.0} sdss_psfmag 19.516258 18.570395 17.541235 15.354 63050396554105960 1094868559 bright_1x1 mwm_bin_vis_boss mwm_filler science 0 0 0.0 0.0 -999 ""
FIBERMAP 37 R-9C9 METROLOGY 0 0 0 1 0 0 -3.273120032142068 -193.38722965322057 143.1 -159.80768836981954 -108.88159246672791 353.64963 44.91433 -999.0 -999.0 -999.0 -999.0 -999.0 37.6597085779884 25.504840977688147 37.70443757701179 25.624254269962485 73.2688706439669 249.23095873548215 -999.0 6231.0 -999.0 -1 -999 {-999.0 -999.0 -999.0 -999.0 -999.0} "" -999.0 -999.0 -999.0 -999.0 -999 -999 "" "" "" "" 0 0 0.0 0.0 -999 ""
FIBERMAP 40 R+12C6 APOGEE 0 0 0 1 0 0 -50.56537826692679 248.78149613799707 143.1 173.98607308401208 184.7998911476892 136.23903 85.35555 -999.0 -999.0 -999.0 -999.0 -999.0 39.34354976302738 26.83783859214863 39.392361319445115 26.95442029517992 75.23068398205365 250.92492132461507 -999.0 16600.0 -999.0 2 -999 {-999.0 -999.0 -999.0 -999.0 -999.0} "" -999.0 -999.0 -999.0 -999.0 -999 -999 "" "" "" "" 0 0 0.0 0.0 -999 ""
FIBERMAP 40 R+12C6 BOSS 1 1 0 1 0 0 -50.015830389177715 249.299894362418 143.1 174.72639981566164 184.6501668169722 136.23903 85.35555 39.34719848252431 26.837327852899115 14.897412 -73.70809 8.49413 39.34724163799658 26.8371140043658 39.39610899509614 26.953714221165423 75.23334240640325 250.91651588535407 5400.0 5400.0 2016.0 1 156 {-999.0 16.253067 14.820764 13.847593 -999.0} sdss_psfmag_from_g3xp 15.667172 14.503801 13.431247 11.425 63050396555030451 1095625316 bright_1x1 mwm_bin_vis_boss mwm_filler science 0 0 0.0 0.0 -999 ""
FIBERMAP 40 R+12C6 METROLOGY 0 0 0 1 0 0 -49.849233231627785 248.57221577836341 143.1 174.22827971206436 184.09436632924053 136.23903 85.35555 -999.0 -999.0 -999.0 -999.0 -999.0 39.34474930129276 26.834648100773972 39.39359413294619 26.951245691775302 75.23022560406464 250.91186685076568 -999.0 6231.0 -999.0 -1 -999 {-999.0 -999.0 -999.0 -999.0 -999.0} "" -999.0 -999.0 -999.0 -999.0 -999 -999 "" "" "" "" 0 0 0.0 0.0 -999 ""
FIBERMAP 52 R+5C17 APOGEE 0 0 0 1 0 0 131.8772473666972 103.25072545309298 143.1 160.38702860605272 -48.13104081398607 18.516508 133.80318 -999.0 -999.0 -999.0 -999.0 -999.0 39.272371497857435 25.782979370896147 39.319013652151 25.89978646688676 74.66777390659767 247.48008548964657 -999.0 16600.0 -999.0 2 -999 {-999.0 -999.0 -999.0 -999.0 -999.0} "" -999.0 -999.0 -999.0 -999.0 -999 -999 "" "" "" "" 0 0 0.0 0.0 -999 ""
FIBERMAP 52 R+5C17 BOSS 1 1 0 1 0 0 132.5221704688814 102.90931383077951 143.1 160.4802531212397 -48.85462518138855 18.516508 133.80318 39.272832046350594 25.779660917232388 2.5137103 -1.9818393 0.058511384 39.272824303806445 25.77964693058482 39.319514042542664 25.896481913552726 74.66649560109983 247.46843626109865 5400.0 5400.0 2016.0 1 206 {-999.0 17.203333 16.460323 16.137691 -999.0} sdss_psfmag 16.992199 16.472416 15.779205 14.324 63050396555017967 1071087161 bright_1x1 mwm_halo_vmp_xp_boss_single mwm_halo science 0 0 0.0 0.0 -999 ""
FIBERMAP 52 R+5C17 METROLOGY 0 0 0 1 0 0 131.91182749869003 102.50542940789809 143.1 159.79836878756635 -48.5891990161598 18.516508 133.80318 -999.0 -999.0 -999.0 -999.0 -999.0 39.26941272089694 25.78087238459986 39.31608666541251 25.897704725272337 74.66445034774684 247.47831015319133 -999.0 6231.0 -999.0 -1 -999 {-999.0 -999.0 -999.0 -999.0 -999.0} "" -999.0 -999.0 -999.0 -999.0 -999 -999 "" "" "" "" 0 0 0.0 0.0 -999 ""
FIBERMAP 56 R-8C4 APOGEE 0 0 0 1 0 0 -143.83501934289126 -174.45776591129749 143.1 -225.4323269364654 16.82032219940694 307.62695 36.94724 -999.0 -999.0 -999.0 -999.0 -999.0 37.32478375302417 26.07263484617941 37.370247894067234 26.192486206012028 73.27371895929659 251.46435780576596 -999.0 16600.0 -999.0 2 -999 {-999.0 -999.0 -999.0 -999.0 -999.0} "" -999.0 -999.0 -999.0 -999.0 -999 -999 "" "" "" "" 0 0 0.0 0.0 -999 ""
FIBERMAP 56 R-8C4 BOSS 1 1 0 1 0 0 -144.56563841828117 -174.2395436761437 143.1 -225.6755809223043 17.542824562922643 307.62695 36.94724 37.32343000011288 26.07590343315686 -1.1006298 -4.065192 0.38246244 37.3234316352893 26.07587131085645 37.3689615002221 26.19575258403392 73.27419194661445 251.47628254993217 5400.0 5400.0 2016.0 1 452 {-999.0 16.462988 16.03308 15.879691 -999.0} sdss_psfmag 16.400917 16.068026 15.535213 14.609 63050396554130370 980355468 "" ops_std_boss_tic ops_std standard_boss 0 0 0.0 0.0 -999 ""
FIBERMAP 56 R-8C4 METROLOGY 0 0 0 1 0 0 -144.03203388097504 -173.7381498662461 143.1 -224.95833679272278 17.396310622688496 307.62695 36.94724 -999.0 -999.0 -999.0 -999.0 -999.0 37.32704478021625 26.075251170892464 37.372559517465106 26.1951189445702 73.27676996243808 251.4691792693001 -999.0 6231.0 -999.0 -1 -999 {-999.0 -999.0 -999.0 -999.0 -999.0} "" -999.0 -999.0 -999.0 -999.0 -999 -999 "" "" "" "" 0 0 0.0 0.0 -999 ""
FIBERMAP 59 R+4C8 APOGEE 0 0 0 1 0 0 -83.04807861001147 66.26876780837239 143.1 6.209085536428382 106.04368010767176 301.1875 112.47513 -999.0 -999.0 -999.0 -999.0 -999.0 38.49323387952853 26.485304222644665 38.54056301427863 26.603283156279705 74.39374730626342 251.05186520618878 -999.0 16600.0 -999.0 2 -999 {-999.0 -999.0 -999.0 -999.0 -999.0} "" -999.0 -999.0 -999.0 -999.0 -999 -999 "" "" "" "" 0 0 0.0 0.0 -999 ""
FIBERMAP 59 R+4C8 BOSS 1 1 0 1 0 0 -83.44123773292296 65.62325362334781 143.1 5.4551682160251485 105.99237152988651 301.1875 112.47513 38.489286785052954 26.485105920047733 16.290598 -4.960055 2.7207625 38.48934700047694 26.485090573971927 38.53672894733933 26.60310177405008 74.39061508169986 251.05708761236892 5400.0 5400.0 2016.0 1 33 {-999.0 22.44765 20.724169 19.126331 -999.0} sdss_psfmag 21.276983 19.855446 18.559277 16.135 63050396555052582 1095088451 bright_1x1 mwm_bin_vis_boss mwm_filler science 0 0 0.0 0.0 -999 ""
FIBERMAP 59 R+4C8 METROLOGY 0 0 0 1 0 0 -83.7941249819547 66.27753087987467 143.1 5.785888481250418 106.65795494242263 301.1875 112.47513 -999.0 -999.0 -999.0 -999.0 -999.0 38.491038732472916 26.488113589825417 38.53841207617177 26.60611439122052 74.39333007522337 251.06449259791566 -999.0 6231.0 -999.0 -1 -999 {-999.0 -999.0 -999.0 -999.0 -999.0} "" -999.0 -999.0 -999.0 -999.0 -999 -999 "" "" "" "" 0 0 0.0 0.0 -999 ""
FIBERMAP 63 R+5C19 APOGEE 0 0 0 1 0 0 158.67586334681084 79.82568183683868 143.1 156.7168290627239 -83.52734872818876 288.12878 62.31272 -999.0 -999.0 -999.0 -999.0 -999.0 39.25281609461404 25.622358273688175 39.29912440900341 25.739213784951644 74.5707859013684 246.9928902173309 -999.0 16600.0 -999.0 2 -999 {-999.0 -999.0 -999.0 -999.0 -999.0} "" -999.0 -999.0 -999.0 -999.0 -999 -999 "" "" "" "" 0 0 0.0 0.0 -999 ""
FIBERMAP 63 R+5C19 BOSS 1 1 0 1 0 0 157.93255062005866 79.9400115910213 143.1 156.38141442819528 -82.85441059171573 288.12878 62.31272 39.25114429744231 25.62536490507784 -999.0 -999.0 -999.0 39.25115854880389 25.62535783690014 39.29752512857459 25.742244540719284 74.57109815285934 247.00544878937686 5400.0 5400.0 2016.0 1 204 {-999.0 19.75402 18.579227 17.984352 -999.0} sdss_psfmag -999.0 -999.0 -999.0 13.928 63050398096215516 1118051207 bright_1x1 openfibertargets_bhm_lofarradio_boss open_fiber science 0 0 0.0 0.0 -999 ""
FIBERMAP 63 R+5C19 METROLOGY 0 0 0 1 0 0 158.4136277775337 80.52417627970685 143.1 157.13594893853448 -82.91028483374991 288.12878 62.31272 -999.0 -999.0 -999.0 -999.0 -999.0 39.25494371870451 25.625112182947255 39.30129784728871 25.74198464069292 74.57388548984869 246.9980759193955 -999.0 6231.0 -999.0 -1 -999 {-999.0 -999.0 -999.0 -999.0 -999.0} "" -999.0 -999.0 -999.0 -999.0 -999 -999 "" "" "" "" 0 0 0.0 0.0 -999 ""
FIBERMAP 65 R+5C14 APOGEE 1 1 0 1 0 0 43.9106605527824 80.52419845925124 143.1 91.08552723822355 10.592610846812816 287.38547 52.122158 38.92351132302151 26.050898635361015 12.025989 -6.90484 0.9514608 38.92405492437236 26.0508632266203 38.97091794913126 26.168201568234885 74.52880153773819 248.94114873254415 16000.0 16600.0 2016.0 2 41 {-999.0 15.317998 14.346502 9.626384 -999.0} sdss_psfmag_gaia 13.158054 10.181532 8.630835 4.665 63050396555024543 1106341716 bright_1x1 mwm_tess_rgb_apogee mwm_tessrgb science 0 0 1.6583337783813477 0.0 -999 ""
FIBERMAP 65 R+5C14 BOSS 0 0 0 1 0 0 43.215898988156816 80.78669529407388 143.1 90.89911201579811 11.311371614286518 287.38547 52.122158 -999.0 -999.0 -999.0 -999.0 -999.0 38.92311332310686 26.05411485541594 38.97003701260854 26.171481797063265 74.52970189188757 248.9533394309998 -999.0 5400.0 -999.0 1 159 {-999.0 -999.0 -999.0 -999.0 -999.0} "" -999.0 -999.0 -999.0 -999.0 -999 -999 "" "" "" "" 0 0 0.0 0.0 -999 ""
FIBERMAP 65 R+5C14 METROLOGY 0 0 0 1 0 0 43.77743313653261 81.25796990622932 143.1 91.60787192223911 11.124676310004963 287.38547 52.122158 -999.0 -999.0 -999.0 -999.0 -999.0 38.926704072670056 26.053265326901176 38.97361366470784 26.170618838334985 74.53209000800965 248.9446709467654 -999.0 6231.0 -999.0 -1 -999 {-999.0 -999.0 -999.0 -999.0 -999.0} "" -999.0 -999.0 -999.0 -999.0 -999 -999 "" "" "" "" 0 0 0.0 0.0 -999 ""
FIBERMAP 71 R-4C9 APOGEE 0 0 0 1 0 0 -62.170023051357106 -56.39737502520457 143.1 -81.91643190644162 18.23537861386872 151.58208 20.352177 -999.0 -999.0 -999.0 -999.0 -999.0 38.0471916031402 26.084415912502784 38.09333353937558 26.203140699494718 73.85339846150663 250.43360061949284 -999.0 16600.0 -999.0 2 270 {-999.0 -999.0 -999.0 -999.0 -999.0} "" -999.0 -999.0 -999.0 -999.0 -999 -999 "" ops_sky_apogee_best_unassigned ops_sky sky_apogee 0 0 0.0 0.0 -999 ""
FIBERMAP 71 R-4C9 BOSS 1 1 0 1 0 0 -61.43045756460287 -56.50868304793708 143.1 -81.58071130820922 17.56724353575548 151.58208 20.352177 38.04873352474048 26.081394165544648 39.854958 -9.291131 0.5684363 38.04880225253372 26.08136311531427 38.09499795582559 26.20011346183439 73.85329643173976 250.42146810425595 5400.0 5400.0 2016.0 1 462 {-999.0 16.299438 15.863018 15.697555 -999.0} sdss_psfmag 16.20053 15.869417 15.354519 14.473 63050396555051242 1073248269 bright_1x1 mwm_halo_local_high_boss_single mwm_halo science 0 0 0.0 0.0 -999 ""
FIBERMAP 71 R-4C9 METROLOGY 0 0 0 1 0 0 -61.89665450682816 -57.08987649010314 143.1 -82.32423593026658 17.612680573292824 151.58208 20.352177 -999.0 -999.0 -999.0 -999.0 -999.0 38.04506179543972 26.081558596907897 38.091238011757525 26.200306927844494 73.8504083103094 250.42777579975444 -999.0 6231.0 -999.0 -1 -999 {-999.0 -999.0 -999.0 -999.0 -999.0} "" -999.0 -999.0 -999.0 -999.0 -999 -999 "" "" "" "" 0 0 0.0 0.0 -999 ""
FIBERMAP 78 R-5C11 APOGEE 0 0 0 1 0 0 -18.39257961587732 -87.01057307499369 143.1 -81.66231516659374 -35.172253608041146 119.22179 123.45698 -999.0 -999.0 -999.0 -999.0 -999.0 38.04984024113048 25.84128110968719 38.09551557729799 25.960027330062665 73.73966244734363 249.6635586000737 -999.0 16600.0 -999.0 2 160 {-999.0 -999.0 -999.0 -999.0 -999.0} "" -999.0 -999.0 -999.0 -999.0 -999 -999 "" ops_sky_apogee_best_unassigned ops_sky sky_apogee 0 0 0.0 0.0 -999 ""
FIBERMAP 78 R-5C11 BOSS 1 1 0 1 0 0 -18.05951211860293 -86.35334472834224 143.1 -80.93349562740349 -35.06511708171603 119.22179 123.45698 38.05342818101995 25.841737966174538 -1.8790592 -0.9235535 -0.18744448 38.053415989145876 25.841736540266886 38.099153506294385 25.9605057334312 73.7427607173899 249.65944245463055 5400.0 5400.0 2016.0 1 366 {-999.0 19.868845 19.30823 18.823101 -999.0} sdss_psfmag 19.569635 20.328531 18.203894 15.917 63050396554106926 1118004909 bright_1x1 openfibertargets_bhm_lofarradio_boss open_fiber science 0 0 0.0 0.0 -999 ""
FIBERMAP 78 R-5C11 METROLOGY 0 0 0 1 0 0 -17.648842494467214 -86.97381566451952 143.1 -81.2032782604382 -35.758384460891264 119.22179 123.45698 -999.0 -999.0 -999.0 -999.0 -999.0 38.05209681579073 25.838587085559382 38.097810627559966 25.957350575663433 73.74018535106076 249.6516331302448 -999.0 6231.0 -999.0 -1 -999 {-999.0 -999.0 -999.0 -999.0 -999.0} "" -999.0 -999.0 -999.0 -999.0 -999 -999 "" "" "" "" 0 0 0.0 0.0 -999 ""
FIBERMAP 86 R-12C11 APOGEE 0 0 0 1 0 0 61.09566005775662 -219.56197262952819 143.1 -144.0511333063332 -176.54376733974127 126.603294 105.58345 -999.0 -999.0 -999.0 -999.0 -999.0 37.74256912671826 25.199516138518284 37.786750107549494 25.318811047938745 73.18160098237009 248.18456039423612 -999.0 16600.0 -999.0 2 -999 {-999.0 -999.0 -999.0 -999.0 -999.0} "" -999.0 -999.0 -999.0 -999.0 -999 -999 "" "" "" "" 0 0 0.0 0.0 -999 ""
FIBERMAP 86 R-12C11 BOSS 1 1 0 1 0 0 61.56189892291264 -218.97722668666412 143.1 -143.30468353663252 -176.5871893699452 126.603294 105.58345 37.74622763258158 25.199270915977536 -0.6736032 -2.074952 0.3793626 37.746209962955724 25.199266261513397 37.790452622864336 25.31858665231001 73.18437819607664 248.17805814726776 5400.0 5400.0 2016.0 1 407 {-999.0 16.746794 16.296974 16.121874 -999.0} sdss_psfmag 16.666658 16.314621 15.784864 14.808 63050396554105206 981126156 "" ops_std_boss_tic ops_std standard_boss 0 0 0.0 0.0 -999 ""
FIBERMAP 86 R-12C11 METROLOGY 0 0 0 1 0 0 61.834891170476766 -219.6629644237411 143.1 -143.70718137944684 -177.20567850607 126.603294 105.58345 -999.0 -999.0 -999.0 -999.0 -999.0 37.74426383035997 25.196494043777367 37.788482849367654 25.31580894883902 73.18143988860473 248.17287068507727 -999.0 6231.0 -999.0 -1 -999 {-999.0 -999.0 -999.0 -999.0 -999.0} "" -999.0 -999.0 -999.0 -999.0 -999 -999 "" "" "" "" 0 0 0.0 0.0 -999 ""
FIBERMAP 97 R-4C15 APOGEE 0 0 0 1 0 0 63.83502410112681 -61.18969856909099 143.1 -13.144478596016794 -87.42450547492815 128.34004 87.02358 -999.0 -999.0 -999.0 -999.0 -999.0 38.39702079939832 25.604520090860497 38.442546930599576 25.72274400750573 73.89612933228156 248.37290790430694 -999.0 16600.0 -999.0 2 191 {-999.0 -999.0 -999.0 -999.0 -999.0} "" -999.0 -999.0 -999.0 -999.0 -999 -999 "" ops_sky_apogee_best_unassigned ops_sky sky_apogee 0 0 0.0 0.0 -999 ""
FIBERMAP 97 R-4C15 BOSS 1 1 0 1 0 0 64.43272480448539 -60.75488359589011 143.1 -12.444629065550115 -87.66176586484573 128.34004 87.02358 38.400386024019745 25.603524615728823 37.75071 -54.626923 1.5005066 38.40049306185326 25.603374164695172 38.44607682823823 25.721622036679012 73.89833066912666 248.36369746068408 5400.0 5400.0 2016.0 1 314 {-999.0 16.408606 15.716965 15.393196 -999.0} sdss_psfmag 16.207993 15.719025 15.058873 13.694 63050396555023151 1072655855 bright_1x1 mwm_halo_local_high_boss_single mwm_halo science 0 0 0.0 0.0 -999 ""
FIBERMAP 97 R-4C15 METROLOGY 0 0 0 1 0 0 64.51640849317691 -61.4976650967462 143.1 -13.002910381667377 -88.15857142663864 128.34004 87.02358 -999.0 -999.0 -999.0 -999.0 -999.0 38.39769805483316 25.601126980231793 38.4432589366798 25.719371207136973 73.89500882259296 248.36120859347653 -999.0 6231.0 -999.0 -1 -999 {-999.0 -999.0 -999.0 -999.0 -999.0} "" -999.0 -999.0 -999.0 -999.0 -999 -999 "" "" "" "" 0 0 0.0 0.0 -999 ""
FIBERMAP 103 R-8C3 APOGEE 0 0 0 1 0 0 -152.1937160601655 -133.90181837190005 143.1 -197.1360958673419 47.040503353482485 153.23401 19.4504 -999.0 -999.0 -999.0 -999.0 -999.0 37.46508952697854 26.211100709885468 37.51094576023024 26.33072034058112 73.44909950579874 251.69258993031946 -999.0 16600.0 -999.0 2 267 {-999.0 -999.0 -999.0 -999.0 -999.0} "" -999.0 -999.0 -999.0 -999.0 -999 -999 "" ops_sky_apogee_best_unassigned ops_sky sky_apogee 0 0 0.0 0.0 -999 ""
FIBERMAP 103 R-8C3 BOSS 1 1 0 1 0 0 -151.4585459365136 -133.97371792591983 143.1 -196.77072983850618 46.39869008942567 153.23401 19.4504 37.466835940831736 26.20820597805729 -0.04648508 -0.16177952 -0.20704795 37.46683331546942 26.20819153473744 37.51274592187161 26.327836376596277 73.44922550503216 251.68099783988836 5400.0 5400.0 2016.0 1 476 {-999.0 18.881165 18.593681 18.329329 18.111607} sdss_psfmag_from_gaiadr2 18.967031 18.648426 18.067532 16.102 63050396554130596 1057566567 bright_flexible_2x1 bhm_gua_bright bhm_filler science 0 0 0.0 0.0 -999 ""
FIBERMAP 103 R-8C3 METROLOGY 0 0 0 1 0 0 -151.88624965276327 -134.59163182021234 143.1 -197.5220356879923 46.391511637955254 153.23401 19.4504 -999.0 -999.0 -999.0 -999.0 -999.0 37.46309236225894 26.208126293066332 37.50898432998656 26.327769118367662 73.44619212673791 251.68616800759338 -999.0 6231.0 -999.0 -1 -999 {-999.0 -999.0 -999.0 -999.0 -999.0} "" -999.0 -999.0 -999.0 -999.0 -999 -999 "" "" "" "" 0 0 0.0 0.0 -999 ""
FIBERMAP 107 R-3C24 APOGEE 0 0 0 1 0 0 248.808525161171 -41.91874543200706 143.1 109.29314125504294 -227.35712962215905 156.3037 72.37022 -999.0 -999.0 -999.0 -999.0 -999.0 39.01034536098569 24.97328401154948 39.05517861023907 25.090597730473128 74.0432189084767 245.3771802513052 -999.0 16600.0 -999.0 2 222 {-999.0 -999.0 -999.0 -999.0 -999.0} "" -999.0 -999.0 -999.0 -999.0 -999 -999 "" ops_sky_apogee_best_unassigned ops_sky sky_apogee 0 0 0.0 0.0 -999 ""
FIBERMAP 107 R-3C24 BOSS 1 1 0 1 0 0 249.30055851716406 -41.361632204410355 143.1 110.03190562499994 -227.43755516725136 156.3037 72.37022 39.01394076717481 24.972980937495034 13.134715 -29.609081 0.6643721 39.01397643810408 24.972885500627378 39.058866416263584 25.090224767578462 74.04583784435778 245.369519474339 5400.0 5400.0 2016.0 1 253 {-999.0 18.88172 17.93115 17.51239 -999.0} sdss_psfmag 18.493887 17.910269 17.136032 15.531 63050396555015980 1073494807 bright_1x1 mwm_halo_local_low_boss_single mwm_halo science 0 0 0.0 0.0 -999 ""
FIBERMAP 107 R-3C24 METROLOGY 0 0 0 1 0 0 249.53874164670796 -42.07456473096235 143.1 109.58712111584444 -228.04330642316611 156.3037 72.37022 -999.0 -999.0 -999.0 -999.0 -999.0 39.01175040067602 24.970182423355343 39.056617844081245 25.087516675233434 74.04266661452779 245.36517836584017 -999.0 6231.0 -999.0 -1 -999 {-999.0 -999.0 -999.0 -999.0 -999.0} "" -999.0 -999.0 -999.0 -999.0 -999 -999 "" "" "" "" 0 0 0.0 0.0 -999 ""
FIBERMAP 110 R-1C13 APOGEE 0 0 0 1 0 0 2.4113632052994323 -33.08509690014842 143.1 -25.626238442570823 -21.054079831222847 0.099187255 62.737576 -999.0 -999.0 -999.0 -999.0 -999.0 38.333014876920515 25.9064728444159 38.379068785929405 26.024766154852905 73.99422633525923 249.42624029129874 -999.0 16600.0 -999.0 2 162 {-999.0 -999.0 -999.0 -999.0 -999.0} "" -999.0 -999.0 -999.0 -999.0 -999 -999 "" ops_sky_apogee_best_unassigned ops_sky sky_apogee 0 0 0.0 0.0 -999 ""
FIBERMAP 110 R-1C13 BOSS 1 1 0 1 0 0 2.0803510414400925 -33.74609474234617 143.1 -26.356950535551032 -21.16506915236189 0.099187255 62.737576 38.3290851601709 25.905952226514977 5.2784257 -7.9996767 3.4588573 38.32924274655517 25.90591796368625 38.3753493700392 26.024245555977217 73.991047178332 249.43043006770944 5400.0 5400.0 2016.0 1 346 {-999.0 18.263512 16.745338 15.499639 -999.0} sdss_psfmag 17.625628 16.182392 15.005284 12.694 63050396555024905 1035031220 bright_1x1 mwm_yso_pms_boss_sagitta_edr3_single mwm_yso science 0 0 0.0 0.0 -999 ""
FIBERMAP 110 R-1C13 METROLOGY 0 0 0 1 0 0 1.6596463591093684 -33.13577160080021 143.1 -26.101243241342484 -20.469460868150392 0.099187255 62.737576 -999.0 -999.0 -999.0 -999.0 -999.0 38.33054689163959 25.909100147618993 38.37664464962171 26.027417326185244 73.99359593644316 249.43847243953485 -999.0 6231.0 -999.0 -1 -999 {-999.0 -999.0 -999.0 -999.0 -999.0} "" -999.0 -999.0 -999.0 -999.0 -999 -999 "" "" "" "" 0 0 0.0 0.0 -999 ""
FIBERMAP 114 R-12C15 APOGEE 1 1 0 1 0 0 153.97132845766532 -221.58731343115966 143.1 -92.13017714276418 -253.5541506497429 90.180374 130.74356 38.00569700219883 24.85457581122013 0.7466589 -4.9156947 3.0797951 38.00567981050656 24.854566507411782 38.04943496942258 24.97348635269652 73.20822028678182 246.73725350849935 16000.0 16600.0 2016.0 2 236 {-999.0 12.28527 11.844382 11.686761 -999.0} sdss_psfmag_from_g3xp 12.199244 11.862189 11.354219 10.514 63050396554102932 1103502012 bright_flexible_2x1 mwm_tess_2min_apogee mwm_planet science 0 0 0.0 0.0 -999 ""
FIBERMAP 114 R-12C15 BOSS 0 0 0 1 0 0 154.5409379734638 -221.10908371496063 143.1 -91.41107947934228 -253.7434282666102 90.180374 130.74356 -999.0 -999.0 -999.0 -999.0 -999.0 38.009207136057945 24.853686721877576 38.05302158028741 24.972633386637096 73.21054460172923 246.72884792962574 -999.0 5400.0 -999.0 1 258 {-999.0 -999.0 -999.0 -999.0 -999.0} "" -999.0 -999.0 -999.0 -999.0 -999 -999 "" "" "" "" 0 0 0.0 0.0 -999 ""
FIBERMAP 114 R-12C15 METROLOGY 0 0 0 1 0 0 154.67240776008302 -221.85056220003128 143.1 -91.94073159399109 -254.27850421788412 90.180374 130.74356 -999.0 -999.0 -999.0 -999.0 -999.0 38.00661771690486 24.851314760238967 38.05040906151879 24.970256604513562 73.20728265175245 246.7261275311061 -999.0 6231.0 -999.0 -1 -999 {-999.0 -999.0 -999.0 -999.0 -999.0} "" -999.0 -999.0 -999.0 -999.0 -999 -999 "" "" "" "" 0 0 0.0 0.0 -999 ""
FIBERMAP 115 R-11C13 APOGEE 0 0 0 1 0 0 96.27424559146539 -192.96424497529355 143.1 -102.03890098640974 -189.92776594560848 163.06786 41.4939 -999.0 -999.0 -999.0 -999.0 -999.0 37.953095253678185 25.139578544372274 37.997344964356444 25.258550636427685 73.31514480507377 247.66930414378004 -999.0 16600.0 -999.0 2 166 {-999.0 -999.0 -999.0 -999.0 -999.0} "" -999.0 -999.0 -999.0 -999.0 -999 -999 "" ops_sky_apogee_best_unassigned ops_sky sky_apogee 0 0 0.0 0.0 -999 ""
FIBERMAP 115 R-11C13 BOSS 1 1 0 1 0 0 96.94431602860351 -192.65121986560905 143.1 -101.39675869934518 -190.2943771563039 163.06786 41.4939 37.95628303251424 25.137868983714615 -999.0 -999.0 -999.0 37.956242266035794 25.13786325010171 38.000549664429116 25.256861841751277 73.31677564653965 247.65909380309435 5400.0 5400.0 2016.0 1 395 {-999.0 21.737017 19.932333 19.271023 -999.0} sdss_psfmag 20.597782 21.478222 18.707224 15.784 63050396554103705 1118004898 bright_1x1 openfibertargets_bhm_lofarradio_boss open_fiber science 0 0 0.0 0.0 -999 ""
FIBERMAP 115 R-11C13 METROLOGY 0 0 0 1 0 0 96.88491976796836 -193.39263878603 143.1 -102.03646225812075 -190.67355793413932 163.06786 41.4939 -999.0 -999.0 -999.0 -999.0 -999.0 37.95308401367087 25.13616945460549 37.99736898123456 25.255164324892416 73.31343550145803 247.65912263920904 -999.0 6231.0 -999.0 -1 -999 {-999.0 -999.0 -999.0 -999.0 -999.0} "" -999.0 -999.0 -999.0 -999.0 -999 -999 "" "" "" "" 0 0 0.0 0.0 -999 ""
FIBERMAP 117 R-1C9 APOGEE 1 1 0 1 0 0 -99.6472731902026 -7.095242713846295 143.1 -63.27497046071903 77.27890051846337 80.53534 121.530464 38.1405119351113 26.353529640963963 4.2045665 -3.3176844 2.0878544 38.14051003137323 26.35352437094493 38.18725876257406 26.47207420503086 74.05265499802901 251.15449125467367 16000.0 16600.0 2016.0 2 244 {-999.0 13.349367 12.776521 12.571293 -999.0} sdss_psfmag_from_g3xp 13.21302 12.80936 12.233749 11.185 63050396555051659 1034992660 bright_1x1 mwm_yso_pms_apogee_zari18pms_single mwm_yso science 0 0 0.0 0.0 -999 ""
FIBERMAP 117 R-1C9 BOSS 0 0 0 1 0 0 -98.96752201144929 -6.796682830191351 143.1 -62.639056161550855 76.89603984423151 80.53534 121.530464 -999.0 -999.0 -999.0 -999.0 -999.0 38.14365206413767 26.351809057557748 38.190458299918475 26.470380865891922 74.0544256769715 251.14423812506726 -999.0 5400.0 -999.0 1 481 {-999.0 -999.0 -999.0 -999.0 -999.0} "" -999.0 -999.0 -999.0 -999.0 -999 -999 "" "" "" "" 0 0 0.0 0.0 -999 ""
FIBERMAP 117 R-1C9 METROLOGY 0 0 0 1 0 0 -99.04314147200228 -7.540590618689915 143.1 -63.29015039308995 76.52867120684611 80.53534 121.530464 -999.0 -999.0 -999.0 -999.0 -999.0 38.140376049249 26.350123995807223 38.18715959091844 26.46869356381981 74.05102789302843 251.14370158926062 -999.0 6231.0 -999.0 -1 -999 {-999.0 -999.0 -999.0 -999.0 -999.0} "" -999.0 -999.0 -999.0 -999.0 -999 -999 "" "" "" "" 0 0 0.0 0.0 -999 ""
FIBERMAP 119 R0C6 APOGEE 0 0 0 1 0 0 -160.73499295714123 1.3058951805562642 143.1 -91.65275161194965 132.0091569642401 46.182316 67.65906 -999.0 -999.0 -999.0 -999.0 -999.0 37.99558301562125 26.601107410745193 38.042680685026994 26.719858918676632 74.04895054798406 252.17150959745584 -999.0 16600.0 -999.0 2 -999 {-999.0 -999.0 -999.0 -999.0 -999.0} "" -999.0 -999.0 -999.0 -999.0 -999 -999 "" "" "" "" 0 0 0.0 0.0 -999 ""
FIBERMAP 119 R0C6 BOSS 1 1 0 1 0 0 -160.40891884158233 0.6519478500127193 143.1 -91.99866947659282 131.36565941634598 46.182316 67.65906 37.99369369621889 26.598210648764304 13.425051 -7.1194916 2.3802502 37.99374201824727 26.598201413770692 38.040890918441335 26.71698203400118 74.0462413733392 252.16470981500905 5400.0 5400.0 2016.0 1 494 {-999.0 20.673822 19.36497 18.069206 -999.0} sdss_psfmag 20.095701 18.760822 17.612505 15.124 63050396555053017 1094368121 bright_1x1 mwm_bin_vis_boss mwm_filler science 0 0 0.0 0.0 -999 ""
FIBERMAP 119 R0C6 METROLOGY 0 0 0 1 0 0 -161.16434793162523 0.6957179223782429 143.1 -92.39869226031635 132.00778976499709 46.182316 67.65906 -999.0 -999.0 -999.0 -999.0 -999.0 37.99172618858066 26.60109408660242 38.03886225857616 26.71987021235317 74.04589885948968 252.17705159161463 -999.0 6231.0 -999.0 -1 -999 {-999.0 -999.0 -999.0 -999.0 -999.0} "" -999.0 -999.0 -999.0 -999.0 -999 -999 "" "" "" "" 0 0 0.0 0.0 -999 ""
FIBERMAP 120 R-7C13 APOGEE 1 1 0 1 0 0 56.4433589450745 -121.82614120236225 143.1 -66.92391399353846 -116.3663030847747 96.13962 108.63033 38.12650562650544 25.472486267048016 -0.3874775 -15.551315 4.960108 38.126475233082125 25.47246234989121 38.17151015329193 25.591127022521842 73.61871993192547 248.39965648195027 16000.0 16600.0 2016.0 2 163 {-999.0 9.087659 8.773915 8.682392 -999.0} sdss_psfmag_gaia 9.050971 8.78671 8.355573 7.686 63050396554106270 975435173 "" ops_std_apogee ops_std standard_apogee 0 0 0.0 0.0 -999 ""
FIBERMAP 120 R-7C13 BOSS 0 0 0 1 0 0 57.12574729998005 -121.51490729168208 143.1 -66.27612886916549 -116.74400632509364 96.13962 108.63033 -999.0 -999.0 -999.0 -999.0 -999.0 38.12965873511727 25.470678236800506 38.17475074229225 25.58936803783189 73.6203764007052 248.38908252645012 -999.0 5400.0 -999.0 1 354 {-999.0 -999.0 -999.0 -999.0 -999.0} "" -999.0 -999.0 -999.0 -999.0 -999 -999 "" "" "" "" 0 0 0.0 0.0 -999 ""
FIBERMAP 120 R-7C13 METROLOGY 0 0 0 1 0 0 57.06272029519514 -122.24718674839448 143.1 -66.91046353688301 -117.11495019286916 96.13962 108.63033 -999.0 -999.0 -999.0 -999.0 -999.0 38.12649850086423 25.469005204726244 38.17156818837998 25.587691672281924 73.6170524027232 248.38900576111865 -999.0 6231.0 -999.0 -1 -999 {-999.0 -999.0 -999.0 -999.0 -999.0} "" -999.0 -999.0 -999.0 -999.0 -999 -999 "" "" "" "" 0 0 0.0 0.0 -999 ""
FIBERMAP 124 R-6C12 APOGEE 0 0 0 1 0 0 30.322122819177945 -108.13528963692714 143.1 -70.81189222504372 -87.13826008517472 35.215096 128.47534 -999.0 -999.0 -999.0 -999.0 -999.0 38.10605195694486 25.60511444118005 38.15132326278257 25.72379723208911 73.66863752268456 248.84090902495439 -999.0 16600.0 -999.0 2 -999 {-999.0 -999.0 -999.0 -999.0 -999.0} "" -999.0 -999.0 -999.0 -999.0 -999 -999 "" "" "" "" 0 0 0.0 0.0 -999 ""
FIBERMAP 124 R-6C12 BOSS 1 1 0 1 0 0 31.0328987951738 -108.3398007360695 143.1 -70.56888814275044 -87.83664941800181 35.215096 128.47534 38.10680233725816 25.60189759904024 -2.6383653 -8.995935 0.2571115 38.10720292335634 25.601874252351042 38.15252686643612 25.72058505690589 73.66799989305512 248.8290676716723 5400.0 5400.0 2016.0 1 378 {-999.0 12.609008 12.165684 12.021822 -999.0} sdss_psfmag_gaia 12.512914 12.194885 11.67781 10.873 63050396554106407 1093510177 bright_1x1 mwm_astar_core_boss_single mwm_ob science 0 0 1.3186521530151367 0.0 -999 ""
FIBERMAP 124 R-6C12 METROLOGY 0 0 0 1 0 0 30.506159817707456 -108.85833345557442 143.1 -71.29616750756377 -87.70562837020626 35.215096 128.47534 -999.0 -999.0 -999.0 -999.0 -999.0 38.10355576640082 25.602474775031155 38.148861265501466 25.721182895548164 73.66541987464608 248.83669983819192 -999.0 6231.0 -999.0 -1 -999 {-999.0 -999.0 -999.0 -999.0 -999.0} "" -999.0 -999.0 -999.0 -999.0 -999 -999 "" "" "" "" 0 0 0.0 0.0 -999 ""
FIBERMAP 126 R-7C19 APOGEE 0 0 0 1 0 0 177.46765321646456 -121.22492871420164 143.1 3.379268190741065 -214.8476816701055 177.833 60.886326 -999.0 -999.0 -999.0 -999.0 -999.0 38.48140019908905 25.028261469766658 38.52589078647634 25.14641263092185 73.66646899910639 246.46114640898585 -999.0 16600.0 -999.0 2 -999 {-999.0 -999.0 -999.0 -999.0 -999.0} "" -999.0 -999.0 -999.0 -999.0 -999 -999 "" "" "" "" 0 0 0.0 0.0 -999 ""
FIBERMAP 126 R-7C19 BOSS 1 1 0 1 0 0 177.83231109932163 -120.57933810573749 143.1 4.11680712659833 -214.77305495500528 177.833 60.886326 38.48495343627927 25.0285105403862 28.409208 7.8872557 2.247531 38.48503595834612 25.028527271122933 38.52958647254468 25.146704022481163 73.66947072910382 246.4557928060346 5400.0 5400.0 2016.0 1 320 {-999.0 21.632711 20.00733 18.578003 -999.0} sdss_psfmag 20.759506 19.31619 18.101255 15.73 63050396554098443 1094305963 bright_1x1 mwm_bin_vis_boss mwm_filler science 0 0 0.0 0.0 -999 ""
FIBERMAP 126 R-7C19 METROLOGY 0 0 0 1 0 0 178.21373695609407 -121.22951499507403 143.1 3.805897559742401 -215.45957765932673 177.833 60.886326 -999.0 -999.0 -999.0 -999.0 -999.0 38.483500286788605 25.025459642629606 38.528027658011126 25.143630268480678 73.66665765915269 246.4491153679293 -999.0 6231.0 -999.0 -1 -999 {-999.0 -999.0 -999.0 -999.0 -999.0} "" -999.0 -999.0 -999.0 -999.0 -999 -999 "" "" "" "" 0 0 0.0 0.0 -999 ""
FIBERMAP 129 R-6C21 APOGEE 1 1 0 1 0 0 244.00854895281276 -108.24738715080974 143.1 52.360470283280044 -261.6988103637491 93.61293 25.219206 38.725805202507644 24.819174230929914 -4.876066 -9.872396 0.6681289 38.72579641245476 24.819159120825674 38.77009287708211 24.936943983699667 73.742769352517 245.40988888683256 16000.0 16600.0 2016.0 2 194 {-999.0 12.480712 11.657586 11.326173 -999.0} sdss_psfmag_from_g3xp 12.234415 11.678032 10.969784 9.534 63050396554097825 1108056904 bright_1x1 mwm_tess_rgb_apogee mwm_tessrgb science 0 0 0.0 0.0 -999 ""
FIBERMAP 129 R-6C21 BOSS 0 0 0 1 0 0 244.3931852159025 -108.88050334861784 143.1 52.06534434749484 -262.3781133081544 93.61293 25.219206 -999.0 -999.0 -999.0 -999.0 -999.0 38.72426172498661 24.81609192632405 38.76860642456535 24.933911600094373 73.7400026035909 245.4033443971369 -999.0 5400.0 -999.0 1 333 {-999.0 -999.0 -999.0 -999.0 -999.0} "" -999.0 -999.0 -999.0 -999.0 -999 -999 "" "" "" "" 0 0 0.0 0.0 -999 ""
FIBERMAP 129 R-6C21 METROLOGY 0 0 0 1 0 0 243.64497304101724 -108.89579751129845 143.1 51.62125287320069 -261.77594717340673 93.61293 25.219206 -999.0 -999.0 -999.0 -999.0 -999.0 38.72207499465124 24.818779687722987 38.76640731761859 24.936593475034776 73.73976283242479 245.41524941067124 -999.0 6231.0 -999.0 -1 -999 {-999.0 -999.0 -999.0 -999.0 -999.0} "" -999.0 -999.0 -999.0 -999.0 -999 -999 "" "" "" "" 0 0 0.0 0.0 -999 ""
FIBERMAP 130 R-9C15 APOGEE 0 0 0 1 0 0 114.80626257809467 -163.08410478232014 143.1 -66.94874376997447 -187.8247690252742 133.72377 108.471924 -999.0 -999.0 -999.0 -999.0 -999.0 38.12860419335172 25.149306287599234 38.17302372099931 25.268001773077813 73.45650003608111 247.41349595958388 -999.0 16600.0 -999.0 2 -999 {-999.0 -999.0 -999.0 -999.0 -999.0} "" -999.0 -999.0 -999.0 -999.0 -999 -999 "" "" "" "" 0 0 0.0 0.0 -999 ""
FIBERMAP 130 R-9C15 BOSS 1 1 0 1 0 0 115.13402136240242 -162.42958589180037 143.1 -66.22519907038259 -187.71486035072147 133.72377 108.471924 38.13208718201097 25.149736841227806 17.695246 -2.03886 0.5175658 38.132148974502535 25.14972845648848 38.17662996539809 25.26844943740252 73.45952938528872 247.40897230951225 5400.0 5400.0 2016.0 1 265 {-999.0 16.424837 16.034758 15.8962145 -999.0} sdss_psfmag 16.347736 16.048193 15.563557 14.612 63050396554104337 1072606566 bright_1x1 mwm_halo_local_high_boss_single mwm_halo science 0 0 0.0 0.0 -999 ""
FIBERMAP 130 R-9C15 METROLOGY 0 0 0 1 0 0 115.55105190604048 -163.03993649630144 143.1 -66.4830481985366 -188.4074841828449 133.72377 108.471924 -999.0 -999.0 -999.0 -999.0 -999.0 38.13090091307472 25.14662450003309 38.17535859422895 25.265338963359987 73.4569471240235 247.40166464797903 -999.0 6231.0 -999.0 -1 -999 {-999.0 -999.0 -999.0 -999.0 -999.0} "" -999.0 -999.0 -999.0 -999.0 -999 -999 "" "" "" "" 0 0 0.0 0.0 -999 ""
FIBERMAP 136 R-10C12 APOGEE 0 0 0 1 0 0 77.0983385985884 -213.74894769060725 143.1 -130.07316762854072 -186.25830793705657 9.989496 23.77356 -999.0 -999.0 -999.0 -999.0 -999.0 37.812887090394 25.155898680651948 37.857046552808356 25.27508843419352 73.21432360992739 247.94289091929204 -999.0 16600.0 -999.0 2 -999 {-999.0 -999.0 -999.0 -999.0 -999.0} "" -999.0 -999.0 -999.0 -999.0 -999 -999 "" "" "" "" 0 0 0.0 0.0 -999 ""
FIBERMAP 136 R-10C12 BOSS 1 1 0 1 0 0 76.51319898369455 -214.15688261229218 143.1 -130.74382116690762 -186.0157992880264 9.989496 23.77356 37.8093747027735 25.1569888997693 28.425352 -24.288471 6.526115 37.80944453248879 25.156923182460527 37.85366170647251 25.276149461903266 73.21222366535422 247.95143174021803 5400.0 5400.0 2016.0 1 369 {-999.0 17.31799 15.841722 14.508916 -999.0} sdss_psfmag_ps1 16.743265 15.113248 13.878466 11.495 63050396554105180 1035068476 bright_1x1 mwm_yso_pms_boss_zari18pms_single mwm_yso science 0 0 0.0 0.0 -999 ""
FIBERMAP 136 R-10C12 METROLOGY 0 0 0 1 0 0 76.42708594229664 -213.42324559983555 143.1 -130.19440858028446 -185.52228487237738 9.989496 23.77356 -999.0 -999.0 -999.0 -999.0 -999.0 37.81217819265256 25.159162357612896 37.85638531068764 25.27837526466309 73.2154750067785 247.95375060305298 -999.0 6231.0 -999.0 -1 -999 {-999.0 -999.0 -999.0 -999.0 -999.0} "" -999.0 -999.0 -999.0 -999.0 -999 -999 "" "" "" "" 0 0 0.0 0.0 -999 ""
FIBERMAP 138 R-2C24 APOGEE 0 0 0 1 0 0 235.41654381931 -47.43832734882753 143.1 97.06076760496755 -219.6052078042909 223.42973 112.08002 -999.0 -999.0 -999.0 -999.0 -999.0 38.94965255072591 25.007842416081008 38.994501420658196 25.125249719326593 74.01533238524523 245.59040498953308 -999.0 16600.0 -999.0 2 -999 {-999.0 -999.0 -999.0 -999.0 -999.0} "" -999.0 -999.0 -999.0 -999.0 -999 -999 "" "" "" "" 0 0 0.0 0.0 -999 ""
FIBERMAP 138 R-2C24 BOSS 1 1 0 1 0 0 234.73902627220141 -47.14141195403755 143.1 96.91240562804725 -218.88067429844034 223.42973 112.08002 38.94867637646033 25.01117812699412 67.66993 -59.434685 5.735523 38.94889456800288 25.011029950704813 38.993803642322405 25.128469349816207 74.01651578441817 245.60151795153496 5400.0 5400.0 2016.0 1 260 {-999.0 19.452639 17.973999 16.385647 -999.0} sdss_psfmag 18.86908 17.112097 15.85688 13.487 63050396554098089 1094981182 bright_1x1 mwm_bin_vis_boss mwm_filler science 0 0 0.0 0.0 -999 ""
FIBERMAP 138 R-2C24 METROLOGY 0 0 0 1 0 0 235.33071320515626 -46.69718290529052 143.1 97.61647366074918 -219.1075933956499 223.42973 112.08002 -999.0 -999.0 -999.0 -999.0 -999.0 38.952411598827965 25.0100367099919 38.99730622258164 25.127461736890663 74.01866035897709 245.5922785171311 -999.0 6231.0 -999.0 -1 -999 {-999.0 -999.0 -999.0 -999.0 -999.0} "" -999.0 -999.0 -999.0 -999.0 -999 -999 "" "" "" "" 0 0 0.0 0.0 -999 ""
FIBERMAP 140 R-4C12 APOGEE 0 0 0 1 0 0 13.743890944216394 -77.39886864866736 143.1 -55.275661955369195 -55.87036646836943 6.9153895 111.51914 -999.0 -999.0 -999.0 -999.0 -999.0 38.18367392003993 25.747542794272974 38.22928776332236 25.86608842123463 73.79951620856646 249.16113803228546 -999.0 16600.0 -999.0 2 -999 {-999.0 -999.0 -999.0 -999.0 -999.0} "" -999.0 -999.0 -999.0 -999.0 -999 -999 "" "" "" "" 0 0 0.0 0.0 -999 ""
FIBERMAP 140 R-4C12 BOSS 1 1 0 1 0 0 14.115718738060819 -78.03361898007378 143.1 -55.57951081994519 -56.540152685101 6.9153895 111.51914 38.18205874732 25.74445450366482 0.13340952 -2.6708617 0.34884468 38.18206434185513 25.744431746093035 38.22772838511838 25.863009160625964 73.79679082286518 249.15394955274041 5400.0 5400.0 2016.0 1 365 {-999.0 18.035429 17.608326 17.434418 17.357006} sdss_psfmag_from_gaia 17.9516 17.6224 17.0939 16.348 63050396555024815 967920956 "" ops_std_boss_gdr2 ops_std standard_boss 0 0 0.0 0.0 -999 ""
FIBERMAP 140 R-4C12 METROLOGY 0 0 0 1 0 0 13.369335621354162 -78.0441362603041 143.1 -56.018646419372494 -55.93672463568326 6.9153895 111.51914 -999.0 -999.0 -999.0 -999.0 -999.0 38.17985423717609 25.747184985208097 38.22550530324537 25.865757386756943 73.79638239594217 249.16604257851674 -999.0 6231.0 -999.0 -1 -999 {-999.0 -999.0 -999.0 -999.0 -999.0} "" -999.0 -999.0 -999.0 -999.0 -999 -999 "" "" "" "" 0 0 0.0 0.0 -999 ""
FIBERMAP 142 R0C2 APOGEE 0 0 0 1 0 0 -259.6179208404022 -9.519868473718596 143.1 -157.53314904226693 206.51196314849034 314.6398 118.40827 -999.0 -999.0 -999.0 -999.0 -999.0 37.66124654796796 26.933618120526322 37.70867903493604 27.052857184415405 73.92465357089102 253.727298969681 -999.0 16600.0 -999.0 2 295 {-999.0 -999.0 -999.0 -999.0 -999.0} "" -999.0 -999.0 -999.0 -999.0 -999 -999 "" "" "" "" 0 0 0.0 0.0 -999 ""
FIBERMAP 142 R0C2 BOSS 1 1 0 1 0 0 -259.8855846888788 -10.211978632635997 143.1 -158.25272524229408 206.33129674814055 314.6398 118.40827 37.65758101524095 26.932754743396206 1.6064421 -2.2148807 0.09653569 37.65754687232683 26.932744351009404 37.705034096901784 27.052014147150263 73.92135519781233 253.72949227605858 5400.0 5400.0 2016.0 1 423 {-999.0 16.245655 15.225887 14.78724 -999.0} sdss_psfmag 15.899496 15.218981 14.420129 12.648 63050396555055326 1061582129 bright_1x1 manual_mwm_halo_distant_kgiant_near_boss_single mwm_halo science 0 0 0.0 0.0 -999 ""
FIBERMAP 142 R0C2 METROLOGY 0 0 0 1 0 0 -260.3545641027118 -9.631139132954726 143.1 -158.0489412554371 207.04931859171919 314.6398 118.40827 -999.0 -999.0 -999.0 -999.0 -999.0 37.65859286730124 26.93597986318654 37.706070391130595 27.055240632186003 73.92355465140507 253.7386446193003 -999.0 6231.0 -999.0 -1 -999 {-999.0 -999.0 -999.0 -999.0 -999.0} "" -999.0 -999.0 -999.0 -999.0 -999 -999 "" "" "" "" 0 0 0.0 0.0 -999 ""
FIBERMAP 144 R-4C4 APOGEE 0 0 0 1 0 0 -170.10207128573933 -94.00989871794687 143.1 -174.89077931097873 84.67587459218765 340.07742 70.283226 -999.0 -999.0 -999.0 -999.0 -999.0 37.57566172876601 26.38290546306131 37.62194893976999 26.502335419449846 73.61526195067346 252.07456782933977 -999.0 16600.0 -999.0 2 -999 {-999.0 -999.0 -999.0 -999.0 -999.0} "" -999.0 -999.0 -999.0 -999.0 -999 -999 "" "" "" "" 0 0 0.0 0.0 -999 ""
FIBERMAP 144 R-4C4 BOSS 1 1 0 1 0 0 -170.58001629673922 -94.59258171661834 143.1 -175.6422971139917 84.73004583514086 340.07742 70.283226 37.571742128959706 26.383107722036517 2.679913 1.6877666 2.2413578 37.571764646977265 26.383106386154527 37.618108681023784 26.502569294903044 73.612294226057 252.08076676862794 5400.0 5400.0 2016.0 1 455 {-999.0 20.937922 19.089005 17.850288 -999.0} sdss_psfmag_gaia 19.383982 18.550386 16.788454 14.63 63050396555053447 1094560619 bright_1x1 mwm_bin_vis_boss mwm_filler science 0 0 0.0 0.0 -999 ""
FIBERMAP 144 R-4C4 METROLOGY 0 0 0 1 0 0 -170.83862939502572 -93.89096961235771 143.1 -175.21854175891747 85.34595003409008 340.07742 70.283226 -999.0 -999.0 -999.0 -999.0 -999.0 37.57390804717995 26.385923672495224 37.62024245767566 26.505375318323676 73.6152583753614 252.08662773332935 -999.0 6231.0 -999.0 -1 -999 {-999.0 -999.0 -999.0 -999.0 -999.0} "" -999.0 -999.0 -999.0 -999.0 -999 -999 "" "" "" "" 0 0 0.0 0.0 -999 ""
FIBERMAP 146 R-8C5 APOGEE 1 1 0 1 0 0 -131.77866044114236 -155.50379851284634 143.1 -202.99990912111508 17.908622105034766 227.8354 60.287243 37.43690553514969 26.078685428672358 -2.1459477 -5.6145983 0.572503 37.436898955290935 26.07866193475149 37.482476639442325 26.1983391920098 73.36584695033014 251.3212342456253 16000.0 16600.0 2016.0 2 265 {-999.0 13.421635 12.326337 11.926087 -999.0} sdss_psfmag_from_g3xp 13.032713 12.350618 11.5585575 9.891 63050396554128889 1109085068 bright_1x1 mwm_tess_rgb_apogee mwm_tessrgb science 0 0 0.0 0.0 -999 ""
FIBERMAP 146 R-8C5 BOSS 0 0 0 1 0 0 -132.01993322424343 -154.7953302053535 143.1 -202.56055233443044 18.51432120406918 227.8354 60.287243 -999.0 -999.0 -999.0 -999.0 -999.0 37.43895826632429 26.0814062395232 37.48460344722537 26.201108100960337 73.36881540931665 251.3267545435981 -999.0 5400.0 -999.0 1 480 {-999.0 -999.0 -999.0 -999.0 -999.0} "" -999.0 -999.0 -999.0 -999.0 -999 -999 "" "" "" "" 0 0 0.0 0.0 -999 ""
FIBERMAP 146 R-8C5 METROLOGY 0 0 0 1 0 0 -131.28474813485508 -154.94345415143707 143.1 -202.25742235138003 17.82852607577088 227.8354 60.287243 -999.0 -999.0 -999.0 -999.0 -999.0 37.44053487722489 26.0783160144955 37.486158482766655 26.198007807654115 73.36862729243198 251.31489412911475 -999.0 6231.0 -999.0 -1 -999 {-999.0 -999.0 -999.0 -999.0 -999.0} "" -999.0 -999.0 -999.0 -999.0 -999 -999 "" "" "" "" 0 0 0.0 0.0 -999 ""
FIBERMAP 147 R-3C3 APOGEE 1 1 0 1 0 0 -205.1341778841182 -77.19147584663162 143.1 -181.36497855894095 122.9846389364196 347.5194 50.70131 37.54198409291905 26.556062368960585 45.017963 -42.73744 21.879333 37.54212346671731 26.555943544078286 37.58871275340101 26.675407419183554 73.665416705629 252.6720542886248 16000.0 16600.0 2016.0 2 278 {-999.0 15.066214 13.616841 12.546938 -999.0} sdss_psfmag_from_g3xp 14.476296 13.228117 12.122763 10.103 63050396555054017 984832075 bright_1x1 mwm_snc_100pc_apogee mwm_snc science 0 0 0.0 0.0 -999 ""
FIBERMAP 147 R-3C3 BOSS 0 0 0 1 0 0 -205.7221563718507 -77.65915082248382 143.1 -182.08605328924662 123.19500506419652 347.5194 50.70131 -999.0 -999.0 -999.0 -999.0 -999.0 37.53839098477297 26.55684654437688 37.58503875615861 26.676342425261375 73.66287817019797 252.68016775388787 -999.0 5400.0 -999.0 1 442 {-999.0 -999.0 -999.0 -999.0 -999.0} "" -999.0 -999.0 -999.0 -999.0 -999 -999 "" "" "" "" 0 0 0.0 0.0 -999 ""
FIBERMAP 147 R-3C3 METROLOGY 0 0 0 1 0 0 -205.8205667625384 -76.89465185307137 143.1 -181.51853255514024 123.7163640284902 347.5194 50.70131 -999.0 -999.0 -999.0 -999.0 -999.0 37.54126161577944 26.55924064024035 37.58789960008028 26.678724350776065 73.66622084222689 252.68378448090527 -999.0 6231.0 -999.0 -1 -999 {-999.0 -999.0 -999.0 -999.0 -999.0} "" -999.0 -999.0 -999.0 -999.0 -999 -999 "" "" "" "" 0 0 0.0 0.0 -999 ""
FIBERMAP 148 R-10C10 APOGEE 0 0 0 1 0 0 39.592100773321704 -185.62160244934714 143.1 -128.73971428978078 -139.4056802991461 71.93226 63.469982 -999.0 -999.0 -999.0 -999.0 -999.0 37.81697128210864 25.367264055809606 37.861534803667666 25.48642506162273 73.32405558148781 248.57046448517272 -999.0 16600.0 -999.0 2 -999 {-999.0 -999.0 -999.0 -999.0 -999.0} "" -999.0 -999.0 -999.0 -999.0 -999 -999 "" "" "" "" 0 0 0.0 0.0 -999 ""
FIBERMAP 148 R-10C10 BOSS 1 1 0 1 0 0 40.12328705532854 -186.15438197522698 143.1 -128.86836889516763 -140.14677699542668 71.93226 63.469982 37.815911415771104 25.363971520067544 120.814064 -39.34495 16.071287 37.81626737099968 25.363841667370156 37.860882576067354 25.48303463269564 73.32185613644229 248.5612423959816 5400.0 5400.0 2016.0 1 370 {-999.0 19.88942 18.322977 16.307558 -999.0} sdss_psfmag 19.287045 16.997915 15.63086 12.864 63050396554105418 1157675314 bright_1x1 mwm_snc_100pc_bright_boss_single mwm_snc science 0 0 0.0 0.0 -999 ""
FIBERMAP 148 R-10C10 METROLOGY 0 0 0 1 0 0 39.40767098448996 -186.3445461771042 143.1 -129.4364559839949 -139.67210164150276 71.93226 63.469982 -999.0 -999.0 -999.0 -999.0 -999.0 37.813422431690974 25.36599669999386 37.85802258580293 25.485185234887634 73.3206888500904 248.57222077414306 -999.0 6231.0 -999.0 -1 -999 {-999.0 -999.0 -999.0 -999.0 -999.0} "" -999.0 -999.0 -999.0 -999.0 -999 -999 "" "" "" "" 0 0 0.0 0.0 -999 ""
FIBERMAP 153 R-7C3 APOGEE 1 1 0 1 0 0 -156.5115472371927 -120.52103490148693 143.1 -188.700094557529 58.28507043612086 97.86565 63.19308 37.50703895466082 26.262543328535614 -1.6038891 -9.535615 5.5087824 37.507033699472835 26.262530978034544 37.55302678958702 26.382080150017508 73.50600158835141 251.79339029376695 16000.0 16600.0 2016.0 2 300 {-999.0 10.752837 10.113485 9.8878145 -999.0} sdss_psfmag_gaia 10.593752 10.155924 9.550579 8.413 63050396554130669 1093885209 bright_1x1 mwm_bin_vis_apogee mwm_filler science 0 0 0.0 0.0 -999 ""
FIBERMAP 153 R-7C3 BOSS 0 0 0 1 0 0 -155.8131172318382 -120.7453405285354 143.1 -188.48037635402113 57.58534442677974 97.86565 63.19308 -999.0 -999.0 -999.0 -999.0 -999.0 37.508047360248696 26.25935560445397 37.55409550804177 26.378930938342265 73.50542923938826 251.7819737179331 -999.0 5400.0 -999.0 1 446 {-999.0 -999.0 -999.0 -999.0 -999.0} "" -999.0 -999.0 -999.0 -999.0 -999 -999 "" "" "" "" 0 0 0.0 0.0 -999 ""
FIBERMAP 153 R-7C3 METROLOGY 0 0 0 1 0 0 -156.34757557602305 -121.25186165810088 143.1 -189.20229995613744 57.72959791629541 97.86565 63.19308 -999.0 -999.0 -999.0 -999.0 -999.0 37.50444360451638 26.259977779066315 37.55047258543652 26.379550873476884 73.50281617670814 251.7890966653019 -999.0 6231.0 -999.0 -1 -999 {-999.0 -999.0 -999.0 -999.0 -999.0} "" -999.0 -999.0 -999.0 -999.0 -999 -999 "" "" "" "" 0 0 0.0 0.0 -999 ""
FIBERMAP 155 R-11C15 APOGEE 0 0 0 1 0 0 128.27930933886975 -208.48597218382525 143.1 -96.25195667032938 -225.01666131218843 197.7437 77.75444 -999.0 -999.0 -999.0 -999.0 -999.0 37.983706760764356 24.982062483798096 38.02768431067187 25.1010032746143 73.25774435821918 247.15027441632395 -999.0 16600.0 -999.0 2 -999 {-999.0 -999.0 -999.0 -999.0 -999.0} "" -999.0 -999.0 -999.0 -999.0 -999 -999 "" "" "" "" 0 0 0.0 0.0 -999 ""
FIBERMAP 155 R-11C15 BOSS 1 1 0 1 0 0 128.18849666903594 -207.74882339163472 143.1 -95.70238732790787 -224.51728343798047 197.7437 77.75444 37.9862835187397 24.984337736808993 30.331852 -25.910059 1.0768456 37.986352920365924 24.984244567614283 38.030394936365894 25.10321277262572 73.26098810167743 247.15242899126815 5400.0 5400.0 2016.0 1 267 {-999.0 18.718086 17.510872 16.975954 -999.0} sdss_psfmag 18.25321 17.471663 16.605972 14.753 63050396554103500 1072655754 bright_1x1 mwm_halo_local_high_boss_single mwm_halo science 0 0 0.0 0.0 -999 ""
FIBERMAP 155 R-11C15 METROLOGY 0 0 0 1 0 0 128.87822020171564 -208.04103650434226 143.1 -95.54314451814663 -225.24907183913928 197.7437 77.75444 -999.0 -999.0 -999.0 -999.0 -999.0 37.98720254312171 24.980982816796484 38.031222652032284 25.099941032789193 73.25993638510647 247.14136219631925 -999.0 6231.0 -999.0 -1 -999 {-999.0 -999.0 -999.0 -999.0 -999.0} "" -999.0 -999.0 -999.0 -999.0 -999 -999 "" "" "" "" 0 0 0.0 0.0 -999 ""
FIBERMAP 159 R-8C14 APOGEE 0 0 0 1 0 0 69.48395305315137 -150.64557572021576 143.1 -82.9354050383728 -143.6395654672828 222.56604 47.10703 -999.0 -999.0 -999.0 -999.0 -999.0 38.04686524200941 25.34868791986566 38.091594036889376 25.46749078938442 73.4943993753398 248.1490891579186 -999.0 16600.0 -999.0 2 -999 {-999.0 -999.0 -999.0 -999.0 -999.0} "" -999.0 -999.0 -999.0 -999.0 -999 -999 "" "" "" "" 0 0 0.0 0.0 -999 ""
FIBERMAP 159 R-8C14 BOSS 1 1 0 1 0 0 69.47754340887641 -149.90066936786698 143.1 -82.3308134432421 -143.20463601858404 222.56604 47.10703 38.049762725984976 25.350571877672408 -999.0 -999.0 -999.0 38.04979636557639 25.35058312572345 38.09458929128516 25.46941161814055 73.49770262435429 248.15014946866148 5400.0 5400.0 2016.0 1 327 {-999.0 18.412493 17.574179 17.163605 -999.0} sdss_psfmag 17.912506 20.32909 16.409325 14.135 63050396554104542 1118004899 bright_1x1 openfibertargets_bhm_lofarradio_boss open_fiber science 0 0 0.0 0.0 -999 ""
FIBERMAP 159 R-8C14 METROLOGY 0 0 0 1 0 0 70.1241105156285 -150.26235202086167 143.1 -82.2531938737287 -143.9412561150571 222.56604 47.10703 -999.0 -999.0 -999.0 -999.0 -999.0 38.050235185480105 25.347268612744315 38.095005741703744 25.466088152391922 73.49635684719989 248.1393703466137 -999.0 6231.0 -999.0 -1 -999 {-999.0 -999.0 -999.0 -999.0 -999.0} "" -999.0 -999.0 -999.0 -999.0 -999 -999 "" "" "" "" 0 0 0.0 0.0 -999 ""
FIBERMAP 160 R+8C5 APOGEE 1 1 0 1 0 0 -105.66593757029001 137.7955511510565 143.1 51.57071275088647 165.77322844511875 329.8305 71.54549 38.72345343882376 26.755938966949348 10.065401 -14.602047 1.342201 38.72349193015172 26.755898870537724 38.77156774450907 26.873483516775497 74.69990690859792 251.6064742435368 16000.0 16600.0 2016.0 2 92 {-999.0 13.626612 12.671865 12.305089 -999.0} sdss_psfmag_from_g3xp 13.314957 12.695672 11.943785 10.408 63050396555055846 1104445921 bright_1x1 mwm_tess_rgb_apogee mwm_tessrgb science 0 0 0.0 0.0 -999 ""
FIBERMAP 160 R+8C5 BOSS 0 0 0 1 0 0 -106.20892836627543 137.28438938028722 143.1 50.84007771054919 165.92177258718982 329.8305 71.54549 -999.0 -999.0 -999.0 -999.0 -999.0 38.719738181060215 26.756604932725466 38.76786799738528 26.874220471342852 74.69728412496858 251.6145619831975 -999.0 5400.0 -999.0 1 68 {-999.0 -999.0 -999.0 -999.0 -999.0} "" -999.0 -999.0 -999.0 -999.0 -999 -999 "" "" "" "" 0 0 0.0 0.0 -999 ""
FIBERMAP 160 R+8C5 METROLOGY 0 0 0 1 0 0 -106.3797686675323 138.01524325844872 143.1 51.33834311732401 166.48286966902808 329.8305 71.54549 -999.0 -999.0 -999.0 -999.0 -999.0 38.7222800522883 26.759132129241788 38.77040134396975 26.876736265679675 74.70042991433488 251.61926388905465 -999.0 6231.0 -999.0 -1 -999 {-999.0 -999.0 -999.0 -999.0 -999.0} "" -999.0 -999.0 -999.0 -999.0 -999 -999 "" "" "" "" 0 0 0.0 0.0 -999 ""
FIBERMAP 162 R-9C14 APOGEE 0 0 0 1 0 0 85.83073514186236 -169.03138230274703 143.1 -88.51966009031311 -167.59407013005372 179.4956 95.04995 -999.0 -999.0 -999.0 -999.0 -999.0 38.01977196312065 25.24035843252589 38.064270807379614 25.359215290276328 73.4184349015975 247.864599948388 -999.0 16600.0 -999.0 2 192 {-999.0 -999.0 -999.0 -999.0 -999.0} "" -999.0 -999.0 -999.0 -999.0 -999 -999 "" ops_sky_apogee_best_unassigned ops_sky sky_apogee 0 0 0.0 0.0 -999 ""
FIBERMAP 162 R-9C14 BOSS 1 1 0 1 0 0 85.74727666276716 -168.30352079087285 143.1 -87.97343249492474 -167.1060549918206 179.4956 95.04995 38.02238759516699 25.24246860979789 -0.7264644 -0.5468092 -0.41338733 38.022404630865246 25.24248853805743 38.066967834757634 25.361371872928338 73.42162891649244 247.8667847476372 5400.0 5400.0 2016.0 1 328 {-999.0 20.025309 19.735956 19.36585 -999.0} sdss_psfmag 19.814013 19.537785 19.01145 -999.0 63050396554104484 1117205889 bright_1x1 openfibertargets_bhm_quaia_boss open_fiber science 0 0 0.0 0.0 -999 ""
FIBERMAP 162 R-9C14 METROLOGY 0 0 0 1 0 0 86.43352462685671 -168.59685714342424 143.1 -87.81711178408949 -167.83565318600728 179.4956 95.04995 -999.0 -999.0 -999.0 -999.0 -999.0 38.02323927221135 25.23921451811795 38.06778052201304 25.358088159467897 73.4205970670526 247.85556036274585 -999.0 6231.0 -999.0 -1 -999 {-999.0 -999.0 -999.0 -999.0 -999.0} "" -999.0 -999.0 -999.0 -999.0 -999 -999 "" "" "" "" 0 0 0.0 0.0 -999 ""
FIBERMAP 167 R-6C5 APOGEE 1 1 0 1 0 0 -117.21801419279548 -113.92983658096826 143.1 -160.65146610850783 30.00015215861014 41.48633 79.18658 37.649026329633195 26.13547064556988 31.3451 -22.379406 1.3972182 37.649124114262186 26.13541148026479 37.69500339334013 26.25475321511753 73.56105622970068 251.18872182214693 16000.0 16600.0 2016.0 2 251 {-999.0 12.459817 11.543418 11.183058 -999.0} sdss_psfmag_from_g3xp 12.169055 11.565321 10.82131 9.248 63050396554129015 1108570157 bright_1x1 mwm_tess_rgb_apogee mwm_tessrgb science 0 0 0.0 0.0 -999 ""
FIBERMAP 167 R-6C5 BOSS 0 0 0 1 0 0 -116.81462581113263 -114.54918817183675 143.1 -160.92453483327895 29.3134763152741 41.48633 79.18658 -999.0 -999.0 -999.0 -999.0 -999.0 37.64765129501571 26.13226252954436 37.69358286067637 26.25163467725265 73.55848848389203 251.18101690820365 -999.0 5400.0 -999.0 1 457 {-999.0 -999.0 -999.0 -999.0 -999.0} "" -999.0 -999.0 -999.0 -999.0 -999 -999 "" "" "" "" 0 0 0.0 0.0 -999 ""
FIBERMAP 167 R-6C5 METROLOGY 0 0 0 1 0 0 -117.55748309791043 -114.58856351417424 143.1 -161.38520200908184 29.89737855665904 41.48633 79.18658 -999.0 -999.0 -999.0 -999.0 -999.0 37.64533953346298 26.134902863791783 37.69125715612421 26.25427045048582 73.5578518867737 251.19267737872232 -999.0 6231.0 -999.0 -1 -999 {-999.0 -999.0 -999.0 -999.0 -999.0} "" -999.0 -999.0 -999.0 -999.0 -999 -999 "" "" "" "" 0 0 0.0 0.0 -999 ""
FIBERMAP 170 R-2C20 APOGEE 0 0 0 1 0 0 147.29830258656295 -29.93235057709152 143.1 60.525563370663406 -137.5498053725532 133.2081 119.94624 -999.0 -999.0 -999.0 -999.0 -999.0 38.76836227185833 25.377479428090908 38.81377232106115 25.495137384480717 74.06990263706902 247.0478165892506 -999.0 16600.0 -999.0 2 -999 {-999.0 -999.0 -999.0 -999.0 -999.0} "" -999.0 -999.0 -999.0 -999.0 -999 -999 "" "" "" "" 0 0 0.0 0.0 -999 ""
FIBERMAP 170 R-2C20 BOSS 1 1 0 1 0 0 147.50713139464975 -29.20753355466684 143.1 61.23790924045483 -137.30222761788298 133.2081 119.94624 38.77192775545967 25.37855547479928 13.693024 -10.759961 1.1121289 38.77191727155224 25.378521766052533 38.81738782732987 25.49620390717976 74.07325023345987 247.04503918169354 5400.0 5400.0 2016.0 1 298 {-999.0 19.992496 18.441458 17.504522 -999.0} sdss_psfmag 19.338932 18.12607 17.023771 14.892 63050396555022558 1094542711 bright_1x1 mwm_bin_vis_boss mwm_filler science 0 0 0.0 0.0 -999 ""
FIBERMAP 170 R-2C20 METROLOGY 0 0 0 1 0 0 148.02197889839724 -29.750816623788843 143.1 61.09125252461054 -138.03604101627553 133.2081 119.94624 -999.0 -999.0 -999.0 -999.0 -999.0 38.7711823453387 25.375215737225997 38.81663015013112 25.49289091660902 74.07096073420159 247.0359644870524 -999.0 6231.0 -999.0 -1 -999 {-999.0 -999.0 -999.0 -999.0 -999.0} "" -999.0 -999.0 -999.0 -999.0 -999 -999 "" "" "" "" 0 0 0.0 0.0 -999 ""
FIBERMAP 171 R-12C7 APOGEE 0 0 0 1 0 0 -10.064623227424313 -242.0250441912317 143.1 -203.4428689309047 -131.39213499951325 340.2192 99.957596 -999.0 -999.0 -999.0 -999.0 -999.0 37.44368315421668 25.402343596843142 37.48798553622862 25.522081727240938 73.04860510560988 249.25380014587688 -999.0 16600.0 -999.0 2 -999 {-999.0 -999.0 -999.0 -999.0 -999.0} "" -999.0 -999.0 -999.0 -999.0 -999 -999 "" "" "" "" 0 0 0.0 0.0 -999 ""
FIBERMAP 171 R-12C7 BOSS 1 1 0 1 0 0 -10.183557533023528 -242.75520846564433 143.1 -204.10772618025777 -131.71620495081476 340.2192 99.957596 37.440281192349374 25.40086860109469 25.453522 -8.879938 0.6254974 37.44031943809947 25.40082517801079 37.484676147148434 25.520599241161285 73.04527542874784 249.25439464673167 5400.0 5400.0 2016.0 1 404 {-999.0 16.810879 16.316187 16.197542 -999.0} sdss_psfmag_ps1 16.722857 16.315079 15.733244 14.565 63050396554105737 1073247935 bright_1x1 mwm_halo_local_high_boss_single mwm_halo science 0 0 0.0 0.0 -999 ""
FIBERMAP 171 R-12C7 METROLOGY 0 0 0 1 0 0 -10.759770893341607 -242.29602703770274 143.1 -204.06514526271474 -130.98079391599674 340.2192 99.957596 -999.0 -999.0 -999.0 -999.0 -999.0 37.44049738152767 25.40415579608956 37.48484347478768 25.523920561975455 73.04703623967195 249.26406606714926 -999.0 6231.0 -999.0 -1 -999 {-999.0 -999.0 -999.0 -999.0 -999.0} "" -999.0 -999.0 -999.0 -999.0 -999 -999 "" "" "" "" 0 0 0.0 0.0 -999 ""
FIBERMAP 177 R-4C3 APOGEE 0 0 0 1 0 0 -190.46419546435962 -77.48250458383514 143.1 -173.14032912185937 110.83728364998004 346.86197 131.92635 -999.0 -999.0 -999.0 -999.0 -999.0 37.58380877628476 26.501489274623644 37.63033180346196 26.62089411276318 73.6747681827268 252.43970315558755 -999.0 16600.0 -999.0 2 286 {-999.0 -999.0 -999.0 -999.0 -999.0} "" -999.0 -999.0 -999.0 -999.0 -999 -999 "" ops_sky_apogee_best_unassigned ops_sky sky_apogee 0 0 0.0 0.0 -999 ""
FIBERMAP 177 R-4C3 BOSS 1 1 0 1 0 0 -190.1055146173663 -78.12563619308901 143.1 -173.45860586811173 110.17339850603373 346.86197 131.92635 37.58208471236649 26.498462423764824 -0.9528207 -1.1225066 0.275123 37.58211539706713 26.498465546292287 37.628691062786004 26.617899827906175 73.67212763857975 252.4324608683553 5400.0 5400.0 2016.0 1 443 {-999.0 17.237501 16.854183 16.706764 -999.0} sdss_psfmag 17.167439 16.85357 16.360065 15.579 63050396555053647 980355485 "" ops_std_boss_tic ops_std standard_boss 0 0 0.0 0.0 -999 ""
FIBERMAP 177 R-4C3 METROLOGY 0 0 0 1 0 0 -190.85563926365612 -78.12573937018492 143.1 -173.891395614599 110.78588920177283 346.86197 131.92635 -999.0 -999.0 -999.0 -999.0 -999.0 37.579947285996795 26.501215249958015 37.62650923430709 26.620645097630742 73.67159341604757 252.44428789462813 -999.0 6231.0 -999.0 -1 -999 {-999.0 -999.0 -999.0 -999.0 -999.0} "" -999.0 -999.0 -999.0 -999.0 -999 -999 "" "" "" "" 0 0 0.0 0.0 -999 ""
FIBERMAP 179 R-4C8 APOGEE 0 0 0 1 0 0 -80.46404273002122 -60.140159695645735 143.1 -95.5255919149962 31.01523088668307 112.68943 56.730225 -999.0 -999.0 -999.0 -999.0 -999.0 37.9779860497326 26.14223789919964 38.024177121808975 26.26106518767585 73.82562547644281 250.72175144393225 -999.0 16600.0 -999.0 2 -999 {-999.0 -999.0 -999.0 -999.0 -999.0} "" -999.0 -999.0 -999.0 -999.0 -999 -999 "" "" "" "" 0 0 0.0 0.0 -999 ""
FIBERMAP 179 R-4C8 BOSS 1 1 0 1 0 0 -79.73186086302489 -60.27298707206144 143.1 -95.21170317841975 30.34071192997296 112.68943 56.730225 37.97948857696084 26.139134972895192 -999.0 -999.0 -999.0 37.979481554643804 26.139163761915817 38.02572652445525 26.25801662183483 73.8254360743002 250.70974362457594 5400.0 5400.0 2016.0 1 461 {-999.0 22.18617 21.103477 20.50663 -999.0} sdss_psfmag -999.0 -999.0 -999.0 -999.0 63050396665561590 1118009750 bright_1x1 openfibertargets_bhm_lofarradio_boss open_fiber science 0 0 0.0 0.0 -999 ""
FIBERMAP 179 R-4C8 METROLOGY 0 0 0 1 0 0 -80.21018567784387 -60.84174260419728 143.1 -95.95206692932345 30.403227306404254 112.68943 56.730225 -999.0 -999.0 -999.0 -999.0 -999.0 37.975758632388825 26.139433120807468 38.02198418519254 26.258283970243518 73.82259029411867 250.71620163735287 -999.0 6231.0 -999.0 -1 -999 {-999.0 -999.0 -999.0 -999.0 -999.0} "" -999.0 -999.0 -999.0 -999.0 -999 -999 "" "" "" "" 0 0 0.0 0.0 -999 ""
FIBERMAP 187 R-7C8 APOGEE 1 1 0 1 0 0 -52.50895287436422 -156.89832722673535 143.1 -158.41236071703673 -47.627281459891584 343.85794 37.008053 37.66362225933249 25.782777033251367 -4.047514 -11.373221 2.8513455 37.6635971060863 25.782759265419024 37.70881531920173 25.902115619510674 73.40662776859425 250.0726754756745 16000.0 16600.0 2016.0 2 288 {-999.0 10.931679 10.580684 10.474164 -999.0} sdss_psfmag_gaia 10.884193 10.598787 10.148356 9.436 63050396554128204 975435206 "" ops_std_apogee ops_std standard_apogee 0 0 0.0 0.0 -999 ""
FIBERMAP 187 R-7C8 BOSS 0 0 0 1 0 0 -53.19850875874923 -157.17185553503106 143.1 -159.0334900776037 -47.22197494983228 343.85794 37.008053 -999.0 -999.0 -999.0 -999.0 -999.0 37.66033935126985 25.78453636684831 37.7056175319961 25.90392665248658 73.4049637495539 250.08305391276 -999.0 5400.0 -999.0 1 400 {-999.0 -999.0 -999.0 -999.0 -999.0} "" -999.0 -999.0 -999.0 -999.0 -999 -999 "" "" "" "" 0 0 0.0 0.0 -999 ""
FIBERMAP 187 R-7C8 METROLOGY 0 0 0 1 0 0 -53.095212268697274 -156.4339977702029 143.1 -158.3713709325014 -46.88069724130749 343.85794 37.008053 -999.0 -999.0 -999.0 -999.0 -999.0 37.663676342060185 25.786116955409458 37.70894365149911 25.90549364175772 73.40834080854339 250.08287894609353 -999.0 6231.0 -999.0 -1 -999 {-999.0 -999.0 -999.0 -999.0 -999.0} "" -999.0 -999.0 -999.0 -999.0 -999 -999 "" "" "" "" 0 0 0.0 0.0 -999 ""
FIBERMAP 188 R-1C2 APOGEE 0 0 0 1 0 0 -250.386725406923 -33.3360948967431 143.1 -171.6564626196473 185.23552224507603 317.8298 96.99834 -999.0 -999.0 -999.0 -999.0 -999.0 37.59013645559914 26.837162973493996 37.63731443497613 26.95652275814211 73.82619536146682 253.51038424280534 -999.0 16600.0 -999.0 2 -999 {-999.0 -999.0 -999.0 -999.0 -999.0} "" -999.0 -999.0 -999.0 -999.0 -999 -999 "" "" "" "" 0 0 0.0 0.0 -999 ""
FIBERMAP 188 R-1C2 BOSS 1 1 0 1 0 0 -250.81898036173195 -33.95501557452474 143.1 -172.41121596465925 185.23147956765973 317.8298 96.99834 37.58611912182739 26.837277218924235 45.276165 -68.28233 13.311594 37.58625816533794 26.83708046268152 37.63349248519256 26.956471548725233 73.823091864421 253.5154309042509 5400.0 5400.0 2016.0 1 434 {-999.0 17.331852 15.8683405 14.457585 -999.0} sdss_psfmag 16.705914 15.173825 13.966708 11.727 63050396555054474 1151030402 bright_1x1 mwm_snc_100pc_boss_single mwm_snc science 0 0 0.0 0.0 -999 ""
FIBERMAP 188 R-1C2 METROLOGY 0 0 0 1 0 0 -251.13003351097453 -33.271635274008204 143.1 -172.03259843234173 185.8796892812772 317.8298 96.99834 -999.0 -999.0 -999.0 -999.0 -999.0 37.58818245570465 26.840022282149217 37.63540724316914 26.95940290088599 73.82588513167373 253.52233877040308 -999.0 6231.0 -999.0 -1 -999 {-999.0 -999.0 -999.0 -999.0 -999.0} "" -999.0 -999.0 -999.0 -999.0 -999 -999 "" "" "" "" 0 0 0.0 0.0 -999 ""
FIBERMAP 189 R-5C5 APOGEE 1 1 0 1 0 0 -130.6991264161974 -110.269219113098 143.1 -165.4387228792914 43.12040823189683 10.060019 55.261055 37.62453827950363 26.19479800334562 4.1769543 2.3502269 1.0316384 37.62455798158727 26.194807593163503 37.67052878541244 26.31418130489459 73.56885106822483 251.41092944866074 16000.0 16600.0 2016.0 2 263 {-999.0 12.559544 11.763502 11.467444 -999.0} sdss_psfmag_from_g3xp 12.325673 11.797583 11.112691 9.703 63050396554129134 1105785798 bright_1x1 mwm_tess_rgb_apogee mwm_tessrgb science 0 0 0.0 0.0 -999 ""
FIBERMAP 189 R-5C5 BOSS 0 0 0 1 0 0 -131.01324737046744 -110.94228825913478 143.1 -166.16954876746075 42.988662315733954 10.060019 55.261055 -999.0 -999.0 -999.0 -999.0 -999.0 37.62076204581287 26.19416346626146 37.666787931893055 26.313570728860793 73.56559012894981 251.41443453726464 -999.0 5400.0 -999.0 1 458 {-999.0 -999.0 -999.0 -999.0 -999.0} "" -999.0 -999.0 -999.0 -999.0 -999 -999 "" "" "" "" 0 0 0.0 0.0 -999 ""
FIBERMAP 189 R-5C5 METROLOGY 0 0 0 1 0 0 -131.44629157597586 -110.32693074732391 143.1 -165.9168484066795 43.697251078938756 10.060019 55.261055 -999.0 -999.0 -999.0 -999.0 -999.0 37.622038754308086 26.197397762694944 37.6680550658034 26.31679487480491 73.56807522579187 251.42273166988107 -999.0 6231.0 -999.0 -1 -999 {-999.0 -999.0 -999.0 -999.0 -999.0} "" -999.0 -999.0 -999.0 -999.0 -999 -999 "" "" "" "" 0 0 0.0 0.0 -999 ""
FIBERMAP 192 R+4C10 APOGEE 0 0 0 1 0 0 -58.784635833795456 89.3600989971141 143.1 39.061658650737584 99.55031766053621 175.41379 74.80986 -999.0 -999.0 -999.0 -999.0 -999.0 38.66028469958936 26.45587820773947 38.70770846579251 26.57359491425665 74.51291170250633 250.69747042080616 -999.0 16600.0 -999.0 2 -999 {-999.0 -999.0 -999.0 -999.0 -999.0} "" -999.0 -999.0 -999.0 -999.0 -999 -999 "" "" "" "" 0 0 0.0 0.0 -999 ""
FIBERMAP 192 R+4C10 BOSS 1 1 0 1 0 0 -58.52492084013214 90.08256827142382 143.1 39.801440785254655 99.75498757652647 175.41379 74.80986 38.66398259811315 26.456843641025536 3.1862266 -5.7756557 2.53701 38.66400820151925 26.45682729682771 38.71149339328582 26.574564078410106 74.51636232523471 250.69484536813815 5400.0 5400.0 2016.0 1 74 {-999.0 20.646421 19.061625 17.638514 -999.0} sdss_psfmag 20.019596 18.376575 17.171453 14.795 63050396555026787 1095329264 bright_1x1 mwm_bin_vis_boss mwm_filler science 0 0 0.0 0.0 -999 ""
FIBERMAP 192 R+4C10 METROLOGY 0 0 0 1 0 0 -58.05275591298894 89.50506024032093 143.1 39.602214815400515 99.03628618974437 175.41379 74.80986 -999.0 -999.0 -999.0 -999.0 -999.0 38.66301105937699 26.4535613317973 38.71047298472695 26.571292655003106 74.51404384215627 250.6855493406551 -999.0 6231.0 -999.0 -1 -999 {-999.0 -999.0 -999.0 -999.0 -999.0} "" -999.0 -999.0 -999.0 -999.0 -999 -999 "" "" "" "" 0 0 0.0 0.0 -999 ""
FIBERMAP 194 R-10C1 APOGEE 0 0 0 1 0 0 -179.76734010796295 -205.31409871657814 143.1 -271.3569155305436 28.363265230414623 250.84169 132.38126 -999.0 -999.0 -999.0 -999.0 -999.0 37.095834532661556 26.12229454351101 37.14118375376205 26.242493554953857 73.11364952523624 251.94245086664102 -999.0 16600.0 -999.0 2 291 {-999.0 -999.0 -999.0 -999.0 -999.0} "" -999.0 -999.0 -999.0 -999.0 -999 -999 "" "" "" "" 0 0 0.0 0.0 -999 ""
FIBERMAP 194 R-10C1 BOSS 1 1 0 1 0 0 -180.44707893463192 -205.62078093574226 143.1 -271.99945538661797 28.741430491058413 250.84169 132.38126 37.092471674692625 26.123946286537198 31.870125 1.9195553 2.3099918 37.09257124443023 26.123935534961795 37.13798223142777 26.244167504204125 73.11184873146314 251.9520681703449 5400.0 5400.0 2016.0 1 420 {-999.0 15.554741 14.478126 14.019955 -999.0} sdss_psfmag_from_g3xp 15.166826 14.514549 13.648879 11.987 63050396554130842 1095918374 bright_1x1 mwm_bin_vis_boss mwm_filler science 0 0 0.0 0.0 -999 ""
FIBERMAP 194 R-10C1 METROLOGY 0 0 0 1 0 0 -180.37668822624727 -204.87728436764323 143.1 -271.3517131352288 29.112831706154097 250.84169 132.38126 -999.0 -999.0 -999.0 -999.0 -999.0 37.095778524969866 26.125662495229033 37.141178239176725 26.24588137902189 73.1151807167283 251.9528551974029 -999.0 6231.0 -999.0 -1 -999 {-999.0 -999.0 -999.0 -999.0 -999.0} "" -999.0 -999.0 -999.0 -999.0 -999 -999 "" "" "" "" 0 0 0.0 0.0 -999 ""
FIBERMAP 199 R+10C9 APOGEE 0 0 0 1 0 0 9.802159026831541 186.54942087508746 143.1 157.99019017500436 99.60563856465082 318.9324 122.17202 -999.0 -999.0 -999.0 -999.0 -999.0 39.263001902571446 26.453975667529786 39.310969181446126 26.570727446197854 74.98890671088868 249.73145092623423 -999.0 16600.0 -999.0 2 -999 {-999.0 -999.0 -999.0 -999.0 -999.0} "" -999.0 -999.0 -999.0 -999.0 -999 -999 "" "" "" "" 0 0 0.0 0.0 -999 ""
FIBERMAP 199 R+10C9 BOSS 1 1 0 1 0 0 9.69574210090439 185.8067500126227 143.1 157.32234065729682 99.2641325872331 318.9324 122.17202 39.25964355468751 26.45244779126832 -999.0 -999.0 -999.0 39.25962682256859 26.452453601858334 39.30764204842177 26.569236809651873 74.98557964522071 249.73179013368423 5400.0 5400.0 2015.5 1 121 {-999.0 -999.0 -999.0 -999.0 -999.0} "" -999.0 -999.0 -999.0 -999.0 27021603081060067 803859840 "" ops_sky_boss_good ops_sky sky_boss 0 0 0.0 0.0 -999 ""
FIBERMAP 199 R+10C9 METROLOGY 0 0 0 1 0 0 9.110023327314657 186.270834884833 143.1 157.36344256904556 100.01013424886071 318.9324 122.17202 -999.0 -999.0 -999.0 -999.0 -999.0 39.25984408392617 26.455834586432097 39.3078509505292 26.572609760901454 74.98733394268332 249.74293439961065 -999.0 6231.0 -999.0 -1 -999 {-999.0 -999.0 -999.0 -999.0 -999.0} "" -999.0 -999.0 -999.0 -999.0 -999 -999 "" "" "" "" 0 0 0.0 0.0 -999 ""
FIBERMAP 200 R+7C19 APOGEE 0 0 0 1 0 0 200.8691075990934 128.21007820691216 143.1 220.56637868122468 -90.07197664304883 325.3352 118.244354 -999.0 -999.0 -999.0 -999.0 -999.0 39.57131754062934 25.59213862282283 39.6178419928097 25.70848240871313 74.80103090839326 246.33296434766936 -999.0 16600.0 -999.0 2 -999 {-999.0 -999.0 -999.0 -999.0 -999.0} "" -999.0 -999.0 -999.0 -999.0 -999 -999 "" "" "" "" 0 0 0.0 0.0 -999 ""
FIBERMAP 200 R+7C19 BOSS 1 1 0 1 0 0 200.77964525755735 127.46679689715378 143.1 219.90781083717002 -90.42767983186053 325.3352 118.244354 39.567983526024776 25.590518859933113 6.503147 -5.6112547 0.06414188 39.56800354774606 25.590496266915817 39.61457455602226 25.70687441821375 74.79767988948673 246.33354991182594 5400.0 5400.0 2016.0 1 238 {-999.0 16.746264 15.99059 15.6548395 -999.0} sdss_psfmag 16.519766 15.990955 15.297621 13.942 63050396555017362 1061677489 bright_1x1 manual_mwm_halo_distant_kgiant_near_boss_single mwm_halo science 0 0 0.0 0.0 -999 ""
FIBERMAP 200 R+7C19 METROLOGY 0 0 0 1 0 0 200.18502384106336 127.91226720558541 143.1 219.9285766920223 -89.68514600479882 325.3352 118.244354 -999.0 -999.0 -999.0 -999.0 -999.0 39.56815541281965 25.593864645278963 39.6147183001292 25.710234020368258 74.79953404304918 246.34424583441972 -999.0 6231.0 -999.0 -1 -999 {-999.0 -999.0 -999.0 -999.0 -999.0} "" -999.0 -999.0 -999.0 -999.0 -999 -999 "" "" "" "" 0 0 0.0 0.0 -999 ""
FIBERMAP 202 R-10C6 APOGEE 0 0 0 1 0 0 -57.751842637665156 -191.45754531235056 143.1 -189.65767935611598 -63.28125349254609 344.6936 144.35432 -999.0 -999.0 -999.0 -999.0 -999.0 37.50785263340315 25.710806885277865 37.55279488038997 25.83041291670355 73.24903941312007 250.08678832872738 -999.0 16600.0 -999.0 2 -999 {-999.0 -999.0 -999.0 -999.0 -999.0} "" -999.0 -999.0 -999.0 -999.0 -999 -999 "" "" "" "" 0 0 0.0 0.0 -999 ""
FIBERMAP 202 R-10C6 BOSS 1 1 0 1 0 0 -57.280427092303654 -192.03730044713532 143.1 -189.85917258309854 -64.00063916578311 344.6936 144.35432 37.50673948819751 25.707531589744693 12.324214 -10.823996 1.483947 37.50677493766677 25.707493463006085 37.55176995405316 25.827130924025752 73.24666014305684 250.07831722972216 5400.0 5400.0 2016.0 1 391 {-999.0 21.053984 19.6523 18.502712 -999.0} sdss_psfmag 20.36691 19.015743 17.830494 15.491 63050396554127510 1095529761 bright_1x1 mwm_bin_vis_boss mwm_filler science 0 0 0.0 0.0 -999 ""
FIBERMAP 202 R-10C6 METROLOGY 0 0 0 1 0 0 -58.01275492306088 -192.15653512618292 143.1 -190.37897886394626 -63.47140169822597 344.6936 144.35432 -999.0 -999.0 -999.0 -999.0 -999.0 37.504173022552195 25.70988941441317 37.54915325895405 25.829522320616995 73.24573461391299 250.08950987644062 -999.0 6231.0 -999.0 -1 -999 {-999.0 -999.0 -999.0 -999.0 -999.0} "" -999.0 -999.0 -999.0 -999.0 -999 -999 "" "" "" "" 0 0 0.0 0.0 -999 ""
FIBERMAP 204 R-3C18 APOGEE 1 1 0 1 0 0 100.93504332846578 -57.56654711820248 143.1 11.215131992236977 -115.63030733612457 256.15353 10.523081 38.52002204968061 25.476644668886248 21.682636 -10.43672 4.3515706 38.52015215044359 25.476587768064768 38.565538783410716 25.59463009425316 73.92787084185397 247.77234857631458 16000.0 16600.0 2016.0 2 224 {-999.0 11.5739765 11.205323 11.084692 -999.0} sdss_psfmag_from_g3xp 11.511352 11.216035 10.755443 9.993 63050396555023014 974541877 "" ops_std_apogee ops_std standard_apogee 0 0 0.0 0.0 -999 ""
FIBERMAP 204 R-3C18 BOSS 0 0 0 1 0 0 100.90090684303388 -56.83430074444395 143.1 11.793391391603985 -115.18003904975042 256.15353 10.523081 -999.0 -999.0 -999.0 -999.0 -999.0 38.52301412163718 25.478553072739974 38.56846337139001 25.596620373443415 73.93115250009711 247.77374199924077 -999.0 5400.0 -999.0 1 293 {-999.0 -999.0 -999.0 -999.0 -999.0} "" -999.0 -999.0 -999.0 -999.0 -999 -999 "" "" "" "" 0 0 0.0 0.0 -999 ""
FIBERMAP 204 R-3C18 METROLOGY 0 0 0 1 0 0 101.5692946178051 -57.175040731485 143.1 11.900699836821161 -115.92239719026846 256.15353 10.523081 -999.0 -999.0 -999.0 -999.0 -999.0 38.52357364603666 25.475202657292034 38.56900094341785 25.593261009263355 73.92987412222416 247.76238293844534 -999.0 6231.0 -999.0 -1 -999 {-999.0 -999.0 -999.0 -999.0 -999.0} "" -999.0 -999.0 -999.0 -999.0 -999 -999 "" "" "" "" 0 0 0.0 0.0 -999 ""
FIBERMAP 208 R-7C5 APOGEE 1 1 0 1 0 0 -106.24172512753435 -147.33080885110627 143.1 -181.59501487694075 1.7697607728098639 22.006132 47.670135 37.54499338773442 26.00635408867819 -3.3722563 -4.9247284 0.4366488 37.544943027043 26.00633116173897 37.59048083287934 26.125848456556174 73.41824314410587 250.93946309153702 16000.0 16600.0 2016.0 2 253 {-999.0 13.409865 12.543686 12.205925 -999.0} sdss_psfmag_from_g3xp 13.142249 12.566187 11.846692 10.363 63050396554128762 1104269794 bright_1x1 mwm_tess_rgb_apogee mwm_tessrgb science 0 0 0.0 0.0 -999 ""
FIBERMAP 208 R-7C5 BOSS 0 0 0 1 0 0 -106.46922002812634 -148.0395796904899 143.1 -182.30502490548193 1.5466818671792355 22.006132 47.670135 -999.0 -999.0 -999.0 -999.0 -999.0 37.54126856111854 26.005261329519556 37.586860996608266 26.124812749214442 73.4148843821772 250.94154761888933 -999.0 5400.0 -999.0 1 451 {-999.0 -999.0 -999.0 -999.0 -999.0} "" -999.0 -999.0 -999.0 -999.0 -999 -999 "" "" "" "" 0 0 0.0 0.0 -999 ""
FIBERMAP 208 R-7C5 METROLOGY 0 0 0 1 0 0 -106.97239339441869 -147.47821560737458 143.1 -182.13686910619123 2.281392128087476 22.006132 47.670135 -999.0 -999.0 -999.0 -999.0 -999.0 37.54210884343504 26.008612688486924 37.58769143062875 26.128154419598022 73.41709859411951 250.95069725750477 -999.0 6231.0 -999.0 -1 -999 {-999.0 -999.0 -999.0 -999.0 -999.0} "" -999.0 -999.0 -999.0 -999.0 -999 -999 "" "" "" "" 0 0 0.0 0.0 -999 ""
FIBERMAP 214 R-11C5 APOGEE 0 0 0 1 0 0 -83.25962615416009 -196.49708207135382 143.1 -208.486986469553 -45.3586814824667 139.13115 78.67512 -999.0 -999.0 -999.0 -999.0 -999.0 37.412740847691715 25.79145759089331 37.45775084981153 25.911202538845373 73.2122180578033 250.47405708310282 -999.0 16600.0 -999.0 2 153 {-999.0 -999.0 -999.0 -999.0 -999.0} "" -999.0 -999.0 -999.0 -999.0 -999 -999 "" ops_sky_apogee_best_unassigned ops_sky sky_apogee 0 0 0.0 0.0 -999 ""
FIBERMAP 214 R-11C5 BOSS 1 1 0 1 0 0 -82.69195612403283 -196.0257374908462 143.1 -207.7746299756965 -45.55034697403834 139.13115 78.67512 37.41626569119853 25.7905422041626 -2.0186408 1.4271848 0.7313194 37.41619918959566 25.790574292894938 37.4612709897346 25.910343132081486 73.21460129857951 250.4662498513724 5400.0 5400.0 2016.0 1 392 {-999.0 15.627875 15.177661 15.013909 -999.0} sdss_psfmag 15.530059 15.190758 14.679101 13.781 63050396554127897 982061357 "" ops_std_boss_tic ops_std standard_boss 0 0 0.0 0.0 -999 ""
FIBERMAP 214 R-11C5 METROLOGY 0 0 0 1 0 0 -82.5540977073915 -196.7504361536126 143.1 -208.28689447471595 -46.080960514155684 139.13115 78.67512 -999.0 -999.0 -999.0 -999.0 -999.0 37.41370069090906 25.78816138375312 37.45874857409444 25.907926091932847 73.2114589372465 250.4625929591632 -999.0 6231.0 -999.0 -1 -999 {-999.0 -999.0 -999.0 -999.0 -999.0} "" -999.0 -999.0 -999.0 -999.0 -999 -999 "" "" "" "" 0 0 0.0 0.0 -999 ""
FIBERMAP 215 R-10C15 APOGEE 1 1 0 1 0 0 114.177866899704 -185.79676979807581 143.1 -85.8583451577724 -200.41330485983417 227.53612 26.14622 38.0343492606815 25.09254780688217 21.766098 -9.799154 2.7128408 38.034459895583005 25.092516636571784 38.07869039136284 25.211366087660338 73.35420072459016 247.39661839017583 16000.0 16600.0 2016.0 2 237 {-999.0 11.567432 10.724333 10.412412 -999.0} sdss_psfmag_from_g3xp 11.309931 10.758552 10.058899 8.646 63050396554103572 1103502013 bright_1x1 mwm_tess_2min_apogee mwm_planet science 0 0 0.0 0.0 -999 ""
FIBERMAP 215 R-10C15 BOSS 0 0 0 1 0 0 114.35418352592977 -185.07623431340355 143.1 -85.16825006537091 -200.14164750838017 227.53612 26.14622 -999.0 -999.0 -999.0 -999.0 -999.0 38.03782242681575 25.093671623080773 38.08211592998646 25.212547042139963 73.35746647381727 247.39459864686992 -999.0 5400.0 -999.0 1 266 {-999.0 -999.0 -999.0 -999.0 -999.0} "" -999.0 -999.0 -999.0 -999.0 -999 -999 "" "" "" "" 0 0 0.0 0.0 -999 ""
FIBERMAP 215 R-10C15 METROLOGY 0 0 0 1 0 0 114.89340568374823 -185.59111923893855 143.1 -85.2776565245709 -200.87898387705903 227.53612 26.14622 -999.0 -999.0 -999.0 -999.0 -999.0 38.03732710547429 25.090373089814364 38.08159750511567 25.209240754894363 73.35536566291648 247.38553567763978 -999.0 6231.0 -999.0 -1 -999 {-999.0 -999.0 -999.0 -999.0 -999.0} "" -999.0 -999.0 -999.0 -999.0 -999 -999 "" "" "" "" 0 0 0.0 0.0 -999 ""
FIBERMAP 222 R-12C12 APOGEE 0 0 0 1 0 0 92.96387336219587 -241.5312747062722 143.1 -143.60820656971916 -215.24016087721517 255.18335 148.62096 -999.0 -999.0 -999.0 -999.0 -999.0 37.74733002399824 25.02574862505156 37.79118723842976 25.145054518971847 73.09680722963367 247.6614872810213 -999.0 16600.0 -999.0 2 -999 {-999.0 -999.0 -999.0 -999.0 -999.0} "" -999.0 -999.0 -999.0 -999.0 -999 -999 "" "" "" "" 0 0 0.0 0.0 -999 ""
FIBERMAP 222 R-12C12 BOSS 1 1 0 1 0 0 92.421308294843 -242.06160578497563 143.1 -144.3542496473687 -215.1030220996169 255.18335 148.62096 37.7435302734375 25.026327564367932 -999.0 -999.0 -999.0 37.74354460124226 25.026318255078372 37.78745857727944 25.1456617613427 73.09421774532761 247.6692202006215 5400.0 5400.0 2015.5 1 343 {-999.0 -999.0 -999.0 -999.0 -999.0} "" -999.0 -999.0 -999.0 -999.0 27021603080678455 803798183 "" ops_sky_boss_good ops_sky sky_boss 0 0 0.0 0.0 -999 ""
FIBERMAP 222 R-12C12 METROLOGY 0 0 0 1 0 0 92.24524787119775 -241.3306771384916 143.1 -143.85893438532904 -214.5376191470674 255.18335 148.62096 -999.0 -999.0 -999.0 -999.0 -999.0 37.74598661027241 25.02886330806018 37.78989077253203 25.148193724785063 73.09740473137362 247.67282935701576 -999.0 6231.0 -999.0 -1 -999 {-999.0 -999.0 -999.0 -999.0 -999.0} "" -999.0 -999.0 -999.0 -999.0 -999 -999 "" "" "" "" 0 0 0.0 0.0 -999 ""
FIBERMAP 228 R+13C11 APOGEE 1 1 0 1 0 0 74.0781802816867 234.32333901134976 143.1 234.0795593585331 74.676110076995 292.67508 75.773224 39.64477374303295 26.33787873623534 -1.4181793 -6.2640824 0.7121677 39.64476137323699 26.33786726097307 39.69283913971674 26.454013537347823 75.23336828373655 248.6971033882789 16000.0 16600.0 2016.0 2 53 {-999.0 13.223074 12.398678 12.0772085 -999.0} sdss_psfmag_from_g3xp 12.974274 12.430789 11.718845 10.291 63050396555027262 1110113805 bright_1x1 mwm_tess_rgb_apogee mwm_tessrgb science 0 0 0.0 0.0 -999 ""
FIBERMAP 228 R+13C11 BOSS 0 0 0 1 0 0 73.34903046291303 234.18195302144235 143.1 233.54349758334337 75.18997451842296 292.67508 75.773224 -999.0 -999.0 -999.0 -999.0 -999.0 39.64206860465363 26.340199547325444 39.69020130404607 26.45637601482111 75.23244495659881 248.70969817468028 -999.0 5400.0 -999.0 1 163 {-999.0 -999.0 -999.0 -999.0 -999.0} "" -999.0 -999.0 -999.0 -999.0 -999 -999 "" "" "" "" 0 0 0.0 0.0 -999 ""
FIBERMAP 228 R+13C11 METROLOGY 0 0 0 1 0 0 73.58746350622037 234.88773256203172 143.1 234.2573745341746 75.4023958445353 292.67508 75.773224 -999.0 -999.0 -999.0 -999.0 -999.0 39.64564420792006 26.341129873336786 39.69376704771861 26.457293046213607 75.23568239208136 248.70678636646807 -999.0 6231.0 -999.0 -1 -999 {-999.0 -999.0 -999.0 -999.0 -999.0} "" -999.0 -999.0 -999.0 -999.0 -999 -999 "" "" "" "" 0 0 0.0 0.0 -999 ""
FIBERMAP 233 R+4C4 APOGEE 0 0 0 1 0 0 -190.6770067815005 86.6037804550066 143.1 -39.27057199957395 205.6633831719 150.58017 107.00267 -999.0 -999.0 -999.0 -999.0 -999.0 38.260955007536424 26.935171455004642 38.308955163176904 27.053470581738782 74.40841734336783 252.89330151090684 -999.0 16600.0 -999.0 2 -999 {-999.0 -999.0 -999.0 -999.0 -999.0} "" -999.0 -999.0 -999.0 -999.0 -999 -999 "" "" "" "" 0 0 0.0 0.0 -999 ""
FIBERMAP 233 R+4C4 BOSS 1 1 0 1 0 0 -190.53427930944287 87.32273151682772 143.1 -38.601146472052605 205.96155539013742 150.58017 107.00267 38.264297308406704 26.93656216424398 5.2877665 -5.6398845 1.1881411 38.26429030786263 26.93654796789294 38.312354069665844 27.054866248333514 74.41175029151384 252.89313526516207 5400.0 5400.0 2016.0 1 36 {-999.0 14.152133 13.598758 13.409566 -999.0} sdss_psfmag_gaia 14.03172 13.637192 13.0795355 12.172 63050396555054927 1095417194 bright_1x1 mwm_bin_vis_boss mwm_filler science 0 0 0.0 0.0 -999 ""
FIBERMAP 233 R+4C4 METROLOGY 0 0 0 1 0 0 -189.9699979802313 86.84210908408775 143.1 -38.66811899909501 205.22351989503616 150.58017 107.00267 -999.0 -999.0 -999.0 -999.0 -999.0 38.26397390493452 26.933226032331316 38.3120144457431 27.051538208504972 74.41004324210579 252.88244502765752 -999.0 6231.0 -999.0 -1 -999 {-999.0 -999.0 -999.0 -999.0 -999.0} "" -999.0 -999.0 -999.0 -999.0 -999 -999 "" "" "" "" 0 0 0.0 0.0 -999 ""
FIBERMAP 238 R-5C3 APOGEE 0 0 0 1 0 0 -196.46411000661575 -108.8386688627586 143.1 -202.20672653807097 97.64916135699475 243.1284 117.09875 -999.0 -999.0 -999.0 -999.0 -999.0 37.43798262403262 26.440085079523577 37.4842524774312 26.55972263743042 73.53055777027637 252.45039472798123 -999.0 16600.0 -999.0 2 290 {-999.0 -999.0 -999.0 -999.0 -999.0} "" -999.0 -999.0 -999.0 -999.0 -999 -999 "" ops_sky_apogee_best_unassigned ops_sky sky_apogee 0 0 0.0 0.0 -999 ""
FIBERMAP 238 R-5C3 BOSS 1 1 0 1 0 0 -197.19967352143908 -108.85327107869128 143.1 -202.64295665647472 98.241397768339 243.1284 117.09875 37.43567116376565 26.442730585145018 -999.0 -999.0 -999.0 37.435677919113466 26.442726521440665 37.48201124594186 26.562394145282312 73.52994509359311 252.46197582278086 5400.0 5400.0 2016.0 1 444 {-999.0 22.732555 21.03161 20.146824 -999.0} sdss_psfmag -999.0 -999.0 -999.0 -999.0 63050397381168965 1118030520 bright_1x1 openfibertargets_bhm_lofarradio_boss open_fiber science 0 0 0.0 0.0 -999 ""
FIBERMAP 238 R-5C3 METROLOGY 0 0 0 1 0 0 -196.84911845299777 -108.19704555486268 143.1 -201.9048684060224 98.33367550760794 243.1284 117.09875 -999.0 -999.0 -999.0 -999.0 -999.0 37.439404439915826 26.443194450865306 37.48572494972785 26.5628486628309 73.53312414983974 252.4582195295597 -999.0 6231.0 -999.0 -1 -999 {-999.0 -999.0 -999.0 -999.0 -999.0} "" -999.0 -999.0 -999.0 -999.0 -999 -999 "" "" "" "" 0 0 0.0 0.0 -999 ""
FIBERMAP 240 R-13C13 APOGEE 0 0 0 1 0 0 115.4608547201292 -259.2724415253859 143.1 -145.1183397515147 -243.84504827687098 199.97986 139.09267 -999.0 -999.0 -999.0 -999.0 -999.0 37.74189738575521 24.897951505859524 37.78550943491422 25.017279431502715 73.02668325882081 247.29443452783917 -999.0 16600.0 -999.0 2 176 {-999.0 -999.0 -999.0 -999.0 -999.0} "" -999.0 -999.0 -999.0 -999.0 -999 -999 "" ops_sky_apogee_best_unassigned ops_sky sky_apogee 0 0 0.0 0.0 -999 ""
FIBERMAP 240 R-13C13 BOSS 1 1 0 1 0 0 114.76655343099074 -258.99888605114114 143.1 -145.29545900466596 -243.1202842508858 199.97986 139.09267 37.740908557885106 24.90122521494804 2.2530873 -17.641376 1.3285245 37.74091187614991 24.90115896719432 37.78458802741483 25.02052031575188 73.02764355661999 247.305416980691 5400.0 5400.0 2016.0 1 345 {-999.0 17.307076 16.134346 15.667637 -999.0} sdss_psfmag 16.884188 16.13628 15.30243 13.571 63050396554103256 1095004455 bright_1x1 mwm_bin_vis_boss mwm_filler science 0 0 0.0 0.0 -999 ""
FIBERMAP 240 R-13C13 METROLOGY 0 0 0 1 0 0 115.34823488358384 -258.53764645108856 143.1 -144.58327180063895 -243.32922044596123 199.97986 139.09267 -999.0 -999.0 -999.0 -999.0 -999.0 37.74447532576178 24.900234723925703 37.78813608105662 25.019581480225114 73.02991074734192 247.29697072007906 -999.0 6231.0 -999.0 -1 -999 {-999.0 -999.0 -999.0 -999.0 -999.0} "" -999.0 -999.0 -999.0 -999.0 -999 -999 "" "" "" "" 0 0 0.0 0.0 -999 ""
FIBERMAP 245 R-9C16 APOGEE 1 1 0 1 0 0 142.31305184453888 -153.29476398558927 143.1 -43.08764059388034 -204.63982523676802 168.69801 27.092604 38.24859332399621 25.07383296773651 -2.0345705 -10.709044 2.4491286 38.248601818513244 25.073792987290553 38.29298051036244 25.19230744325735 73.5104737108889 246.9885939914695 16000.0 16600.0 2016.0 2 193 {-999.0 11.3800535 10.868168 10.680653 -999.0} sdss_psfmag_from_g3xp 11.267091 10.891584 10.343202 9.364 63050396554103923 1076264808 bright_1x1 mwm_snc_ext_main_apogee mwm_snc science 0 0 0.0 0.0 -999 ""
FIBERMAP 245 R-9C16 BOSS 0 0 0 1 0 0 143.0272312004087 -153.09369458806802 143.1 -42.511477106702884 -205.10703676699632 168.69801 27.092604 -999.0 -999.0 -999.0 -999.0 -999.0 38.25143107213972 25.071619408706212 38.29586520077538 25.190160973726442 73.51159406145499 246.97736048203936 -999.0 5400.0 -999.0 1 308 {-999.0 -999.0 -999.0 -999.0 -999.0} "" -999.0 -999.0 -999.0 -999.0 -999 -999 "" "" "" "" 0 0 0.0 0.0 -999 ""
FIBERMAP 245 R-9C16 METROLOGY 0 0 0 1 0 0 142.84690809295418 -153.81398060255037 143.1 -43.203679600084016 -205.37527852870306 168.69801 27.092604 -999.0 -999.0 -999.0 -999.0 -999.0 38.247990833066694 25.070426661494754 38.29240354980328 25.18896490162481 73.50829520853438 246.97947571432374 -999.0 6231.0 -999.0 -1 -999 {-999.0 -999.0 -999.0 -999.0 -999.0} "" -999.0 -999.0 -999.0 -999.0 -999 -999 "" "" "" "" 0 0 0.0 0.0 -999 ""
FIBERMAP 251 R-9C13 APOGEE 0 0 0 1 0 0 93.70137070527977 -189.16697977483102 143.1 -100.42221165511833 -185.63632907154437 17.393394 42.015263 -999.0 -999.0 -999.0 -999.0 -999.0 37.96097425412602 25.158909583236014 38.00526744362503 25.27786727994866 73.3311568875384 247.71448040239926 -999.0 16600.0 -999.0 2 172 {-999.0 -999.0 -999.0 -999.0 -999.0} "" -999.0 -999.0 -999.0 -999.0 -999 -999 "" ops_sky_apogee_best_unassigned ops_sky sky_apogee 0 0 0.0 0.0 -999 ""
FIBERMAP 251 R-9C13 BOSS 1 1 0 1 0 0 93.32430280275032 -189.80117796572068 143.1 -101.15760622184024 -185.69425013391157 17.393394 42.015263 37.957205023605205 25.158572917791172 4.172353 -1.3938279 0.045525745 37.95721761533342 25.1585720452362 38.00156514823277 25.277566839562738 73.32812311106392 247.71952505945558 5400.0 5400.0 2016.0 1 397 {-999.0 16.048466 15.988329 16.021313 -999.0} sdss_psfmag 16.074413 15.929175 15.672951 15.345 63050396554103720 1093510219 bright_1x1 mwm_astar_core_boss_single mwm_ob science 0 0 0.0 0.0 -999 ""
FIBERMAP 251 R-9C13 METROLOGY 0 0 0 1 0 0 92.95633362678684 -189.14821037454487 143.1 -100.83665535753188 -185.0171063251059 17.393394 42.015263 -999.0 -999.0 -999.0 -999.0 -999.0 37.958811803894186 25.161640515834204 38.003150032051735 25.280623643724283 73.33091350492396 247.72614977398808 -999.0 6231.0 -999.0 -1 -999 {-999.0 -999.0 -999.0 -999.0 -999.0} "" -999.0 -999.0 -999.0 -999.0 -999 -999 "" "" "" "" 0 0 0.0 0.0 -999 ""
FIBERMAP 256 R-3C17 APOGEE 0 0 0 1 0 0 98.68099390074626 -73.10576441884014 143.1 -2.7743969282044403 -122.75337180467632 273.83734 103.81684 -999.0 -999.0 -999.0 -999.0 -999.0 38.44970995767477 25.444158334864785 38.494972647312125 25.562315753092896 73.85661516928988 247.78772715195106 -999.0 16600.0 -999.0 2 -999 {-999.0 -999.0 -999.0 -999.0 -999.0} "" -999.0 -999.0 -999.0 -999.0 -999 -999 "" "" "" "" 0 0 0.0 0.0 -999 ""
FIBERMAP 256 R-3C17 BOSS 1 1 0 1 0 0 97.97443897697396 -73.35377547103424 143.1 -3.384494758221981 -122.31946441852888 273.83734 103.81684 38.446425067539295 25.446167951759957 43.633194 -49.470394 1.3763189 38.44657394719579 25.44603750480767 38.491894116432775 25.564229570896828 73.8551854082622 247.79871312758556 5400.0 5400.0 2016.0 1 302 {-999.0 17.63205 16.487055 16.08853 -999.0} sdss_psfmag 17.156088 16.49551 15.715963 14.058 63050396554104709 1072655759 bright_1x1 mwm_halo_local_high_boss_single mwm_halo science 0 0 0.0 0.0 -999 ""
FIBERMAP 256 R-3C17 METROLOGY 0 0 0 1 0 0 98.1091141055123 -72.6265823236874 143.1 -2.7129837133339256 -122.00996226938722 273.83734 103.81684 -999.0 -999.0 -999.0 -999.0 -999.0 38.449970783556594 25.44746590417741 38.49528062053366 25.565643966576463 73.85853641178596 247.79755304150947 -999.0 6231.0 -999.0 -1 -999 {-999.0 -999.0 -999.0 -999.0 -999.0} "" -999.0 -999.0 -999.0 -999.0 -999 -999 "" "" "" "" 0 0 0.0 0.0 -999 ""
FIBERMAP 260 R+3C9 APOGEE 0 0 0 1 0 0 -84.68508905047985 40.60869930836591 143.1 -15.689173523195452 92.57858263549625 289.29028 73.01397 -999.0 -999.0 -999.0 -999.0 -999.0 38.38203159694467 26.423924611698034 38.4291385291059 26.542086068282075 74.27713506217468 251.01922354032968 -999.0 16600.0 -999.0 2 121 {-999.0 -999.0 -999.0 -999.0 -999.0} "" -999.0 -999.0 -999.0 -999.0 -999 -999 "" "" "" "" 0 0 0.0 0.0 -999 ""
FIBERMAP 260 R+3C9 BOSS 1 1 0 1 0 0 -85.41343354833057 40.57211079062384 143.1 -16.13919335723198 93.15224132912319 289.29028 73.01397 38.37969030879677 26.426579859710756 -2.6997688 -9.263533 1.9546031 38.379671894824206 26.426546146195616 38.42683896699742 26.54473740835939 74.27652114968976 251.03139815945147 5400.0 5400.0 2016.0 1 32 {-999.0 21.097893 19.482126 18.272354 -999.0} sdss_psfmag 20.438795 18.991148 17.868162 15.739 63050396555052394 1094457035 bright_1x1 mwm_bin_vis_boss mwm_filler science 0 0 0.0 0.0 -999 ""
FIBERMAP 260 R+3C9 METROLOGY 0 0 0 1 0 0 -85.09268203790805 41.24126797987272 143.1 -15.40773716301531 93.2763161551558 289.29028 73.01397 -999.0 -999.0 -999.0 -999.0 -999.0 38.38340677737233 26.427117763073365 38.430562175737066 26.545295588574277 74.27973756783949 251.0275987220996 -999.0 6231.0 -999.0 -1 -999 {-999.0 -999.0 -999.0 -999.0 -999.0} "" -999.0 -999.0 -999.0 -999.0 -999 -999 "" "" "" "" 0 0 0.0 0.0 -999 ""
FIBERMAP 261 R+4C15 APOGEE 1 1 0 1 0 0 63.25440578956705 96.55599378277392 143.1 115.33539628874762 4.044406625240587 146.28038 62.648388 39.046595874129856 26.020803720864635 2.1726537 -4.156164 0.5824089 39.04657548770065 26.020799261389463 39.093488217670256 26.137944462102414 74.61014884338314 248.64040774404117 16000.0 16600.0 2016.0 2 65 {-999.0 12.82854 11.881192 11.50993 -999.0} sdss_psfmag_from_g3xp 12.521797 11.901313 11.146231 9.594 63050396555024432 1109166272 bright_1x1 mwm_tess_rgb_apogee mwm_tessrgb science 0 0 0.0 0.0 -999 ""
FIBERMAP 261 R+4C15 BOSS 0 0 0 1 0 0 63.888322845385396 96.93664332948876 143.1 116.0119056596915 3.7463269939232413 146.28038 62.648388 -999.0 -999.0 -999.0 -999.0 -999.0 39.049992811449826 26.019408332469354 39.09696046747689 26.13657569730572 74.61219865505245 248.63016461248574 -999.0 5400.0 -999.0 1 212 {-999.0 -999.0 -999.0 -999.0 -999.0} "" -999.0 -999.0 -999.0 -999.0 -999 -999 "" "" "" "" 0 0 0.0 0.0 -999 ""
FIBERMAP 261 R+4C15 METROLOGY 0 0 0 1 0 0 63.91341735503399 96.19398776117868 143.1 115.4199303172846 3.297437876389306 146.28038 62.648388 -999.0 -999.0 -999.0 -999.0 -999.0 39.04700113910416 26.017380715927917 39.09394665881422 26.13454530626317 74.60884565803492 248.62847734448297 -999.0 6231.0 -999.0 -1 -999 {-999.0 -999.0 -999.0 -999.0 -999.0} "" -999.0 -999.0 -999.0 -999.0 -999 -999 "" "" "" "" 0 0 0.0 0.0 -999 ""
FIBERMAP 264 R+10C3 APOGEE 0 0 0 1 0 0 -141.87578413887718 189.73799998533406 143.1 73.09934627496784 225.30484407633747 153.39023 160.05579 -999.0 -999.0 -999.0 -999.0 -999.0 38.83235347630084 27.023507811308072 38.881064122564 27.140890835772588 74.90538583012977 252.35792362546695 -999.0 16600.0 -999.0 2 136 {-999.0 -999.0 -999.0 -999.0 -999.0} "" -999.0 -999.0 -999.0 -999.0 -999 -999 "" ops_sky_apogee_best_unassigned ops_sky sky_apogee 0 0 0.0 0.0 -999 ""
FIBERMAP 264 R+10C3 BOSS 1 1 0 1 0 0 -142.3961427079923 190.26832949619194 143.1 73.2322461129698 226.03568560658485 153.39023 160.05579 38.83296223862143 27.02678411341131 2.6284916 0.031233748 0.3098135 38.83297454564168 27.02678481719568 38.88174809758698 27.144190461590846 74.90736860936073 252.36831838436012 5400.0 5400.0 2016.0 1 16 {-999.0 17.27215 16.798975 16.599516 16.500044} sdss_psfmag_from_gaia 17.1819 16.8133 16.2651 15.179 63050396555056277 974239087 "" ops_std_boss_gdr2 ops_std standard_boss 0 0 0.0 0.0 -999 ""
FIBERMAP 264 R+10C3 METROLOGY 0 0 0 1 0 0 -141.6746439828657 190.46025230418837 143.1 73.80516265432915 225.55722093228047 153.39023 160.05579 -999.0 -999.0 -999.0 -999.0 -999.0 38.83590414391209 27.024629197569762 38.88466030723703 27.142023605199064 74.90876017807778 252.35649635458293 -999.0 6231.0 -999.0 -1 -999 {-999.0 -999.0 -999.0 -999.0 -999.0} "" -999.0 -999.0 -999.0 -999.0 -999 -999 "" "" "" "" 0 0 0.0 0.0 -999 ""
FIBERMAP 285 R-8C18 APOGEE 0 0 0 1 0 0 173.8454823732172 -170.42462420540915 143.1 -38.8865303307331 -240.27041245358095 271.20975 95.38996 -999.0 -999.0 -999.0 -999.0 -999.0 38.270526023818505 24.91402297669628 38.31461903263232 25.032519768976293 73.44382636926926 246.4733251823247 -999.0 16600.0 -999.0 2 -999 {-999.0 -999.0 -999.0 -999.0 -999.0} "" -999.0 -999.0 -999.0 -999.0 -999 -999 "" "" "" "" 0 0 0.0 0.0 -999 ""
FIBERMAP 285 R-8C18 BOSS 1 1 0 1 0 0 173.11928673238154 -170.51888089054796 143.1 -39.382402312348724 -239.73177409386082 271.20975 95.38996 38.26797032514605 24.91636831607966 -2.400565 -2.0371523 0.44116503 38.26797502007823 24.916370510095657 38.31212738091608 25.03490297928282 73.4431570188253 246.48460313208994 5400.0 5400.0 2016.0 1 319 {-999.0 16.657845 16.077503 15.893245 -999.0} sdss_psfmag 16.445196 16.094439 15.573545 14.61 63050396554103038 980355326 "" ops_std_boss_tic ops_std standard_boss 0 0 0.0 0.0 -999 ""
FIBERMAP 285 R-8C18 METROLOGY 0 0 0 1 0 0 173.3962847353877 -169.82890324499212 143.1 -38.65918315987275 -239.55996007374029 271.20975 95.38996 -999.0 -999.0 -999.0 -999.0 -999.0 38.27159824052307 24.917158006311343 38.315739002074565 25.03567563086326 73.44634749732862 246.48087943630642 -999.0 6231.0 -999.0 -1 -999 {-999.0 -999.0 -999.0 -999.0 -999.0} "" -999.0 -999.0 -999.0 -999.0 -999 -999 "" "" "" "" 0 0 0.0 0.0 -999 ""
FIBERMAP 288 R-1C7 APOGEE 1 1 0 1 0 0 -150.68068185654676 -41.34503661083866 143.1 -120.68163610854926 99.19585991505323 338.41196 10.617929 37.84903938454873 26.451277270239167 -9.963242 -1.6282729 3.1816242 37.849037936795504 26.451264173622125 37.89570902973412 26.57026086593805 73.86463695961524 251.89917226815396 16000.0 16600.0 2016.0 2 247 {-999.0 11.758023 11.356897 11.226032 -999.0} sdss_psfmag_from_g3xp 11.687477 11.376088 10.896577 10.092 63050396555052172 1076265098 bright_1x1 mwm_snc_ext_main_apogee mwm_snc science 0 0 0.0 0.0 -999 ""
FIBERMAP 288 R-1C7 BOSS 0 0 0 1 0 0 -151.41778578145167 -41.244931061025966 143.1 -121.02508468355057 99.85552279881057 338.41196 10.617929 -999.0 -999.0 -999.0 -999.0 -999.0 37.84717682248584 26.454252532296774 37.893911059717254 26.5732783374173 73.8645537329492 251.91147199325354 -999.0 5400.0 -999.0 1 483 {-999.0 -999.0 -999.0 -999.0 -999.0} "" -999.0 -999.0 -999.0 -999.0 -999 -999 "" "" "" "" 0 0 0.0 0.0 -999 ""
FIBERMAP 288 R-1C7 METROLOGY 0 0 0 1 0 0 -150.95786812015268 -40.6526741778884 143.1 -120.2761478492719 99.82159529716571 338.41196 10.617929 -999.0 -999.0 -999.0 -999.0 -999.0 37.85099512431111 26.45412942390323 37.897715892351926 26.573141757017133 73.86753370004689 251.90553895274917 -999.0 6231.0 -999.0 -1 -999 {-999.0 -999.0 -999.0 -999.0 -999.0} "" -999.0 -999.0 -999.0 -999.0 -999 -999 "" "" "" "" 0 0 0.0 0.0 -999 ""
FIBERMAP 289 R-11C12 APOGEE 0 0 0 1 0 0 93.99586582353555 -216.53989239249927 143.1 -122.60499671500945 -201.66673513329008 8.411651 94.92538 -999.0 -999.0 -999.0 -999.0 -999.0 37.85103891643858 25.08668350027105 37.895100443403635 25.20582095445336 73.20869693903055 247.67580999820012 -999.0 16600.0 -999.0 2 175 {-999.0 -999.0 -999.0 -999.0 -999.0} "" -999.0 -999.0 -999.0 -999.0 -999 -999 "" "" "" "" 0 0 0.0 0.0 -999 ""
FIBERMAP 289 R-11C12 BOSS 1 1 0 1 0 0 94.16605079312224 -217.25551929644942 143.1 -123.09120583123726 -202.21851347195567 8.411651 94.92538 37.84861087323871 25.08419593766344 -11.089864 -19.742376 3.0178366 37.84857043585001 25.084145016094485 37.89268362711516 25.20331810058841 73.20553855307574 247.67222862466048 5400.0 5400.0 2016.0 1 394 {-999.0 20.1024 18.534998 17.71991 -999.0} sdss_psfmag_gaia 19.051281 18.338068 16.938334 11.656 63050396554103643 1094364153 bright_1x1 mwm_bin_vis_boss mwm_filler science 0 0 0.0 0.0 -999 ""
FIBERMAP 289 R-11C12 METROLOGY 0 0 0 1 0 0 93.45585208482538 -217.05215513590656 143.1 -123.33481350732215 -201.52125714027372 8.411651 94.92538 -999.0 -999.0 -999.0 -999.0 -999.0 37.8473354817814 25.087289667483436 37.89143695336054 25.206455414699022 73.2061712252522 247.68355767411038 -999.0 6231.0 -999.0 -1 -999 {-999.0 -999.0 -999.0 -999.0 -999.0} "" -999.0 -999.0 -999.0 -999.0 -999 -999 "" "" "" "" 0 0 0.0 0.0 -999 ""
FIBERMAP 293 R-11C16 APOGEE 0 0 0 1 0 0 185.82406605014017 -223.50345825429628 143.1 -75.32081133451676 -280.67034751596105 28.226395 45.825012 -999.0 -999.0 -999.0 -999.0 -999.0 38.09054690177014 24.73399466886148 38.1341461205576 24.852794030481725 73.20999772676771 246.24202922688477 -999.0 16600.0 -999.0 2 218 {-999.0 -999.0 -999.0 -999.0 -999.0} "" -999.0 -999.0 -999.0 -999.0 -999 -999 "" ops_sky_apogee_best_unassigned ops_sky sky_apogee 0 0 0.0 0.0 -999 ""
FIBERMAP 293 R-11C16 BOSS 1 1 0 1 0 0 185.63152779083882 -224.21356143434454 143.1 -76.01174479332867 -280.9227404953221 28.226395 45.825012 38.087099316147594 24.732873029842747 -0.9023817 -1.482966 0.09365065 38.08707562037219 24.73286205340644 38.130727406724134 24.851699654512636 73.20678687635686 246.24450429460921 5400.0 5400.0 2016.0 1 259 {-999.0 15.863018 15.024991 14.650104 -999.0} sdss_psfmag 15.606173 15.022299 14.294739 12.806 63050396554097447 1061677268 bright_1x1 manual_mwm_halo_distant_kgiant_near_boss_single mwm_halo science 0 0 0.0 0.0 -999 ""
FIBERMAP 293 R-11C16 METROLOGY 0 0 0 1 0 0 185.103088809395 -223.68423231948717 143.1 -75.88432302033634 -280.1858775905328 28.226395 45.825012 -999.0 -999.0 -999.0 -999.0 -999.0 38.08769015597105 24.736137842337502 38.1313323153156 24.854964864515637 73.20898186200924 246.25308474608516 -999.0 6231.0 -999.0 -1 -999 {-999.0 -999.0 -999.0 -999.0 -999.0} "" -999.0 -999.0 -999.0 -999.0 -999 -999 "" "" "" "" 0 0 0.0 0.0 -999 ""
FIBERMAP 296 R+3C13 APOGEE 0 0 0 1 1 0 13.300128115783295 45.65143014298381 143.1 44.95097168755611 15.472932801231888 276.20752 121.75206 -999.0 -999.0 -999.0 -999.0 -999.0 38.690411497025515 26.07330291495081 38.73711000137064 26.191011823121972 74.35606192789196 249.3933166745906 -999.0 16600.0 -999.0 2 5 {-999.0 -999.0 -999.0 -999.0 -999.0} "" -999.0 -999.0 -999.0 -999.0 -999 -999 "" ops_sky_apogee_best_unassigned ops_sky sky_apogee 0 0 0.0 0.0 -999 ""
FIBERMAP 296 R+3C13 BOSS 1 0 0 1 1 0 12.722366914308841 45.207674718090544 143.1 44.255323400718275 15.688753382772568 276.20752 121.75206 38.69666417417236 26.210043765379936 13.220023 -10.8257885 1.3312958 38.6868566901117 26.074267393807787 38.73360984686457 26.19200933608861 74.35378593349616 249.4021536541473 5400.0 5400.0 2016.0 1 106 {-999.0 17.086187 15.846872 15.494757 -999.0} sdss_psfmag 16.50858 15.899767 15.159892 13.617 63050396555025990 1094305080 bright_1x1 mwm_bin_vis_boss mwm_filler science 0 0 0.0 0.0 -999 ""
FIBERMAP 296 R+3C13 METROLOGY 0 0 0 1 1 0 12.58066986552621 45.93182634560292 143.1 44.764926896954236 16.222185987410743 276.20752 121.75206 -999.0 -999.0 -999.0 -999.0 -999.0 38.689450506214406 26.076703180494835 38.73619490049839 26.194432943676787 74.35698428235234 249.40590789488414 -999.0 6231.0 -999.0 -1 -999 {-999.0 -999.0 -999.0 -999.0 -999.0} "" -999.0 -999.0 -999.0 -999.0 -999 -999 "" "" "" "" 0 0 0.0 0.0 -999 ""
FIBERMAP 298 R-12C13 APOGEE 0 0 0 1 0 0 95.32035589458684 -238.7236812799239 143.1 -139.9562070002267 -215.54491393708753 231.41011 80.71407 -999.0 -999.0 -999.0 -999.0 -999.0 37.76550833541794 25.024388880688484 37.809378625115414 25.14366655293487 73.11024400578634 247.62838541978775 -999.0 16600.0 -999.0 2 -999 {-999.0 -999.0 -999.0 -999.0 -999.0} "" -999.0 -999.0 -999.0 -999.0 -999 -999 "" "" "" "" 0 0 0.0 0.0 -999 ""
FIBERMAP 298 R-12C13 BOSS 1 1 0 1 0 0 94.81910391926928 -238.1822702163169 143.1 -139.80323645044984 -214.82328247532044 231.41011 80.71407 37.7660187831958 25.027627237322694 48.21719 -18.680107 1.0535928 37.7661517049917 25.027575593600954 37.81008742037392 25.146883674798865 73.11244214235472 247.6367675234722 5400.0 5400.0 2016.0 1 344 {-999.0 18.167122 17.052874 16.57987 -999.0} sdss_psfmag 17.788446 17.070906 16.22762 14.508 63050396554103453 1072606558 bright_1x1 mwm_halo_local_high_boss_single mwm_halo science 0 0 0.0 0.0 -999 ""
FIBERMAP 298 R-12C13 METROLOGY 0 0 0 1 0 0 95.54057612483632 -238.0108243302484 143.1 -139.24705661825985 -215.31353749948894 231.41011 80.71407 -999.0 -999.0 -999.0 -999.0 -999.0 37.76897032772232 25.025393696255083 37.81288766508601 25.144688616212896 73.11349588740734 247.6258089549205 -999.0 6231.0 -999.0 -1 -999 {-999.0 -999.0 -999.0 -999.0 -999.0} "" -999.0 -999.0 -999.0 -999.0 -999 -999 "" "" "" "" 0 0 0.0 0.0 -999 ""
FIBERMAP 302 R-2C21 APOGEE 1 1 0 1 0 0 189.46684877161374 -39.80420265888214 143.1 76.78893573399965 -177.67907816400728 330.56262 139.0234 38.84936640396328 25.196159278407148 1.9468697 3.8628275 0.6524584 38.84938769706067 25.196180835577607 38.89451593744957 25.313728593742617 74.03816322501004 246.34556646364422 16000.0 16600.0 2016.0 2 228 {-999.0 12.905532 12.028 11.684617 -999.0} sdss_psfmag_from_g3xp 12.631102 12.049442 11.324208 9.813 63050396555016468 1108111320 bright_1x1 mwm_tess_rgb_apogee mwm_tessrgb science 0 0 0.0 0.0 -999 ""
FIBERMAP 302 R-2C21 BOSS 0 0 0 1 0 0 189.72179746128919 -40.49993038519998 143.1 76.36787175460502 -178.2885956418254 330.56262 139.0234 -999.0 -999.0 -999.0 -999.0 -999.0 38.84723338603233 25.193350573691134 38.8924093920312 25.3109326761173 74.03507703566446 246.34052958330676 -999.0 5400.0 -999.0 1 284 {-999.0 -999.0 -999.0 -999.0 -999.0} "" -999.0 -999.0 -999.0 -999.0 -999 -999 "" "" "" "" 0 0 0.0 0.0 -999 ""
FIBERMAP 302 R-2C21 METROLOGY 0 0 0 1 0 0 188.98573839095673 -40.376416481993125 143.1 76.0441411108045 -177.616282997478 330.56262 139.0234 -999.0 -999.0 -999.0 -999.0 -999.0 38.84563570840605 25.19639812785418 38.89080064396438 25.31397378065495 74.03542984509515 246.3527182162236 -999.0 6231.0 -999.0 -1 -999 {-999.0 -999.0 -999.0 -999.0 -999.0} "" -999.0 -999.0 -999.0 -999.0 -999 -999 "" "" "" "" 0 0 0.0 0.0 -999 ""
FIBERMAP 307 R0C7 APOGEE 1 1 0 1 0 0 -156.61612003589423 11.889001982623384 143.1 -80.63465841799656 134.75050397107594 80.94564 125.78411 38.05168051785848 26.613931713900136 -53.67403 -20.591358 8.906373 38.0514684100246 26.613893633492438 38.09864278583086 26.732556101592014 74.09937762573131 252.13214455855058 16000.0 16600.0 2016.0 2 250 {-999.0 9.94159 9.567569 9.451769 -999.0} sdss_psfmag_gaia 9.886171 9.588717 9.125461 8.331 63050396555053014 1103790131 bright_1x1 mwm_tess_2min_apogee mwm_planet science 0 0 0.0 0.0 -999 ""
FIBERMAP 307 R0C7 BOSS 0 0 0 1 0 0 -155.95682109936692 12.218739456169505 143.1 -79.9850823336361 134.40232918517063 80.94564 125.78411 -999.0 -999.0 -999.0 -999.0 -999.0 38.054680118108614 26.61236069506007 38.10191286353347 26.73104411871322 74.1013234901844 252.12246657269066 -999.0 5400.0 -999.0 1 493 {-999.0 -999.0 -999.0 -999.0 -999.0} "" -999.0 -999.0 -999.0 -999.0 -999 -999 "" "" "" "" 0 0 0.0 0.0 -999 ""
FIBERMAP 307 R0C7 METROLOGY 0 0 0 1 0 0 -155.99613576234074 11.472600174100844 143.1 -80.6170565648948 134.00402690079034 80.94564 125.78411 -999.0 -999.0 -999.0 -999.0 -999.0 38.05149962042793 26.610534364861373 38.09870931646361 26.729215657930265 74.09794794516016 252.12112330814307 -999.0 6231.0 -999.0 -1 -999 {-999.0 -999.0 -999.0 -999.0 -999.0} "" -999.0 -999.0 -999.0 -999.0 -999 -999 "" "" "" "" 0 0 0.0 0.0 -999 ""
FIBERMAP 310 R+1C8 APOGEE 0 0 0 1 0 0 -127.06933844105066 37.40176271605 143.1 -42.757084557186424 125.33956713697091 141.03273 71.120575 -999.0 -999.0 -999.0 -999.0 -999.0 38.24404693356999 26.57223177930149 38.291317802137655 26.69059558801187 74.23466959377635 251.71296181185704 -999.0 16600.0 -999.0 2 -999 {-999.0 -999.0 -999.0 -999.0 -999.0} "" -999.0 -999.0 -999.0 -999.0 -999 -999 "" "" "" "" 0 0 0.0 0.0 -999 ""
FIBERMAP 310 R+1C8 BOSS 1 1 0 1 0 0 -126.44292367706728 37.80587617016704 143.1 -42.06574226660955 125.06114889411377 141.03273 71.120575 38.247528076171875 26.57099082174242 -999.0 -999.0 -999.0 38.24748726226139 26.571010123154753 38.29481659278184 26.689394525779708 74.23692390752277 251.70384671729008 5400.0 5400.0 2015.5 1 46 {-999.0 -999.0 -999.0 -999.0 -999.0} "" -999.0 -999.0 -999.0 -999.0 27021603081075239 816048546 "" ops_sky_boss_good ops_sky sky_boss 0 0 0.0 0.0 -999 ""
FIBERMAP 310 R+1C8 METROLOGY 0 0 0 1 0 0 -126.40864856071018 37.055134871629654 143.1 -42.65902461423458 124.6000987010605 141.03273 71.120575 -999.0 -999.0 -999.0 -999.0 -999.0 38.24449667578339 26.568904570955837 38.2918027844853 26.68728657952212 74.23357145264927 251.70136326116454 -999.0 6231.0 -999.0 -1 -999 {-999.0 -999.0 -999.0 -999.0 -999.0} "" -999.0 -999.0 -999.0 -999.0 -999 -999 "" "" "" "" 0 0 0.0 0.0 -999 ""
FIBERMAP 322 R+11C6 APOGEE 0 0 0 1 0 0 -61.12567638153319 232.37682138145422 143.1 154.49839716040742 183.96045731363387 152.4544 58.762844 -999.0 -999.0 -999.0 -999.0 -999.0 39.24525581722097 26.835060012898627 39.29397130345211 26.95180050580601 75.1512735364302 251.0709230003065 -999.0 16600.0 -999.0 2 4 {-999.0 -999.0 -999.0 -999.0 -999.0} "" -999.0 -999.0 -999.0 -999.0 -999 -999 "" ops_sky_apogee_best_unassigned ops_sky sky_apogee 0 0 0.0 0.0 -999 ""
FIBERMAP 322 R+11C6 BOSS 1 1 0 1 0 0 -60.49563967190788 232.76291536900652 143.1 155.1771140928448 183.66868696219808 152.4544 58.762844 39.248655582908505 26.833719640953465 -999.0 -999.0 -999.0 39.248652672556204 26.833713341462133 39.29742279197461 26.950472958851126 75.1534194620168 251.06087994466145 5400.0 5400.0 2016.0 1 143 {-999.0 20.532637 19.160267 18.634525 -999.0} sdss_psfmag 19.869665 21.037209 17.911474 15.478 63050396555030796 1118005326 bright_1x1 openfibertargets_bhm_lofarradio_boss open_fiber science 0 0 0.0 0.0 -999 ""
FIBERMAP 322 R+11C6 METROLOGY 0 0 0 1 0 0 -60.461013729215686 232.012702967363 143.1 154.58446601365677 183.2076553765118 152.4544 58.762844 -999.0 -999.0 -999.0 -999.0 -999.0 39.24567509391492 26.83167050015508 39.29442300304112 26.94842820351113 75.15011025885948 251.05847236610776 -999.0 6231.0 -999.0 -1 -999 {-999.0 -999.0 -999.0 -999.0 -999.0} "" -999.0 -999.0 -999.0 -999.0 -999 -999 "" "" "" "" 0 0 0.0 0.0 -999 ""
FIBERMAP 325 R+6C4 APOGEE 0 0 0 1 0 0 -150.38777955550412 109.92296786571349 143.1 3.012458255286305 186.21483642823682 276.5156 150.34076 -999.0 -999.0 -999.0 -999.0 -999.0 38.476278332701725 26.84821911329793 38.52430788187246 26.966186906050247 74.54326935887515 252.2880003155458 -999.0 16600.0 -999.0 2 -999 {-999.0 -999.0 -999.0 -999.0 -999.0} "" -999.0 -999.0 -999.0 -999.0 -999 -999 "" "" "" "" 0 0 0.0 0.0 -999 ""
FIBERMAP 325 R+6C4 BOSS 1 1 0 1 0 0 -150.67903922267746 109.22605867857635 143.1 2.2753520538548715 186.05067002953248 276.5156 150.34076 38.47199939884452 26.847680125494445 154.40947 -63.72333 2.27527 38.47247227517327 26.847502578199304 38.520553845594975 26.965501255143312 74.53996162547786 252.29119259533434 5400.0 5400.0 2016.0 1 38 {-999.0 18.263727 16.874683 16.268555 -999.0} sdss_psfmag 17.707575 16.811834 15.883248 14.035 63050396555056331 1072606650 bright_1x1 mwm_halo_local_high_boss_single mwm_halo science 0 0 0.0 0.0 -999 ""
FIBERMAP 325 R+6C4 METROLOGY 0 0 0 1 0 0 -151.12769075414914 109.8270856534346 143.1 2.5073471235855407 186.76373720684026 276.5156 150.34076 -999.0 -999.0 -999.0 -999.0 -999.0 38.47366265562499 26.850715698365793 38.521735543500654 26.968705122177994 74.54231278177171 252.30026368254937 -999.0 6231.0 -999.0 -1 -999 {-999.0 -999.0 -999.0 -999.0 -999.0} "" -999.0 -999.0 -999.0 -999.0 -999 -999 "" "" "" "" 0 0 0.0 0.0 -999 ""
FIBERMAP 333 R+12C2 APOGEE 0 0 0 1 0 0 -128.45958143536066 248.43540838405826 143.1 128.77059346548546 248.20849516906586 97.17867 85.47473 -999.0 -999.0 -999.0 -999.0 -999.0 39.11425313598767 27.123972400536672 39.163429232951046 27.24089343915492 75.1750518151749 252.2841746935443 -999.0 16600.0 -999.0 2 132 {-999.0 -999.0 -999.0 -999.0 -999.0} "" -999.0 -999.0 -999.0 -999.0 -999 -999 "" ops_sky_apogee_best_unassigned ops_sky sky_apogee 0 0 0.0 0.0 -999 ""
FIBERMAP 333 R+12C2 BOSS 1 1 0 1 0 0 -127.7234420072647 248.46987467263855 143.1 129.22337675652142 247.62724695491897 97.17867 85.47473 39.11650307552084 27.121308094353076 1.3662022 5.012468 1.7284029 39.116497208240574 27.12133161914711 39.16572486663273 27.238272806309986 75.17575305367247 252.2714848901677 5400.0 5400.0 2016.0 1 6 {-999.0 21.48727 19.965837 18.615906 -999.0} sdss_psfmag 20.339678 19.341461 18.171427 16.011 63050396555056999 1096124404 bright_1x1 mwm_bin_vis_boss mwm_filler science 0 0 0.0 0.0 -999 ""
FIBERMAP 333 R+12C2 METROLOGY 0 0 0 1 0 0 -128.0537542483153 247.80311862685102 143.1 128.48836627339057 247.51236448855536 97.17867 85.47473 -999.0 -999.0 -999.0 -999.0 -999.0 39.112796416921576 27.120860215062688 39.16200414537491 27.237800745474896 75.17256797967326 252.27543558290193 -999.0 6231.0 -999.0 -1 -999 {-999.0 -999.0 -999.0 -999.0 -999.0} "" -999.0 -999.0 -999.0 -999.0 -999 -999 "" "" "" "" 0 0 0.0 0.0 -999 ""
FIBERMAP 343 R+11C1 APOGEE 0 0 0 1 0 0 -177.20696325586243 227.62808853228603 143.1 83.6597066002297 276.0129109237435 151.85094 85.3078 -999.0 -999.0 -999.0 -999.0 -999.0 38.88517602026726 27.249414492446718 38.934389670493374 27.366689525070417 75.04513981003358 253.06608828682545 -999.0 16600.0 -999.0 2 139 {-999.0 -999.0 -999.0 -999.0 -999.0} "" -999.0 -999.0 -999.0 -999.0 -999 -999 "" ops_sky_apogee_best_unassigned ops_sky sky_apogee 0 0 0.0 0.0 -999 ""
FIBERMAP 343 R+11C1 BOSS 1 1 0 1 0 0 -176.80873509491244 228.23874797828418 143.1 84.3880856620163 276.03997436116623 151.85094 85.3078 38.88885498046875 27.24945103062103 -999.0 -999.0 -999.0 38.88880896514361 27.249473274052615 38.938081813943825 27.36676561539175 75.04814205398245 253.06097076304832 5400.0 5400.0 2015.5 1 9 {-999.0 -999.0 -999.0 -999.0 -999.0} "" -999.0 -999.0 -999.0 -999.0 27021603081077804 803862047 "" ops_sky_boss_good ops_sky sky_boss 0 0 0.0 0.0 -999 ""
FIBERMAP 343 R+11C1 METROLOGY 0 0 0 1 0 0 -176.46769999622552 227.5790767749203 143.1 84.04612385996812 275.3809579196262 151.85094 85.3078 -999.0 -999.0 -999.0 -999.0 -999.0 38.88710297977677 27.24656605229938 38.93635260024257 27.363854879854852 75.04551744624247 253.05327591322913 -999.0 6231.0 -999.0 -1 -999 {-999.0 -999.0 -999.0 -999.0 -999.0} "" -999.0 -999.0 -999.0 -999.0 -999 -999 "" "" "" "" 0 0 0.0 0.0 -999 ""
FIBERMAP 361 R+13C14 APOGEE 0 0 0 1 0 0 157.33307573112205 256.2347904134002 143.1 299.9975571030454 19.32984359585566 15.15745 121.21073 -999.0 -999.0 -999.0 -999.0 -999.0 39.96996205101906 26.084453355280175 40.017817930715864 26.200096165498675 75.36139737468552 247.2605677164458 -999.0 16600.0 -999.0 2 98 {-999.0 -999.0 -999.0 -999.0 -999.0} "" -999.0 -999.0 -999.0 -999.0 -999 -999 "" "" "" "" 0 0 0.0 0.0 -999 ""
FIBERMAP 361 R+13C14 BOSS 1 1 0 1 0 0 157.8649272199021 255.72628427756138 143.1 299.88910781811677 18.602205671642512 15.15745 121.21073 39.969320678900885 26.08117076157025 -999.0 -999.0 -999.0 39.96931220161089 26.0811468742352 40.01721225606508 26.19681794765035 75.35927870058612 247.25043894872374 5400.0 5400.0 2016.0 1 90 {-999.0 18.742836 18.243578 18.00202 -999.0} sdss_psfmag_ps1 -999.0 -999.0 -999.0 -999.0 63050399500311616 1117890009 bright_1x1 openfibertargets_bhm_lofarradio_boss open_fiber science 0 0 0.0 0.0 -999 ""
FIBERMAP 361 R+13C14 METROLOGY 0 0 0 1 0 0 157.15515155444513 255.50736114420866 143.1 299.30090525356536 19.055522323061503 15.15745 121.21073 -999.0 -999.0 -999.0 -999.0 -999.0 39.96645455937737 26.083228981626306 40.01434173621982 26.198896895025285 75.35809833941144 247.2626729990222 -999.0 6231.0 -999.0 -1 -999 {-999.0 -999.0 -999.0 -999.0 -999.0} "" -999.0 -999.0 -999.0 -999.0 -999 -999 "" "" "" "" 0 0 0.0 0.0 -999 ""
FIBERMAP 368 R-8C2 APOGEE 0 0 0 1 0 0 -173.02268401352146 -168.10030771875608 143.1 -237.07759213848342 44.32217457454135 305.01105 109.73209 -999.0 -999.0 -999.0 -999.0 -999.0 37.265412512782675 26.19657655157227 37.311058089844835 26.31650654317958 73.28297009114786 251.93212145975085 -999.0 16600.0 -999.0 2 -999 {-999.0 -999.0 -999.0 -999.0 -999.0} "" -999.0 -999.0 -999.0 -999.0 -999 -999 "" "" "" "" 0 0 0.0 0.0 -999 ""
FIBERMAP 368 R-8C2 BOSS 1 0 0 1 0 0 -173.55577482283852 -168.7498685502515 143.1 -237.91553280583537 44.382799631469325 305.01105 109.73209 37.2388296794884 26.338761198782212 -2.939711 -6.366686 2.647869 37.26114079314886 26.19677814621622 37.30684390777526 26.316742467268398 73.27970784367761 251.93879197407432 5400.0 5400.0 2016.0 1 489 {-999.0 20.764772 19.227264 17.974464 -999.0} sdss_psfmag 20.003683 18.666172 17.497883 15.209 63050396554131167 1094428712 bright_1x1 mwm_bin_vis_boss mwm_filler science 0 0 0.0 0.0 -999 ""
FIBERMAP 368 R-8C2 METROLOGY 0 0 0 1 0 0 -173.76531527281648 -168.0284690576488 143.1 -237.44731180954932 44.97004546055679 305.01105 109.73209 -999.0 -999.0 -999.0 -999.0 -999.0 37.26347362450249 26.19947135067241 37.3091666901272 26.319423913928194 73.28277740510013 251.94383269724722 -999.0 6231.0 -999.0 -1 -999 {-999.0 -999.0 -999.0 -999.0 -999.0} "" -999.0 -999.0 -999.0 -999.0 -999 -999 "" "" "" "" 0 0 0.0 0.0 -999 ""
FIBERMAP 372 R+12C4 APOGEE 0 0 0 1 0 0 -101.05492017472496 243.08644063614187 143.1 140.21087362607076 222.74438209536424 153.13266 100.010666 -999.0 -999.0 -999.0 -999.0 -999.0 39.17256645233752 27.009716224603718 39.22156648416865 27.12655546590889 75.17153483475494 251.79397288479623 -999.0 16600.0 -999.0 2 -999 {-999.0 -999.0 -999.0 -999.0 -999.0} "" -999.0 -999.0 -999.0 -999.0 -999 -999 "" "" "" "" 0 0 0.0 0.0 -999 ""
FIBERMAP 372 R+12C4 BOSS 1 1 0 1 0 0 -100.8630718714921 243.79660204265912 143.1 140.9014566349333 222.9973720790389 153.13266 100.010666 39.17602205441101 27.01082124598668 9.398972 -7.9745502 1.6437191 39.17600466581335 27.010798820035316 39.225064614336645 27.127656267407765 75.17481452451119 251.79246851835575 5400.0 5400.0 2016.0 1 93 {-999.0 18.557901 17.034477 16.351034 -999.0} sdss_psfmag 17.884714 16.93487 15.97392 14.017 63050396555031006 1094365377 bright_1x1 mwm_bin_vis_boss mwm_filler science 0 0 0.0 0.0 -999 ""
FIBERMAP 372 R+12C4 METROLOGY 0 0 0 1 0 0 -100.33207608827445 243.27126056795473 143.1 140.7787660383028 222.26072154472072 153.13266 100.010666 -999.0 -999.0 -999.0 -999.0 -999.0 39.17540990209923 27.007513077550342 39.2244472185555 27.124365074906894 75.17286972407425 251.78187248037113 -999.0 6231.0 -999.0 -1 -999 {-999.0 -999.0 -999.0 -999.0 -999.0} "" -999.0 -999.0 -999.0 -999.0 -999 -999 "" "" "" "" 0 0 0.0 0.0 -999 ""
FIBERMAP 373 R-8C13 APOGEE 0 0 0 1 0 0 49.545392278077955 -146.1712777642071 143.1 -90.7831575675289 -124.77680310165387 200.91777 57.514996 -999.0 -999.0 -999.0 -999.0 -999.0 38.0067500640169 25.43401072062204 38.05160666402753 25.552867539596413 73.50588379959288 248.4729363285823 -999.0 16600.0 -999.0 2 -999 {-999.0 -999.0 -999.0 -999.0 -999.0} "" -999.0 -999.0 -999.0 -999.0 -999 -999 "" "" "" "" 0 0 0.0 0.0 -999 ""
FIBERMAP 373 R-8C13 BOSS 1 1 0 1 0 0 49.68740335703012 -145.44430927881325 143.1 -90.10759827636191 -124.47342106931086 200.91777 57.514996 38.009977559336264 25.43529794688141 9.423276 3.3982482 2.266543 38.010038804261875 25.43531789228215 38.05495890865802 25.554199550811745 73.50916967498745 248.47169647565892 5400.0 5400.0 2016.0 1 353 {-999.0 21.688477 20.310537 18.985197 -999.0} sdss_psfmag 20.880583 19.736893 18.558815 16.881 63050396554106080 1094931052 bright_1x1 mwm_bin_vis_boss mwm_filler science 0 0 0.0 0.0 -999 ""
FIBERMAP 373 R-8C13 METROLOGY 0 0 0 1 0 0 50.247277308558 -145.91825724231245 143.1 -90.17166281866479 -125.20400737624755 200.91777 57.514996 -999.0 -999.0 -999.0 -999.0 -999.0 38.00976744258653 25.43202356619732 38.05466454663116 25.5508974665247 73.50729393346339 248.46207773063952 -999.0 6231.0 -999.0 -1 -999 {-999.0 -999.0 -999.0 -999.0 -999.0} "" -999.0 -999.0 -999.0 -999.0 -999 -999 "" "" "" "" 0 0 0.0 0.0 -999 ""
FIBERMAP 375 R+2C25 APOGEE 0 0 0 1 0 0 270.8411631142069 52.09505010788553 143.1 198.77402187694605 -191.11756764236628 83.69902 112.546364 -999.0 -999.0 -999.0 -999.0 -999.0 39.456824809044306 25.13688054011489 39.502354003327866 25.253457810350568 74.47208851376723 245.08266889195056 -999.0 16600.0 -999.0 2 57 {-999.0 -999.0 -999.0 -999.0 -999.0} "" -999.0 -999.0 -999.0 -999.0 -999 -999 "" ops_sky_apogee_best_unassigned ops_sky sky_apogee 0 0 0.0 0.0 -999 ""
FIBERMAP 375 R+2C25 BOSS 1 1 0 1 0 0 271.5443996901095 52.313153543551955 143.1 199.35778303836076 -191.56601732530748 83.69902 112.546364 39.459486534388496 25.13488849780134 39.031403 -13.274775 1.1239756 39.45962655707556 25.134849325804 39.50520705363948 25.25145280319534 74.47318611966631 245.0711710568396 5400.0 5400.0 2016.0 1 176 {-999.0 17.816975 16.760056 16.33789 -999.0} sdss_psfmag 17.437248 16.754646 15.957549 14.264 63050396555014784 1072606633 bright_1x1 mwm_halo_local_high_boss_single mwm_halo science 0 0 0.0 0.0 -999 ""
FIBERMAP 375 R+2C25 METROLOGY 0 0 0 1 0 0 271.3882186352321 51.58893635042216 143.1 198.6762965699329 -191.8562411164271 83.69902 112.546364 -999.0 -999.0 -999.0 -999.0 -999.0 39.45624716198594 25.13354935535976 39.50180726458251 25.25014979237033 74.46989293358854 245.0732440461232 -999.0 6231.0 -999.0 -1 -999 {-999.0 -999.0 -999.0 -999.0 -999.0} "" -999.0 -999.0 -999.0 -999.0 -999 -999 "" "" "" "" 0 0 0.0 0.0 -999 ""
FIBERMAP 380 R-1C10 APOGEE 0 0 0 1 0 0 -61.54758686912119 -26.149813882109676 143.1 -56.85728784843802 35.17524651689943 14.035053 74.92743 -999.0 -999.0 -999.0 -999.0 -999.0 38.17381307403322 26.162085836575514 38.22021993150071 26.280603364944618 73.99023397033396 250.4882385711445 -999.0 16600.0 -999.0 2 -999 {-999.0 -999.0 -999.0 -999.0 -999.0} "" -999.0 -999.0 -999.0 -999.0 -999 -999 "" "" "" "" 0 0 0.0 0.0 -999 ""
FIBERMAP 380 R-1C10 BOSS 1 1 0 1 0 0 -61.52621370911544 -26.910723975577667 143.1 -57.46631643894773 34.71886621799093 14.035053 74.92743 38.170626667694115 26.159993987541693 0.5044432 -2.4178383 2.5893474 38.17064109737886 26.159986944568836 38.21709881800098 26.278537107972333 73.98679406601187 250.48636089846235 5400.0 5400.0 2016.0 1 441 {-999.0 21.709763 20.192612 18.903833 -999.0} sdss_psfmag 20.562683 19.651766 18.445633 16.254 63050396555051425 1094405324 bright_1x1 mwm_bin_vis_boss mwm_filler science 0 0 0.0 0.0 -999 ""
FIBERMAP 380 R-1C10 METROLOGY 0 0 0 1 0 0 -62.185601650626104 -26.53659433545891 143.1 -57.54116745658451 35.47313576088266 14.035053 74.92743 -999.0 -999.0 -999.0 -999.0 -999.0 38.17027046170443 26.16342418068193 38.21671813886212 26.281966786880208 73.98809579222294 250.4979301321281 -999.0 6231.0 -999.0 -1 -999 {-999.0 -999.0 -999.0 -999.0 -999.0} "" -999.0 -999.0 -999.0 -999.0 -999 -999 "" "" "" "" 0 0 0.0 0.0 -999 ""
FIBERMAP 382 R+9C5 APOGEE 1 1 0 1 0 0 -113.0252797731815 186.64995600827288 143.1 87.21991910384222 199.96426064789185 163.44849 85.25582 38.90389366098785 26.909475064346957 156.56221 -9.141665 6.6700583 38.9043502779184 26.909438413107157 38.95289973801363 27.026718306895894 74.91281317475944 251.85607886891796 16000.0 16600.0 2016.0 2 112 {-999.0 11.175818 10.689751 10.52002 -999.0} sdss_psfmag_from_g3xp 11.075501 10.716811 10.188124 9.219 63050396555056097 1103502157 bright_1x1 mwm_tess_2min_apogee mwm_planet science 0 0 0.0 0.0 -999 ""
FIBERMAP 382 R+9C5 BOSS 0 0 0 1 0 0 -112.68702467725844 187.31398795416064 143.1 87.95728688714034 200.0710856127971 163.44849 85.25582 -999.0 -999.0 -999.0 -999.0 -999.0 38.9080563496688 26.909914793627888 38.95666565863752 27.027213051162587 74.91604104625839 251.85208708830567 -999.0 5400.0 -999.0 1 80 {-999.0 -999.0 -999.0 -999.0 -999.0} "" -999.0 -999.0 -999.0 -999.0 -999 -999 "" "" "" "" 0 0 0.0 0.0 -999 ""
FIBERMAP 382 R+9C5 METROLOGY 0 0 0 1 0 0 -112.27065583356973 186.67947776644587 143.1 87.67932739583763 199.36506579381634 163.44849 85.25582 -999.0 -999.0 -999.0 -999.0 -999.0 38.90666429148276 26.90674629120433 38.955250256620445 27.02404021720104 74.91350747268558 251.84329349051063 -999.0 6231.0 -999.0 -1 -999 {-999.0 -999.0 -999.0 -999.0 -999.0} "" -999.0 -999.0 -999.0 -999.0 -999 -999 "" "" "" "" 0 0 0.0 0.0 -999 ""
FIBERMAP 383 R+6C1 APOGEE 0 0 0 1 0 0 -226.302838649589 137.18657031566661 143.1 -18.515347305825653 263.9337814316676 157.9254 39.309948 -999.0 -999.0 -999.0 -999.0 -999.0 38.366095281732385 27.19640043954123 38.41471188911646 27.314506218778888 74.60449369224476 253.6282656670274 -999.0 16600.0 -999.0 2 119 {-999.0 -999.0 -999.0 -999.0 -999.0} "" -999.0 -999.0 -999.0 -999.0 -999 -999 "" "" "" "" 0 0 0.0 0.0 -999 ""
FIBERMAP 383 R+6C1 BOSS 1 1 0 1 0 0 -225.6170320805648 137.42092401218935 143.1 -17.92837062409388 263.5089389340597 157.9254 39.309948 38.36902385536885 27.194512922468853 -999.0 -999.0 -999.0 38.369025046112014 27.194503583606522 38.417698149078774 27.31262850329677 74.60611618845937 253.6176555587108 5400.0 5400.0 2016.0 1 83 {-999.0 -999.0 -999.0 -999.0 -999.0} "" -999.0 -999.0 -999.0 -999.0 63050398096124209 1117905537 bright_1x1 openfibertargets_bhm_lofarradio_boss open_fiber science 0 0 0.0 0.0 -999 ""
FIBERMAP 383 R+6C1 METROLOGY 0 0 0 1 0 0 -225.74211479045718 136.6887936907847 143.1 -18.598380018266 263.18875565284924 157.9254 39.309948 -999.0 -999.0 -999.0 -999.0 -999.0 38.3656366699809 27.19306989867587 38.41428742826298 27.31119364928542 74.60276333026798 253.61753186421763 -999.0 6231.0 -999.0 -1 -999 {-999.0 -999.0 -999.0 -999.0 -999.0} "" -999.0 -999.0 -999.0 -999.0 -999 -999 "" "" "" "" 0 0 0.0 0.0 -999 ""
FIBERMAP 386 R-4C2 APOGEE 0 0 0 1 0 0 -239.32146285204547 -70.092829544761 143.1 -195.28899601402784 154.9967212580468 182.08492 85.55729 -999.0 -999.0 -999.0 -999.0 -999.0 37.47152877330843 26.699454675032637 37.518328925906985 26.819013012362504 73.67135445868482 253.22912418910136 -999.0 16600.0 -999.0 2 -999 {-999.0 -999.0 -999.0 -999.0 -999.0} "" -999.0 -999.0 -999.0 -999.0 -999 -999 "" "" "" "" 0 0 0.0 0.0 -999 ""
FIBERMAP 386 R-4C2 BOSS 1 1 0 1 0 0 -239.30165130845643 -69.34329889366819 143.1 -194.66550267069653 155.41290604235695 182.08492 85.55729 37.4745761294394 26.70136087777637 -999.0 -999.0 -999.0 37.4745759633909 26.70136192202304 37.52144315163315 26.82094115035016 73.67469355602475 253.2310471638237 5400.0 5400.0 2016.0 1 486 {-999.0 19.242455 18.448227 17.96299 -999.0} sdss_psfmag 18.584404 20.760675 17.043854 14.618 63050396555054188 1118005371 bright_1x1 openfibertargets_bhm_lofarradio_boss open_fiber science 0 0 0.0 0.0 -999 ""
FIBERMAP 386 R-4C2 METROLOGY 0 0 0 1 0 0 -238.66192742898338 -69.7440100982875 143.1 -194.62370121457093 154.65936069435404 182.08492 85.55729 -999.0 -999.0 -999.0 -999.0 -999.0 37.47481840372453 26.697975192230466 37.52166213725354 26.81754709300104 73.67340551403045 253.21985465282944 -999.0 6231.0 -999.0 -1 -999 {-999.0 -999.0 -999.0 -999.0 -999.0} "" -999.0 -999.0 -999.0 -999.0 -999 -999 "" "" "" "" 0 0 0.0 0.0 -999 ""
FIBERMAP 388 R+2C3 APOGEE 1 1 0 1 0 0 -230.87112866281626 23.211710110874293 143.1 -114.2221733898694 201.9184334449998 272.01477 86.51769 37.87978700681628 26.915654144971942 78.61033 -18.213549 2.588855 37.8803287482441 26.915586458184244 37.9279327392552 27.034485530646183 74.09367266986548 253.36603213534647 16000.0 16600.0 2016.0 2 116 {-999.0 9.889617 9.058432 8.685101 -999.0} sdss_psfmag_from_g3xp 9.634607 9.057292 8.325466 6.798 63050396555055232 1106179123 bright_1x1 mwm_tess_rgb_apogee mwm_tessrgb science 0 0 0.9615833759307861 0.0 -999 ""
FIBERMAP 388 R+2C3 BOSS 0 0 0 1 0 0 -231.6197682942225 23.206752449201815 143.1 -114.65807067518531 202.5269111965749 272.01477 86.51769 -999.0 -999.0 -999.0 -999.0 -999.0 37.878037881171835 26.91830194746849 37.92570416305256 27.037229139143484 74.09304674540432 253.37817521622267 -999.0 5400.0 -999.0 1 60 {-999.0 -999.0 -999.0 -999.0 -999.0} "" -999.0 -999.0 -999.0 -999.0 -999 -999 "" "" "" "" 0 0 0.0 0.0 -999 ""
FIBERMAP 388 R+2C3 METROLOGY 0 0 0 1 0 0 -231.2622381178464 23.853877157993978 143.1 -113.92339057654905 202.6082433196164 272.01477 86.51769 -999.0 -999.0 -999.0 -999.0 -999.0 37.88178121119194 26.91870542999092 37.92943503892411 27.037619687635388 74.0962193226028 253.3742955100377 -999.0 6231.0 -999.0 -1 -999 {-999.0 -999.0 -999.0 -999.0 -999.0} "" -999.0 -999.0 -999.0 -999.0 -999 -999 "" "" "" "" 0 0 0.0 0.0 -999 ""
FIBERMAP 394 R-1C26 APOGEE 1 1 0 1 0 0 271.81023374470465 -2.9081186740894083 143.1 154.4175529508629 -223.637199901946 153.03731 72.61853 39.2348580545447 24.990626106386372 1.7828763 -1.8945806 0.44259706 39.234874555736624 24.990617510377028 39.27993071035348 25.10756857810602 74.22391462026073 245.02899014575152 16000.0 16600.0 2016.0 2 240 {-999.0 13.503353 12.569755 12.201744 -999.0} sdss_psfmag_from_g3xp 13.202838 12.587982 11.840907 10.271 63050396555014626 1108946632 bright_1x1 mwm_tess_rgb_apogee mwm_tessrgb science 0 0 0.0 0.0 -999 ""
FIBERMAP 394 R-1C26 BOSS 0 0 0 1 0 0 272.32463250410734 -2.3721626689786817 143.1 155.15194174369148 -223.74809342206703 153.03731 72.61853 -999.0 -999.0 -999.0 -999.0 -999.0 39.23845916969024 24.990101706140937 39.28357099015841 25.10707821217331 74.22642472910876 245.0209264978837 -999.0 5400.0 -999.0 1 262 {-999.0 -999.0 -999.0 -999.0 -999.0} "" -999.0 -999.0 -999.0 -999.0 -999 -999 "" "" "" "" 0 0 0.0 0.0 -999 ""
FIBERMAP 394 R-1C26 METROLOGY 0 0 0 1 0 0 272.5439460908583 -3.091352498669572 143.1 154.6911627365112 -224.34204534161282 153.03731 72.61853 -999.0 -999.0 -999.0 -999.0 -999.0 39.23615153557752 24.98744998549938 39.28124105206916 25.10442166708481 74.22321457896965 245.0168912164255 -999.0 6231.0 -999.0 -1 -999 {-999.0 -999.0 -999.0 -999.0 -999.0} "" -999.0 -999.0 -999.0 -999.0 -999 -999 "" "" "" "" 0 0 0.0 0.0 -999 ""
FIBERMAP 396 R+11C2 APOGEE 0 0 0 1 0 0 -165.53088016331662 210.79634165077576 143.1 76.65022507024378 256.7689405034963 235.47456 57.59561 -999.0 -999.0 -999.0 -999.0 -999.0 38.84994185308369 27.164028598700536 38.89895067824443 27.281368851339295 74.98032736802348 252.81938403558277 -999.0 16600.0 -999.0 2 -999 {-999.0 -999.0 -999.0 -999.0 -999.0} "" -999.0 -999.0 -999.0 -999.0 -999 -999 "" "" "" "" 0 0 0.0 0.0 -999 ""
FIBERMAP 396 R+11C2 BOSS 1 1 0 1 0 0 -165.83827897024617 211.4762604149767 143.1 77.02812390758146 257.41216931966443 235.47456 57.59561 38.85177612304687 27.166876005961775 -999.0 -999.0 -999.0 38.85179586585591 27.166866149763923 38.9008678838502 27.28422658318592 74.98308977721175 252.82654066361854 5400.0 5400.0 2015.5 1 17 {-999.0 -999.0 -999.0 -999.0 -999.0} "" -999.0 -999.0 -999.0 -999.0 27021603081077743 803862050 "" ops_sky_boss_good ops_sky sky_boss 0 0 0.0 0.0 -999 ""
FIBERMAP 396 R+11C2 METROLOGY 0 0 0 1 0 0 -165.09835440912653 211.40427540742533 143.1 77.39616272771389 256.76642429851876 235.47456 57.59561 -999.0 -999.0 -999.0 -999.0 -999.0 38.853689361432075 27.163983568788325 38.90274156729055 27.28133464291404 74.98335813718825 252.81370281290947 -999.0 6231.0 -999.0 -1 -999 {-999.0 -999.0 -999.0 -999.0 -999.0} "" -999.0 -999.0 -999.0 -999.0 -999 -999 "" "" "" "" 0 0 0.0 0.0 -999 ""
FIBERMAP 402 R+12C13 APOGEE 0 0 0 1 0 0 103.71211172849114 227.68695039385065 143.1 245.7544772242667 46.64893762665178 177.60727 146.87521 -999.0 -999.0 -999.0 -999.0 -999.0 39.702348546090796 26.210511787748683 39.75022161465927 26.326577810506055 75.21608049672881 248.1625720840214 -999.0 16600.0 -999.0 2 -999 {-999.0 -999.0 -999.0 -999.0 -999.0} "" -999.0 -999.0 -999.0 -999.0 -999 -999 "" "" "" "" 0 0 0.0 0.0 -999 ""
FIBERMAP 402 R+12C13 BOSS 1 1 0 1 0 0 103.09682797718406 228.12573539425412 143.1 245.7578649104672 47.40448788789661 177.60727 146.87521 39.70260286765323 26.214294723840514 -72.01464 -133.85585 11.561844 39.70235658567324 26.213907661454883 39.75028888048416 26.329999807182364 75.21781467899797 248.1741359968482 5400.0 5400.0 2016.0 1 100 {-999.0 16.167332 14.6669445 13.769586 -999.0} sdss_psfmag_from_g3xp 15.543935 14.412179 13.360211 11.432 63050396555021282 1150961708 bright_1x1 mwm_snc_100pc_boss_single mwm_snc science 0 0 0.0 0.0 -999 ""
FIBERMAP 402 R+12C13 METROLOGY 0 0 0 1 0 0 103.77660159143298 228.43025587485394 143.1 246.39865956239797 47.02504723216493 177.60727 146.87521 -999.0 -999.0 -999.0 -999.0 -999.0 39.705545304653484 26.21216760847858 39.75346207862401 26.328247246451213 75.2194303533262 248.1626754378141 -999.0 6231.0 -999.0 -1 -999 {-999.0 -999.0 -999.0 -999.0 -999.0} "" -999.0 -999.0 -999.0 -999.0 -999 -999 "" "" "" "" 0 0 0.0 0.0 -999 ""
FIBERMAP 404 R+1C23 APOGEE 0 0 0 1 0 0 208.76111454773172 29.676326141631 143.1 144.6563864737744 -153.35525424999983 93.85557 133.24977 -999.0 -999.0 -999.0 -999.0 -999.0 39.189783692953 25.30634181901711 39.23541756163695 25.423332133150492 74.35793604112159 246.09541261461416 -999.0 16600.0 -999.0 2 -999 {-999.0 -999.0 -999.0 -999.0 -999.0} "" -999.0 -999.0 -999.0 -999.0 -999 -999 "" "" "" "" 0 0 0.0 0.0 -999 ""
FIBERMAP 404 R+1C23 BOSS 1 1 0 1 0 0 209.26154821615498 30.23535150329384 143.1 145.4015579648393 -153.4414364680352 93.85557 133.24977 39.19347454691194 25.3059074070321 2.1900008 -1.3422842 0.48172325 39.19348316122867 25.305892711714897 39.239173221647434 25.422907147512472 74.36060004073258 246.08746676388512 5400.0 5400.0 2016.0 1 182 {-999.0 16.336542 15.812174 15.625523 -999.0} sdss_psfmag 16.202635 15.820034 15.274586 14.297 63050396555016391 982062298 "" ops_std_boss_tic ops_std standard_boss 0 0 0.0 0.0 -999 ""
FIBERMAP 404 R+1C23 METROLOGY 0 0 0 1 0 0 209.49029311838615 29.518336924878273 143.1 144.9479956684635 -154.0418351976617 93.85557 133.24977 -999.0 -999.0 -999.0 -999.0 -999.0 39.19120032595261 25.30319616363059 39.236867889067014 25.42020605595641 74.35740986950168 246.08299442571177 -999.0 6231.0 -999.0 -1 -999 {-999.0 -999.0 -999.0 -999.0 -999.0} "" -999.0 -999.0 -999.0 -999.0 -999 -999 "" "" "" "" 0 0 0.0 0.0 -999 ""
FIBERMAP 409 R+9C6 APOGEE 0 0 0 1 1 0 -77.67183994266924 186.18967885374298 143.1 107.23750523592017 170.82920735230275 74.3395 128.21907 -999.0 -999.0 -999.0 -999.0 -999.0 39.006168500531324 26.7776960430036 39.05454863429151 26.894826701350006 74.93504456891222 251.24684939707237 -999.0 16600.0 -999.0 2 17 {-999.0 -999.0 -999.0 -999.0 -999.0} "" -999.0 -999.0 -999.0 -999.0 -999 -999 "" ops_sky_apogee_best_unassigned ops_sky sky_apogee 0 0 0.0 0.0 -999 ""
FIBERMAP 409 R+9C6 BOSS 1 0 0 1 1 0 -76.98502070198863 186.47759454818063 143.1 107.86880468717919 170.4344348684565 74.3395 128.21907 38.97262573242187 26.82150751795038 -999.0 -999.0 -999.0 39.009346908871045 26.775914182370702 39.057781452427605 26.893064710171025 74.93682479794062 251.23579914566 5400.0 5400.0 2015.5 1 147 {-999.0 -999.0 -999.0 -999.0 -999.0} "" -999.0 -999.0 -999.0 -999.0 27021603081061353 803860012 "" ops_sky_boss_good ops_sky sky_boss 0 0 0.0 0.0 -999 ""
FIBERMAP 409 R+9C6 METROLOGY 0 0 0 1 1 0 -77.06654593322588 185.72889795820748 143.1 107.21039321736342 170.06912647585594 74.3395 128.21907 -999.0 -999.0 -999.0 -999.0 -999.0 39.00602049625927 26.774283988937896 39.054433123401054 26.891433002559232 74.93342366041176 251.23537172429087 -999.0 6231.0 -999.0 -1 -999 {-999.0 -999.0 -999.0 -999.0 -999.0} "" -999.0 -999.0 -999.0 -999.0 -999 -999 "" "" "" "" 0 0 0.0 0.0 -999 ""
FIBERMAP 410 R-2C2 APOGEE 0 0 0 1 0 0 -241.06357465255257 -46.86096573588621 143.1 -177.32283286394127 169.8205056457187 270.47467 145.95271 -999.0 -999.0 -999.0 -999.0 -999.0 37.5617302291258 26.767459067469 37.60874642185706 26.886870298447057 73.77337324643649 253.32378996726771 -999.0 16600.0 -999.0 2 -999 {-999.0 -999.0 -999.0 -999.0 -999.0} "" -999.0 -999.0 -999.0 -999.0 -999 -999 "" "" "" "" 0 0 0.0 0.0 -999 ""
FIBERMAP 410 R-2C2 BOSS 1 1 0 1 0 0 -241.46083264729845 -47.50203703945286 143.1 -178.07548654951697 169.77510705108784 270.47467 145.95271 37.55787771509611 26.7671944554427 -999.0 -999.0 -999.0 37.55785975545453 26.767194033600155 37.604932027970904 26.886636837172258 73.77020042798628 253.32826178558952 5400.0 5400.0 2016.0 1 435 {-999.0 21.28847 20.350819 19.78196 -999.0} sdss_psfmag -999.0 -999.0 -999.0 -999.0 63050396665583095 1118009764 bright_1x1 openfibertargets_bhm_lofarradio_boss open_fiber science 0 0 0.0 0.0 -999 ""
FIBERMAP 410 R-2C2 METROLOGY 0 0 0 1 0 0 -241.8092139634824 -46.83481237075115 143.1 -177.73159423078792 170.44447957553726 270.47467 145.95271 -999.0 -999.0 -999.0 -999.0 -999.0 37.559606601090124 26.770232868722616 37.606669325328824 26.889665396041302 73.77289986868799 253.335669735831 -999.0 6231.0 -999.0 -1 -999 {-999.0 -999.0 -999.0 -999.0 -999.0} "" -999.0 -999.0 -999.0 -999.0 -999 -999 "" "" "" "" 0 0 0.0 0.0 -999 ""
FIBERMAP 415 R-2C4 APOGEE 0 0 0 1 0 0 -190.36073812787697 -25.61204916188941 143.1 -130.7233451879318 140.67400244827726 82.33642 81.04161 -999.0 -999.0 -999.0 -999.0 -999.0 37.797438724269774 26.63869323378722 37.84442556666096 26.757750875014665 73.90678825481163 252.57778647471926 -999.0 16600.0 -999.0 2 -999 {-999.0 -999.0 -999.0 -999.0 -999.0} "" -999.0 -999.0 -999.0 -999.0 -999 -999 "" "" "" "" 0 0 0.0 0.0 -999 ""
FIBERMAP 415 R-2C4 BOSS 1 1 0 1 0 0 -189.6501429052774 -25.809833074528967 143.1 -130.47495196590387 139.97964126076403 82.33642 81.04161 37.798548637441655 26.635653889805184 22.75565 -17.714504 0.4510524 37.79860734003059 26.635577839248757 37.84564853293358 26.754659867259882 73.90641241788292 252.56603836519236 5400.0 5400.0 2016.0 1 474 {-999.0 17.148489 16.76811 16.587755 -999.0} sdss_psfmag 17.073244 16.74768 16.243238 15.358 63050396555053884 981127856 "" ops_std_boss_tic ops_std standard_boss 0 0 0.0 0.0 -999 ""
FIBERMAP 415 R-2C4 METROLOGY 0 0 0 1 0 0 -190.1899841931655 -26.338344607484643 143.1 -131.21793800832506 140.11560540124444 82.33642 81.04161 -999.0 -999.0 -999.0 -999.0 -999.0 37.79486980550307 26.636156530270135 37.841891846220506 26.755236997979274 73.90365193569504 252.5732213715085 -999.0 6231.0 -999.0 -1 -999 {-999.0 -999.0 -999.0 -999.0 -999.0} "" -999.0 -999.0 -999.0 -999.0 -999 -999 "" "" "" "" 0 0 0.0 0.0 -999 ""
FIBERMAP 417 R+13C12 APOGEE 0 0 0 1 0 0 115.32273597677069 261.119397659935 143.1 279.75287162200476 56.453059159944374 62.07286 82.45854 -999.0 -999.0 -999.0 -999.0 -999.0 39.87136949996208 26.25308383233321 39.91947839257671 26.36887003195821 75.36893318152288 248.01364115418247 -999.0 16600.0 -999.0 2 93 {-999.0 -999.0 -999.0 -999.0 -999.0} "" -999.0 -999.0 -999.0 -999.0 -999 -999 "" ops_sky_apogee_best_unassigned ops_sky sky_apogee 0 0 0.0 0.0 -999 ""
FIBERMAP 417 R+13C12 BOSS 1 1 0 1 0 0 115.93857082607883 260.6965795518761 143.1 279.7628403646146 55.706269291851356 62.07286 82.45854 39.87138715041125 26.24986689739394 -14.095328 -58.551174 0.8564928 39.871332654100755 26.249683428467325 39.91948646352739 26.365496330722234 75.36727742261412 248.00200473999573 5400.0 5400.0 2016.0 1 92 {-999.0 17.291609 16.613186 16.31307 -999.0} sdss_psfmag 17.113447 16.624964 15.974451 14.851 63050396555022077 1073248246 bright_1x1 mwm_halo_local_high_boss_single mwm_halo science 0 0 0.0 0.0 -999 ""
FIBERMAP 417 R+13C12 METROLOGY 0 0 0 1 0 0 115.27345276118129 260.3715544210299 143.1 279.11375563555066 56.061914256103236 62.07286 82.45854 -999.0 -999.0 -999.0 -999.0 -999.0 39.86814584131046 26.251332832449815 39.916285475327925 26.367143310025835 75.36559303735872 248.0132707072413 -999.0 6231.0 -999.0 -1 -999 {-999.0 -999.0 -999.0 -999.0 -999.0} "" -999.0 -999.0 -999.0 -999.0 -999 -999 "" "" "" "" 0 0 0.0 0.0 -999 ""
FIBERMAP 422 R+8C8 APOGEE 0 0 0 1 0 0 -43.14469038886212 135.66922485917536 143.1 85.89941471342715 113.49194888552724 320.15558 62.846317 -999.0 -999.0 -999.0 -999.0 -999.0 38.8981272102453 26.518752054310056 38.94589227670832 26.63608278883967 74.73068029786641 250.53592252545346 -999.0 16600.0 -999.0 2 -999 {-999.0 -999.0 -999.0 -999.0 -999.0} "" -999.0 -999.0 -999.0 -999.0 -999 -999 "" "" "" "" 0 0 0.0 0.0 -999 ""
FIBERMAP 422 R+8C8 BOSS 1 1 0 1 0 0 -43.83468600677937 135.35872806005426 143.1 85.24784330279091 113.87628939982744 320.15558 62.846317 38.89478838791597 26.520522558573 2.6461344 -4.6212416 0.09699094 38.89480313478013 26.520525324232903 38.94262405190585 26.6378869452989 74.72892219999757 250.54712078252936 5400.0 5400.0 2016.0 1 132 {-999.0 15.116812 14.407565 14.084498 -999.0} sdss_psfmag 14.915784 14.4012 13.719012 12.309 63050396555029687 1061918939 bright_1x1 manual_mwm_halo_vmp_wise_boss_single mwm_halo science 0 0 0.0 0.0 -999 ""
FIBERMAP 422 R+8C8 METROLOGY 0 0 0 1 0 0 -43.753558038927494 136.10043497642178 143.1 85.90031786048674 114.23789024008865 320.15558 62.846317 -999.0 -999.0 -999.0 -999.0 -999.0 38.898122327717886 26.522153884022135 38.94593380855457 26.639502722218445 74.73229243937467 250.54737657263803 -999.0 6231.0 -999.0 -1 -999 {-999.0 -999.0 -999.0 -999.0 -999.0} "" -999.0 -999.0 -999.0 -999.0 -999 -999 "" "" "" "" 0 0 0.0 0.0 -999 ""
FIBERMAP 423 R-11C2 APOGEE 0 0 0 1 0 0 -124.84234631605034 -220.01417215642442 143.1 -251.67776829114368 -24.968030246386018 53.45753 27.136473 -999.0 -999.0 -999.0 -999.0 -999.0 37.19652234730427 25.88210311061816 37.2415090830915 26.002172475541354 73.08322135791421 251.0658929720849 -999.0 16600.0 -999.0 2 -999 {-999.0 -999.0 -999.0 -999.0 -999.0} "" -999.0 -999.0 -999.0 -999.0 -999 -999 "" "" "" "" 0 0 0.0 0.0 -999 ""
FIBERMAP 423 R-11C2 BOSS 1 1 0 1 0 0 -125.03003150731409 -220.83635987319164 143.1 -252.45743028056165 -25.289041611708704 53.45753 27.136473 37.192566082666175 25.880593626300527 8.237726 -3.7950256 2.5243452 37.19259386791845 25.880584415155443 37.23763538483314 26.00068893840627 73.07944943475076 251.06695275572324 5400.0 5400.0 2016.0 1 428 {-999.0 21.536556 19.971695 18.537424 -999.0} sdss_psfmag 20.610117 19.27435 18.062656 15.486 63050396554129526 1094515214 bright_1x1 mwm_bin_vis_boss mwm_filler science 0 0 0.0 0.0 -999 ""
FIBERMAP 423 R-11C2 METROLOGY 0 0 0 1 0 0 -125.53692068719731 -220.28662109376418 143.1 -252.30091112758222 -24.55800302105239 53.45753 27.136473 -999.0 -999.0 -999.0 -999.0 -999.0 37.1933458773295 25.883908363181973 37.23837700675671 26.00400316538994 73.0815824505284 251.07596467005078 -999.0 6231.0 -999.0 -1 -999 {-999.0 -999.0 -999.0 -999.0 -999.0} "" -999.0 -999.0 -999.0 -999.0 -999 -999 "" "" "" "" 0 0 0.0 0.0 -999 ""
FIBERMAP 425 R-10C2 APOGEE 0 0 0 1 0 0 -150.45107160478284 -210.27277240747404 143.1 -258.495221387704 1.5632767841389823 322.39767 83.37677 -999.0 -999.0 -999.0 -999.0 -999.0 37.16107306449829 26.001829842189128 37.2062539305341 26.12194118133966 73.11056366125739 251.48146939921617 -999.0 16600.0 -999.0 2 -999 {-999.0 -999.0 -999.0 -999.0 -999.0} "" -999.0 -999.0 -999.0 -999.0 -999 -999 "" "" "" "" 0 0 0.0 0.0 -999 ""
FIBERMAP 425 R-10C2 BOSS 1 1 0 1 0 0 -150.9502683414138 -210.798186396878 143.1 -259.2122323850191 1.6678374711596597 322.39767 83.37677 37.157446714312414 26.0022224984718 -999.0 -999.0 -999.0 37.15743413317894 26.00223641996153 37.20267382879564 26.122381840116663 73.1079116214473 251.48790226081206 5400.0 5400.0 2016.0 1 427 {-999.0 22.56144 20.775475 19.849438 -999.0} sdss_psfmag -999.0 -999.0 -999.0 -999.0 63050396665564366 1118009760 bright_1x1 openfibertargets_bhm_lofarradio_boss open_fiber science 0 0 0.0 0.0 -999 ""
FIBERMAP 425 R-10C2 METROLOGY 0 0 0 1 0 0 -151.17512700169715 -210.09275640065505 143.1 -258.76588827575415 2.258380197907576 322.39767 83.37677 -999.0 -999.0 -999.0 -999.0 -999.0 37.15963518077397 26.004940071208082 37.20486459498619 26.12507372711348 73.1108957879048 251.49301884268723 -999.0 6231.0 -999.0 -1 -999 {-999.0 -999.0 -999.0 -999.0 -999.0} "" -999.0 -999.0 -999.0 -999.0 -999 -999 "" "" "" "" 0 0 0.0 0.0 -999 ""
FIBERMAP 428 R+3C23 APOGEE 0 0 0 1 0 0 240.92415396901905 42.97566281529751 143.1 174.0696785531262 -171.9478717460708 315.30396 92.75072 -999.0 -999.0 -999.0 -999.0 -999.0 39.335484226109166 25.222722470608915 39.38107875830582 25.339486787383183 74.4254035082621 245.57247046371353 -999.0 16600.0 -999.0 2 -999 {-999.0 -999.0 -999.0 -999.0 -999.0} "" -999.0 -999.0 -999.0 -999.0 -999 -999 "" "" "" "" 0 0 0.0 0.0 -999 ""
FIBERMAP 428 R+3C23 BOSS 1 1 0 1 0 0 240.43839442214525 42.439526312188114 143.1 173.35166274647975 -171.86046906616502 315.30396 92.75072 39.331864548082024 25.223077517261096 1.3049607 -3.1385112 0.33224657 39.331885593699965 25.223061280187967 39.3775311202574 25.33986163424765 74.42288650221812 245.57999813950136 5400.0 5400.0 2016.0 1 186 {-999.0 17.344776 16.80854 16.57222 16.439415} sdss_psfmag_from_gaia 17.2219 16.8208 16.2244 15.214 63050396555014922 974238721 "" ops_std_boss_gdr2 ops_std standard_boss 0 0 0.0 0.0 -999 ""
FIBERMAP 428 R+3C23 METROLOGY 0 0 0 1 0 0 240.19630435589409 43.13966562376629 143.1 173.78374664704387 -171.25890711330393 315.30396 92.75072 -999.0 -999.0 -999.0 -999.0 -999.0 39.334078678277734 25.225784310422835 39.37971626851987 25.34257225278318 74.42599972494924 245.58464297406368 -999.0 6231.0 -999.0 -1 -999 {-999.0 -999.0 -999.0 -999.0 -999.0} "" -999.0 -999.0 -999.0 -999.0 -999 -999 "" "" "" "" 0 0 0.0 0.0 -999 ""
FIBERMAP 432 R+11C15 APOGEE 0 0 0 1 0 0 141.11750103591467 199.27523778423497 143.1 244.1306361470586 -0.285373157308295 265.52948 104.997215 -999.0 -999.0 -999.0 -999.0 -999.0 39.692734839598096 25.998096655379445 39.74017348162823 26.114200591848626 75.10276704808537 247.46038829747962 -999.0 16600.0 -999.0 2 -999 {-999.0 -999.0 -999.0 -999.0 -999.0} "" -999.0 -999.0 -999.0 -999.0 -999 -999 "" "" "" "" 0 0 0.0 0.0 -999 ""
FIBERMAP 432 R+11C15 BOSS 1 1 0 1 0 0 140.40988412558318 199.12514894268307 143.1 243.59988878746606 0.2058873616384907 265.52948 104.997215 39.69007705429711 26.00034573685093 -999.0 -999.0 -999.0 39.69009148320936 26.000311898698016 39.73758460386955 26.11644717327994 75.10188360955121 247.47248395454315 5400.0 5400.0 2016.0 1 178 {-999.0 20.606087 19.915716 19.428349 -999.0} sdss_psfmag -999.0 -999.0 -999.0 -999.0 63050397381319236 1118030506 bright_1x1 openfibertargets_bhm_lofarradio_boss open_fiber science 0 0 0.0 0.0 -999 ""
FIBERMAP 432 R+11C15 METROLOGY 0 0 0 1 0 0 140.62895156319507 199.839136173324 143.1 244.30929717207448 0.4388571639706279 265.52948 104.997215 -999.0 -999.0 -999.0 -999.0 -999.0 39.693635885571126 26.001350417262167 39.741119351524105 26.11747208701571 75.10514330106518 247.46973852256684 -999.0 6231.0 -999.0 -1 -999 {-999.0 -999.0 -999.0 -999.0 -999.0} "" -999.0 -999.0 -999.0 -999.0 -999 -999 "" "" "" "" 0 0 0.0 0.0 -999 ""
FIBERMAP 436 R+4C3 APOGEE 0 0 0 1 0 0 -221.08644793581726 88.31458645295547 143.1 -55.41505903444816 231.48253856276406 227.31815 18.46601 -999.0 -999.0 -999.0 -999.0 -999.0 38.17867650842761 27.050600892698075 38.22682704033002 27.16901760718569 74.3916992466388 253.3979347426669 -999.0 16600.0 -999.0 2 149 {-999.0 -999.0 -999.0 -999.0 -999.0} "" -999.0 -999.0 -999.0 -999.0 -999 -999 "" ops_sky_apogee_best_unassigned ops_sky sky_apogee 0 0 0.0 0.0 -999 ""
FIBERMAP 436 R+4C3 BOSS 1 1 0 1 0 0 -220.78223712781605 88.98508022668236 143.1 -54.69205280612551 231.62089149349214 227.31815 18.46601 38.18227653585805 27.051279927380218 -2.7353916 0.029502306 0.34660807 38.182284783912856 27.051247789981332 38.23049809903989 27.169682940305727 74.39493942222792 253.3950300662473 5400.0 5400.0 2016.0 1 29 {-999.0 17.022078 16.569082 16.40655 -999.0} sdss_psfmag 16.930876 16.591673 16.078945 15.179 63050396555055100 981127860 "" ops_std_boss_tic ops_std standard_boss 0 0 0.0 0.0 -999 ""
FIBERMAP 436 R+4C3 METROLOGY 0 0 0 1 0 0 -220.34879950030282 88.38066170867575 143.1 -54.93559346407595 230.91829156426127 227.31815 18.46601 -999.0 -999.0 -999.0 -999.0 -999.0 38.181069102489225 27.048094728242813 38.22925858366966 27.166525277442897 74.3926021950131 253.38613664801866 -999.0 6231.0 -999.0 -1 -999 {-999.0 -999.0 -999.0 -999.0 -999.0} "" -999.0 -999.0 -999.0 -999.0 -999 -999 "" "" "" "" 0 0 0.0 0.0 -999 ""
FIBERMAP 440 R+8C4 APOGEE 0 0 0 1 0 0 -121.49068508721602 164.32993765160816 143.1 64.11021399540368 194.00190662376232 56.544872 94.281586 -999.0 -999.0 -999.0 -999.0 -999.0 38.787011120674485 26.883065853809647 38.8353989242259 27.000535930708413 74.80733290127363 251.94318835480004 -999.0 16600.0 -999.0 2 -999 {-999.0 -999.0 -999.0 -999.0 -999.0} "" -999.0 -999.0 -999.0 -999.0 -999 -999 "" "" "" "" 0 0 0.0 0.0 -999 ""
FIBERMAP 440 R+8C4 BOSS 1 1 0 1 0 0 -120.81509135565695 163.95085668982222 143.1 64.19036999967044 193.23154732261017 56.544872 94.281586 38.787384473967805 26.879606502577527 -999.0 -999.0 -999.0 38.787387005856914 26.879617794436193 38.83582415519385 26.997112140653538 74.8061609773839 251.93082851725373 5400.0 5400.0 2016.0 1 57 {-999.0 21.44849 19.96617 19.738441 -999.0} sdss_psfmag 20.607386 21.121769 18.844189 16.488 63050396555056065 1118005405 bright_1x1 openfibertargets_bhm_lofarradio_boss open_fiber science 0 0 0.0 0.0 -999 ""
FIBERMAP 440 R+8C4 METROLOGY 0 0 0 1 0 0 -121.46661746514593 163.58422810354023 143.1 63.51515242478456 193.55209438816644 56.544872 94.281586 -999.0 -999.0 -999.0 -999.0 -999.0 38.78396431937394 26.88106893896195 38.83238535872505 26.99856164547054 74.8040519936657 251.94095281463126 -999.0 6231.0 -999.0 -1 -999 {-999.0 -999.0 -999.0 -999.0 -999.0} "" -999.0 -999.0 -999.0 -999.0 -999 -999 "" "" "" "" 0 0 0.0 0.0 -999 ""
FIBERMAP 448 R+7C8 APOGEE 1 1 0 1 0 0 -73.92223249865829 125.37411832619564 143.1 59.73858756854209 132.68614668036966 263.31857 51.565163 38.76518810034282 26.60623738304982 10.834496 -26.751833 2.1915812 38.76521239458248 26.606107124646353 38.813029282597086 26.723640956538695 74.66533240988794 251.03704560111333 16000.0 16600.0 2016.0 2 27 {-999.0 13.002058 12.4331455 12.225645 -999.0} sdss_psfmag_from_g3xp 12.864871 12.459956 11.885878 10.861 63050396555029830 1076265091 bright_1x1 mwm_snc_ext_main_apogee mwm_snc science 0 0 0.0 0.0 -999 ""
FIBERMAP 448 R+7C8 BOSS 0 0 0 1 0 0 -74.43020403503314 125.91153623091301 143.1 59.88442116937352 133.4109618887114 263.31857 51.565163 -999.0 -999.0 -999.0 -999.0 -999.0 38.76592052566083 26.609416619823065 38.81380047671877 26.726974472709127 74.66746314493153 251.04708412031732 -999.0 5400.0 -999.0 1 104 {-999.0 -999.0 -999.0 -999.0 -999.0} "" -999.0 -999.0 -999.0 -999.0 -999 -999 "" "" "" "" 0 0 0.0 0.0 -999 ""
FIBERMAP 448 R+7C8 METROLOGY 0 0 0 1 0 0 -73.69864258737205 126.08926727796876 143.1 60.45155337755679 132.91609357296417 263.31857 51.565163 -999.0 -999.0 -999.0 -999.0 -999.0 38.768815954098834 26.607166054703196 38.8166782617559 26.724712305318217 74.6687219960187 251.03504131756904 -999.0 6231.0 -999.0 -1 -999 {-999.0 -999.0 -999.0 -999.0 -999.0} "" -999.0 -999.0 -999.0 -999.0 -999 -999 "" "" "" "" 0 0 0.0 0.0 -999 ""
FIBERMAP 450 R+2C17 APOGEE 1 1 0 1 0 0 82.97992973051488 24.263240317567025 143.1 67.67985109873305 -53.76511287423173 265.98764 95.577034 38.80520759460391 25.758071648242918 -5.903399 -8.783241 1.2072875 38.80520227354427 25.75800835142532 38.85138540499338 25.875567424113793 74.2914829107986 248.18904540778277 16000.0 16600.0 2016.0 2 61 {-999.0 11.9811325 11.452196 11.25606 -999.0} sdss_psfmag_from_g3xp 11.859907 11.476551 10.918281 9.963 63050396555023358 1104478707 bright_1x1 mwm_tess_rgb_apogee mwm_tessrgb science 0 0 0.0 0.0 -999 ""
FIBERMAP 450 R+2C17 BOSS 0 0 0 1 0 0 82.23266466471982 24.22120077188616 143.1 67.2144657357165 -53.17914808155765 265.98764 95.577034 -999.0 -999.0 -999.0 -999.0 -999.0 38.802838905465805 25.760619220471778 38.849080486925516 25.87821034969991 74.29099707215565 248.20132293497647 -999.0 5400.0 -999.0 1 199 {-999.0 -999.0 -999.0 -999.0 -999.0} "" -999.0 -999.0 -999.0 -999.0 -999 -999 "" "" "" "" 0 0 0.0 0.0 -999 ""
FIBERMAP 450 R+2C17 METROLOGY 0 0 0 1 0 0 82.56493720202789 24.892380408838157 143.1 67.95421930079293 -53.06331466350069 265.98764 95.577034 -999.0 -999.0 -999.0 -999.0 -999.0 38.8065850760471 25.761158958560443 38.85281529221237 25.878735955633083 74.29417420865423 248.19683899925025 -999.0 6231.0 -999.0 -1 -999 {-999.0 -999.0 -999.0 -999.0 -999.0} "" -999.0 -999.0 -999.0 -999.0 -999 -999 "" "" "" "" 0 0 0.0 0.0 -999 ""
FIBERMAP 452 R+12C9 APOGEE 0 0 0 1 0 0 5.79960207449426 236.3961342669444 143.1 196.386057671144 131.62793497800388 193.06602 87.925995 -999.0 -999.0 -999.0 -999.0 -999.0 39.456493879762114 26.597167546164616 39.50492373001555 26.713591892082707 75.20904055327533 249.9056043403186 -999.0 16600.0 -999.0 2 -999 {-999.0 -999.0 -999.0 -999.0 -999.0} "" -999.0 -999.0 -999.0 -999.0 -999 -999 "" "" "" "" 0 0 0.0 0.0 -999 ""
FIBERMAP 452 R+12C9 BOSS 1 1 0 1 0 0 5.631540826548278 237.112867734023 143.1 196.8743954622605 132.17861740520465 193.06602 87.925995 39.45895783157566 26.599647755079488 -3.3730001 -10.012794 1.0725712 39.45892404795367 26.599619543532796 39.507414427063225 26.716064906247297 75.21216321277595 249.91009604842907 5400.0 5400.0 2016.0 1 154 {-999.0 19.346346 17.923557 17.22473 -999.0} sdss_psfmag 18.75296 17.787321 16.825783 14.951 63050396555028664 1094911015 bright_1x1 mwm_bin_vis_boss mwm_filler science 0 0 0.0 0.0 -999 ""
FIBERMAP 452 R+12C9 METROLOGY 0 0 0 1 0 0 6.34884249681161 236.90110648301618 143.1 197.11524339847105 131.47071699181265 193.06602 87.925995 -999.0 -999.0 -999.0 -999.0 -999.0 39.460141511244856 26.596415284455716 39.50861141243348 26.712851877395856 75.21160671111687 249.89700972112962 -999.0 6231.0 -999.0 -1 -999 {-999.0 -999.0 -999.0 -999.0 -999.0} "" -999.0 -999.0 -999.0 -999.0 -999 -999 "" "" "" "" 0 0 0.0 0.0 -999 ""
FIBERMAP 455 R-2C17 APOGEE 0 0 0 1 0 0 86.91979642484608 -51.903786126431356 143.1 7.754708617758405 -100.91895194736836 260.6881 112.945274 -999.0 -999.0 -999.0 -999.0 -999.0 38.502615652540165 25.543365704029245 38.548116088085976 25.661428801873807 73.94792390172238 248.00953866799873 -999.0 16600.0 -999.0 2 238 {-999.0 -999.0 -999.0 -999.0 -999.0} "" -999.0 -999.0 -999.0 -999.0 -999 -999 "" ops_sky_apogee_best_unassigned ops_sky sky_apogee 0 0 0.0 0.0 -999 ""
FIBERMAP 455 R-2C17 BOSS 1 1 0 1 0 0 86.2245096766051 -52.14863919935095 143.1 7.153689575314498 -100.49242446584284 260.6881 112.945274 38.49950509086076 25.54524687719861 -999.0 -999.0 -999.0 38.49952853532594 25.545220637900133 38.54508628996041 25.663317926953354 73.9465091709171 248.0204029718771 5400.0 5400.0 2016.0 1 303 {-999.0 19.705963 18.68673 18.143665 -999.0} sdss_psfmag 19.214502 20.525198 17.579744 14.933 63050396555023061 1118005274 bright_1x1 openfibertargets_bhm_lofarradio_boss open_fiber science 0 0 0.0 0.0 -999 ""
FIBERMAP 455 R-2C17 METROLOGY 0 0 0 1 0 0 86.36536312154205 -51.40666429405262 143.1 7.840835302354558 -100.17944073688803 260.6881 112.945274 -999.0 -999.0 -999.0 -999.0 -999.0 38.50300843328952 25.546665217662166 38.54855602398288 25.66474847337536 73.94993228450036 248.01920542133848 -999.0 6231.0 -999.0 -1 -999 {-999.0 -999.0 -999.0 -999.0 -999.0} "" -999.0 -999.0 -999.0 -999.0 -999 -999 "" "" "" "" 0 0 0.0 0.0 -999 ""
FIBERMAP 463 R+8C11 APOGEE 0 0 0 1 0 0 33.86962098996457 140.85500411918068 143.1 134.55941527291182 53.593613473154406 348.24527 72.85784 -999.0 -999.0 -999.0 -999.0 -999.0 39.14429295024592 26.245808240782832 39.19173848786721 26.36277290145645 74.7961280936962 249.2242531323165 -999.0 16600.0 -999.0 2 -999 {-999.0 -999.0 -999.0 -999.0 -999.0} "" -999.0 -999.0 -999.0 -999.0 -999 -999 "" "" "" "" 0 0 0.0 0.0 -999 ""
FIBERMAP 463 R+8C11 BOSS 1 1 0 1 0 0 33.50779858261743 140.19284971131427 143.1 133.80998600247062 53.50711657335104 348.24527 72.85784 39.140508852775554 26.24540346199821 -999.0 -999.0 -999.0 39.140510886745474 26.24542592677185 39.18800666601692 26.362423344423206 74.7930264152066 249.22919826301836 5400.0 5400.0 2016.0 1 134 {-999.0 22.643951 20.856544 20.100903 -999.0} sdss_psfmag -999.0 -999.0 -999.0 16.375 63050398096185159 1118051182 bright_1x1 openfibertargets_bhm_lofarradio_boss open_fiber science 0 0 0.0 0.0 -999 ""
FIBERMAP 463 R+8C11 METROLOGY 0 0 0 1 0 0 33.12383041883513 140.83359373557292 143.1 134.11172619494047 54.19027402119213 348.24527 72.85784 -999.0 -999.0 -999.0 -999.0 -999.0 39.14204663683111 26.248527565812125 39.18953453706416 26.36551463220835 74.79571010040222 249.23703784125553 -999.0 6231.0 -999.0 -1 -999 {-999.0 -999.0 -999.0 -999.0 -999.0} "" -999.0 -999.0 -999.0 -999.0 -999 -999 "" "" "" "" 0 0 0.0 0.0 -999 ""
FIBERMAP 466 R+5C5 APOGEE 1 1 0 1 0 0 -127.200645393354 96.72551466399823 143.1 5.610823131620995 159.66738921282078 39.146835 70.82523 38.489752256564216 26.728375474701426 -2.6218493 -2.7631843 0.38509774 38.48973488748 26.728357151020113 38.53753990805774 26.846316163597074 74.50091712189115 251.86547116142012 16000.0 16600.0 2016.0 2 128 {-999.0 12.791207 11.790798 11.391367 -999.0} sdss_psfmag_from_g3xp 12.457688 11.802849 11.025133 9.361 63050396555052813 1153169125 bright_1x1 mwm_galactic_core_dist_apogee_sparse mwm_galactic science 0 0 0.0 0.0 -999 ""
FIBERMAP 466 R+5C5 BOSS 0 0 0 1 0 0 -126.95656731396222 96.02166821841644 143.1 5.176858768222443 159.0620654116715 39.146835 70.82523 -999.0 -999.0 -999.0 -999.0 -999.0 38.48747713599197 26.725648967354097 38.53533160113096 26.8436370540557 74.49796074182728 251.85977223053112 -999.0 5400.0 -999.0 1 42 {-999.0 -999.0 -999.0 -999.0 -999.0} "" -999.0 -999.0 -999.0 -999.0 -999 -999 "" "" "" "" 0 0 0.0 0.0 -999 ""
FIBERMAP 466 R+5C5 METROLOGY 0 0 0 1 0 0 -127.6929529819739 96.1582492358057 143.1 4.863610306288463 159.74218245170428 39.146835 70.82523 -999.0 -999.0 -999.0 -999.0 -999.0 38.48589284489835 26.7287188432407 38.53373579170409 26.84670196759364 74.49804871904271 251.8724123508264 -999.0 6231.0 -999.0 -1 -999 {-999.0 -999.0 -999.0 -999.0 -999.0} "" -999.0 -999.0 -999.0 -999.0 -999 -999 "" "" "" "" 0 0 0.0 0.0 -999 ""
FIBERMAP 469 R+1C6 APOGEE 0 0 0 1 0 0 -155.33047287093217 34.98071307310281 143.1 -61.03639670636745 147.02098037264525 104.40655 50.08871 -999.0 -999.0 -999.0 -999.0 -999.0 38.15086386828739 26.67002631008478 38.19824012533877 26.788526651657733 74.20390272770176 252.17154284251774 -999.0 16600.0 -999.0 2 -999 {-999.0 -999.0 -999.0 -999.0 -999.0} "" -999.0 -999.0 -999.0 -999.0 -999 -999 "" "" "" "" 0 0 0.0 0.0 -999 ""
FIBERMAP 469 R+1C6 BOSS 1 1 0 1 0 0 -154.64388419894894 34.674090532466565 143.1 -60.890728933284315 146.28343988876293 104.40655 50.08871 38.15153251855029 26.66671845449706 4.2725687 -5.0359197 1.6138033 38.15153031602336 26.666719420701877 38.19895877665027 26.785244652357072 74.20302524499446 252.15968879048745 5400.0 5400.0 2016.0 1 20 {-999.0 18.835323 17.332306 16.564348 -999.0} sdss_psfmag 18.124605 17.161547 16.127558 13.265 63050396555053056 1094282253 bright_1x1 mwm_bin_vis_boss mwm_filler science 0 0 0.0 0.0 -999 ""
FIBERMAP 469 R+1C6 METROLOGY 0 0 0 1 0 0 -155.24763166491448 34.23922853847155 143.1 -61.59410490432474 146.52561092864335 104.40655 50.08871 -999.0 -999.0 -999.0 -999.0 -999.0 38.14797367298776 26.66779363760709 38.19538449421066 26.786317099256575 74.20063889509679 252.16840912783502 -999.0 6231.0 -999.0 -1 -999 {-999.0 -999.0 -999.0 -999.0 -999.0} "" -999.0 -999.0 -999.0 -999.0 -999 -999 "" "" "" "" 0 0 0.0 0.0 -999 ""
FIBERMAP 481 R+7C10 APOGEE 0 0 0 1 0 0 -30.659424481449207 138.79569241370388 143.1 95.65454212215319 105.09999344366011 216.10425 61.346317 -999.0 -999.0 -999.0 -999.0 -999.0 38.94761893038697 26.48051626324952 38.99535311660162 26.597771818124773 74.75212246070527 250.32907936826544 -999.0 16600.0 -999.0 2 30 {-999.0 -999.0 -999.0 -999.0 -999.0} "" -999.0 -999.0 -999.0 -999.0 -999 -999 "" ops_sky_apogee_best_unassigned ops_sky sky_apogee 0 0 0.0 0.0 -999 ""
FIBERMAP 481 R+7C10 BOSS 1 1 0 1 0 0 -30.790468155603065 139.52536132367166 143.1 96.17479636329604 105.62790914054625 216.10425 61.346317 38.95020489820558 26.48289699247971 -999.0 -999.0 -999.0 38.95024535404287 26.482918508657068 38.998041850628454 26.600195473896456 74.75537737970612 250.33299382167186 5400.0 5400.0 2016.0 1 127 {-999.0 22.323479 20.65491 20.004679 -999.0} sdss_psfmag -999.0 -999.0 -999.0 16.419 63050397381218039 1118030545 bright_1x1 openfibertargets_bhm_lofarradio_boss open_fiber science 0 0 0.0 0.0 -999 ""
FIBERMAP 481 R+7C10 METROLOGY 0 0 0 1 0 0 -30.08478493951351 139.29054123552967 143.1 96.39011245673325 104.91619496245463 216.10425 61.346317 -999.0 -999.0 -999.0 -999.0 -999.0 38.951344608196365 26.47968451647313 38.999120046986434 26.59695273841342 74.7547244849504 250.32036988337035 -999.0 6231.0 -999.0 -1 -999 {-999.0 -999.0 -999.0 -999.0 -999.0} "" -999.0 -999.0 -999.0 -999.0 -999 -999 "" "" "" "" 0 0 0.0 0.0 -999 ""
FIBERMAP 483 R+13C1 APOGEE 1 1 0 1 0 0 -135.68391267111298 262.54855578230655 143.1 136.12804221363749 262.2489644182214 58.00853 104.77971 39.15112604163889 27.18607431368675 5.774933 -4.6053357 2.3945856 39.15114900344893 27.18608237230789 39.20048509593039 27.30293763485238 75.23158738219804 252.44741520577506 16000.0 16600.0 2016.0 2 135 {-999.0 11.586693 10.751036 10.452071 -999.0} sdss_psfmag_from_g3xp 11.330076 10.797498 10.084539 8.594 63050396555057213 1106098362 bright_1x1 mwm_tess_rgb_apogee mwm_tessrgb science 0 0 0.0 0.0 -999 ""
FIBERMAP 483 R+13C1 BOSS 0 0 0 1 0 0 -134.98580401731698 262.2869649557369 143.1 136.3171280314438 261.52799305088934 58.00853 104.77971 -999.0 -999.0 -999.0 -999.0 -999.0 39.15205426168115 27.18282414976952 39.20143930334541 27.299701535919418 75.23095659379251 252.434527410416 -999.0 5400.0 -999.0 1 7 {-999.0 -999.0 -999.0 -999.0 -999.0} "" -999.0 -999.0 -999.0 -999.0 -999 -999 "" "" "" "" 0 0 0.0 0.0 -999 ""
FIBERMAP 483 R+13C1 METROLOGY 0 0 0 1 0 0 -135.54206823297838 261.80345642489556 143.1 135.60141786587982 261.7033278669428 58.00853 104.77971 -999.0 -999.0 -999.0 -999.0 -999.0 39.14844952283635 27.18364894052723 39.197817364179684 27.300525448923093 75.22840831627944 252.4428886457755 -999.0 6231.0 -999.0 -1 -999 {-999.0 -999.0 -999.0 -999.0 -999.0} "" -999.0 -999.0 -999.0 -999.0 -999 -999 "" "" "" "" 0 0 0.0 0.0 -999 ""
FIBERMAP 488 R+13C8 APOGEE 0 0 0 1 0 0 25.937482303263415 257.5492820823167 143.1 225.27610505620228 127.38546727808544 40.351543 94.42271 -999.0 -999.0 -999.0 -999.0 -999.0 39.60132759225605 26.576410890385983 39.64984691125437 26.692602713172104 75.31352343518918 249.5939765061847 -999.0 16600.0 -999.0 2 37 {-999.0 -999.0 -999.0 -999.0 -999.0} "" -999.0 -999.0 -999.0 -999.0 -999 -999 "" ops_sky_apogee_best_unassigned ops_sky sky_apogee 0 0 0.0 0.0 -999 ""
FIBERMAP 488 R+13C8 BOSS 1 1 0 1 0 0 26.4621557562506 257.03129743069263 143.1 225.1557750226304 126.65822329042096 40.351543 94.42271 39.60066358347186 26.57314099641052 8.316862 -3.5291626 2.1162813 39.600684577878994 26.573120832017096 39.64924955006205 26.689339279103145 75.31151524955995 249.58361481004556 5400.0 5400.0 2016.0 1 166 {-999.0 20.600544 19.01932 17.752644 -999.0} sdss_psfmag 19.85917 18.463747 17.296118 14.991 63050396555028587 1096108256 bright_1x1 mwm_bin_vis_boss mwm_filler science 0 0 0.0 0.0 -999 ""
FIBERMAP 488 R+13C8 METROLOGY 0 0 0 1 0 0 25.74069738876044 256.82212240474854 143.1 224.5687936363706 127.12670315676581 40.351543 94.42271 -999.0 -999.0 -999.0 -999.0 -999.0 39.59776046431757 26.57527349726651 39.64631215773238 26.691489307987602 75.3102131967289 249.59596957598222 -999.0 6231.0 -999.0 -1 -999 {-999.0 -999.0 -999.0 -999.0 -999.0} "" -999.0 -999.0 -999.0 -999.0 -999 -999 "" "" "" "" 0 0 0.0 0.0 -999 ""
FIBERMAP 489 R-5C2 APOGEE 0 0 0 1 0 0 -218.55832385088078 -82.48283142698068 143.1 -193.429537057538 130.89447749211695 131.11891 96.204155 -999.0 -999.0 -999.0 -999.0 -999.0 37.48128001747952 26.590902334886454 37.527880020772784 26.71045694701306 73.63191247837716 252.86853892108263 -999.0 16600.0 -999.0 2 -999 {-999.0 -999.0 -999.0 -999.0 -999.0} "" -999.0 -999.0 -999.0 -999.0 -999 -999 "" "" "" "" 0 0 0.0 0.0 -999 ""
FIBERMAP 489 R-5C2 BOSS 1 1 0 1 0 0 -218.06407470980645 -81.93834008238102 143.1 -192.69980152668964 130.80496167415754 131.11891 96.204155 37.48491665343428 26.590530895647913 1.3922713 -3.3918443 0.17864613 37.48485768854783 26.590539211279857 37.531520746797526 26.710114525182366 73.6346884428318 252.86240423182724 5400.0 5400.0 2016.0 1 487 {-999.0 16.817179 16.002932 15.70981 -999.0} sdss_psfmag 16.588837 16.041656 15.348864 13.926 63050396555054049 1061582128 bright_1x1 manual_mwm_halo_distant_kgiant_near_boss_single mwm_halo science 0 0 0.0 0.0 -999 ""
FIBERMAP 489 R-5C2 METROLOGY 0 0 0 1 0 0 -217.83014561806303 -82.64536893576611 143.1 -193.14221902825054 130.20608975968278 131.11891 96.204155 -999.0 -999.0 -999.0 -999.0 -999.0 37.48266975183284 26.587809369892042 37.529308395609576 26.70738094304221 73.63171643648037 252.8567423582706 -999.0 6231.0 -999.0 -1 -999 {-999.0 -999.0 -999.0 -999.0 -999.0} "" -999.0 -999.0 -999.0 -999.0 -999 -999 "" "" "" "" 0 0 0.0 0.0 -999 ""
FIBERMAP 493 R+8C15 APOGEE 1 1 0 1 0 0 108.14046902311061 133.3181782790437 143.1 171.24761065997265 -11.403383962182023 339.70978 14.468125 39.327828407303784 25.949568434861618 2.362395 -6.902274 0.44497603 39.32795234333766 25.94963377846919 39.37497324083358 26.06633371608032 74.79473514057487 247.9317785778599 16000.0 16600.0 2016.0 2 78 {-999.0 13.396259 12.393226 11.965433 -999.0} sdss_psfmag_from_g3xp 13.061501 12.388356 11.5948925 9.868 63050396555023944 1104227598 bright_1x1 mwm_tess_rgb_apogee mwm_tessrgb science 0 0 0.0 0.0 -999 ""
FIBERMAP 493 R+8C15 BOSS 0 0 0 1 0 0 107.40023205990273 133.3972650539099 143.1 170.88519092061856 -10.753287216687765 339.70978 14.468125 -999.0 -999.0 -999.0 -999.0 -999.0 39.32615808014484 25.95256286827162 39.37323684492759 26.06929300696766 74.7948536745075 247.94452496791018 -999.0 5400.0 -999.0 1 230 {-999.0 -999.0 -999.0 -999.0 -999.0} "" -999.0 -999.0 -999.0 -999.0 -999 -999 "" "" "" "" 0 0 0.0 0.0 -999 ""
FIBERMAP 493 R+8C15 METROLOGY 0 0 0 1 0 0 107.83608284273133 134.00172131172184 143.1 171.63020688527013 -10.760524610156372 339.70978 14.468125 -999.0 -999.0 -999.0 -999.0 -999.0 39.32990327482466 25.95252349079939 39.37697005391561 26.06923976327148 74.79773659403742 247.93799021585681 -999.0 6231.0 -999.0 -1 -999 {-999.0 -999.0 -999.0 -999.0 -999.0} "" -999.0 -999.0 -999.0 -999.0 -999 -999 "" "" "" "" 0 0 0.0 0.0 -999 ""
FIBERMAP 495 R+5C10 APOGEE 1 1 0 1 0 0 -15.151655151635659 102.10118761607094 143.1 74.63546237022612 71.26934770640462 62.31296 62.390476 38.84096211228905 26.32709814080573 0.33652204 -1.5030131 0.23337351 38.84097825362231 26.327121801730534 38.88831181684037 26.444563958113072 74.59582862436798 249.986092068475 16000.0 16600.0 2016.0 2 7 {-999.0 13.2439785 11.920221 11.377256 -999.0} sdss_psfmag_from_g3xp 12.725319 11.882575 10.987589 8.943 63050396555026268 1156319681 bright_1x1 mwm_galactic_core_dist_apogee_extra mwm_galactic science 0 0 0.0 0.0 -999 ""
FIBERMAP 495 R+5C10 BOSS 0 0 0 1 0 0 -14.732790929683034 101.47630691797617 143.1 74.36680574589572 70.56684488766199 62.31296 62.390476 -999.0 -999.0 -999.0 -999.0 -999.0 38.83959944724163 26.32393744171399 38.88698095778619 26.441408630278843 74.5932925445513 249.97772161712857 -999.0 5400.0 -999.0 1 129 {-999.0 -999.0 -999.0 -999.0 -999.0} "" -999.0 -999.0 -999.0 -999.0 -999 -999 "" "" "" "" 0 0 0.0 0.0 -999 ""
FIBERMAP 495 R+5C10 METROLOGY 0 0 0 1 0 0 -15.47797808324708 101.42974039659605 143.1 73.89892229685728 71.1485014992304 62.31296 62.390476 -999.0 -999.0 -999.0 -999.0 -999.0 38.83723439325718 26.32658816892841 38.88460328641008 26.444055342025692 74.59265921111074 249.9902825036216 -999.0 6231.0 -999.0 -1 -999 {-999.0 -999.0 -999.0 -999.0 -999.0} "" -999.0 -999.0 -999.0 -999.0 -999 -999 "" "" "" "" 0 0 0.0 0.0 -999 ""
FIBERMAP 501 R+6C19 APOGEE 0 0 0 1 0 0 166.02205064291746 98.18338618699218 143.1 175.94530178381805 -78.93668379959749 318.94354 6.792781 -999.0 -999.0 -999.0 -999.0 -999.0 39.34928788789223 25.643012641599242 39.39572070351471 25.75971037858554 74.65601654711502 246.89136539393428 -999.0 16600.0 -999.0 2 34 {-999.0 -999.0 -999.0 -999.0 -999.0} "" -999.0 -999.0 -999.0 -999.0 -999 -999 "" ops_sky_apogee_best_unassigned ops_sky sky_apogee 0 0 0.0 0.0 -999 ""
FIBERMAP 501 R+6C19 BOSS 1 1 0 1 0 0 165.41719063263366 98.61044156428152 143.1 175.94512396506119 -78.1964117153646 318.94354 6.792781 39.34931496542717 25.646318728696215 -999.0 -999.0 -999.0 39.34931496542717 25.646318728696215 39.3958077306493 25.76304478945751 74.65779218075966 246.90203589120043 5400.0 5400.0 2016.0 1 195 {-999.0 19.693663 18.890522 18.428637 -999.0} sdss_psfmag 19.491566 21.259672 17.905954 15.656 63050396555017830 1118005361 bright_1x1 openfibertargets_bhm_lofarradio_boss open_fiber science 0 0 0.0 0.0 -999 ""
FIBERMAP 501 R+6C19 METROLOGY 0 0 0 1 0 0 166.09778127219562 98.92520142783908 143.1 176.5947513724332 -78.5706130175656 318.94354 6.792781 -999.0 -999.0 -999.0 -999.0 -999.0 39.35255584203418 25.64462813060655 39.399032985209146 25.76134100228516 74.65941381002787 246.89088086189759 -999.0 6231.0 -999.0 -1 -999 {-999.0 -999.0 -999.0 -999.0 -999.0} "" -999.0 -999.0 -999.0 -999.0 -999 -999 "" "" "" "" 0 0 0.0 0.0 -999 ""
FIBERMAP 506 R+6C10 APOGEE 0 0 0 1 0 0 -21.842763297406123 107.60394721747276 143.1 75.26927346231031 79.90753077851281 226.72983 154.92853 -999.0 -999.0 -999.0 -999.0 -999.0 38.844199366567885 26.366386393744378 38.89161347376046 26.483819287329705 74.61686851402993 250.11143512072002 -999.0 16600.0 -999.0 2 -999 {-999.0 -999.0 -999.0 -999.0 -999.0} "" -999.0 -999.0 -999.0 -999.0 -999 -999 "" "" "" "" 0 0 0.0 0.0 -999 ""
FIBERMAP 506 R+6C10 BOSS 1 1 0 1 0 0 -22.534798076763845 107.29842793147492 143.1 74.620590398803 80.29640772026904 226.72983 154.92853 38.84052640372277 26.36821196415393 -7.443993 -11.409652 1.5937113 38.840891904716244 26.368171895799325 38.88836204526331 26.485636220008214 74.61514862524706 250.1226252228093 5400.0 5400.0 2016.0 1 128 {-999.0 13.112651 12.593618 12.418708 -999.0} sdss_psfmag_gaia 12.988842 12.629653 12.0730915 11.089 63050396555026308 1114242228 bright_1x1 openfibertargets_mwm_tessperiodic_boss open_fiber science 0 0 1.2001924514770508 0.0 -999 ""
FIBERMAP 506 R+6C10 METROLOGY 0 0 0 1 0 0 -22.446860886185213 108.0418148729842 143.1 75.27836472614379 80.6534172772788 226.72983 154.92853 -999.0 -999.0 -999.0 -999.0 -999.0 38.84423803721105 26.369788227587968 38.891698669993445 26.48723956920707 74.61853817867222 250.12269218180143 -999.0 6231.0 -999.0 -1 -999 {-999.0 -999.0 -999.0 -999.0 -999.0} "" -999.0 -999.0 -999.0 -999.0 -999 -999 "" "" "" "" 0 0 0.0 0.0 -999 ""
FIBERMAP 507 R+1C26 APOGEE 1 1 0 1 0 0 258.80417044954834 15.356556987401724 143.1 161.8299689697409 -202.4805929398598 255.34116 34.8765 39.27278945510892 25.085449139214408 26.170574 -4.6159663 1.0118799 39.27290444566301 25.085451374671997 39.318177524656164 25.202331135588363 74.3040825526079 245.25483451715556 16000.0 16600.0 2016.0 2 42 {-999.0 12.705153 11.705098 11.290978 -999.0} sdss_psfmag_from_g3xp 12.370445 11.70785 10.9236355 9.239 63050396555014825 1106825622 bright_1x1 mwm_tess_rgb_apogee mwm_tessrgb science 0 0 0.0 0.0 -999 ""
FIBERMAP 507 R+1C26 BOSS 0 0 0 1 0 0 258.58078063866503 16.04795372533268 143.1 162.26570084783702 -201.89934468435055 255.34116 34.8765 -999.0 -999.0 -999.0 -999.0 -999.0 39.27505858694132 25.088021429158303 39.32039205488161 25.20492822940084 74.30716654121773 245.25896557640323 -999.0 5400.0 -999.0 1 175 {-999.0 -999.0 -999.0 -999.0 -999.0} "" -999.0 -999.0 -999.0 -999.0 -999 -999 "" "" "" "" 0 0 0.0 0.0 -999 ""
FIBERMAP 507 R+1C26 METROLOGY 0 0 0 1 0 0 259.3120993645175 15.921232970064153 143.1 162.5840783399649 -202.5696362292341 255.34116 34.8765 -999.0 -999.0 -999.0 -999.0 -999.0 39.27661287301956 25.085032940053825 39.32192664207872 25.201928833866397 74.30672976945455 245.2468531781467 -999.0 6231.0 -999.0 -1 -999 {-999.0 -999.0 -999.0 -999.0 -999.0} "" -999.0 -999.0 -999.0 -999.0 -999 -999 "" "" "" "" 0 0 0.0 0.0 -999 ""
FIBERMAP 514 R+11C3 APOGEE 0 0 0 1 0 0 -129.75536426464595 225.96422518644286 143.1 109.6732068245897 236.30424381030454 123.990944 108.02672 -999.0 -999.0 -999.0 -999.0 -999.0 39.01777509127869 27.071660189331045 39.06675561295867 27.18874151388537 75.07495844325707 252.24675666696197 -999.0 16600.0 -999.0 2 133 {-999.0 -999.0 -999.0 -999.0 -999.0} "" -999.0 -999.0 -999.0 -999.0 -999 -999 "" ops_sky_apogee_best_unassigned ops_sky sky_apogee 0 0 0.0 0.0 -999 ""
FIBERMAP 514 R+11C3 BOSS 1 1 0 1 0 0 -129.32789577797 226.5691049483376 143.1 110.41373333794303 236.30409567841656 123.990944 108.02672 39.02152624496635 27.071602801451668 -999.0 -999.0 -999.0 39.0214785395512 27.07161907222343 39.07051754927255 27.188718166007508 75.07796093252257 252.241019345202 5400.0 5400.0 2016.0 1 5 {-999.0 20.415956 19.725851 19.406837 -999.0} sdss_psfmag 20.118498 20.590355 18.528913 15.947 63050396555056925 1118005407 bright_1x1 openfibertargets_bhm_lofarradio_boss open_fiber science 0 0 0.0 0.0 -999 ""
FIBERMAP 514 R+11C3 METROLOGY 0 0 0 1 0 0 -129.01022556084942 225.8959147149294 143.1 110.04725401416917 235.65636056814506 123.990944 108.02672 -999.0 -999.0 -999.0 -999.0 -999.0 39.019645802428414 27.06874179409845 39.068661698188976 27.185837417806173 75.07522062228259 252.23373964150616 -999.0 6231.0 -999.0 -1 -999 {-999.0 -999.0 -999.0 -999.0 -999.0} "" -999.0 -999.0 -999.0 -999.0 -999 -999 "" "" "" "" 0 0 0.0 0.0 -999 ""
FIBERMAP 515 R+3C19 APOGEE 0 0 0 1 0 0 134.24614691707447 46.655089312261225 143.1 115.53763819065027 -82.71237692908254 246.24982 94.55655 -999.0 -999.0 -999.0 -999.0 -999.0 39.04603413405714 25.626287124225126 39.092170281664664 25.743474684081924 74.4125571038687 247.36187086984884 -999.0 16600.0 -999.0 2 -999 {-999.0 -999.0 -999.0 -999.0 -999.0} "" -999.0 -999.0 -999.0 -999.0 -999 -999 "" "" "" "" 0 0 0.0 0.0 -999 ""
FIBERMAP 515 R+3C19 BOSS 1 1 0 1 0 0 133.54498561052074 46.8774295531861 143.1 115.31473952009567 -82.01155426765163 246.24982 94.55655 39.04491447883116 25.629398195907413 -0.112351075 -0.51497936 -0.11014887 39.044925678818586 25.629408455131657 39.09112150761854 25.746626384881438 74.41334255888047 247.37376173970006 5400.0 5400.0 2016.0 1 217 {-999.0 18.089136 17.170246 16.776388 -999.0} sdss_psfmag 17.79588 17.176376 16.424475 14.892 63050396555017748 1061182588 bright_1x1 manual_mwm_halo_distant_kgiant_far_boss_single mwm_halo science 0 0 0.0 0.0 -999 ""
FIBERMAP 515 R+3C19 METROLOGY 0 0 0 1 0 0 134.0895578492778 47.384569842747375 143.1 116.04300287433261 -82.16370958304661 246.24982 94.55655 -999.0 -999.0 -999.0 -999.0 -999.0 39.04859157797029 25.628729192615488 39.09477380728595 25.745933117408978 74.41582545053424 247.3653249638042 -999.0 6231.0 -999.0 -1 -999 {-999.0 -999.0 -999.0 -999.0 -999.0} "" -999.0 -999.0 -999.0 -999.0 -999 -999 "" "" "" "" 0 0 0.0 0.0 -999 ""
FIBERMAP 533 R+1C3 APOGEE 0 0 0 1 0 0 -255.33746051314145 28.069629316503416 143.1 -124.36848275551506 224.6998540927648 228.46165 25.189507 -999.0 -999.0 -999.0 -999.0 -999.0 37.8288357402759 27.017179915557588 37.87658985065627 27.136148854076904 74.09531775252192 253.77272805350717 -999.0 16600.0 -999.0 2 104 {-999.0 -999.0 -999.0 -999.0 -999.0} "" -999.0 -999.0 -999.0 -999.0 -999 -999 "" ops_sky_apogee_best_unassigned ops_sky sky_apogee 0 0 0.0 0.0 -999 ""
FIBERMAP 533 R+1C3 BOSS 1 1 0 1 0 0 -255.14905376333783 28.78270849217432 143.1 -123.67750234463814 224.95733754167958 228.46165 25.189507 37.832283093559305 27.018381933320033 0.9711983 -1.7075858 0.20136382 37.83226503344499 27.01836166291573 37.88008404553284 27.137349600793875 74.09864392063989 253.771930711661 5400.0 5400.0 2016.0 1 61 {-999.0 17.78295 17.37756 17.215292 17.1476} sdss_psfmag_from_gaia 17.6847 17.391 16.8549 15.86 63050396555055383 967920813 "" ops_std_boss_gdr2 ops_std standard_boss 0 0 0.0 0.0 -999 ""
FIBERMAP 533 R+1C3 METROLOGY 0 0 0 1 0 0 -254.61394287314576 28.255263358570954 143.1 -123.79953700670481 224.21611313496598 228.46165 25.189507 -999.0 -999.0 -999.0 -999.0 -999.0 37.83166814241163 27.01504060611289 37.87946327342996 27.134022895370045 74.09674330428471 253.76176404621913 -999.0 6231.0 -999.0 -1 -999 {-999.0 -999.0 -999.0 -999.0 -999.0} "" -999.0 -999.0 -999.0 -999.0 -999 -999 "" "" "" "" 0 0 0.0 0.0 -999 ""
FIBERMAP 544 R-6C19 APOGEE 0 0 0 1 0 0 183.58659761890553 -95.92198304714051 143.1 27.571281738460506 -205.2485265159578 139.3754 38.789627 -999.0 -999.0 -999.0 -999.0 -999.0 38.60249901657168 25.071604430797034 38.647176018003734 25.189558785498704 73.78256425175559 246.38688411530072 -999.0 16600.0 -999.0 2 229 {-999.0 -999.0 -999.0 -999.0 -999.0} "" -999.0 -999.0 -999.0 -999.0 -999 -999 "" ops_sky_apogee_best_unassigned ops_sky sky_apogee 0 0 0.0 0.0 -999 ""
FIBERMAP 544 R-6C19 BOSS 1 1 0 1 0 0 184.3234025549494 -95.92305309414719 143.1 27.99543002717809 -205.85081713245407 139.3754 38.789627 38.60458374023438 25.068788343103407 -999.0 -999.0 -999.0 38.604572734420934 25.068821866421192 38.64930206367262 25.18680439556226 73.78275749714606 246.37487401068603 5400.0 5400.0 2015.5 1 277 {-999.0 -999.0 -999.0 -999.0 -999.0} "" -999.0 -999.0 -999.0 -999.0 27021603080675377 816022995 "" ops_sky_boss_good ops_sky sky_boss 0 0 0.0 0.0 -999 ""
FIBERMAP 544 R-6C19 METROLOGY 0 0 0 1 0 0 183.95089078852027 -96.56825493570108 143.1 27.253678085763177 -205.9188061245357 139.3754 38.789627 -999.0 -999.0 -999.0 -999.0 -999.0 38.600872413872594 25.06852794325744 38.64558218851806 25.18650755174199 73.77973591058051 246.38029143208308 -999.0 6231.0 -999.0 -1 -999 {-999.0 -999.0 -999.0 -999.0 -999.0} "" -999.0 -999.0 -999.0 -999.0 -999 -999 "" "" "" "" 0 0 0.0 0.0 -999 ""
FIBERMAP 546 R-12C1 APOGEE 1 1 0 1 0 0 -160.28448780393634 -249.61316702500935 143.1 -296.29286000210556 -13.100077749989735 288.00552 83.99213 36.97508490930369 25.933685245311864 63.254856 -46.2918 5.384882 36.97530818643529 25.933540417230855 37.020191363359174 26.053944371626223 72.93090747431837 251.53792590349232 16000.0 16600.0 2016.0 2 296 {-999.0 11.837078 11.255305 11.085241 -999.0} sdss_psfmag_from_g3xp 11.703512 11.308864 10.750008 9.789 63050396554129653 1103558506 bright_1x1 mwm_tess_2min_apogee mwm_planet science 0 0 0.0 0.0 -999 ""
FIBERMAP 546 R-12C1 BOSS 0 0 0 1 0 0 -160.99641016953083 -249.78697781232017 143.1 -296.84546223227915 -12.618985286068641 288.00552 83.99213 -999.0 -999.0 -999.0 -999.0 -999.0 36.97252403181891 25.935654304782897 37.01747066340789 26.05609116846189 72.92972514132553 251.54825064522547 -999.0 5400.0 -999.0 1 429 {-999.0 -999.0 -999.0 -999.0 -999.0} "" -999.0 -999.0 -999.0 -999.0 -999 -999 "" "" "" "" 0 0 0.0 0.0 -999 ""
FIBERMAP 546 R-12C1 METROLOGY 0 0 0 1 0 0 -160.80053444273474 -249.07155900490991 143.1 -296.14826284258373 -12.36625138372729 288.00552 83.99213 -999.0 -999.0 -999.0 -999.0 -999.0 36.9759504020107 25.936840909797862 37.020884798033194 26.057264210937134 72.9329880772591 251.54699184897248 -999.0 6231.0 -999.0 -1 -999 {-999.0 -999.0 -999.0 -999.0 -999.0} "" -999.0 -999.0 -999.0 -999.0 -999 -999 "" "" "" "" 0 0 0.0 0.0 -999 ""
FIBERMAP 548 R+1C14 APOGEE 0 0 0 1 0 0 1.7207360069478828 3.5348094760819446 143.1 3.8791156010429866 0.6338870072124979 274.93686 75.21676 -999.0 -999.0 -999.0 -999.0 -999.0 38.48226360048562 26.00556160142994 38.528643462993614 26.123608296592177 74.15956019015263 249.50650514880977 -999.0 16600.0 -999.0 2 13 {-999.0 -999.0 -999.0 -999.0 -999.0} "" -999.0 -999.0 -999.0 -999.0 -999 -999 "" ops_sky_apogee_best_unassigned ops_sky sky_apogee 0 0 0.0 0.0 -999 ""
FIBERMAP 548 R+1C14 BOSS 1 1 0 1 0 0 0.9965407771938715 3.6706104619942135 143.1 3.5722621578087717 1.3035994038396135 274.93686 75.21676 38.48063457299542 26.0086592207726 4.8293047 -13.736945 4.4693766 38.48064845062937 26.00858322253993 38.52708941049042 26.12665997559755 74.15980054416268 249.51876679915358 5400.0 5400.0 2016.0 1 96 {-999.0 18.263613 16.785349 15.301427 -999.0} sdss_psfmag 17.573753 15.985614 14.754529 12.306 63050396555025158 1035031221 bright_1x1 mwm_yso_pms_boss_sagitta_edr3_single mwm_yso science 0 0 0.0 0.0 -999 ""
FIBERMAP 548 R+1C14 METROLOGY 0 0 0 1 0 0 1.466516310928398 4.236663601729857 143.1 4.3056029014721995 1.246343171860577 274.93686 75.21676 -999.0 -999.0 -999.0 -999.0 -999.0 38.48438229016687 26.008335496382266 38.53081004284576 26.126398473721196 74.1626058421221 249.51205328097186 -999.0 6231.0 -999.0 -1 -999 {-999.0 -999.0 -999.0 -999.0 -999.0} "" -999.0 -999.0 -999.0 -999.0 -999 -999 "" "" "" "" 0 0 0.0 0.0 -999 ""
FIBERMAP 550 R+1C1 APOGEE 0 0 0 1 0 0 -301.1714160188589 19.430020601621173 143.1 -157.86264744213082 257.1440527759117 240.78519 39.88723 -999.0 -999.0 -999.0 -999.0 -999.0 37.65967306437202 27.159607468105634 37.70754485831179 27.27882531941594 74.01792858322209 254.47271475405648 -999.0 16600.0 -999.0 2 141 {-999.0 -999.0 -999.0 -999.0 -999.0} "" -999.0 -999.0 -999.0 -999.0 -999 -999 "" "" "" "" 0 0 0.0 0.0 -999 ""
FIBERMAP 550 R+1C1 BOSS 1 1 0 1 0 0 -301.32076091043143 20.142305920674737 143.1 -157.36714556674488 257.67688557474924 240.78519 39.88723 37.662058956748965 27.161950602244698 24.802599 5.5921645 1.6731483 37.66213457818753 27.16196245550157 37.71007333844193 27.281200278498986 74.0209535041262 254.47722290776895 5400.0 5400.0 2016.0 1 12 {-999.0 20.295254 18.777308 17.649212 -999.0} sdss_psfmag 19.630835 18.3422 17.225054 14.988 63050396555061702 1095154207 bright_1x1 mwm_bin_vis_boss mwm_filler science 0 0 0.0 0.0 -999 ""
FIBERMAP 550 R+1C1 METROLOGY 0 0 0 1 0 0 -300.6020468299282 19.91323686875079 143.1 -157.13961640297845 256.9578478753732 240.78519 39.88723 -999.0 -999.0 -999.0 -999.0 -999.0 37.663291884637 27.158794203326075 37.71120854642521 27.278023748519683 74.02056722435995 254.46519752898405 -999.0 6231.0 -999.0 -1 -999 {-999.0 -999.0 -999.0 -999.0 -999.0} "" -999.0 -999.0 -999.0 -999.0 -999 -999 "" "" "" "" 0 0 0.0 0.0 -999 ""
FIBERMAP 554 R-2C23 APOGEE 0 0 0 1 0 0 216.21868834459545 -51.51282621226437 143.1 82.65935751429582 -206.27863271926765 251.02776 104.8746 -999.0 -999.0 -999.0 -999.0 -999.0 38.87812791378106 25.067485946690088 38.92303154179422 25.185001375618537 73.99230543331352 245.89885404171224 -999.0 16600.0 -999.0 2 197 {-999.0 -999.0 -999.0 -999.0 -999.0} "" -999.0 -999.0 -999.0 -999.0 -999 -999 "" ops_sky_apogee_best_unassigned ops_sky sky_apogee 0 0 0.0 0.0 -999 ""
FIBERMAP 554 R-2C23 BOSS 1 1 0 1 0 0 215.48139948076494 -51.43018966809896 143.1 82.30153710486574 -205.6288957196243 251.02776 104.8746 38.87630976308788 25.070362292245257 1.55416 -6.233697 0.42613375 38.8763173416248 25.070332816360732 38.921279888458 25.1878818767425 73.99248629377792 245.9107586073397 5400.0 5400.0 2016.0 1 310 {-999.0 16.9939 16.498142 16.29711 -999.0} sdss_psfmag 16.871532 16.497557 15.949539 14.902 63050396554098201 981126151 "" ops_std_boss_tic ops_std standard_boss 0 0 0.0 0.0 -999 ""
FIBERMAP 554 R-2C23 METROLOGY 0 0 0 1 0 0 215.8968638506351 -50.81141994884676 143.1 83.04648161605594 -205.6112289654031 251.02776 104.8746 -999.0 -999.0 -999.0 -999.0 -999.0 38.88005324209043 25.070436529003466 38.92500358118042 25.187970808367417 73.99539180934579 245.90456111449606 -999.0 6231.0 -999.0 -1 -999 {-999.0 -999.0 -999.0 -999.0 -999.0} "" -999.0 -999.0 -999.0 -999.0 -999 -999 "" "" "" "" 0 0 0.0 0.0 -999 ""
FIBERMAP 565 R+8C3 APOGEE 1 1 0 1 0 0 -175.74892547192178 162.18819493137204 143.1 31.06268822993618 237.07361880042043 210.98552 54.21221 38.61849446075598 27.07686944547465 15.27778 -30.049692 5.0010467 38.6185226143039 27.0767550944446 38.66713927271945 27.19447322513624 74.75686433155255 252.85673603573633 16000.0 16600.0 2016.0 2 137 {-999.0 12.1978445 11.558423 11.3700695 -999.0} sdss_psfmag_from_g3xp 12.037758 11.614856 11.030134 10.013 63050396555056706 1076265099 bright_1x1 mwm_snc_ext_main_apogee mwm_snc science 0 0 0.0 0.0 -999 ""
FIBERMAP 565 R+8C3 BOSS 0 0 0 1 0 0 -175.7123816338028 162.92943624789032 143.1 31.689064456924054 237.4713583686682 210.98552 54.21221 -999.0 -999.0 -999.0 -999.0 -999.0 38.62165216438283 27.078537035362388 38.6703318566457 27.19627387430502 74.76020179884259 252.85829185621094 -999.0 5400.0 -999.0 1 25 {-999.0 -999.0 -999.0 -999.0 -999.0} "" -999.0 -999.0 -999.0 -999.0 -999 -999 "" "" "" "" 0 0 0.0 0.0 -999 ""
FIBERMAP 565 R+8C3 METROLOGY 0 0 0 1 0 0 -175.0763884310369 162.529849163748 143.1 31.729631846060627 236.72150792647773 210.98552 54.21221 -999.0 -999.0 -999.0 -999.0 -999.0 38.62188168610466 27.075181943684324 38.670538878593845 27.19291201275653 74.75892630230713 252.84643829559474 -999.0 6231.0 -999.0 -1 -999 {-999.0 -999.0 -999.0 -999.0 -999.0} "" -999.0 -999.0 -999.0 -999.0 -999 -999 "" "" "" "" 0 0 0.0 0.0 -999 ""
FIBERMAP 566 R+8C7 APOGEE 0 0 0 1 0 0 -56.827467606565435 150.53402100128636 143.1 90.1451373484737 133.2399562381462 324.91702 129.48405 -999.0 -999.0 -999.0 -999.0 -999.0 38.919632081373194 26.608186381040227 38.96759457335207 26.725473351483128 74.78900025817596 250.80399260368364 -999.0 16600.0 -999.0 2 -999 {-999.0 -999.0 -999.0 -999.0 -999.0} "" -999.0 -999.0 -999.0 -999.0 -999 -999 "" "" "" "" 0 0 0.0 0.0 -999 ""
FIBERMAP 566 R+8C7 BOSS 1 1 0 1 0 0 -56.77240021971034 149.81839994010195 143.1 89.59252802587257 132.7821860464698 324.91702 129.48405 38.91678018344344 26.606143057904283 -999.0 -999.0 -999.0 38.91680966983858 26.606145359587288 38.964820829701296 26.72346249521798 74.78587715549688 250.80150076044202 5400.0 5400.0 2016.0 1 103 {-999.0 19.867899 19.12513 18.666822 -999.0} sdss_psfmag -999.0 -999.0 -999.0 15.287 63050397381217889 1118030544 bright_1x1 openfibertargets_bhm_lofarradio_boss open_fiber science 0 0 0.0 0.0 -999 ""
FIBERMAP 566 R+8C7 METROLOGY 0 0 0 1 0 0 -57.43871578561028 150.1061920119388 143.1 89.44317776703461 133.49230929666805 324.91702 129.48405 -999.0 -999.0 -999.0 -999.0 -999.0 38.916058269626376 26.609362495601463 38.964059471001804 26.72667327995465 74.78674198048243 250.8135654588337 -999.0 6231.0 -999.0 -1 -999 {-999.0 -999.0 -999.0 -999.0 -999.0} "" -999.0 -999.0 -999.0 -999.0 -999 -999 "" "" "" "" 0 0 0.0 0.0 -999 ""
FIBERMAP 572 R+10C5 APOGEE 0 0 1 1 0 0 -88.98447782777399 201.63716915654976 143.1 113.32625722046778 188.9778879862429 10.348105 169.93764 -999.0 -999.0 -999.0 -999.0 -999.0 39.036891843527954 26.859275966374053 39.08546367730304 26.976348834709633 74.99624593619201 251.48007021687494 -999.0 16600.0 -999.0 2 -999 {-999.0 -999.0 -999.0 -999.0 -999.0} "" -999.0 -999.0 -999.0 -999.0 -999 -999 "" "" "" "" 0 0 0.0 0.0 -999 ""
FIBERMAP 572 R+10C5 BOSS 1 0 1 1 0 0 -88.23451168264623 201.649373843679 143.1 113.76883760409838 188.37250741520552 10.348105 169.93764 39.08523559570312 26.90252168044571 -999.0 -999.0 -999.0 39.03910975558299 26.85654796869932 39.08773314051501 26.973642036716388 74.99684601377858 251.46722526492283 5400.0 5400.0 2015.5 1 146 {-999.0 -999.0 -999.0 -999.0 -999.0} "" -999.0 -999.0 -999.0 -999.0 27021603081061811 803860074 "" ops_sky_boss_good ops_sky sky_boss 0 0 0.0 0.0 -999 ""
FIBERMAP 572 R+10C5 METROLOGY 0 0 1 1 0 0 -88.59733899411559 200.9993717718064 143.1 113.0287522320374 188.29384112967634 10.348105 169.93764 -999.0 -999.0 -999.0 -999.0 -999.0 39.0353699920615 26.856217962728905 39.08397368980485 26.973311130211105 74.99370078762665 251.47186478641714 -999.0 6231.0 -999.0 -1 -999 {-999.0 -999.0 -999.0 -999.0 -999.0} "" -999.0 -999.0 -999.0 -999.0 -999 -999 "" "" "" "" 0 0 0.0 0.0 -999 ""
FIBERMAP 575 R+3C14 APOGEE 0 0 0 1 0 0 32.468460688051174 42.33774542203731 143.1 53.30217642621091 -2.0913691342976457 285.54077 96.49682 -999.0 -999.0 -999.0 -999.0 -999.0 38.732717290476565 25.993295735352067 38.77929673687248 26.11094566332971 74.35059776955143 249.06554602479517 -999.0 16600.0 -999.0 2 24 {-999.0 -999.0 -999.0 -999.0 -999.0} "" -999.0 -999.0 -999.0 -999.0 -999 -999 "" ops_sky_apogee_best_unassigned ops_sky sky_apogee 0 0 0.0 0.0 -999 ""
FIBERMAP 575 R+3C14 BOSS 1 1 0 1 0 0 31.790189857935832 42.05650414178454 143.1 52.681258393654005 -1.6997271635571654 285.54077 96.49682 38.72955322265625 25.995047584668896 -999.0 -999.0 -999.0 38.72954993583608 25.99505149539781 38.77618576520166 26.112734028959323 74.34902123922848 249.0763638452467 5400.0 5400.0 2015.5 1 97 {-999.0 -999.0 -999.0 -999.0 -999.0} "" -999.0 -999.0 -999.0 -999.0 27021603081058012 803859535 "" ops_sky_boss_good ops_sky sky_boss 0 0 0.0 0.0 -999 ""
FIBERMAP 575 R+3C14 METROLOGY 0 0 0 1 0 0 31.873458765318595 42.79834461766873 143.1 53.33507700558004 -1.3397975669156312 285.54077 96.49682 -999.0 -999.0 -999.0 -999.0 -999.0 38.73287197824105 25.996698232919332 38.77949818354449 26.11436743206656 74.35241451134597 249.07631690712543 -999.0 6231.0 -999.0 -1 -999 {-999.0 -999.0 -999.0 -999.0 -999.0} "" -999.0 -999.0 -999.0 -999.0 -999 -999 "" "" "" "" 0 0 0.0 0.0 -999 ""
FIBERMAP 577 R+6C15 APOGEE 0 0 0 1 0 0 77.20518388710717 119.68021018442668 143.1 142.26601653245072 5.99131418941537 159.14555 122.05661 -999.0 -999.0 -999.0 -999.0 -999.0 39.182499475106084 26.02924579720316 39.22954954690209 26.146171742585736 74.72065990707134 248.4412517372784 -999.0 16600.0 -999.0 2 36 {-999.0 -999.0 -999.0 -999.0 -999.0} "" -999.0 -999.0 -999.0 -999.0 -999 -999 "" ops_sky_apogee_best_unassigned ops_sky sky_apogee 0 0 0.0 0.0 -999 ""
FIBERMAP 577 R+6C15 BOSS 1 1 0 1 0 0 77.0423146823875 120.40608789249183 143.1 142.7648164946507 6.54303161275685 159.14555 122.05661 39.1850540877686 26.031747513662026 -2.6356385 -7.3142695 1.235753 39.185033200145334 26.031720505999186 39.23214458368102 26.148669506958573 74.72391551419427 248.44517057679354 5400.0 5400.0 2016.0 1 188 {-999.0 17.37112 16.272709 15.816499 -999.0} sdss_psfmag 16.961035 16.277851 15.4639 13.809 63050396555024092 1094712164 bright_1x1 mwm_bin_vis_boss mwm_filler science 0 0 0.0 0.0 -999 ""
FIBERMAP 577 R+6C15 METROLOGY 0 0 0 1 0 0 77.76370261579493 120.18954020713608 143.1 143.00411297820614 5.829033335746025 159.14555 122.05661 -999.0 -999.0 -999.0 -999.0 -999.0 39.18622966166101 26.02847678811919 39.23332032883155 26.14541645009303 74.72323794446619 248.4324476255995 -999.0 6231.0 -999.0 -1 -999 {-999.0 -999.0 -999.0 -999.0 -999.0} "" -999.0 -999.0 -999.0 -999.0 -999 -999 "" "" "" "" 0 0 0.0 0.0 -999 ""
FIBERMAP 580 R+9C7 APOGEE 1 1 0 1 0 0 -68.85235544319386 181.2009707644781 143.1 108.25121033627211 160.74952454899562 161.7117 108.44435 39.01144197821803 26.732228609131955 -10.685041 -17.498331 2.609483 39.01136951206209 26.732178746621813 39.05966343214675 26.84930583052833 74.91855560423534 251.0827514862901 16000.0 16600.0 2016.0 2 29 {-999.0 12.168999 11.772477 11.647825 -999.0} sdss_psfmag_from_g3xp 12.09818 11.792839 11.316923 10.527 63050396555029992 1094007482 bright_1x1 mwm_bin_vis_apogee mwm_filler science 0 0 0.0 0.0 -999 ""
FIBERMAP 580 R+9C7 BOSS 0 0 0 1 0 0 -68.86239711169766 181.93961036498615 143.1 108.84858940074807 161.18380495792744 161.7117 108.44435 -999.0 -999.0 -999.0 -999.0 -999.0 39.014373515659884 26.7341408234387 39.06272913114907 26.85128781291169 74.92189179418291 251.08478295588162 -999.0 5400.0 -999.0 1 118 {-999.0 -999.0 -999.0 -999.0 -999.0} "" -999.0 -999.0 -999.0 -999.0 -999 -999 "" "" "" "" 0 0 0.0 0.0 -999 ""
FIBERMAP 580 R+9C7 METROLOGY 0 0 0 1 0 0 -68.21006719050916 181.57500389553613 143.1 108.92714563734597 160.44079237098987 161.7117 108.44435 -999.0 -999.0 -999.0 -999.0 -999.0 39.014785180792906 26.73078255422655 39.06311887096166 26.847922179871784 74.92067749953692 251.07264304951053 -999.0 6231.0 -999.0 -1 -999 {-999.0 -999.0 -999.0 -999.0 -999.0} "" -999.0 -999.0 -999.0 -999.0 -999 -999 "" "" "" "" 0 0 0.0 0.0 -999 ""
FIBERMAP 581 R-1C19 APOGEE 0 0 0 1 0 0 129.06741556527047 -5.1309405912115285 143.1 70.2619505964944 -108.35593719066595 84.91919 97.50924 -999.0 -999.0 -999.0 -999.0 -999.0 38.81769008563287 25.509887246785066 38.863400167641146 25.627452521741056 74.1760375597137 247.379771033008 -999.0 16600.0 -999.0 2 -999 {-999.0 -999.0 -999.0 -999.0 -999.0} "" -999.0 -999.0 -999.0 -999.0 -999 -999 "" "" "" "" 0 0 0.0 0.0 -999 ""
FIBERMAP 581 R-1C19 BOSS 1 1 0 1 0 0 129.82184596512406 -5.089430479919994 143.1 70.7310369101023 -108.94805858157211 84.91919 97.50924 38.82005225420803 25.507111027916732 -8.12431 0.76159865 1.3332419 38.82002323158245 25.507124739249733 38.86578524748006 25.624716053556213 74.17649622489154 247.3671188268911 5400.0 5400.0 2016.0 1 296 {-999.0 19.278389 17.779118 17.135683 -999.0} sdss_psfmag 18.588621 17.674278 16.695988 13.479 63050396555022799 1096113430 bright_1x1 mwm_bin_vis_boss mwm_filler science 0 0 0.0 0.0 -999 ""
FIBERMAP 581 R-1C19 METROLOGY 0 0 0 1 0 0 129.48453172557458 -5.749548778455244 143.1 69.9974077311191 -109.05339428074286 84.91919 97.50924 -999.0 -999.0 -999.0 -999.0 -999.0 38.816337070429924 25.50666203982386 38.862079325322895 25.624250938276592 74.17338319907297 247.37188679886052 -999.0 6231.0 -999.0 -1 -999 {-999.0 -999.0 -999.0 -999.0 -999.0} "" -999.0 -999.0 -999.0 -999.0 -999 -999 "" "" "" "" 0 0 0.0 0.0 -999 ""
FIBERMAP 587 R-10C13 APOGEE 0 0 0 1 0 0 76.96868946858774 -205.3595478133434 143.1 -123.2971887088823 -181.3130551388473 247.94891 87.458115 -999.0 -999.0 -999.0 -999.0 -999.0 37.84642984145453 25.17820447718551 37.89066054795842 25.297339444540505 73.25180212190517 247.95596279592561 -999.0 16600.0 -999.0 2 -999 {-999.0 -999.0 -999.0 -999.0 -999.0} "" -999.0 -999.0 -999.0 -999.0 -999 -999 "" "" "" "" 0 0 0.0 0.0 -999 ""
FIBERMAP 587 R-10C13 BOSS 1 1 0 1 0 0 76.28110375494228 -205.06856470941196 143.1 -123.4562027514636 -180.5837220003794 247.94891 87.458115 37.84519702054966 25.181443439723466 7.1393003 -4.243582 2.8190763 37.84551083987044 25.181421271691338 37.88980547420488 25.300588483380544 73.25278190970636 247.96704278921302 5400.0 5400.0 2016.0 1 396 {-999.0 13.98649 13.311456 13.0746355 -999.0} sdss_psfmag_from_g3xp 13.806394 13.350075 12.730052 11.562 63050396554105191 1078902499 bright_flexible_2x1 mwm_snc_ext_filler_boss mwm_snc science 0 0 0.9878345131874084 0.0 -999 ""
FIBERMAP 587 R-10C13 METROLOGY 0 0 0 1 0 0 76.87709436220909 -204.6190936844473 143.1 -122.74537157988195 -180.81113166234786 247.94891 87.458115 -999.0 -999.0 -999.0 -999.0 -999.0 37.849095712115535 25.180418629044706 37.89337492698428 25.299571516137423 73.25504884291414 247.95832513289383 -999.0 6231.0 -999.0 -1 -999 {-999.0 -999.0 -999.0 -999.0 -999.0} "" -999.0 -999.0 -999.0 -999.0 -999 -999 "" "" "" "" 0 0 0.0 0.0 -999 ""
FIBERMAP 588 R+8C1 APOGEE 0 0 0 1 0 0 -214.944454052569 141.62136678970725 143.1 -8.341876855590849 257.2167376221668 265.63098 69.93022 -999.0 -999.0 -999.0 -999.0 -999.0 38.41788604668703 27.16660960724192 38.46649247699628 27.284636577900898 74.63370399216393 253.45319547458183 -999.0 16600.0 -999.0 2 94 {-999.0 -999.0 -999.0 -999.0 -999.0} "" -999.0 -999.0 -999.0 -999.0 -999 -999 "" ops_sky_apogee_best_unassigned ops_sky sky_apogee 0 0 0.0 0.0 -999 ""
FIBERMAP 588 R+8C1 BOSS 1 1 0 1 0 0 -215.59868421328366 141.9499048683144 143.1 -8.450982607770014 257.94049607746 265.63098 69.93022 38.41725719049575 27.16982490695925 -0.9705536 -2.348383 -1.7131174 38.41726744856717 27.169826635698197 38.46593699720694 27.287877888557997 74.63462118337019 253.46507475886898 5400.0 5400.0 2016.0 1 81 {-999.0 16.093517 15.593435 15.387607 -999.0} sdss_psfmag_ps1 16.000189 15.889485 15.0419445 14.039 63050396555058215 1093516905 bright_1x1 mwm_astar_core_boss_single mwm_ob science 0 0 0.0 0.0 -999 ""
FIBERMAP 588 R+8C1 METROLOGY 0 0 0 1 0 0 -214.97304351122816 142.36681378552723 143.1 -7.749638082453682 257.67009092814186 265.63098 69.93022 -999.0 -999.0 -999.0 -999.0 -999.0 38.42085327254456 27.168631493042987 38.46950758768378 27.28667049813391 74.63699098880133 253.45589833962907 -999.0 6231.0 -999.0 -1 -999 {-999.0 -999.0 -999.0 -999.0 -999.0} "" -999.0 -999.0 -999.0 -999.0 -999 -999 "" "" "" "" 0 0 0.0 0.0 -999 ""
FIBERMAP 589 R-2C25 APOGEE 0 0 0 1 0 0 266.7502527432804 -60.809986950277676 143.1 104.2161850890617 -252.9056209378973 339.41885 21.951609 -999.0 -999.0 -999.0 -999.0 -999.0 38.9840762187513 24.859111241623662 39.02866653975923 24.97647914948999 73.96152905079889 245.0751889289312 -999.0 16600.0 -999.0 2 216 {-999.0 -999.0 -999.0 -999.0 -999.0} "" -999.0 -999.0 -999.0 -999.0 -999 -999 "" ops_sky_apogee_best_unassigned ops_sky sky_apogee 0 0 0.0 0.0 -999 ""
FIBERMAP 589 R-2C25 BOSS 1 1 0 1 0 0 266.0145566641233 -60.851877140223934 143.1 103.7575951992651 -252.32901720037094 339.41885 21.951609 38.98174337747349 24.861654298434235 -999.0 -999.0 -999.0 38.98176567411093 24.861640301356754 39.026413458890374 24.979043392650837 73.96119706673147 245.0869931680036 5400.0 5400.0 2016.0 1 254 {-999.0 22.604021 20.701843 20.001513 -999.0} sdss_psfmag -999.0 -999.0 -999.0 -999.0 63050396665229301 1118009725 bright_1x1 openfibertargets_bhm_lofarradio_boss open_fiber science 0 0 0.0 0.0 -999 ""
FIBERMAP 589 R-2C25 METROLOGY 0 0 0 1 0 0 266.3576863895972 -60.18500721751285 143.1 104.50009237313303 -252.22453577559526 339.41885 21.951609 -999.0 -999.0 -999.0 -999.0 -999.0 38.9854749579038 24.86212996966897 39.03011134303682 24.979518065710717 73.96427372970106 245.08188013076023 -999.0 6231.0 -999.0 -1 -999 {-999.0 -999.0 -999.0 -999.0 -999.0} "" -999.0 -999.0 -999.0 -999.0 -999 -999 "" "" "" "" 0 0 0.0 0.0 -999 ""
FIBERMAP 592 R0C5 APOGEE 1 1 0 1 0 0 -203.22944320513005 8.230034093725546 143.1 -110.51121642645946 170.70418935320876 49.018734 156.49191 37.89949687549522 26.775415317744216 -22.75543 -58.25683 6.4467688 37.89941556987555 26.775258100717934 37.94676335908025 26.894142010691276 74.0484702815506 252.8780609688639 16000.0 16600.0 2016.0 2 243 {-999.0 18.252735 16.863262 15.199962 -999.0} sdss_psfmag 17.71394 15.897188 14.594302 12.0 63050396555054692 1034916033 bright_1x1 mwm_yso_pms_apogee_sagitta_edr3_single mwm_yso science 0 0 0.0 0.0 -999 ""
FIBERMAP 592 R0C5 BOSS 0 0 0 1 0 0 -202.57068669080377 8.567586258449342 143.1 -109.85557177509256 170.360965372008 49.018734 156.49191 -999.0 -999.0 -999.0 -999.0 -999.0 37.90265435688596 26.773755236541955 37.950061235648946 26.892659566061624 74.05047744867474 252.8685581480737 -999.0 5400.0 -999.0 1 495 {-999.0 -999.0 -999.0 -999.0 -999.0} "" -999.0 -999.0 -999.0 -999.0 -999 -999 "" "" "" "" 0 0 0.0 0.0 -999 ""
FIBERMAP 592 R0C5 METROLOGY 0 0 0 1 0 0 -202.5760644111124 7.826889352856437 143.1 -110.46352542465094 169.93808965792627 49.018734 156.49191 -999.0 -999.0 -999.0 -999.0 -999.0 37.89959955462 26.771819358992765 37.94698308877122 26.890721499878847 74.04716317601347 252.8665377593543 -999.0 6231.0 -999.0 -1 -999 {-999.0 -999.0 -999.0 -999.0 -999.0} "" -999.0 -999.0 -999.0 -999.0 -999 -999 "" "" "" "" 0 0 0.0 0.0 -999 ""
FIBERMAP 594 R+1C22 APOGEE 1 1 0 1 0 0 210.9524239116739 20.106832680569543 143.1 138.10600356843918 -160.6647853040177 60.421383 46.66715 39.15674215930401 25.27330767787388 3.2268758 4.1923447 0.7788824 39.15675722667204 25.27332720012742 39.202298329004975 25.39037412637606 74.31516700944849 246.04974619601137 16000.0 16600.0 2016.0 2 86 {-999.0 12.05366 11.091709 10.714236 -999.0} sdss_psfmag_gaia 11.747735 11.120162 10.360742 8.731 63050396555016350 1104745630 bright_1x1 mwm_tess_rgb_apogee mwm_tessrgb science 0 0 0.0 0.0 -999 ""
FIBERMAP 594 R+1C22 BOSS 0 0 0 1 0 0 211.14543975457656 19.396682383242045 143.1 137.6374365079627 -161.23204813396532 60.421383 46.66715 -999.0 -999.0 -999.0 -999.0 -999.0 39.154371581463614 25.270701024120143 39.19995954700266 25.387782238245105 74.31200698109853 246.04570060357776 -999.0 5400.0 -999.0 1 235 {-999.0 -999.0 -999.0 -999.0 -999.0} "" -999.0 -999.0 -999.0 -999.0 -999 -999 "" "" "" "" 0 0 0.0 0.0 -999 ""
FIBERMAP 594 R+1C22 METROLOGY 0 0 0 1 0 0 210.4256358192502 19.568870719891603 143.1 137.36282999432618 -160.5449318055493 60.421383 46.66715 -999.0 -999.0 -999.0 -999.0 -999.0 39.153036366173936 25.273814672177746 39.19861396267646 25.390889145880504 74.31260629958473 246.05783840762132 -999.0 6231.0 -999.0 -1 -999 {-999.0 -999.0 -999.0 -999.0 -999.0} "" -999.0 -999.0 -999.0 -999.0 -999 -999 "" "" "" "" 0 0 0.0 0.0 -999 ""
FIBERMAP 597 R+1C2 APOGEE 0 0 0 1 0 0 -262.57900544891237 3.9684166896482083 143.1 -148.2267298892658 216.71062562005102 273.10345 95.27197 -999.0 -999.0 -999.0 -999.0 -999.0 37.708205799953085 26.979931883850153 37.75577293937414 27.099092955768693 73.98217202472523 253.8150024306111 -999.0 16600.0 -999.0 2 -999 {-999.0 -999.0 -999.0 -999.0 -999.0} "" -999.0 -999.0 -999.0 -999.0 -999 -999 "" "" "" "" 0 0 0.0 0.0 -999 ""
FIBERMAP 597 R+1C2 BOSS 1 1 0 1 0 0 -263.3380649700812 3.8511893022387422 143.1 -148.7603170562503 217.26285002565203 273.10345 95.27197 37.70541007857579 26.982409758163563 8.818676 -14.835545 2.5709605 37.70544328565 26.9823519174702 37.75307231220279 27.101541717937085 73.98102136836104 253.82671846407305 5400.0 5400.0 2016.0 1 11 {-999.0 14.324806 13.606197 13.357381 -999.0} sdss_psfmag_from_g3xp 14.129275 13.649411 13.00865 11.819 63050396555055346 1095835674 bright_1x1 mwm_bin_vis_boss mwm_filler science 0 0 0.0 0.0 -999 ""
FIBERMAP 597 R+1C2 METROLOGY 0 0 0 1 0 0 -263.04758245589255 4.549017730847119 143.1 -148.0229085008098 217.42818130550495 273.10345 95.27197 -999.0 -999.0 -999.0 -999.0 -999.0 37.70918694263883 26.98314529433839 37.75680410960314 27.102322181215303 73.98436347959975 253.82421980073212 -999.0 6231.0 -999.0 -1 -999 {-999.0 -999.0 -999.0 -999.0 -999.0} "" -999.0 -999.0 -999.0 -999.0 -999 -999 "" "" "" "" 0 0 0.0 0.0 -999 ""
FIBERMAP 598 R+11C9 APOGEE 1 1 0 1 0 0 17.485198899048807 229.85399152040506 143.1 197.78453324390657 118.311700176214 101.46497 79.00981 39.46337959712748 26.53699481502677 30.926182 -4.549768 3.4244785 39.46347473282527 26.53696111710475 39.51178978304313 26.65338046799643 75.18621996914965 249.68619473858254 16000.0 16600.0 2016.0 2 21 {-999.0 12.310526 11.867407 11.715048 -999.0} sdss_psfmag_from_g3xp 12.222988 11.887703 11.3811035 10.568 63050396555028649 1103502298 bright_flexible_2x1 mwm_tess_2min_apogee mwm_planet science 0 0 0.0 0.0 -999 ""
FIBERMAP 598 R+11C9 BOSS 0 0 0 1 0 0 18.219090230891375 229.86108564795896 143.1 198.21366768305066 117.71649826433834 101.46497 79.00981 -999.0 -999.0 -999.0 -999.0 -999.0 39.46560807974229 26.53424292750497 39.51397293519278 26.650684549715972 75.18667254379949 249.67329939248464 -999.0 5400.0 -999.0 1 110 {-999.0 -999.0 -999.0 -999.0 -999.0} "" -999.0 -999.0 -999.0 -999.0 -999 -999 "" "" "" "" 0 0 0.0 0.0 -999 ""
FIBERMAP 598 R+11C9 METROLOGY 0 0 0 1 0 0 17.863216390075774 229.20868108643705 143.1 197.47563151628347 117.63076792562542 101.46497 79.00981 -999.0 -999.0 -999.0 -999.0 -999.0 39.46190863452796 26.533895559728688 39.51025433612625 26.650335997870652 75.18357623308076 249.67821562706655 -999.0 6231.0 -999.0 -1 -999 {-999.0 -999.0 -999.0 -999.0 -999.0} "" -999.0 -999.0 -999.0 -999.0 -999 -999 "" "" "" "" 0 0 0.0 0.0 -999 ""
FIBERMAP 599 R+2C11 APOGEE 0 0 0 1 0 0 -64.47977543199579 33.78713534004781 143.1 -9.604318509416442 72.14398229301594 244.3613 54.417034 -999.0 -999.0 -999.0 -999.0 -999.0 38.41316751012667 26.331072006661238 38.46012094746072 26.449193945742355 74.25894647900402 250.66803316569093 -999.0 16600.0 -999.0 2 142 {-999.0 -999.0 -999.0 -999.0 -999.0} "" -999.0 -999.0 -999.0 -999.0 -999 -999 "" ops_sky_apogee_best_unassigned ops_sky sky_apogee 0 0 0.0 0.0 -999 ""
FIBERMAP 599 R+2C11 BOSS 1 1 0 1 0 0 -64.84071536697485 34.4354653124126 143.1 -9.283099933879724 72.81271085213812 244.3613 54.417034 38.4147389995584 26.33417574829884 5.4047236 -6.2123866 0.08209118 38.41473026955216 26.334129245790407 38.46174811465471 26.45227505705949 74.26166472563206 250.67561205033093 5400.0 5400.0 2016.0 1 23 {-999.0 18.312235 17.84304 17.645832 17.548344} sdss_psfmag_from_gaia 18.2253 17.8574 17.3136 16.217 63050396555026514 974238789 "" ops_std_boss_gdr2 ops_std standard_boss 0 0 0.0 0.0 -999 ""
FIBERMAP 599 R+2C11 METROLOGY 0 0 0 1 0 0 -64.0936238244466 34.43026629620174 143.1 -8.856389577421595 72.19963843999729 244.3613 54.417034 -999.0 -999.0 -999.0 -999.0 -999.0 38.416921832744784 26.33134475173414 38.463920059184034 26.449479836018842 74.26209335698191 250.6631581570416 -999.0 6231.0 -999.0 -1 -999 {-999.0 -999.0 -999.0 -999.0 -999.0} "" -999.0 -999.0 -999.0 -999.0 -999 -999 "" "" "" "" 0 0 0.0 0.0 -999 ""
FIBERMAP 600 R+1C17 APOGEE 0 0 0 1 0 0 88.64173011559902 22.5317924995126 143.1 69.53193448266218 -59.38730384298897 356.6667 135.8321 -999.0 -999.0 -999.0 -999.0 -999.0 38.81450956713894 25.73242697141591 38.86065088718232 25.849973879913794 74.28597323843988 248.09174700113874 -999.0 16600.0 -999.0 2 -999 {-999.0 -999.0 -999.0 -999.0 -999.0} "" -999.0 -999.0 -999.0 -999.0 -999 -999 "" "" "" "" 0 0 0.0 0.0 -999 ""
FIBERMAP 600 R+1C17 BOSS 1 1 0 1 0 0 89.18762292813292 21.980979334746404 143.1 69.39703703106173 -60.15081247184731 356.6667 135.8321 38.813782807386985 25.728925338587747 10.147645 -2.7451296 2.1827703 38.813805267759236 25.72889471811082 38.85999444420929 25.846471792117782 74.28371512397014 248.0816262133379 5400.0 5400.0 2016.0 1 191 {-999.0 20.503296 18.895288 17.708181 -999.0} sdss_psfmag 19.887857 18.437563 17.262197 15.058 63050396555022996 1095471536 bright_1x1 mwm_bin_vis_boss mwm_filler science 0 0 0.0 0.0 -999 ""
FIBERMAP 600 R+1C17 METROLOGY 0 0 0 1 0 0 88.43684418211552 21.814377881057972 143.1 68.82790782709068 -59.63383130264473 356.6667 135.8321 -999.0 -999.0 -999.0 -999.0 -999.0 38.81094436497101 25.731260955424737 38.85711996594324 25.848834217582393 74.28265045037642 248.09394741643393 -999.0 6231.0 -999.0 -1 -999 {-999.0 -999.0 -999.0 -999.0 -999.0} "" -999.0 -999.0 -999.0 -999.0 -999 -999 "" "" "" "" 0 0 0.0 0.0 -999 ""
FIBERMAP 604 R+7C14 APOGEE 1 1 0 1 0 0 80.47380378791945 153.50204312301668 143.1 171.77034072744453 22.832114072563815 117.19356 76.84787 39.33083492762934 26.105371872884422 182.28902 -80.83911 14.886679 39.331391957237024 26.10514616100874 39.37872484712949 26.22182422038839 74.87442477138522 248.44231820442894 16000.0 16600.0 2016.0 2 43 {-999.0 16.01159 14.596094 13.441746 -999.0} sdss_psfmag_from_g3xp 15.453326 14.133298 13.002509 10.922 63050396555027004 984806784 bright_1x1 mwm_snc_100pc_apogee mwm_snc science 0 0 0.0 0.0 -999 ""
FIBERMAP 604 R+7C14 BOSS 0 0 0 1 0 0 81.18798859500791 153.6564544347821 143.1 172.30840646415774 22.337983617312624 117.19356 76.84787 -999.0 -999.0 -999.0 -999.0 -999.0 39.33409584411928 26.10286769103518 39.38148026256772 26.219568689638567 74.87547440048833 248.43014082289272 -999.0 5400.0 -999.0 1 160 {-999.0 -999.0 -999.0 -999.0 -999.0} "" -999.0 -999.0 -999.0 -999.0 -999 -999 "" "" "" "" 0 0 0.0 0.0 -999 ""
FIBERMAP 604 R+7C14 METROLOGY 0 0 0 1 0 0 80.97643893537087 152.94141088877709 143.1 171.60247208567785 22.09826548324156 117.19356 76.84787 -999.0 -999.0 -999.0 -999.0 -999.0 39.33054412292172 26.10180324149061 39.37790807113055 26.218502418191637 74.8721584034886 248.43259735707323 -999.0 6231.0 -999.0 -1 -999 {-999.0 -999.0 -999.0 -999.0 -999.0} "" -999.0 -999.0 -999.0 -999.0 -999 -999 "" "" "" "" 0 0 0.0 0.0 -999 ""
FIBERMAP 605 R+13C13 APOGEE 0 0 0 1 0 0 127.64927775983858 244.37038362139288 143.1 273.18616326326753 36.72564954646889 258.60236 152.79768 -999.0 -999.0 -999.0 -999.0 -999.0 39.83826861428275 26.16433073034801 39.886169273679855 26.28018023377726 75.29912793075547 247.7674744324359 -999.0 16600.0 -999.0 2 103 {-999.0 -999.0 -999.0 -999.0 -999.0} "" -999.0 -999.0 -999.0 -999.0 -999 -999 "" ops_sky_apogee_best_unassigned ops_sky sky_apogee 0 0 0.0 0.0 -999 ""
FIBERMAP 605 R+13C13 BOSS 1 1 0 1 0 0 127.16347291155694 243.81372446929018 143.1 272.4513625726147 36.80125083630912 258.60236 152.79768 39.833594029536606 26.16519087279638 316.41742 -173.15178 47.928856 39.83457912887501 26.164681663989587 39.88252914471599 26.280563758461142 75.29648486146417 247.77516959002634 5400.0 5400.0 2016.0 1 91 {-999.0 16.438364 15.943742 15.734038 -999.0} sdss_psfmag 16.315334 15.952863 15.423141 14.606 63050396555021154 1151037602 bright_1x1 mwm_snc_100pc_boss_single mwm_snc science 0 0 0.0 0.0 -999 ""
FIBERMAP 605 R+13C13 METROLOGY 0 0 0 1 0 0 126.91257418893544 244.51262030253864 143.1 272.8773498238695 37.40928862549463 258.60236 152.79768 -999.0 -999.0 -999.0 -999.0 -999.0 39.836720444679464 26.16741556707468 39.88466314246051 26.28328633381637 75.29949713626534 247.78074152189635 -999.0 6231.0 -999.0 -1 -999 {-999.0 -999.0 -999.0 -999.0 -999.0} "" -999.0 -999.0 -999.0 -999.0 -999 -999 "" "" "" "" 0 0 0.0 0.0 -999 ""
FIBERMAP 610 R-4C21 APOGEE 0 0 0 1 0 0 205.7087626513854 -60.994460412506605 143.1 68.85407905786013 -203.16568070751615 105.93144 83.88745 -999.0 -999.0 -999.0 -999.0 -999.0 38.80916698819365 25.081341600554303 38.85403877721893 25.19896573197546 73.94669774025286 246.06130704015123 -999.0 16600.0 -999.0 2 232 {-999.0 -999.0 -999.0 -999.0 -999.0} "" -999.0 -999.0 -999.0 -999.0 -999 -999 "" ops_sky_apogee_best_unassigned ops_sky sky_apogee 0 0 0.0 0.0 -999 ""
FIBERMAP 610 R-4C21 BOSS 1 1 0 1 0 0 206.44465662612473 -60.86739119868871 143.1 69.3823401149378 -203.69331097022396 105.93144 83.88745 38.81175005943342 25.07886939466076 3.051213 10.591074 1.1607056 38.811759872713374 25.078901997548172 38.85668433588404 25.196553285628305 73.94745745911197 246.0493277862296 5400.0 5400.0 2016.0 1 279 {-999.0 17.590662 16.582447 16.177351 -999.0} sdss_psfmag 17.247477 16.609434 15.833046 14.205 63050396554098208 1094709902 bright_1x1 mwm_bin_vis_boss mwm_filler science 0 0 0.0 0.0 -999 ""
FIBERMAP 610 R-4C21 METROLOGY 0 0 0 1 0 0 206.16658580312077 -61.58153806510287 143.1 68.63876557677567 -203.87819081685757 105.93144 83.88745 -999.0 -999.0 -999.0 -999.0 -999.0 38.80804918457622 25.07808098019605 38.85295327705427 25.195729486406883 73.94415528096869 246.05324264989247 -999.0 6231.0 -999.0 -1 -999 {-999.0 -999.0 -999.0 -999.0 -999.0} "" -999.0 -999.0 -999.0 -999.0 -999 -999 "" "" "" "" 0 0 0.0 0.0 -999 ""
FIBERMAP 613 R0C25 APOGEE 0 0 0 1 0 0 255.3037727035944 -16.836980665907454 143.1 133.52160744779295 -218.1928498727366 341.26816 66.379616 -999.0 -999.0 -999.0 -999.0 -999.0 39.13134597690863 25.01465371595647 39.176361599196525 25.13176882317395 74.15790852375477 245.28912392422927 -999.0 16600.0 -999.0 2 35 {-999.0 -999.0 -999.0 -999.0 -999.0} "" -999.0 -999.0 -999.0 -999.0 -999 -999 "" "" "" "" 0 0 0.0 0.0 -999 ""
FIBERMAP 613 R0C25 BOSS 1 1 0 1 0 0 254.80194995554726 -17.387571076549982 143.1 132.78252263669984 -218.10066767766372 341.26816 66.379616 39.12702969325635 25.015004628067953 -8.559179 -6.4360356 4.96118 39.12762952468183 25.01501001868213 39.17269675101198 25.132162180925636 74.15532003672327 245.2968620289373 5400.0 5400.0 2016.0 1 172 {-999.0 10.359154 10.071142 9.982756 -999.0} sdss_psfmag_from_g3xp 10.327185 10.071848 9.6558075 8.962 63050396555014614 1114331282 bright_1x1 openfibertargets_mwm_tessperiodic_boss open_fiber science 0 0 2.1005516052246094 0.0 -999 ""
FIBERMAP 613 R0C25 METROLOGY 0 0 0 1 0 0 254.56937169042305 -16.674183840802577 143.1 133.23091159725652 -217.49923104564962 341.26816 66.379616 -999.0 -999.0 -999.0 -999.0 -999.0 39.129901712424925 25.017722793344777 39.17496080593412 25.134862190023664 74.15849847209135 245.30117879759598 -999.0 6231.0 -999.0 -1 -999 {-999.0 -999.0 -999.0 -999.0 -999.0} "" -999.0 -999.0 -999.0 -999.0 -999 -999 "" "" "" "" 0 0 0.0 0.0 -999 ""
FIBERMAP 614 R+1C11 APOGEE 0 0 0 1 0 0 -69.2868689886605 24.666963543256944 143.1 -19.824778532585267 70.80852124608259 165.74359 108.70415 -999.0 -999.0 -999.0 -999.0 -999.0 38.361258222499416 26.32487867458929 38.40815232664255 26.443083372365173 74.21487439640637 250.72739525048723 -999.0 16600.0 -999.0 2 134 {-999.0 -999.0 -999.0 -999.0 -999.0} "" -999.0 -999.0 -999.0 -999.0 -999 -999 "" "" "" "" 0 0 0.0 0.0 -999 ""
FIBERMAP 614 R+1C11 BOSS 1 1 0 1 0 0 -69.34731146716695 25.40993502352192 143.1 -19.252935508727628 71.2864576730144 165.74359 108.70415 38.36410498709736 26.327110825368365 5.519933 -5.798119 1.3053012 38.36408921274039 26.32707103787571 38.411047358008375 26.445297747057516 74.2181969280277 250.73020315583494 5400.0 5400.0 2016.0 1 31 {-999.0 17.997551 16.83417 16.271711 -999.0} sdss_psfmag_ps1 17.510448 16.75571 15.8861065 14.116 63050396555052316 1094516427 bright_1x1 mwm_bin_vis_boss mwm_filler science 0 0 0.0 0.0 -999 ""
FIBERMAP 614 R+1C11 METROLOGY 0 0 0 1 0 0 -68.66119063438563 25.090383289491037 143.1 -19.118095558458982 70.54184108782516 165.74359 108.70415 -999.0 -999.0 -999.0 -999.0 -999.0 38.36480112417621 26.323685466258954 38.41173709017539 26.441903842464857 74.2171738944411 250.7180904717094 -999.0 6231.0 -999.0 -1 -999 {-999.0 -999.0 -999.0 -999.0 -999.0} "" -999.0 -999.0 -999.0 -999.0 -999 -999 "" "" "" "" 0 0 0.0 0.0 -999 ""
FIBERMAP 615 R-10C5 APOGEE 0 0 0 1 0 0 -86.03325044843251 -174.60877437652474 143.1 -192.2129910297361 -30.46758949707679 129.54022 55.12426 -999.0 -999.0 -999.0 -999.0 -999.0 37.49326436524474 25.859575543120314 37.53847601370575 25.9791885121725 73.30830211545123 250.56319359216383 -999.0 16600.0 -999.0 2 -999 {-999.0 -999.0 -999.0 -999.0 -999.0} "" -999.0 -999.0 -999.0 -999.0 -999 -999 "" "" "" "" 0 0 0.0 0.0 -999 ""
FIBERMAP 615 R-10C5 BOSS 1 1 0 1 0 0 -85.29585029318109 -174.52246548631945 143.1 -191.71714593505544 -31.01996208384999 129.54022 55.12426 37.49522454885701 25.85714890301628 140.24323 -31.605158 2.2539299 37.49565885458822 25.857048924552327 37.540927961809075 25.976687314937625 73.30906789525682 250.55189647549065 5400.0 5400.0 2016.0 1 348 {-999.0 19.08077 17.530466 16.814636 -999.0} sdss_psfmag 18.346565 17.905594 16.321796 14.456 63050396554128655 1072709581 bright_1x1 mwm_halo_local_high_boss_single mwm_halo science 0 0 0.0 0.0 -999 ""
FIBERMAP 615 R-10C5 METROLOGY 0 0 0 1 0 0 -85.59417781316213 -175.2119967248081 143.1 -192.45230437314632 -31.17410095755377 129.54022 55.12426 -999.0 -999.0 -999.0 -999.0 -999.0 37.492015027021075 25.85633313035654 37.53726247124018 25.975969070450034 73.30582303620017 250.55509677926057 -999.0 6231.0 -999.0 -1 -999 {-999.0 -999.0 -999.0 -999.0 -999.0} "" -999.0 -999.0 -999.0 -999.0 -999 -999 "" "" "" "" 0 0 0.0 0.0 -999 ""
FIBERMAP 619 R+7C12 APOGEE 1 1 0 1 0 0 16.519543190882025 122.8007514573581 143.1 109.80804847138315 57.347149072649124 278.43753 40.53514 39.018965770558935 26.26349400421633 69.01162 -39.91151 6.5513234 39.01916249599313 26.26335085946403 39.06653048943406 26.38051456454235 74.70608627312203 249.4874272877999 16000.0 16600.0 2016.0 2 6 {-999.0 10.393889 9.924489 9.751026 -999.0} sdss_psfmag_from_g3xp 10.295139 9.947129 9.417779 8.533 63050396555024661 974541905 "" ops_std_apogee ops_std standard_apogee 0 0 0.0 0.0 -999 ""
FIBERMAP 619 R+7C12 BOSS 0 0 0 1 0 0 15.970818161523699 123.2925949860822 143.1 109.89315769235716 58.078954156646724 278.43753 40.53514 -999.0 -999.0 -999.0 -999.0 -999.0 39.0195975208979 26.266675244389972 39.06702732201683 26.383864520841733 74.70807393902592 249.49778936402737 -999.0 5400.0 -999.0 1 138 {-999.0 -999.0 -999.0 -999.0 -999.0} "" -999.0 -999.0 -999.0 -999.0 -999 -999 "" "" "" "" 0 0 0.0 0.0 -999 ""
FIBERMAP 619 R+7C12 METROLOGY 0 0 0 1 0 0 16.681711657856177 123.53497800041178 143.1 110.50116236142546 57.63825739693927 278.43753 40.53514 -999.0 -999.0 -999.0 -999.0 -999.0 39.02267740771413 26.264663960165166 39.070090445673486 26.38184097048591 74.70952213763842 249.48608527516035 -999.0 6231.0 -999.0 -1 -999 {-999.0 -999.0 -999.0 -999.0 -999.0} "" -999.0 -999.0 -999.0 -999.0 -999 -999 "" "" "" "" 0 0 0.0 0.0 -999 ""
FIBERMAP 623 R+6C11 APOGEE 0 0 0 1 0 0 9.720908481358766 117.30656986145578 143.1 101.39975430801684 59.72960990163162 337.28238 141.7948 -999.0 -999.0 -999.0 -999.0 -999.0 38.97660599278897 26.274317284795746 39.02395743019531 26.391548038852154 74.67779730876602 249.5929395188478 -999.0 16600.0 -999.0 2 -999 {-999.0 -999.0 -999.0 -999.0 -999.0} "" -999.0 -999.0 -999.0 -999.0 -999 -999 "" "" "" "" 0 0 0.0 0.0 -999 ""
FIBERMAP 623 R+6C11 BOSS 1 1 0 1 0 0 10.105792375182356 116.64289014431812 143.1 101.07981311094667 59.0324743356714 337.28238 141.7948 38.97495207462597 26.271236629920697 15.770581 -25.184046 0.6945458 38.974978328255055 26.27115227365897 39.02237702150012 26.38841258946758 74.67506120611138 249.58504821791433 5400.0 5400.0 2016.0 1 136 {-999.0 14.9874115 14.461871 14.242512 -999.0} sdss_psfmag_from_g3xp 14.860955 14.471836 13.902063 12.865 63050396555026134 1072480712 bright_1x1 mwm_halo_local_high_boss_single mwm_halo science 0 0 0.0 0.0 -999 ""
FIBERMAP 623 R+6C11 METROLOGY 0 0 0 1 0 0 9.36041476346372 116.6533422901837 143.1 100.65838112120097 59.647177395967866 337.28238 141.7948 -999.0 -999.0 -999.0 -999.0 -999.0 38.972853009246506 26.273956406411926 39.020239765245094 26.391212281170084 74.67470775334324 249.59781136178742 -999.0 6231.0 -999.0 -1 -999 {-999.0 -999.0 -999.0 -999.0 -999.0} "" -999.0 -999.0 -999.0 -999.0 -999 -999 "" "" "" "" 0 0 0.0 0.0 -999 ""
FIBERMAP 624 R-5C1 APOGEE 1 1 0 1 0 0 -239.14746310645134 -90.33931652955945 143.1 -211.72186397616377 143.1755529456726 49.26205 167.73709 37.38920403927005 26.645011070992883 5.915566 -3.6089506 1.1125039 37.38923468625034 26.644992467837138 37.43585285737612 26.76468397898724 73.58148319700672 253.16819215744573 16000.0 16600.0 2016.0 2 241 {-999.0 12.568752 11.754941 11.447625 -999.0} sdss_psfmag_from_g3xp 12.329254 11.787857 11.093688 9.677 63050396555054143 1108205939 bright_1x1 mwm_tess_rgb_apogee mwm_tessrgb science 0 0 0.0 0.0 -999 ""
FIBERMAP 624 R-5C1 BOSS 0 0 0 1 0 0 -238.57160424941839 -89.87030255648678 143.1 -211.00668696933323 142.97585607647346 49.26205 167.73709 -999.0 -999.0 -999.0 -999.0 -999.0 37.39274629416463 26.64413007639667 37.43942686276722 26.763842309712985 73.58399529337476 253.16061930124405 -999.0 5400.0 -999.0 1 498 {-999.0 -999.0 -999.0 -999.0 -999.0} "" -999.0 -999.0 -999.0 -999.0 -999 -999 "" "" "" "" 0 0 0.0 0.0 -999 ""
FIBERMAP 624 R-5C1 METROLOGY 0 0 0 1 0 0 -238.43999105285744 -90.59663627894803 143.1 -211.52388917732122 142.4493991943131 49.26205 167.73709 -999.0 -999.0 -999.0 -999.0 -999.0 37.39018428845164 26.641723807272093 37.436840614918424 26.761432878278892 73.58087044292654 253.1564733321361 -999.0 6231.0 -999.0 -1 -999 {-999.0 -999.0 -999.0 -999.0 -999.0} "" -999.0 -999.0 -999.0 -999.0 -999 -999 "" "" "" "" 0 0 0.0 0.0 -999 ""
FIBERMAP 627 R+5C4 APOGEE 0 0 0 1 0 0 -174.03795762192448 117.09441454519825 143.1 -4.773835371263278 209.66433387213928 166.21869 40.94696 -999.0 -999.0 -999.0 -999.0 -999.0 38.43644430166653 26.95372120027213 38.48464559407489 27.071741052450786 74.55743058065053 252.7024531359049 -999.0 16600.0 -999.0 2 -999 {-999.0 -999.0 -999.0 -999.0 -999.0} "" -999.0 -999.0 -999.0 -999.0 -999 -999 "" "" "" "" 0 0 0.0 0.0 -999 ""
FIBERMAP 627 R+5C4 BOSS 1 1 0 1 0 0 -173.37299399221672 117.45390898508859 143.1 -4.09669216186132 209.3286984605949 166.21869 40.94696 38.439831314283204 26.9523730436715 10.2088 -53.473557 3.3758202 38.43983508673857 26.95224092657282 38.48809376155475 27.070279979642567 74.55956687641189 252.69251740233656 5400.0 5400.0 2016.0 1 37 {-999.0 17.896595 16.389036 15.47317 -999.0} sdss_psfmag 17.256575 16.10391 15.027268 12.912 63050396555056443 1095388823 bright_1x1 mwm_bin_vis_boss mwm_filler science 0 0 0.0 0.0 -999 ""
FIBERMAP 627 R+5C4 METROLOGY 0 0 0 1 0 0 -173.4027181501457 116.70309269044694 143.1 -4.726953398932022 208.91986667958489 166.21869 40.94696 -999.0 -999.0 -999.0 -999.0 -999.0 38.436647530491804 26.95039485303562 38.48488337723859 27.068432233355946 74.55619015089859 252.69090597979556 -999.0 6231.0 -999.0 -1 -999 {-999.0 -999.0 -999.0 -999.0 -999.0} "" -999.0 -999.0 -999.0 -999.0 -999 -999 "" "" "" "" 0 0 0.0 0.0 -999 ""
FIBERMAP 630 R+11C4 APOGEE 1 0 0 1 1 0 -95.83230529205319 221.54046965735824 143.1 125.62911708646686 206.05092468206968 26.150166 144.31767 39.01230760063018 26.846137194715496 -6.9694133 -7.139511 3.4371827 39.099031847066286 26.935555195064072 39.14781432650324 27.052520364735102 75.07989730388395 251.64846399572565 16000.0 16600.0 2016.0 2 26 {-999.0 10.417098 10.024081 9.900613 -999.0} sdss_psfmag_gaia 10.352607 10.047605 9.571439 8.802 63050396555030148 975435972 "" ops_std_apogee ops_std standard_apogee 0 0 0.0 0.0 -999 ""
FIBERMAP 630 R+11C4 BOSS 0 0 0 1 1 0 -95.10161024346395 221.4037161953959 143.1 125.93894212637188 205.3753551161691 26.150166 144.31767 -999.0 -999.0 -999.0 -999.0 -999.0 39.10057089192426 26.932511012594397 39.14940345733146 27.04949819664664 75.07982429690752 251.63550593096005 -999.0 5400.0 -999.0 1 145 {-999.0 -999.0 -999.0 -999.0 -999.0} "" -999.0 -999.0 -999.0 -999.0 -999 -999 "" "" "" "" 0 0 0.0 0.0 -999 ""
FIBERMAP 630 R+11C4 METROLOGY 0 0 0 1 1 0 -95.56933548019902 220.83555759935902 143.1 125.20518014360347 205.429559238845 26.150166 144.31767 -999.0 -999.0 -999.0 -999.0 -999.0 39.09686685309893 26.932784826527595 39.14568102078471 27.049771081808824 75.07697464850706 251.64217030666308 -999.0 6231.0 -999.0 -1 -999 {-999.0 -999.0 -999.0 -999.0 -999.0} "" -999.0 -999.0 -999.0 -999.0 -999 -999 "" "" "" "" 0 0 0.0 0.0 -999 ""
FIBERMAP 631 R-5C16 APOGEE 0 0 0 1 0 0 97.10538797075122 -84.791193330342 143.1 -13.225573737337992 -128.20741406564446 105.87813 118.27055 -999.0 -999.0 -999.0 -999.0 -999.0 38.39712692729926 25.419332159426183 38.44229602003105 25.537575446600627 73.80310247231479 247.79731796518672 -999.0 16600.0 -999.0 2 202 {-999.0 -999.0 -999.0 -999.0 -999.0} "" -999.0 -999.0 -999.0 -999.0 -999 -999 "" ops_sky_apogee_best_unassigned ops_sky sky_apogee 0 0 0.0 0.0 -999 ""
FIBERMAP 631 R-5C16 BOSS 1 1 0 1 0 0 97.63358337639693 -84.26472726831862 143.1 -12.490975888659035 -128.33504812235643 105.87813 118.27055 38.40075152969147 25.418676254050624 0.2284701 0.060865052 -0.17096011 38.40076566108425 25.418674529915137 38.44599339247338 25.536942129939607 73.80566074709172 247.789312032573 5400.0 5400.0 2016.0 1 304 {-999.0 18.640789 18.397413 18.180508 18.00588} sdss_psfmag_from_gaiadr2 18.452019 18.42666 17.658457 15.944 63050396554104697 1057566542 bright_flexible_2x1 bhm_gua_bright bhm_filler science 0 0 0.0 0.0 -999 ""
FIBERMAP 631 R-5C16 METROLOGY 0 0 0 1 0 0 97.82974744892262 -84.97857566784757 143.1 -12.960746771788846 -128.90701502099037 105.87813 118.27055 -999.0 -999.0 -999.0 -999.0 -999.0 38.39842412517132 25.416095711295963 38.44362878048787 25.534358794289023 73.80251375042464 247.78518916106447 -999.0 6231.0 -999.0 -1 -999 {-999.0 -999.0 -999.0 -999.0 -999.0} "" -999.0 -999.0 -999.0 -999.0 -999 -999 "" "" "" "" 0 0 0.0 0.0 -999 ""
FIBERMAP 635 R+9C12 APOGEE 0 0 0 1 0 0 64.06671317482592 187.20946682657677 143.1 189.83140752814836 55.67406152422931 69.89633 102.015305 -999.0 -999.0 -999.0 -999.0 -999.0 39.422807450780525 26.253675407601847 39.47051797761242 26.370190216263396 75.01856203747911 248.78690128005252 -999.0 16600.0 -999.0 2 25 {-999.0 -999.0 -999.0 -999.0 -999.0} "" -999.0 -999.0 -999.0 -999.0 -999 -999 "" ops_sky_apogee_best_unassigned ops_sky sky_apogee 0 0 0.0 0.0 -999 ""
FIBERMAP 635 R+9C12 BOSS 1 1 0 1 0 0 64.80554506791763 187.10919542775784 143.1 190.1757174406408 55.012891916139914 69.89633 102.015305 39.4245595424755 26.250662497910145 -12.717949 -1.9192848 2.1855412 39.42452612626342 26.250651693641895 39.47228553428209 26.36719052617383 75.01849480386613 248.7737820967622 5400.0 5400.0 2016.0 1 140 {-999.0 15.872583 14.806236 14.436458 -999.0} sdss_psfmag_from_g3xp 15.501288 14.849326 14.07728 12.58 63050396555027302 1095860723 bright_1x1 mwm_bin_vis_boss mwm_filler science 0 0 0.0 0.0 -999 ""
FIBERMAP 635 R+9C12 METROLOGY 0 0 0 1 0 0 64.35479008190521 186.51748551402144 143.1 189.43251270190774 55.03965271281092 69.89633 102.015305 -999.0 -999.0 -999.0 -999.0 -999.0 39.420798116172044 26.25080401587584 39.468539377296736 26.367341355313005 75.01563142378723 248.7805807783139 -999.0 6231.0 -999.0 -1 -999 {-999.0 -999.0 -999.0 -999.0 -999.0} "" -999.0 -999.0 -999.0 -999.0 -999 -999 "" "" "" "" 0 0 0.0 0.0 -999 ""
FIBERMAP 637 R-13C10 APOGEE 0 0 0 1 0 0 49.20956036748493 -262.87901240207134 143.1 -186.2801717865294 -191.82481187008756 233.43764 121.88454 -999.0 -999.0 -999.0 -999.0 -999.0 37.53369135773182 25.130601601852057 37.57756127816401 25.250228892082326 72.98366436907526 248.30854436193698 -999.0 16600.0 -999.0 2 181 {-999.0 -999.0 -999.0 -999.0 -999.0} "" -999.0 -999.0 -999.0 -999.0 -999 -999 "" ops_sky_apogee_best_unassigned ops_sky sky_apogee 0 0 0.0 0.0 -999 ""
FIBERMAP 637 R-13C10 BOSS 1 1 0 1 0 0 48.46854333875847 -262.791517291317 143.1 -186.6361752731606 -191.16922781999713 233.43764 121.88454 37.531800366264015 25.133500937334965 1.3823739 -3.3815076 0.61252344 37.531807595627896 25.13350452980609 37.575741067370984 25.2531659242358 72.98372127769164 248.32004801490635 5400.0 5400.0 2016.0 1 335 {-999.0 16.711489 16.237267 16.076397 -999.0} sdss_psfmag 16.606089 16.250607 15.726016 14.797 63050396554105077 980355477 "" ops_std_boss_tic ops_std standard_boss 0 0 0.0 0.0 -999 ""
FIBERMAP 637 R-13C10 METROLOGY 0 0 0 1 0 0 48.90877837059655 -262.19570672098456 143.1 -185.89569032758317 -191.18503260176973 233.43764 121.88454 -999.0 -999.0 -999.0 -999.0 -999.0 37.53549881098637 25.133447235349877 37.579418439839 25.253093980065074 72.98655848498561 248.31411189402243 -999.0 6231.0 -999.0 -1 -999 {-999.0 -999.0 -999.0 -999.0 -999.0} "" -999.0 -999.0 -999.0 -999.0 -999 -999 "" "" "" "" 0 0 0.0 0.0 -999 ""
FIBERMAP 640 R-5C17 APOGEE 0 0 0 1 0 0 125.7026211095038 -113.54132344522448 143.1 -20.206704814130326 -168.14421736974373 304.2529 88.739586 -999.0 -999.0 -999.0 -999.0 -999.0 38.362587657273956 25.238488720514695 38.407379332237156 25.3568057443767 73.68391672123249 247.29890785269458 -999.0 16600.0 -999.0 2 -999 {-999.0 -999.0 -999.0 -999.0 -999.0} "" -999.0 -999.0 -999.0 -999.0 -999 -999 "" "" "" "" 0 0 0.0 0.0 -999 ""
FIBERMAP 640 R-5C17 BOSS 1 1 0 1 0 0 125.06536638840265 -113.96255782195686 143.1 -20.918280986968412 -167.86682335560917 304.2529 88.739586 38.35844099015199 25.23980967130712 6.51622 -61.480576 3.4266915 38.35894503884471 25.239649039163805 38.403792627029816 25.358002374203988 73.68174797022414 247.3084805989777 5400.0 5400.0 2016.0 1 300 {-999.0 12.352612 11.779351 11.572115 -999.0} sdss_psfmag_from_g3xp 12.213942 11.807772 11.231775 10.169 63050396554104051 996766321 bright_1x1 mwm_bin_gaia_sb_boss mwm_bin science 0 0 1.459035038948059 0.0 -999 ""
FIBERMAP 640 R-5C17 METROLOGY 0 0 0 1 0 0 125.02887958340835 -113.22080147011765 143.1 -20.33361152903502 -167.40915002192338 304.2529 88.739586 -999.0 -999.0 -999.0 -999.0 -999.0 38.36189195311225 25.241741213857967 38.40672998371315 25.360080969051953 73.68509261443373 247.30998785989894 -999.0 6231.0 -999.0 -1 -999 {-999.0 -999.0 -999.0 -999.0 -999.0} "" -999.0 -999.0 -999.0 -999.0 -999 -999 "" "" "" "" 0 0 0.0 0.0 -999 ""
FIBERMAP 641 R-8C16 APOGEE 0 0 0 1 0 0 133.28286469260433 -167.87763282573405 143.1 -60.20499709374672 -205.6778452268567 261.57034 121.478874 -999.0 -999.0 -999.0 -999.0 -999.0 38.16296241227022 25.069010992912585 38.207258581484496 25.18766090750132 73.44169188407946 247.1157416268644 -999.0 16600.0 -999.0 2 -999 {-999.0 -999.0 -999.0 -999.0 -999.0} "" -999.0 -999.0 -999.0 -999.0 -999 -999 "" "" "" "" 0 0 0.0 0.0 -999 ""
FIBERMAP 641 R-8C16 BOSS 1 1 0 1 0 0 132.58840706579494 -168.18147764980833 143.1 -60.85371040208285 -205.28602388832022 261.57034 121.478874 38.15961920253203 25.070692413755726 0.7338401 -0.28493556 0.2320113 38.1596328210359 25.07069419844782 38.2039868219573 25.1893805679348 73.44004579727923 247.12627543279427 5400.0 5400.0 2016.0 1 307 {-999.0 17.828472 17.420404 17.270493 -999.0} sdss_psfmag 17.761389 17.429594 16.940847 16.042 63050396554103210 975989827 "" ops_std_boss ops_std standard_boss 0 0 0.0 0.0 -999 ""
FIBERMAP 641 R-8C16 METROLOGY 0 0 0 1 0 0 132.68006816522194 -167.4379757695101 143.1 -60.193694098559256 -204.93198896562453 261.57034 121.478874 -999.0 -999.0 -999.0 -999.0 -999.0 38.16294252728115 25.07230733152306 38.20728613933517 25.19097941829564 73.44342805730992 247.1256660325546 -999.0 6231.0 -999.0 -1 -999 {-999.0 -999.0 -999.0 -999.0 -999.0} "" -999.0 -999.0 -999.0 -999.0 -999 -999 "" "" "" "" 0 0 0.0 0.0 -999 ""
FIBERMAP 647 R-6C1 APOGEE 0 0 1 1 0 0 -223.56629154764354 -108.74455015585552 143.1 -217.7636215548291 119.83503784695577 10.841037 169.71724 -999.0 -999.0 -999.0 -999.0 -999.0 37.3594287116548 26.53929447150104 37.40581598312821 26.659043188326443 73.51134688409836 252.87362900686645 -999.0 16600.0 -999.0 2 261 {-999.0 -999.0 -999.0 -999.0 -999.0} "" -999.0 -999.0 -999.0 -999.0 -999 -999 "" ops_sky_apogee_best_unassigned ops_sky sky_apogee 0 0 0.0 0.0 -999 ""
FIBERMAP 647 R-6C1 BOSS 1 0 1 1 0 0 -222.82916397410753 -108.6955155250706 143.1 -217.29837177955682 119.26138638758019 10.841037 169.71724 37.41575093600847 26.47727181270917 20.673 -47.799644 4.486866 37.361688198759246 26.53672314458988 37.408133481330196 26.65649510893019 73.51209400326371 252.86236292605676 5400.0 5400.0 2016.0 1 499 {-999.0 14.006741 13.089163 12.73445 -999.0} sdss_psfmag_gaia 13.717239 13.1226 12.378183 10.854 63050396555053963 1114242236 bright_1x1 openfibertargets_mwm_tessperiodic_boss open_fiber science 0 0 1.1072947978973389 0.0 -999 ""
FIBERMAP 647 R-6C1 METROLOGY 0 0 1 1 0 0 -223.12176003360483 -109.37687142888656 143.1 -218.02354809339468 119.10728311445918 10.841037 169.71724 -999.0 -999.0 -999.0 -999.0 -999.0 37.35808345914414 26.535980172396126 37.404506727229204 26.655750290681542 73.5088537004273 252.86500202136858 -999.0 6231.0 -999.0 -1 -999 {-999.0 -999.0 -999.0 -999.0 -999.0} "" -999.0 -999.0 -999.0 -999.0 -999 -999 "" "" "" "" 0 0 0.0 0.0 -999 ""
FIBERMAP 648 R+10C6 APOGEE 0 0 0 1 0 0 -46.943740082489526 188.73156792131553 143.1 127.03855075554904 147.2029809124977 48.88845 38.645386 -999.0 -999.0 -999.0 -999.0 -999.0 39.10661569859254 26.670427479038356 39.15487354137292 26.787408196252933 74.96603130770107 250.72171798039471 -999.0 16600.0 -999.0 2 -999 {-999.0 -999.0 -999.0 -999.0 -999.0} "" -999.0 -999.0 -999.0 -999.0 -999 -999 "" "" "" "" 0 0 0.0 0.0 -999 ""
FIBERMAP 648 R+10C6 BOSS 1 1 0 1 0 0 -46.98580195472118 187.9576423932896 143.1 126.38230162077738 146.7908936422872 48.88845 38.645386 39.103206050668085 26.668576856205153 1.4972899 -1.0957459 0.17850949 39.103277802115784 26.66859997103173 39.151583605459905 26.785611362024213 74.96259769808256 250.72074039568676 5400.0 5400.0 2016.0 1 119 {-999.0 16.894678 16.179392 15.871391 -999.0} sdss_psfmag 16.679 16.176762 15.474383 14.067 63050396555029588 1061677504 bright_1x1 manual_mwm_halo_distant_kgiant_near_boss_single mwm_halo science 0 0 0.0 0.0 -999 ""
FIBERMAP 648 R+10C6 METROLOGY 0 0 0 1 0 0 -47.60293420557159 188.38210391944148 143.1 126.37292649061838 147.5396909629194 48.88845 38.645386 -999.0 -999.0 -999.0 -999.0 -999.0 39.10323589601798 26.67198365968251 39.151532936607225 26.7889876359374 74.96410235343401 250.73239176258105 -999.0 6231.0 -999.0 -1 -999 {-999.0 -999.0 -999.0 -999.0 -999.0} "" -999.0 -999.0 -999.0 -999.0 -999 -999 "" "" "" "" 0 0 0.0 0.0 -999 ""
FIBERMAP 650 R-2C1 APOGEE 0 0 0 1 0 0 -281.32187821345315 -36.612865754239635 143.1 -192.17704848051235 208.6069149565708 167.62566 119.98459 -999.0 -999.0 -999.0 -999.0 -999.0 37.48676452907988 26.940377072669143 37.53404502403197 27.05988652467914 73.78655779246404 253.98579050824338 -999.0 16600.0 -999.0 2 275 {-999.0 -999.0 -999.0 -999.0 -999.0} "" -999.0 -999.0 -999.0 -999.0 -999 -999 "" ops_sky_apogee_best_unassigned ops_sky sky_apogee 0 0 0.0 0.0 -999 ""
FIBERMAP 650 R-2C1 BOSS 1 1 0 1 0 0 -281.55796984514086 -35.902946831597156 143.1 -191.73351840435217 209.20921991801552 167.62566 119.98459 37.48893454915147 26.943088173135784 8.835985 -5.530095 1.2824233 37.4889406698221 26.943075263856137 37.536289003657885 27.06260599066956 73.78951307968526 253.99162672296148 5400.0 5400.0 2016.0 1 426 {-999.0 15.673234 14.947773 14.728364 -999.0} sdss_psfmag_from_g3xp 15.318543 15.028976 14.189495 12.685 63050396555060723 1095618754 bright_1x1 mwm_bin_vis_boss mwm_filler science 0 0 0.0 0.0 -999 ""
FIBERMAP 650 R-2C1 METROLOGY 0 0 0 1 0 0 -280.8303649339627 -36.05106528891257 143.1 -191.43475652547505 208.52961791351288 167.62566 119.98459 -999.0 -999.0 -999.0 -999.0 -999.0 37.49045985943285 26.940066752679847 37.537786636496094 27.059588380486954 73.78945672586333 253.9798104786584 -999.0 6231.0 -999.0 -1 -999 {-999.0 -999.0 -999.0 -999.0 -999.0} "" -999.0 -999.0 -999.0 -999.0 -999 -999 "" "" "" "" 0 0 0.0 0.0 -999 ""
FIBERMAP 654 R+12C14 APOGEE 1 1 0 1 0 0 117.90934847541304 226.95457842861202 143.1 253.34602582972087 34.63303892450279 228.8082 82.83594 39.73979865921064 26.15581883209459 -11.084574 -8.461013 7.147863 39.73977062653092 26.155799924577526 39.78756696280192 26.271810799129078 75.2181912946697 247.91113790982382 16000.0 16600.0 2016.0 2 91 {-999.0 12.22213 11.550605 11.330247 -999.0} sdss_psfmag_from_g3xp 12.052628 11.602196 10.9896555 9.846 63050396555021250 1103502303 bright_1x1 mwm_tess_2min_apogee mwm_planet science 0 0 0.0 0.0 -999 ""
FIBERMAP 654 R+12C14 BOSS 0 0 0 1 0 0 117.42517229144994 227.51644754115716 143.1 253.5255524605911 35.352527449758334 228.8082 82.83594 -999.0 -999.0 -999.0 -999.0 -999.0 39.74065139698699 26.15902249916452 39.78850722986152 26.27505827602866 75.22053106446462 247.92056359920588 -999.0 5400.0 -999.0 1 89 {-999.0 -999.0 -999.0 -999.0 -999.0} "" -999.0 -999.0 -999.0 -999.0 -999 -999 "" "" "" "" 0 0 0.0 0.0 -999 ""
FIBERMAP 654 R+12C14 METROLOGY 0 0 0 1 0 0 118.1605251478116 227.6654212397763 143.1 254.07138853270106 34.83797455106621 228.8082 82.83594 -999.0 -999.0 -999.0 -999.0 -999.0 39.743357536803714 26.156676973924522 39.79119624116379 26.272701038179186 75.22145969899006 247.9078559109432 -999.0 6231.0 -999.0 -1 -999 {-999.0 -999.0 -999.0 -999.0 -999.0} "" -999.0 -999.0 -999.0 -999.0 -999 -999 "" "" "" "" 0 0 0.0 0.0 -999 ""
FIBERMAP 660 R+8C18 APOGEE 0 0 0 1 0 0 194.2603141399074 139.92181043720575 143.1 226.31790659776343 -77.91939807383467 21.61083 33.532253 -999.0 -999.0 -999.0 -999.0 -999.0 39.60056178162787 25.647031979203014 39.64722037559801 25.763322540314366 74.8520750606421 246.45980981923447 -999.0 16600.0 -999.0 2 -999 {-999.0 -999.0 -999.0 -999.0 -999.0} "" -999.0 -999.0 -999.0 -999.0 -999 -999 "" "" "" "" 0 0 0.0 0.0 -999 ""
FIBERMAP 660 R+8C18 BOSS 1 1 0 1 0 0 193.83364018674814 139.29674462142427 143.1 225.56135451766053 -77.93154297631747 21.61083 33.532253 39.59674887681544 25.64695742804527 -0.29146093 -1.7509915 0.08215945 39.596780423118965 25.646948612811617 39.64348816690625 25.763273918457532 74.84917268133793 246.46629945325958 5400.0 5400.0 2016.0 1 239 {-999.0 18.324663 17.850784 17.650925 17.551102} sdss_psfmag_from_gaia 18.2499 17.8651 17.3322 16.233 63050396555017410 967921185 "" ops_std_boss_gdr2 ops_std standard_boss 0 0 0.0 0.0 -999 ""
FIBERMAP 660 R+8C18 METROLOGY 0 0 0 1 0 0 193.51648738218552 139.97998031780358 143.1 225.93633541216516 -77.27843571110141 21.61083 33.532253 -999.0 -999.0 -999.0 -999.0 -999.0 39.598686603728886 25.64990849168816 39.64538696469259 25.766222279442008 74.85216049509911 246.47257538336606 -999.0 6231.0 -999.0 -1 -999 {-999.0 -999.0 -999.0 -999.0 -999.0} "" -999.0 -999.0 -999.0 -999.0 -999 -999 "" "" "" "" 0 0 0.0 0.0 -999 ""
FIBERMAP 661 R-11C8 APOGEE 1 1 0 1 0 0 -16.732544413697198 -220.44313715288322 143.1 -189.66548448819458 -113.49771396131928 186.38266 153.92732 37.51065336762359 25.483427726953717 0.088695616 -1.1192061 0.26610842 37.510962608225974 25.483413574863295 37.555477212023675 25.60303880075534 73.1413187963133 249.39413474756975 16000.0 16600.0 2016.0 2 158 {-999.0 13.603461 12.102551 10.272535 -999.0} sdss_psfmag_from_g3xp 13.02521 11.013839 9.696908 6.628 63050396554105937 1153168700 bright_1x1 mwm_galactic_core_dist_apogee_sparse mwm_galactic science 0 0 1.0249162912368774 0.0 -999 ""
FIBERMAP 661 R-11C8 BOSS 0 0 0 1 0 0 -17.44521334399337 -220.22299551737453 143.1 -189.89681664809473 -112.78876245254986 186.38266 153.92732 -999.0 -999.0 -999.0 -999.0 -999.0 37.509663045302986 25.486562831527355 37.55424237955566 25.606219951998813 73.1418993304619 249.40558291282065 -999.0 5400.0 -999.0 1 360 {-999.0 -999.0 -999.0 -999.0 -999.0} "" -999.0 -999.0 -999.0 -999.0 -999 -999 "" "" "" "" 0 0 0.0 0.0 -999 ""
FIBERMAP 661 R-11C8 METROLOGY 0 0 0 1 0 0 -16.893245522157027 -219.71386711902258 143.1 -189.16266370483822 -112.94581015538331 186.38266 153.92732 -999.0 -999.0 -999.0 -999.0 -999.0 37.51335799056532 25.48588018217002 37.55792230507353 25.605523079647302 73.14445582106273 249.39790078623042 -999.0 6231.0 -999.0 -1 -999 {-999.0 -999.0 -999.0 -999.0 -999.0} "" -999.0 -999.0 -999.0 -999.0 -999 -999 "" "" "" "" 0 0 0.0 0.0 -999 ""
FIBERMAP 663 R0C1 APOGEE 0 0 0 1 0 0 -287.0247771406818 8.559024078301423 143.1 -158.57946550371992 239.3210594571654 31.639334 144.97427 -999.0 -999.0 -999.0 -999.0 -999.0 37.655963191260206 27.08021720551171 37.70367638859648 27.19944914114595 73.9820041995701 254.21561992133633 -999.0 16600.0 -999.0 2 277 {-999.0 -999.0 -999.0 -999.0 -999.0} "" -999.0 -999.0 -999.0 -999.0 -999 -999 "" ops_sky_apogee_best_unassigned ops_sky sky_apogee 0 0 0.0 0.0 -999 ""
FIBERMAP 663 R0C1 BOSS 1 1 0 1 0 0 -286.2824133515125 8.532041127581214 143.1 -158.17327104237657 238.69928176942605 31.639334 144.97427 37.65794746763241 27.077460812740803 0.9032601 -0.81638545 0.16332397 37.65795860975922 27.077439527388474 37.7057282771284 27.196693005598725 73.98252018755014 254.2037871476707 5400.0 5400.0 2016.0 1 424 {-999.0 18.445045 18.02705 17.858057 17.784775} sdss_psfmag_from_gaia 18.3464 18.0409 17.5004 -999.0 63050396555061590 974239131 "" ops_std_boss_gdr2 ops_std standard_boss 0 0 0.0 0.0 -999 ""
FIBERMAP 663 R0C1 METROLOGY 0 0 0 1 0 0 -286.6654010904798 7.893107342666037 143.1 -158.91594751204042 238.6434631303482 31.639334 144.97427 -999.0 -999.0 -999.0 -999.0 -999.0 37.65423000196022 27.077141337308376 37.70197854760647 27.196393749825603 73.97936188635154 254.20781925292764 -999.0 6231.0 -999.0 -1 -999 {-999.0 -999.0 -999.0 -999.0 -999.0} "" -999.0 -999.0 -999.0 -999.0 -999 -999 "" "" "" "" 0 0 0.0 0.0 -999 ""
FIBERMAP 664 R+7C5 APOGEE 0 0 0 1 0 0 -134.1469832597403 129.7921151101697 143.1 28.605980913372704 184.41405025792935 202.59544 124.76793 -999.0 -999.0 -999.0 -999.0 -999.0 38.606532550464266 26.840164251694798 38.65466731095586 26.957926181137356 74.64399378416961 252.06777112151673 -999.0 16600.0 -999.0 2 117 {-999.0 -999.0 -999.0 -999.0 -999.0} "" -999.0 -999.0 -999.0 -999.0 -999 -999 "" ops_sky_apogee_best_unassigned ops_sky sky_apogee 0 0 0.0 0.0 -999 ""
FIBERMAP 664 R+7C5 BOSS 1 1 0 1 0 0 -134.7662191082952 130.1977161573746 143.1 28.579990906290938 185.1536858030623 202.59544 124.76793 38.60636862406373 26.843541198210676 -0.5348939 -0.9743443 -0.038039364 38.60634663138497 26.843527439905795 38.654544399522365 26.961314039577868 74.64538881675892 252.07943729918583 5400.0 5400.0 2016.0 1 56 {-999.0 17.800232 16.925064 16.551424 -999.0} sdss_psfmag 17.517683 16.941555 16.201313 14.663 63050396555055992 1061582131 bright_1x1 manual_mwm_halo_distant_kgiant_near_boss_single mwm_halo science 0 0 0.0 0.0 -999 ""
FIBERMAP 664 R+7C5 METROLOGY 0 0 0 1 0 0 -134.10367869866064 130.5347489879441 143.1 29.237394190762174 184.8070723256889 202.59544 124.76793 -999.0 -999.0 -999.0 -999.0 -999.0 38.609708841458826 26.841960003085973 38.657890601184874 26.959734419079428 74.64736972294776 252.06911712893816 -999.0 6231.0 -999.0 -1 -999 {-999.0 -999.0 -999.0 -999.0 -999.0} "" -999.0 -999.0 -999.0 -999.0 -999 -999 "" "" "" "" 0 0 0.0 0.0 -999 ""
FIBERMAP 665 R-5C18 APOGEE 1 1 0 1 0 0 129.47892937093417 -94.66725213301484 143.1 -2.615834028440114 -160.34053311804544 193.65828 92.50119 38.45090449587392 25.2741427248474 -11.973233 -87.33461 14.206727 38.450868651363905 25.27390568380397 38.495804510204266 25.3920792468297 73.77059380152744 247.26073152262353 16000.0 16600.0 2016.0 2 220 {-999.0 9.467987 9.002083 8.8536005 -999.0} sdss_psfmag_from_g3xp 9.377891 9.035639 8.521835 7.648 63050396554104210 984802071 bright_1x1 mwm_snc_100pc_apogee mwm_snc science 0 0 0.0 0.0 -999 ""
FIBERMAP 665 R-5C18 BOSS 0 0 0 1 0 0 129.2523553990486 -93.96344271868196 143.1 -2.171802751504627 -159.74952449565694 193.65828 92.50119 -999.0 -999.0 -999.0 -999.0 -999.0 38.45303753587687 25.27649388809197 38.49803675244539 25.39469423506103 73.7736660859073 247.26506384505197 -999.0 5400.0 -999.0 1 292 {-999.0 -999.0 -999.0 -999.0 -999.0} "" -999.0 -999.0 -999.0 -999.0 -999 -999 "" "" "" "" 0 0 0.0 0.0 -999 ""
FIBERMAP 665 R-5C18 METROLOGY 0 0 0 1 0 0 129.98453182886132 -94.12792161839226 143.1 -1.8837637188782212 -160.44229702860744 193.65828 92.50119 -999.0 -999.0 -999.0 -999.0 -999.0 38.45450792098881 25.273383127496924 38.49948640652639 25.391572839827568 73.77318936257625 247.2530709491038 -999.0 6231.0 -999.0 -1 -999 {-999.0 -999.0 -999.0 -999.0 -999.0} "" -999.0 -999.0 -999.0 -999.0 -999 -999 "" "" "" "" 0 0 0.0 0.0 -999 ""
FIBERMAP 667 R0C9 APOGEE 1 1 0 1 0 0 -107.26037396697107 -21.340373832342564 143.1 -79.29909215629128 75.27851301081708 352.22702 28.551731 38.05923313900256 26.344002442263683 -2.0427551 8.224479 0.90162385 38.05923909643474 26.344024985409497 38.105895075589444 26.46270356947723 73.98360104637247 251.24524809163808 16000.0 16600.0 2016.0 2 246 {-999.0 11.8602705 10.900188 10.513293 -999.0} sdss_psfmag_from_g3xp 11.54759 10.915149 10.150587 8.493 63050396555051639 1107741301 bright_1x1 mwm_tess_rgb_apogee mwm_tessrgb science 0 0 0.0 0.0 -999 ""
FIBERMAP 667 R0C9 BOSS 0 0 0 1 0 0 -107.94731395574107 -21.62135509866199 143.1 -79.92479862099864 75.6773841860151 352.22702 28.551731 -999.0 -999.0 -999.0 -999.0 -999.0 38.05595767856951 26.345829527977738 38.102672447108375 26.46453987976448 73.98187422206604 251.2559458171267 -999.0 5400.0 -999.0 1 492 {-999.0 -999.0 -999.0 -999.0 -999.0} "" -999.0 -999.0 -999.0 -999.0 -999 -999 "" "" "" "" 0 0 0.0 0.0 -999 ""
FIBERMAP 667 R0C9 METROLOGY 0 0 0 1 0 0 -107.85039470008859 -20.882130264419736 143.1 -79.26524180430282 76.02465811764127 352.22702 28.551731 -999.0 -999.0 -999.0 -999.0 -999.0 38.059321099702025 26.34742732289201 38.10602552257512 26.466124623373762 73.98526834785288 251.2560837455744 -999.0 6231.0 -999.0 -1 -999 {-999.0 -999.0 -999.0 -999.0 -999.0} "" -999.0 -999.0 -999.0 -999.0 -999 -999 "" "" "" "" 0 0 0.0 0.0 -999 ""
FIBERMAP 669 R+3C3 APOGEE 1 1 0 1 0 0 -204.32455135554375 63.974412255993116 143.1 -65.62218156139201 203.75430635477719 13.103288 137.5937 38.126970554141494 26.92585905108138 2.9677508 -7.3277926 0.32546872 38.12698473856312 26.925860049103736 38.174840826399134 27.044371160417747 74.2966722326311 253.0533254398602 16000.0 16600.0 2016.0 2 107 {-999.0 13.149405 11.961902 11.463364 -999.0} sdss_psfmag_from_g3xp 12.711895 11.941794 11.087032 9.197 63050396555054898 1153169138 bright_1x1 mwm_galactic_core_dist_apogee_sparse mwm_galactic science 0 0 0.0 0.0 -999 ""
FIBERMAP 669 R+3C3 BOSS 0 0 0 1 0 0 -203.68956437071998 63.595091871804506 143.1 -65.56564485915412 203.01696832827875 13.103288 137.5937 -999.0 -999.0 -999.0 -999.0 -999.0 38.1272041140243 26.92256424221597 38.175112172863294 27.041100031686412 74.29548562307723 253.04202782749707 -999.0 5400.0 -999.0 1 59 {-999.0 -999.0 -999.0 -999.0 -999.0} "" -999.0 -999.0 -999.0 -999.0 -999 -999 "" "" "" "" 0 0 0.0 0.0 -999 ""
FIBERMAP 669 R+3C3 METROLOGY 0 0 0 1 0 0 -204.331671587632 63.22145452017372 143.1 -66.2411525380359 203.32578097615186 13.103288 137.5937 -999.0 -999.0 -999.0 -999.0 -999.0 38.12378834315769 26.92392895652995 38.171679381076956 27.042462979285233 74.29330987952517 253.05142598387897 -999.0 6231.0 -999.0 -1 -999 {-999.0 -999.0 -999.0 -999.0 -999.0} "" -999.0 -999.0 -999.0 -999.0 -999 -999 "" "" "" "" 0 0 0.0 0.0 -999 ""
FIBERMAP 671 R+1C15 APOGEE 0 0 0 1 0 0 14.378153967662396 12.278751507195565 143.1 18.320765900336088 -4.658236568844763 252.78867 51.321068 -999.0 -999.0 -999.0 -999.0 -999.0 38.555493473581386 25.981540390338893 38.601891909313906 26.099473444876022 74.20560621813985 249.31277934759385 -999.0 16600.0 -999.0 2 -999 {-999.0 -999.0 -999.0 -999.0 -999.0} "" -999.0 -999.0 -999.0 -999.0 -999 -999 "" "" "" "" 0 0 0.0 0.0 -999 ""
FIBERMAP 671 R+1C15 BOSS 1 1 0 1 0 0 13.933973524180235 12.904129329404604 143.1 18.575224944743706 -3.9347738132432073 252.78867 51.321068 38.55640003352056 25.984913239758914 14.292295 -20.783598 0.4955474 38.556734880698194 25.98480719955474 38.603197173906835 26.102765804151012 74.20822085036806 249.32129955142483 5400.0 5400.0 2016.0 1 189 {-999.0 13.950129 13.282085 12.969449 -999.0} sdss_psfmag_from_g3xp 13.763168 13.276022 12.614726 11.264 63050396555025060 1071103131 bright_1x1 mwm_halo_vmp_xp_boss_single mwm_halo science 0 0 1.0296305418014526 0.0 -999 ""
FIBERMAP 671 R+1C15 METROLOGY 0 0 0 1 0 0 14.681815432114007 12.960258437108173 143.1 19.052448562938682 -4.5130821635851115 252.78867 51.321068 -999.0 -999.0 -999.0 -999.0 -999.0 38.55917016515852 25.982183016159794 38.60561352747851 26.100130139756423 74.20885060127765 249.30896972361995 -999.0 6231.0 -999.0 -1 -999 {-999.0 -999.0 -999.0 -999.0 -999.0} "" -999.0 -999.0 -999.0 -999.0 -999 -999 "" "" "" "" 0 0 0.0 0.0 -999 ""
FIBERMAP 673 R-11C1 APOGEE 1 1 0 1 0 0 -155.3125117977785 -220.74405052350014 143.1 -269.8503415713514 -0.5071835513372678 341.65054 105.07506 37.10490783191234 25.991863186822233 2.015191 -1.5046769 0.48888627 37.104940148118104 25.991859761806964 37.15005110473146 26.112058521716044 73.06120249293058 251.5310161336712 16000.0 16600.0 2016.0 2 271 {-999.0 13.407067 12.507742 12.163798 -999.0} sdss_psfmag_from_g3xp 13.1256895 12.535826 11.804725 10.253 63050396554129682 1108716685 bright_1x1 mwm_tess_rgb_apogee mwm_tessrgb science 0 0 0.0 0.0 -999 ""
FIBERMAP 673 R-11C1 BOSS 0 0 0 1 0 0 -155.34560835092813 -221.49109194156878 143.1 -270.4794656007346 -0.9110839236080047 341.65054 105.07506 -999.0 -999.0 -999.0 -999.0 -999.0 37.101786848941074 25.98997089217323 37.14695293581707 26.1102032959819 73.05787916045304 251.52974715923528 -999.0 5400.0 -999.0 1 421 {-999.0 -999.0 -999.0 -999.0 -999.0} "" -999.0 -999.0 -999.0 -999.0 -999 -999 "" "" "" "" 0 0 0.0 0.0 -999 ""
FIBERMAP 673 R-11C1 METROLOGY 0 0 0 1 0 0 -155.97903636350637 -221.0898644633187 143.1 -270.5172137308941 -0.1623819575540559 341.65054 105.07506 -999.0 -999.0 -999.0 -999.0 -999.0 37.10157474569741 25.99336218106895 37.14672959735577 26.11358644078738 73.05925511611593 251.54037605772703 -999.0 6231.0 -999.0 -1 -999 {-999.0 -999.0 -999.0 -999.0 -999.0} "" -999.0 -999.0 -999.0 -999.0 -999 -999 "" "" "" "" 0 0 0.0 0.0 -999 ""
FIBERMAP 674 R+4C1 APOGEE 0 0 0 1 0 0 -259.4642467587335 72.84585502410607 143.1 -90.18482588818925 253.89871149502312 202.86906 113.808556 -999.0 -999.0 -999.0 -999.0 -999.0 38.00202846783446 27.149401009818078 38.05020646918541 27.26808498668061 74.29077063458223 253.97544706212923 -999.0 16600.0 -999.0 2 144 {-999.0 -999.0 -999.0 -999.0 -999.0} "" -999.0 -999.0 -999.0 -999.0 -999 -999 "" ops_sky_apogee_best_unassigned ops_sky sky_apogee 0 0 0.0 0.0 -999 ""
FIBERMAP 674 R+4C1 BOSS 1 1 0 1 0 0 -259.99475760328767 73.3534317861118 143.1 -90.07636218434983 254.62471854752175 202.86906 113.808556 38.002465269195355 27.15270173575184 25.98788 -21.40522 5.765724 38.00251803777795 27.152621099276846 38.05076163195611 27.271327880580944 74.29256892741768 253.9855798573496 5400.0 5400.0 2016.0 1 2 {-999.0 17.780993 16.294914 14.946182 -999.0} sdss_psfmag 17.110062 15.603543 14.401704 12.058 63050396555055653 1035031224 bright_1x1 mwm_yso_pms_boss_sagitta_edr3_single mwm_yso science 0 0 0.0 0.0 -999 ""
FIBERMAP 674 R+4C1 METROLOGY 0 0 0 1 0 0 -259.27561881393416 73.56797417062967 143.1 -89.48633586089342 254.16122897663502 202.86906 113.808556 -999.0 -999.0 -999.0 -999.0 -999.0 38.005528896686855 27.150587948308544 38.05375468086015 27.269283448316372 74.29413717212725 253.97462306559868 -999.0 6231.0 -999.0 -1 -999 {-999.0 -999.0 -999.0 -999.0 -999.0} "" -999.0 -999.0 -999.0 -999.0 -999 -999 "" "" "" "" 0 0 0.0 0.0 -999 ""
FIBERMAP 675 R-1C20 APOGEE 1 1 0 1 0 0 136.30755703673452 -31.286376599485607 143.1 53.07991427798551 -129.3558484610071 245.34032 102.662025 38.730986399932945 25.41456596625358 -1.5859113 1.3820429 0.92104053 38.730987665531835 25.414572446568087 38.77643733899589 25.53228607471432 74.06002229131894 247.22691190994107 16000.0 16600.0 2016.0 2 227 {-999.0 13.1992655 12.393305 12.092858 -999.0} sdss_psfmag_gaia 12.966416 12.434707 11.746752 10.325 63050396555022570 1108800309 bright_1x1 mwm_tess_rgb_apogee mwm_tessrgb science 0 0 0.0 0.0 -999 ""
FIBERMAP 675 R-1C20 BOSS 0 0 0 1 0 0 135.5700697893148 -31.16325258002152 143.1 52.75504141942977 -128.68259447265044 245.34032 102.662025 -999.0 -999.0 -999.0 -999.0 -999.0 38.7293265601463 25.41754035765119 38.77483612767628 25.535286163315043 74.06031527491527 247.23898992253655 -999.0 5400.0 -999.0 1 271 {-999.0 -999.0 -999.0 -999.0 -999.0} "" -999.0 -999.0 -999.0 -999.0 -999 -999 "" "" "" "" 0 0 0.0 0.0 -999 ""
FIBERMAP 675 R-1C20 METROLOGY 0 0 0 1 0 0 136.05789519298594 -30.578935322100165 143.1 53.51359320813081 -128.74389130960665 245.34032 102.662025 -999.0 -999.0 -999.0 -999.0 -999.0 38.73315471900837 25.417284527966853 38.77865134612233 25.535015801822077 74.06313523905825 247.23173212586636 -999.0 6231.0 -999.0 -1 -999 {-999.0 -999.0 -999.0 -999.0 -999.0} "" -999.0 -999.0 -999.0 -999.0 -999 -999 "" "" "" "" 0 0 0.0 0.0 -999 ""
FIBERMAP 676 R-9C12 APOGEE 0 0 0 1 0 0 41.912801759900965 -182.87047898803425 143.1 -125.15446837349556 -139.71378862874244 231.75587 93.92611 -999.0 -999.0 -999.0 -999.0 -999.0 37.834942760097384 25.36591910516124 37.87951943968676 25.485052168532043 73.33744743659776 248.53811516944342 -999.0 16600.0 -999.0 2 152 {-999.0 -999.0 -999.0 -999.0 -999.0} "" -999.0 -999.0 -999.0 -999.0 -999 -999 "" ops_sky_apogee_best_unassigned ops_sky sky_apogee 0 0 0.0 0.0 -999 ""
FIBERMAP 676 R-9C12 BOSS 1 1 0 1 0 0 41.29106338653886 -182.44678686068664 143.1 -125.16712881086652 -138.96167378181755 231.75587 93.92611 37.83474057107559 25.36925732400301 2.23667 -6.920504 1.6015011 37.83474353836352 25.369249671177723 37.87938510144534 25.48841316234693 73.33901726989417 248.54848874340513 5400.0 5400.0 2016.0 1 368 {-999.0 14.85458 14.2445545 14.031424 -999.0} sdss_psfmag_from_g3xp 14.7048855 14.280385 13.6899805 12.585 63050396554105421 1095889584 bright_1x1 mwm_bin_vis_boss mwm_filler science 0 0 0.0 0.0 -999 ""
FIBERMAP 676 R-9C12 METROLOGY 0 0 0 1 0 0 41.96573697428411 -182.11899240582022 143.1 -124.51027060406804 -139.32352429585956 231.75587 93.92611 -999.0 -999.0 -999.0 -999.0 -999.0 37.83807641969886 25.36763836322356 37.8827011830777 25.486788183640375 73.34080265414742 248.53837151772302 -999.0 6231.0 -999.0 -1 -999 {-999.0 -999.0 -999.0 -999.0 -999.0} "" -999.0 -999.0 -999.0 -999.0 -999 -999 "" "" "" "" 0 0 0.0 0.0 -999 ""
FIBERMAP 677 R-11C3 APOGEE 0 0 0 1 0 0 -130.7374844554074 -198.3753767076095 143.1 -237.40815301917547 -7.671846440476136 143.08522 86.66083 -999.0 -999.0 -999.0 -999.0 -999.0 37.26638271948523 25.961070677550303 37.31158207401285 26.081023982929377 73.17559768778224 251.20577608696118 -999.0 16600.0 -999.0 2 206 {-999.0 -999.0 -999.0 -999.0 -999.0} "" -999.0 -999.0 -999.0 -999.0 -999 -999 "" ops_sky_apogee_best_unassigned ops_sky sky_apogee 0 0 0.0 0.0 -999 ""
FIBERMAP 677 R-11C3 BOSS 1 1 0 1 0 0 -130.28566265343815 -197.78907063528914 143.1 -236.66874565878516 -7.702595574574094 143.08522 86.66083 37.269530044487766 25.96101380388641 66.52903 -33.52464 8.359695 37.269969154417694 25.96093606402801 37.31523245821711 26.080912459719286 73.17845186615617 251.20018773852078 5400.0 5400.0 2016.0 1 338 {-999.0 15.243088 13.844552 13.119178 -999.0} sdss_psfmag_from_g3xp 14.677749 13.707542 12.7354 10.851 63050396554130279 1114330901 bright_1x1 openfibertargets_mwm_tessperiodic_boss open_fiber science 0 0 0.9858024716377258 0.0 -999 ""
FIBERMAP 677 R-11C3 METROLOGY 0 0 0 1 0 0 -130.00068301667602 -198.46977573221665 143.1 -237.06021899523225 -8.327970535338313 143.08522 86.66083 -999.0 -999.0 -999.0 -999.0 -999.0 37.26808145831719 25.958093204870025 37.3133203956242 26.07806471371234 73.17561069582996 251.19421624594912 -999.0 6231.0 -999.0 -1 -999 {-999.0 -999.0 -999.0 -999.0 -999.0} "" -999.0 -999.0 -999.0 -999.0 -999 -999 "" "" "" "" 0 0 0.0 0.0 -999 ""
FIBERMAP 678 R+11C16 APOGEE 0 0 0 1 0 0 160.4985066241776 210.0106456223264 143.1 264.07697972473267 -9.91919761800512 132.79245 168.13612 -999.0 -999.0 -999.0 -999.0 -999.0 39.79132602678431 25.953807669331365 39.83876251474891 26.069755778797465 75.1568508427156 247.13694285092646 -999.0 16600.0 -999.0 2 58 {-999.0 -999.0 -999.0 -999.0 -999.0} "" -999.0 -999.0 -999.0 -999.0 -999 -999 "" ops_sky_apogee_best_unassigned ops_sky sky_apogee 0 0 0.0 0.0 -999 ""
FIBERMAP 678 R+11C16 BOSS 1 1 0 1 0 0 160.10991780640003 210.65257280628978 143.1 264.3770206827633 -9.231584454293866 132.79245 168.13612 39.792813906443754 25.956888482013007 2.7967768 -3.0291545 0.11875287 39.79280117122054 25.956879469746053 39.8402971014188 26.07285223698865 75.15960628841202 247.14464825828532 5400.0 5400.0 2016.0 1 171 {-999.0 15.408443 14.336201 13.882044 -999.0} sdss_psfmag 15.032999 14.323155 13.505906 11.701 63050396555020672 1061677505 bright_1x1 manual_mwm_halo_distant_kgiant_near_boss_single mwm_halo science 0 0 0.0 0.0 -999 ""
FIBERMAP 678 R+11C16 METROLOGY 0 0 0 1 0 0 160.85512929033197 210.66719576941438 143.1 264.818833123972 -9.831687409067841 132.79245 168.13612 -999.0 -999.0 -999.0 -999.0 -999.0 39.794972226150776 25.954157722381904 39.84244986359812 26.070119483830183 75.15989183061555 247.13162526651976 -999.0 6231.0 -999.0 -1 -999 {-999.0 -999.0 -999.0 -999.0 -999.0} "" -999.0 -999.0 -999.0 -999.0 -999 -999 "" "" "" "" 0 0 0.0 0.0 -999 ""
FIBERMAP 681 R+6C17 APOGEE 1 1 0 1 0 0 152.10183360813318 121.0339314965336 143.1 186.57520451945996 -54.38824580776267 52.847958 73.00299 39.40343293001959 25.754229386913412 3.4475448 -3.0134308 0.25256547 39.403425909045346 25.754210769220297 39.45012568249115 25.870809351611747 74.75482794966092 247.1588386611328 16000.0 16600.0 2016.0 2 71 {-999.0 14.238642 13.109274 12.659133 -999.0} sdss_psfmag_from_g3xp 13.833 13.107984 12.284441 10.471 63050396555017911 1156319673 bright_1x1 mwm_galactic_core_dist_apogee_extra mwm_galactic science 0 0 0.0 0.0 -999 ""
FIBERMAP 681 R+6C17 BOSS 0 0 0 1 0 0 152.52195706375045 120.42928016953559 143.1 186.32379353951558 -55.08010770680058 52.847958 73.00299 -999.0 -999.0 -999.0 -999.0 -999.0 39.40214342304145 25.751032752154337 39.44888909115781 25.867662051827256 74.75227013768887 247.15068178025692 -999.0 5400.0 -999.0 1 207 {-999.0 -999.0 -999.0 -999.0 -999.0} "" -999.0 -999.0 -999.0 -999.0 -999 -999 "" "" "" "" 0 0 0.0 0.0 -999 ""
FIBERMAP 681 R+6C17 METROLOGY 0 0 0 1 0 0 151.78570845334661 120.35011569598014 143.1 185.8344468231301 -54.52455424962964 52.847958 73.00299 -999.0 -999.0 -999.0 -999.0 -999.0 39.39972008310479 25.753571181273262 39.44645356342647 25.87019610211474 74.75167059817441 247.16321471684805 -999.0 6231.0 -999.0 -1 -999 {-999.0 -999.0 -999.0 -999.0 -999.0} "" -999.0 -999.0 -999.0 -999.0 -999 -999 "" "" "" "" 0 0 0.0 0.0 -999 ""
FIBERMAP 683 R-1C25 APOGEE 0 0 0 1 0 0 258.5020333761608 -36.2446830146544 143.1 119.51821841242253 -231.99977476998168 300.29602 87.94111 -999.0 -999.0 -999.0 -999.0 -999.0 39.06104725022003 24.952669169587047 39.105883308233444 25.06990374066423 74.07083876783206 245.22382517833424 -999.0 16600.0 -999.0 2 -999 {-999.0 -999.0 -999.0 -999.0 -999.0} "" -999.0 -999.0 -999.0 -999.0 -999 -999 "" "" "" "" 0 0 0.0 0.0 -999 ""
FIBERMAP 683 R-1C25 BOSS 1 1 0 1 0 0 257.8325951182657 -36.59980356031985 143.1 118.8420657499247 -231.65796232835902 300.29602 87.94111 39.05744845842868 24.954126399994777 76.36531 3.095756 10.976017 39.057650952461294 24.954143921346926 39.10254128510377 25.071415161966637 74.06910027534454 245.23440112638417 5400.0 5400.0 2016.0 1 261 {-999.0 20.128073 18.530104 16.531998 -999.0} sdss_psfmag 19.38085 17.236914 15.853033 13.231 63050396555014583 1157829697 bright_1x1 mwm_snc_100pc_bright_boss_single mwm_snc science 0 0 0.0 0.0 -999 ""
FIBERMAP 683 R-1C25 METROLOGY 0 0 0 1 0 0 257.8668214164751 -35.85331650256626 143.1 119.47138877738632 -231.25530428339283 300.29602 87.94111 -999.0 -999.0 -999.0 -999.0 -999.0 39.06081265037464 24.95596643409947 39.105693789394024 25.073223510583016 74.07248015884292 245.2343584782492 -999.0 6231.0 -999.0 -1 -999 {-999.0 -999.0 -999.0 -999.0 -999.0} "" -999.0 -999.0 -999.0 -999.0 -999 -999 "" "" "" "" 0 0 0.0 0.0 -999 ""
FIBERMAP 685 R+6C6 APOGEE 0 0 0 1 0 0 -110.75878957775754 128.5083774749536 143.1 41.04904107046015 164.57478298617818 77.966705 121.93884 -999.0 -999.0 -999.0 -999.0 -999.0 38.66999306479711 26.750558872703103 38.71800882337169 26.86822926160083 74.65481599330097 251.66945266693665 -999.0 16600.0 -999.0 2 -999 {-999.0 -999.0 -999.0 -999.0 -999.0} "" -999.0 -999.0 -999.0 -999.0 -999 -999 "" "" "" "" 0 0 0.0 0.0 -999 ""
FIBERMAP 685 R+6C6 BOSS 1 1 0 1 0 0 -109.95041321231915 128.75235439077363 143.1 41.71457980106986 164.05540135377834 77.966705 121.93884 38.67334345908246 26.748291365913623 -5.9708114 -15.773477 1.8983327 38.67334145943612 26.748237844944704 38.72141193856817 26.865928187138724 74.65650479964549 251.6565492353679 5400.0 5400.0 2016.0 1 55 {-999.0 15.521996 14.592445 14.238244 -999.0} sdss_psfmag_from_g3xp 15.226588 14.623465 13.880828 12.378 63050396555055797 1095722882 bright_1x1 mwm_bin_vis_boss mwm_filler science 0 0 0.0 0.0 -999 ""
FIBERMAP 685 R+6C6 METROLOGY 0 0 0 1 0 0 -110.1740283200258 128.04500262457023 143.1 41.007966623014404 163.82997280238197 77.966705 121.93884 -999.0 -999.0 -999.0 -999.0 -999.0 38.66976195837195 26.747219617959054 38.71781118169383 26.864908671231362 74.65317549305348 251.6585232875096 -999.0 6231.0 -999.0 -1 -999 {-999.0 -999.0 -999.0 -999.0 -999.0} "" -999.0 -999.0 -999.0 -999.0 -999 -999 "" "" "" "" 0 0 0.0 0.0 -999 ""
FIBERMAP 687 R-7C16 APOGEE 0 0 0 1 0 0 134.2941744491986 -140.49835580796403 143.1 -37.263768142357996 -190.71008541619824 330.25336 126.67064 -999.0 -999.0 -999.0 -999.0 -999.0 38.27743718473534 25.136535811006922 38.32196039430505 25.254998130350575 73.56532527708896 247.1301320217339 -999.0 16600.0 -999.0 2 186 {-999.0 -999.0 -999.0 -999.0 -999.0} "" -999.0 -999.0 -999.0 -999.0 -999 -999 "" ops_sky_apogee_best_unassigned ops_sky sky_apogee 0 0 0.0 0.0 -999 ""
FIBERMAP 687 R-7C16 BOSS 1 1 0 1 0 0 134.35046261109764 -141.22444035287458 143.1 -37.824217726103704 -191.17488829626305 330.25336 126.67064 38.27459538332998 25.134426766244435 -6.5944176 -25.703535 5.3498464 38.274570809585065 25.134355706761152 38.31914448738769 25.252853881514525 73.56203736283163 247.12828370916196 5400.0 5400.0 2016.0 1 306 {-999.0 18.619701 17.109001 15.807803 -999.0} sdss_psfmag 17.989271 16.545097 15.372384 13.123 63050396554103951 1095431239 bright_1x1 mwm_bin_vis_boss mwm_filler science 0 0 0.0 0.0 -999 ""
FIBERMAP 687 R-7C16 METROLOGY 0 0 0 1 0 0 133.67881238828005 -140.92025055661554 143.1 -37.96325490660651 -190.45094983455232 330.25336 126.67064 -999.0 -999.0 -999.0 -999.0 -999.0 38.27387529918786 25.13763480835696 38.31843846616766 25.256124911700724 73.56317768687569 247.13935077101846 -999.0 6231.0 -999.0 -1 -999 {-999.0 -999.0 -999.0 -999.0 -999.0} "" -999.0 -999.0 -999.0 -999.0 -999 -999 "" "" "" "" 0 0 0.0 0.0 -999 ""
FIBERMAP 688 R-7C2 APOGEE 0 0 0 1 0 0 -178.33147345489817 -145.56767880641337 143.1 -221.73984214468777 61.65515043788884 339.45596 95.622154 -999.0 -999.0 -999.0 -999.0 -999.0 37.341296139374926 26.27596936724611 37.387162701007355 26.39577380048876 73.37958545619419 252.07153655808634 -999.0 16600.0 -999.0 2 -999 {-999.0 -999.0 -999.0 -999.0 -999.0} "" -999.0 -999.0 -999.0 -999.0 -999 -999 "" "" "" "" 0 0 0.0 0.0 -999 ""
FIBERMAP 688 R-7C2 BOSS 1 1 0 1 0 0 -178.48929414971636 -146.31986812623023 143.1 -222.4451164108552 61.35012999782753 339.45596 95.622154 37.33770748018503 26.274564916989483 -3.6909657 -7.199774 4.3094482 37.33768231202794 26.27452751109782 37.383603624661305 26.394365117805926 73.37610448302928 252.0721503546057 5400.0 5400.0 2016.0 1 488 {-999.0 15.126375 14.082767 13.91616 -999.0} sdss_psfmag_ps1 14.740676 14.318944 13.307832 11.71 63050396554130748 1096523099 bright_1x1 mwm_bin_vis_boss mwm_filler science 0 0 0.0 0.0 -999 ""
FIBERMAP 688 R-7C2 METROLOGY 0 0 0 1 0 0 -179.03658813465054 -145.8115543257045 143.1 -222.34573210995444 62.09026728438943 339.45596 95.622154 -999.0 -999.0 -999.0 -999.0 -999.0 37.33817687268893 26.277890656802825 37.38408782088362 26.39771936129967 73.37800016286428 252.08194149999724 -999.0 6231.0 -999.0 -1 -999 {-999.0 -999.0 -999.0 -999.0 -999.0} "" -999.0 -999.0 -999.0 -999.0 -999 -999 "" "" "" "" 0 0 0.0 0.0 -999 ""
FIBERMAP 689 R+5C20 APOGEE 0 0 0 1 0 0 205.7496490600952 108.74843194844935 143.1 207.48935406646154 -105.28376576699384 86.20045 60.6254 -999.0 -999.0 -999.0 -999.0 -999.0 39.505457623069546 25.52347430051845 39.55178939366516 25.63993206799177 74.71453576599556 246.22798367921573 -999.0 16600.0 -999.0 2 45 {-999.0 -999.0 -999.0 -999.0 -999.0} "" -999.0 -999.0 -999.0 -999.0 -999 -999 "" ops_sky_apogee_best_unassigned ops_sky sky_apogee 0 0 0.0 0.0 -999 ""
FIBERMAP 689 R+5C20 BOSS 1 1 0 1 0 0 206.3663021621303 108.33003452936953 143.1 207.5034047392406 -106.0286737671522 86.20045 60.6254 39.505462646484375 25.520043849083734 -999.0 -999.0 -999.0 39.50546747439592 25.52006233895557 39.55184538073945 25.636549552167875 74.71281647688133 246.21693305250702 5400.0 5400.0 2015.5 1 194 {-999.0 -999.0 -999.0 -999.0 -999.0} "" -999.0 -999.0 -999.0 -999.0 27021603081053934 803858973 "" ops_sky_boss_good ops_sky sky_boss 0 0 0.0 0.0 -999 ""
FIBERMAP 689 R+5C20 METROLOGY 0 0 0 1 0 0 205.68636537684492 108.0082692589942 143.1 206.8484339037851 -105.65904743339021 86.20045 60.6254 -999.0 -999.0 -999.0 -999.0 -999.0 39.50223706231111 25.521748735801904 39.548600544741134 25.638232753246548 74.71119655839391 246.2281625596556 -999.0 6231.0 -999.0 -1 -999 {-999.0 -999.0 -999.0 -999.0 -999.0} "" -999.0 -999.0 -999.0 -999.0 -999 -999 "" "" "" "" 0 0 0.0 0.0 -999 ""
FIBERMAP 690 R-4C17 APOGEE 1 1 0 1 0 0 105.46595770070464 -64.26605625485392 143.1 8.357961221095849 -123.19481943489437 129.95406 103.22746 38.50583670220887 25.442270894553715 -4.127984 -12.140778 0.90645516 38.505798506026395 25.442242477113272 38.55110630142292 25.56031119559657 73.89928477327022 247.68925622075497 16000.0 16600.0 2016.0 2 201 {-999.0 11.709595 10.821779 10.480504 -999.0} sdss_psfmag_from_g3xp 11.427791 10.848073 10.124338 8.61 63050396555022658 1106906974 bright_1x1 mwm_tess_rgb_apogee mwm_tessrgb science 0 0 0.0 0.0 -999 ""
FIBERMAP 690 R-4C17 BOSS 0 0 0 1 0 0 105.90796093650933 -63.67445293513352 143.1 9.096030513889003 -123.21449505890345 129.95406 103.22746 -999.0 -999.0 -999.0 -999.0 -999.0 38.50946520042265 25.44207430862974 38.55483222183966 25.560167091298656 73.90211024490117 247.6826700282061 -999.0 5400.0 -999.0 1 301 {-999.0 -999.0 -999.0 -999.0 -999.0} "" -999.0 -999.0 -999.0 -999.0 -999 -999 "" "" "" "" 0 0 0.0 0.0 -999 ""
FIBERMAP 690 R-4C17 METROLOGY 0 0 0 1 0 0 106.20415780589211 -64.36235681418955 143.1 8.70514926922277 -123.85318256824773 129.95406 103.22746 -999.0 -999.0 -999.0 -999.0 -999.0 38.507514781902714 25.43919280663724 38.552858575324194 25.55728053254278 73.89911302633791 247.676946441193 -999.0 6231.0 -999.0 -1 -999 {-999.0 -999.0 -999.0 -999.0 -999.0} "" -999.0 -999.0 -999.0 -999.0 -999 -999 "" "" "" "" 0 0 0.0 0.0 -999 ""
FIBERMAP 691 R+10C2 APOGEE 0 0 0 1 0 0 -148.02959315621086 191.22438101277953 143.1 70.76332924882739 231.18744276150568 308.67 147.58252 -999.0 -999.0 -999.0 -999.0 -999.0 38.82041302149714 27.049903462212985 38.86916534057292 27.167302792507005 74.90731335017 252.46694760208885 -999.0 16600.0 -999.0 2 -999 {-999.0 -999.0 -999.0 -999.0 -999.0} "" -999.0 -999.0 -999.0 -999.0 -999 -999 "" "" "" "" 0 0 0.0 0.0 -999 ""
FIBERMAP 691 R+10C2 BOSS 1 1 0 1 0 0 -147.95864187553366 190.4633318213156 143.1 70.18278595167587 230.6904968352841 308.67 147.58252 38.81744384765624 27.047708633889847 -999.0 -999.0 -999.0 38.81742377212295 27.04769374760312 38.86622469933258 27.165121966771736 74.90401046553598 252.46375383729492 5400.0 5400.0 2015.5 1 18 {-999.0 -999.0 -999.0 -999.0 -999.0} "" -999.0 -999.0 -999.0 -999.0 27021603081077079 803861960 "" ops_sky_boss_good ops_sky sky_boss 0 0 0.0 0.0 -999 ""
FIBERMAP 691 R+10C2 METROLOGY 0 0 0 1 0 0 -148.62765820229595 190.778309066606 143.1 70.05407712863801 231.41850714674578 308.67 147.58252 -999.0 -999.0 -999.0 -999.0 -999.0 38.81677411350795 27.050955711809106 38.86556514390219 27.168377849854622 74.90489235199831 252.4759975835359 -999.0 6231.0 -999.0 -1 -999 {-999.0 -999.0 -999.0 -999.0 -999.0} "" -999.0 -999.0 -999.0 -999.0 -999 -999 "" "" "" "" 0 0 0.0 0.0 -999 ""
FIBERMAP 692 R+8C17 APOGEE 1 1 0 1 0 0 153.76290030770306 133.08358202528242 143.1 197.37310153682455 -48.79389129053874 342.0292 14.030207 39.45698443957164 25.779402033751555 8.494472 -7.2608995 0.89336926 39.45764464757191 25.779411627855566 39.504441673728536 25.895919875162633 74.80967596768666 247.14664630346337 16000.0 16600.0 2016.0 2 81 {-999.0 11.039206 9.749334 9.205864 -999.0} sdss_psfmag_from_g3xp 10.5370035 9.710032 8.823212 6.816 63050396555017913 1153169227 bright_1x1 mwm_galactic_core_dist_apogee_sparse mwm_galactic science 0 0 0.954183042049408 0.0 -999 ""
FIBERMAP 692 R+8C17 BOSS 0 0 0 1 0 0 153.03613493358557 133.17848429936996 143.1 197.0313677169124 -48.145672328151825 342.0292 14.030207 -999.0 -999.0 -999.0 -999.0 -999.0 39.45596149222092 25.782317167995703 39.502815937908565 25.898856004966618 74.80990743562612 247.15913377395674 -999.0 5400.0 -999.0 1 226 {-999.0 -999.0 -999.0 -999.0 -999.0} "" -999.0 -999.0 -999.0 -999.0 -999 -999 "" "" "" "" 0 0 0.0 0.0 -999 ""
FIBERMAP 692 R+8C17 METROLOGY 0 0 0 1 0 0 153.460034789568 133.78352105183316 143.1 197.76996388242011 -48.14281576450891 342.0292 14.030207 -999.0 -999.0 -999.0 -999.0 -999.0 39.45965789150117 25.78232779076331 39.5065005202398 25.89885266043142 74.81276101880262 247.152697975643 -999.0 6231.0 -999.0 -1 -999 {-999.0 -999.0 -999.0 -999.0 -999.0} "" -999.0 -999.0 -999.0 -999.0 -999 -999 "" "" "" "" 0 0 0.0 0.0 -999 ""
FIBERMAP 693 R+2C15 APOGEE 0 0 0 1 0 0 49.48834102782183 29.67567215367158 143.1 52.78018321180827 -23.293818689105432 271.2278 140.82887 -999.0 -999.0 -999.0 -999.0 -999.0 38.73002908901657 25.89673275743639 38.776417082138096 26.014397122083768 74.30131478874068 248.75809080483657 -999.0 16600.0 -999.0 2 54 {-999.0 -999.0 -999.0 -999.0 -999.0} "" -999.0 -999.0 -999.0 -999.0 -999 -999 "" ops_sky_apogee_best_unassigned ops_sky sky_apogee 0 0 0.0 0.0 -999 ""
FIBERMAP 693 R+2C15 BOSS 1 1 0 1 0 0 49.040408548916155 29.087062912018034 143.1 52.041138623907564 -23.267574139288953 271.2278 140.82887 38.726293674285806 25.896825932540363 0.34524468 -4.0327764 0.27376306 38.72626543876575 25.896811463406685 38.772705991212945 26.014509918329292 74.29846134168606 248.76448451387554 5400.0 5400.0 2016.0 1 198 {-999.0 17.747656 17.31471 17.137627 17.057526} sdss_psfmag_from_gaia 17.6581 17.3289 16.7929 15.676 63050396555024286 967920919 "" ops_std_boss_gdr2 ops_std standard_boss 0 0 0.0 0.0 -999 ""
FIBERMAP 693 R+2C15 METROLOGY 0 0 0 1 0 0 48.74117405033343 29.771251163992282 143.1 52.42723345472093 -22.6285494484258 271.2278 140.82887 -999.0 -999.0 -999.0 -999.0 -999.0 38.72823084214157 25.899732168253998 38.774663049501726 26.01741921232903 74.30141848138285 248.77068204049786 -999.0 6231.0 -999.0 -1 -999 {-999.0 -999.0 -999.0 -999.0 -999.0} "" -999.0 -999.0 -999.0 -999.0 -999 -999 "" "" "" "" 0 0 0.0 0.0 -999 ""
FIBERMAP 694 R+3C15 APOGEE 0 0 0 1 0 0 50.43275357626088 70.66893642394334 143.1 86.79997629487531 -0.41827317306801787 121.037994 111.47763 -999.0 -999.0 -999.0 -999.0 -999.0 38.90228450323711 26.00077156796343 38.949029538202865 26.118149998847922 74.48729090178372 248.81319161503546 -999.0 16600.0 -999.0 2 -999 {-999.0 -999.0 -999.0 -999.0 -999.0} "" -999.0 -999.0 -999.0 -999.0 -999 -999 "" "" "" "" 0 0 0.0 0.0 -999 ""
FIBERMAP 694 R+3C15 BOSS 1 1 0 1 0 0 50.920405475849854 71.28444352552135 143.1 87.58389755956588 -0.4614366282142432 121.037994 111.47763 38.90624265360426 26.000551874152602 0.15370578 -0.12055645 0.12303526 38.90624389938775 26.000541289379832 38.95304714119078 26.117941049264168 74.49033896262748 248.80593493246872 5400.0 5400.0 2016.0 1 197 {-999.0 18.418064 18.130741 17.866558 17.648989} sdss_psfmag_from_gaiadr2 18.566217 18.18539 17.667084 16.535 63050396555024358 1057567050 bright_flexible_2x1 bhm_gua_bright bhm_filler science 0 0 0.0 0.0 -999 ""
FIBERMAP 694 R+3C15 METROLOGY 0 0 0 1 0 0 51.17334503957571 70.57845844332373 143.1 87.15329849104106 -1.0752303602698259 121.037994 111.47763 -999.0 -999.0 -999.0 -999.0 -999.0 38.90406689384334 25.997757753963008 38.95084710288859 26.115153464140597 74.48725527891028 248.8004344241313 -999.0 6231.0 -999.0 -1 -999 {-999.0 -999.0 -999.0 -999.0 -999.0} "" -999.0 -999.0 -999.0 -999.0 -999 -999 "" "" "" "" 0 0 0.0 0.0 -999 ""
FIBERMAP 695 R-4C1 APOGEE 1 1 0 1 0 0 -259.1826926367268 -87.14818126787164 143.1 -220.67320733786516 161.3770691021505 235.47372 96.962135 37.343935629774194 26.726385965821123 61.73266 -70.64865 5.2613206 37.34412929597559 26.726193885770925 37.39086143164883 26.845946634514508 73.58023724227525 253.48883934372566 16000.0 16600.0 2016.0 2 248 {-999.0 11.515525 10.954325 10.780318 -999.0} sdss_psfmag_from_g3xp 11.389011 11.000576 10.445632 9.493 63050396555060418 1103558538 bright_1x1 mwm_tess_2min_apogee mwm_planet science 0 0 0.0 0.0 -999 ""
FIBERMAP 695 R-4C1 BOSS 0 0 0 1 0 0 -259.8475466277087 -86.82203759938983 143.1 -220.7903966614452 162.10812175195815 235.47372 96.962135 -999.0 -999.0 -999.0 -999.0 -999.0 37.34347332374565 26.729443801640745 37.39027208065602 26.849223005965104 73.58116538797191 253.50011012765538 -999.0 5400.0 -999.0 1 497 {-999.0 -999.0 -999.0 -999.0 -999.0} "" -999.0 -999.0 -999.0 -999.0 -999 -999 "" "" "" "" 0 0 0.0 0.0 -999 ""
FIBERMAP 695 R-4C1 METROLOGY 0 0 0 1 0 0 -259.2253109686387 -86.40015766264179 143.1 -220.08695699330008 161.84336466030862 235.47372 96.962135 -999.0 -999.0 -999.0 -999.0 -999.0 37.347016617729295 26.728318481490632 37.39379924734965 26.84808502152893 73.58352174748005 253.4917032294327 -999.0 6231.0 -999.0 -1 -999 {-999.0 -999.0 -999.0 -999.0 -999.0} "" -999.0 -999.0 -999.0 -999.0 -999 -999 "" "" "" "" 0 0 0.0 0.0 -999 ""
FIBERMAP 698 R+7C18 APOGEE 1 1 0 1 0 0 167.4447649099571 156.61943645366455 143.1 224.48474318173845 -46.38993828000062 151.20097 42.476482 39.59304208611732 25.789779974387034 2.404159 -1.824139 0.45141158 39.593010678146925 25.78979442566847 39.63994639611377 25.90608222924963 74.9197689998244 246.942511953137 16000.0 16600.0 2016.0 2 40 {-999.0 13.093855 12.266076 11.9324 -999.0} sdss_psfmag_from_g3xp 12.845599 12.285853 11.575453 10.123 63050396555020425 1108746141 bright_1x1 mwm_tess_rgb_apogee mwm_tessrgb science 0 0 0.0 0.0 -999 ""
FIBERMAP 698 R+7C18 BOSS 0 0 0 1 0 0 168.1673303334722 156.8042759747927 143.1 225.05249084530243 -46.87335997508109 151.20097 42.476482 -999.0 -999.0 -999.0 -999.0 -999.0 39.59580163268532 25.787557245864416 39.642787967203276 25.903868843763654 74.9208383055364 246.93018251816108 -999.0 5400.0 -999.0 1 196 {-999.0 -999.0 -999.0 -999.0 -999.0} "" -999.0 -999.0 -999.0 -999.0 -999 -999 "" "" "" "" 0 0 0.0 0.0 -999 ""
FIBERMAP 698 R+7C18 METROLOGY 0 0 0 1 0 0 167.96959116574587 156.08948947563272 143.1 224.35473288101045 -47.12420745174871 151.20097 42.476482 -999.0 -999.0 -999.0 -999.0 -999.0 39.592322846755 25.786444831945612 39.63928902888853 25.902754236072592 74.91756269443877 246.93267012700204 -999.0 6231.0 -999.0 -1 -999 {-999.0 -999.0 -999.0 -999.0 -999.0} "" -999.0 -999.0 -999.0 -999.0 -999 -999 "" "" "" "" 0 0 0.0 0.0 -999 ""
FIBERMAP 704 R+5C16 APOGEE 1 1 0 1 0 0 108.25551050486645 90.09243787668488 143.1 136.01592278471378 -36.431869637571765 293.91733 140.25859 39.14998294401215 25.83643681418619 45.938442 2.8351681 4.0988746 39.15014843213604 25.836438987417008 39.19678890218387 25.95343722293889 74.59963461785453 247.86342567392302 16000.0 16600.0 2016.0 2 79 {-999.0 10.38027 10.078135 9.971615 -999.0} sdss_psfmag_from_g3xp 10.337974 10.074412 9.643749 8.921 63050396555023886 974541902 "" ops_std_apogee ops_std standard_apogee 0 0 0.0 0.0 -999 ""
FIBERMAP 704 R+5C16 BOSS 0 0 0 1 0 0 108.0666830199145 89.37713587627877 143.1 135.32288452094278 -36.69029173990913 293.91733 140.25859 -999.0 -999.0 -999.0 -999.0 -999.0 39.14666023056542 25.835228791746296 39.19334948256994 25.952260886301765 74.5963679552834 247.8654061516286 -999.0 5400.0 -999.0 1 214 {-999.0 -999.0 -999.0 -999.0 -999.0} "" -999.0 -999.0 -999.0 -999.0 -999 -999 "" "" "" "" 0 0 0.0 0.0 -999 ""
FIBERMAP 704 R+5C16 METROLOGY 0 0 0 1 0 0 107.53817469020824 89.89416846761631 143.1 135.44022497543483 -35.9604653909726 293.91733 140.25859 -999.0 -999.0 -999.0 -999.0 -999.0 39.14727117670707 25.838556486156218 39.193952157751426 25.955579269765895 74.59849497274014 247.87521060826137 -999.0 6231.0 -999.0 -1 -999 {-999.0 -999.0 -999.0 -999.0 -999.0} "" -999.0 -999.0 -999.0 -999.0 -999 -999 "" "" "" "" 0 0 0.0 0.0 -999 ""
FIBERMAP 706 R+6C21 APOGEE 0 0 0 1 0 0 235.57853746709532 109.78632205923935 143.1 225.54353175260206 -129.0432719788914 334.9641 114.55446 -999.0 -999.0 -999.0 -999.0 -999.0 39.593654457859536 25.416148386660392 39.63984983030679 25.532474465502418 74.72583077533343 245.72274772454205 -999.0 16600.0 -999.0 2 67 {-999.0 -999.0 -999.0 -999.0 -999.0} "" -999.0 -999.0 -999.0 -999.0 -999 -999 "" ops_sky_apogee_best_unassigned ops_sky sky_apogee 0 0 0.0 0.0 -999 ""
FIBERMAP 706 R+6C21 BOSS 1 1 0 1 0 0 235.5833603918576 109.04331439796238 143.1 224.93957533373813 -129.47581046571588 334.9641 114.55446 39.590606689453125 25.414170105384017 -999.0 -999.0 -999.0 39.59059474084473 25.41416305771554 39.63683611050914 25.53052375957925 74.72249144010878 245.72190438903706 5400.0 5400.0 2015.5 1 249 {-999.0 -999.0 -999.0 -999.0 -999.0} "" -999.0 -999.0 -999.0 -999.0 27021603081053060 803858776 "" ops_sky_boss_good ops_sky sky_boss 0 0 0.0 0.0 -999 ""
FIBERMAP 706 R+6C21 METROLOGY 0 0 0 1 0 0 234.93511808784723 109.40504650928582 143.1 224.86102982298556 -128.73779387689603 334.9641 114.55446 -999.0 -999.0 -999.0 -999.0 -999.0 39.590265389284696 25.417500383694957 39.636498184987886 25.533852914278704 74.72398877976289 245.73324869211672 -999.0 6231.0 -999.0 -1 -999 {-999.0 -999.0 -999.0 -999.0 -999.0} "" -999.0 -999.0 -999.0 -999.0 -999 -999 "" "" "" "" 0 0 0.0 0.0 -999 ""
FIBERMAP 709 R+2C18 APOGEE 0 0 0 1 0 0 110.33989399187557 30.294786480520038 143.1 88.38765181930415 -72.62793634200234 207.38396 157.46306 -999.0 -999.0 -999.0 -999.0 -999.0 38.90949115265706 25.67218667873591 38.955597970996564 25.789588144498634 74.32971813410397 247.7402576233498 -999.0 16600.0 -999.0 2 -999 {-999.0 -999.0 -999.0 -999.0 -999.0} "" -999.0 -999.0 -999.0 -999.0 -999 -999 "" "" "" "" 0 0 0.0 0.0 -999 ""
FIBERMAP 709 R+2C18 BOSS 1 1 0 1 0 0 109.61568630993844 30.207919504497408 143.1 87.89896100238286 -72.08665863016357 207.38396 157.46306 38.90697149728603 25.674689105198418 19.527258 -31.80131 4.130344 38.90702518650653 25.674585973548517 38.95318957029821 25.792019953197187 74.32906674368141 247.7520768620086 5400.0 5400.0 2016.0 1 200 {-999.0 15.11529 13.937479 13.432099 -999.0} sdss_psfmag_from_g3xp 14.677384 13.911582 13.05687 11.401 63050396555022963 1114331252 bright_1x1 openfibertargets_mwm_tessperiodic_boss open_fiber science 0 0 0.0 0.0 -999 ""
FIBERMAP 709 R+2C18 METROLOGY 0 0 0 1 0 0 109.89832242359863 30.896181966536712 143.1 88.62403185433942 -71.92043807404954 207.38396 157.46306 -999.0 -999.0 -999.0 -999.0 -999.0 38.910690376282346 25.675354697497166 38.956843866775046 25.79277456210681 74.33229021894776 247.7483662991069 -999.0 6231.0 -999.0 -1 -999 {-999.0 -999.0 -999.0 -999.0 -999.0} "" -999.0 -999.0 -999.0 -999.0 -999 -999 "" "" "" "" 0 0 0.0 0.0 -999 ""
FIBERMAP 710 R+8C6 APOGEE 0 0 0 1 0 0 -101.64930824317895 153.3182244409666 143.1 66.56346689461608 171.44743053816612 180.56375 126.76768 -999.0 -999.0 -999.0 -999.0 -999.0 38.79966590735246 26.781349889784135 38.847862745576435 26.89881041646034 74.7720995680302 251.5770009921555 -999.0 16600.0 -999.0 2 -999 {-999.0 -999.0 -999.0 -999.0 -999.0} "" -999.0 -999.0 -999.0 -999.0 -999 -999 "" "" "" "" 0 0 0.0 0.0 -999 ""
FIBERMAP 710 R+8C6 BOSS 1 1 0 1 0 0 -102.10529649464677 153.91793317930416 143.1 66.79015334648064 172.16572844776945 180.56375 126.76768 38.8008020286762 26.784647452185258 -0.018876698 -1.5944185 0.42877617 38.80077894876573 26.784614452539074 38.849039106331816 26.902097707135304 74.77450699742623 251.58641341293205 5400.0 5400.0 2016.0 1 77 {-999.0 16.829884 16.344162 16.179913 -999.0} sdss_psfmag 16.715504 16.364948 15.841345 14.962 63050396555055839 980355560 "" ops_std_boss_tic ops_std standard_boss 0 0 0.0 0.0 -999 ""
FIBERMAP 710 R+8C6 METROLOGY 0 0 0 1 0 0 -101.36039561581542 154.00611358484204 143.1 67.29185346995729 171.60831035971688 180.56375 126.76768 -999.0 -999.0 -999.0 -999.0 -999.0 38.803344405918054 26.78208836634319 38.85158608716068 26.899560755874862 74.77540532203162 251.57390612362224 -999.0 6231.0 -999.0 -1 -999 {-999.0 -999.0 -999.0 -999.0 -999.0} "" -999.0 -999.0 -999.0 -999.0 -999 -999 "" "" "" "" 0 0 0.0 0.0 -999 ""
FIBERMAP 714 R-3C22 APOGEE 0 0 0 1 0 0 223.80225399209456 -44.94848044268343 143.1 92.39432881763477 -208.68474788045236 80.94974 82.00413 -999.0 -999.0 -999.0 -999.0 -999.0 38.92669864857779 25.056780837001977 38.971622791657694 25.17421970750762 74.02386787853403 245.781025794444 -999.0 16600.0 -999.0 2 209 {-999.0 -999.0 -999.0 -999.0 -999.0} "" -999.0 -999.0 -999.0 -999.0 -999 -999 "" ops_sky_apogee_best_unassigned ops_sky sky_apogee 0 0 0.0 0.0 -999 ""
FIBERMAP 714 R-3C22 BOSS 1 1 0 1 0 0 224.5106483181767 -45.14029407576177 143.1 92.64632778174659 -209.37386789583985 80.94974 82.00413 38.927889500712595 25.053633430671898 0.6923956 -1.4829282 0.1331185 38.92789843747854 25.053625038813134 38.97287225323436 25.17109339703007 74.02316559861322 245.76921980946074 5400.0 5400.0 2016.0 1 309 {-999.0 17.193546 16.347784 15.974414 -999.0} sdss_psfmag 16.923128 16.346296 15.613799 14.045 63050396555016123 1061677482 bright_1x1 manual_mwm_halo_distant_kgiant_near_boss_single mwm_halo science 0 0 0.0 0.0 -999 ""
FIBERMAP 714 R-3C22 METROLOGY 0 0 0 1 0 0 223.97613804071733 -45.67197896779926 143.1 91.9038255465334 -209.24408758294032 80.94974 82.00413 -999.0 -999.0 -999.0 -999.0 -999.0 38.92420630602613 25.054215410262618 38.96916262272629 25.17168080833419 74.02063296088613 245.7775059979704 -999.0 6231.0 -999.0 -1 -999 {-999.0 -999.0 -999.0 -999.0 -999.0} "" -999.0 -999.0 -999.0 -999.0 -999 -999 "" "" "" "" 0 0 0.0 0.0 -999 ""
FIBERMAP 715 R-6C17 APOGEE 1 1 0 1 0 0 153.03464687096508 -118.57372881400953 143.1 -8.549819887774769 -193.36640908879681 35.23023 68.85361 38.421390428471 25.12477199508774 4.0305834 -7.189095 1.0012016 38.42143536992899 25.124792920561244 38.46605967741823 25.2430288623641 73.67066431866309 246.8547246114671 16000.0 16600.0 2016.0 2 205 {-999.0 11.805089 10.884433 10.510052 -999.0} sdss_psfmag_from_g3xp 11.511777 10.900181 10.149692 8.57 63050396554103878 1108381405 bright_1x1 mwm_tess_rgb_apogee mwm_tessrgb science 0 0 0.0 0.0 -999 ""
FIBERMAP 715 R-6C17 BOSS 0 0 0 1 0 0 153.18739884567162 -119.30057605274979 143.1 -9.055247638088984 -193.91042407204506 35.23023 68.85361 -999.0 -999.0 -999.0 -999.0 -999.0 38.418848939335085 25.122255621205717 38.46352274965079 25.240526999025892 73.66740447415792 246.85135383763287 -999.0 5400.0 -999.0 1 299 {-999.0 -999.0 -999.0 -999.0 -999.0} "" -999.0 -999.0 -999.0 -999.0 -999 -999 "" "" "" "" 0 0 0.0 0.0 -999 ""
FIBERMAP 715 R-6C17 METROLOGY 0 0 0 1 0 0 152.47122488455858 -119.09593074745776 143.1 -9.301255927500483 -193.20754933977463 35.23023 68.85361 -999.0 -999.0 -999.0 -999.0 -999.0 38.417623442149214 25.125438608767023 38.46228627077977 25.243702776226034 73.6680962964785 246.86307160081748 -999.0 6231.0 -999.0 -1 -999 {-999.0 -999.0 -999.0 -999.0 -999.0} "" -999.0 -999.0 -999.0 -999.0 -999 -999 "" "" "" "" 0 0 0.0 0.0 -999 ""
FIBERMAP 717 R+6C9 APOGEE 0 0 0 1 0 0 -43.22346753917347 104.22768924791374 143.1 60.17888048767989 95.41939220872516 271.0401 124.30499 -999.0 -999.0 -999.0 -999.0 -999.0 38.76758152370079 26.437009711143407 38.81506574348123 26.55455748389647 74.58924817013671 250.46740463541784 -999.0 16600.0 -999.0 2 -999 {-999.0 -999.0 -999.0 -999.0 -999.0} "" -999.0 -999.0 -999.0 -999.0 -999 -999 "" "" "" "" 0 0 0.0 0.0 -999 ""
FIBERMAP 717 R+6C9 BOSS 1 1 0 1 0 0 -43.83190613956034 103.7775526221186 143.1 59.46032522790824 95.65658292739832 271.0401 124.30499 38.763885498046875 26.438126689897466 -999.0 -999.0 -999.0 38.76390685096006 26.43811066978329 38.81144570020814 26.55569030545274 74.5869045540099 250.47683153239734 5400.0 5400.0 2015.5 1 130 {-999.0 -999.0 -999.0 -999.0 -999.0} "" -999.0 -999.0 -999.0 -999.0 27021603081059352 803859728 "" ops_sky_boss_good ops_sky sky_boss 0 0 0.0 0.0 -999 ""
FIBERMAP 717 R+6C9 METROLOGY 0 0 0 1 0 0 -43.908358009464834 104.52364029828503 143.1 60.025477996822204 96.14939015113195 271.0401 124.30499 -999.0 -999.0 -999.0 -999.0 -999.0 38.76678599269874 26.440344277124666 38.814316058650206 26.55791167892538 74.59020934229132 250.47975839853913 -999.0 6231.0 -999.0 -1 -999 {-999.0 -999.0 -999.0 -999.0 -999.0} "" -999.0 -999.0 -999.0 -999.0 -999 -999 "" "" "" "" 0 0 0.0 0.0 -999 ""
FIBERMAP 719 R+3C18 APOGEE 0 0 0 1 0 0 126.58886118770613 77.43855723962426 143.1 136.25828817696188 -58.7021704430972 126.98867 59.122787 -999.0 -999.0 -999.0 -999.0 -999.0 39.15083525660676 25.735222153339837 39.197276892124535 25.852229930234415 74.54920881906436 247.53351473598727 -999.0 16600.0 -999.0 2 87 {-999.0 -999.0 -999.0 -999.0 -999.0} "" -999.0 -999.0 -999.0 -999.0 -999 -999 "" ops_sky_apogee_best_unassigned ops_sky sky_apogee 0 0 0.0 0.0 -999 ""
FIBERMAP 719 R+3C18 BOSS 1 1 0 1 0 0 127.34160506030067 77.49857932127951 143.1 136.74151846228472 -59.282236085767686 126.98867 59.122787 39.15327050019935 25.73248262398904 0.76506776 0.3647056 -0.2982974 39.15325474678439 25.732530998959653 39.19974737883467 25.84956366270273 74.54978338757765 247.52066325772867 5400.0 5400.0 2016.0 1 218 {-999.0 20.05041 19.441998 18.946972 18.499605} sdss_psfmag_from_gaiadr2 19.474112 19.655466 17.971138 15.57 63050396555017817 1057567046 bright_flexible_2x1 bhm_gua_bright bhm_filler science 0 0 0.0 0.0 -999 ""
FIBERMAP 719 R+3C18 METROLOGY 0 0 0 1 0 0 127.01594535499824 76.82332981035923 143.1 136.00225602433557 -59.40581721415614 126.98867 59.122787 -999.0 -999.0 -999.0 -999.0 -999.0 39.14953825177059 25.731988310069436 39.19601122098504 25.84901893421972 74.54660554842265 247.5252653001421 -999.0 6231.0 -999.0 -1 -999 {-999.0 -999.0 -999.0 -999.0 -999.0} "" -999.0 -999.0 -999.0 -999.0 -999 -999 "" "" "" "" 0 0 0.0 0.0 -999 ""
FIBERMAP 721 R+9C9 APOGEE 1 1 0 1 0 0 1.5349216495240494 182.24300638432462 143.1 149.70466834455274 103.87251451553801 45.27339 101.75387 39.221222820183804 26.473563277031147 -1.9053458 -1.5589869 0.88019514 39.2211995516199 26.47358856779562 39.269168202469416 26.590405627016075 74.96517697197132 249.86629168813027 16000.0 16600.0 2016.0 2 9 {-999.0 11.957233 11.010661 10.641162 -999.0} sdss_psfmag_gaia 11.660241 11.040965 10.289899 8.751 63050396555029358 1110248507 bright_1x1 mwm_tess_rgb_apogee mwm_tessrgb science 0 0 0.0 0.0 -999 ""
FIBERMAP 721 R+9C9 BOSS 0 0 0 1 0 0 2.1629842842759572 181.8480762135798 143.1 149.74446385258085 103.13182647477464 45.27339 101.75387 -999.0 -999.0 -999.0 -999.0 -999.0 39.221393229202526 26.470235779690693 39.26940953957575 26.587078662646114 74.96380487357507 249.85457883102907 -999.0 5400.0 -999.0 1 125 {-999.0 -999.0 -999.0 -999.0 -999.0} "" -999.0 -999.0 -999.0 -999.0 -999 -999 "" "" "" "" 0 0 0.0 0.0 -999 ""
FIBERMAP 721 R+9C9 METROLOGY 0 0 0 1 0 0 1.513964480508097 181.49426016712107 143.1 149.0811547202341 103.45771774314896 45.27339 101.75387 -999.0 -999.0 -999.0 -999.0 -999.0 39.218050378980635 26.471735711620916 39.26605131303711 26.588576509756695 74.96185721932144 249.86511245067575 -999.0 6231.0 -999.0 -1 -999 {-999.0 -999.0 -999.0 -999.0 -999.0} "" -999.0 -999.0 -999.0 -999.0 -999 -999 "" "" "" "" 0 0 0.0 0.0 -999 ""
FIBERMAP 723 R-2C19 APOGEE 1 1 0 1 0 0 117.96144902219783 -52.897539378248936 143.1 24.849427296831088 -126.8407417376017 286.6284 34.177475 38.58885313728846 25.425882085994093 8.0370455 -5.962446 0.4164371 38.58887899649274 25.42581940184482 38.63422724571353 25.543757971467368 73.95550349828659 247.500284412587 16000.0 16600.0 2016.0 2 212 {-999.0 13.055036 11.979728 11.540377 -999.0} sdss_psfmag_gaia 12.692216 11.990196 11.181009 9.4 63050396555022627 1155468153 bright_1x1 mwm_galactic_core_dist_apogee_sparse mwm_galactic science 0 0 0.0 0.0 -999 ""
FIBERMAP 723 R-2C19 BOSS 0 0 0 1 0 0 117.39319364148011 -52.421511423014266 143.1 24.910355572281667 -126.10211134077622 286.6284 34.177475 -999.0 -999.0 -999.0 -999.0 -999.0 38.5891410828921 25.429085157708418 38.63455195080155 25.547052836313753 73.95743111241417 247.51001120801612 -999.0 5400.0 -999.0 1 297 {-999.0 -999.0 -999.0 -999.0 -999.0} "" -999.0 -999.0 -999.0 -999.0 -999 -999 "" "" "" "" 0 0 0.0 0.0 -999 ""
FIBERMAP 723 R-2C19 METROLOGY 0 0 0 1 0 0 118.08310111987731 -52.16325369811125 143.1 25.519217821650734 -126.51651371820265 286.6284 34.177475 -999.0 -999.0 -999.0 -999.0 -999.0 38.59222157362486 25.427228390063252 38.63761562537371 25.54518290897966 73.95886047463448 247.49909835333483 -999.0 6231.0 -999.0 -1 -999 {-999.0 -999.0 -999.0 -999.0 -999.0} "" -999.0 -999.0 -999.0 -999.0 -999 -999 "" "" "" "" 0 0 0.0 0.0 -999 ""
FIBERMAP 724 R+1C21 APOGEE 0 0 0 1 0 0 164.09859004310826 28.195524409806197 143.1 117.68382242226923 -117.73812317163548 79.0406 145.3337 -999.0 -999.0 -999.0 -999.0 -999.0 39.05593886048445 25.46738670748035 39.10177250885903 25.584575117114344 74.33874559265799 246.83841261233857 -999.0 16600.0 -999.0 2 -999 {-999.0 -999.0 -999.0 -999.0 -999.0} "" -999.0 -999.0 -999.0 -999.0 -999 -999 "" "" "" "" 0 0 0.0 0.0 -999 ""
FIBERMAP 724 R+1C21 BOSS 1 1 0 1 0 0 164.60850346932153 28.733039706571233 143.1 118.41689718832123 -117.84445450881799 79.0406 145.3337 39.05959806461736 25.4668308244614 0.33322662 -0.60559326 0.07419483 39.05960538127784 25.46683511049435 39.10549554521907 25.58404719952244 74.34135187045268 246.83032809037786 5400.0 5400.0 2016.0 1 234 {-999.0 17.239567 16.25046 15.834326 -999.0} sdss_psfmag 16.908155 16.251068 15.473289 13.785 63050396555016864 1061677485 bright_1x1 manual_mwm_halo_distant_kgiant_near_boss_single mwm_halo science 0 0 0.0 0.0 -999 ""
FIBERMAP 724 R+1C21 METROLOGY 0 0 0 1 0 0 164.8228251248026 28.01623267281027 143.1 117.95518439776659 -118.43295552434633 79.0406 145.3337 -999.0 -999.0 -999.0 -999.0 -999.0 39.057278507968554 25.46418444526478 39.103146059843425 25.58139219403819 74.33816775653055 246.82594273423143 -999.0 6231.0 -999.0 -1 -999 {-999.0 -999.0 -999.0 -999.0 -999.0} "" -999.0 -999.0 -999.0 -999.0 -999 -999 "" "" "" "" 0 0 0.0 0.0 -999 ""
FIBERMAP 730 R+6C13 APOGEE 0 0 0 1 0 0 52.54923510413503 118.50031892778861 143.1 127.07986426729188 25.444696132819296 320.12433 160.26744 -999.0 -999.0 -999.0 -999.0 -999.0 39.106177259635146 26.11797908479341 39.15333517998698 26.23501840558906 74.70433529931105 248.86196078188362 -999.0 16600.0 -999.0 2 -999 {-999.0 -999.0 -999.0 -999.0 -999.0} "" -999.0 -999.0 -999.0 -999.0 -999 -999 "" "" "" "" 0 0 0.0 0.0 -999 ""
FIBERMAP 730 R+6C13 BOSS 1 1 0 1 0 0 52.92415470479122 117.84668121395316 143.1 126.76237549848096 24.76149006502354 320.12433 160.26744 39.1045997120733 26.114859250774497 -4.675507 -0.9392081 1.3317454 39.10457121032473 26.11486045901051 39.15177599900704 26.231929814915826 74.70161351844968 248.85429762085522 5400.0 5400.0 2016.0 1 149 {-999.0 20.469545 18.83999 17.97851 -999.0} sdss_psfmag 19.823856 18.616516 17.559582 15.403 63050396555024516 1094637930 bright_1x1 mwm_bin_vis_boss mwm_filler science 0 0 0.0 0.0 -999 ""
FIBERMAP 730 R+6C13 METROLOGY 0 0 0 1 0 0 52.185582347405564 117.84884471261593 143.1 126.33810059230389 25.365854705969014 320.12433 160.26744 -999.0 -999.0 -999.0 -999.0 -999.0 39.10244008063288 26.117622401879157 39.14963300621923 26.234687196506336 74.70127091408571 248.86697072773887 -999.0 6231.0 -999.0 -1 -999 {-999.0 -999.0 -999.0 -999.0 -999.0} "" -999.0 -999.0 -999.0 -999.0 -999 -999 "" "" "" "" 0 0 0.0 0.0 -999 ""
FIBERMAP 733 R+2C2 APOGEE 0 0 0 1 0 0 -247.6343478580717 47.08701902263923 143.1 -104.395421823405 229.3795905808894 48.264385 156.36406 -999.0 -999.0 -999.0 -999.0 -999.0 37.930007983134324 27.03920502367508 37.977901032255886 27.158013399915813 74.18629999645565 253.70651395680974 -999.0 16600.0 -999.0 2 -999 {-999.0 -999.0 -999.0 -999.0 -999.0} "" -999.0 -999.0 -999.0 -999.0 -999 -999 "" "" "" "" 0 0 0.0 0.0 -999 ""
FIBERMAP 733 R+2C2 BOSS 1 1 0 1 0 0 -246.99402053231816 47.40307740672261 143.1 -103.76795972959825 229.03901726109632 48.264385 156.36406 37.9331094236236 27.03769815685097 7.3407197 -2.336186 0.2848809 37.93312167168027 27.037706801352673 37.98107371581068 27.15653481822655 74.18823825175348 253.69723128480507 5400.0 5400.0 2016.0 1 10 {-999.0 17.03768 16.588251 16.41097 -999.0} sdss_psfmag 16.940294 16.591675 16.065104 15.084 63050396555055476 981127862 "" ops_std_boss_tic ops_std standard_boss 0 0 0.0 0.0 -999 ""
FIBERMAP 733 R+2C2 METROLOGY 0 0 0 1 0 0 -247.02182409421232 46.66101829585655 143.1 -104.38996198295257 228.63366866120762 48.264385 156.36406 -999.0 -999.0 -999.0 -999.0 -999.0 37.9299885677784 27.03586371421777 37.97791732098989 27.154689933054794 74.18491409547902 253.69542953472 -999.0 6231.0 -999.0 -1 -999 {-999.0 -999.0 -999.0 -999.0 -999.0} "" -999.0 -999.0 -999.0 -999.0 -999 -999 "" "" "" "" 0 0 0.0 0.0 -999 ""
FIBERMAP 741 R+5C9 APOGEE 0 0 0 1 0 0 -69.60367075713043 87.36198724880853 143.1 31.189100885007935 107.23251854083914 239.48796 90.78566 -999.0 -999.0 -999.0 -999.0 -999.0 38.620229682519664 26.490778806203743 38.66768573895814 26.608555556539145 74.49721046395716 250.87528448046453 -999.0 16600.0 -999.0 2 101 {-999.0 -999.0 -999.0 -999.0 -999.0} "" -999.0 -999.0 -999.0 -999.0 -999 -999 "" ops_sky_apogee_best_unassigned ops_sky sky_apogee 0 0 0.0 0.0 -999 ""
FIBERMAP 741 R+5C9 BOSS 1 1 0 1 0 0 -70.25644924964101 87.70962193999655 143.1 31.096426773847522 107.96610734835023 239.48796 90.78566 38.61968994140624 26.49411931064293 -999.0 -999.0 -999.0 38.61971412803107 26.494133889738407 38.66723266040361 26.611937093437408 74.49840135717193 250.88722241442684 5400.0 5400.0 2015.5 1 75 {-999.0 -999.0 -999.0 -999.0 -999.0} "" -999.0 -999.0 -999.0 -999.0 27021603081059449 803859765 "" ops_sky_boss_good ops_sky sky_boss 0 0 0.0 0.0 -999 ""
FIBERMAP 741 R+5C9 METROLOGY 0 0 0 1 0 0 -69.63719856578672 88.1133459051903 143.1 31.783318446305877 107.6933146036459 239.48796 90.78566 -999.0 -999.0 -999.0 -999.0 -999.0 38.62322076350244 26.492892823385795 38.67072408015923 26.610683220529346 74.50060028659902 250.87769643114197 -999.0 6231.0 -999.0 -1 -999 {-999.0 -999.0 -999.0 -999.0 -999.0} "" -999.0 -999.0 -999.0 -999.0 -999 -999 "" "" "" "" 0 0 0.0 0.0 -999 ""
FIBERMAP 742 R-5C19 APOGEE 0 0 0 1 0 0 165.47936640763774 -115.2378615715144 143.1 1.352913904347773 -201.60446333082072 298.88184 75.07687 -999.0 -999.0 -999.0 -999.0 -999.0 38.47115125007941 25.087781394127042 38.51574716508043 25.20594250087509 73.68976403459935 246.65879770566215 -999.0 16600.0 -999.0 2 -999 {-999.0 -999.0 -999.0 -999.0 -999.0} "" -999.0 -999.0 -999.0 -999.0 -999 -999 "" "" "" "" 0 0 0.0 0.0 -999 ""
FIBERMAP 742 R-5C19 BOSS 1 1 0 1 0 0 164.76336410665462 -115.43170060894428 143.1 0.7816031576698159 -201.13159239190477 298.88184 75.07687 38.46808096572177 25.090017613420525 47.803894 -74.12592 2.006199 38.46822878478994 25.089824041612815 38.5128825148916 25.208020730524392 73.68863567683405 246.66992358670035 5400.0 5400.0 2016.0 1 287 {-999.0 15.497455 14.725382 14.423076 -999.0} sdss_psfmag_from_g3xp 15.275653 14.750166 14.065283 12.729 63050396554098464 1072480664 bright_1x1 mwm_halo_local_high_boss_single mwm_halo science 0 0 0.0 0.0 -999 ""
FIBERMAP 742 R-5C19 METROLOGY 0 0 0 1 0 0 164.9554374973175 -114.70667377285706 143.1 1.4844550856524215 -200.87021116859003 298.88184 75.07687 -999.0 -999.0 -999.0 -999.0 -999.0 38.47176450722867 25.091024472157407 38.51640757105173 25.20920659377343 73.69197559694865 246.66760737407884 -999.0 6231.0 -999.0 -1 -999 {-999.0 -999.0 -999.0 -999.0 -999.0} "" -999.0 -999.0 -999.0 -999.0 -999 -999 "" "" "" "" 0 0 0.0 0.0 -999 ""
FIBERMAP 743 R-1C3 APOGEE 1 1 0 1 0 0 -248.34127316480803 -12.161684468763166 143.1 -153.18557500945036 195.77955852070872 163.4112 102.442406 37.68289399655931 26.88578039155803 -3.6273677 -7.7097106 0.9510001 37.68324697371009 26.885763415019884 37.73060710056944 27.004973235470633 73.92205027071776 253.5407880661315 16000.0 16600.0 2016.0 2 281 {-999.0 10.25413 8.978249 8.441914 -999.0} sdss_psfmag_from_g3xp 9.764443 8.947317 8.064729 6.083 63050396555055297 1153169157 bright_1x1 mwm_galactic_core_dist_apogee_sparse mwm_galactic science 0 0 1.1972211599349976 0.0 -999 ""
FIBERMAP 743 R-1C3 BOSS 0 0 0 1 0 0 -248.29863426454378 -11.416209926779981 143.1 -152.55222603459745 196.17476278803625 163.4112 102.442406 -999.0 -999.0 -999.0 -999.0 -999.0 37.68636736445918 26.887571541752408 37.73379376480676 27.00680134266701 73.9253973076973 253.54240432805582 -999.0 5400.0 -999.0 1 433 {-999.0 -999.0 -999.0 -999.0 -999.0} "" -999.0 -999.0 -999.0 -999.0 -999 -999 "" "" "" "" 0 0 0.0 0.0 -999 ""
FIBERMAP 743 R-1C3 METROLOGY 0 0 0 1 0 0 -247.6720903067332 -11.820126420563303 143.1 -152.5206447799931 195.43013118207327 163.4112 102.442406 -999.0 -999.0 -999.0 -999.0 -999.0 37.686552019569916 26.8842332495269 37.733955146331425 27.003456027918737 73.92410497528279 253.5312487990529 -999.0 6231.0 -999.0 -1 -999 {-999.0 -999.0 -999.0 -999.0 -999.0} "" -999.0 -999.0 -999.0 -999.0 -999 -999 "" "" "" "" 0 0 0.0 0.0 -999 ""
FIBERMAP 748 R-1C24 APOGEE 1 1 0 1 0 0 233.06786805734936 -35.47712143310187 143.1 105.47344189815053 -210.78752481670944 283.6001 93.4235 38.99194725584635 25.047514031230754 -6.761182 -14.984639 1.2144582 38.99191660495708 25.047488466645106 39.03687803734448 25.16482387572141 74.06888497461655 245.63779935509075 16000.0 16600.0 2016.0 2 210 {-999.0 11.357362 10.385229 10.002426 -999.0} sdss_psfmag_gaia 11.048226 10.412382 9.650186 8.052 63050396555016021 1105407559 bright_1x1 mwm_tess_rgb_apogee mwm_tessrgb science 0 0 0.0 0.0 -999 ""
FIBERMAP 748 R-1C24 BOSS 0 0 0 1 0 0 232.35730471983845 -35.70376004995266 143.1 104.8784845214377 -210.33801559038315 283.6001 93.4235 -999.0 -999.0 -999.0 -999.0 -999.0 38.98892541778637 25.0494384202658 39.03394264298072 25.166809476625307 74.06769384190795 245.6490766421743 -999.0 5400.0 -999.0 1 311 {-999.0 -999.0 -999.0 -999.0 -999.0} "" -999.0 -999.0 -999.0 -999.0 -999 -999 "" "" "" "" 0 0 0.0 0.0 -999 ""
FIBERMAP 748 R-1C24 METROLOGY 0 0 0 1 0 0 232.5093867032232 -34.977354277337575 143.1 105.5593936512584 -210.04318203541123 283.6001 93.4235 -999.0 -999.0 -999.0 -999.0 -999.0 38.992344896736775 25.050784743300905 39.03735216224686 25.168141370688726 74.07101502144359 245.6471969785602 -999.0 6231.0 -999.0 -1 -999 {-999.0 -999.0 -999.0 -999.0 -999.0} "" -999.0 -999.0 -999.0 -999.0 -999 -999 "" "" "" "" 0 0 0.0 0.0 -999 ""
FIBERMAP 751 R-10C16 APOGEE 0 0 0 1 0 0 145.44365555848384 -193.08335971940355 143.1 -73.77305198617633 -230.14811371997587 159.08542 131.70683 -999.0 -999.0 -999.0 -999.0 -999.0 38.09606402294231 24.959159946273285 38.14009420909565 25.077926745547362 73.3327945843228 246.89786143699035 -999.0 16600.0 -999.0 2 -999 {-999.0 -999.0 -999.0 -999.0 -999.0} "" -999.0 -999.0 -999.0 -999.0 -999 -999 "" "" "" "" 0 0 0.0 0.0 -999 ""
FIBERMAP 751 R-10C16 BOSS 1 1 0 1 0 0 145.16728077206298 -192.38433770888287 143.1 -73.36165743343774 -229.51919944582144 159.08542 131.70683 38.097969977656206 24.96188868199397 2.914533 -3.866749 2.6370173 38.098024471020864 24.961918297672412 38.14211923152436 25.080713542393298 73.33581087793497 246.9028321565341 5400.0 5400.0 2016.0 1 268 {-999.0 21.376005 19.757978 18.437502 -999.0} sdss_psfmag 20.15704 19.136133 17.969473 15.751 63050396554103125 1094398566 bright_1x1 mwm_bin_vis_boss mwm_filler science 0 0 0.0 0.0 -999 ""
FIBERMAP 751 R-10C16 METROLOGY 0 0 0 1 0 0 145.9054691859072 -192.49736470744708 143.1 -73.02813490459461 -230.18720159133312 159.08542 131.70683 -999.0 -999.0 -999.0 -999.0 -999.0 38.09973438209096 24.958944329594374 38.14380861259292 25.077728190970507 73.33556408664853 246.89116561487066 -999.0 6231.0 -999.0 -1 -999 {-999.0 -999.0 -999.0 -999.0 -999.0} "" -999.0 -999.0 -999.0 -999.0 -999 -999 "" "" "" "" 0 0 0.0 0.0 -999 ""
FIBERMAP 753 R-2C22 APOGEE 0 0 0 1 0 0 212.85625400199865 -27.15218676680905 143.1 100.61260186912241 -189.48056799969132 69.39777 91.345825 -999.0 -999.0 -999.0 -999.0 -999.0 38.96833454759881 25.14319886543426 39.013461568235414 25.260561938984132 74.10169712305509 245.974776944683 -999.0 16600.0 -999.0 2 -999 {-999.0 -999.0 -999.0 -999.0 -999.0} "" -999.0 -999.0 -999.0 -999.0 -999 -999 "" "" "" "" 0 0 0.0 0.0 -999 ""
FIBERMAP 753 R-2C22 BOSS 1 1 0 1 0 0 213.570359848301 -27.394903031930415 143.1 100.82632851133549 -190.20371494848254 69.39777 91.345825 38.96931067897746 25.13985395227485 8.473019 -8.790696 2.321423 38.96934901356269 25.139876568726578 39.014525094769226 25.25726910795743 74.10077499963326 245.96271520815097 5400.0 5400.0 2016.0 1 285 {-999.0 18.524435 16.983889 16.179571 -999.0} sdss_psfmag 17.840137 16.800186 15.727173 13.682 63050396555016154 1094920515 bright_1x1 mwm_bin_vis_boss mwm_filler science 0 0 0.0 0.0 -999 ""
FIBERMAP 753 R-2C22 METROLOGY 0 0 0 1 0 0 213.01199669011146 -27.881848466236395 143.1 100.10660101355367 -190.02864870021196 69.39777 91.345825 -999.0 -999.0 -999.0 -999.0 -999.0 38.96576716086667 25.14067448760553 39.0109262644479 25.258063967524286 74.09843092679995 245.97145310291756 -999.0 6231.0 -999.0 -1 -999 {-999.0 -999.0 -999.0 -999.0 -999.0} "" -999.0 -999.0 -999.0 -999.0 -999 -999 "" "" "" "" 0 0 0.0 0.0 -999 ""
FIBERMAP 756 R-13C9 APOGEE 1 1 0 1 0 0 42.9646056095502 -233.05939051216922 143.1 -165.53190069363134 -169.52390145605517 130.17336 31.735308 37.63490627699262 25.231155737143066 59.938133 -79.552124 17.762995 37.63506426425772 25.23094106519811 37.67921112331021 25.350400145329036 73.1134489174004 248.44726361489754 16000.0 16600.0 2016.0 2 207 {-999.0 10.84611 10.021075 9.729911 -999.0} sdss_psfmag_from_g3xp 10.60043 10.068202 9.38763 8.023 63050396554105158 984820965 bright_1x1 mwm_snc_100pc_apogee mwm_snc science 0 0 0.0 0.0 -999 ""
FIBERMAP 756 R-13C9 BOSS 0 0 0 1 0 0 43.6770161155573 -233.2625043145765 143.1 -165.28681271163757 -170.22281951932294 130.17336 31.735308 -999.0 -999.0 -999.0 -999.0 -999.0 37.636250418226105 25.22774321925351 37.68045167025491 25.34723188011727 73.11283140658021 248.43589098527121 -999.0 5400.0 -999.0 1 334 {-999.0 -999.0 -999.0 -999.0 -999.0} "" -999.0 -999.0 -999.0 -999.0 -999 -999 "" "" "" "" 0 0 0.0 0.0 -999 ""
FIBERMAP 756 R-13C9 METROLOGY 0 0 0 1 0 0 43.142988570468894 -233.78229620817612 143.1 -166.01932468761783 -170.0865729905069 130.17336 31.735308 -999.0 -999.0 -999.0 -999.0 -999.0 37.63261643599892 25.22836435815899 37.67679887482109 25.347849798066903 73.11028442685918 248.4434264005783 -999.0 6231.0 -999.0 -1 -999 {-999.0 -999.0 -999.0 -999.0 -999.0} "" -999.0 -999.0 -999.0 -999.0 -999 -999 "" "" "" "" 0 0 0.0 0.0 -999 ""
FIBERMAP 758 R+4C17 APOGEE 0 0 0 1 0 0 89.92275851725498 81.5151392087329 143.1 118.43656625478383 -26.409152842706664 254.00179 6.2103744 -999.0 -999.0 -999.0 -999.0 -999.0 39.06176278481515 25.882208255837767 39.10841564249091 25.999343651826255 74.55357601131827 248.16181795556173 -999.0 16600.0 -999.0 2 83 {-999.0 -999.0 -999.0 -999.0 -999.0} "" -999.0 -999.0 -999.0 -999.0 -999 -999 "" ops_sky_apogee_best_unassigned ops_sky sky_apogee 0 0 0.0 0.0 -999 ""
FIBERMAP 758 R+4C17 BOSS 1 1 0 1 0 0 90.0480260836348 82.24598389528298 143.1 119.10563243573134 -26.089862126680806 254.00179 6.2103744 39.06514603317905 25.883615226173227 0.22868103 -0.38736957 0.100250736 39.065146746206295 25.88361413952033 39.111859808976554 26.00077193475157 74.55697252179833 248.16071200096547 5400.0 5400.0 2016.0 1 210 {-999.0 17.979849 17.599958 17.476564 -999.0} sdss_psfmag 17.938437 17.609694 17.156225 16.443 63050396555023813 977492582 "" ops_std_boss ops_std standard_boss 0 0 0.0 0.0 -999 ""
FIBERMAP 758 R+4C17 METROLOGY 0 0 0 1 0 0 90.62364894586105 81.78330208201524 143.1 119.059852485126 -26.82681014102557 254.00179 6.2103744 -999.0 -999.0 -999.0 -999.0 -999.0 39.06490773776918 25.880272135437586 39.111598637807674 25.997422752007342 74.55510779223906 248.15022763689024 -999.0 6231.0 -999.0 -1 -999 {-999.0 -999.0 -999.0 -999.0 -999.0} "" -999.0 -999.0 -999.0 -999.0 -999 -999 "" "" "" "" 0 0 0.0 0.0 -999 ""
FIBERMAP 760 R+10C10 APOGEE 0 0 0 1 0 0 5.085851062008675 194.47184375518265 143.1 161.739046416658 108.02697410092505 206.9249 85.13272 -999.0 -999.0 -999.0 -999.0 -999.0 39.28196321687056 26.491989924356563 39.330023695194484 26.6087071595192 75.0218120973386 249.82999306058218 -999.0 16600.0 -999.0 2 -999 {-999.0 -999.0 -999.0 -999.0 -999.0} "" -999.0 -999.0 -999.0 -999.0 -999 -999 "" "" "" "" 0 0 0.0 0.0 -999 ""
FIBERMAP 760 R+10C10 BOSS 1 1 0 1 0 0 4.796757259952514 195.17810363122484 143.1 162.1490144973283 108.67044982157108 206.9249 85.13272 39.28402996878586 26.49491674267937 3.4043891 -4.5019126 2.2627544 39.28402843108348 26.49489121966496 39.33215055665846 26.611630487336452 75.02486387281162 249.83652394561062 5400.0 5400.0 2016.0 1 122 {-999.0 20.308159 18.759918 17.493818 -999.0} sdss_psfmag 19.827309 18.200365 17.038769 14.779 63050396555027871 1094859169 bright_1x1 mwm_bin_vis_boss mwm_filler science 0 0 0.0 0.0 -999 ""
FIBERMAP 760 R+10C10 METROLOGY 0 0 0 1 0 0 5.540272943963799 195.0635892525987 143.1 162.48439544276053 107.99723945097801 206.9249 85.13272 -999.0 -999.0 -999.0 -999.0 -999.0 39.28572275939416 26.49183202369622 39.33382499657381 26.60856161401693 75.02474408044574 249.82331788366633 -999.0 6231.0 -999.0 -1 -999 {-999.0 -999.0 -999.0 -999.0 -999.0} "" -999.0 -999.0 -999.0 -999.0 -999 -999 "" "" "" "" 0 0 0.0 0.0 -999 ""
FIBERMAP 761 R+4C9 APOGEE 0 0 0 1 0 0 -76.96945044124921 80.8348904458235 143.1 21.61017570746373 109.48227701331979 134.10191 140.89124 -999.0 -999.0 -999.0 -999.0 -999.0 38.57151639367856 26.500985234520044 38.61894803273259 26.618838313565064 74.46318725082867 250.9840420475822 -999.0 16600.0 -999.0 2 118 {-999.0 -999.0 -999.0 -999.0 -999.0} "" -999.0 -999.0 -999.0 -999.0 -999 -999 "" ops_sky_apogee_best_unassigned ops_sky sky_apogee 0 0 0.0 0.0 -999 ""
FIBERMAP 761 R+4C9 BOSS 1 1 0 1 0 0 -77.04243194219566 81.57896877063523 143.1 22.175689508520307 109.97109125718526 134.10191 140.89124 38.574371337890625 26.503236968686693 -999.0 -999.0 -999.0 38.574343436326714 26.503230826294462 38.621838581306065 26.621105155078826 74.46652207823428 250.98715540071657 5400.0 5400.0 2015.5 1 64 {-999.0 -999.0 -999.0 -999.0 -999.0} "" -999.0 -999.0 -999.0 -999.0 27021603081059425 816047809 "" ops_sky_boss_good ops_sky sky_boss 0 0 0.0 0.0 -999 ""
FIBERMAP 761 R+4C9 METROLOGY 0 0 0 1 0 0 -76.34851180278294 81.30782086565534 143.1 22.354554913451178 109.248027271048 134.10191 140.89124 -999.0 -999.0 -999.0 -999.0 -999.0 38.575271698174326 26.499945840368117 38.62274520471465 26.61781168653085 74.46573622739518 250.97483522070968 -999.0 6231.0 -999.0 -1 -999 {-999.0 -999.0 -999.0 -999.0 -999.0} "" -999.0 -999.0 -999.0 -999.0 -999 -999 "" "" "" "" 0 0 0.0 0.0 -999 ""
FIBERMAP 762 R+2C22 APOGEE 0 0 0 1 0 0 204.39599720686024 49.3748037972722 143.1 158.22412682787964 -138.42774442453393 58.554283 133.20215 -999.0 -999.0 -999.0 -999.0 -999.0 39.25819885958431 25.373789918195843 39.30402342099319 25.4906629449235 74.44597670390887 246.18797408560232 -999.0 16600.0 -999.0 2 -999 {-999.0 -999.0 -999.0 -999.0 -999.0} "" -999.0 -999.0 -999.0 -999.0 -999 -999 "" "" "" "" 0 0 0.0 0.0 -999 ""
FIBERMAP 762 R+2C22 BOSS 1 1 0 1 0 0 205.1073714773038 49.534474871613085 143.1 158.76486643226653 -138.91654573482964 58.554283 133.20215 39.26085077473411 25.371511571727922 7.4433784 -1.0936834 3.0078225 39.260861901032484 25.37152246625519 39.306737987579766 25.488421197403397 74.44689207498553 246.17606816263083 5400.0 5400.0 2016.0 1 224 {-999.0 18.540718 16.883074 15.973582 -999.0} sdss_psfmag 17.819908 16.613361 15.533858 13.38 63050396555016414 1095544312 bright_1x1 mwm_bin_vis_boss mwm_filler science 0 0 0.0 0.0 -999 ""
FIBERMAP 762 R+2C22 METROLOGY 0 0 0 1 0 0 204.8931708388004 48.818494207012215 143.1 158.05663760136548 -139.15463965709583 58.554283 133.20215 -999.0 -999.0 -999.0 -999.0 -999.0 39.25732199983234 25.370460115864436 39.303177761487234 25.487356234860798 74.44359616203586 246.17895474376604 -999.0 6231.0 -999.0 -1 -999 {-999.0 -999.0 -999.0 -999.0 -999.0} "" -999.0 -999.0 -999.0 -999.0 -999 -999 "" "" "" "" 0 0 0.0 0.0 -999 ""
FIBERMAP 765 R+2C19 APOGEE 0 0 0 1 0 0 138.24723210168713 17.531353338918738 143.1 94.06326161022108 -102.77952999189742 346.24246 33.633053 -999.0 -999.0 -999.0 -999.0 -999.0 38.937579744095984 25.535224108275063 38.983443382873645 25.65259505586336 74.28197795148625 247.25658817841193 -999.0 16600.0 -999.0 2 72 {-999.0 -999.0 -999.0 -999.0 -999.0} "" -999.0 -999.0 -999.0 -999.0 -999 -999 "" ops_sky_apogee_best_unassigned ops_sky sky_apogee 0 0 0.0 0.0 -999 ""
FIBERMAP 765 R+2C19 BOSS 1 1 0 1 0 0 137.54704285211164 17.27395726247723 143.1 93.44917199506669 -102.35623450426716 346.24246 33.633053 38.93451768197903 25.537058554196445 -1.0270778 -2.7693954 0.3908362 38.9344853022719 25.537073832523326 38.98040475337871 25.654478847176645 74.28058162232198 247.2677241176159 5400.0 5400.0 2016.0 1 221 {-999.0 16.559738 16.086105 15.898306 15.814263} sdss_psfmag_from_lsdr8 16.445967 16.09526 15.56372 14.57 63050396555022829 908539794 "" ops_std_boss_lsdr10 ops_std standard_boss 0 0 0.0 0.0 -999 ""
FIBERMAP 765 R+2C19 METROLOGY 0 0 0 1 0 0 137.67304873478622 18.012926035309256 143.1 94.1252981817395 -102.03286035895309 346.24246 33.633053 -999.0 -999.0 -999.0 -999.0 -999.0 38.93790101444218 25.538557875970263 38.983810767431294 25.65594895611667 74.28397243579813 247.26661702986848 -999.0 6231.0 -999.0 -1 -999 {-999.0 -999.0 -999.0 -999.0 -999.0} "" -999.0 -999.0 -999.0 -999.0 -999 -999 "" "" "" "" 0 0 0.0 0.0 -999 ""
FIBERMAP 766 R+7C3 APOGEE 1 1 0 1 0 0 -184.40838611213172 148.1344818243354 143.1 14.591290847842808 236.03810504487888 196.69589 49.375336 38.53475536335521 27.072157008532812 -0.83508205 -1.371954 0.45361236 38.53474231778363 27.072142362303698 38.583271032387984 27.189994027371274 74.68753657892938 252.96264097419282 16000.0 16600.0 2016.0 2 123 {-999.0 13.23694 12.370393 12.034861 -999.0} sdss_psfmag_from_g3xp 12.971636 12.397572 11.677063 10.185 63050396555056547 1108341017 bright_1x1 mwm_tess_rgb_apogee mwm_tessrgb science 0 0 0.0 0.0 -999 ""
FIBERMAP 766 R+7C3 BOSS 0 0 0 1 0 0 -184.11513773298384 148.82729676888036 143.1 15.326200877497016 236.1982857230571 196.69589 49.375336 -999.0 -999.0 -999.0 -999.0 -999.0 38.538425199297606 27.07286809239673 38.587015656665926 27.190737768139297 74.69086535577927 252.9597899629755 -999.0 5400.0 -999.0 1 26 {-999.0 -999.0 -999.0 -999.0 -999.0} "" -999.0 -999.0 -999.0 -999.0 -999 -999 "" "" "" "" 0 0 0.0 0.0 -999 ""
FIBERMAP 766 R+7C3 METROLOGY 0 0 0 1 0 0 -183.6673094002483 148.22817075258445 143.1 15.095283268641268 235.486987326149 196.69589 49.375336 -999.0 -999.0 -999.0 -999.0 -999.0 38.53727291377722 27.069683927326814 38.585839845443786 27.18754899139415 74.6885555172116 252.95056996183442 -999.0 6231.0 -999.0 -1 -999 {-999.0 -999.0 -999.0 -999.0 -999.0} "" -999.0 -999.0 -999.0 -999.0 -999 -999 "" "" "" "" 0 0 0.0 0.0 -999 ""
FIBERMAP 776 R+1C5 APOGEE 1 1 0 1 0 0 -185.78344789897596 10.586418594217877 143.1 -98.52336632802869 157.8170942927998 270.6746 143.30739 37.960319324024276 26.71762061789337 3.340689 -6.3223877 1.1075239 37.96036389604688 26.717596147536092 38.00765605446071 26.836390654600212 74.07221526238887 252.60261306683827 16000.0 16600.0 2016.0 2 110 {-999.0 11.90111 11.02057 10.68431 -999.0} sdss_psfmag_gaia 11.628074 11.057352 10.328801 8.779 63050396555054563 1107145680 bright_1x1 mwm_tess_rgb_apogee mwm_tessrgb science 0 0 0.0 0.0 -999 ""
FIBERMAP 776 R+1C5 BOSS 0 0 0 1 0 0 -186.2540215600671 9.998708837988785 143.1 -99.2747368459478 157.86234644798174 270.6746 143.30739 -999.0 -999.0 -999.0 -999.0 -999.0 37.956460557127215 26.717790210547264 38.003808235710665 26.83661631987597 74.06922636282187 252.60882401456524 -999.0 5400.0 -999.0 1 63 {-999.0 -999.0 -999.0 -999.0 -999.0} "" -999.0 -999.0 -999.0 -999.0 -999 -999 "" "" "" "" 0 0 0.0 0.0 -999 ""
FIBERMAP 776 R+1C5 METROLOGY 0 0 0 1 0 0 -186.5255669349818 10.700136836442024 143.1 -98.85859174765497 158.48870491642705 270.6746 143.30739 -999.0 -999.0 -999.0 -999.0 -999.0 37.95858693027218 26.720635006497734 38.00592548096279 26.839450249341578 74.07216457979374 252.61510024857142 -999.0 6231.0 -999.0 -1 -999 {-999.0 -999.0 -999.0 -999.0 -999.0} "" -999.0 -999.0 -999.0 -999.0 -999 -999 "" "" "" "" 0 0 0.0 0.0 -999 ""
FIBERMAP 779 R+1C20 APOGEE 1 1 0 1 0 0 136.54796863019192 35.445795296647574 143.1 107.71194606424449 -91.05806253830795 156.82635 71.73268 39.006521378966184 25.5884605101413 0.84626603 -16.997173 4.9018154 39.00648209769084 25.588415915852078 39.05250962480437 25.70567089114304 74.36257514113446 247.3083393208896 16000.0 16600.0 2016.0 2 85 {-999.0 10.789604 10.303339 10.093106 -999.0} sdss_psfmag_from_g3xp 10.652256 10.334147 9.754268 8.903 63050396555017026 1110810773 bright_1x1 manual_mwm_planet_tess_eb_apogee mwm_planet science 0 0 0.0 0.0 -999 ""
FIBERMAP 779 R+1C20 BOSS 0 0 0 1 0 0 137.02392332260592 36.00884892605123 143.1 108.44628646058042 -91.1219315906249 156.82635 71.73268 -999.0 -999.0 -999.0 -999.0 -999.0 39.01016854546029 25.58805838751435 39.0562532179481 25.70533657831416 74.36530926829784 247.30090573976958 -999.0 5400.0 -999.0 1 233 {-999.0 -999.0 -999.0 -999.0 -999.0} "" -999.0 -999.0 -999.0 -999.0 -999 -999 "" "" "" "" 0 0 0.0 0.0 -999 ""
FIBERMAP 779 R+1C20 METROLOGY 0 0 0 1 0 0 137.28309885206414 35.30676795193363 143.1 108.02247266285414 -91.73856553482238 156.82635 71.73268 -999.0 -999.0 -999.0 -999.0 -999.0 39.00802941323091 25.58527489205086 39.05409129730941 25.70254857013034 74.3622138490792 247.2956770961042 -999.0 6231.0 -999.0 -1 -999 {-999.0 -999.0 -999.0 -999.0 -999.0} "" -999.0 -999.0 -999.0 -999.0 -999 -999 "" "" "" "" 0 0 0.0 0.0 -999 ""
FIBERMAP 781 R+8C12 APOGEE 0 0 0 1 0 0 50.46098744825385 164.3618792452405 143.1 163.32572346058987 53.60495681071569 40.968452 133.41408 -999.0 -999.0 -999.0 -999.0 -999.0 39.28942730982923 26.245130723102374 39.33700151061805 26.361861792718287 74.90980439207952 248.98162706321722 -999.0 16600.0 -999.0 2 -999 {-999.0 -999.0 -999.0 -999.0 -999.0} "" -999.0 -999.0 -999.0 -999.0 -999 -999 "" "" "" "" 0 0 0.0 0.0 -999 ""
FIBERMAP 781 R+8C12 BOSS 1 1 0 1 0 0 51.20858201864894 164.28844972589343 143.1 163.6970071002912 52.95211521698212 40.968452 133.41408 39.29129116538885 26.242127226260994 -1.6728237 -0.42313287 0.2840753 39.29129438534747 26.242146360011866 39.338918167442216 26.35890131057953 74.90988082157486 248.96848384781532 5400.0 5400.0 2016.0 1 139 {-999.0 18.007746 17.550095 17.359373 17.267551} sdss_psfmag_from_gaia 17.9128 17.5645 17.0159 16.059 63050396555027477 967921099 "" ops_std_boss_gdr2 ops_std standard_boss 0 0 0.0 0.0 -999 ""
FIBERMAP 781 R+8C12 METROLOGY 0 0 0 1 0 0 50.779166191500366 163.68702795209668 143.1 162.9581810595648 52.95584826542589 40.968452 133.41408 -999.0 -999.0 -999.0 -999.0 -999.0 39.28757593358401 26.242188762337268 39.335181219771925 26.35894217320151 74.90696747261283 248.9748252058784 -999.0 6231.0 -999.0 -1 -999 {-999.0 -999.0 -999.0 -999.0 -999.0} "" -999.0 -999.0 -999.0 -999.0 -999 -999 "" "" "" "" 0 0 0.0 0.0 -999 ""
FIBERMAP 784 R0C21 APOGEE 1 1 0 1 0 0 152.8035569905711 20.250586034701094 143.1 104.68052146573822 -113.09761915997119 159.17834 43.589615 38.990742611337424 25.48843123985484 3.446555 6.720636 5.892118 38.990751516963286 25.488419422214758 39.03656986982679 25.605710146088057 74.29916655751117 247.0173156539527 16000.0 16600.0 2016.0 2 73 {-999.0 10.900534 10.45721 10.300154 -999.0} sdss_psfmag_from_g3xp 10.812494 10.47487 9.96828 9.074 63050396555016973 1103502171 bright_1x1 mwm_tess_2min_apogee mwm_planet science 0 0 0.0 0.0 -999 ""
FIBERMAP 784 R0C21 BOSS 0 0 0 1 0 0 153.48212723971898 20.543115406341357 143.1 105.31083004835567 -113.48299415898644 159.17834 43.589615 -999.0 -999.0 -999.0 -999.0 -999.0 38.99389845697886 25.48660052236867 39.03977064541482 25.603915859362502 74.30072385554266 247.0061519821836 -999.0 5400.0 -999.0 1 243 {-999.0 -999.0 -999.0 -999.0 -999.0} "" -999.0 -999.0 -999.0 -999.0 -999 -999 "" "" "" "" 0 0 0.0 0.0 -999 ""
FIBERMAP 784 R0C21 METROLOGY 0 0 0 1 0 0 153.40434200262575 19.802948239856267 143.1 104.6615410839991 -113.84643646948047 159.17834 43.589615 -999.0 -999.0 -999.0 -999.0 -999.0 38.990634636197846 25.48496868653705 39.03648532817141 25.60228108128676 74.29734204913521 247.00658369533164 -999.0 6231.0 -999.0 -1 -999 {-999.0 -999.0 -999.0 -999.0 -999.0} "" -999.0 -999.0 -999.0 -999.0 -999 -999 "" "" "" "" 0 0 0.0 0.0 -999 ""
FIBERMAP 786 R+11C5 APOGEE 0 0 0 1 0 0 -57.15756070597651 218.7033306886 143.1 145.6216401824721 172.83262054046352 89.91068 19.343252 -999.0 -999.0 -999.0 -999.0 -999.0 39.20049950931136 26.785377941927607 39.249073917205465 26.90219569134333 75.09313549730595 250.9691379751777 -999.0 16600.0 -999.0 2 22 {-999.0 -999.0 -999.0 -999.0 -999.0} "" -999.0 -999.0 -999.0 -999.0 -999 -999 "" ops_sky_apogee_best_unassigned ops_sky sky_apogee 0 0 0.0 0.0 -999 ""
FIBERMAP 786 R+11C5 BOSS 1 1 0 1 0 0 -56.911017774818646 218.00307219601595 143.1 145.19202757085998 172.22735363851666 89.91068 19.343252 39.19831264127819 26.782673141419536 -0.7353882 1.002685 0.22603954 39.19830583090819 26.782674269145748 39.246927166903845 26.899520495489863 75.0902163788332 250.96324247004003 5400.0 5400.0 2016.0 1 144 {-999.0 17.669193 17.276169 17.120413 17.058064} sdss_psfmag_from_gaia 17.587 17.2891 16.7731 15.978 63050396555030773 967921146 "" ops_std_boss_gdr2 ops_std standard_boss 0 0 0.0 0.0 -999 ""
FIBERMAP 786 R+11C5 METROLOGY 0 0 0 1 0 0 -57.649077636004435 218.12969423676904 143.1 144.8696808798861 172.90309303742137 89.91068 19.343252 -999.0 -999.0 -999.0 -999.0 -999.0 39.19668095018759 26.785732265324366 39.24529152991556 26.90257378980177 75.09030008490235 250.9763898623256 -999.0 6231.0 -999.0 -1 -999 {-999.0 -999.0 -999.0 -999.0 -999.0} "" -999.0 -999.0 -999.0 -999.0 -999 -999 "" "" "" "" 0 0 0.0 0.0 -999 ""
FIBERMAP 787 R+9C16 APOGEE 0 0 0 1 0 0 140.1709814981691 167.69099966661383 143.1 217.79301868071147 -17.731650417440388 181.56088 156.18604 -999.0 -999.0 -999.0 -999.0 -999.0 39.56084266639057 25.91983251841518 39.608009167020725 26.036158841347305 74.96091484169223 247.43012656401368 -999.0 16600.0 -999.0 2 88 {-999.0 -999.0 -999.0 -999.0 -999.0} "" -999.0 -999.0 -999.0 -999.0 -999 -999 "" "" "" "" 0 0 0.0 0.0 -999 ""
FIBERMAP 787 R+9C16 BOSS 1 1 0 1 0 0 139.47164726245174 167.95436257853964 143.1 217.6046729735472 -17.00865602428084 181.56088 156.18604 39.55992231293571 25.92313156377354 -999.0 -999.0 -999.0 39.55992370089637 25.923084220242533 39.60714867906432 26.03943930417981 74.96189704647324 247.44255208905201 5400.0 5400.0 2016.0 1 227 {-999.0 -999.0 -999.0 -999.0 -999.0} "" -999.0 -999.0 -999.0 12.921 63050396665705509 1117896136 bright_1x1 openfibertargets_bhm_lofarradio_boss open_fiber science 0 0 0.0 0.0 -999 ""
FIBERMAP 787 R+9C16 METROLOGY 0 0 0 1 0 0 140.0383547268406 168.43138134236366 143.1 218.32110774257035 -17.196262363619176 181.56088 156.18604 -999.0 -999.0 -999.0 -999.0 -999.0 39.56349747874475 25.922223417954264 39.61070890458484 26.038564972916394 74.96422180580247 247.43343689887502 -999.0 6231.0 -999.0 -1 -999 {-999.0 -999.0 -999.0 -999.0 -999.0} "" -999.0 -999.0 -999.0 -999.0 -999 -999 "" "" "" "" 0 0 0.0 0.0 -999 ""
FIBERMAP 789 R+2C9 APOGEE 1 1 0 1 0 0 -93.50594548201609 31.079163106636297 143.1 -28.55923785403269 94.28461221080794 190.76213 157.40657 38.31658490917498 26.431533541228525 7.051154 -7.263663 0.59091306 38.3165979086524 26.43150123843034 38.36365984667532 26.549765315354588 74.22856304082181 251.14313265571377 16000.0 16600.0 2016.0 2 109 {-999.0 13.630683 12.70626 12.326665 -999.0} sdss_psfmag_from_g3xp 13.336329 12.719405 11.964589 10.366 63050396555052360 1108797522 bright_1x1 mwm_tess_rgb_apogee mwm_tessrgb science 0 0 0.0 0.0 -999 ""
FIBERMAP 789 R+2C9 BOSS 0 0 0 1 0 0 -94.24675046661318 31.206791816568142 143.1 -28.882346011197733 94.96317396360153 190.76213 157.40657 -999.0 -999.0 -999.0 -999.0 -999.0 38.31487436985649 26.434599644113558 38.36199818777766 26.552892469637452 74.2286690012598 251.15586564250907 -999.0 5400.0 -999.0 1 53 {-999.0 -999.0 -999.0 -999.0 -999.0} "" -999.0 -999.0 -999.0 -999.0 -999 -999 "" "" "" "" 0 0 0.0 0.0 -999 ""
FIBERMAP 789 R+2C9 METROLOGY 0 0 0 1 0 0 -93.76852088981593 31.780644950539127 143.1 -28.137874506883175 94.90367688338708 190.76213 157.40657 -999.0 -999.0 -999.0 -999.0 -999.0 38.3186783278985 26.434339563854 38.36578884340423 26.55261894041912 74.23156067196292 251.14927243545895 -999.0 6231.0 -999.0 -1 -999 {-999.0 -999.0 -999.0 -999.0 -999.0} "" -999.0 -999.0 -999.0 -999.0 -999 -999 "" "" "" "" 0 0 0.0 0.0 -999 ""
FIBERMAP 790 R+6C16 APOGEE 0 0 0 1 0 0 125.720297320976 121.87113059264628 143.1 172.04080784848082 -32.36220467138127 36.492153 102.561905 -999.0 -999.0 -999.0 -999.0 -999.0 39.33133976616317 25.85441959705687 39.37817491191163 25.97112407218888 74.7496477614134 247.6123261448157 -999.0 16600.0 -999.0 2 -999 {-999.0 -999.0 -999.0 -999.0 -999.0} "" -999.0 -999.0 -999.0 -999.0 -999 -999 "" "" "" "" 0 0 0.0 0.0 -999 ""
FIBERMAP 790 R+6C16 BOSS 1 1 0 1 0 0 126.3065824329576 121.3721415562942 143.1 171.9715299588485 -33.12880308890374 36.492153 102.561905 39.330960420578116 25.850880901673296 -999.0 -999.0 -999.0 39.33097632643081 25.850900442039382 39.37785777243255 25.96763385392815 74.74764864831903 247.60139627541338 5400.0 5400.0 2016.0 1 215 {-999.0 21.4202 20.56719 20.324554 -999.0} sdss_psfmag -999.0 -999.0 -999.0 -999.0 63050397381344973 1118030514 bright_1x1 openfibertargets_bhm_lofarradio_boss open_fiber science 0 0 0.0 0.0 -999 ""
FIBERMAP 790 R+6C16 METROLOGY 0 0 0 1 0 0 125.58622164798865 121.13717848629001 143.1 171.36412324465138 -32.676095204943024 36.492153 102.561905 -999.0 -999.0 -999.0 -999.0 -999.0 39.327945590135236 25.85297670118605 39.374813310094794 25.9697068522097 74.74632257678653 247.61343467323078 -999.0 6231.0 -999.0 -1 -999 {-999.0 -999.0 -999.0 -999.0 -999.0} "" -999.0 -999.0 -999.0 -999.0 -999 -999 "" "" "" "" 0 0 0.0 0.0 -999 ""
FIBERMAP 791 R+7C20 APOGEE 0 0 0 1 0 0 221.93926065804857 117.57898653025411 143.1 224.0392594815456 -113.41030926067144 351.89218 49.995594 -999.0 -999.0 -999.0 -999.0 -999.0 39.58719890524895 25.486670001605166 39.63352819841856 25.602999126973614 74.7580717018101 245.96207270891782 -999.0 16600.0 -999.0 2 76 {-999.0 -999.0 -999.0 -999.0 -999.0} "" -999.0 -999.0 -999.0 -999.0 -999 -999 "" ops_sky_apogee_best_unassigned ops_sky sky_apogee 0 0 0.0 0.0 -999 ""
FIBERMAP 791 R+7C20 BOSS 1 1 0 1 0 0 221.43608201344733 117.03202219442409 143.1 223.30235357367954 -113.31492816096109 351.89218 49.995594 39.58350488665151 25.487112311313876 7.9908333 -15.978738 2.2796435 39.58351812759787 25.48706525677461 39.62989762744701 25.603429499184266 74.75550909058092 245.96999440480778 5400.0 5400.0 2016.0 1 250 {-999.0 18.719185 17.070473 16.09526 -999.0} sdss_psfmag 17.98414 16.747068 15.659169 13.489 63050396555017300 1094486330 bright_1x1 mwm_bin_vis_boss mwm_filler science 0 0 0.0 0.0 -999 ""
FIBERMAP 791 R+7C20 METROLOGY 0 0 0 1 0 0 221.20758597244316 117.73987545020393 143.1 223.74857830750682 -112.72001731210085 351.89218 49.995594 -999.0 -999.0 -999.0 -999.0 -999.0 39.585777539719835 25.489759322688737 39.632149402985874 25.606111336566606 74.758644060112 245.97463369598427 -999.0 6231.0 -999.0 -1 -999 {-999.0 -999.0 -999.0 -999.0 -999.0} "" -999.0 -999.0 -999.0 -999.0 -999 -999 "" "" "" "" 0 0 0.0 0.0 -999 ""
FIBERMAP 792 R-7C14 APOGEE 1 1 0 1 0 0 87.09355751186492 -121.52468473997146 143.1 -48.99733799543916 -141.22129736212352 85.973015 86.48312 38.21697180160157 25.36014448612242 112.97531 -48.623158 21.707792 38.21733942440323 25.360009653602813 38.262238218389825 25.478543130144274 73.63303848970311 247.90848948925196 16000.0 16600.0 2016.0 2 184 {-999.0 15.305252 13.918985 12.66808 -999.0} sdss_psfmag_from_g3xp 14.762648 13.366763 12.208295 10.031 63050396554104559 984831805 bright_1x1 mwm_snc_100pc_apogee mwm_snc science 0 0 0.0 0.0 -999 ""
FIBERMAP 792 R-7C14 BOSS 0 0 0 1 0 0 87.83080590494605 -121.59781564032409 143.1 -48.63177864254877 -141.86551803235133 85.973015 86.48312 -999.0 -999.0 -999.0 -999.0 -999.0 38.21911600328833 25.357011316111027 38.264067961704086 25.475572626114317 73.63296355380749 247.89643062417184 -999.0 5400.0 -999.0 1 326 {-999.0 -999.0 -999.0 -999.0 -999.0} "" -999.0 -999.0 -999.0 -999.0 -999 -999 "" "" "" "" 0 0 0.0 0.0 -999 ""
FIBERMAP 792 R-7C14 METROLOGY 0 0 0 1 0 0 87.38622309223452 -122.20816110908521 143.1 -49.38664075043331 -141.85454724223348 85.973015 86.48312 -999.0 -999.0 -999.0 -999.0 -999.0 38.215339745377285 25.35707218679273 38.26027229075453 25.475630852017037 73.63003576667677 247.90275155408455 -999.0 6231.0 -999.0 -1 -999 {-999.0 -999.0 -999.0 -999.0 -999.0} "" -999.0 -999.0 -999.0 -999.0 -999 -999 "" "" "" "" 0 0 0.0 0.0 -999 ""
FIBERMAP 793 R+7C1 APOGEE 1 1 0 1 0 0 -195.1581987085522 137.1592358690483 143.1 -0.5720453449195054 238.4853660430279 40.069008 76.75523 38.457551909646995 27.083017966430223 5.7735677 1.3635089 0.71624184 38.45757165002125 27.083015828740393 38.506049359447104 27.200988700570928 74.63012190509859 253.11106981218848 16000.0 16600.0 2016.0 2 97 {-999.0 12.230175 11.343616 11.004389 -999.0} sdss_psfmag_gaia 11.959959 11.379903 10.654233 9.236 63050396555058170 1107302382 bright_1x1 mwm_tess_rgb_apogee mwm_tessrgb science 0 0 0.0 0.0 -999 ""
FIBERMAP 793 R+7C1 BOSS 0 0 0 1 0 0 -194.81972685687398 136.50064833265841 143.1 -0.9146008224659321 237.82906785126474 40.069008 76.75523 -999.0 -999.0 -999.0 -999.0 -999.0 38.45577735649377 27.080082927620907 38.50430468068572 27.198082893068015 74.62747970634909 253.10364787800336 -999.0 5400.0 -999.0 1 82 {-999.0 -999.0 -999.0 -999.0 -999.0} "" -999.0 -999.0 -999.0 -999.0 -999 -999 "" "" "" "" 0 0 0.0 0.0 -999 ""
FIBERMAP 793 R+7C1 METROLOGY 0 0 0 1 0 0 -195.5675602646149 136.52874520909907 143.1 -1.3230407753656106 238.45595458030382 40.069008 76.75523 -999.0 -999.0 -999.0 -999.0 -999.0 38.45370991007696 27.0828840259209 38.50222466828416 27.200880181004752 74.62699822216321 253.1161676478054 -999.0 6231.0 -999.0 -1 -999 {-999.0 -999.0 -999.0 -999.0 -999.0} "" -999.0 -999.0 -999.0 -999.0 -999 -999 "" "" "" "" 0 0 0.0 0.0 -999 ""
FIBERMAP 795 R+5C3 APOGEE 0 0 0 1 0 0 -194.60881331145558 77.16244952582784 143.1 -49.24838513763738 203.42790560319366 309.76953 54.955948 -999.0 -999.0 -999.0 -999.0 -999.0 38.21022699570677 26.924874103645873 38.25815926864044 27.04325427962151 74.36318886382125 252.9314469120088 -999.0 16600.0 -999.0 2 130 {-999.0 -999.0 -999.0 -999.0 -999.0} "" -999.0 -999.0 -999.0 -999.0 -999 -999 "" ops_sky_apogee_best_unassigned ops_sky sky_apogee 0 0 0.0 0.0 -999 ""
FIBERMAP 795 R+5C3 BOSS 1 1 0 1 0 0 -195.33434069060388 77.08634929030116 143.1 -49.729045117308495 203.9764717151421 309.76953 54.955948 38.20770263671874 26.927360231141456 -999.0 -999.0 -999.0 38.20770805433619 26.927348264879946 38.25570080049198 27.045756771101324 74.36229004869284 252.94332401400126 5400.0 5400.0 2015.5 1 28 {-999.0 -999.0 -999.0 -999.0 -999.0} "" -999.0 -999.0 -999.0 -999.0 27021603081076375 803861869 "" ops_sky_boss_good ops_sky sky_boss 0 0 0.0 0.0 -999 ""
FIBERMAP 795 R+5C3 METROLOGY 0 0 0 1 0 0 -195.03947512199198 77.77081863408773 143.1 -49.00001722041724 204.13051768349868 309.76953 54.955948 -999.0 -999.0 -999.0 -999.0 -999.0 38.21143307371605 26.928058292283513 38.259414278680936 27.046453874734883 74.36557536835527 252.9403759404969 -999.0 6231.0 -999.0 -1 -999 {-999.0 -999.0 -999.0 -999.0 -999.0} "" -999.0 -999.0 -999.0 -999.0 -999 -999 "" "" "" "" 0 0 0.0 0.0 -999 ""
FIBERMAP 796 R-1C17 APOGEE 0 0 0 1 0 0 58.55943639243198 -17.574598388114858 143.1 19.428325465501473 -57.957328415125836 224.34248 55.220078 -999.0 -999.0 -999.0 -999.0 -999.0 38.561345756931715 25.738815803630942 38.60727668354622 25.856765108468952 74.09136916070854 248.52857885002825 -999.0 16600.0 -999.0 2 -999 {-999.0 -999.0 -999.0 -999.0 -999.0} "" -999.0 -999.0 -999.0 -999.0 -999 -999 "" "" "" "" 0 0 0.0 0.0 -999 ""
FIBERMAP 796 R-1C17 BOSS 1 1 0 1 0 0 58.41885953742934 -16.846312639381477 143.1 19.941951054399066 -57.422425812101224 224.34248 55.220078 38.563904548357684 25.741217405551122 -1.8160604 -8.242186 1.1592046 38.563896247820516 25.74119313299678 38.609890310408105 25.859166884059142 74.0946003058457 248.53196218336865 5400.0 5400.0 2016.0 1 280 {-999.0 20.101965 18.563066 17.84016 -999.0} sdss_psfmag 19.5419 18.449488 17.474537 15.376 63050396555023428 1094465015 bright_1x1 mwm_bin_vis_boss mwm_filler science 0 0 0.0 0.0 -999 ""
FIBERMAP 796 R-1C17 METROLOGY 0 0 0 1 0 0 59.12247971214471 -17.08506371044774 143.1 20.152867060761462 -58.13472288194368 224.34248 55.220078 -999.0 -999.0 -999.0 -999.0 -999.0 38.5649790452272 25.737966004105555 38.61095184179641 25.855930237198486 74.09383268384816 248.51997119666305 -999.0 6231.0 -999.0 -1 -999 {-999.0 -999.0 -999.0 -999.0 -999.0} "" -999.0 -999.0 -999.0 -999.0 -999 -999 "" "" "" "" 0 0 0.0 0.0 -999 ""
FIBERMAP 800 R+11C7 APOGEE 0 0 0 1 0 0 -37.023096672078914 221.07395052041466 143.1 159.17194399491711 157.758339132231 61.72195 157.66805 -999.0 -999.0 -999.0 -999.0 -999.0 39.26903057843077 26.716855493749627 39.31753020251642 26.833570040437216 75.11623019907573 250.6232511804541 -999.0 16600.0 -999.0 2 16 {-999.0 -999.0 -999.0 -999.0 -999.0} "" -999.0 -999.0 -999.0 -999.0 -999 -999 "" ops_sky_apogee_best_unassigned ops_sky sky_apogee 0 0 0.0 0.0 -999 ""
FIBERMAP 800 R+11C7 BOSS 1 1 0 1 0 0 -36.442772265008465 221.54288829926278 143.1 159.88963471096673 157.55495175199567 61.72195 157.66805 39.27264280178117 26.715908443825356 -999.0 -999.0 -999.0 39.27263109977858 26.715908676375868 39.32118620563159 26.83264238984312 75.1187053769587 250.61422285832424 5400.0 5400.0 2016.0 1 112 {-999.0 20.79948 19.85249 19.348701 -999.0} sdss_psfmag -999.0 -999.0 -999.0 -999.0 63050398096204942 1118051205 bright_1x1 openfibertargets_bhm_lofarradio_boss open_fiber science 0 0 0.0 0.0 -999 ""
FIBERMAP 800 R+11C7 METROLOGY 0 0 0 1 0 0 -36.321632833091066 220.80914280816467 143.1 159.3603383317132 157.03277228397107 61.72195 157.66805 -999.0 -999.0 -999.0 -999.0 -999.0 39.26997075701455 26.713579027944682 39.318503424979724 26.83031023167692 75.11550903131072 250.61042140853124 -999.0 6231.0 -999.0 -1 -999 {-999.0 -999.0 -999.0 -999.0 -999.0} "" -999.0 -999.0 -999.0 -999.0 -999 -999 "" "" "" "" 0 0 0.0 0.0 -999 ""
FIBERMAP 804 R-6C16 APOGEE 0 0 0 1 0 0 93.50227299006247 -127.52177703177546 143.1 -50.19771686408723 -149.91403240997434 273.95676 38.21133 -999.0 -999.0 -999.0 -999.0 -999.0 38.21152402856979 25.320646688566413 38.25634239943719 25.439193490063776 73.60854050067438 247.79767022334852 -999.0 16600.0 -999.0 2 -999 {-999.0 -999.0 -999.0 -999.0 -999.0} "" -999.0 -999.0 -999.0 -999.0 -999 -999 "" "" "" "" 0 0 0.0 0.0 -999 ""
FIBERMAP 804 R-6C16 BOSS 1 1 0 1 0 0 92.99132847244391 -126.95471390574704 143.1 -50.02938998644286 -149.16968877999278 273.95676 38.21133 38.21225155642033 25.323902468739163 -999.0 -999.0 -999.0 38.21227372085558 25.323931666151044 38.257156406955914 25.442507379893865 73.61085316885749 247.80647564491792 5400.0 5400.0 2016.0 1 305 {-999.0 20.197624 19.39885 19.131002 -999.0} sdss_psfmag -999.0 -999.0 -999.0 -999.0 63050398096091102 1118051183 bright_1x1 openfibertargets_bhm_lofarradio_boss open_fiber science 0 0 0.0 0.0 -999 ""
FIBERMAP 804 R-6C16 METROLOGY 0 0 0 1 0 0 93.71905963257292 -126.80786840166874 143.1 -49.48968832927613 -149.67924545545438 273.95676 38.21133 -999.0 -999.0 -999.0 -999.0 -999.0 38.215019410725404 25.32165012502417 38.25988384519212 25.440213130898865 73.61181426860048 247.79504268682768 -999.0 6231.0 -999.0 -1 -999 {-999.0 -999.0 -999.0 -999.0 -999.0} "" -999.0 -999.0 -999.0 -999.0 -999 -999 "" "" "" "" 0 0 0.0 0.0 -999 ""
FIBERMAP 805 R0C18 APOGEE 0 0 0 1 0 0 99.73465878972817 12.469092339767768 143.1 67.71365272216656 -74.25038226952546 73.41692 92.78065 -999.0 -999.0 -999.0 -999.0 -999.0 38.80520215702035 25.664827244883742 38.85120331045147 25.782396128488546 74.24482072963778 247.89161182042614 -999.0 16600.0 -999.0 2 -999 {-999.0 -999.0 -999.0 -999.0 -999.0} "" -999.0 -999.0 -999.0 -999.0 -999 -999 "" "" "" "" 0 0 0.0 0.0 -999 ""
FIBERMAP 805 R0C18 BOSS 1 1 0 1 0 0 100.46970543823423 12.300692959863733 143.1 68.00014596958188 -74.94776012560595 73.41692 92.78065 38.806607930000276 25.661613146849948 9.771589 -2.707919 2.1891081 38.806622589911726 25.661591101768824 38.85267405326829 25.779186976562936 74.2443569280349 247.87894087133324 5400.0 5400.0 2016.0 1 241 {-999.0 20.490122 18.890358 17.661497 -999.0} sdss_psfmag 19.94724 18.380383 17.217049 14.947 63050396555022977 1094757629 bright_1x1 mwm_bin_vis_boss mwm_filler science 0 0 0.0 0.0 -999 ""
FIBERMAP 805 R0C18 METROLOGY 0 0 0 1 0 0 99.95775561050029 11.757130410256668 143.1 67.26095834193937 -74.84325419349405 73.41692 92.78065 -999.0 -999.0 -999.0 -999.0 -999.0 38.802902595098836 25.6620809859003 38.84893607203384 25.779674551680824 74.24168958071317 247.88671135325944 -999.0 6231.0 -999.0 -1 -999 {-999.0 -999.0 -999.0 -999.0 -999.0} "" -999.0 -999.0 -999.0 -999.0 -999 -999 "" "" "" "" 0 0 0.0 0.0 -999 ""
FIBERMAP 806 R+4C22 APOGEE 0 0 0 1 0 0 217.47174242904956 72.72399048467378 143.1 184.8336991819372 -135.63651391286487 151.26036 165.05695 -999.0 -999.0 -999.0 -999.0 -999.0 39.391047097369196 25.38642188723475 39.437010369689176 25.50307919892972 74.55471372873613 245.9921351771941 -999.0 16600.0 -999.0 2 -999 {-999.0 -999.0 -999.0 -999.0 -999.0} "" -999.0 -999.0 -999.0 -999.0 -999 -999 "" "" "" "" 0 0 0.0 0.0 -999 ""
FIBERMAP 806 R+4C22 BOSS 1 1 0 1 0 0 216.92636474350388 73.20861069453592 143.1 184.91484075370892 -134.91160899663916 151.26036 165.05695 39.3914794921875 25.389651659294884 -999.0 -999.0 -999.0 39.391468967410766 25.389642981841323 39.43749216859362 25.506328902171216 74.55678990762306 246.00166405974878 5400.0 5400.0 2015.5 1 236 {-999.0 -999.0 -999.0 -999.0 -999.0} "" -999.0 -999.0 -999.0 -999.0 27021603081053790 803858911 "" ops_sky_boss_good ops_sky sky_boss 0 0 0.0 0.0 -999 ""
FIBERMAP 806 R+4C22 METROLOGY 0 0 0 1 0 0 217.63676519974365 73.45160952350126 143.1 185.52306388810962 -135.3515479113782 151.26036 165.05695 -999.0 -999.0 -999.0 -999.0 -999.0 39.394482232906284 25.387670559187438 39.4404890432661 25.50434342517817 74.55804960896297 245.9899847830519 -999.0 6231.0 -999.0 -1 -999 {-999.0 -999.0 -999.0 -999.0 -999.0} "" -999.0 -999.0 -999.0 -999.0 -999 -999 "" "" "" "" 0 0 0.0 0.0 -999 ""
FIBERMAP 808 R-9C5 APOGEE 0 0 0 1 0 0 -86.91126402034247 -164.48653115310057 143.1 -184.45366599549465 -23.91164221314718 68.00933 81.38829 -999.0 -999.0 -999.0 -999.0 -999.0 37.53180044870081 25.889611349593498 37.5771039193711 26.00916135061653 73.35304364230831 250.59841304351625 -999.0 16600.0 -999.0 2 287 {-999.0 -999.0 -999.0 -999.0 -999.0} "" -999.0 -999.0 -999.0 -999.0 -999 -999 "" ops_sky_apogee_best_unassigned ops_sky sky_apogee 0 0 0.0 0.0 -999 ""
FIBERMAP 808 R-9C5 BOSS 1 1 0 1 0 0 -86.26074487387231 -164.8713031108802 143.1 -184.3926213903311 -24.664808482080534 68.00933 81.38829 37.53204345703125 25.88615926259955 -999.0 -999.0 -999.0 37.532024441174165 25.886157825575136 37.57738152761107 26.00573658713387 73.35165288200007 250.58745404357705 5400.0 5400.0 2015.5 1 412 {-999.0 -999.0 -999.0 -999.0 -999.0} "" -999.0 -999.0 -999.0 -999.0 27021603080694284 803800380 "" ops_sky_boss_good ops_sky sky_boss 0 0 0.0 0.0 -999 ""
FIBERMAP 808 R-9C5 METROLOGY 0 0 0 1 0 0 -86.92688686770182 -165.23672489568446 143.1 -185.07528459035981 -24.331629978883846 68.00933 81.38829 -999.0 -999.0 -999.0 -999.0 -999.0 37.528615008133954 25.887655643484973 37.57395488496445 26.00723139162244 73.34963836138152 250.59711420840694 -999.0 6231.0 -999.0 -1 -999 {-999.0 -999.0 -999.0 -999.0 -999.0} "" -999.0 -999.0 -999.0 -999.0 -999 -999 "" "" "" "" 0 0 0.0 0.0 -999 ""
FIBERMAP 809 R+9C1 APOGEE 1 1 0 1 0 0 -199.49551400409405 184.83100962291198 143.1 35.854667398984375 269.52642282375433 135.24643 111.25449 38.642511297513956 27.22153086097533 -1.3574151 -9.029033 1.6073062 38.642508922730556 27.221517236595147 38.69143734289713 27.33918210534103 74.83794554402468 253.32117602443094 16000.0 16600.0 2016.0 2 120 {-999.0 10.604399 10.296188 10.206892 -999.0} sdss_psfmag_gaia 10.576016 10.308154 9.886647 9.288 63050396555056821 975436004 "" ops_std_apogee ops_std standard_apogee 0 0 0.0 0.0 -999 ""
FIBERMAP 809 R+9C1 BOSS 0 0 0 1 0 0 -199.2215207954833 185.52915664329157 143.1 36.58282434582277 269.7054030139614 135.24643 111.25449 -999.0 -999.0 -999.0 -999.0 -999.0 38.64615164330008 27.222285280052837 38.69514155275783 27.339967612971158 74.84126044322832 253.31859525043882 -999.0 5400.0 -999.0 1 78 {-999.0 -999.0 -999.0 -999.0 -999.0} "" -999.0 -999.0 -999.0 -999.0 -999 -999 "" "" "" "" 0 0 0.0 0.0 -999 ""
FIBERMAP 809 R+9C1 METROLOGY 0 0 0 1 0 0 -198.74872014517462 184.94101742545135 143.1 36.37528368477032 268.9800499523199 135.24643 111.25449 -999.0 -999.0 -999.0 -999.0 -999.0 38.64512168841654 27.21906544545113 38.69408816969286 27.33674314776271 74.83905230166353 253.30892381016042 -999.0 6231.0 -999.0 -1 -999 {-999.0 -999.0 -999.0 -999.0 -999.0} "" -999.0 -999.0 -999.0 -999.0 -999 -999 "" "" "" "" 0 0 0.0 0.0 -999 ""
FIBERMAP 816 R+4C16 APOGEE 0 0 0 1 0 0 99.08454803971549 73.33481552351206 143.1 117.04146162160575 -38.60942803051498 312.64902 139.10832 -999.0 -999.0 -999.0 -999.0 -999.0 39.05451147145275 25.826728029364826 39.10104870975613 25.943880894812658 74.52026003608817 247.99366179003152 -999.0 16600.0 -999.0 2 -999 {-999.0 -999.0 -999.0 -999.0 -999.0} "" -999.0 -999.0 -999.0 -999.0 -999 -999 "" "" "" "" 0 0 0.0 0.0 -999 ""
FIBERMAP 816 R+4C16 BOSS 1 1 0 1 0 0 99.1163870233339 72.60779241940449 143.1 116.46614223133516 -39.05480716585427 312.64902 139.10832 39.05160865877336 25.824678169341254 -1.2930808 -4.7208867 -0.5401138 39.05160583404942 25.824661603103202 39.09819101748667 25.941847555120365 74.51701883238951 247.99185514413728 5400.0 5400.0 2016.0 1 211 {-999.0 15.366218 14.901797 14.732759 -999.0} sdss_psfmag 15.241384 15.2883215 14.358501 13.472 63050396555023788 1093510225 bright_1x1 mwm_astar_core_boss_single mwm_ob science 0 0 0.0 0.0 -999 ""
FIBERMAP 816 R+4C16 METROLOGY 0 0 0 1 0 0 98.45266893078043 72.93809046480865 143.1 116.35300060032459 -38.32228565764744 312.64902 139.10832 -999.0 -999.0 -999.0 -999.0 -999.0 39.05105339442573 25.828005711878042 39.097629209917216 25.945184196414267 74.51824343136359 248.00363538277423 -999.0 6231.0 -999.0 -1 -999 {-999.0 -999.0 -999.0 -999.0 -999.0} "" -999.0 -999.0 -999.0 -999.0 -999 -999 "" "" "" "" 0 0 0.0 0.0 -999 ""
FIBERMAP 818 R+7C11 APOGEE 0 0 0 1 0 0 7.0539773671714405 121.68390918180731 143.1 103.43587510414157 64.43246562671457 265.4398 105.74864 -999.0 -999.0 -999.0 -999.0 -999.0 38.98694292606108 26.29566688302037 39.034345962377586 26.412878837917237 74.69611606100865 249.64728786358603 -999.0 16600.0 -999.0 2 19 {-999.0 -999.0 -999.0 -999.0 -999.0} "" -999.0 -999.0 -999.0 -999.0 -999 -999 "" ops_sky_apogee_best_unassigned ops_sky sky_apogee 0 0 0.0 0.0 -999 ""
FIBERMAP 818 R+7C11 BOSS 1 1 0 1 0 0 6.319431378833179 121.5103360875205 143.1 102.87041665473575 64.93216960550122 265.4398 105.74864 38.98384994659704 26.2980022341087 73.43276 -20.00397 0.7146061 38.98407804187869 26.297949746184663 39.03153798569042 26.415192572610586 74.69499980214844 249.65952443444417 5400.0 5400.0 2016.0 1 135 {-999.0 14.932814 14.377719 14.132598 -999.0} sdss_psfmag_from_g3xp 14.793551 14.379575 13.783976 12.685 63050396555026149 1072516266 bright_1x1 mwm_halo_local_high_boss_single mwm_halo science 0 0 0.0 0.0 -999 ""
FIBERMAP 818 R+7C11 METROLOGY 0 0 0 1 0 0 6.525701857506262 122.2151656728893 143.1 103.56496506636005 65.17030683772126 265.4398 105.74864 -999.0 -999.0 -999.0 -999.0 -999.0 38.987602941782626 26.299023300990378 39.03505260345747 26.41625284763124 74.69827376773266 249.65740445847433 -999.0 6231.0 -999.0 -1 -999 {-999.0 -999.0 -999.0 -999.0 -999.0} "" -999.0 -999.0 -999.0 -999.0 -999 -999 "" "" "" "" 0 0 0.0 0.0 -999 ""
FIBERMAP 819 R+10C16 APOGEE 0 0 0 1 0 0 154.6406569423691 215.5843149460039 143.1 265.2493563489941 -1.9205477562717153 166.35115 25.891422 -999.0 -999.0 -999.0 -999.0 -999.0 39.79748625118589 25.989943770419885 39.84500057694629 26.10587804935483 75.17993147872986 247.24767818514266 -999.0 16600.0 -999.0 2 -999 {-999.0 -999.0 -999.0 -999.0 -999.0} "" -999.0 -999.0 -999.0 -999.0 -999 -999 "" "" "" "" 0 0 0.0 0.0 -999 ""
FIBERMAP 819 R+10C16 BOSS 1 1 0 1 0 0 155.3768808221453 215.74084503595947 143.1 265.8018653997379 -2.4314530659015823 166.35115 25.891422 39.80015759214771 25.987602700129028 0.58628404 -0.74017614 0.14355612 39.800157401378065 25.987585027292983 39.84772131920437 26.10354246988152 75.18086321657155 247.2349756680087 5400.0 5400.0 2016.0 1 177 {-999.0 15.829939 14.905228 14.520829 -999.0} sdss_psfmag_from_g3xp 15.539646 14.91606 14.161318 12.578 63050396555020689 1061647786 bright_1x1 manual_mwm_halo_distant_kgiant_near_boss_single mwm_halo science 0 0 0.0 0.0 -999 ""
FIBERMAP 819 R+10C16 METROLOGY 0 0 0 1 0 0 155.1501697967144 215.0392840920436 143.1 265.0981951310151 -2.651013091724776 166.35115 25.891422 -999.0 -999.0 -999.0 -999.0 -999.0 39.79667413732608 25.986625797803928 39.84421835370904 26.102581293164924 75.1776622253397 247.23793442142102 -999.0 6231.0 -999.0 -1 -999 {-999.0 -999.0 -999.0 -999.0 -999.0} "" -999.0 -999.0 -999.0 -999.0 -999 -999 "" "" "" "" 0 0 0.0 0.0 -999 ""
FIBERMAP 820 R+4C5 APOGEE 0 0 0 1 0 0 -151.40043826830674 88.3081045376468 143.1 -15.222340705266314 174.57335016305305 56.054493 124.45115 -999.0 -999.0 -999.0 -999.0 -999.0 38.383586359123555 26.79550934897327 38.43142546360417 26.913629403966308 74.44579768160932 252.24738265535592 -999.0 16600.0 -999.0 2 127 {-999.0 -999.0 -999.0 -999.0 -999.0} "" -999.0 -999.0 -999.0 -999.0 -999 -999 "" "" "" "" 0 0 0.0 0.0 -999 ""
FIBERMAP 820 R+4C5 BOSS 1 1 0 1 0 0 -150.66197975439158 88.3387123380281 143.1 -14.771370495034295 173.98798243948434 56.054493 124.45115 38.38581644169095 26.792893196244187 -999.0 -999.0 -999.0 38.38582399125953 26.79290295426521 38.43371730630673 26.911044761414693 74.44649618485418 252.23537388066262 5400.0 5400.0 2016.0 1 41 {-999.0 -999.0 -999.0 -999.0 -999.0} "" -999.0 -999.0 -999.0 -999.0 63050398811172000 1117910181 bright_1x1 openfibertargets_bhm_lofarradio_boss open_fiber science 0 0 0.0 0.0 -999 ""
FIBERMAP 820 R+4C5 METROLOGY 0 0 0 1 0 0 -151.00055552771877 87.67550045403418 143.1 -15.508253598598944 173.8818923875037 56.054493 124.45115 -999.0 -999.0 -999.0 -999.0 -999.0 38.382092271917536 26.79241063584406 38.429964923823036 26.91055130920307 74.4432742206104 252.23921037975464 -999.0 6231.0 -999.0 -1 -999 {-999.0 -999.0 -999.0 -999.0 -999.0} "" -999.0 -999.0 -999.0 -999.0 -999 -999 "" "" "" "" 0 0 0.0 0.0 -999 ""
FIBERMAP 824 R-6C7 APOGEE 0 0 0 1 0 0 -75.70345838423387 -120.56629792135702 143.1 -142.12333139123118 -7.728755177896853 356.7189 103.89245 -999.0 -999.0 -999.0 -999.0 -999.0 37.74384360653753 25.96458368894526 37.7894812769822 26.08379582251064 73.55653624611126 250.5146685524137 -999.0 16600.0 -999.0 2 280 {-999.0 -999.0 -999.0 -999.0 -999.0} "" -999.0 -999.0 -999.0 -999.0 -999 -999 "" ops_sky_apogee_best_unassigned ops_sky sky_apogee 0 0 0.0 0.0 -999 ""
FIBERMAP 824 R-6C7 BOSS 1 1 0 1 0 0 -75.54272218695002 -121.30487068116179 143.1 -142.6337285202775 -8.286053866264556 356.7189 103.89245 37.74117869132167 25.96201442178443 -0.92485166 -3.120164 1.0856968 37.74117092310316 25.96200122328389 37.78686050664561 26.081246156686387 73.55326003908951 250.5106286735201 5400.0 5400.0 2016.0 1 438 {-999.0 15.019273 14.864403 14.498634 -999.0} sdss_psfmag_ps1 15.028101 14.673257 14.149535 13.222 63050396554128516 982061359 "" ops_std_boss_tic ops_std standard_boss 0 0 0.0 0.0 -999 ""
FIBERMAP 824 R-6C7 METROLOGY 0 0 0 1 0 0 -76.24939165668876 -121.07604340753542 143.1 -142.85450724875614 -7.576991239328096 356.7189 103.89245 -999.0 -999.0 -999.0 -999.0 -999.0 37.740060579928645 25.96522718106769 37.785738549297946 26.08446546176894 73.55388400084809 250.52233798150962 -999.0 6231.0 -999.0 -1 -999 {-999.0 -999.0 -999.0 -999.0 -999.0} "" -999.0 -999.0 -999.0 -999.0 -999 -999 "" "" "" "" 0 0 0.0 0.0 -999 ""
FIBERMAP 825 R+3C17 APOGEE 0 0 0 1 0 0 83.69999098133096 58.8304504327385 143.1 96.32272595960244 -34.41319840350709 205.23245 84.73585 -999.0 -999.0 -999.0 -999.0 -999.0 38.950049642662606 25.84597088385148 38.99653269820902 25.96328915475086 74.4483541371788 248.23120135925456 -999.0 16600.0 -999.0 2 -999 {-999.0 -999.0 -999.0 -999.0 -999.0} "" -999.0 -999.0 -999.0 -999.0 -999 -999 "" "" "" "" 0 0 0.0 0.0 -999 ""
FIBERMAP 825 R+3C17 BOSS 1 1 0 1 0 0 83.42163210124548 59.509735706204076 143.1 96.71685902016748 -33.79404895652254 205.23245 84.73585 38.951915512910496 25.84876587996457 31.189636 -14.045003 0.8973038 38.95204459407237 25.848741165790084 38.99858977695453 25.96608411846673 74.45134549238905 248.23683886540528 5400.0 5400.0 2016.0 1 219 {-999.0 17.365824 16.553047 16.224577 -999.0} sdss_psfmag 17.119682 16.561747 15.859375 14.481 63050396555023823 1072655864 bright_1x1 mwm_halo_local_high_boss_single mwm_halo science 0 0 0.0 0.0 -999 ""
FIBERMAP 825 R+3C17 METROLOGY 0 0 0 1 0 0 84.15913519137308 59.41853935024723 143.1 97.06781308056416 -34.44889857572581 205.23245 84.73585 -999.0 -999.0 -999.0 -999.0 -999.0 38.95381367782298 25.84577003118638 39.00033901430368 25.963102488690154 74.45123397090799 248.22427020578348 -999.0 6231.0 -999.0 -1 -999 {-999.0 -999.0 -999.0 -999.0 -999.0} "" -999.0 -999.0 -999.0 -999.0 -999 -999 "" "" "" "" 0 0 0.0 0.0 -999 ""
FIBERMAP 827 R+5C13 APOGEE 0 0 0 1 0 0 44.817291383559436 106.40500091205718 143.1 112.74272150991007 24.781464006548717 52.75347 103.68252 -999.0 -999.0 -999.0 -999.0 -999.0 39.033722982538535 26.11518727666849 39.08081074576228 26.232343181355446 74.64613639068426 248.97241127988178 -999.0 16600.0 -999.0 2 3 {-999.0 -999.0 -999.0 -999.0 -999.0} "" -999.0 -999.0 -999.0 -999.0 -999 -999 "" ops_sky_apogee_best_unassigned ops_sky sky_apogee 0 0 0.0 0.0 -999 ""
FIBERMAP 827 R+5C13 BOSS 1 1 0 1 0 0 45.4915677428132 106.09753472925897 143.1 112.88059807315145 24.05349108083467 52.75347 103.68252 39.03442382812499 26.111825743188618 -999.0 -999.0 -999.0 39.034415196805774 26.1118569171899 39.08155171675213 26.229039233561245 74.64511815755911 248.96027841720502 5400.0 5400.0 2015.5 1 148 {-999.0 -999.0 -999.0 -999.0 -999.0} "" -999.0 -999.0 -999.0 -999.0 27021603081058088 816047712 "" ops_sky_boss_good ops_sky sky_boss 0 0 0.0 0.0 -999 ""
FIBERMAP 827 R+5C13 METROLOGY 0 0 0 1 0 0 44.89293853029011 105.65481970271358 143.1 112.17376177002077 24.286952584794818 52.75347 103.68252 -999.0 -999.0 -999.0 -999.0 -999.0 39.030848772878535 26.112934886248514 39.07796874273333 26.23011510720962 74.64282704814696 248.96971012846683 -999.0 6231.0 -999.0 -1 -999 {-999.0 -999.0 -999.0 -999.0 -999.0} "" -999.0 -999.0 -999.0 -999.0 -999 -999 "" "" "" "" 0 0 0.0 0.0 -999 ""
FIBERMAP 828 R-2C18 APOGEE 0 0 0 1 0 0 103.69565747549083 -34.00871071338706 143.1 32.04485767347252 -104.2954039206723 114.5367 146.68047 -999.0 -999.0 -999.0 -999.0 -999.0 38.62513317474692 25.528180484191967 38.670711172254414 25.646050632403504 74.03569010563714 247.75972389393513 -999.0 16600.0 -999.0 2 -999 {-999.0 -999.0 -999.0 -999.0 -999.0} "" -999.0 -999.0 -999.0 -999.0 -999 -999 "" "" "" "" 0 0 0.0 0.0 -999 ""
FIBERMAP 828 R-2C18 BOSS 1 1 0 1 0 0 103.78906241900783 -33.274647073201535 143.1 32.698172657288836 -103.94823741701653 114.5367 146.68047 38.628330716491895 25.529674698166236 19.422989 -0.9607746 1.57483 38.62838875916541 25.52968209950166 38.674028476181036 25.64757639713144 74.03904185896303 247.75902747352785 5400.0 5400.0 2016.0 1 294 {-999.0 19.608664 18.074327 16.859503 -999.0} sdss_psfmag 18.880497 17.54932 16.218681 13.832 63050396555022721 1094937780 bright_1x1 mwm_bin_vis_boss mwm_filler science 0 0 0.0 0.0 -999 ""
FIBERMAP 828 R-2C18 METROLOGY 0 0 0 1 0 0 104.38888056829957 -33.732841679045634 143.1 32.67001387608355 -104.70235482982038 114.5367 146.68047 -999.0 -999.0 -999.0 -999.0 -999.0 38.62825881257856 25.526274456546638 38.67387594737369 25.644160973484944 74.03719965899259 247.74855723298685 -999.0 6231.0 -999.0 -1 -999 {-999.0 -999.0 -999.0 -999.0 -999.0} "" -999.0 -999.0 -999.0 -999.0 -999 -999 "" "" "" "" 0 0 0.0 0.0 -999 ""
FIBERMAP 830 R+9C18 APOGEE 1 1 0 1 0 0 193.27082034527012 185.32564967466547 143.1 262.8238021548771 -50.92041151377511 58.466496 131.41385 39.78295493486432 25.768488189921875 25.76611 -16.657097 2.3676026 39.78303444001587 25.768446355232786 39.830092924146186 25.884427442114205 75.05556575270282 246.53233981425757 16000.0 16600.0 2016.0 2 52 {-999.0 11.791766 11.239564 10.939926 -999.0} sdss_psfmag_from_g3xp 11.6112 11.330285 10.582944 9.52 63050396555020354 1104532388 bright_1x1 mwm_tess_rgb_apogee mwm_tessrgb science 0 0 0.0 0.0 -999 ""
FIBERMAP 830 R+9C18 BOSS 0 0 0 1 0 0 193.99619341948795 185.45986653664667 143.1 263.351831039827 -51.43532734759588 58.466496 131.41385 -999.0 -999.0 -999.0 -999.0 -999.0 39.78556980359459 25.766077610316817 39.83267771944702 25.882082895750866 75.0563523341603 246.51990279571694 -999.0 5400.0 -999.0 1 169 {-999.0 -999.0 -999.0 -999.0 -999.0} "" -999.0 -999.0 -999.0 -999.0 -999 -999 "" "" "" "" 0 0 0.0 0.0 -999 ""
FIBERMAP 830 R+9C18 METROLOGY 0 0 0 1 0 0 193.7549269725312 184.75490906767482 143.1 262.6369909568281 -51.64496071450306 58.466496 131.41385 -999.0 -999.0 -999.0 -999.0 -999.0 39.782035437226774 25.76515534988095 39.829123726682894 25.88115853606984 75.05313530895053 246.52321422029843 -999.0 6231.0 -999.0 -1 -999 {-999.0 -999.0 -999.0 -999.0 -999.0} "" -999.0 -999.0 -999.0 -999.0 -999 -999 "" "" "" "" 0 0 0.0 0.0 -999 ""
FIBERMAP 831 R-6C18 APOGEE 0 0 0 1 0 0 137.9728428902811 -104.65646090443944 143.1 -5.873331220382994 -173.0388680958639 226.82465 11.827105 -999.0 -999.0 -999.0 -999.0 -999.0 38.43463383776051 25.21649799875541 38.47944539844997 25.3347033435771 73.72842189870343 247.11200999647485 -999.0 16600.0 -999.0 2 -999 {-999.0 -999.0 -999.0 -999.0 -999.0} "" -999.0 -999.0 -999.0 -999.0 -999 -999 "" "" "" "" 0 0 0.0 0.0 -999 ""
FIBERMAP 831 R-6C18 BOSS 1 1 0 1 0 0 138.34894229300357 -104.00206297431058 143.1 -5.122000263029154 -172.96850404429392 226.82465 11.827105 38.43841552734375 25.216873037902317 -999.0 -999.0 -999.0 38.43834757499449 25.21673484677042 38.483219329573046 25.334965003791627 73.73148021222275 247.10653848564561 5400.0 5400.0 2015.5 1 288 {-999.0 -999.0 -999.0 -999.0 -999.0} "" -999.0 -999.0 -999.0 -999.0 27021603080678830 803798245 "" ops_sky_boss_good ops_sky sky_boss 0 0 0.0 0.0 -999 ""
FIBERMAP 831 R-6C18 METROLOGY 0 0 0 1 0 0 138.71887339948591 -104.64643793844118 143.1 -5.434802676720378 -173.64229334932338 226.82465 11.827105 -999.0 -999.0 -999.0 -999.0 -999.0 38.43680030786471 25.213709363944474 38.4816489008694 25.331933594361548 73.72870181287342 247.09987549035955 -999.0 6231.0 -999.0 -1 -999 {-999.0 -999.0 -999.0 -999.0 -999.0} "" -999.0 -999.0 -999.0 -999.0 -999 -999 "" "" "" "" 0 0 0.0 0.0 -999 ""
FIBERMAP 835 R+3C22 APOGEE 0 0 0 1 0 0 214.63053809145183 49.188617253952415 143.1 163.97582885018824 -146.892649782829 241.81125 150.49019 -999.0 -999.0 -999.0 -999.0 -999.0 39.28651742724219 25.335578457697654 39.33229133813353 25.45240986509967 74.44765479523274 246.0165889653144 -999.0 16600.0 -999.0 2 31 {-999.0 -999.0 -999.0 -999.0 -999.0} "" -999.0 -999.0 -999.0 -999.0 -999 -999 "" ops_sky_apogee_best_unassigned ops_sky sky_apogee 0 0 0.0 0.0 -999 ""
FIBERMAP 835 R+3C22 BOSS 1 1 0 1 0 0 214.00288471357752 48.769551431369784 143.1 163.27156199891536 -146.62184528627844 241.81125 150.49019 39.282989501953125 25.33676038705096 -999.0 -999.0 -999.0 39.2829977627864 25.336740795576443 39.3288245374531 25.453607628770477 74.44562042368247 246.02652275599905 5400.0 5400.0 2015.5 1 192 {-999.0 -999.0 -999.0 -999.0 -999.0} "" -999.0 -999.0 -999.0 -999.0 27021603081053362 803858850 "" ops_sky_boss_good ops_sky sky_boss 0 0 0.0 0.0 -999 ""
FIBERMAP 835 R+3C22 METROLOGY 0 0 0 1 0 0 213.9549565818236 49.51584823871256 143.1 163.85333931358528 -146.1522098510662 241.81125 150.49019 -999.0 -999.0 -999.0 -999.0 -999.0 39.28593052944655 25.33887653263416 39.33174880599893 25.4557299394333 74.44898200445323 246.02808596271586 -999.0 6231.0 -999.0 -1 -999 {-999.0 -999.0 -999.0 -999.0 -999.0} "" -999.0 -999.0 -999.0 -999.0 -999 -999 "" "" "" "" 0 0 0.0 0.0 -999 ""
FIBERMAP 837 R+1C18 APOGEE 0 0 0 1 0 0 84.12622144032031 6.384694116123498 143.1 53.7415001655685 -65.01431846707254 277.4291 42.336945 -999.0 -999.0 -999.0 -999.0 -999.0 38.734734703042385 25.706821682396466 38.78075596049035 25.824498533883848 74.21093531439911 248.14240364847169 -999.0 16600.0 -999.0 2 69 {-999.0 -999.0 -999.0 -999.0 -999.0} "" -999.0 -999.0 -999.0 -999.0 -999 -999 "" ops_sky_apogee_best_unassigned ops_sky sky_apogee 0 0 0.0 0.0 -999 ""
FIBERMAP 837 R+1C18 BOSS 1 1 0 1 0 0 83.56929759524755 6.857131155362067 143.1 53.80603264382062 -64.28701277966404 277.4291 42.336945 38.73504638671875 25.710076308404126 -999.0 -999.0 -999.0 38.73503924158233 25.710068661890276 38.78112274741801 25.827773462068482 74.21285315149844 248.1522355940158 5400.0 5400.0 2015.5 1 231 {-999.0 -999.0 -999.0 -999.0 -999.0} "" -999.0 -999.0 -999.0 -999.0 27021603081057422 803859459 "" ops_sky_boss_good ops_sky sky_boss 0 0 0.0 0.0 -999 ""
FIBERMAP 837 R+1C18 METROLOGY 0 0 0 1 0 0 84.26006202490824 7.119173424679531 143.1 54.41847967209074 -64.69993184697591 277.4291 42.336945 -999.0 -999.0 -999.0 -999.0 -999.0 38.73814054587434 25.708205251359892 38.78420736383498 25.825897153891294 74.21432578295345 248.14117105051838 -999.0 6231.0 -999.0 -1 -999 {-999.0 -999.0 -999.0 -999.0 -999.0} "" -999.0 -999.0 -999.0 -999.0 -999 -999 "" "" "" "" 0 0 0.0 0.0 -999 ""
FIBERMAP 838 R-8C6 APOGEE 0 0 0 1 0 0 -97.91566842027912 -169.12187840872582 143.1 -194.58671416173956 -17.599344563187714 259.51468 95.504715 -999.0 -999.0 -999.0 -999.0 -999.0 37.480721043571414 25.917886517913104 37.52603228128726 26.037512793148423 73.32582147534366 250.76085566036897 -999.0 16600.0 -999.0 2 -999 {-999.0 -999.0 -999.0 -999.0 -999.0} "" -999.0 -999.0 -999.0 -999.0 -999 -999 "" "" "" "" 0 0 0.0 0.0 -999 ""
FIBERMAP 838 R-8C6 BOSS 1 1 0 1 0 0 -98.64245750664438 -169.07772045101285 143.1 -194.96989936226268 -16.980377831831632 259.51468 95.504715 37.47881868628675 25.92094023813107 -50.908234 -97.54995 10.139192 37.478654498468075 25.920647177000003 37.52402931480577 26.040305012680683 73.32553844804643 250.77239102854793 5400.0 5400.0 2016.0 1 411 {-999.0 18.159071 16.77522 15.202306 -999.0} sdss_psfmag 17.63193 15.930911 14.676664 12.279 63050396554128732 1151021016 bright_1x1 mwm_snc_100pc_boss_single mwm_snc science 0 0 0.0 0.0 -999 ""
FIBERMAP 838 R-8C6 METROLOGY 0 0 0 1 0 0 -98.24552391569691 -168.45265697104284 143.1 -194.2305047625027 -16.943948359342443 259.51468 95.504715 -999.0 -999.0 -999.0 -999.0 -999.0 37.48238312578837 25.92085019837076 37.52774462604111 26.040494110450542 73.32857678880075 250.76752701380707 -999.0 6231.0 -999.0 -1 -999 {-999.0 -999.0 -999.0 -999.0 -999.0} "" -999.0 -999.0 -999.0 -999.0 -999 -999 "" "" "" "" 0 0 0.0 0.0 -999 ""
FIBERMAP 839 R+3C1 APOGEE 0 0 0 1 0 0 -271.22812412832707 61.69713380484494 143.1 -106.0747795964066 257.07398735832066 171.763 110.700386 -999.0 -999.0 -999.0 -999.0 -999.0 37.92147229547127 27.16273515680618 37.96959990136327 27.28154397377641 74.23118883946012 254.1302873401612 -999.0 16600.0 -999.0 2 143 {-999.0 -999.0 -999.0 -999.0 -999.0} "" -999.0 -999.0 -999.0 -999.0 -999 -999 "" ops_sky_apogee_best_unassigned ops_sky sky_apogee 0 0 0.0 0.0 -999 ""
FIBERMAP 839 R+3C1 BOSS 1 1 0 1 0 0 -271.4052495181535 62.407476432788535 143.1 -105.59688915412218 257.62838502252697 171.763 110.700386 37.92267762016077 27.16476249825352 390.74902 166.39143 35.516808 37.92383755238774 27.165200937134443 37.97203133204613 27.28402969653948 74.23418562230952 254.13531684700575 5400.0 5400.0 2016.0 1 3 {-999.0 17.848919 17.067326 16.780201 -999.0} sdss_psfmag 17.62424 17.10047 16.433474 15.438 63050396555055681 1157675328 bright_1x1 mwm_snc_100pc_bright_boss_single mwm_snc science 0 0 0.0 0.0 -999 ""
FIBERMAP 839 R+3C1 METROLOGY 0 0 0 1 0 0 -270.6759528415595 62.2021158077546 143.1 -105.34389522328689 256.91438167985274 171.763 110.700386 -999.0 -999.0 -999.0 -999.0 -999.0 37.9251356724797 27.162041724431795 37.973307730271756 27.28086201540029 74.23390511679031 254.12297652616564 -999.0 6231.0 -999.0 -1 -999 {-999.0 -999.0 -999.0 -999.0 -999.0} "" -999.0 -999.0 -999.0 -999.0 -999 -999 "" "" "" "" 0 0 0.0 0.0 -999 ""
FIBERMAP 840 R+10C12 APOGEE 0 0 0 1 0 0 59.177300855719906 195.9918889851356 143.1 194.1826830324173 64.73283981430568 103.54769 162.96472 -999.0 -999.0 -999.0 -999.0 -999.0 39.44481301673083 26.294593039156787 39.492625059771115 26.411067969359 75.05565778415107 248.8884216815819 -999.0 16600.0 -999.0 2 -999 {-999.0 -999.0 -999.0 -999.0 -999.0} "" -999.0 -999.0 -999.0 -999.0 -999 -999 "" "" "" "" 0 0 0.0 0.0 -999 ""
FIBERMAP 840 R+10C12 BOSS 1 1 0 1 0 0 59.19798691447771 196.73758332604598 143.1 194.8035481124164 65.1460975158307 103.54769 162.96472 39.44793360581511 26.296409874357355 -3.834086 -0.16624795 0.5303426 39.44793461730189 26.296431326146948 39.49580645534252 26.412927322917163 75.05905064167008 248.88940525889325 5400.0 5400.0 2016.0 1 141 {-999.0 16.19867 15.771942 15.594723 -999.0} sdss_psfmag 16.10884 15.771744 15.268688 14.36 63050396555027321 982062319 "" ops_std_boss_tic ops_std standard_boss 0 0 0.0 0.0 -999 ""
FIBERMAP 840 R+10C12 METROLOGY 0 0 0 1 0 0 59.83666654868992 196.34102916249418 143.1 194.84814183212333 64.39580286378944 103.54769 162.96472 -999.0 -999.0 -999.0 -999.0 -999.0 39.44815138245035 26.29303284817305 39.496001500584896 26.40952140348987 75.05755988202077 248.87750886661416 -999.0 6231.0 -999.0 -1 -999 {-999.0 -999.0 -999.0 -999.0 -999.0} "" -999.0 -999.0 -999.0 -999.0 -999 -999 "" "" "" "" 0 0 0.0 0.0 -999 ""
FIBERMAP 842 R-4C20 APOGEE 0 0 0 1 0 0 195.07571430905003 -70.65969684653297 143.1 54.827848744001436 -200.05809699027253 56.0849 80.96237 -999.0 -999.0 -999.0 -999.0 -999.0 38.73902243857151 25.095189573629934 38.78386123511507 25.212924133514168 73.90008248225165 246.22494818225488 -999.0 16600.0 -999.0 2 -999 {-999.0 -999.0 -999.0 -999.0 -999.0} "" -999.0 -999.0 -999.0 -999.0 -999 -999 "" "" "" "" 0 0 0.0 0.0 -999 ""
FIBERMAP 842 R-4C20 BOSS 1 1 0 1 0 0 195.61396301563238 -71.13971496521614 143.1 54.7463529158783 -200.77452570491977 56.0849 80.96237 38.73868919816096 25.09257484876963 -39.664837 -237.51161 4.0759506 38.73856332652945 25.091889555775005 38.78345080909537 25.20965622265504 73.89804787442297 246.21563046491775 5400.0 5400.0 2016.0 1 286 {-999.0 18.051088 16.598827 15.935632 -999.0} sdss_psfmag 17.479809 16.510984 15.553336 13.732 63050396554098543 1073247916 bright_1x1 mwm_halo_local_high_boss_single mwm_halo science 0 0 0.0 0.0 -999 ""
FIBERMAP 842 R-4C20 METROLOGY 0 0 0 1 0 0 194.91946952272465 -71.38925119492515 143.1 54.141967202626475 -200.35134744861932 56.0849 80.96237 -999.0 -999.0 -999.0 -999.0 -999.0 38.73555598101262 25.09380558804811 38.78042889301304 25.211568049282516 73.89672805610722 246.2266776707849 -999.0 6231.0 -999.0 -1 -999 {-999.0 -999.0 -999.0 -999.0 -999.0} "" -999.0 -999.0 -999.0 -999.0 -999 -999 "" "" "" "" 0 0 0.0 0.0 -999 ""
FIBERMAP 846 R+1C13 APOGEE 0 0 0 1 0 0 -5.778765750219865 29.894853525802652 143.1 21.07862378814162 21.963618425114085 54.767673 124.91356 -999.0 -999.0 -999.0 -999.0 -999.0 38.56933865811895 26.102826358722847 38.615986482936535 26.22072468159468 74.27485583394193 249.68218342780938 -999.0 16600.0 -999.0 2 131 {-999.0 -999.0 -999.0 -999.0 -999.0} "" -999.0 -999.0 -999.0 -999.0 -999 -999 "" ops_sky_apogee_best_unassigned ops_sky sky_apogee 0 0 0.0 0.0 -999 ""
FIBERMAP 846 R+1C13 BOSS 1 1 0 1 0 0 -5.0369738489486044 29.929534435123358 143.1 21.534842937712465 21.37787821608272 54.767673 124.91356 38.57162475585937 26.10014268606446 -999.0 -999.0 -999.0 38.571613173151526 26.10014479024524 38.61831415336627 26.218067221015506 74.2754239917387 249.6698904096706 5400.0 5400.0 2015.5 1 13 {-999.0 -999.0 -999.0 -999.0 -999.0} "" -999.0 -999.0 -999.0 -999.0 27021603081058957 803859679 "" ops_sky_boss_good ops_sky sky_boss 0 0 0.0 0.0 -999 ""
FIBERMAP 846 R+1C13 METROLOGY 0 0 0 1 0 0 -5.37379944090542 29.26502360095221 143.1 20.797908697158334 21.269609677026605 54.767673 124.91356 -999.0 -999.0 -999.0 -999.0 -999.0 38.567888784351744 26.099654201868837 38.61456949975536 26.21757482552857 74.27223644685411 249.67420510925876 -999.0 6231.0 -999.0 -1 -999 {-999.0 -999.0 -999.0 -999.0 -999.0} "" -999.0 -999.0 -999.0 -999.0 -999 -999 "" "" "" "" 0 0 0.0 0.0 -999 ""
FIBERMAP 847 R+5C22 APOGEE 0 0 0 1 0 0 254.68681442948153 90.52017411685458 143.1 220.8333457165167 -155.76062788853707 39.267353 45.30528 -999.0 -999.0 -999.0 -999.0 -999.0 39.568500539869426 25.29584517926297 39.614436996738334 25.412224748551402 74.64262884208284 245.38277814106794 -999.0 16600.0 -999.0 2 74 {-999.0 -999.0 -999.0 -999.0 -999.0} "" -999.0 -999.0 -999.0 -999.0 -999 -999 "" ops_sky_apogee_best_unassigned ops_sky sky_apogee 0 0 0.0 0.0 -999 ""
FIBERMAP 847 R+5C22 BOSS 1 1 0 1 0 0 254.6308887249719 89.76444714151916 143.1 220.18396020231773 -156.15089624212428 39.267353 45.30528 39.5651695849899 25.2941115517225 4.669395 -19.0052 2.2608256 39.565211011282045 25.29405455160112 39.611193732131994 25.410469542801128 74.63921460822424 245.3830608322453 5400.0 5400.0 2016.0 1 248 {-999.0 18.571426 16.948502 15.824178 -999.0} sdss_psfmag 17.890055 16.509586 15.372177 13.049 63050396555015567 1035031219 bright_1x1 mwm_yso_pms_boss_sagitta_edr3_single mwm_yso science 0 0 0.0 0.0 -999 ""
FIBERMAP 847 R+5C22 METROLOGY 0 0 0 1 0 0 254.01776443478363 90.18071936473238 143.1 220.17020967577162 -155.41009577047728 39.267353 45.30528 -999.0 -999.0 -999.0 -999.0 -999.0 39.56520821444798 25.297395901188455 39.61118261532033 25.4138020631007 74.64098093558638 245.39372949591498 -999.0 6231.0 -999.0 -1 -999 {-999.0 -999.0 -999.0 -999.0 -999.0} "" -999.0 -999.0 -999.0 -999.0 -999 -999 "" "" "" "" 0 0 0.0 0.0 -999 ""
FIBERMAP 849 R+6C12 APOGEE 0 0 0 1 0 0 39.76309374477957 115.74309714323026 143.1 117.45270374371738 34.295343335473454 29.362375 81.053085 -999.0 -999.0 -999.0 -999.0 -999.0 39.057634904464784 26.1583948760865 39.10482950532588 26.275507885945174 74.6858553046789 249.07594546117713 -999.0 16600.0 -999.0 2 -999 {-999.0 -999.0 -999.0 -999.0 -999.0} "" -999.0 -999.0 -999.0 -999.0 -999 -999 "" "" "" "" 0 0 0.0 0.0 -999 ""
FIBERMAP 849 R+6C12 BOSS 1 1 0 1 0 0 40.035390506300274 115.0529307054508 143.1 117.0461882456988 33.674867458876854 29.362375 81.053085 39.05558105491983 26.155560315220928 1.988678 -2.9256935 0.16652815 39.0555768378196 26.155566944650882 39.10281866381365 26.272710557164018 74.68292630514223 249.0699627795941 5400.0 5400.0 2016.0 1 117 {-999.0 16.955975 16.455404 16.259432 -999.0} sdss_psfmag 16.838802 16.489643 15.914323 14.957 63050396555024606 981127800 "" ops_std_boss_tic ops_std standard_boss 0 0 0.0 0.0 -999 ""
FIBERMAP 849 R+6C12 METROLOGY 0 0 0 1 0 0 39.30202153658482 115.15651858980179 143.1 116.70773782721096 34.333489152587106 29.362375 81.053085 -999.0 -999.0 -999.0 -999.0 -999.0 39.05387701103506 26.158573255179203 39.101107782338374 26.275711619766852 74.68303036780647 249.08271582680817 -999.0 6231.0 -999.0 -1 -999 {-999.0 -999.0 -999.0 -999.0 -999.0} "" -999.0 -999.0 -999.0 -999.0 -999 -999 "" "" "" "" 0 0 0.0 0.0 -999 ""
FIBERMAP 852 R0C15 APOGEE 0 0 0 1 0 0 28.215397083152155 -19.74404338074181 143.1 0.15296032326086245 -34.4298825923708 342.30487 48.187378 -999.0 -999.0 -999.0 -999.0 -999.0 38.46368507133897 25.84580806678073 38.50973748965731 25.963901011091505 74.06746080821526 249.02582242189888 -999.0 16600.0 -999.0 2 32 {-999.0 -999.0 -999.0 -999.0 -999.0} "" -999.0 -999.0 -999.0 -999.0 -999 -999 "" ops_sky_apogee_best_unassigned ops_sky sky_apogee 0 0 0.0 0.0 -999 ""
FIBERMAP 852 R0C15 BOSS 1 1 0 1 0 0 27.57353384101826 -20.11352572961055 143.1 -0.5190136535007498 -34.118872382103895 342.30487 48.187378 38.460143470166216 25.847230003060076 8.251892 -7.0913615 1.5524435 38.460224165155296 25.847171177927027 38.50633282900907 25.965297874452652 74.06546791399109 249.03569767366344 5400.0 5400.0 2016.0 1 180 {-999.0 20.008518 18.487648 17.400457 -999.0} sdss_psfmag 19.32594 18.078768 16.947338 14.755 63050396555024957 1095036559 bright_1x1 mwm_bin_vis_boss mwm_filler science 0 0 0.0 0.0 -999 ""
FIBERMAP 852 R0C15 METROLOGY 0 0 0 1 0 0 27.56339451420196 -19.374193602302284 143.1 0.07887459321929004 -33.68411274512391 342.30487 48.187378 -999.0 -999.0 -999.0 -999.0 -999.0 38.46326304254138 25.849167947645356 38.50936221689528 25.9672815611738 74.06881275732864 249.03717698203457 -999.0 6231.0 -999.0 -1 -999 {-999.0 -999.0 -999.0 -999.0 -999.0} "" -999.0 -999.0 -999.0 -999.0 -999 -999 "" "" "" "" 0 0 0.0 0.0 -999 ""
FIBERMAP 857 R+13C3 APOGEE 0 0 0 1 0 0 -85.52012813367354 263.17878384141176 143.1 165.57940276326693 221.6488669453544 79.539696 65.19081 -999.0 -999.0 -999.0 -999.0 -999.0 39.30065992153207 27.00345960214849 39.34976626872833 27.120093198906 75.27101652008028 251.5734513453172 -999.0 16600.0 -999.0 2 106 {-999.0 -999.0 -999.0 -999.0 -999.0} "" -999.0 -999.0 -999.0 -999.0 -999 -999 "" ops_sky_apogee_best_unassigned ops_sky sky_apogee 0 0 0.0 0.0 -999 ""
FIBERMAP 857 R+13C3 BOSS 1 1 0 1 0 0 -84.91077937857675 262.7487751399238 143.1 165.57975821272564 220.9032257518514 79.539696 65.19081 39.30062454306906 27.000111929642028 0.8525207 -0.24182951 1.2192483 39.30061931146264 27.000100346798284 39.34977292215535 27.11675818971971 75.26954273944851 251.56168501168736 5400.0 5400.0 2016.0 1 87 {-999.0 16.747713 15.838494 15.50776 -999.0} sdss_psfmag 16.45996 15.872431 15.1428 13.684 63050396555030908 1095027277 bright_1x1 mwm_bin_vis_boss mwm_filler science 0 0 0.0 0.0 -999 ""
FIBERMAP 857 R+13C3 METROLOGY 0 0 0 1 0 0 -85.58353347876712 262.4258372947599 143.1 164.92797314961533 221.26631032637434 79.539696 65.19081 -999.0 -999.0 -999.0 -999.0 -999.0 39.29734074360432 27.001766922657193 39.34647936163623 27.11842312228312 75.26765376667333 251.57266628069752 -999.0 6231.0 -999.0 -1 -999 {-999.0 -999.0 -999.0 -999.0 -999.0} "" -999.0 -999.0 -999.0 -999.0 -999 -999 "" "" "" "" 0 0 0.0 0.0 -999 ""
FIBERMAP 859 R-9C1 APOGEE 0 0 0 1 0 0 -187.0107844228309 -184.81582961175323 143.1 -258.7964150685059 46.10256635472917 267.7129 136.64331 -999.0 -999.0 -999.0 -999.0 -999.0 37.157249689031964 26.203287147367934 37.2028087389001 26.323383147028224 73.19949525125509 252.10530289595454 -999.0 16600.0 -999.0 2 272 {-999.0 -999.0 -999.0 -999.0 -999.0} "" -999.0 -999.0 -999.0 -999.0 -999 -999 "" ops_sky_apogee_best_unassigned ops_sky sky_apogee 0 0 0.0 0.0 -999 ""
FIBERMAP 859 R-9C1 BOSS 1 1 0 1 0 0 -187.54078889024987 -185.3530034609003 143.1 -259.5408004215468 46.22550095630157 267.7129 136.64331 37.153109594976485 26.20393700712443 13.535388 -50.9486 1.138295 37.15347506643014 26.20376861138707 37.19909302299618 26.32389816215748 73.19675386351614 252.1120834746963 5400.0 5400.0 2016.0 1 419 {-999.0 13.788685 13.176647 12.908779 -999.0} sdss_psfmag_from_g3xp 13.630419 13.183826 12.562594 11.354 63050396554130873 1072480670 bright_1x1 mwm_halo_local_high_boss_single mwm_halo science 0 0 1.047379732131958 0.0 -999 ""
FIBERMAP 859 R-9C1 METROLOGY 0 0 0 1 0 0 -187.74068471369955 -184.6321139502128 143.1 -259.0674324228816 46.80457682318437 267.7129 136.64331 -999.0 -999.0 -999.0 -999.0 -999.0 37.155820542309506 26.20642475525727 37.20142827233417 26.326542532242343 73.19981359336316 252.11699016676636 -999.0 6231.0 -999.0 -1 -999 {-999.0 -999.0 -999.0 -999.0 -999.0} "" -999.0 -999.0 -999.0 -999.0 -999 -999 "" "" "" "" 0 0 0.0 0.0 -999 ""
FIBERMAP 865 R-9C11 APOGEE 0 0 0 1 0 0 12.714754017256428 -173.4235277182741 143.1 -134.28284942928244 -110.4212994807567 236.73012 42.11022 -999.0 -999.0 -999.0 -999.0 -999.0 37.78773181589572 25.498385665345232 37.83251881691069 25.617578482253197 73.3662248542939 249.01329820030747 -999.0 16600.0 -999.0 2 179 {-999.0 -999.0 -999.0 -999.0 -999.0} "" -999.0 -999.0 -999.0 -999.0 -999 -999 "" ops_sky_apogee_best_unassigned ops_sky sky_apogee 0 0 0.0 0.0 -999 ""
FIBERMAP 865 R-9C11 BOSS 1 1 0 1 0 0 12.593334499401177 -172.69281291379744 143.1 -133.756189468481 -109.9006395309232 236.73012 42.11022 37.79022216796875 25.50066973272463 -999.0 -999.0 -999.0 37.79024079837319 25.500688369109458 37.83509332159474 25.61990703770301 73.36939130924691 249.01639300300022 5400.0 5400.0 2015.5 1 374 {-999.0 -999.0 -999.0 -999.0 -999.0} "" -999.0 -999.0 -999.0 -999.0 27021603080680246 803798418 "" ops_sky_boss_good ops_sky sky_boss 0 0 0.0 0.0 -999 ""
FIBERMAP 865 R-9C11 METROLOGY 0 0 0 1 0 0 13.293125568400974 -172.954874008885 143.1 -133.56651717851915 -110.62325602692546 236.73012 42.11022 -999.0 -999.0 -999.0 -999.0 -999.0 37.79125351935633 25.497432467143334 37.836084037580974 25.616641401202433 73.36856289863272 249.00492332763736 -999.0 6231.0 -999.0 -1 -999 {-999.0 -999.0 -999.0 -999.0 -999.0} "" -999.0 -999.0 -999.0 -999.0 -999 -999 "" "" "" "" 0 0 0.0 0.0 -999 ""
FIBERMAP 866 R+11C13 APOGEE 1 1 0 1 0 0 92.82698784301309 222.80771916519237 143.1 235.49108026017726 52.72314786004246 122.83119 123.859474 39.65119891662131 26.23859685936183 59.432724 -45.913616 13.865448 39.651349025098305 26.23846971242155 39.69923290602634 26.35461570268169 75.19000425298006 248.34598192030708 16000.0 16600.0 2016.0 2 12 {-999.0 9.546173 9.07605 8.896094 -999.0} sdss_psfmag_from_g3xp 9.454401 9.096788 8.562363 7.556 63050396555027195 984796219 bright_1x1 mwm_snc_100pc_apogee mwm_snc science 0 0 0.0 0.0 -999 ""
FIBERMAP 866 R+11C13 BOSS 0 0 0 1 0 0 93.11965565555889 223.5007815919551 143.1 236.2258574864732 52.8839453865177 122.83119 123.859474 -999.0 -999.0 -999.0 -999.0 -999.0 39.65499592149451 26.239143620292314 39.70293697286888 26.355310036903248 75.19323874303844 248.3419987913383 -999.0 5400.0 -999.0 1 99 {-999.0 -999.0 -999.0 -999.0 -999.0} "" -999.0 -999.0 -999.0 -999.0 -999 -999 "" "" "" "" 0 0 0.0 0.0 -999 ""
FIBERMAP 866 R+11C13 METROLOGY 0 0 0 1 0 0 93.57254123473137 222.90315348148576 143.1 235.9990803106208 52.16938131194423 122.83119 123.859474 -999.0 -999.0 -999.0 -999.0 -999.0 39.65385575293065 26.235925644776714 39.701774431306944 26.352086772127244 75.19075318666167 248.3329940476517 -999.0 6231.0 -999.0 -1 -999 {-999.0 -999.0 -999.0 -999.0 -999.0} "" -999.0 -999.0 -999.0 -999.0 -999 -999 "" "" "" "" 0 0 0.0 0.0 -999 ""
FIBERMAP 868 R+9C15 APOGEE 0 0 0 1 0 0 139.3486383140129 179.77184305365054 143.1 227.18384567374954 -10.091355159955363 46.68445 84.960815 -999.0 -999.0 -999.0 -999.0 -999.0 39.60797515467795 25.954207593351153 39.655251592215336 26.07045383869586 75.0148452205661 247.4621904955703 -999.0 16600.0 -999.0 2 -999 {-999.0 -999.0 -999.0 -999.0 -999.0} "" -999.0 -999.0 -999.0 -999.0 -999 -999 "" "" "" "" 0 0 0.0 0.0 -999 ""
FIBERMAP 868 R+9C15 BOSS 1 1 0 1 0 0 139.85596712608478 179.2187391191408 143.1 227.02483214172423 -10.824693925503682 46.68445 84.960815 39.60706963254578 25.95087567556142 18.854757 -14.457319 0.597328 39.60714354401505 25.95085894431734 39.65446521423485 26.067134380968334 75.0125665432763 247.4524644652252 5400.0 5400.0 2016.0 1 229 {-999.0 16.292068 15.762696 15.55837 -999.0} sdss_psfmag 16.16718 15.784262 15.225919 14.163 63050396555020869 1072709680 bright_1x1 mwm_halo_local_high_boss_single mwm_halo science 0 0 0.0 0.0 -999 ""
FIBERMAP 868 R+9C15 METROLOGY 0 0 0 1 0 0 139.12347998018888 179.0605303901745 143.1 226.4731078333466 -10.317808339086948 46.68445 84.960815 -999.0 -999.0 -999.0 -999.0 -999.0 39.60441836762804 25.95318058672177 39.65172736550733 26.069452407386482 75.01160495062831 247.4649923026568 -999.0 6231.0 -999.0 -1 -999 {-999.0 -999.0 -999.0 -999.0 -999.0} "" -999.0 -999.0 -999.0 -999.0 -999 -999 "" "" "" "" 0 0 0.0 0.0 -999 ""
FIBERMAP 869 R+10C1 APOGEE 0 0 0 1 0 0 -195.77875044665743 203.43544935176138 143.1 53.19100954707633 277.22319558240713 193.01471 67.13913 -999.0 -999.0 -999.0 -999.0 -999.0 38.730493040739425 27.255506629205197 38.77957277070783 27.373027892758266 74.92319762836344 253.3124108377644 -999.0 16600.0 -999.0 2 115 {-999.0 -999.0 -999.0 -999.0 -999.0} "" -999.0 -999.0 -999.0 -999.0 -999 -999 "" ops_sky_apogee_best_unassigned ops_sky sky_apogee 0 0 0.0 0.0 -999 ""
FIBERMAP 869 R+10C1 BOSS 1 1 0 1 0 0 -195.6088390057476 204.1521308142868 143.1 53.874262655312485 277.49786022216955 193.01471 67.13913 38.73391677783325 27.256682573247918 -9.966786 -7.7765565 2.714344 38.73390114503828 27.25668189792902 38.78304266443024 27.37422077934539 74.92649479734915 253.31158232702288 5400.0 5400.0 2016.0 1 79 {-999.0 17.456614 15.933339 15.302382 -999.0} sdss_psfmag 16.657719 15.893654 14.7199135 12.655 63050396555057654 1094852935 bright_1x1 mwm_bin_vis_boss mwm_filler science 0 0 0.0 0.0 -999 ""
FIBERMAP 869 R+10C1 METROLOGY 0 0 0 1 0 0 -195.0586023791238 203.63981691137133 143.1 53.77330932671027 276.75301254236206 193.01471 67.13913 -999.0 -999.0 -999.0 -999.0 -999.0 38.73341561106119 27.25338292187246 38.78253412505501 27.37091636370887 74.92469355284071 253.3007896397324 -999.0 6231.0 -999.0 -1 -999 {-999.0 -999.0 -999.0 -999.0 -999.0} "" -999.0 -999.0 -999.0 -999.0 -999 -999 "" "" "" "" 0 0 0.0 0.0 -999 ""
FIBERMAP 870 R0C26 APOGEE 0 0 0 1 0 0 286.5742241529068 11.658047705459916 143.1 174.82878477812704 -227.29102635264232 100.12484 31.863043 -999.0 -999.0 -999.0 -999.0 -999.0 39.335787319970144 24.97466198853466 39.38089725328001 25.09145202286756 74.29208590503869 244.79668217712415 -999.0 16600.0 -999.0 2 38 {-999.0 -999.0 -999.0 -999.0 -999.0} "" -999.0 -999.0 -999.0 -999.0 -999 -999 "" ops_sky_apogee_best_unassigned ops_sky sky_apogee 0 0 0.0 0.0 -999 ""
FIBERMAP 870 R0C26 BOSS 1 1 0 1 0 0 287.0923212337943 11.129577391599929 143.1 174.69609862879784 -228.0189486882486 100.12484 31.863043 39.33500199282992 24.97137363782611 0.6131934 -0.031785637 -0.0636495 39.33501768562651 24.971390813412256 39.380173899885506 25.088213616954214 74.2897788105601 244.78794686607029 5400.0 5400.0 2016.0 1 173 {-999.0 18.013908 17.52122 17.310583 17.201181} sdss_psfmag_from_gaia 17.9334 17.5352 16.9916 16.016 63050396555014519 974238717 "" ops_std_boss_gdr2 ops_std standard_boss 0 0 0.0 0.0 -999 ""
FIBERMAP 870 R0C26 METROLOGY 0 0 0 1 0 0 286.3491109959894 10.94671195867487 143.1 174.11805414800546 -227.5175297386276 100.12484 31.863043 -999.0 -999.0 -999.0 -999.0 -999.0 39.33220697302928 24.97362621130847 39.37735008656006 25.090444474000318 74.28884057516403 244.7999912717369 -999.0 6231.0 -999.0 -1 -999 {-999.0 -999.0 -999.0 -999.0 -999.0} "" -999.0 -999.0 -999.0 -999.0 -999 -999 "" "" "" "" 0 0 0.0 0.0 -999 ""
FIBERMAP 871 R-7C18 APOGEE 1 1 0 1 0 0 152.87477366943926 -132.29881132634296 143.1 -19.84991550444323 -201.15309927480487 183.12975 99.40507 38.36480639527131 25.08968189651184 39.5402 -11.776091 2.3424077 38.36491114384228 25.089647437086665 38.40941973944729 25.207976531193143 73.6086740364029 246.84280868379437 16000.0 16600.0 2016.0 2 234 {-999.0 12.715098 12.25787 12.100193 -999.0} sdss_psfmag_from_g3xp 12.623011 12.278603 11.765258 10.874 63050396554103886 1093950667 bright_1x1 mwm_bin_vis_apogee mwm_filler science 0 0 0.0 0.0 -999 ""
FIBERMAP 871 R-7C18 BOSS 0 0 0 1 0 0 152.74900176278342 -131.55552680536874 143.1 -19.315501792305994 -200.62163439796151 183.12975 99.40507 -999.0 -999.0 -999.0 -999.0 -999.0 38.36751823670021 25.091962715515283 38.41209024767386 25.21031865108093 73.61195523270838 246.84545396651697 -999.0 5400.0 -999.0 1 276 {-999.0 -999.0 -999.0 -999.0 -999.0} "" -999.0 -999.0 -999.0 -999.0 -999 -999 "" "" "" "" 0 0 0.0 0.0 -999 ""
FIBERMAP 871 R-7C18 METROLOGY 0 0 0 1 0 0 153.45341587633746 -131.79983530567483 143.1 -19.10866599152435 -201.33778557068413 183.12975 99.40507 -999.0 -999.0 -999.0 -999.0 -999.0 38.368583268928056 25.088760452848152 38.413133978783605 25.207106206776846 73.61109341205334 246.83398640376316 -999.0 6231.0 -999.0 -1 -999 {-999.0 -999.0 -999.0 -999.0 -999.0} "" -999.0 -999.0 -999.0 -999.0 -999 -999 "" "" "" "" 0 0 0.0 0.0 -999 ""
FIBERMAP 872 R+4C23 APOGEE 0 0 0 1 0 0 259.3466340740002 69.33473380809342 143.1 206.22135226627194 -171.7865376529331 344.85208 98.96582 -999.0 -999.0 -999.0 -999.0 -999.0 39.49505068430608 25.223711681420973 39.540782735787275 25.340217902963452 74.54792567572112 245.2871788731416 -999.0 16600.0 -999.0 2 77 {-999.0 -999.0 -999.0 -999.0 -999.0} "" -999.0 -999.0 -999.0 -999.0 -999 -999 "" ops_sky_apogee_best_unassigned ops_sky sky_apogee 0 0 0.0 0.0 -999 ""
FIBERMAP 872 R+4C23 BOSS 1 1 0 1 0 0 259.2334892440254 68.60188340189967 143.1 205.5576411561771 -172.116884759004 344.85208 98.96582 39.491727439016 25.222204513553468 -0.53125894 -1.2129037 0.00029093705 39.49169313125361 25.222188005833036 39.53747216798757 25.338730019041147 74.54460160027583 245.28846086831538 5400.0 5400.0 2016.0 1 247 {-999.0 18.00911 16.997921 16.557978 -999.0} sdss_psfmag 17.674004 16.994936 16.170467 14.427 63050396555015520 1061182587 bright_1x1 manual_mwm_halo_distant_kgiant_far_boss_single mwm_halo science 0 0 0.0 0.0 -999 ""
FIBERMAP 872 R+4C23 METROLOGY 0 0 0 1 0 0 258.6455046218141 69.06791997746352 143.1 205.5990297818241 -171.36790698023768 344.85208 98.96582 -999.0 -999.0 -999.0 -999.0 -999.0 39.49196252720472 25.225563465616695 39.53773345552855 25.34209612093239 74.546600020867 245.29866442711705 -999.0 6231.0 -999.0 -1 -999 {-999.0 -999.0 -999.0 -999.0 -999.0} "" -999.0 -999.0 -999.0 -999.0 -999 -999 "" "" "" "" 0 0 0.0 0.0 -999 ""
FIBERMAP 875 R+1C7 APOGEE 1 1 0 1 0 0 -131.78119731078186 19.14102741188057 143.1 -60.38677393703766 118.65365122916789 7.0680656 110.42872 38.15406821200354 26.54153846525962 -0.5496042 -9.70821 0.91146505 38.15453704131105 26.54150815142293 38.20166527812603 26.660016186964054 74.14935703978962 251.74465420891124 16000.0 16600.0 2016.0 2 138 {-999.0 10.771354 9.290165 8.048658 -999.0} sdss_psfmag_from_g3xp 10.152056 8.751234 7.5932875 5.03 63050396555052891 1107870807 bright_1x1 mwm_tess_rgb_apogee mwm_tessrgb science 0 0 1.5267969369888306 0.0 -999 ""
FIBERMAP 875 R+1C7 BOSS 0 0 0 1 0 0 -131.4488330816402 18.471164762830004 143.1 -60.74205979816029 117.99583651919014 7.0680656 110.42872 -999.0 -999.0 -999.0 -999.0 -999.0 38.15265448899667 26.538538834116927 38.199833198644455 26.657076199861155 74.14657397679007 251.73772844297565 -999.0 5400.0 -999.0 1 21 {-999.0 -999.0 -999.0 -999.0 -999.0} "" -999.0 -999.0 -999.0 -999.0 -999 -999 "" "" "" "" 0 0 0.0 0.0 -999 ""
FIBERMAP 875 R+1C7 METROLOGY 0 0 0 1 0 0 -132.20034291706943 18.513203976428404 143.1 -61.14123519592761 118.63376797588573 7.0680656 110.42872 -999.0 -999.0 -999.0 -999.0 -999.0 38.150639322822336 26.541420653713356 38.197805372140806 26.659953497609646 74.14624648252858 251.75011826823732 -999.0 6231.0 -999.0 -1 -999 {-999.0 -999.0 -999.0 -999.0 -999.0} "" -999.0 -999.0 -999.0 -999.0 -999 -999 "" "" "" "" 0 0 0.0 0.0 -999 ""
FIBERMAP 877 R+13C4 APOGEE 1 1 0 1 0 0 -59.5064264623246 256.5291437347486 143.1 175.15518881473741 196.57032248441638 60.877956 59.440445 39.34924862376433 26.890607121222395 11.248385 -9.317387 0.66068316 39.34930412925248 26.890606675771792 39.39822747423949 27.007173574685723 75.25916941319429 251.10046255856247 16000.0 16600.0 2016.0 2 114 {-999.0 12.2749405 10.994868 10.462626 -999.0} sdss_psfmag_from_g3xp 11.784546 10.964171 10.0823145 8.143 63050396555030483 1153169250 bright_1x1 mwm_galactic_core_dist_apogee_sparse mwm_galactic science 0 0 0.0 0.0 -999 ""
FIBERMAP 877 R+13C4 BOSS 0 0 0 1 0 0 -59.116838008280155 255.90347508754957 143.1 174.8690011786993 195.89127167201323 60.877956 59.440445 -999.0 -999.0 -999.0 -999.0 -999.0 39.34782549569117 26.887561146052413 39.39679521060094 27.004154965037994 75.25667078585477 251.09212879545186 -999.0 5400.0 -999.0 1 86 {-999.0 -999.0 -999.0 -999.0 -999.0} "" -999.0 -999.0 -999.0 -999.0 -999 -999 "" "" "" "" 0 0 0.0 0.0 -999 ""
FIBERMAP 877 R+13C4 METROLOGY 0 0 0 1 0 0 -59.84663491198439 255.86390655426348 143.1 174.41571005747346 196.4643973907804 60.877956 59.440445 -999.0 -999.0 -999.0 -999.0 -999.0 39.3455468210247 26.89016168729937 39.39450442212177 27.00675204467746 75.2560177379806 251.10485168807182 -999.0 6231.0 -999.0 -1 -999 {-999.0 -999.0 -999.0 -999.0 -999.0} "" -999.0 -999.0 -999.0 -999.0 -999 -999 "" "" "" "" 0 0 0.0 0.0 -999 ""
FIBERMAP 880 R-8C1 APOGEE 0 0 0 1 0 0 -211.32303216962254 -174.29420903234097 143.1 -264.22887515893206 72.02523886288746 306.63516 37.702656 -999.0 -999.0 -999.0 -999.0 -999.0 37.12917253861175 26.320048634468886 37.174927494413055 26.44017555312651 73.22943651085257 252.50566197109168 -999.0 16600.0 -999.0 2 276 {-999.0 -999.0 -999.0 -999.0 -999.0} "" -999.0 -999.0 -999.0 -999.0 -999 -999 "" ops_sky_apogee_best_unassigned ops_sky sky_apogee 0 0 0.0 0.0 -999 ""
FIBERMAP 880 R-8C1 BOSS 1 1 0 1 0 0 -212.0562435760986 -174.11287902051563 143.1 -264.5037506296411 72.72857703179996 306.63516 37.702656 37.127642211335576 26.323293087116117 21.852892 -31.623472 0.5282998 37.12771995892063 26.323176707469504 37.17354111668442 26.44333290309302 73.22972845174245 252.51737630621616 5400.0 5400.0 2016.0 1 418 {-999.0 15.098934 14.550907 14.31662 -999.0} sdss_psfmag 14.947451 14.548101 13.969839 12.886 63050396554131057 1073247945 bright_1x1 mwm_halo_local_high_boss_single mwm_halo science 0 0 0.0 0.0 -999 ""
FIBERMAP 880 R-8C1 METROLOGY 0 0 0 1 0 0 -211.53378269824637 -173.57582821295156 143.1 -263.76381723242037 72.61173153375061 306.63516 37.702656 -999.0 -999.0 -999.0 -999.0 -999.0 37.13141684524133 26.322710483649992 37.177223067620844 26.442853283791713 73.23246824105854 252.51080719014715 -999.0 6231.0 -999.0 -1 -999 {-999.0 -999.0 -999.0 -999.0 -999.0} "" -999.0 -999.0 -999.0 -999.0 -999 -999 "" "" "" "" 0 0 0.0 0.0 -999 ""
FIBERMAP 885 R+12C10 APOGEE 0 0 0 1 0 0 59.651122505223995 218.9271785532385 143.1 213.18491393988046 77.57602028928382 11.4959135 50.0371 -999.0 -999.0 -999.0 -999.0 -999.0 39.54031891207262 26.351984788593338 39.58833153232308 26.468299056216424 75.15832732880463 248.9228179726901 -999.0 16600.0 -999.0 2 -999 {-999.0 -999.0 -999.0 -999.0 -999.0} "" -999.0 -999.0 -999.0 -999.0 -999 -999 "" "" "" "" 0 0 0.0 0.0 -999 ""
FIBERMAP 885 R+12C10 BOSS 1 1 0 1 0 0 59.309982786234215 218.25782455234778 143.1 212.44153619784865 77.46848090183691 11.4959135 50.0371 39.53626867805252 26.35174675023986 87.032974 -81.88697 2.4756858 39.536580383690726 26.351518172590076 39.58464174320028 26.467864617125436 75.15522305377011 248.92753833416404 5400.0 5400.0 2016.0 1 153 {-999.0 20.29691 18.717 17.50991 -999.0} sdss_psfmag 19.650944 18.207855 17.039274 14.926 63050396555027370 1072655870 bright_1x1 mwm_halo_local_high_boss_single mwm_halo science 0 0 0.0 0.0 -999 ""
FIBERMAP 885 R+12C10 METROLOGY 0 0 0 1 0 0 58.906123842711324 218.88669431721868 143.1 212.72210600239126 78.161031514062 11.4959135 50.0371 -999.0 -999.0 -999.0 -999.0 -999.0 39.53800270189928 26.354645265604297 39.58605658341236 26.470981681118065 75.15783346709016 248.9358243872809 -999.0 6231.0 -999.0 -1 -999 {-999.0 -999.0 -999.0 -999.0 -999.0} "" -999.0 -999.0 -999.0 -999.0 -999 -999 "" "" "" "" 0 0 0.0 0.0 -999 ""
FIBERMAP 886 R+3C2 APOGEE 0 0 0 1 0 0 -255.15747531089556 58.19707532725968 143.1 -99.66265000424963 241.9317387500889 228.44221 57.960857 -999.0 -999.0 -999.0 -999.0 -999.0 37.95397533976044 27.09555147342134 38.00200175791076 27.214316411638027 74.22938491120702 253.86124866252456 -999.0 16600.0 -999.0 2 -999 {-999.0 -999.0 -999.0 -999.0 -999.0} "" -999.0 -999.0 -999.0 -999.0 -999 -999 "" "" "" "" 0 0 0.0 0.0 -999 ""
FIBERMAP 886 R+3C2 BOSS 1 1 0 1 0 0 -255.38084880065895 58.87505217700072 143.1 -99.23786736395061 242.50523248525286 228.44221 57.960857 37.95594365469617 27.09809146686274 37.469337 11.5567875 1.0973067 37.95606461220995 27.098119759868123 38.00415699046721 27.216905285626304 74.2322087150171 253.86695141772645 5400.0 5400.0 2016.0 1 73 {-999.0 16.555159 15.864884 15.588305 -999.0} sdss_psfmag 16.365557 15.89543 15.242024 13.934 63050396555055497 1072655856 bright_1x1 mwm_halo_local_high_boss_single mwm_halo science 0 0 0.0 0.0 -999 ""
FIBERMAP 886 R+3C2 METROLOGY 0 0 0 1 0 0 -254.64992972058442 58.743938613893114 143.1 -98.92330756307493 241.83273332196836 228.44221 57.960857 -999.0 -999.0 -999.0 -999.0 -999.0 37.95767885527887 27.095136122638845 38.00575019530464 27.213912600232064 74.23224369208037 253.85476714365404 -999.0 6231.0 -999.0 -1 -999 {-999.0 -999.0 -999.0 -999.0 -999.0} "" -999.0 -999.0 -999.0 -999.0 -999 -999 "" "" "" "" 0 0 0.0 0.0 -999 ""
FIBERMAP 891 R+9C3 APOGEE 0 0 0 1 0 0 -142.19019690544476 166.40324388583065 143.1 53.86286601899628 212.10106045541264 250.1079 152.86992 -999.0 -999.0 -999.0 -999.0 -999.0 38.734740384340625 26.964595587336184 38.78324214939727 27.082140479399833 74.80141481827039 252.30071880163325 -999.0 16600.0 -999.0 2 99 {-999.0 -999.0 -999.0 -999.0 -999.0} "" -999.0 -999.0 -999.0 -999.0 -999 -999 "" ops_sky_apogee_best_unassigned ops_sky sky_apogee 0 0 0.0 0.0 -999 ""
FIBERMAP 891 R+9C3 BOSS 1 1 0 1 0 0 -142.73847516993575 165.8815997990976 143.1 53.120621092780496 212.2478756638498 250.1079 152.86992 38.730926513671875 26.96528225311097 -999.0 -999.0 -999.0 38.73092044868088 26.965280511692047 38.77947612186654 27.0828556447341 74.7987099642673 252.30875410065744 5400.0 5400.0 2015.5 1 58 {-999.0 -999.0 -999.0 -999.0 -999.0} "" -999.0 -999.0 -999.0 -999.0 27021603081077037 803861933 "" ops_sky_boss_good ops_sky sky_boss 0 0 0.0 0.0 -999 ""
FIBERMAP 891 R+9C3 METROLOGY 0 0 0 1 0 0 -142.91574463730717 166.6064385881371 143.1 53.610265959431906 212.81075301644606 250.1079 152.86992 -999.0 -999.0 -999.0 -999.0 -999.0 38.73341762740857 26.967800630667867 38.78196475318725 27.085364648424772 74.80179836439828 252.31367758061003 -999.0 6231.0 -999.0 -1 -999 {-999.0 -999.0 -999.0 -999.0 -999.0} "" -999.0 -999.0 -999.0 -999.0 -999 -999 "" "" "" "" 0 0 0.0 0.0 -999 ""
FIBERMAP 894 R+13C9 APOGEE 1 1 0 1 0 0 42.69242048549706 265.6262716421213 143.1 241.53675654824002 118.36258922627196 80.17938 89.75646 39.68216806526218 26.53478607111744 10.207226 -18.23094 1.896458 39.6825130618566 26.534729709146756 39.7310215890235 26.650794027847056 75.3576711323188 249.31297325783584 16000.0 16600.0 2016.0 2 56 {-999.0 9.935034 8.953217 8.565233 -999.0} sdss_psfmag_from_g3xp 9.60971 8.969334 8.200532 6.609 63050396555028194 1110143685 bright_1x1 mwm_tess_rgb_apogee mwm_tessrgb science 0 0 1.0316641330718994 0.0 -999 ""
FIBERMAP 894 R+13C9 BOSS 0 0 0 1 0 0 43.429210554833524 265.50947082105995 143.1 241.8663907538063 117.69355205611564 80.17938 89.75646 -999.0 -999.0 -999.0 -999.0 -999.0 39.68410526400843 26.531669421694797 39.73266161142334 26.647756821013154 75.35751934750778 249.29964575369905 -999.0 5400.0 -999.0 1 165 {-999.0 -999.0 -999.0 -999.0 -999.0} "" -999.0 -999.0 -999.0 -999.0 -999 -999 "" "" "" "" 0 0 0.0 0.0 -999 ""
FIBERMAP 894 R+13C9 METROLOGY 0 0 0 1 0 0 42.966389373541446 264.91904414310375 143.1 241.1172735808664 117.73090631041646 80.17938 89.75646 -999.0 -999.0 -999.0 -999.0 -999.0 39.68038096533278 26.531891053451147 39.72891951292456 26.64797730087704 75.35468044191138 249.30669465282602 -999.0 6231.0 -999.0 -1 -999 {-999.0 -999.0 -999.0 -999.0 -999.0} "" -999.0 -999.0 -999.0 -999.0 -999 -999 "" "" "" "" 0 0 0.0 0.0 -999 ""
FIBERMAP 895 R+11C14 APOGEE 0 0 0 1 0 0 109.84898685453454 198.4981946676329 143.1 225.45902494519956 24.800196671559522 277.84338 57.609657 -999.0 -999.0 -999.0 -999.0 -999.0 39.60053774543176 26.112405187352362 39.64812380240596 26.228646901761383 75.0881515333661 248.0062078560767 -999.0 16600.0 -999.0 2 96 {-999.0 -999.0 -999.0 -999.0 -999.0} "" -999.0 -999.0 -999.0 -999.0 -999 -999 "" ops_sky_apogee_best_unassigned ops_sky sky_apogee 0 0 0.0 0.0 -999 ""
FIBERMAP 895 R+11C14 BOSS 1 1 0 1 0 0 109.16667994911569 198.80907342653194 143.1 225.31930270574767 25.536695851165536 277.84338 57.609657 39.59979574035894 26.115778718717667 18.506557 -10.218151 0.38499996 39.59985055326077 26.115725040274235 39.6474953715242 26.23199441646831 75.08931657542543 248.01859877147308 5400.0 5400.0 2016.0 1 88 {-999.0 17.234236 16.76492 16.5632 -999.0} sdss_psfmag 17.132517 16.764376 16.234917 15.194 63050396555021221 980355596 "" ops_std_boss_tic ops_std standard_boss 0 0 0.0 0.0 -999 ""
FIBERMAP 895 R+11C14 METROLOGY 0 0 0 1 0 0 109.77173146531663 199.24659679478796 143.1 226.025604184009 25.294995126468276 277.84338 57.609657 -999.0 -999.0 -999.0 -999.0 -999.0 39.60337581663171 26.11461044004904 39.651006574253756 26.23086659184603 75.09149677981165 248.00873668585243 -999.0 6231.0 -999.0 -1 -999 {-999.0 -999.0 -999.0 -999.0 -999.0} "" -999.0 -999.0 -999.0 -999.0 -999 -999 "" "" "" "" 0 0 0.0 0.0 -999 ""
FIBERMAP 896 R-8C17 APOGEE 1 1 0 1 0 0 153.78658660743926 -175.31899301102314 143.1 -54.45413110049906 -226.71365137543376 313.65356 52.760494 38.19238574684757 24.97460477599468 2.7429664 -3.822213 2.5004048 38.19239425012399 24.97463060452195 38.23653602905745 25.09324416568684 73.41533415154524 246.7845563746812 16000.0 16600.0 2016.0 2 230 {-999.0 12.539716 12.087743 11.907891 -999.0} sdss_psfmag_from_g3xp 12.445149 12.11784 11.567875 10.672 63050396554103083 1094113312 bright_1x1 mwm_bin_vis_apogee mwm_filler science 0 0 0.0 0.0 -999 ""
FIBERMAP 896 R-8C17 BOSS 0 0 0 1 0 0 153.0624870773029 -175.43373187754705 143.1 -54.965519657944895 -226.18853973488578 313.65356 52.760494 -999.0 -999.0 -999.0 -999.0 -999.0 38.189756868842665 24.976916281601493 38.23395809164896 25.095565473865122 73.41455193558605 246.79576007895892 -999.0 5400.0 -999.0 1 275 {-999.0 -999.0 -999.0 -999.0 -999.0} "" -999.0 -999.0 -999.0 -999.0 -999 -999 "" "" "" "" 0 0 0.0 0.0 -999 ""
FIBERMAP 896 R-8C17 METROLOGY 0 0 0 1 0 0 153.31716932649505 -174.73262208962578 143.1 -54.24608274763064 -225.9920811987053 313.65356 52.760494 -999.0 -999.0 -999.0 -999.0 -999.0 38.19336282331273 24.97781654392319 38.23755257447442 25.096450967750375 73.41779148128813 246.7924631327806 -999.0 6231.0 -999.0 -1 -999 {-999.0 -999.0 -999.0 -999.0 -999.0} "" -999.0 -999.0 -999.0 -999.0 -999 -999 "" "" "" "" 0 0 0.0 0.0 -999 ""
FIBERMAP 897 R-6C3 APOGEE 1 1 0 1 0 0 -198.5224581374644 -126.24102253565206 143.1 -217.60479943947098 89.29154711488167 272.80823 33.1587 37.35968299034591 26.40166688263048 445.9431 -114.71408 33.69858 37.361043538296244 26.40129975294434 37.4071678608737 26.52106047346573 73.45160161402247 252.436159295217 16000.0 16600.0 2016.0 2 298 {-999.0 15.637584 14.238864 13.149395 -999.0} sdss_psfmag_ps1 15.004949 13.399745 12.178583 9.867 63050396554131205 984745560 bright_1x1 mwm_snc_100pc_apogee mwm_snc science 0 0 0.0 0.0 -999 ""
FIBERMAP 897 R-6C3 BOSS 0 0 0 1 0 0 -198.96259823946642 -125.64444218072761 143.1 -217.37152569652739 89.99509886720429 272.80823 33.1587 -999.0 -999.0 -999.0 -999.0 -999.0 37.362095735228095 26.40448195345138 37.4082879105585 26.524267663266308 73.4539237469423 252.4446865240978 -999.0 5400.0 -999.0 1 445 {-999.0 -999.0 -999.0 -999.0 -999.0} "" -999.0 -999.0 -999.0 -999.0 -999 -999 "" "" "" "" 0 0 0.0 0.0 -999 ""
FIBERMAP 897 R-6C3 METROLOGY 0 0 0 1 0 0 -198.22400245755466 -125.5588389546239 143.1 -216.8755671546651 89.44134287554907 272.80823 33.1587 -999.0 -999.0 -999.0 -999.0 -999.0 37.364620009900946 26.402014638858436 37.41079256369079 26.521789071928367 73.4548310443154 252.43339361176396 -999.0 6231.0 -999.0 -1 -999 {-999.0 -999.0 -999.0 -999.0 -999.0} "" -999.0 -999.0 -999.0 -999.0 -999 -999 "" "" "" "" 0 0 0.0 0.0 -999 ""
FIBERMAP 898 R+4C19 APOGEE 1 1 0 1 0 0 166.26156320290602 59.64378301165928 143.1 144.61210423251043 -101.36363846287475 351.6766 52.607418 39.19137532663173 25.5416077101152 22.676394 -14.457172 3.9895234 39.19152479288022 25.54154993408762 39.237621056684475 25.658512649621166 74.48182096273737 246.83975141983868 16000.0 16600.0 2016.0 2 90 {-999.0 10.270317 10.002122 9.900857 -999.0} sdss_psfmag_from_g3xp 10.235026 10.019754 9.567117 8.942 63050396555017610 974541769 "" ops_std_apogee ops_std standard_apogee 0 0 0.0 0.0 -999 ""
FIBERMAP 898 R+4C19 BOSS 0 0 0 1 0 0 165.72200489069965 59.152979859357885 143.1 143.90007400769204 -101.20615351691205 351.6766 52.607418 -999.0 -999.0 -999.0 -999.0 -999.0 39.18795689742353 25.54220496739973 39.23410535373671 25.659202525127288 74.47945751876318 246.8480521236816 -999.0 5400.0 -999.0 1 208 {-999.0 -999.0 -999.0 -999.0 -999.0} "" -999.0 -999.0 -999.0 -999.0 -999 -999 "" "" "" "" 0 0 0.0 0.0 -999 ""
FIBERMAP 898 R+4C19 METROLOGY 0 0 0 1 0 0 165.54906962799274 59.87569606251663 143.1 144.39048573853418 -100.64803986935628 351.6766 52.607418 -999.0 -999.0 -999.0 -999.0 -999.0 39.19044001068628 25.54474769215977 39.23658030262743 25.66173271242251 74.4826716862647 246.8518777663374 -999.0 6231.0 -999.0 -1 -999 {-999.0 -999.0 -999.0 -999.0 -999.0} "" -999.0 -999.0 -999.0 -999.0 -999 -999 "" "" "" "" 0 0 0.0 0.0 -999 ""
FIBERMAP 899 R+4C21 APOGEE 1 1 0 1 0 0 209.52555643136674 92.46691769711212 143.1 196.37201616206144 -117.75907043774149 90.39961 85.92956 39.44946544564932 25.467136512934253 -1.3360252 -2.095342 3.7209108 39.44945467229617 25.467147068241815 39.49562705259268 25.58370143010083 74.64199406002818 246.14642852535417 16000.0 16600.0 2016.0 2 33 {-999.0 12.961087 12.374141 12.162706 -999.0} sdss_psfmag_from_g3xp 12.819779 12.405576 11.821299 10.775 63050396555017138 1076265088 bright_1x1 mwm_snc_ext_main_apogee mwm_snc science 0 0 0.0 0.0 -999 ""
FIBERMAP 899 R+4C21 BOSS 0 0 0 1 0 0 210.26850681932362 92.4177087475271 143.1 196.76039929579989 -118.39414809241565 90.39961 85.92956 -999.0 -999.0 -999.0 -999.0 -999.0 39.45133524130118 25.464228173368696 39.497556525791936 25.580809130653492 74.64196645096341 246.13368392441726 -999.0 5400.0 -999.0 1 193 {-999.0 -999.0 -999.0 -999.0 -999.0} "" -999.0 -999.0 -999.0 -999.0 -999 -999 "" "" "" "" 0 0 0.0 0.0 -999 ""
FIBERMAP 899 R+4C21 METROLOGY 0 0 0 1 0 0 209.84650560949177 91.79674947463123 143.1 196.009896057637 -118.4077399094406 90.39961 85.92956 -999.0 -999.0 -999.0 -999.0 -999.0 39.4476061126674 25.464181334466147 39.49380907692671 25.580760019530306 74.63905900108463 246.14019501639717 -999.0 6231.0 -999.0 -1 -999 {-999.0 -999.0 -999.0 -999.0 -999.0} "" -999.0 -999.0 -999.0 -999.0 -999 -999 "" "" "" "" 0 0 0.0 0.0 -999 ""
FIBERMAP 901 R+8C13 APOGEE 0 0 0 1 0 0 75.2553771138517 144.09563069660544 143.1 161.07886184171113 21.667430371399547 313.32117 111.70205 -999.0 -999.0 -999.0 -999.0 -999.0 39.27757029863425 26.100117091225947 39.32484536577692 26.216882490116838 74.82985781391712 248.51638105897715 -999.0 16600.0 -999.0 2 -999 {-999.0 -999.0 -999.0 -999.0 -999.0} "" -999.0 -999.0 -999.0 -999.0 -999 -999 "" "" "" "" 0 0 0.0 0.0 -999 ""
FIBERMAP 901 R+8C13 BOSS 1 1 0 1 0 0 74.93959945047067 143.41775978042847 143.1 160.3431591741008 21.534267444345268 313.32117 111.70205 39.27388853315249 26.099502568282887 1.7428173 -1.3808889 -0.016820023 39.27387302832556 26.09950931596449 39.321197473403004 26.216307842778182 74.82672234995752 248.52058279973036 5400.0 5400.0 2016.0 1 151 {-999.0 17.649279 16.74825 16.341187 -999.0} sdss_psfmag 17.375423 16.75537 16.000816 14.344 63050396555027024 1061677493 bright_1x1 manual_mwm_halo_distant_kgiant_near_boss_single mwm_halo science 0 0 0.0 0.0 -999 ""
FIBERMAP 901 R+8C13 METROLOGY 0 0 0 1 0 0 74.51281273026223 144.02310403436178 143.1 160.59129232727926 22.23197026256418 313.32117 111.70205 -999.0 -999.0 -999.0 -999.0 -999.0 39.27513888419375 26.102680390978712 39.32245548594602 26.2194688547604 74.82925273221548 248.5290086427395 -999.0 6231.0 -999.0 -1 -999 {-999.0 -999.0 -999.0 -999.0 -999.0} "" -999.0 -999.0 -999.0 -999.0 -999 -999 "" "" "" "" 0 0 0.0 0.0 -999 ""
FIBERMAP 903 R+10C13 APOGEE 0 0 0 1 1 0 95.8944656006541 209.13041983541112 143.1 226.09168486882118 42.3285731293571 91.87861 89.58434 -999.0 -999.0 -999.0 -999.0 -999.0 39.60417340612181 26.191802952077936 39.651921708168175 26.308030439196564 75.13021679422643 248.26851941717348 -999.0 16600.0 -999.0 2 -999 {-999.0 -999.0 -999.0 -999.0 -999.0} "" -999.0 -999.0 -999.0 -999.0 -999 -999 "" "" "" "" 0 0 0.0 0.0 -999 ""
FIBERMAP 903 R+10C13 BOSS 1 0 0 1 1 0 96.62812854413048 209.16441322619 143.1 226.54265344525984 41.74907441872477 91.87861 89.58434 39.52734916976208 26.098062139160692 4.03326 -8.5505085 1.3995826 39.60639767962449 26.18913893854509 39.65419534486318 26.30538972030464 75.13069687282447 248.25565573112698 5400.0 5400.0 2016.0 1 98 {-999.0 20.818846 19.326319 18.137003 -999.0} sdss_psfmag 19.965479 18.832706 17.6505 15.289 63050396555026935 1094681881 bright_1x1 mwm_bin_vis_boss mwm_filler science 0 0 0.0 0.0 -999 ""
FIBERMAP 903 R+10C13 METROLOGY 0 0 0 1 1 0 96.29318289182167 208.4997959362162 143.1 225.8067167065076 41.63920931642006 91.87861 89.58434 -999.0 -999.0 -999.0 -999.0 -999.0 39.60272579842067 26.188677358699703 39.65050434304237 26.304926605485637 75.12758668517964 248.2604108405635 -999.0 6231.0 -999.0 -1 -999 {-999.0 -999.0 -999.0 -999.0 -999.0} "" -999.0 -999.0 -999.0 -999.0 -999 -999 "" "" "" "" 0 0 0.0 0.0 -999 ""
FIBERMAP 904 R+7C9 APOGEE 0 0 0 1 0 0 -13.419744937751894 137.16902732440025 143.1 104.2708301071051 90.08377400740669 59.618805 48.727528 -999.0 -999.0 -999.0 -999.0 -999.0 38.9912747848548 26.412198311327714 39.03891289835116 26.529391107795657 74.75466962961598 250.02996109049428 -999.0 16600.0 -999.0 2 23 {-999.0 -999.0 -999.0 -999.0 -999.0} "" -999.0 -999.0 -999.0 -999.0 -999 -999 "" ops_sky_apogee_best_unassigned ops_sky sky_apogee 0 0 0.0 0.0 -999 ""
FIBERMAP 904 R+7C9 BOSS 1 1 0 1 0 0 -13.173904558839158 136.47601973409195 143.1 103.84673330348326 89.48326345333314 59.618805 48.727528 38.989105224609375 26.409489824578685 -999.0 -999.0 -999.0 38.98911719266383 26.40949000987049 39.03680295953512 26.52671266146833 74.75174647618061 250.02432986005013 5400.0 5400.0 2015.5 1 131 {-999.0 -999.0 -999.0 -999.0 -999.0} "" -999.0 -999.0 -999.0 -999.0 27021603081060793 803859936 "" ops_sky_boss_good ops_sky sky_boss 0 0 0.0 0.0 -999 ""
FIBERMAP 904 R+7C9 METROLOGY 0 0 0 1 0 0 -13.910405116688281 136.59724874324704 143.1 103.52088215021944 90.15461858623662 59.618805 48.727528 -999.0 -999.0 -999.0 -999.0 -999.0 38.987474111844044 26.412545178062818 39.03514887966048 26.52976273412001 74.7518689648521 250.03721171884018 -999.0 6231.0 -999.0 -1 -999 {-999.0 -999.0 -999.0 -999.0 -999.0} "" -999.0 -999.0 -999.0 -999.0 -999 -999 "" "" "" "" 0 0 0.0 0.0 -999 ""
FIBERMAP 905 R-1C5 APOGEE 0 0 0 1 0 0 -179.40218063326736 -7.6020063508146585 143.1 -109.69499523048569 142.11426670238808 71.20473 90.100975 -999.0 -999.0 -999.0 -999.0 -999.0 37.90392569300767 26.646153004673504 37.951026062547555 26.765043390600873 73.99548967500274 252.45015791493853 -999.0 16600.0 -999.0 2 266 {-999.0 -999.0 -999.0 -999.0 -999.0} "" -999.0 -999.0 -999.0 -999.0 -999 -999 "" ops_sky_apogee_best_unassigned ops_sky sky_apogee 0 0 0.0 0.0 -999 ""
FIBERMAP 905 R-1C5 BOSS 1 1 0 1 0 0 -178.69618457096232 -7.823624842680562 143.1 -109.46871827750866 141.4099123267333 71.20473 90.100975 37.9049538917753 26.642996997425172 13.305544 -7.6594877 1.7158724 37.904986232275995 26.642993884698495 37.95214037213941 26.76190874530526 73.99500320900441 252.43836112727766 5400.0 5400.0 2016.0 1 485 {-999.0 20.29802 18.76632 17.594784 -999.0} sdss_psfmag 19.724428 18.293459 17.139795 14.839 63050396555053803 1095481016 bright_1x1 mwm_bin_vis_boss mwm_filler science 0 0 0.0 0.0 -999 ""
FIBERMAP 905 R-1C5 METROLOGY 0 0 0 1 0 0 -179.23393808282597 -8.33298813829338 143.1 -110.19486358675817 141.55521715459446 71.20473 90.100975 -999.0 -999.0 -999.0 -999.0 -999.0 37.90132724854851 26.643619687149194 37.948462514317384 26.76253289619952 73.99232941517499 252.44563629998493 -999.0 6231.0 -999.0 -1 -999 {-999.0 -999.0 -999.0 -999.0 -999.0} "" -999.0 -999.0 -999.0 -999.0 -999 -999 "" "" "" "" 0 0 0.0 0.0 -999 ""
FIBERMAP 906 R+11C11 APOGEE 0 0 0 1 0 0 44.81558374796835 200.4032439583061 143.1 189.50050459642435 79.00525500605518 256.86755 85.84015 -999.0 -999.0 -999.0 -999.0 -999.0 39.421498778810474 26.359460378200374 39.469419777223436 26.47596621584674 75.0686371323678 249.14793729422087 -999.0 16600.0 -999.0 2 1 {-999.0 -999.0 -999.0 -999.0 -999.0} "" -999.0 -999.0 -999.0 -999.0 -999 -999 "" ops_sky_apogee_best_unassigned ops_sky sky_apogee 0 0 0.0 0.0 -999 ""
FIBERMAP 906 R+11C11 BOSS 1 1 0 1 0 0 44.104640076561175 200.61286446352702 143.1 189.26157611019485 79.70672861286778 256.86755 85.84015 39.42031860351562 26.362644822048082 -999.0 -999.0 -999.0 39.420302896549714 26.362640437004636 39.46828263119829 26.479173956816314 75.06927937191801 249.1607586821685 5400.0 5400.0 2015.5 1 108 {-999.0 -999.0 -999.0 -999.0 -999.0} "" -999.0 -999.0 -999.0 -999.0 27021603081059983 816047839 "" ops_sky_boss_good ops_sky sky_boss 0 0 0.0 0.0 -999 ""
FIBERMAP 906 R+11C11 METROLOGY 0 0 0 1 0 0 44.635278284479966 201.130976472597 143.1 189.99076117451162 79.57228077704119 256.86755 85.84015 -999.0 -999.0 -999.0 -999.0 -999.0 39.423970988023314 26.36200603432386 39.47193759269106 26.478526298846045 75.07184155970992 249.15247204965706 -999.0 6231.0 -999.0 -1 -999 {-999.0 -999.0 -999.0 -999.0 -999.0} "" -999.0 -999.0 -999.0 -999.0 -999 -999 "" "" "" "" 0 0 0.0 0.0 -999 ""
FIBERMAP 907 R-6C6 APOGEE 0 0 0 1 0 0 -102.49654366802973 -116.94295281661871 143.1 -154.61996696857193 16.240529808649374 320.33618 148.30739 -999.0 -999.0 -999.0 -999.0 -999.0 37.67999907176658 26.073119197729376 37.725786984827266 26.192419415753058 73.55671607352136 250.94832744870718 -999.0 16600.0 -999.0 2 -999 {-999.0 -999.0 -999.0 -999.0 -999.0} "" -999.0 -999.0 -999.0 -999.0 -999 -999 "" "" "" "" 0 0 0.0 0.0 -999 ""
FIBERMAP 907 R-6C6 BOSS 1 1 0 1 0 0 -102.25744044942809 -117.66183442674361 143.1 -155.06907873831884 15.630595512089565 320.33618 148.30739 37.67761230468749 26.070291284262076 -999.0 -999.0 -999.0 37.677636492271965 26.070307491189556 37.72347640886903 26.189639683512475 73.55358936713856 250.94302956333962 5400.0 5400.0 2015.5 1 465 {-999.0 -999.0 -999.0 -999.0 -999.0} "" -999.0 -999.0 -999.0 -999.0 27021603080694448 803800413 "" ops_sky_boss_good ops_sky sky_boss 0 0 0.0 0.0 -999 ""
FIBERMAP 907 R-6C6 METROLOGY 0 0 0 1 0 0 -102.98102139363222 -117.51035330472817 143.1 -155.3627734678799 16.30885128920549 320.33618 148.30739 -999.0 -999.0 -999.0 -999.0 -999.0 37.676161294294914 26.073386302234873 37.72198890645325 26.192712526030252 73.55383324399574 250.95483154204874 -999.0 6231.0 -999.0 -1 -999 {-999.0 -999.0 -999.0 -999.0 -999.0} "" -999.0 -999.0 -999.0 -999.0 -999 -999 "" "" "" "" 0 0 0.0 0.0 -999 ""
FIBERMAP 908 R+6C18 APOGEE 0 0 0 1 0 0 156.06384765248222 125.27423518635706 143.1 192.32329476930798 -55.17762108531362 50.252365 152.65616 -999.0 -999.0 -999.0 -999.0 -999.0 39.43214773074116 25.750543067966998 39.47886528953143 25.867095597894004 74.7752058944316 247.0966264967268 -999.0 16600.0 -999.0 2 -999 {-999.0 -999.0 -999.0 -999.0 -999.0} "" -999.0 -999.0 -999.0 -999.0 -999 -999 "" "" "" "" 0 0 0.0 0.0 -999 ""
FIBERMAP 908 R+6C18 BOSS 1 1 0 1 0 0 156.74594475549281 125.5813296541539 143.1 192.96753162616668 -55.557474305996955 50.252365 152.65616 39.43523416730534 25.7488059327069 38.164295 -11.876301 3.1358716 39.43535351076374 25.748768125683153 39.48212353607937 25.865343960370556 74.77683808829241 247.08520213611206 5400.0 5400.0 2016.0 1 203 {-999.0 18.768465 17.196312 16.04957 -999.0} sdss_psfmag_ps1 17.903852 16.699062 15.534172 13.3 63050396555017884 1096364239 bright_1x1 mwm_bin_vis_boss mwm_filler science 0 0 0.0 0.0 -999 ""
FIBERMAP 908 R+6C18 METROLOGY 0 0 0 1 0 0 156.66852287267548 124.83716555964294 143.1 192.3151883777871 -55.923518937928854 50.252365 152.65616 -999.0 -999.0 -999.0 -999.0 -999.0 39.43208218402677 25.747128812268354 39.478831044611184 25.86370209481713 74.77345220983351 247.0855633924417 -999.0 6231.0 -999.0 -1 -999 {-999.0 -999.0 -999.0 -999.0 -999.0} "" -999.0 -999.0 -999.0 -999.0 -999 -999 "" "" "" "" 0 0 0.0 0.0 -999 ""
FIBERMAP 910 R+11C8 APOGEE 0 0 0 1 0 0 -19.07790811075091 221.31976687688046 143.1 169.72426560074035 143.24613367378942 116.10841 131.88701 -999.0 -999.0 -999.0 -999.0 -999.0 39.322303649818444 26.650906923568186 39.37071945565003 26.767542462991482 75.12800154157851 250.3098546366283 -999.0 16600.0 -999.0 2 15 {-999.0 -999.0 -999.0 -999.0 -999.0} "" -999.0 -999.0 -999.0 -999.0 -999 -999 "" ops_sky_apogee_best_unassigned ops_sky sky_apogee 0 0 0.0 0.0 -999 ""
FIBERMAP 910 R+11C8 BOSS 1 1 0 1 0 0 -18.812402727187326 222.02076001919716 143.1 170.44985052714657 143.4336867747327 116.10841 131.88701 39.32595247993961 26.651732451119603 4.514562 -6.0373006 0.56065965 39.32594176172066 26.65172085578162 39.374416396837034 26.76837551816597 75.13131354420956 250.30678718849208 5400.0 5400.0 2016.0 1 111 {-999.0 19.010738 17.795357 17.320112 -999.0} sdss_psfmag 18.55087 17.804224 16.961658 15.325 63050396555029501 1118005317 bright_1x1 openfibertargets_bhm_lofarradio_boss open_fiber science 0 0 0.0 0.0 -999 ""
FIBERMAP 910 R+11C8 METROLOGY 0 0 0 1 0 0 -18.338118388667624 221.44860831731853 143.1 170.25622109590842 142.7163444516595 116.10841 131.88701 -999.0 -999.0 -999.0 -999.0 -999.0 39.32497490224632 26.648493536015554 39.37342690518665 26.765142997915486 75.129035561162 250.29720997555174 -999.0 6231.0 -999.0 -1 -999 {-999.0 -999.0 -999.0 -999.0 -999.0} "" -999.0 -999.0 -999.0 -999.0 -999 -999 "" "" "" "" 0 0 0.0 0.0 -999 ""
FIBERMAP 912 R+3C20 APOGEE 0 0 0 1 0 0 170.5722902305858 39.216731766564784 143.1 130.41803744464698 -116.66700715014518 320.73352 65.77202 -999.0 -999.0 -999.0 -999.0 -999.0 39.11985678374686 25.472234605993247 39.16575514688668 25.589319869147225 74.39063947560295 246.74310943767017 -999.0 16600.0 -999.0 2 62 {-999.0 -999.0 -999.0 -999.0 -999.0} "" -999.0 -999.0 -999.0 -999.0 -999 -999 "" ops_sky_apogee_best_unassigned ops_sky sky_apogee 0 0 0.0 0.0 -999 ""
FIBERMAP 912 R+3C20 BOSS 1 1 0 1 0 0 169.90836698449672 38.877115424803264 143.1 129.75772678835386 -116.32075473638814 320.73352 65.77202 39.11655072731247 25.473722741643613 0.46892533 -0.644034 0.43918675 39.116548258964535 25.47373667987964 39.16250093173113 25.59085655354615 74.38891818487173 246.7536288507913 5400.0 5400.0 2016.0 1 216 {-999.0 18.232462 17.719458 17.496967 17.376862} sdss_psfmag_from_gaia 18.1105 17.7328 17.1427 15.933 63050396555016874 974238731 "" ops_std_boss_gdr2 ops_std standard_boss 0 0 0.0 0.0 -999 ""
FIBERMAP 912 R+3C20 METROLOGY 0 0 0 1 0 0 169.9494018412389 39.62547426620968 143.1 130.39250579192162 -115.92257681739645 320.73352 65.77202 -999.0 -999.0 -999.0 -999.0 -999.0 39.119750673495275 25.475555738257643 39.16569429994797 25.5926619222107 74.39231679196529 246.753854810998 -999.0 6231.0 -999.0 -1 -999 {-999.0 -999.0 -999.0 -999.0 -999.0} "" -999.0 -999.0 -999.0 -999.0 -999 -999 "" "" "" "" 0 0 0.0 0.0 -999 ""
FIBERMAP 914 R+3C11 APOGEE 0 0 0 1 0 0 -26.776840619072594 74.91791137073196 143.1 45.73172835814698 65.08191856447893 103.36392 73.61672 -999.0 -999.0 -999.0 -999.0 -999.0 38.694293488272784 26.299154469362552 38.74143923798107 26.41683348324733 74.46670237571419 250.12603154317378 -999.0 16600.0 -999.0 2 124 {-999.0 -999.0 -999.0 -999.0 -999.0} "" -999.0 -999.0 -999.0 -999.0 -999 -999 "" ops_sky_apogee_best_unassigned ops_sky sky_apogee 0 0 0.0 0.0 -999 ""
FIBERMAP 914 R+3C11 BOSS 1 1 0 1 0 0 -26.0347883145213 74.9020164188221 143.1 46.14679757778547 64.46679128874436 103.36392 73.61672 38.696377332090236 26.296370387614953 0.40640783 -3.265419 1.0115125 38.69637320999538 26.29636155787418 38.74357132748469 26.41406421853745 74.46708833002506 250.11355351557432 5400.0 5400.0 2016.0 1 14 {-999.0 15.143265 14.6799555 14.496854 -999.0} sdss_psfmag_from_g3xp 15.043992 14.689762 14.163668 13.227 63050396555026237 981557160 "" ops_std_boss_tic ops_std standard_boss 0 0 0.0 0.0 -999 ""
FIBERMAP 914 R+3C11 METROLOGY 0 0 0 1 0 0 -26.41787350834396 74.26711575216103 143.1 45.407358327703804 64.41337871433984 103.36392 73.61672 -999.0 -999.0 -999.0 -999.0 -999.0 38.69262980454392 26.296121719066573 38.73980820779394 26.41382281060842 74.46399929363827 250.11866607935684 -999.0 6231.0 -999.0 -1 -999 {-999.0 -999.0 -999.0 -999.0 -999.0} "" -999.0 -999.0 -999.0 -999.0 -999 -999 "" "" "" "" 0 0 0.0 0.0 -999 ""
FIBERMAP 916 R-13C3 APOGEE 1 1 0 1 0 0 -107.23962001548436 -245.7511954005136 143.1 -262.5405265788949 -54.188647332419876 94.24064 150.67342 37.14477994510298 25.749673096554883 -0.9064045 -60.75852 6.7561235 37.1447602784356 25.749504735732025 37.18945037315615 25.869667811167268 72.97980999655155 250.73983111417328 16000.0 16600.0 2016.0 2 198 {-999.0 11.200545 10.665953 10.499718 -999.0} sdss_psfmag_from_g3xp 11.086893 10.70905 10.166061 9.243 63050396554127978 1103558512 bright_1x1 mwm_tess_2min_apogee mwm_planet science 0 0 0.0 0.0 -999 ""
FIBERMAP 916 R-13C3 BOSS 0 0 0 1 0 0 -106.90295669404533 -245.0889326261943 143.1 -261.8055217042033 -54.081543065207114 94.24064 150.67342 -999.0 -999.0 -999.0 -999.0 -999.0 37.14831808074515 25.749985923980777 37.19307359035895 25.870172916606876 72.9829239623093 250.73610905324364 -999.0 5400.0 -999.0 1 342 {-999.0 -999.0 -999.0 -999.0 -999.0} "" -999.0 -999.0 -999.0 -999.0 -999 -999 "" "" "" "" 0 0 0.0 0.0 -999 ""
FIBERMAP 916 R-13C3 METROLOGY 0 0 0 1 0 0 -106.49024403260967 -245.7178262192379 143.1 -262.0810037457526 -54.78133735006792 94.24064 150.67342 -999.0 -999.0 -999.0 -999.0 -999.0 37.14702980135909 25.74682216950758 37.19176082643554 25.867003143784583 72.98038921848168 250.72845542173832 -999.0 6231.0 -999.0 -1 -999 {-999.0 -999.0 -999.0 -999.0 -999.0} "" -999.0 -999.0 -999.0 -999.0 -999 -999 "" "" "" "" 0 0 0.0 0.0 -999 ""
FIBERMAP 918 R-4C10 APOGEE 0 0 0 1 0 0 -54.75555348259174 -91.70304058081939 143.1 -106.46996622808648 -8.18515083513353 263.02164 85.49563 -999.0 -999.0 -999.0 -999.0 -999.0 37.923729665756106 25.963540215446333 37.969527273890776 26.08247131973035 73.69851681034697 250.2400241572412 -999.0 16600.0 -999.0 2 -999 {-999.0 -999.0 -999.0 -999.0 -999.0} "" -999.0 -999.0 -999.0 -999.0 -999 -999 "" "" "" "" 0 0 0.0 0.0 -999 ""
FIBERMAP 918 R-4C10 BOSS 1 1 0 1 0 0 -55.46646865692536 -91.57437343473099 143.1 -106.77498461921019 -7.5303980222283995 263.02164 85.49563 37.92205810546875 25.966519479642756 -999.0 -999.0 -999.0 37.92205414084735 25.966479733225036 37.967914521341186 26.08544140139594 73.69864489697744 250.25178795737486 5400.0 5400.0 2015.5 1 408 {-999.0 -999.0 -999.0 -999.0 -999.0} "" -999.0 -999.0 -999.0 -999.0 27021603080694155 803800395 "" ops_sky_boss_good ops_sky sky_boss 0 0 0.0 0.0 -999 ""
FIBERMAP 918 R-4C10 METROLOGY 0 0 0 1 0 0 -55.00367186041251 -90.99940768569624 143.1 -106.03850687463381 -7.576650920229923 263.02164 85.49563 -999.0 -999.0 -999.0 -999.0 -999.0 37.92580312641872 25.966297154504833 37.97164990374813 26.085244964531633 73.70150824288885 250.24551960656657 -999.0 6231.0 -999.0 -1 -999 {-999.0 -999.0 -999.0 -999.0 -999.0} "" -999.0 -999.0 -999.0 -999.0 -999 -999 "" "" "" "" 0 0 0.0 0.0 -999 ""
FIBERMAP 919 R-12C2 APOGEE 1 1 0 1 0 0 -150.9720801589712 -225.71696671618128 143.1 -271.40745913757775 -6.9201717093973105 191.29346 76.841225 37.097692570766654 25.96280096257533 -2.1949103 1.221658 0.6415839 37.09763636867479 25.96278213317137 37.14268579374698 26.082995189611907 73.04196020517072 251.45292920114252 16000.0 16600.0 2016.0 2 204 {-999.0 13.353694 12.338953 11.96421 -999.0} sdss_psfmag_from_g3xp 13.011483 12.366853 11.597472 9.988 63050396554129676 1104354013 bright_1x1 mwm_tess_rgb_apogee mwm_tessrgb science 0 0 0.0 0.0 -999 ""
FIBERMAP 919 R-12C2 BOSS 0 0 0 1 0 0 -150.95533689590738 -224.97365762761822 143.1 -270.7908162307875 -6.505070249561588 191.29346 76.841225 -999.0 -999.0 -999.0 -999.0 -999.0 37.10059549238464 25.964662251351363 37.14571271537824 26.0848992486467 73.04525028719942 251.45443070997317 -999.0 5400.0 -999.0 1 339 {-999.0 -999.0 -999.0 -999.0 -999.0} "" -999.0 -999.0 -999.0 -999.0 -999 -999 "" "" "" "" 0 0 0.0 0.0 -999 ""
FIBERMAP 919 R-12C2 METROLOGY 0 0 0 1 0 0 -150.3092119147599 -225.35379297376824 143.1 -270.7285201296541 -7.251973647057604 191.29346 76.841225 -999.0 -999.0 -999.0 -999.0 -999.0 37.10097133928299 25.961296869154626 37.14606510499016 26.081525522017433 73.04397712302776 251.4436626258684 -999.0 6231.0 -999.0 -1 -999 {-999.0 -999.0 -999.0 -999.0 -999.0} "" -999.0 -999.0 -999.0 -999.0 -999 -999 "" "" "" "" 0 0 0.0 0.0 -999 ""
FIBERMAP 920 R+5C2 APOGEE 0 0 0 1 0 0 -211.58973167043533 110.23842421390472 143.1 -32.03396782284022 236.3741915154123 87.145004 114.02791 -999.0 -999.0 -999.0 -999.0 -999.0 38.29753253555292 27.07310396587726 38.34583971791051 27.191330945458493 74.49704183781667 253.30588073923025 -999.0 16600.0 -999.0 2 -999 {-999.0 -999.0 -999.0 -999.0 -999.0} "" -999.0 -999.0 -999.0 -999.0 -999 -999 "" "" "" "" 0 0 0.0 0.0 -999 ""
FIBERMAP 920 R+5C2 BOSS 1 1 0 1 0 0 -210.95319941396966 110.52654534466149 143.1 -31.431508397444013 236.0206017822779 87.145004 114.02791 38.30058931887348 27.07153081893652 -11.219947 -4.460364 1.9514515 38.300537056346464 27.071540244861307 38.34890166217514 27.18978669748869 74.49885263842887 253.296324492831 5400.0 5400.0 2016.0 1 71 {-999.0 19.348473 18.126211 17.021933 -999.0} sdss_psfmag_ps1 18.698996 17.728207 16.541992 14.443 63050396555058138 1095554545 bright_1x1 mwm_bin_vis_boss mwm_filler science 0 0 0.0 0.0 -999 ""
FIBERMAP 920 R+5C2 METROLOGY 0 0 0 1 0 0 -211.00217790698835 109.7785953809994 143.1 -32.07053575748426 235.62914647900487 87.145004 114.02791 -999.0 -999.0 -999.0 -999.0 -999.0 38.297306795765714 27.069774883730467 38.345648519681674 27.18801980980565 74.4954825844215 253.29493441821802 -999.0 6231.0 -999.0 -1 -999 {-999.0 -999.0 -999.0 -999.0 -999.0} "" -999.0 -999.0 -999.0 -999.0 -999 -999 "" "" "" "" 0 0 0.0 0.0 -999 ""
FIBERMAP 921 R+2C21 APOGEE 1 1 0 1 0 0 186.83759544821893 40.80437293685599 143.1 141.09705842856306 -129.03339874360643 305.75876 167.35663 39.17292139885291 25.416220108984543 -7.365692 -2.69166 2.0552318 39.17294010955747 25.41624700918777 39.218774602585825 25.533252831259215 74.40252677277059 246.4727075828608 16000.0 16600.0 2016.0 2 80 {-999.0 12.494243 12.005542 11.843134 -999.0} sdss_psfmag_gaia 12.391445 12.03909 11.507941 10.608 63050396555016446 1118097009 bright_1x1 openfibertargets_mwm_snc_further_ext_apogee_bright open_fiber science 0 0 0.0 0.0 -999 ""
FIBERMAP 921 R+2C21 BOSS 0 0 0 1 0 0 187.16718960230088 40.13850006401115 143.1 140.7434327069626 -129.68664993449204 305.75876 167.35663 -999.0 -999.0 -999.0 -999.0 -999.0 39.17113454428156 25.413225997844172 39.21701558212828 25.530264690167243 74.39961792756824 246.4662803985102 -999.0 5400.0 -999.0 1 223 {-999.0 -999.0 -999.0 -999.0 -999.0} "" -999.0 -999.0 -999.0 -999.0 -999 -999 "" "" "" "" 0 0 0.0 0.0 -999 ""
FIBERMAP 921 R+2C21 METROLOGY 0 0 0 1 0 0 186.42339728269133 40.17142138080774 143.1 140.34126346256417 -129.06028019627303 305.75876 167.35663 -999.0 -999.0 -999.0 -999.0 -999.0 39.16915134983523 25.416074936421506 39.215020958088076 25.53310810986961 74.39955753557894 246.4787917726092 -999.0 6231.0 -999.0 -1 -999 {-999.0 -999.0 -999.0 -999.0 -999.0} "" -999.0 -999.0 -999.0 -999.0 -999 -999 "" "" "" "" 0 0 0.0 0.0 -999 ""
FIBERMAP 925 R-13C12 APOGEE 1 1 0 1 0 0 82.07833265869428 -252.07373703712022 143.1 -158.49642661355514 -212.43241561355845 220.34608 69.6684 37.67312902994096 25.038282202169633 2.0368314 -1.8261384 0.45576924 37.673163164165935 25.038305799179927 37.71698015889223 25.15772597536823 73.04553067592143 247.81672480648888 16000.0 16600.0 2016.0 2 182 {-999.0 13.672013 12.745095 12.371185 -999.0} sdss_psfmag_from_g3xp 13.3788395 12.761581 12.009491 10.398 63050396554104911 1104418808 bright_1x1 mwm_tess_rgb_apogee mwm_tessrgb science 0 0 0.0 0.0 -999 ""
FIBERMAP 925 R-13C12 BOSS 0 0 0 1 0 0 81.80566846955502 -251.38196824851096 143.1 -158.08881458791618 -211.810715388615 220.34608 69.6684 -999.0 -999.0 -999.0 -999.0 -999.0 37.67507507244472 25.04105065556144 37.7189580723886 25.160499312011158 73.04848475403611 247.8217766543852 -999.0 5400.0 -999.0 1 337 {-999.0 -999.0 -999.0 -999.0 -999.0} "" -999.0 -999.0 -999.0 -999.0 -999 -999 "" "" "" "" 0 0 0.0 0.0 -999 ""
FIBERMAP 925 R-13C12 METROLOGY 0 0 0 1 0 0 82.53638021183217 -251.48247799386698 143.1 -157.74938337537822 -212.46539158753734 220.34608 69.6684 -999.0 -999.0 -999.0 -999.0 -999.0 37.67682885253354 25.038131704319134 37.720691091856395 25.157568948045082 73.04834002126157 247.81038759098178 -999.0 6231.0 -999.0 -1 -999 {-999.0 -999.0 -999.0 -999.0 -999.0} "" -999.0 -999.0 -999.0 -999.0 -999 -999 "" "" "" "" 0 0 0.0 0.0 -999 ""
FIBERMAP 932 R0C19 APOGEE 1 1 0 1 0 0 102.76652331020772 2.044525696965023 143.1 60.94988871074962 -82.73955340939091 127.44917 147.47281 38.771006157885125 25.626235080486524 -1.2138288 -4.6244373 0.4956586 38.77100803048117 25.626226376765114 38.816903989703576 25.74385388482384 74.19875583177495 247.8260594122503 16000.0 16600.0 2016.0 2 64 {-999.0 13.039359 12.138138 11.791632 -999.0} sdss_psfmag_gaia 12.763128 12.173141 11.441664 9.898 63050396555022931 1107583559 bright_1x1 mwm_tess_rgb_apogee mwm_tessrgb science 0 0 0.0 0.0 -999 ""
FIBERMAP 932 R0C19 BOSS 0 0 0 1 0 0 102.64110290923897 2.7832900033587435 143.1 61.480813989364194 -82.21098303357417 127.44917 147.47281 -999.0 -999.0 -999.0 -999.0 -999.0 38.77366785177192 25.62856108081494 38.819626173295774 25.746213154165684 74.20206137974216 247.829024266134 -999.0 5400.0 -999.0 1 242 {-999.0 -999.0 -999.0 -999.0 -999.0} "" -999.0 -999.0 -999.0 -999.0 -999 -999 "" "" "" "" 0 0 0.0 0.0 -999 ""
FIBERMAP 932 R0C19 METROLOGY 0 0 0 1 0 0 103.35207739291893 2.553961223709136 143.1 61.70366651392875 -82.92385041700152 127.44917 147.47281 -999.0 -999.0 -999.0 -999.0 -999.0 38.77479596856254 25.62533650415954 38.82073326498488 25.742978892265242 74.20129771039373 247.8169133509305 -999.0 6231.0 -999.0 -1 -999 {-999.0 -999.0 -999.0 -999.0 -999.0} "" -999.0 -999.0 -999.0 -999.0 -999 -999 "" "" "" "" 0 0 0.0 0.0 -999 ""
FIBERMAP 934 R+3C10 APOGEE 0 0 0 1 0 0 -68.52351040030223 61.67810338732057 143.1 10.838780062675179 91.53484732723076 161.20473 119.55352 -999.0 -999.0 -999.0 -999.0 -999.0 38.51688675975706 26.419410787116945 38.56410794446384 26.53735912281515 74.38221463096082 250.79830696984135 -999.0 16600.0 -999.0 2 -999 {-999.0 -999.0 -999.0 -999.0 -999.0} "" -999.0 -999.0 -999.0 -999.0 -999 -999 "" "" "" "" 0 0 0.0 0.0 -999 ""
FIBERMAP 934 R+3C10 BOSS 1 1 0 1 0 0 -68.64617414325107 62.495318797985284 143.1 11.435358512310483 92.10642073247281 161.20473 119.55352 38.51981023812103 26.422044557820588 15.438683 -4.459675 1.7812101 38.51986458070431 26.422031417882664 38.56715029052572 26.540001050971576 74.38584730698742 250.8023620586157 5400.0 5400.0 2016.0 1 24 {-999.0 21.504677 20.08082 18.591045 -999.0} sdss_psfmag 20.816048 19.31596 18.055387 16.044 63050396555026753 1096121155 bright_1x1 mwm_bin_vis_boss mwm_filler science 0 0 0.0 0.0 -999 ""
FIBERMAP 934 R+3C10 METROLOGY 0 0 0 1 0 0 -67.96935402499687 62.17767589679265 143.1 11.56639214277518 91.37050019153305 161.20473 119.55352 -999.0 -999.0 -999.0 -999.0 -999.0 38.52055114492373 26.418685816178375 38.56781484550214 26.536647267564984 74.38483030998133 250.79028513618945 -999.0 6231.0 -999.0 -1 -999 {-999.0 -999.0 -999.0 -999.0 -999.0} "" -999.0 -999.0 -999.0 -999.0 -999 -999 "" "" "" "" 0 0 0.0 0.0 -999 ""
FIBERMAP 936 R+2C20 APOGEE 0 0 0 1 0 0 156.01261247081942 48.10632502307799 143.1 129.27858642826345 -99.6496892936235 56.783905 147.08295 -999.0 -999.0 -999.0 -999.0 -999.0 39.114652527104646 25.54937266837951 39.160697529160245 25.666458164995916 74.42639347320488 246.99798215934283 -999.0 16600.0 -999.0 2 -999 {-999.0 -999.0 -999.0 -999.0 -999.0} "" -999.0 -999.0 -999.0 -999.0 -999 -999 "" "" "" "" 0 0 0.0 0.0 -999 ""
FIBERMAP 936 R+2C20 BOSS 1 1 0 1 0 0 156.6838571897986 48.43169173283509 143.1 129.93148421842224 -100.01014023273456 56.783905 147.08295 39.11737114221476 25.54771156276855 169.75122 -12.961242 5.1814528 39.11791558791917 25.547671783761793 39.16401432911812 25.664781399907056 74.42810138866935 246.98691216999424 5400.0 5400.0 2016.0 1 222 {-999.0 20.767008 19.2213 17.646585 -999.0} sdss_psfmag 20.133419 18.375559 17.120285 14.765 63050396555017708 1072655843 bright_1x1 mwm_halo_local_high_boss_single mwm_halo science 0 0 0.0 0.0 -999 ""
FIBERMAP 936 R+2C20 METROLOGY 0 0 0 1 0 0 156.629996053493 47.687398427649924 143.1 129.29262635069512 -100.3954990553574 56.783905 147.08295 -999.0 -999.0 -999.0 -999.0 -999.0 39.11470300279382 25.545940766967952 39.160780200172155 25.663047462502842 74.42470960225334 246.98693152092858 -999.0 6231.0 -999.0 -1 -999 {-999.0 -999.0 -999.0 -999.0 -999.0} "" -999.0 -999.0 -999.0 -999.0 -999 -999 "" "" "" "" 0 0 0.0 0.0 -999 ""
FIBERMAP 938 R+12C15 APOGEE 1 1 0 1 0 0 168.28474056395584 232.25556704509017 143.1 286.73358436730086 -3.445552948985354 348.27454 127.55004 39.903262904240336 25.982207954154024 -1.7908483 -1.9298477 1.337653 39.90359640519591 25.982221827024585 39.95118826299324 26.097983816374665 75.25821906881635 247.03204232729541 16000.0 16600.0 2016.0 2 44 {-999.0 9.976401 9.017059 8.612555 -999.0} sdss_psfmag_from_g3xp 9.66338 9.020759 8.247954 6.58 63050396555020700 1153169229 bright_1x1 mwm_galactic_core_dist_apogee_sparse mwm_galactic science 0 0 1.0415332317352295 0.0 -999 ""
FIBERMAP 938 R+12C15 BOSS 0 0 0 1 0 0 168.6112293637495 231.58914103797002 143.1 286.3777156499763 -4.09658738669564 348.27454 127.55004 -999.0 -999.0 -999.0 -999.0 -999.0 39.9017436002396 25.979268396746715 39.94937951820219 26.09506097538646 75.25533755425673 247.02537566812163 -999.0 5400.0 -999.0 1 179 {-999.0 -999.0 -999.0 -999.0 -999.0} "" -999.0 -999.0 -999.0 -999.0 -999 -999 "" "" "" "" 0 0 0.0 0.0 -999 ""
FIBERMAP 938 R+12C15 METROLOGY 0 0 0 1 0 0 167.8685791070692 231.63417623335732 143.1 285.98609736647626 -3.4641624269463196 348.27454 127.55004 -999.0 -999.0 -999.0 -999.0 -999.0 39.89985718602441 25.98214836126579 39.947482616050195 26.097935987922835 75.25532578374788 247.03850584694223 -999.0 6231.0 -999.0 -1 -999 {-999.0 -999.0 -999.0 -999.0 -999.0} "" -999.0 -999.0 -999.0 -999.0 -999 -999 "" "" "" "" 0 0 0.0 0.0 -999 ""
FIBERMAP 940 R+12C5 APOGEE 0 0 0 1 0 0 -77.94572627974239 223.32637367167854 143.1 137.40526243078187 192.47497119636344 228.18411 111.85716 -999.0 -999.0 -999.0 -999.0 -999.0 39.158781281499344 26.87410163720925 39.20749553247384 26.99097721905659 75.10005039464927 251.34224306666755 -999.0 16600.0 -999.0 2 -999 {-999.0 -999.0 -999.0 -999.0 -999.0} "" -999.0 -999.0 -999.0 -999.0 -999 -999 "" "" "" "" 0 0 0.0 0.0 -999 ""
FIBERMAP 940 R+12C5 BOSS 1 1 0 1 0 0 -78.635015070381 223.58234251933877 143.1 137.2166734088792 193.18549727270917 228.18411 111.85716 39.15768256611528 26.87741964338525 37.01888 -29.30934 4.286962 39.15778583110953 26.877303784741006 39.20656015357599 26.99420497297354 75.1007506307626 251.3549187861883 5400.0 5400.0 2016.0 1 157 {-999.0 17.400541 15.915812 14.91392 -999.0} sdss_psfmag 16.710115 15.574281 14.463823 12.324 63050396555030823 1095525120 bright_1x1 mwm_bin_vis_boss mwm_filler science 0 0 0.0 0.0 -999 ""
FIBERMAP 940 R+12C5 METROLOGY 0 0 0 1 0 0 -78.07690338036672 224.06084936820196 143.1 137.92936491738067 193.00576861879543 228.18411 111.85716 -999.0 -999.0 -999.0 -999.0 -999.0 39.16140337996179 26.87646692468147 39.21016389283034 26.993355486669913 75.10324144952794 251.34637166183688 -999.0 6231.0 -999.0 -1 -999 {-999.0 -999.0 -999.0 -999.0 -999.0} "" -999.0 -999.0 -999.0 -999.0 -999 -999 "" "" "" "" 0 0 0.0 0.0 -999 ""
FIBERMAP 941 R-13C14 APOGEE 0 0 0 1 0 0 156.42494834884081 -270.2656915579589 143.1 -130.46548078193263 -283.63764019971137 2.9584677 40.875866 -999.0 -999.0 -999.0 -999.0 -999.0 37.817426013706346 24.721127076217357 37.86077014816283 24.840355860010504 72.99270506770499 246.65597963650612 -999.0 16600.0 -999.0 2 -999 {-999.0 -999.0 -999.0 -999.0 -999.0} "" -999.0 -999.0 -999.0 -999.0 -999 -999 "" "" "" "" 0 0 0.0 0.0 -999 ""
FIBERMAP 941 R-13C14 BOSS 1 1 0 1 0 0 155.8929354639274 -270.7808124165194 143.1 -131.19301625427576 -283.50034437595366 2.9584677 40.875866 37.813835130317635 24.72171190750333 -999.0 -999.0 -999.0 37.813780621351896 24.721749452569732 37.85718144017244 24.841016710376017 72.99028161264519 246.6637524801289 5400.0 5400.0 2016.0 1 257 {-999.0 22.289429 20.413727 19.665434 -999.0} sdss_psfmag -999.0 -999.0 -999.0 -999.0 63050397380784993 1118030550 bright_1x1 openfibertargets_bhm_lofarradio_boss open_fiber science 0 0 0.0 0.0 -999 ""
FIBERMAP 941 R-13C14 METROLOGY 0 0 0 1 0 0 155.70859034686404 -270.05714133974845 143.1 -130.70840649065775 -282.9323626513945 2.9584677 40.875866 -999.0 -999.0 -999.0 -999.0 -999.0 37.81614874898891 24.72426337337511 37.85953967912434 24.84351734864814 72.99341634211433 246.6671820708916 -999.0 6231.0 -999.0 -1 -999 {-999.0 -999.0 -999.0 -999.0 -999.0} "" -999.0 -999.0 -999.0 -999.0 -999 -999 "" "" "" "" 0 0 0.0 0.0 -999 ""
FIBERMAP 942 R+1C24 APOGEE 0 0 0 1 0 0 250.62845031819253 13.057770940434995 143.1 155.23666356216035 -197.1303597767688 4.0364304 88.364 -999.0 -999.0 -999.0 -999.0 -999.0 39.24043296136686 25.109369323190855 39.28572523116759 25.2262988847808 74.29212077731044 245.38772253014858 -999.0 16600.0 -999.0 2 59 {-999.0 -999.0 -999.0 -999.0 -999.0} "" -999.0 -999.0 -999.0 -999.0 -999 -999 "" ops_sky_apogee_best_unassigned ops_sky sky_apogee 0 0 0.0 0.0 -999 ""
FIBERMAP 942 R+1C24 BOSS 1 1 0 1 0 0 250.67837591107997 12.32084962893305 143.1 154.663694482774 -197.59621812864614 4.0364304 88.364 39.23755264879304 25.10724067329725 -1.4200288 -2.1296737 0.32560277 39.23751904218351 25.107224337478367 39.28285834935724 25.22418955091418 74.28880132329313 245.38626040252893 5400.0 5400.0 2016.0 1 183 {-999.0 16.806225 16.329618 16.128206 16.027014} sdss_psfmag_from_gaia 16.7184 16.3439 15.7972 14.73 63050396555014852 974238720 "" ops_std_boss_gdr2 ops_std standard_boss 0 0 0.0 0.0 -999 ""
FIBERMAP 942 R+1C24 METROLOGY 0 0 0 1 0 0 250.0027825790702 12.649876510194288 143.1 154.5426646518081 -196.85473258921553 4.0364304 88.364 -999.0 -999.0 -999.0 -999.0 -999.0 39.23696866167666 25.110563607815767 39.28229880380542 25.22752063756418 74.29015434841978 245.39765620020307 -999.0 6231.0 -999.0 -1 -999 {-999.0 -999.0 -999.0 -999.0 -999.0} "" -999.0 -999.0 -999.0 -999.0 -999 -999 "" "" "" "" 0 0 0.0 0.0 -999 ""
FIBERMAP 943 R-4C19 APOGEE 1 1 0 1 0 0 163.84448940660994 -85.44766791218242 143.1 24.73645329053605 -183.0851082656855 288.6367 139.3666 38.58821844056384 25.171412145590786 29.63115 -3.6503863 2.0201256 38.58832301015299 25.171400279190365 38.633179881399315 25.289366606081963 73.82388106301883 246.7157482001511 16000.0 16600.0 2016.0 2 223 {-999.0 10.568702 9.5131855 9.096766 -999.0} sdss_psfmag_from_g3xp 10.201559 9.522611 8.727626 7.036 63050396554098652 1109193045 bright_1x1 mwm_tess_rgb_apogee mwm_tessrgb science 0 0 0.0 0.0 -999 ""
FIBERMAP 943 R-4C19 BOSS 0 0 0 1 0 0 163.56823993853254 -86.14223772260756 143.1 24.009915974331037 -183.26018250422774 288.6367 139.3666 -999.0 -999.0 -999.0 -999.0 -999.0 38.5846300265094 25.170520454369615 38.62953804921085 25.288523556379076 73.82062985463601 246.71930674354965 -999.0 5400.0 -999.0 1 291 {-999.0 -999.0 -999.0 -999.0 -999.0} "" -999.0 -999.0 -999.0 -999.0 -999 -999 "" "" "" "" 0 0 0.0 0.0 -999 ""
FIBERMAP 943 R-4C19 METROLOGY 0 0 0 1 0 0 163.10806269921082 -85.5575653422907 143.1 24.221907371962942 -182.54713752067778 288.6367 139.3666 -999.0 -999.0 -999.0 -999.0 -999.0 38.58570822585153 25.173757185751377 38.63060752886918 25.291749491138997 73.82313262590642 246.72739435379526 -999.0 6231.0 -999.0 -1 -999 {-999.0 -999.0 -999.0 -999.0 -999.0} "" -999.0 -999.0 -999.0 -999.0 -999 -999 "" "" "" "" 0 0 0.0 0.0 -999 ""
FIBERMAP 944 R-1C11 APOGEE 0 0 0 1 0 0 -65.0626875551693 -22.92898496529154 143.1 -56.25483321882325 39.90358873735991 167.76732 145.7081 -999.0 -999.0 -999.0 -999.0 -999.0 38.1767825112167 26.183624340226686 38.223233880077316 26.302134929401813 74.00268004411211 250.5527171498322 -999.0 16600.0 -999.0 2 282 {-999.0 -999.0 -999.0 -999.0 -999.0} "" -999.0 -999.0 -999.0 -999.0 -999 -999 "" ops_sky_apogee_best_unassigned ops_sky sky_apogee 0 0 0.0 0.0 -999 ""
FIBERMAP 944 R-1C11 BOSS 1 1 0 1 0 0 -65.54467301425001 -22.37353234304234 143.1 -56.07928257224174 40.617587002289014 167.76732 145.7081 38.17758211564529 26.186871225958672 -0.04458064 2.43904 0.35752782 38.177568875086216 26.18687242046506 38.22408505773791 26.305408749293207 74.0048822410785 250.56193346459975 5400.0 5400.0 2016.0 1 440 {-999.0 17.635975 17.203419 17.026546 16.946625} sdss_psfmag_from_gaia 17.555 17.2176 16.6903 15.709 63050396555051447 974239037 "" ops_std_boss_gdr2 ops_std standard_boss 0 0 0.0 0.0 -999 ""
FIBERMAP 944 R-1C11 METROLOGY 0 0 0 1 0 0 -64.8243441923947 -22.21703204358367 143.1 -55.53596682966607 40.11964437912747 167.76732 145.7081 -999.0 -999.0 -999.0 -999.0 -999.0 38.180356190068096 26.18461985129372 38.22685413669387 26.303144290586346 74.00602150821972 250.5504616998561 -999.0 6231.0 -999.0 -1 -999 {-999.0 -999.0 -999.0 -999.0 -999.0} "" -999.0 -999.0 -999.0 -999.0 -999 -999 "" "" "" "" 0 0 0.0 0.0 -999 ""
FIBERMAP 948 R-8C9 APOGEE 0 0 0 1 0 0 -25.72829790324092 -166.58304143967402 143.1 -150.87259680189766 -75.08288505516322 243.88617 127.4456 -999.0 -999.0 -999.0 -999.0 -999.0 37.70276583753963 25.658305413943374 37.747781932820715 25.777613883676796 73.37759527198733 249.63167492847987 -999.0 16600.0 -999.0 2 -999 {-999.0 -999.0 -999.0 -999.0 -999.0} "" -999.0 -999.0 -999.0 -999.0 -999 -999 "" "" "" "" 0 0 0.0 0.0 -999 ""
FIBERMAP 948 R-8C9 BOSS 1 1 0 1 0 0 -26.460848305053307 -166.73475850588576 143.1 -151.41905652093075 -74.57220313227477 243.88617 127.4456 37.699866216026166 25.660596158637286 1.7545637 -3.768527 1.6901894 37.6998833193743 25.660554895737498 37.74496044536278 25.779897097386677 73.37647445516879 249.64295443590078 5400.0 5400.0 2016.0 1 384 {-999.0 15.100201 14.44703 14.217328 -999.0} sdss_psfmag_from_g3xp 14.930686 14.482918 13.872313 12.693 63050396554106716 1095948312 bright_1x1 mwm_bin_vis_boss mwm_filler science 0 0 0.0 0.0 -999 ""
FIBERMAP 948 R-8C9 METROLOGY 0 0 0 1 0 0 -26.224823362484855 -166.02615325625263 143.1 -150.7042612023801 -74.35618536061632 243.88617 127.4456 -999.0 -999.0 -999.0 -999.0 -999.0 37.703486969426216 25.661565634227856 37.74855240416599 25.780893755744206 73.37978780854947 249.64054094600334 -999.0 6231.0 -999.0 -1 -999 {-999.0 -999.0 -999.0 -999.0 -999.0} "" -999.0 -999.0 -999.0 -999.0 -999 -999 "" "" "" "" 0 0 0.0 0.0 -999 ""
FIBERMAP 950 R-5C15 APOGEE 0 0 0 1 0 0 71.1905783212248 -88.51167645831362 143.1 -31.212535325421197 -109.1915761573268 114.11577 131.79808 -999.0 -999.0 -999.0 -999.0 -999.0 38.30620375104706 25.505444068129364 38.35145927382695 25.623821990421245 73.77564302016611 248.211932047208 -999.0 16600.0 -999.0 2 -999 {-999.0 -999.0 -999.0 -999.0 -999.0} "" -999.0 -999.0 -999.0 -999.0 -999 -999 "" "" "" "" 0 0 0.0 0.0 -999 ""
FIBERMAP 950 R-5C15 BOSS 1 1 0 1 0 0 71.48086240267195 -87.83405952088698 143.1 -30.49174589618239 -109.03774173105181 114.11577 131.79808 38.3097690194028 25.50605336133999 -999.0 -999.0 -999.0 38.3097619599646 25.50606980625772 38.35507888969261 25.62447177156167 73.7787941748 248.20810403670674 5400.0 5400.0 2016.0 1 315 {-999.0 19.35422 18.438372 17.949535 -999.0} sdss_psfmag -999.0 -999.0 -999.0 13.823 63050397381283199 1118030485 bright_1x1 openfibertargets_bhm_lofarradio_boss open_fiber science 0 0 0.0 0.0 -999 ""
FIBERMAP 950 R-5C15 METROLOGY 0 0 0 1 0 0 71.93057496707547 -88.4164559529507 143.1 -30.707915252425014 -109.7409284141246 114.11577 131.79808 -999.0 -999.0 -999.0 -999.0 -999.0 38.308703802278465 25.502892730695283 38.353997515535355 25.621288286363445 73.77635756851532 248.1999822169528 -999.0 6231.0 -999.0 -1 -999 {-999.0 -999.0 -999.0 -999.0 -999.0} "" -999.0 -999.0 -999.0 -999.0 -999 -999 "" "" "" "" 0 0 0.0 0.0 -999 ""
FIBERMAP 951 R+2C24 APOGEE 0 0 0 1 0 0 261.55258553643154 38.04926663922865 143.1 181.94619699467654 -191.63477165558407 14.462409 99.57617 -999.0 -999.0 -999.0 -999.0 -999.0 39.37341590833803 25.134350450837758 39.418869585282664 25.25106284657476 74.40709972703758 245.22624674946402 -999.0 16600.0 -999.0 2 -999 {-999.0 -999.0 -999.0 -999.0 -999.0} "" -999.0 -999.0 -999.0 -999.0 -999 -999 "" "" "" "" 0 0 0.0 0.0 -999 ""
FIBERMAP 951 R+2C24 BOSS 1 1 0 1 0 0 261.8641705954824 37.3745656500688 143.1 181.57497379920997 -192.27840911011904 14.462409 99.57617 39.37129800803151 25.13146531186262 52.247356 -17.85794 1.5782282 39.37148718525778 25.131421211461657 39.41698672198487 25.248167612382574 74.40410994290913 245.2205519469809 5400.0 5400.0 2016.0 1 185 {-999.0 17.245281 16.232946 15.809687 -999.0} sdss_psfmag 16.874231 16.220928 15.424409 13.811 63050396555014882 1073248253 bright_1x1 mwm_halo_local_high_boss_single mwm_halo science 0 0 0.0 0.0 -999 ""
FIBERMAP 951 R+2C24 METROLOGY 0 0 0 1 0 0 261.12304475107544 37.43922017032034 143.1 181.2002559645201 -191.63591167695012 14.462409 99.57617 -999.0 -999.0 -999.0 -999.0 -999.0 39.36968226402999 25.13430999502038 39.41517084865973 25.251050333336433 74.40426897725786 245.23287833118604 -999.0 6231.0 -999.0 -1 -999 {-999.0 -999.0 -999.0 -999.0 -999.0} "" -999.0 -999.0 -999.0 -999.0 -999 -999 "" "" "" "" 0 0 0.0 0.0 -999 ""
FIBERMAP 954 R+12C12 APOGEE 0 0 0 1 0 0 80.00591699333992 244.54959824185738 143.1 245.84968522300753 75.73449704471723 143.11531 102.01485 -999.0 -999.0 -999.0 -999.0 -999.0 39.703480420365935 26.342043843265966 39.75161909516174 26.45809424255598 75.28138151929838 248.61094696087335 -999.0 16600.0 -999.0 2 -999 {-999.0 -999.0 -999.0 -999.0 -999.0} "" -999.0 -999.0 -999.0 -999.0 -999 -999 "" "" "" "" 0 0 0.0 0.0 -999 ""
FIBERMAP 954 R+12C12 BOSS 1 1 0 1 0 0 80.3133280710847 245.2228967741317 143.1 246.57682787019812 75.87185455223336 143.11531 102.01485 39.70710364097346 26.34260162684621 -999.0 -999.0 -999.0 39.707069069769275 26.342603916059037 39.755264501842646 26.45867444338406 75.28451706047467 248.60671480723752 5400.0 5400.0 2016.0 1 101 {-999.0 21.969013 21.09499 20.793423 -999.0} sdss_psfmag -999.0 -999.0 -999.0 -999.0 63050398811279136 1118071990 bright_1x1 openfibertargets_bhm_lofarradio_boss open_fiber science 0 0 0.0 0.0 -999 ""
FIBERMAP 954 R+12C12 METROLOGY 0 0 0 1 0 0 80.74814044484057 244.62553458726777 143.1 246.33984241266378 75.1722024159435 143.11531 102.01485 -999.0 -999.0 -999.0 -999.0 -999.0 39.70588570587288 26.339460711783442 39.75405889581117 26.45552612682947 75.28204620491246 248.59793768628532 -999.0 6231.0 -999.0 -1 -999 {-999.0 -999.0 -999.0 -999.0 -999.0} "" -999.0 -999.0 -999.0 -999.0 -999 -999 "" "" "" "" 0 0 0.0 0.0 -999 ""
FIBERMAP 956 R+10C8 APOGEE 0 0 0 1 0 0 -12.17160145215272 211.01506891911816 143.1 165.2933378584829 131.66224683604588 109.28634 55.376556 -999.0 -999.0 -999.0 -999.0 -999.0 39.29996243554777 26.59877794086653 39.348253234297204 26.715454973882398 75.0860839027137 250.16644359293394 -999.0 16600.0 -999.0 2 -999 {-999.0 -999.0 -999.0 -999.0 -999.0} "" -999.0 -999.0 -999.0 -999.0 -999 -999 "" "" "" "" 0 0 0.0 0.0 -999 ""
FIBERMAP 956 R+10C8 BOSS 1 1 0 1 0 0 -11.449476313599297 210.83299680859875 143.1 165.56121227708928 130.967533614504 109.28634 55.376556 39.301197148346276 26.595666661815955 33.71101 -30.17192 1.0898212 39.30129907648092 26.59562958898919 39.34963871925453 26.712330088734518 75.08572774298301 250.15345798522748 5400.0 5400.0 2016.0 1 120 {-999.0 17.768545 17.023981 16.666815 -999.0} sdss_psfmag 17.528633 17.010017 16.327879 14.974 63050396555029447 1073248251 bright_1x1 mwm_halo_local_high_boss_single mwm_halo science 0 0 0.0 0.0 -999 ""
FIBERMAP 956 R+10C8 METROLOGY 0 0 0 1 0 0 -11.970030143950842 210.29671595001344 143.1 164.82300768900035 131.08326596261915 109.28634 55.376556 -999.0 -999.0 -999.0 -999.0 -999.0 39.29758312138637 26.596185165568613 39.34590521991311 26.712884431962202 75.08303231535035 250.16138618115923 -999.0 6231.0 -999.0 -1 -999 {-999.0 -999.0 -999.0 -999.0 -999.0} "" -999.0 -999.0 -999.0 -999.0 -999 -999 "" "" "" "" 0 0 0.0 0.0 -999 ""
FIBERMAP 962 R-1C12 APOGEE 0 0 0 1 0 0 -47.9775478563831 -15.82213793382014 143.1 -40.59592305703163 30.05144715893789 175.79071 106.09277 -999.0 -999.0 -999.0 -999.0 -999.0 38.25637017807125 26.13904715425345 38.302806900627445 26.25743700080301 74.04479161522308 250.2878379576951 -999.0 16600.0 -999.0 2 -999 {-999.0 -999.0 -999.0 -999.0 -999.0} "" -999.0 -999.0 -999.0 -999.0 -999 -999 "" "" "" "" 0 0 0.0 0.0 -999 ""
FIBERMAP 962 R-1C12 BOSS 1 1 0 1 0 0 -48.14691998344378 -15.10243071182546 143.1 -40.1059130776721 30.60491544229742 175.79071 106.09277 38.258662619501735 26.141798392252326 44.870026 -73.51246 2.37596 38.25876461798969 26.14156493614885 38.30526588515113 26.25997818406963 74.0479323519684 250.29222865905484 5400.0 5400.0 2016.0 1 439 {-999.0 20.499958 18.943268 17.856712 -999.0} sdss_psfmag 19.740839 18.531384 17.42907 15.527 63050396555025693 1072709702 bright_1x1 mwm_halo_local_high_boss_single mwm_halo science 0 0 0.0 0.0 -999 ""
FIBERMAP 962 R-1C12 METROLOGY 0 0 0 1 0 0 -47.43147690113463 -15.313739967315737 143.1 -39.865768159644475 29.898793479188495 175.79071 106.09277 -999.0 -999.0 -999.0 -999.0 -999.0 38.26001478813733 26.138357479903075 38.306494652465176 26.25676132371496 74.0473932110932 250.28001287136894 -999.0 6231.0 -999.0 -1 -999 {-999.0 -999.0 -999.0 -999.0 -999.0} "" -999.0 -999.0 -999.0 -999.0 -999 -999 "" "" "" "" 0 0 0.0 0.0 -999 ""
FIBERMAP 963 R+9C11 APOGEE 1 1 0 1 0 0 39.68257383039778 154.40862760715567 143.1 148.98044733367007 56.665105437851956 350.1721 38.462517 39.217114976771065 26.25937255532977 6.564253 1.5987109 0.89339024 39.217137886818634 26.25941779033016 39.264675794327616 26.376263834505693 74.85993255451622 249.14963603729876 16000.0 16600.0 2016.0 2 28 {-999.0 13.310017 12.326446 11.937604 -999.0} sdss_psfmag_gaia 12.994726 12.352067 11.584251 9.945 63050396555027464 1105947044 bright_1x1 mwm_tess_rgb_apogee mwm_tessrgb science 0 0 0.0 0.0 -999 ""
FIBERMAP 963 R+9C11 BOSS 0 0 0 1 0 0 39.04197996036686 154.03425777962167 143.1 148.30521448276218 56.97225976492914 350.1721 38.462517 -999.0 -999.0 -999.0 -999.0 -999.0 39.213740115265765 26.26082395351596 39.26133191374345 26.37770186748448 74.85799532560395 249.1599728231397 -999.0 5400.0 -999.0 1 133 {-999.0 -999.0 -999.0 -999.0 -999.0} "" -999.0 -999.0 -999.0 -999.0 -999 -999 "" "" "" "" 0 0 0.0 0.0 -999 ""
FIBERMAP 963 R+9C11 METROLOGY 0 0 0 1 0 0 39.04578295274694 154.80570119226667 143.1 148.93736729189652 57.41415736086553 350.1721 38.462517 -999.0 -999.0 -999.0 -999.0 -999.0 39.21693919563111 26.262818462263024 39.26452248159302 26.37968348737742 74.86145409362983 249.16137407143276 -999.0 6231.0 -999.0 -1 -999 {-999.0 -999.0 -999.0 -999.0 -999.0} "" -999.0 -999.0 -999.0 -999.0 -999 -999 "" "" "" "" 0 0 0.0 0.0 -999 ""
FIBERMAP 964 R+8C14 APOGEE 0 0 0 1 1 0 110.76871387930768 159.24554316196648 143.1 193.93593179131523 1.4064620902832075 80.55563 27.033443 -999.0 -999.0 -999.0 -999.0 -999.0 39.442148360039035 26.007280572414903 39.489384564488546 26.12378995133829 74.91245116977012 247.92711976824728 -999.0 16600.0 -999.0 2 -999 {-999.0 -999.0 -999.0 -999.0 -999.0} "" -999.0 -999.0 -999.0 -999.0 -999 -999 "" "" "" "" 0 0 0.0 0.0 -999 ""
FIBERMAP 964 R+8C14 BOSS 1 0 0 1 1 0 111.01535187112368 158.51285664525898 143.1 193.479893358461 0.7824116253134602 80.55563 27.033443 39.43518705306345 26.052203927779374 -6.108022 -12.86845 2.2723618 39.43984934215816 26.00443220230002 39.48713110117649 26.12097297127842 74.90929581318935 247.92158923215416 5400.0 5400.0 2016.0 1 161 {-999.0 20.324564 18.799517 17.414848 -999.0} sdss_psfmag 19.859781 18.129908 16.922474 14.541 63050396555026873 1095486573 bright_1x1 mwm_bin_vis_boss mwm_filler science 0 0 0.0 0.0 -999 ""
FIBERMAP 964 R+8C14 METROLOGY 0 0 0 1 1 0 110.27990488326388 158.6818697229094 143.1 193.19367032166875 1.4804704060167788 80.55563 27.033443 -999.0 -999.0 -999.0 -999.0 -999.0 39.438438593232405 26.00761623833059 39.4857103576241 26.12415119009224 74.90976738432772 247.93461828885222 -999.0 6231.0 -999.0 -1 -999 {-999.0 -999.0 -999.0 -999.0 -999.0} "" -999.0 -999.0 -999.0 -999.0 -999 -999 "" "" "" "" 0 0 0.0 0.0 -999 ""
FIBERMAP 965 R+5C15 APOGEE 0 0 0 1 0 0 62.99687843995862 111.5081543039616 143.1 127.39674590159484 12.879778779308817 198.78986 37.062645 -999.0 -999.0 -999.0 -999.0 -999.0 39.10760372801286 26.0608234638156 39.154649791753684 26.17786649386187 74.67755225832795 248.67068556895802 -999.0 16600.0 -999.0 2 -999 {-999.0 -999.0 -999.0 -999.0 -999.0} "" -999.0 -999.0 -999.0 -999.0 -999 -999 "" "" "" "" 0 0 0.0 0.0 -999 ""
FIBERMAP 965 R+5C15 BOSS 1 1 0 1 0 0 63.39904741927785 112.13783883311825 143.1 128.1429340469223 12.914598672770632 198.78986 37.062645 39.11135652220959 26.060950764278335 -4.512969 -0.7275941 1.2960033 39.11137812117557 26.060947960220215 39.15848222088903 26.178012234670607 74.68062521944623 248.66481369147562 5400.0 5400.0 2016.0 1 213 {-999.0 15.462043 14.815939 14.572563 -999.0} sdss_psfmag_from_g3xp 15.299872 14.845771 14.225783 13.026 63050396555024493 1095754823 bright_1x1 mwm_bin_vis_boss mwm_filler science 0 0 0.0 0.0 -999 ""
FIBERMAP 965 R+5C15 METROLOGY 0 0 0 1 0 0 63.742454699273345 111.48026125719241 143.1 127.80405027707216 12.254852811024152 198.78986 37.062645 -999.0 -999.0 -999.0 -999.0 -999.0 39.10966153498367 26.057958942070012 39.15674277281647 26.17501855389722 74.67780137739102 248.6578095597858 -999.0 6231.0 -999.0 -1 -999 {-999.0 -999.0 -999.0 -999.0 -999.0} "" -999.0 -999.0 -999.0 -999.0 -999 -999 "" "" "" "" 0 0 0.0 0.0 -999 ""
FIBERMAP 971 R+4C2 APOGEE 0 0 0 1 0 0 -238.23129147980177 79.9167568391977 143.1 -72.16262271723595 240.63873760244044 179.38783 107.79058 -999.0 -999.0 -999.0 -999.0 -999.0 38.09353711020997 27.090987487674926 38.14168681923314 27.209533905495157 74.34014922910907 253.6528552862323 -999.0 16600.0 -999.0 2 -999 {-999.0 -999.0 -999.0 -999.0 -999.0} "" -999.0 -999.0 -999.0 -999.0 -999 -999 "" "" "" "" 0 0 0.0 0.0 -999 ""
FIBERMAP 971 R+4C2 BOSS 1 1 0 1 0 0 -238.45428264423862 80.63126532794152 143.1 -71.707787874774 241.232992217087 179.38783 107.79058 38.09585946668994 27.093910059639096 -15.695432 -83.28921 1.9606032 38.095779876616504 27.093655959387224 38.143995397302376 27.21222264843399 74.3431425193688 253.6586955784719 5400.0 5400.0 2016.0 1 72 {-999.0 17.37889 16.32198 15.89552 -999.0} sdss_psfmag 17.005795 16.331202 15.531183 13.894 63050396555055520 1073248270 bright_1x1 mwm_halo_local_high_boss_single mwm_halo science 0 0 0.0 0.0 -999 ""
FIBERMAP 971 R+4C2 METROLOGY 0 0 0 1 0 0 -237.7324445008313 80.47156642102179 143.1 -71.42180909668598 240.55141922105864 179.38783 107.79058 -999.0 -999.0 -999.0 -999.0 -999.0 38.09725313596308 27.09062285086575 38.14544750907214 27.209180726359133 74.34303510811311 253.64645682217272 -999.0 6231.0 -999.0 -1 -999 {-999.0 -999.0 -999.0 -999.0 -999.0} "" -999.0 -999.0 -999.0 -999.0 -999 -999 "" "" "" "" 0 0 0.0 0.0 -999 ""
FIBERMAP 973 R+9C14 APOGEE 0 0 1 1 0 0 101.32241002086498 182.18240061200933 143.1 207.21707033596053 22.35130067390119 11.800298 169.30779 -999.0 -999.0 -999.0 -999.0 -999.0 39.50926064594546 26.101932350013357 39.55674492755094 26.21832315848313 75.01177506788659 248.1283546658131 -999.0 16600.0 -999.0 2 39 {-999.0 -999.0 -999.0 -999.0 -999.0} "" -999.0 -999.0 -999.0 -999.0 -999 -999 "" ops_sky_apogee_best_unassigned ops_sky sky_apogee 0 0 0.0 0.0 -999 ""
FIBERMAP 973 R+9C14 BOSS 1 0 1 1 0 0 102.07111758567382 182.2276027882304 143.1 207.68587039448045 21.765982286500165 11.800298 169.30779 39.54769176329725 26.018238528901605 -999.0 -999.0 -999.0 39.51159041574516 26.099239649963643 39.5591244155591 26.21565396199505 75.0123148281514 248.11530465453376 5400.0 5400.0 2016.0 1 162 {-999.0 -999.0 -999.0 -999.0 -999.0} "" -999.0 -999.0 -999.0 -999.0 63050398096189425 1117905546 bright_1x1 openfibertargets_bhm_lofarradio_boss open_fiber science 0 0 0.0 0.0 -999 ""
FIBERMAP 973 R+9C14 METROLOGY 0 0 1 1 0 0 101.72544996406826 181.55870498683308 143.1 206.94025328697532 21.662403531132714 11.800298 169.30779 -999.0 -999.0 -999.0 -999.0 -999.0 39.50785975007378 26.098800766697305 39.55537454933153 26.2152135202067 75.00917147065105 248.1202421912239 -999.0 6231.0 -999.0 -1 -999 {-999.0 -999.0 -999.0 -999.0 -999.0} "" -999.0 -999.0 -999.0 -999.0 -999 -999 "" "" "" "" 0 0 0.0 0.0 -999 ""
FIBERMAP 975 R-1C21 APOGEE 0 0 0 1 0 0 176.18372002814223 -35.94672650920327 143.1 72.27663908834067 -164.60693808069558 334.89822 73.41793 -999.0 -999.0 -999.0 -999.0 -999.0 38.82700515165201 25.255152061398675 38.872228488957205 25.372729342275072 74.05177798770583 246.5668955523246 -999.0 16600.0 -999.0 2 -999 {-999.0 -999.0 -999.0 -999.0 -999.0} "" -999.0 -999.0 -999.0 -999.0 -999 -999 "" "" "" "" 0 0 0.0 0.0 -999 ""
FIBERMAP 975 R-1C21 BOSS 1 1 0 1 0 0 175.72736616154745 -36.502881606224584 143.1 71.55923865328683 -164.55509563918633 334.89822 73.41793 38.82335145724353 25.255300312751896 5.984397 -5.9315724 2.7221072 38.82337633361605 25.25530060521259 38.868652038805806 25.37291405419861 74.04911470455998 246.5735893584361 5400.0 5400.0 2016.0 1 270 {-999.0 21.08607 19.54398 18.192549 -999.0} sdss_psfmag 20.497213 18.935392 17.740877 15.44 63050396555016532 1094680775 bright_1x1 mwm_bin_vis_boss mwm_filler science 0 0 0.0 0.0 -999 ""
FIBERMAP 975 R-1C21 METROLOGY 0 0 0 1 0 0 175.45165536015594 -35.80270115588678 143.1 71.97196220185373 -163.926055333844 334.89822 73.41793 -999.0 -999.0 -999.0 -999.0 -999.0 38.825468508622855 25.258163141475546 38.87073591114961 25.375764327088113 74.05220565252417 246.57888203741487 -999.0 6231.0 -999.0 -1 -999 {-999.0 -999.0 -999.0 -999.0 -999.0} "" -999.0 -999.0 -999.0 -999.0 -999 -999 "" "" "" "" 0 0 0.0 0.0 -999 ""
FIBERMAP 979 R+3C7 APOGEE 1 1 0 1 0 0 -141.9943670239178 68.37042725561693 143.1 -26.077562988661487 155.39142689478047 214.85658 36.60721 38.32854730345273 26.70872855764419 1.3000765 -22.415283 3.501691 38.32853962850563 26.708658479270433 38.376156473643164 26.82687463852665 74.3632569616262 252.0388142683557 16000.0 16600.0 2016.0 2 125 {-999.0 12.04389 11.554666 11.392043 -999.0} sdss_psfmag_gaia 11.946387 11.58826 11.062326 10.198 63050396555053164 1103790137 bright_1x1 mwm_tess_2min_apogee mwm_planet science 0 0 0.0 0.0 -999 ""
FIBERMAP 979 R+3C7 BOSS 0 0 0 1 0 0 -141.75742246857186 69.0715047857745 143.1 -25.368384316209248 155.60235138683132 214.85658 36.60721 -999.0 -999.0 -999.0 -999.0 -999.0 38.3320774898296 26.709655280714784 38.37975700940348 26.827891092985354 74.3665876139328 252.03691006824113 -999.0 5400.0 -999.0 1 43 {-999.0 -999.0 -999.0 -999.0 -999.0} "" -999.0 -999.0 -999.0 -999.0 -999 -999 "" "" "" "" 0 0 0.0 0.0 -999 ""
FIBERMAP 979 R+3C7 METROLOGY 0 0 0 1 0 0 -141.26248299173153 68.52106304775764 143.1 -25.532370627612504 154.88066540061925 214.85658 36.60721 -999.0 -999.0 -999.0 -999.0 -999.0 38.331268662117104 26.70638433692148 38.378924720319105 26.824614595489404 74.3644691692621 252.02723457371997 -999.0 6231.0 -999.0 -1 -999 {-999.0 -999.0 -999.0 -999.0 -999.0} "" -999.0 -999.0 -999.0 -999.0 -999 -999 "" "" "" "" 0 0 0.0 0.0 -999 ""
FIBERMAP 983 R+6C5 APOGEE 1 1 0 1 0 0 -125.84787814285562 109.24910002095642 143.1 16.61789340548159 165.7868872488842 307.76053 130.69386 38.54566790053682 26.756081852148558 2.1902323 -2.2733123 2.0477102 38.54569185654473 26.756070203897238 38.59360349742292 26.873937558419968 74.55799721979007 251.87488465728472 16000.0 16600.0 2016.0 2 150 {-999.0 11.888167 11.306795 11.082801 -999.0} sdss_psfmag_from_g3xp 11.744771 11.329628 10.741049 9.706 63050396555055926 1107897832 bright_1x1 mwm_tess_rgb_apogee mwm_tessrgb science 0 0 0.0 0.0 -999 ""
FIBERMAP 983 R+6C5 BOSS 0 0 0 1 0 0 -125.97719849175364 108.5097096588422 143.1 15.939511017320383 165.46597649815672 307.76053 130.69386 -999.0 -999.0 -999.0 -999.0 -999.0 38.542192121374285 26.754649553993268 38.590154409246054 26.872547691248467 74.55462342018592 251.87534116055144 -999.0 5400.0 -999.0 1 49 {-999.0 -999.0 -999.0 -999.0 -999.0} "" -999.0 -999.0 -999.0 -999.0 -999 -999 "" "" "" "" 0 0 0.0 0.0 -999 ""
FIBERMAP 983 R+6C5 METROLOGY 0 0 0 1 0 0 -126.552368256403 108.9921611744759 143.1 16.001696232389893 166.21395856373334 307.76053 130.69386 -999.0 -999.0 -999.0 -999.0 -999.0 38.54251714797122 26.758026208728214 38.59047035076139 26.875916360425432 74.55637216246554 251.88620452402012 -999.0 6231.0 -999.0 -1 -999 {-999.0 -999.0 -999.0 -999.0 -999.0} "" -999.0 -999.0 -999.0 -999.0 -999 -999 "" "" "" "" 0 0 0.0 0.0 -999 ""
FIBERMAP 985 R+9C10 APOGEE 0 0 0 1 0 0 21.339086815111866 191.12802073582316 143.1 168.38408187845846 92.8257489936879 106.43806 59.93491 -999.0 -999.0 -999.0 -999.0 -999.0 39.31536704394132 26.42288593531984 39.36331944800639 26.539556537871906 75.01544562100081 249.53978504257338 -999.0 16600.0 -999.0 2 10 {-999.0 -999.0 -999.0 -999.0 -999.0} "" -999.0 -999.0 -999.0 -999.0 -999 -999 "" ops_sky_apogee_best_unassigned ops_sky sky_apogee 0 0 0.0 0.0 -999 ""
FIBERMAP 985 R+9C10 BOSS 1 1 0 1 0 0 22.055780386905056 190.9578818189489 143.1 168.6585677469934 92.14235477872468 106.43806 59.93491 39.31674255972358 26.419774593578868 -999.0 -999.0 -999.0 39.31674222754334 26.419777939155164 39.36474348325697 26.536472571446833 75.01510600305359 249.52694699901883 5400.0 5400.0 2016.0 1 126 {-999.0 20.478064 19.238514 18.748259 -999.0} sdss_psfmag 19.861 20.727526 18.241072 15.822 63050396555027818 1118005313 bright_1x1 openfibertargets_bhm_lofarradio_boss open_fiber science 0 0 0.0 0.0 -999 ""
FIBERMAP 985 R+9C10 METROLOGY 0 0 0 1 0 0 21.541639731653852 190.40968156591123 143.1 167.91432921302228 92.2459745009418 106.43806 59.93491 -999.0 -999.0 -999.0 -999.0 -999.0 39.31299762477587 26.420277004153206 39.36098125598062 26.53697027886788 75.01237804502408 249.5348107985998 -999.0 6231.0 -999.0 -1 -999 {-999.0 -999.0 -999.0 -999.0 -999.0} "" -999.0 -999.0 -999.0 -999.0 -999 -999 "" "" "" "" 0 0 0.0 0.0 -999 ""
FIBERMAP 986 R+2C13 APOGEE 0 0 1 1 0 0 0.6043908153342007 46.40937954620572 143.1 38.24644169364632 26.277464416297143 10.989989 169.39554 -999.0 -999.0 -999.0 -999.0 -999.0 38.656400745739504 26.12251227225079 38.70316526459385 26.2402701412757 74.35290937110321 249.60773707545923 -999.0 16600.0 -999.0 2 -999 {-999.0 -999.0 -999.0 -999.0 -999.0} "" -999.0 -999.0 -999.0 -999.0 -999 -999 "" "" "" "" 0 0 0.0 0.0 -999 ""
FIBERMAP 986 R+2C13 BOSS 1 0 1 1 0 0 1.357493274606989 46.41484539189047 143.1 38.68532831995377 25.66563547214483 10.989989 169.39554 38.573069701228796 26.128534670220155 -0.12978369 -0.25854412 0.11814621 38.6585961340575 26.119712935904783 38.705413191791706 26.23749493069777 74.3533562220106 249.59512670116368 5400.0 5400.0 2016.0 1 105 {-999.0 16.647524 15.780929 15.450076 -999.0} sdss_psfmag 16.360899 15.80323 15.089124 13.621 63050396555025947 1061677487 bright_1x1 manual_mwm_halo_distant_kgiant_near_boss_single mwm_halo science 0 0 0.0 0.0 -999 ""
FIBERMAP 986 R+2C13 METROLOGY 0 0 1 1 0 0 0.9924579093613847 45.77214653462746 143.1 37.949933033314196 25.592985099978858 10.989989 169.39554 -999.0 -999.0 -999.0 -999.0 -999.0 38.65487760578197 26.119386786714532 38.70167481059252 26.237166990556126 74.35025331366366 249.5999939754177 -999.0 6231.0 -999.0 -1 -999 {-999.0 -999.0 -999.0 -999.0 -999.0} "" -999.0 -999.0 -999.0 -999.0 -999 -999 "" "" "" "" 0 0 0.0 0.0 -999 ""
FIBERMAP 988 R+7C6 APOGEE 0 0 0 1 0 0 -109.5465907985301 152.66235835058268 143.1 61.472381742252125 177.5180019741169 159.3066 66.170074 -999.0 -999.0 -999.0 -999.0 -999.0 38.77374347158239 26.808814234419735 38.821971012525296 26.92631324164754 74.76370217408582 251.70988713051617 -999.0 16600.0 -999.0 2 -999 {-999.0 -999.0 -999.0 -999.0 -999.0} "" -999.0 -999.0 -999.0 -999.0 -999 -999 "" "" "" "" 0 0 0.0 0.0 -999 ""
FIBERMAP 988 R+7C6 BOSS 1 1 0 1 0 0 -108.90969901844574 153.23346244756343 143.1 62.30613185368658 177.32735590380472 159.3066 66.170074 38.77796529237727 26.807960798324075 6.360988 -3.4675317 2.3914552 38.77794710475328 26.80796867067576 38.82623273385917 26.925485834000398 74.76673631423908 251.70063061509217 5400.0 5400.0 2016.0 1 67 {-999.0 21.785437 20.207773 18.773558 -999.0} sdss_psfmag 20.771559 19.50053 18.279966 15.945 63050396555055869 1095384963 bright_1x1 mwm_bin_vis_boss mwm_filler science 0 0 0.0 0.0 -999 ""
FIBERMAP 988 R+7C6 METROLOGY 0 0 0 1 0 0 -108.82157948588328 152.486231756776 143.1 61.746776131818464 176.8243615491891 159.3066 66.170074 -999.0 -999.0 -999.0 -999.0 -999.0 38.775119686590635 26.805704158724666 38.82338236032348 26.92321905526555 74.76345143986593 251.69721277060438 -999.0 6231.0 -999.0 -1 -999 {-999.0 -999.0 -999.0 -999.0 -999.0} "" -999.0 -999.0 -999.0 -999.0 -999 -999 "" "" "" "" 0 0 0.0 0.0 -999 ""
FIBERMAP 990 R+4C7 APOGEE 1 1 0 1 0 0 -128.61337802936305 80.79239378389293 143.1 -8.215057419625884 151.6300859900227 193.24547 88.424835 38.41947662336641 26.691911767653515 3.4122608 -3.3065279 0.7731979 38.419456451692845 26.691880115478003 38.46712444751455 26.809954269794222 74.42846355241754 251.84833650153257 16000.0 16600.0 2016.0 2 95 {-999.0 12.916908 12.038113 11.702709 -999.0} sdss_psfmag_gaia 12.650182 12.075034 11.3527775 9.871 63050396555052801 1105150952 bright_1x1 mwm_tess_rgb_apogee mwm_tessrgb science 0 0 0.0 0.0 -999 ""
FIBERMAP 990 R+4C7 BOSS 0 0 0 1 0 0 -128.79093764938486 81.5147152858928 143.1 -7.7276355373354955 152.1917481967569 193.24547 88.424835 -999.0 -999.0 -999.0 -999.0 -999.0 38.42187086543354 26.694458952933626 38.469603285671155 26.81255437238904 74.43160254661359 251.8533373408486 -999.0 5400.0 -999.0 1 51 {-999.0 -999.0 -999.0 -999.0 -999.0} "" -999.0 -999.0 -999.0 -999.0 -999 -999 "" "" "" "" 0 0 0.0 0.0 -999 ""
FIBERMAP 990 R+4C7 METROLOGY 0 0 0 1 0 0 -128.07599322125324 81.31568635026636 143.1 -7.477750181925956 151.49311727210744 193.24547 88.424835 -999.0 -999.0 -999.0 -999.0 -999.0 38.42316567848395 26.691296198677005 38.470876874060195 26.809382721697265 74.43120714695466 251.84087085872392 -999.0 6231.0 -999.0 -1 -999 {-999.0 -999.0 -999.0 -999.0 -999.0} "" -999.0 -999.0 -999.0 -999.0 -999 -999 "" "" "" "" 0 0 0.0 0.0 -999 ""
FIBERMAP 991 R-3C20 APOGEE 0 0 0 1 0 0 183.92151071867875 -57.893451593166226 143.1 58.81849364170355 -183.58545570025996 22.550497 94.27866 -999.0 -999.0 -999.0 -999.0 -999.0 38.75923138374446 25.169410766719924 38.80423073390784 25.287105259933792 73.95467307946356 246.4181858631699 -999.0 16600.0 -999.0 2 226 {-999.0 -999.0 -999.0 -999.0 -999.0} "" -999.0 -999.0 -999.0 -999.0 -999 -999 "" ops_sky_apogee_best_unassigned ops_sky sky_apogee 0 0 0.0 0.0 -999 ""
FIBERMAP 991 R-3C20 BOSS 1 1 0 1 0 0 184.26481552324685 -58.547246053253204 143.1 58.48264004389688 -184.24293561013468 22.550497 94.27866 38.75748635663681 25.166347990193024 -999.0 -999.0 -999.0 38.75750128633463 25.1663638167879 38.80254866822372 25.284092136191486 73.95180078438464 246.4117733197778 5400.0 5400.0 2016.0 1 290 {-999.0 21.56313 20.405632 19.80753 -999.0} sdss_psfmag -999.0 -999.0 -999.0 16.534 63050398811175684 1118071943 bright_1x1 openfibertargets_bhm_lofarradio_boss open_fiber science 0 0 0.0 0.0 -999 ""
FIBERMAP 991 R-3C20 METROLOGY 0 0 0 1 0 0 183.52432256561494 -58.52573483330283 143.1 58.073056558103744 -183.62584197887892 22.550497 94.27866 -999.0 -999.0 -999.0 -999.0 -999.0 38.75546888690394 25.169160777077696 38.800504241753 25.28688332213292 73.95168509332169 246.42387624152508 -999.0 6231.0 -999.0 -1 -999 {-999.0 -999.0 -999.0 -999.0 -999.0} "" -999.0 -999.0 -999.0 -999.0 -999 -999 "" "" "" "" 0 0 0.0 0.0 -999 ""
FIBERMAP 994 R+7C2 APOGEE 0 0 1 1 0 0 -189.81788165219092 143.2965641657932 143.1 7.520218128531314 237.66476017312345 10.475736 169.78244 -999.0 -999.0 -999.0 -999.0 -999.0 38.49875112220918 27.079397562220297 38.54726041066027 27.19730555324741 74.66170364564992 253.0394443724012 -999.0 16600.0 -999.0 2 -999 {-999.0 -999.0 -999.0 -999.0 -999.0} "" -999.0 -999.0 -999.0 -999.0 -999 -999 "" "" "" "" 0 0 0.0 0.0 -999 ""
FIBERMAP 994 R+7C2 BOSS 1 0 1 1 0 0 -189.0635915140551 143.3298099663054 143.1 7.982474914048932 237.0679860950454 10.475736 169.78244 38.47506932772454 27.001099720527996 -999.0 -999.0 -999.0 38.501052831148826 27.076736208393847 38.54961596227008 27.194664762957185 74.66247053243552 253.02703442127546 5400.0 5400.0 2016.0 1 70 {-999.0 20.302734 18.976208 18.475838 -999.0} sdss_psfmag_ps1 19.408484 21.261387 17.639011 15.248 63050396555044484 1117895571 bright_1x1 openfibertargets_bhm_lofarradio_boss open_fiber science 0 0 0.0 0.0 -999 ""
FIBERMAP 994 R+7C2 METROLOGY 0 0 1 1 0 0 -189.42803673079044 142.66041723483303 143.1 7.225621889807662 236.97945558664426 10.475736 169.78244 -999.0 -999.0 -999.0 -999.0 -999.0 38.497218691285546 27.076336136911653 38.54576128348049 27.19426403172881 74.65919921039325 253.03119996586955 -999.0 6231.0 -999.0 -1 -999 {-999.0 -999.0 -999.0 -999.0 -999.0} "" -999.0 -999.0 -999.0 -999.0 -999 -999 "" "" "" "" 0 0 0.0 0.0 -999 ""
FIBERMAP 996 R-6C15 APOGEE 0 0 0 1 0 0 79.69256385005716 -131.63003347226953 143.1 -61.51856919320399 -141.00687920357805 271.44653 78.01136 -999.0 -999.0 -999.0 -999.0 -999.0 38.15437974832184 25.36084717626437 38.19922537691548 25.479479730665194 73.58439652382259 248.0130523532332 -999.0 16600.0 -999.0 2 183 {-999.0 -999.0 -999.0 -999.0 -999.0} "" -999.0 -999.0 -999.0 -999.0 -999 -999 "" ops_sky_apogee_best_unassigned ops_sky sky_apogee 0 0 0.0 0.0 -999 ""
FIBERMAP 996 R-6C15 BOSS 1 1 0 1 0 0 78.96271924323045 -131.47574137577604 143.1 -61.81358164803711 -140.3218870367256 271.44653 78.01136 38.15277099609375 25.363848147174707 -999.0 -999.0 -999.0 38.152794072797455 25.363862606252603 38.19770169018307 25.48252766325344 73.58474419338168 248.0248209415767 5400.0 5400.0 2015.5 1 316 {-999.0 -999.0 -999.0 -999.0 -999.0} "" -999.0 -999.0 -999.0 -999.0 27021603080679096 816023168 "" ops_sky_boss_good ops_sky sky_boss 0 0 0.0 0.0 -999 ""
FIBERMAP 996 R-6C15 METROLOGY 0 0 0 1 0 0 79.46582073691943 -130.91119421962526 143.1 -61.062362150075494 -140.40706257690888 271.44653 78.01136 -999.0 -999.0 -999.0 -999.0 -999.0 38.15659423200582 25.36350369074904 38.201488137217495 25.48215420981855 73.58750858660943 248.01758481267376 -999.0 6231.0 -999.0 -1 -999 {-999.0 -999.0 -999.0 -999.0 -999.0} "" -999.0 -999.0 -999.0 -999.0 -999 -999 "" "" "" "" 0 0 0.0 0.0 -999 ""
FIBERMAP 999 R0C27 APOGEE 0 0 0 1 0 0 301.9178135079861 -16.841320730716962 143.1 160.40712982848532 -256.26028137282225 353.9013 55.15446 -999.0 -999.0 -999.0 -999.0 -999.0 39.26247956990346 24.845319363151887 39.30727629836122 24.962241325324698 74.16577678281269 244.53158337871622 -999.0 16600.0 -999.0 2 -999 {-999.0 -999.0 -999.0 -999.0 -999.0} "" -999.0 -999.0 -999.0 -999.0 -999 -999 "" "" "" "" 0 0 0.0 0.0 -999 ""
FIBERMAP 999 R0C27 BOSS 1 1 0 1 0 0 301.45229312118437 -17.40870170377905 143.1 159.67527470719867 -256.2074291582178 353.9013 55.15446 39.25833356571547 24.845809347181937 144.22166 -97.54224 13.606704 39.25879317545959 24.84553261443217 39.30364077747083 24.962492171543037 74.16315383501119 244.53895479178476 5400.0 5400.0 2016.0 1 174 {-999.0 16.699575 15.254184 14.018901 -999.0} sdss_psfmag 16.094109 14.709706 13.552393 11.438 63050396555014448 1151030937 bright_1x1 mwm_snc_100pc_boss_single mwm_snc science 0 0 0.0 0.0 -999 ""
FIBERMAP 999 R0C27 METROLOGY 0 0 0 1 0 0 301.18293038966823 -16.712445663604758 143.1 160.08845544167593 -255.58583644896913 353.9013 55.15446 -999.0 -999.0 -999.0 -999.0 -999.0 39.26089433529858 24.84831162835477 39.305733915156225 24.96525852022052 74.16625476953456 244.54364464091884 -999.0 6231.0 -999.0 -1 -999 {-999.0 -999.0 -999.0 -999.0 -999.0} "" -999.0 -999.0 -999.0 -999.0 -999 -999 "" "" "" "" 0 0 0.0 0.0 -999 ""
FIBERMAP 1004 R-13C1 APOGEE 1 1 0 1 0 0 -134.8720939377612 -247.58105684486662 143.1 -279.9744361480123 -32.67957311788445 12.440019 127.51944 37.05641133239181 25.846254156714352 214.5628 -121.065056 9.456489 37.05708168236496 25.84594999024036 37.101874220210505 25.966237696747477 72.9554015054579 251.15704260645225 16000.0 16600.0 2016.0 2 199 {-999.0 9.55366 9.217386 9.089452 -999.0} sdss_psfmag_from_g3xp 9.503732 9.21838 8.759989 7.957 63050396554129485 1103558513 bright_1x1 mwm_tess_2min_apogee mwm_planet science 0 0 0.0 0.0 -999 ""
FIBERMAP 1004 R-13C1 BOSS 0 0 0 1 0 0 -134.29853097885126 -248.04296170668974 143.1 -280.0207698861885 -33.41439083911032 12.440019 127.51944 -999.0 -999.0 -999.0 -999.0 -999.0 37.05685514919833 25.84260071146429 37.10170285449317 25.96291827601542 72.95372049042503 251.14726387327178 -999.0 5400.0 -999.0 1 340 {-999.0 -999.0 -999.0 -999.0 -999.0} "" -999.0 -999.0 -999.0 -999.0 -999 -999 "" "" "" "" 0 0 0.0 0.0 -999 ""
FIBERMAP 1004 R-13C1 METROLOGY 0 0 0 1 0 0 -134.98695594618084 -248.3243088551588 143.1 -280.6476317316337 -33.014518090745895 12.440019 127.51944 -999.0 -999.0 -999.0 -999.0 -999.0 37.05375398004683 25.844386493062675 37.098584772490824 25.964700366380196 72.95206842953624 251.15709448057714 -999.0 6231.0 -999.0 -1 -999 {-999.0 -999.0 -999.0 -999.0 -999.0} "" -999.0 -999.0 -999.0 -999.0 -999 -999 "" "" "" "" 0 0 0.0 0.0 -999 ""
FIBERMAP 1009 R-13C2 APOGEE 0 0 0 1 0 0 -107.54465949814474 -262.82442836659527 143.1 -276.65845324656493 -63.788158175168405 8.474335 67.49242 -999.0 -999.0 -999.0 -999.0 -999.0 37.07583386993134 25.705623839765444 37.12037957949644 25.825897555010805 72.90435717563491 250.70809736223183 -999.0 16600.0 -999.0 2 190 {-999.0 -999.0 -999.0 -999.0 -999.0} "" -999.0 -999.0 -999.0 -999.0 -999 -999 "" ops_sky_apogee_best_unassigned ops_sky sky_apogee 0 0 0.0 0.0 -999 ""
FIBERMAP 1009 R-13C2 BOSS 1 1 0 1 0 0 -107.72871073393824 -263.5411931105138 143.1 -277.34993082918885 -64.05132432852201 8.474335 67.49242 37.07207292901547 25.704405233204465 6.7094626 -8.484583 0.1256139 37.07239998214827 25.704383896974054 37.11700184931925 25.824692671286826 72.90110796935907 250.70936249746327 5400.0 5400.0 2016.0 1 341 {-999.0 14.182023 13.36923 13.065572 -999.0} sdss_psfmag_gaia 13.941982 13.410322 12.715048 11.283 63050396554127781 1061918938 bright_1x1 manual_mwm_halo_vmp_wise_boss_single mwm_halo science 0 0 0.9935353398323059 0.0 -999 ""
FIBERMAP 1009 R-13C2 METROLOGY 0 0 0 1 0 0 -108.265440957955 -263.0165372279183 143.1 -277.23110796792156 -63.31038654210876 8.474335 67.49242 -999.0 -999.0 -999.0 -999.0 -999.0 37.072942551914174 25.707740577875445 37.117533759309424 25.828039751956158 72.90310892455398 250.7186327489486 -999.0 6231.0 -999.0 -1 -999 {-999.0 -999.0 -999.0 -999.0 -999.0} "" -999.0 -999.0 -999.0 -999.0 -999 -999 "" "" "" "" 0 0 0.0 0.0 -999 ""
FIBERMAP 1011 R+6C3 APOGEE 0 0 0 1 0 0 -174.1285656252036 99.51843975384787 143.1 -19.178606277851976 199.59971473162815 318.62955 80.65624 -999.0 -999.0 -999.0 -999.0 -999.0 38.363228398733035 26.90827262100076 38.41127122126096 27.026413062961343 74.47889726537288 252.65542744033735 -999.0 16600.0 -999.0 2 126 {-999.0 -999.0 -999.0 -999.0 -999.0} "" -999.0 -999.0 -999.0 -999.0 -999 -999 "" ops_sky_apogee_best_unassigned ops_sky sky_apogee 0 0 0.0 0.0 -999 ""
FIBERMAP 1011 R+6C3 BOSS 1 1 0 1 0 0 -174.69863555162286 99.050465598847 143.1 -19.889594856975414 199.79528418586418 318.62955 80.65624 38.3595196568114 26.909170863845137 2.9392238 -2.3920362 -0.0025783035 38.359545828366436 26.909166603708627 38.4076443841725 27.027337384029597 74.4763869929087 252.663775250983 5400.0 5400.0 2016.0 1 27 {-999.0 17.107954 17.148094 17.258245 -999.0} sdss_psfmag 17.198908 17.084017 16.934462 16.636 63050396555056453 1061084444 bright_1x1 manual_mwm_halo_distant_bhb_boss_single mwm_halo science 0 0 0.0 0.0 -999 ""
FIBERMAP 1011 R+6C3 METROLOGY 0 0 0 1 0 0 -174.83401161997156 99.7845696642547 143.1 -19.368217996211534 200.32929610306127 318.62955 80.65624 -999.0 -999.0 -999.0 -999.0 -999.0 38.36221173523558 26.911574993089012 38.41030126951108 27.029734325624535 74.47955893995018 252.6680117895812 -999.0 6231.0 -999.0 -1 -999 {-999.0 -999.0 -999.0 -999.0 -999.0} "" -999.0 -999.0 -999.0 -999.0 -999 -999 "" "" "" "" 0 0 0.0 0.0 -999 ""
FIBERMAP 1012 R+1C12 APOGEE 0 0 0 1 0 0 -41.96316398214109 29.730246062168447 143.1 0.07142416486126578 51.41676917364849 130.46907 115.039764 -999.0 -999.0 -999.0 -999.0 -999.0 38.46251183946376 26.236830895267254 38.50932558543167 26.354884590667307 74.25400190440905 250.28480547934197 -999.0 16600.0 -999.0 2 -999 {-999.0 -999.0 -999.0 -999.0 -999.0} "" -999.0 -999.0 -999.0 -999.0 -999 -999 "" "" "" "" 0 0 0.0 0.0 -999 ""
FIBERMAP 1012 R+1C12 BOSS 1 1 0 1 0 0 -41.65759386505719 30.428829597442768 143.1 0.8181525439094719 51.57021552796504 130.46907 115.039764 38.46623881027453 26.237538213117844 0.22179702 -0.06819106 0.042628836 38.466246035595454 26.237536909829792 38.513121324302745 26.355611605929102 74.25734722966006 250.28129849881338 5400.0 5400.0 2016.0 1 22 {-999.0 19.035782 18.786943 18.564184 18.384085} sdss_psfmag_from_gaiadr2 19.125721 18.819244 18.318426 -999.0 63050396555026393 1057567053 bright_flexible_2x1 bhm_gua_bright bhm_filler science 0 0 0.0 0.0 -999 ""
FIBERMAP 1012 R+1C12 METROLOGY 0 0 0 1 0 0 -41.2221017307467 29.816783453335894 143.1 0.5695683140202716 50.86153793643453 130.46907 115.039764 -999.0 -999.0 -999.0 -999.0 -999.0 38.46500585445165 26.234310689058933 38.51185761912387 26.352380048688655 74.2548323298854 250.27273392177318 -999.0 6231.0 -999.0 -1 -999 {-999.0 -999.0 -999.0 -999.0 -999.0} "" -999.0 -999.0 -999.0 -999.0 -999 -999 "" "" "" "" 0 0 0.0 0.0 -999 ""
FIBERMAP 1013 R+10C15 APOGEE 0 0 0 1 0 0 137.8444955048272 183.18214722808315 143.1 229.1010359707592 -6.895859109378955 273.6126 130.89651 -999.0 -999.0 -999.0 -999.0 -999.0 39.617652422536466 25.96863286988607 39.664966162086614 26.08486189109126 75.02962590368267 247.49344813159456 -999.0 16600.0 -999.0 2 68 {-999.0 -999.0 -999.0 -999.0 -999.0} "" -999.0 -999.0 -999.0 -999.0 -999 -999 "" ops_sky_apogee_best_unassigned ops_sky sky_apogee 0 0 0.0 0.0 -999 ""
FIBERMAP 1013 R+10C15 BOSS 1 1 0 1 0 0 137.3362427892454 182.64290165746328 143.1 228.3675062389778 -6.791882004469396 273.6126 130.89651 39.61395263671875 25.969112657768846 -999.0 -999.0 -999.0 39.613987967801435 25.969097324852143 39.66135204217386 26.085359666877352 75.02706804464391 247.50142020981713 5400.0 5400.0 2015.5 1 228 {-999.0 -999.0 -999.0 -999.0 -999.0} "" -999.0 -999.0 -999.0 -999.0 27021603081056052 803859285 "" ops_sky_boss_good ops_sky sky_boss 0 0 0.0 0.0 -999 ""
FIBERMAP 1013 R+10C15 METROLOGY 0 0 0 1 0 0 137.11090818875175 183.35005253236795 143.1 228.81498107053545 -6.199957946046252 273.6126 130.89651 -999.0 -999.0 -999.0 -999.0 -999.0 39.61624659368276 25.97177459231805 39.66360308008382 26.088025208145833 75.03015429201682 247.5064188757574 -999.0 6231.0 -999.0 -1 -999 {-999.0 -999.0 -999.0 -999.0 -999.0} "" -999.0 -999.0 -999.0 -999.0 -999 -999 "" "" "" "" 0 0 0.0 0.0 -999 ""
FIBERMAP 1016 R+1C16 APOGEE 1 1 0 1 0 0 53.690357833340336 38.87581869425937 143.1 62.71691507301262 -21.418120222123946 144.47502 58.356613 38.78015123662466 25.9054358721248 54.955578 -60.537086 5.511902 38.780313105506146 25.905263325037534 38.826762376909244 26.022846620491876 74.34490204182347 248.70339114029122 16000.0 16600.0 2016.0 2 51 {-999.0 14.285384 13.141369 12.73598 -999.0} sdss_psfmag_from_g3xp 13.86703 13.178084 12.37655 10.797 63050396555024283 1093999680 bright_1x1 mwm_bin_vis_apogee mwm_filler science 0 0 0.0 0.0 -999 ""
FIBERMAP 1016 R+1C16 BOSS 0 0 0 1 0 0 54.36724766167102 39.178673434179515 143.1 63.35468598772239 -21.796166858151633 144.47502 58.356613 -999.0 -999.0 -999.0 -999.0 -999.0 38.78352020374918 25.903500748720617 38.83002440757082 26.021107162495593 74.34660555399799 248.69244957741358 -999.0 5400.0 -999.0 1 190 {-999.0 -999.0 -999.0 -999.0 -999.0} "" -999.0 -999.0 -999.0 -999.0 -999 -999 "" "" "" "" 0 0 0.0 0.0 -999 ""
FIBERMAP 1016 R+1C16 METROLOGY 0 0 0 1 0 0 54.299845912741645 38.43172614841541 143.1 62.705850053207406 -22.17199937976837 144.47502 58.356613 -999.0 -999.0 -999.0 -999.0 -999.0 38.7802443366143 25.901800642121145 38.826726574935265 26.019404517333818 74.34318785796668 248.69232957795208 -999.0 6231.0 -999.0 -1 -999 {-999.0 -999.0 -999.0 -999.0 -999.0} "" -999.0 -999.0 -999.0 -999.0 -999 -999 "" "" "" "" 0 0 0.0 0.0 -999 ""
FIBERMAP 1017 R+5C18 APOGEE 1 1 0 1 0 0 157.22251492102131 100.10943459204915 143.1 172.4421425570845 -70.63997040135085 6.5779085 124.97672 39.332007206571326 25.68073142358276 18.846987 -22.668034 4.3138657 39.33206790241484 25.680671549759452 39.378560095534624 25.797393121082795 74.66200590459385 247.0436365645115 16000.0 16600.0 2016.0 2 70 {-999.0 13.005904 12.31854 12.092635 -999.0} sdss_psfmag_from_g3xp 12.822485 12.367421 11.748645 10.66 63050396555017852 1093935173 bright_1x1 mwm_bin_vis_apogee mwm_filler science 0 0 0.0 0.0 -999 ""
FIBERMAP 1017 R+5C18 BOSS 0 0 0 1 0 0 157.58274003079316 99.48381134718471 143.1 172.13905390440647 -71.29501697830527 6.5779085 124.97672 -999.0 -999.0 -999.0 -999.0 -999.0 39.330527409080084 25.677654097865467 39.37706583964996 25.794407083190276 74.65932499751804 247.03652500054858 -999.0 5400.0 -999.0 1 209 {-999.0 -999.0 -999.0 -999.0 -999.0} "" -999.0 -999.0 -999.0 -999.0 -999 -999 "" "" "" "" 0 0 0.0 0.0 -999 ""
FIBERMAP 1017 R+5C18 METROLOGY 0 0 0 1 0 0 156.84195572475323 99.46798931519902 143.1 171.69881610057152 -70.69922092433526 6.5779085 124.97672 -999.0 -999.0 -999.0 -999.0 -999.0 39.3283491742447 25.68037345143728 39.37487591307337 25.797121551768345 74.65901466150807 247.04915200627906 -999.0 6231.0 -999.0 -1 -999 {-999.0 -999.0 -999.0 -999.0 -999.0} "" -999.0 -999.0 -999.0 -999.0 -999 -999 "" "" "" "" 0 0 0.0 0.0 -999 ""
FIBERMAP 1018 R-1C8 APOGEE 0 0 0 1 0 0 -125.10830690985729 -11.516074126460113 143.1 -81.57207670928713 95.52019369663755 44.26658 161.39401 -999.0 -999.0 -999.0 -999.0 -999.0 38.04733649060641 26.43593310242136 38.09416024513064 26.5546207281879 74.01605075465213 251.55956220330887 -999.0 16600.0 -999.0 2 -999 {-999.0 -999.0 -999.0 -999.0 -999.0} "" -999.0 -999.0 -999.0 -999.0 -999 -999 "" "" "" "" 0 0 0.0 0.0 -999 ""
FIBERMAP 1018 R-1C8 BOSS 1 1 0 1 0 0 -124.44346109665084 -11.189448477183761 143.1 -80.92184204719887 95.16569430325958 44.26658 161.39401 38.05049325116324 26.4345084318086 20.829617 -54.37847 1.6224247 38.05054391329951 26.434357147263448 38.09742588309979 26.553066387694834 74.01795230738162 251.54972752993152 5400.0 5400.0 2016.0 1 482 {-999.0 15.83133 15.041119 14.711132 -999.0} sdss_psfmag 15.592554 15.0529175 14.35353 12.94 63050396555052065 1072606647 bright_1x1 mwm_halo_local_high_boss_single mwm_halo science 0 0 0.0 0.0 -999 ""
FIBERMAP 1018 R-1C8 METROLOGY 0 0 0 1 0 0 -124.4900946697359 -11.933776899584615 143.1 -81.55655940939958 94.7744132104865 44.26658 161.39401 -999.0 -999.0 -999.0 -999.0 -999.0 38.04735408022425 26.432561236050134 38.09421310275775 26.551268173680967 74.0145757165774 251.54862823893606 -999.0 6231.0 -999.0 -1 -999 {-999.0 -999.0 -999.0 -999.0 -999.0} "" -999.0 -999.0 -999.0 -999.0 -999 -999 "" "" "" "" 0 0 0.0 0.0 -999 ""
FIBERMAP 1019 R+3C24 APOGEE 0 0 0 1 0 0 267.06581454729826 74.05714848088802 143.1 214.53043520448128 -175.3659039487974 98.73846 68.93181 -999.0 -999.0 -999.0 -999.0 -999.0 39.53590664210683 25.20771692853925 39.581641897303484 25.324158643295743 74.57052571908297 245.16198686880892 -999.0 16600.0 -999.0 2 84 {-999.0 -999.0 -999.0 -999.0 -999.0} "" -999.0 -999.0 -999.0 -999.0 -999 -999 "" ops_sky_apogee_best_unassigned ops_sky sky_apogee 0 0 0.0 0.0 -999 ""
FIBERMAP 1019 R+3C24 BOSS 1 1 0 1 0 0 267.7873111336325 73.89698909232787 143.1 214.81584092881025 -176.04746365647037 98.73846 68.93181 39.5372170690874 25.20464005493062 2.1102073 -3.9457636 0.06544737 39.537211057353126 25.204633346288066 39.58299401801611 25.321103508581633 74.56991971385357 245.14983064138258 5400.0 5400.0 2016.0 1 246 {-999.0 17.721388 16.857452 16.469236 -999.0} sdss_psfmag 17.450773 16.837465 16.096273 14.668 63050396555015512 1061677480 bright_1x1 manual_mwm_halo_distant_kgiant_near_boss_single mwm_halo science 0 0 0.0 0.0 -999 ""
FIBERMAP 1019 R+3C24 METROLOGY 0 0 0 1 0 0 267.2903222280448 73.34637041156634 143.1 214.07952140922418 -175.95924507448254 98.73846 68.93181 -999.0 -999.0 -999.0 -999.0 -999.0 39.53359123692672 25.20503118400804 39.579356996917795 25.321498603006322 74.56735630209837 245.15770790108627 -999.0 6231.0 -999.0 -1 -999 {-999.0 -999.0 -999.0 -999.0 -999.0} "" -999.0 -999.0 -999.0 -999.0 -999 -999 "" "" "" "" 0 0 0.0 0.0 -999 ""
FIBERMAP 1025 R-7C7 APOGEE 0 0 0 1 0 0 -67.41429908952225 -151.87421665584296 143.1 -162.90775383408717 -32.55747500655929 350.78677 62.048283 -999.0 -999.0 -999.0 -999.0 -999.0 37.64032166516646 25.851074741094266 37.68564926818368 25.970460123396688 73.42079300026708 250.3180028706622 -999.0 16600.0 -999.0 2 294 {-999.0 -999.0 -999.0 -999.0 -999.0} "" -999.0 -999.0 -999.0 -999.0 -999 -999 "" ops_sky_apogee_best_unassigned ops_sky sky_apogee 0 0 0.0 0.0 -999 ""
FIBERMAP 1025 R-7C7 BOSS 1 1 0 1 0 0 -67.84904495635519 -152.47078674827785 143.1 -163.64569260759882 -32.54659079178323 350.78677 62.048283 37.63648870155423 25.851071931226414 0.93995196 -0.099487975 -0.038477946 37.63649357644415 25.85106038736585 37.68187731901412 25.97048054543423 73.41781616357662 250.32369463137667 5400.0 5400.0 2016.0 1 410 {-999.0 16.141113 15.078953 14.619367 -999.0} sdss_psfmag 15.763349 15.062091 14.248067 12.521 63050396554128300 1061677298 bright_1x1 manual_mwm_halo_distant_kgiant_near_boss_single mwm_halo science 0 0 0.0 0.0 -999 ""
FIBERMAP 1025 R-7C7 METROLOGY 0 0 0 1 0 0 -68.15714254228712 -151.7879278962803 143.1 -163.26579598775797 -31.901095379826682 350.78677 62.048283 -999.0 -999.0 -999.0 -999.0 -999.0 37.638400586476024 25.85401524764236 37.68377478096335 25.973423951737974 73.42071253636743 250.3299480958482 -999.0 6231.0 -999.0 -1 -999 {-999.0 -999.0 -999.0 -999.0 -999.0} "" -999.0 -999.0 -999.0 -999.0 -999 -999 "" "" "" "" 0 0 0.0 0.0 -999 ""
FIBERMAP 1028 R+9C8 APOGEE 0 0 0 1 0 0 -31.229114729612583 165.47707429553157 143.1 117.11387975724878 120.95621737085871 249.84749 148.9983 -999.0 -999.0 -999.0 -999.0 -999.0 39.056390693753904 26.55194687839025 39.10436604420539 26.669020626883324 74.87149702882138 250.3975517828243 -999.0 16600.0 -999.0 2 2 {-999.0 -999.0 -999.0 -999.0 -999.0} "" -999.0 -999.0 -999.0 -999.0 -999 -999 "" ops_sky_apogee_best_unassigned ops_sky sky_apogee 0 0 0.0 0.0 -999 ""
FIBERMAP 1028 R+9C8 BOSS 1 1 0 1 0 0 -31.817235681191082 165.0297929257999 143.1 116.40937622340226 121.17846377970515 249.84749 148.9983 39.05261394439094 26.55304541638044 60.714615 -20.650843 3.679347 39.05281137354426 26.55298680127679 39.10084034646343 26.67009174765189 74.86919975334585 250.40677580808992 5400.0 5400.0 2016.0 1 124 {-999.0 17.02372 15.545469 14.641545 -999.0} sdss_psfmag 16.399368 15.27754 14.2312565 12.176 63050396555029303 1094711285 bright_1x1 mwm_bin_vis_boss mwm_filler science 0 0 0.0 0.0 -999 ""
FIBERMAP 1028 R+9C8 METROLOGY 0 0 0 1 0 0 -31.913567911047902 165.76655438875977 143.1 116.95544534415704 121.68212548620383 249.84749 148.9983 -999.0 -999.0 -999.0 -999.0 -999.0 39.055584619042875 26.55525404112693 39.103605100258335 26.672347049209392 74.87243345628222 250.41005679832443 -999.0 6231.0 -999.0 -1 -999 {-999.0 -999.0 -999.0 -999.0 -999.0} "" -999.0 -999.0 -999.0 -999.0 -999 -999 "" "" "" "" 0 0 0.0 0.0 -999 ""
FIBERMAP 1032 R+2C8 APOGEE 0 0 0 1 0 0 -128.25974447561313 53.21110017617947 143.1 -30.533892260682805 135.43118411793537 209.47891 25.758093 -999.0 -999.0 -999.0 -999.0 -999.0 38.306082414764845 26.61820851064702 38.353500694111744 26.73646961464189 74.3048833228593 251.7724149116035 -999.0 16600.0 -999.0 2 -999 {-999.0 -999.0 -999.0 -999.0 -999.0} "" -999.0 -999.0 -999.0 -999.0 -999 -999 "" "" "" "" 0 0 0.0 0.0 -999 ""
FIBERMAP 1032 R+2C8 BOSS 1 1 0 1 0 0 -127.8340033077191 53.83114131264435 143.1 -29.781981395489705 135.44119227083607 209.47891 25.758093 38.309871130733754 26.618304886950344 -1.6555563 -3.6979492 0.3778035 38.30983522596603 26.618296199553118 38.35731462085897 26.736577057019403 74.30797749173257 251.76713512690011 5400.0 5400.0 2016.0 1 44 {-999.0 17.070183 16.613722 16.423595 -999.0} sdss_psfmag 16.961887 16.611696 16.08737 15.151 63050396555052922 980355536 "" ops_std_boss_tic ops_std standard_boss 0 0 0.0 0.0 -999 ""
FIBERMAP 1032 R+2C8 METROLOGY 0 0 0 1 0 0 -127.51553074814842 53.15811047562477 143.1 -30.1478677294467 134.79289391637857 209.47891 25.758093 -999.0 -999.0 -999.0 -999.0 -999.0 38.308000192504025 26.61534883100838 38.355455821063174 26.733625623455907 74.30517197417464 251.76012454990087 -999.0 6231.0 -999.0 -1 -999 {-999.0 -999.0 -999.0 -999.0 -999.0} "" -999.0 -999.0 -999.0 -999.0 -999 -999 "" "" "" "" 0 0 0.0 0.0 -999 ""
FIBERMAP 1034 R+13C2 APOGEE 1 1 0 1 0 0 -130.43187791077108 259.0916971614127 143.1 136.33478758992229 255.966092971076 107.42307 141.21576 39.15216917315828 27.158182049391787 55.160618 -12.959787 9.189358 39.15233655427842 27.158136940839828 39.20161727560702 27.274993211635497 75.22042335104011 252.34687975268292 16000.0 16600.0 2016.0 2 113 {-999.0 11.295117 10.698267 10.501743 -999.0} sdss_psfmag_from_g3xp 11.154144 10.743074 10.166136 9.14 63050396555057202 1103502230 bright_1x1 mwm_tess_2min_apogee mwm_planet science 0 0 0.0 0.0 -999 ""
FIBERMAP 1034 R+13C2 BOSS 0 0 0 1 0 0 -130.15057338886785 259.7845816854837 143.1 137.06286468627573 256.1360671146171 107.42307 141.21576 -999.0 -999.0 -999.0 -999.0 -999.0 39.15594789060825 27.158815262817093 39.205288028675 27.275688980496017 75.2236657390404 252.34380353459278 -999.0 5400.0 -999.0 1 95 {-999.0 -999.0 -999.0 -999.0 -999.0} "" -999.0 -999.0 -999.0 -999.0 -999 -999 "" "" "" "" 0 0 0.0 0.0 -999 ""
FIBERMAP 1034 R+13C2 METROLOGY 0 0 0 1 0 0 -129.69042042207548 259.2080430578868 143.1 136.85750129257383 255.4277338648241 107.42307 141.21576 -999.0 -999.0 -999.0 -999.0 -999.0 39.15494176964891 27.155682339227898 39.204259144986054 27.272551400335423 75.22148327913214 252.33426631866075 -999.0 6231.0 -999.0 -1 -999 {-999.0 -999.0 -999.0 -999.0 -999.0} "" -999.0 -999.0 -999.0 -999.0 -999 -999 "" "" "" "" 0 0 0.0 0.0 -999 ""
FIBERMAP 1036 R0C17 APOGEE 1 1 0 1 0 0 81.81555821632597 -4.7601740999065 143.1 43.307730117973776 -69.55629486382888 359.6397 98.64372 38.681998742854724 25.686160885760973 6.444807 -7.0678735 3.258771 38.682023059337375 25.686136534444646 38.72795771994873 25.80389952511682 74.15946243771776 248.16377429847384 16000.0 16600.0 2016.0 2 47 {-999.0 11.523296 11.078284 10.933737 -999.0} sdss_psfmag_gaia 11.439791 11.107661 10.602882 9.765 63050396555023289 975435968 "" ops_std_apogee ops_std standard_apogee 0 0 0.0 0.0 -999 ""
FIBERMAP 1036 R0C17 BOSS 0 0 0 1 0 0 81.93849264812658 -5.503237694187167 143.1 42.77186003153084 -70.08531522424491 359.6397 98.64372 -999.0 -999.0 -999.0 -999.0 -999.0 38.67928420121435 25.683663294365292 38.72526748080992 25.80145980465722 74.15614677758461 248.1604474665511 -999.0 5400.0 -999.0 1 181 {-999.0 -999.0 -999.0 -999.0 -999.0} "" -999.0 -999.0 -999.0 -999.0 -999 -999 "" "" "" "" 0 0 0.0 0.0 -999 ""
FIBERMAP 1036 R0C17 METROLOGY 0 0 0 1 0 0 81.22462433821501 -5.226680657225106 143.1 42.58590471425687 -69.34284137432644 359.6397 98.64372 -999.0 -999.0 -999.0 -999.0 -999.0 38.67835780543052 25.687055491924408 38.72433105375234 25.804844921331675 74.15710260931306 248.17273652542264 -999.0 6231.0 -999.0 -1 -999 {-999.0 -999.0 -999.0 -999.0 -999.0} "" -999.0 -999.0 -999.0 -999.0 -999 -999 "" "" "" "" 0 0 0.0 0.0 -999 ""
FIBERMAP 1037 R+4C11 APOGEE 0 0 0 1 0 0 -33.859566069596376 76.86823792178727 143.1 43.238727670912134 71.99069301779535 167.26671 131.58429 -999.0 -999.0 -999.0 -999.0 -999.0 38.68161517168279 26.330589183617747 38.728811344806445 26.44828508366931 74.47144718775844 250.249590933584 -999.0 16600.0 -999.0 2 -999 {-999.0 -999.0 -999.0 -999.0 -999.0} "" -999.0 -999.0 -999.0 -999.0 -999 -999 "" "" "" "" 0 0 0.0 0.0 -999 ""
FIBERMAP 1037 R+4C11 BOSS 1 1 0 1 0 0 -34.238442429504985 77.50658677358568 143.1 43.541449151098575 72.66831086652314 167.26671 131.58429 38.68312097786515 26.333708655007598 3.2331536 -5.488102 1.9361122 38.683119241629804 26.333681233512774 38.730378913657546 26.451400951268308 74.47414465417864 250.25742860052958 5400.0 5400.0 2016.0 1 113 {-999.0 21.687569 19.98287 18.652105 -999.0} sdss_psfmag 20.79414 19.39648 18.193924 15.783 63050396555026614 1095411157 bright_1x1 mwm_bin_vis_boss mwm_filler science 0 0 0.0 0.0 -999 ""
FIBERMAP 1037 R+4C11 METROLOGY 0 0 0 1 0 0 -33.49102765107273 77.516960832269 143.1 43.9810629048 72.06395774770114 167.26671 131.58429 -999.0 -999.0 -999.0 -999.0 -999.0 38.685364993296176 26.330931656989556 38.732605395239375 26.448640574423845 74.47461605541305 250.24483051793186 -999.0 6231.0 -999.0 -1 -999 {-999.0 -999.0 -999.0 -999.0 -999.0} "" -999.0 -999.0 -999.0 -999.0 -999 -999 "" "" "" "" 0 0 0.0 0.0 -999 ""
FIBERMAP 1039 R-1C4 APOGEE 0 0 0 1 0 0 -213.4976119106158 -6.5940652122007855 143.1 -128.53968442509714 170.53794996650265 92.672775 118.06902 -999.0 -999.0 -999.0 -999.0 -999.0 37.808086754128944 26.77363305761645 37.85534591737428 26.892659921118373 73.97433977026135 253.00139622978796 -999.0 16600.0 -999.0 2 -999 {-999.0 -999.0 -999.0 -999.0 -999.0} "" -999.0 -999.0 -999.0 -999.0 -999 -999 "" "" "" "" 0 0 0.0 0.0 -999 ""
FIBERMAP 1039 R-1C4 BOSS 1 1 0 1 0 0 -212.85755515582403 -6.204683638302464 143.1 -127.85250284571863 170.23989369424677 92.672775 118.06902 37.81149138902637 26.772321151075992 -999.0 -999.0 -999.0 37.811479307045275 26.77233495964522 37.858798438168094 26.891382043175124 73.9765633312473 252.99239800679246 5400.0 5400.0 2016.0 1 432 {-999.0 -999.0 -999.0 -999.0 -999.0} "" -999.0 -999.0 -999.0 -999.0 63050398096013341 1117905530 bright_1x1 openfibertargets_bhm_lofarradio_boss open_fiber science 0 0 0.0 0.0 -999 ""
FIBERMAP 1039 R-1C4 METROLOGY 0 0 0 1 0 0 -212.84696542848107 -6.959196881325106 143.1 -128.4625281484952 169.79600911367106 92.672775 118.06902 -999.0 -999.0 -999.0 -999.0 -999.0 37.808418942951405 26.77030234449221 37.85571444820863 26.889347234216164 73.97320323557851 252.99006269704662 -999.0 6231.0 -999.0 -1 -999 {-999.0 -999.0 -999.0 -999.0 -999.0} "" -999.0 -999.0 -999.0 -999.0 -999 -999 "" "" "" "" 0 0 0.0 0.0 -999 ""
FIBERMAP 1040 R+5C11 APOGEE 1 1 0 1 0 0 -4.351991977761573 81.87307446504539 143.1 64.34695700595648 50.78188377415049 319.64975 89.03505 38.788753819955566 26.234110517332418 6.291232 -43.058903 11.132812 38.78877104031983 26.234003972319655 38.83587372988677 26.35153923918996 74.51049272318063 249.76152119067578 16000.0 16600.0 2016.0 2 20 {-999.0 15.571073 14.212392 13.13891 -999.0} sdss_psfmag_from_g3xp 15.039766 13.807668 12.708338 10.631 63050396555026188 984768074 bright_1x1 mwm_snc_100pc_apogee mwm_snc science 0 0 0.0 0.0 -999 ""
FIBERMAP 1040 R+5C11 BOSS 0 0 0 1 0 0 -4.855494725788731 81.31658042742367 143.1 63.60208220622224 50.872032377232465 319.64975 89.03505 -999.0 -999.0 -999.0 -999.0 -999.0 38.78497418176146 26.234418045234296 38.83212991719569 26.351986173178226 74.50775079465456 249.76894939976376 -999.0 5400.0 -999.0 1 137 {-999.0 -999.0 -999.0 -999.0 -999.0} "" -999.0 -999.0 -999.0 -999.0 -999 -999 "" "" "" "" 0 0 0.0 0.0 -999 ""
FIBERMAP 1040 R+5C11 METROLOGY 0 0 0 1 0 0 -5.088943336750807 82.02301373518893 143.1 64.0442905493133 51.47016839472228 319.64975 89.03505 -999.0 -999.0 -999.0 -999.0 -999.0 38.787226597781405 26.23714033345 38.83437395104892 26.354696966205005 74.51080627799246 249.77431782455182 -999.0 6231.0 -999.0 -1 -999 {-999.0 -999.0 -999.0 -999.0 -999.0} "" -999.0 -999.0 -999.0 -999.0 -999 -999 "" "" "" "" 0 0 0.0 0.0 -999 ""
FIBERMAP 1044 R+13C10 APOGEE 1 1 0 1 0 0 60.12173438510361 238.2372336000698 143.1 229.2249344016715 88.33062421786363 297.38696 105.45362 39.62077692365166 26.399911246700142 -11.13765 -19.958494 6.103223 39.62073065194465 26.399855833947022 39.668911612873956 26.516034642629887 75.24451555825252 248.95088567864448 16000.0 16600.0 2016.0 2 50 {-999.0 10.636368 10.237091 10.104917 -999.0} sdss_psfmag_from_g3xp 10.551225 10.257414 9.745252 8.818 63050396555028077 1103502152 bright_1x1 mwm_tess_2min_apogee mwm_planet science 0 0 0.0 0.0 -999 ""
FIBERMAP 1044 R+13C10 BOSS 0 0 0 1 0 0 59.58963573593909 237.71222033991594 143.1 228.48927134227353 88.46228369623257 297.38696 105.45362 -999.0 -999.0 -999.0 -999.0 -999.0 39.61702986523608 26.400472307441596 39.6652615047567 26.51668291424029 75.24196239901998 248.9592777536464 -999.0 5400.0 -999.0 1 164 {-999.0 -999.0 -999.0 -999.0 -999.0} "" -999.0 -999.0 -999.0 -999.0 -999 -999 "" "" "" "" 0 0 0.0 0.0 -999 ""
FIBERMAP 1044 R+13C10 METROLOGY 0 0 0 1 0 0 59.39762313152589 238.4373478103737 143.1 228.9706474438097 89.03736678798747 297.38696 105.45362 -999.0 -999.0 -999.0 -999.0 -999.0 39.619451674323166 26.403052019165518 39.667675722464026 26.51925108967084 75.24509063700798 248.96404788476838 -999.0 6231.0 -999.0 -1 -999 {-999.0 -999.0 -999.0 -999.0 -999.0} "" -999.0 -999.0 -999.0 -999.0 -999 -999 "" "" "" "" 0 0 0.0 0.0 -999 ""
FIBERMAP 1046 R+5C21 APOGEE 0 0 0 1 0 0 213.7171538415659 116.19756477192075 143.1 218.16831391052594 -107.49302001953501 132.00603 62.474525 -999.0 -999.0 -999.0 -999.0 -999.0 39.55841595952782 25.513423153093175 39.60477344210773 25.62979614931745 74.75000123067204 246.10050927258598 -999.0 16600.0 -999.0 2 -999 {-999.0 -999.0 -999.0 -999.0 -999.0} "" -999.0 -999.0 -999.0 -999.0 -999 -999 "" "" "" "" 0 0 0.0 0.0 -999 ""
FIBERMAP 1046 R+5C21 BOSS 1 1 0 1 0 0 214.4231429307792 116.40337541249343 143.1 218.74362457420514 -107.95080843384805 132.00603 62.474525 39.561177516468355 25.511485762572043 20.858145 -61.297306 3.054438 39.561219735087995 25.511310690045775 39.607628121926496 25.627708470604407 74.7511049232339 246.08862861379123 5400.0 5400.0 2016.0 1 237 {-999.0 17.988523 16.489529 15.616816 -999.0} sdss_psfmag 17.345154 16.251968 15.210879 13.083 63050396555017311 1094282082 bright_1x1 mwm_bin_vis_boss mwm_filler science 0 0 0.0 0.0 -999 ""
FIBERMAP 1046 R+5C21 METROLOGY 0 0 0 1 0 0 214.2515354523037 115.67689378692442 143.1 218.05139032295233 -108.22974126586118 132.00603 62.474525 -999.0 -999.0 -999.0 -999.0 -999.0 39.55777468339664 25.51006596617619 39.60416272651008 25.626461219690537 74.74778921969269 246.09079335622027 -999.0 6231.0 -999.0 -1 -999 {-999.0 -999.0 -999.0 -999.0 -999.0} "" -999.0 -999.0 -999.0 -999.0 -999 -999 "" "" "" "" 0 0 0.0 0.0 -999 ""
FIBERMAP 1051 R-5C20 APOGEE 1 1 0 1 0 0 202.20131249892796 -86.33728947965282 143.1 46.13592365531533 -214.92038312051437 63.974857 93.71034 38.69534887685044 25.02835676815498 0.13075197 -26.56276 2.483704 38.69535169848783 25.02831018067577 38.74002445425748 25.146121394034658 73.83116418788097 246.0958667361104 16000.0 16600.0 2016.0 2 233 {-999.0 12.246437 11.810183 11.652011 -999.0} sdss_psfmag_from_g3xp 12.161419 11.825696 11.316142 10.429 63050396554098480 1076264804 bright_1x1 mwm_snc_ext_main_apogee mwm_snc science 0 0 0.0 0.0 -999 ""
FIBERMAP 1051 R-5C20 BOSS 0 0 0 1 0 0 202.90481578018282 -86.58223717604194 143.1 46.34171208105197 -215.63615922642052 63.974857 93.71034 -999.0 -999.0 -999.0 -999.0 -999.0 38.69632747830491 25.0250270384839 38.74105031524056 25.14286833610888 73.83023488893458 246.08418577892976 -999.0 5400.0 -999.0 1 278 {-999.0 -999.0 -999.0 -999.0 -999.0} "" -999.0 -999.0 -999.0 -999.0 -999 -999 "" "" "" "" 0 0 0.0 0.0 -999 ""
FIBERMAP 1051 R-5C20 METROLOGY 0 0 0 1 0 0 202.3441793670902 -87.07348886261002 143.1 45.61715679146271 -215.46172068213548 63.974857 93.71034 -999.0 -999.0 -999.0 -999.0 -999.0 38.69271907671528 25.025820316441624 38.73742463538946 25.14365840813885 73.82786503976153 246.09281854523766 -999.0 6231.0 -999.0 -1 -999 {-999.0 -999.0 -999.0 -999.0 -999.0} "" -999.0 -999.0 -999.0 -999.0 -999 -999 "" "" "" "" 0 0 0.0 0.0 -999 ""
FIBERMAP 1054 R-2C7 APOGEE 0 0 0 1 0 0 -137.48110325442977 -28.1744461926197 143.1 -102.31245148038997 96.01449814509547 87.90204 133.34363 -999.0 -999.0 -999.0 -999.0 -999.0 37.94214869998894 26.4375139463918 37.98887884914484 26.55636637317992 73.93281669804064 251.719271936064 -999.0 16600.0 -999.0 2 255 {-999.0 -999.0 -999.0 -999.0 -999.0} "" -999.0 -999.0 -999.0 -999.0 -999 -999 "" ops_sky_apogee_best_unassigned ops_sky sky_apogee 0 0 0.0 0.0 -999 ""
FIBERMAP 1054 R-2C7 BOSS 1 1 0 1 0 0 -136.9130376687838 -27.695048378288853 143.1 -101.59329055854442 95.82715510967135 87.90204 133.34363 37.94570049373469 26.4366992643793 -999.0 -999.0 -999.0 37.945692346958445 26.4367005430477 37.992482887669325 26.55557403419672 73.93533702110854 251.7114642777055 5400.0 5400.0 2016.0 1 471 {-999.0 21.802801 20.45217 19.878742 -999.0} sdss_psfmag -999.0 -999.0 -999.0 -999.0 63050398096096501 1118051202 bright_1x1 openfibertargets_bhm_lofarradio_boss open_fiber science 0 0 0.0 0.0 -999 ""
FIBERMAP 1054 R-2C7 METROLOGY 0 0 0 1 0 0 -136.78152308338997 -28.42869334923756 143.1 -102.11652000005101 95.29656129760215 87.90204 133.34363 -999.0 -999.0 -999.0 -999.0 -999.0 37.94307607046253 26.434273849398895 37.98984286285946 26.553144182749143 73.93213350664854 251.70747562195265 -999.0 6231.0 -999.0 -1 -999 {-999.0 -999.0 -999.0 -999.0 -999.0} "" -999.0 -999.0 -999.0 -999.0 -999 -999 "" "" "" "" 0 0 0.0 0.0 -999 ""
FIBERMAP 1056 R-6C9 APOGEE 0 0 0 1 0 0 -48.903545861592676 -103.97389303742005 143.1 -113.11461851488616 -20.04226526431128 106.565605 117.43958 -999.0 -999.0 -999.0 -999.0 -999.0 37.89055821647824 25.909413659951166 37.93622201159309 26.028402390746738 73.64654527795659 250.12110564419203 -999.0 16600.0 -999.0 2 -999 {-999.0 -999.0 -999.0 -999.0 -999.0} "" -999.0 -999.0 -999.0 -999.0 -999 -999 "" "" "" "" 0 0 0.0 0.0 -999 ""
FIBERMAP 1056 R-6C9 BOSS 1 1 0 1 0 0 -48.37480449365006 -103.45198517777574 143.1 -112.38342794920472 -20.172974527973167 106.565605 117.43958 37.89402567117319 25.908861798822596 43.921867 -22.302134 4.205343 37.89413656205281 25.908799690318084 37.93986109277853 26.027811359645323 73.64914219675472 250.11374179662528 5400.0 5400.0 2016.0 1 399 {-999.0 18.62273 17.154318 16.002193 -999.0} sdss_psfmag 18.006536 16.681767 15.530432 13.318 63050396554128423 1094842907 bright_1x1 mwm_bin_vis_boss mwm_filler science 0 0 0.0 0.0 -999 ""
FIBERMAP 1056 R-6C9 METROLOGY 0 0 0 1 0 0 -48.18527909337907 -104.17577129328674 143.1 -112.86514343384982 -20.74525282043258 106.565605 117.43958 -999.0 -999.0 -999.0 -999.0 -999.0 37.891751724777954 25.906193202066635 37.93745248050084 26.025200816540032 73.64599752804087 250.1092344144787 -999.0 6231.0 -999.0 -1 -999 {-999.0 -999.0 -999.0 -999.0 -999.0} "" -999.0 -999.0 -999.0 -999.0 -999 -999 "" "" "" "" 0 0 0.0 0.0 -999 ""
FIBERMAP 1058 R-4C23 APOGEE 0 0 0 1 0 0 256.61266997513553 -75.17213814769082 143.1 86.64027076427628 -252.91202416860295 353.2137 136.27818 -999.0 -999.0 -999.0 -999.0 -999.0 38.89666449251209 24.858798244263248 38.941180804416035 24.97630611898288 73.8946805676295 245.22930887166893 -999.0 16600.0 -999.0 2 221 {-999.0 -999.0 -999.0 -999.0 -999.0} "" -999.0 -999.0 -999.0 -999.0 -999 -999 "" ops_sky_apogee_best_unassigned ops_sky sky_apogee 0 0 0.0 0.0 -999 ""
FIBERMAP 1058 R-4C23 BOSS 1 1 0 1 0 0 257.09045835370273 -75.73030256524044 143.1 86.46008460732244 -253.6241593913715 353.2137 136.27818 38.895571606872636 24.855593501755454 34.92577 -9.580535 2.385984 38.89569260797248 24.85558361585617 38.94025672509423 24.97312519810274 73.89226021837399 245.22127956391188 5400.0 5400.0 2016.0 1 252 {-999.0 14.444364 13.68948 13.413928 -999.0} sdss_psfmag_from_g3xp 14.221823 13.729543 13.046075 11.747 63050396554097988 1095641771 bright_1x1 mwm_bin_vis_boss mwm_filler science 0 0 0.0 0.0 -999 ""
FIBERMAP 1058 R-4C23 METROLOGY 0 0 0 1 0 0 256.35761977392593 -75.8784757542917 143.1 85.91635257698931 -253.11119787589368 353.2137 136.27818 -999.0 -999.0 -999.0 -999.0 -999.0 38.89301773481341 24.857873471778525 38.937568490829165 24.97541006894708 73.89143948472626 245.23295050254944 -999.0 6231.0 -999.0 -1 -999 {-999.0 -999.0 -999.0 -999.0 -999.0} "" -999.0 -999.0 -999.0 -999.0 -999 -999 "" "" "" "" 0 0 0.0 0.0 -999 ""
FIBERMAP 1063 R0C13 APOGEE 0 0 0 1 0 0 -26.202516214954773 -11.408465426999273 143.1 -24.43091384194787 14.81600596962693 241.68492 127.62118 -999.0 -999.0 -999.0 -999.0 -999.0 38.33857502150209 26.06988780361228 38.38495130787561 26.18815513951766 74.0770266072041 249.93872910626268 -999.0 16600.0 -999.0 2 292 {-999.0 -999.0 -999.0 -999.0 -999.0} "" -999.0 -999.0 -999.0 -999.0 -999 -999 "" ops_sky_apogee_best_unassigned ops_sky sky_apogee 0 0 0.0 0.0 -999 ""
FIBERMAP 1063 R0C13 BOSS 1 1 0 1 0 0 -26.92903785594013 -11.55126834116899 143.1 -24.966616623860293 15.326906901209886 241.68492 127.62118 38.33557177479785 26.072475258435045 59.91074 -96.79605 2.2888043 38.33577866259412 26.07218923503525 38.382214101016416 26.190488403907572 74.07597163073379 249.95046334774244 5400.0 5400.0 2016.0 1 430 {-999.0 19.289108 17.824411 16.847221 -999.0} sdss_psfmag 18.733723 17.507383 16.43294 14.367 63050396555025554 1072655871 bright_1x1 mwm_halo_local_high_boss_single mwm_halo science 0 0 0.0 0.0 -999 ""
FIBERMAP 1063 R0C13 METROLOGY 0 0 0 1 0 0 -26.70034723330478 -10.84461902575176 143.1 -24.257649281312393 15.547785592685871 241.68492 127.62118 -999.0 -999.0 -999.0 -999.0 -999.0 38.33939038663085 26.073210725311657 38.38581484349544 26.19149623833429 74.07929405152952 249.94810970536986 -999.0 6231.0 -999.0 -1 -999 {-999.0 -999.0 -999.0 -999.0 -999.0} "" -999.0 -999.0 -999.0 -999.0 -999 -999 "" "" "" "" 0 0 0.0 0.0 -999 ""
FIBERMAP 1068 R-2C8 APOGEE 0 0 0 1 0 0 -114.45145519557722 -30.27594884133766 143.1 -90.74400169204466 75.99629499166065 61.62794 152.05527 -999.0 -999.0 -999.0 -999.0 -999.0 38.00118976084913 26.346960473295038 38.04779834434737 26.465729860103547 73.93871108091918 251.34093864033338 -999.0 16600.0 -999.0 2 -999 {-999.0 -999.0 -999.0 -999.0 -999.0} "" -999.0 -999.0 -999.0 -999.0 -999 -999 "" "" "" "" 0 0 0.0 0.0 -999 ""
FIBERMAP 1068 R-2C8 BOSS 1 1 0 1 0 0 -113.82892583662493 -29.85655774306297 143.1 -90.04242498493078 75.7298623918026 61.62794 152.05527 38.00451057193809 26.34578836882646 28.174623 6.233982 0.8274252 38.004647661432884 26.345777746025277 38.05131558104529 26.46456866302564 73.94098349713964 251.3320120316862 5400.0 5400.0 2016.0 1 450 {-999.0 15.614064 15.07678 14.883522 -999.0} sdss_psfmag 15.477394 15.094421 14.525265 13.505 63050396555052007 1072709690 bright_1x1 mwm_halo_local_high_boss_single mwm_halo science 0 0 0.0 0.0 -999 ""
FIBERMAP 1068 R-2C8 METROLOGY 0 0 0 1 0 0 -113.77777383177963 -30.596597247826153 143.1 -90.61723292504901 75.26120384096308 61.62794 152.05527 -999.0 -999.0 -999.0 -999.0 -999.0 38.0017681634659 26.34363150818746 38.04841272193312 26.46241957068427 73.93769056589116 251.32938451156738 -999.0 6231.0 -999.0 -1 -999 {-999.0 -999.0 -999.0 -999.0 -999.0} "" -999.0 -999.0 -999.0 -999.0 -999 -999 "" "" "" "" 0 0 0.0 0.0 -999 ""
FIBERMAP 1069 R+11C10 APOGEE 1 1 0 1 0 0 25.527168244094227 216.75266068961304 143.1 191.72498206415221 104.18721047483578 104.50876 157.27115 39.432463948941454 26.473455858254017 51.117764 -25.554836 2.9652543 39.432938347129834 26.473386318674134 39.48109806116207 26.58986172510831 75.13205170537404 249.5181205867496 16000.0 16600.0 2016.0 2 18 {-999.0 9.582606 8.573142 8.19804 -999.0} sdss_psfmag_from_g3xp 9.243722 8.602076 7.834223 6.203 63050396555027784 1109533902 bright_1x1 mwm_tess_rgb_apogee mwm_tessrgb science 0 0 1.1611515283584595 0.0 -999 ""
FIBERMAP 1069 R+11C10 BOSS 0 0 0 1 0 0 25.616909770560433 217.48757335530863 143.1 192.37687713738868 104.53785827311192 104.50876 157.27115 -999.0 -999.0 -999.0 -999.0 -999.0 39.43620538956236 26.474937360355163 39.48442459095082 26.591432988181456 75.13541577806672 249.51802779457017 -999.0 5400.0 -999.0 1 109 {-999.0 -999.0 -999.0 -999.0 -999.0} "" -999.0 -999.0 -999.0 -999.0 -999 -999 "" "" "" "" 0 0 0.0 0.0 -999 ""
FIBERMAP 1069 R+11C10 METROLOGY 0 0 0 1 0 0 26.21974167919181 217.0523444647312 143.1 192.36921058246995 103.79452748389797 104.50876 157.27115 -999.0 -999.0 -999.0 -999.0 -999.0 39.436167900766016 26.471578076375568 39.48436518431373 26.58806685139042 75.1337755210829 249.506568234211 -999.0 6231.0 -999.0 -1 -999 {-999.0 -999.0 -999.0 -999.0 -999.0} "" -999.0 -999.0 -999.0 -999.0 -999 -999 "" "" "" "" 0 0 0.0 0.0 -999 ""
FIBERMAP 1070 R+9C13 APOGEE 1 1 0 1 0 0 70.55013233048943 154.35558991456014 143.1 166.74292709286013 31.428127389292463 317.11865 30.23572 39.30624253221805 26.144310131369135 -2.0696385 -3.3658977 0.43218884 39.306268113991386 26.144321854673063 39.353656607213 26.261036338914742 74.87397191465024 248.6155346677295 16000.0 16600.0 2016.0 2 55 {-999.0 13.174939 12.307752 11.990043 -999.0} sdss_psfmag_from_g3xp 12.908977 12.342 11.630723 10.203 63050396555027045 1106325282 bright_1x1 mwm_tess_rgb_apogee mwm_tessrgb science 0 0 0.0 0.0 -999 ""
FIBERMAP 1070 R+9C13 BOSS 0 0 0 1 0 0 69.83479179828831 154.53006910283412 143.1 166.47276597468337 32.11292037789637 317.11865 30.23572 -999.0 -999.0 -999.0 -999.0 -999.0 39.3049292787382 26.147422914500254 39.35237652828016 26.26416614873353 74.87449517996784 248.62815206372218 -999.0 5400.0 -999.0 1 152 {-999.0 -999.0 -999.0 -999.0 -999.0} "" -999.0 -999.0 -999.0 -999.0 -999 -999 "" "" "" "" 0 0 0.0 0.0 -999 ""
FIBERMAP 1070 R+9C13 METROLOGY 0 0 0 1 0 0 70.34777552576027 155.07327623277067 143.1 167.2122597670432 32.00736514344246 317.11865 30.23572 -999.0 -999.0 -999.0 -999.0 -999.0 39.30865268476707 26.14692971437935 39.35608701870916 26.263659366775954 74.87715362729729 248.62024019423217 -999.0 6231.0 -999.0 -1 -999 {-999.0 -999.0 -999.0 -999.0 -999.0} "" -999.0 -999.0 -999.0 -999.0 -999 -999 "" "" "" "" 0 0 0.0 0.0 -999 ""
FIBERMAP 1078 R-3C9 APOGEE 1 1 0 1 0 0 -92.30379560546548 -63.61125792866069 143.1 -105.18978318513345 38.68126332994854 212.28609 105.57079 37.92865833902927 26.177069525349506 73.487114 -70.117035 10.149062 37.92888187692332 26.176840548750675 37.97509522985149 26.295741142306778 73.80274392165157 250.90522483303988 16000.0 16600.0 2016.0 2 245 {-999.0 15.224832 13.578334 12.672774 -999.0} sdss_psfmag_gaia 14.472329 13.314963 12.243271 10.208 63050396555051383 984728417 bright_1x1 mwm_snc_100pc_apogee mwm_snc science 0 0 0.0 0.0 -999 ""
FIBERMAP 1078 R-3C9 BOSS 0 0 0 1 0 0 -92.86070793690878 -63.12663434345431 143.1 -105.11529255742595 39.41558936087215 212.28609 105.57079 -999.0 -999.0 -999.0 -999.0 -999.0 37.92912681834798 26.180173787253803 37.9754055070901 26.299101116410586 73.80454604836157 250.9154403371565 -999.0 5400.0 -999.0 1 470 {-999.0 -999.0 -999.0 -999.0 -999.0} "" -999.0 -999.0 -999.0 -999.0 -999 -999 "" "" "" "" 0 0 0.0 0.0 -999 ""
FIBERMAP 1078 R-3C9 METROLOGY 0 0 0 1 0 0 -92.14879498299372 -62.9011777491826 143.1 -104.52052189868408 38.96429619705721 212.28609 105.57079 -999.0 -999.0 -999.0 -999.0 -999.0 37.93217507785829 26.17814293789051 37.97843597733021 26.297057926049174 73.8060082498961 250.90443711371398 -999.0 6231.0 -999.0 -1 -999 {-999.0 -999.0 -999.0 -999.0 -999.0} "" -999.0 -999.0 -999.0 -999.0 -999 -999 "" "" "" "" 0 0 0.0 0.0 -999 ""
FIBERMAP 1081 R-1C22 APOGEE 1 1 0 1 0 0 178.73211264123785 -27.315813407459018 143.1 80.79465162114734 -161.70925290850323 221.2315 110.306435 38.86979328487529 25.268311188867195 0.7578403 0.2437624 0.41776493 38.86978472576813 25.268294294580055 38.91507025501778 25.38580184011307 74.09163234364988 246.5341489555444 16000.0 16600.0 2016.0 2 196 {-999.0 13.614017 12.652404 12.267563 -999.0} sdss_psfmag_from_g3xp 13.29602 12.6643915 11.902189 10.21 63050396555016582 1105120943 bright_1x1 mwm_tess_rgb_apogee mwm_tessrgb science 0 0 0.0 0.0 -999 ""
FIBERMAP 1081 R-1C22 BOSS 0 0 0 1 0 0 178.07721307023414 -26.962498742446535 143.1 80.70539223162632 -160.9706555694487 221.2315 110.306435 -999.0 -999.0 -999.0 -999.0 -999.0 38.869323888777984 25.271551000938178 38.91467037863629 25.389089246734304 74.09303518305302 246.54507584380167 -999.0 5400.0 -999.0 1 313 {-999.0 -999.0 -999.0 -999.0 -999.0} "" -999.0 -999.0 -999.0 -999.0 -999 -999 "" "" "" "" 0 0 0.0 0.0 -999 ""
FIBERMAP 1081 R-1C22 METROLOGY 0 0 0 1 0 0 178.71250537414105 -26.564131393798718 143.1 81.39716322716036 -161.25963780377748 221.2315 110.306435 -999.0 -999.0 -999.0 -999.0 -999.0 38.872798231599745 25.270267733241358 38.918129606671584 25.38779197432843 74.09502825283835 246.53509833918605 -999.0 6231.0 -999.0 -1 -999 {-999.0 -999.0 -999.0 -999.0 -999.0} "" -999.0 -999.0 -999.0 -999.0 -999 -999 "" "" "" "" 0 0 0.0 0.0 -999 ""
FIBERMAP 1083 R-3C10 APOGEE 0 0 0 1 0 0 -61.057692180676554 -45.64046040559935 143.1 -72.49071572388539 23.532121687114074 115.19278 113.490105 -999.0 -999.0 -999.0 -999.0 -999.0 38.09480815724465 26.108747119635314 38.14104017266783 26.227394542509515 73.9025740621775 250.438447750174 -999.0 16600.0 -999.0 2 -999 {-999.0 -999.0 -999.0 -999.0 -999.0} "" -999.0 -999.0 -999.0 -999.0 -999 -999 "" "" "" "" 0 0 0.0 0.0 -999 ""
FIBERMAP 1083 R-3C10 BOSS 1 1 0 1 0 0 -60.56843237082673 -45.07565248426973 143.1 -71.74726778880031 23.458399657957592 115.19278 113.490105 38.09849901771411 26.1084121932389 -0.09526251 -2.5417602 1.8157403 38.098476048359814 26.108412383837845 38.144768776101216 26.227081720507183 73.90538167824783 250.43179462646043 5400.0 5400.0 2016.0 1 447 {-999.0 20.204529 18.709703 17.700943 -999.0} sdss_psfmag 19.648657 18.373507 17.288374 15.181 63050396555051250 1095532389 bright_1x1 mwm_bin_vis_boss mwm_filler science 0 0 0.0 0.0 -999 ""
FIBERMAP 1083 R-3C10 METROLOGY 0 0 0 1 0 0 -60.326370125402185 -45.78821030232034 143.1 -72.1895086640031 22.84969687279637 115.19278 113.490105 -999.0 -999.0 -999.0 -999.0 -999.0 38.0962728799027 26.105636538369716 38.142541798222624 26.22430180405918 73.90231357408432 250.42631789708216 -999.0 6231.0 -999.0 -1 -999 {-999.0 -999.0 -999.0 -999.0 -999.0} "" -999.0 -999.0 -999.0 -999.0 -999 -999 "" "" "" "" 0 0 0.0 0.0 -999 ""
FIBERMAP 1085 R-2C13 APOGEE 0 0 0 1 0 0 15.867540924474717 -28.396766504850774 143.1 -14.035631695932159 -29.337927383567774 76.50746 65.88698 -999.0 -999.0 -999.0 -999.0 -999.0 38.39180830443825 25.86887055987886 38.43784163413619 25.987074875095242 74.02223829907491 249.21377802596757 -999.0 16600.0 -999.0 2 -999 {-999.0 -999.0 -999.0 -999.0 -999.0} "" -999.0 -999.0 -999.0 -999.0 -999 -999 "" "" "" "" 0 0 0.0 0.0 -999 ""
FIBERMAP 1085 R-2C13 BOSS 1 1 0 1 0 0 16.46900029660976 -28.82750977393887 143.1 -14.040427042274215 -30.077549854982042 76.50746 65.88698 38.3917236328125 25.86543002555176 -999.0 -999.0 -999.0 38.39172721851476 25.86545621429997 38.437810769535474 25.983689396869735 74.0205721856187 249.2030715750646 5400.0 5400.0 2015.5 1 355 {-999.0 -999.0 -999.0 -999.0 -999.0} "" -999.0 -999.0 -999.0 -999.0 27021603081058333 803859573 "" ops_sky_boss_good ops_sky sky_boss 0 0 0.0 0.0 -999 ""
FIBERMAP 1085 R-2C13 METROLOGY 0 0 0 1 0 0 15.782171977786003 -29.13796426756533 143.1 -14.690136866359314 -29.69577134677468 76.50746 65.88698 -999.0 -999.0 -999.0 -999.0 -999.0 38.388450984410696 25.86719987378154 38.43451888330992 25.985430009776167 74.0188285235959 249.21381348412166 -999.0 6231.0 -999.0 -1 -999 {-999.0 -999.0 -999.0 -999.0 -999.0} "" -999.0 -999.0 -999.0 -999.0 -999 -999 "" "" "" "" 0 0 0.0 0.0 -999 ""
FIBERMAP 1086 R-3C15 APOGEE 0 0 0 1 0 0 40.87283992007262 -59.09878783369499 143.1 -24.682661532304692 -67.46750307260098 195.76476 102.849556 -999.0 -999.0 -999.0 -999.0 -999.0 38.338471831239076 25.69517017037135 38.38412155094011 25.81347711108627 73.89527480045031 248.75101489121136 -999.0 16600.0 -999.0 2 -999 {-999.0 -999.0 -999.0 -999.0 -999.0} "" -999.0 -999.0 -999.0 -999.0 -999 -999 "" "" "" "" 0 0 0.0 0.0 -999 ""
FIBERMAP 1086 R-3C15 BOSS 1 1 0 1 0 0 40.50435168723263 -58.445348053352326 143.1 -24.36162449456672 -66.7896630231789 195.76476 102.849556 38.33997929811383 25.698198907261375 9.709913 -3.17616 0.045972105 38.34001257397205 25.698193151139375 38.38572654121492 25.816526352280857 73.89803279985026 248.7580232637419 5400.0 5400.0 2016.0 1 274 {-999.0 15.396016 15.2776985 15.303772 -999.0} sdss_psfmag 15.425475 15.256891 14.948331 14.427 63050396555024690 1093510224 bright_1x1 mwm_astar_core_boss_single mwm_ob science 0 0 0.0 0.0 -999 ""
FIBERMAP 1086 R-3C15 METROLOGY 0 0 0 1 0 0 41.245124768995055 -58.45220762074796 143.1 -23.93991491188199 -67.39853367380574 195.76476 102.849556 -999.0 -999.0 -999.0 -999.0 -999.0 38.342171589591146 25.69544208980142 38.38786597387377 25.813763953120574 73.898350444553 248.74593549306695 -999.0 6231.0 -999.0 -1 -999 {-999.0 -999.0 -999.0 -999.0 -999.0} "" -999.0 -999.0 -999.0 -999.0 -999 -999 "" "" "" "" 0 0 0.0 0.0 -999 ""
FIBERMAP 1091 R+10C17 APOGEE 1 1 0 1 0 0 175.95761903353485 203.30608295768423 143.1 267.51955632916327 -26.410568415241876 76.44738 143.1737 39.80718467322668 25.879430326048528 123.04601 -110.36669 12.071788 39.80757333823539 25.879117083843536 39.8548744458966 25.995046558332536 75.13137651602689 246.8572555345358 16000.0 16600.0 2016.0 2 49 {-999.0 13.018138 11.822661 11.310537 -999.0} sdss_psfmag_gaia 12.586274 11.80465 10.9396305 9.252 63050396555020628 984732860 bright_1x1 mwm_snc_100pc_apogee mwm_snc science 0 0 0.0 0.0 -999 ""
FIBERMAP 1091 R+10C17 BOSS 0 0 0 1 0 0 176.51234667829308 203.79832939885515 143.1 268.2415154910599 -26.579608052690034 76.44738 143.1737 -999.0 -999.0 -999.0 -999.0 -999.0 39.81108794430494 25.878302444144733 39.858442393687085 25.994253936392482 75.13373102562038 246.84822461051152 -999.0 5400.0 -999.0 1 170 {-999.0 -999.0 -999.0 -999.0 -999.0} "" -999.0 -999.0 -999.0 -999.0 -999 -999 "" "" "" "" 0 0 0.0 0.0 -999 ""
FIBERMAP 1091 R+10C17 METROLOGY 0 0 0 1 0 0 176.66752831929284 203.0611434864548 143.1 267.72904674185526 -27.13157090634936 76.44738 143.1737 -999.0 -999.0 -999.0 -999.0 -999.0 39.80853732397033 25.875830835678116 39.855869896383865 25.991778913369505 75.13047976908425 246.8445238217795 -999.0 6231.0 -999.0 -1 -999 {-999.0 -999.0 -999.0 -999.0 -999.0} "" -999.0 -999.0 -999.0 -999.0 -999 -999 "" "" "" "" 0 0 0.0 0.0 -999 ""
FIBERMAP 1092 R-7C20 APOGEE 1 1 0 1 0 0 209.94536896541115 -149.2001608358822 143.1 -0.7306466428214462 -257.50628306675117 261.43063 114.23666 38.4611546367539 24.837435966071777 10.620255 -44.784527 7.556677 38.461207878551264 24.837298060915714 38.50531617002616 24.95550145636167 73.54982675523189 245.92153492785332 16000.0 16600.0 2016.0 2 200 {-999.0 10.104382 9.678324 9.541478 -999.0} sdss_psfmag_gaia 10.026765 9.705677 9.210135 8.316 63050396554098229 1103790140 bright_1x1 mwm_tess_2min_apogee mwm_planet science 0 0 0.0 0.0 -999 ""
FIBERMAP 1092 R-7C20 BOSS 0 0 0 1 0 0 209.21527275068388 -149.31937329701935 143.1 -1.249147484495248 -256.9788551158778 261.43063 114.23666 -999.0 -999.0 -999.0 -999.0 -999.0 38.458561317417086 24.839597932969763 38.50272811975043 24.957837363468734 73.5490822104103 245.93292700518117 -999.0 5400.0 -999.0 1 332 {-999.0 -999.0 -999.0 -999.0 -999.0} "" -999.0 -999.0 -999.0 -999.0 -999 -999 "" "" "" "" 0 0 0.0 0.0 -999 ""
FIBERMAP 1092 R-7C20 METROLOGY 0 0 0 1 0 0 209.47530931933247 -148.62031595045275 143.1 -0.5282979822168382 -256.78795284583316 261.43063 114.23666 -999.0 -999.0 -999.0 -999.0 -999.0 38.462170287584804 24.84046859589191 38.50632581958763 24.958693119231132 73.55229953459035 245.92936033438139 -999.0 6231.0 -999.0 -1 -999 {-999.0 -999.0 -999.0 -999.0 -999.0} "" -999.0 -999.0 -999.0 -999.0 -999 -999 "" "" "" "" 0 0 0.0 0.0 -999 ""
FIBERMAP 1094 R+1C19 APOGEE 0 0 0 1 0 0 125.94107454614769 3.548009944465578 143.1 75.54574988015138 -100.79656629275904 301.22226 94.28671 -999.0 -999.0 -999.0 -999.0 -999.0 38.84439370588084 25.54421272923018 38.89019386339163 25.66173173942594 74.21426205768283 247.4430873986106 -999.0 16600.0 -999.0 2 -999 {-999.0 -999.0 -999.0 -999.0 -999.0} "" -999.0 -999.0 -999.0 -999.0 -999 -999 "" "" "" "" 0 0 0.0 0.0 -999 ""
FIBERMAP 1094 R+1C19 BOSS 1 1 0 1 0 0 125.3386900378418 3.11750221211728 143.1 74.84671580506111 -100.55299650811003 301.22226 94.28671 38.8408993709458 25.5452255718482 -999.0 -999.0 -999.0 38.840857224156494 25.545244184823584 38.886711536718224 25.66279805995618 74.21209907576198 247.45232121430595 5400.0 5400.0 2016.0 1 232 {-999.0 19.96008 19.364372 19.18933 -999.0} sdss_psfmag -999.0 -999.0 -999.0 -999.0 63050396665610145 1118009781 bright_1x1 openfibertargets_bhm_lofarradio_boss open_fiber science 0 0 0.0 0.0 -999 ""
FIBERMAP 1094 R+1C19 METROLOGY 0 0 0 1 0 0 125.25783076722762 3.8477430241862134 143.1 75.39638567186262 -100.06573139115557 301.22226 94.28671 -999.0 -999.0 -999.0 -999.0 -999.0 38.84364105592706 25.547474172482115 38.88948648097863 25.66501504864692 74.21537941066644 247.45467609130424 -999.0 6231.0 -999.0 -1 -999 {-999.0 -999.0 -999.0 -999.0 -999.0} "" -999.0 -999.0 -999.0 -999.0 -999 -999 "" "" "" "" 0 0 0.0 0.0 -999 ""
FIBERMAP 1095 R+5C8 APOGEE 0 0 0 1 0 0 -87.6363160099343 115.59842207557656 143.1 43.84487692240675 138.2459790852102 174.72702 44.21347 -999.0 -999.0 -999.0 -999.0 -999.0 38.684390655173154 26.631413810914147 38.73218349169929 26.74907375984196 74.6125461957996 251.24633235701538 -999.0 16600.0 -999.0 2 -999 {-999.0 -999.0 -999.0 -999.0 -999.0} "" -999.0 -999.0 -999.0 -999.0 -999 -999 "" "" "" "" 0 0 0.0 0.0 -999 ""
FIBERMAP 1095 R+5C8 BOSS 1 1 0 1 0 0 -87.063587692746 116.07444257145733 143.1 44.563969605475585 138.05288028444375 174.72702 44.21347 38.68785651331689 26.630722705650726 44.178772 -49.411724 2.0586796 38.68801168686926 26.63056418438664 38.73586230397552 26.748243915879872 74.61509961716565 251.23793772997482 5400.0 5400.0 2016.0 1 65 {-999.0 19.534021 17.963688 16.999445 -999.0} sdss_psfmag 18.914202 17.660011 16.58863 14.519 63050396555055718 1072655858 bright_1x1 mwm_halo_local_high_boss_single mwm_halo science 0 0 0.0 0.0 -999 ""
FIBERMAP 1095 R+5C8 METROLOGY 0 0 0 1 0 0 -86.93644709362484 115.3398771462208 143.1 44.03746541174549 137.52532730113296 174.72702 44.21347 -999.0 -999.0 -999.0 -999.0 -999.0 38.68534990018906 26.628173921943716 38.73317743486314 26.745850933766352 74.61187829509339 251.2339886384297 -999.0 6231.0 -999.0 -1 -999 {-999.0 -999.0 -999.0 -999.0 -999.0} "" -999.0 -999.0 -999.0 -999.0 -999 -999 "" "" "" "" 0 0 0.0 0.0 -999 ""
FIBERMAP 1096 R+1C25 APOGEE 0 0 0 1 0 0 269.6011878789323 7.811644400413709 143.1 161.89701240141991 -215.64965822684655 342.56024 87.60661 -999.0 -999.0 -999.0 -999.0 -999.0 39.27246007053006 25.026465132433984 39.317617723570436 25.143351844011974 74.27194689104434 245.07219823696775 -999.0 16600.0 -999.0 2 -999 {-999.0 -999.0 -999.0 -999.0 -999.0} "" -999.0 -999.0 -999.0 -999.0 -999 -999 "" "" "" "" 0 0 0.0 0.0 -999 ""
FIBERMAP 1096 R+1C25 BOSS 1 1 0 1 0 0 269.36638920685175 7.107674340371961 143.1 161.18670953670733 -215.86400358345804 342.56024 87.60661 39.26889497975886 25.02547538536292 1.0806104 -5.0638614 -0.5351966 39.268872324401556 25.025460213381336 39.314078549362875 25.142383829280153 74.26872641064398 245.07555911781378 5400.0 5400.0 2016.0 1 184 {-999.0 14.17672 13.795513 13.518321 -999.0} sdss_psfmag_from_g3xp 14.050092 13.916633 13.173726 12.244 63050396555014645 1093715095 bright_1x1 mwm_astar_core_boss_single mwm_ob science 0 0 0.0 0.0 -999 ""
FIBERMAP 1096 R+1C25 METROLOGY 0 0 0 1 0 0 268.87093337393407 7.658705398057846 143.1 161.35087922800452 -215.14155599597683 342.56024 87.60661 -999.0 -999.0 -999.0 -999.0 -999.0 39.26974373446999 25.028706641614612 39.31494184392841 25.145619711619684 74.27112833030998 245.08406087272965 -999.0 6231.0 -999.0 -1 -999 {-999.0 -999.0 -999.0 -999.0 -999.0} "" -999.0 -999.0 -999.0 -999.0 -999 -999 "" "" "" "" 0 0 0.0 0.0 -999 ""
FIBERMAP 1098 R+5C1 APOGEE 0 0 0 1 0 0 -230.41334743030785 113.18244656843862 143.1 -40.48818997816776 253.44376061567203 102.36457 84.43839 -999.0 -999.0 -999.0 -999.0 -999.0 38.254435525075124 27.149181107506994 38.30285261933517 27.267468132206602 74.4945231283749 253.62444854601264 -999.0 16600.0 -999.0 2 122 {-999.0 -999.0 -999.0 -999.0 -999.0} "" -999.0 -999.0 -999.0 -999.0 -999 -999 "" ops_sky_apogee_best_unassigned ops_sky sky_apogee 0 0 0.0 0.0 -999 ""
FIBERMAP 1098 R+5C1 BOSS 1 1 0 1 0 0 -229.67746036551108 113.2829640586179 143.1 -39.98161498889031 252.90081977222522 102.36457 84.43839 38.25696807392491 27.146763927424878 0.013598732 -2.2633948 0.40288472 38.2569531426746 27.146764127065833 38.30542570498301 27.265071236115865 74.49559260930938 253.61271852836848 5400.0 5400.0 2016.0 1 1 {-999.0 18.058264 17.657852 17.498215 17.432692} sdss_psfmag_from_gaia 18.0174 17.6711 17.194 16.224 63050396555058279 967920994 "" ops_std_boss_gdr2 ops_std standard_boss 0 0 0.0 0.0 -999 ""
FIBERMAP 1098 R+5C1 METROLOGY 0 0 0 1 0 0 -229.95522648225267 112.58290688076991 143.1 -40.713508148700654 252.72381866650557 102.36457 84.43839 -999.0 -999.0 -999.0 -999.0 -999.0 38.253250383833304 27.14595776943064 38.301701450845655 27.26426406051783 74.49224919548074 253.61517835972057 -999.0 6231.0 -999.0 -1 -999 {-999.0 -999.0 -999.0 -999.0 -999.0} "" -999.0 -999.0 -999.0 -999.0 -999 -999 "" "" "" "" 0 0 0.0 0.0 -999 ""
FIBERMAP 1100 R-9C17 APOGEE 0 0 0 1 0 0 168.32477533908428 -186.04631597211977 143.1 -54.827762140434814 -244.7735061378277 258.21143 131.07631 -999.0 -999.0 -999.0 -999.0 -999.0 38.191117857565615 24.89382141133944 38.23510498797572 25.012445549153362 73.37196567028298 246.5459735700922 -999.0 16600.0 -999.0 2 -999 {-999.0 -999.0 -999.0 -999.0 -999.0} "" -999.0 -999.0 -999.0 -999.0 -999 -999 "" "" "" "" 0 0 0.0 0.0 -999 ""
FIBERMAP 1100 R-9C17 BOSS 1 1 0 1 0 0 167.66748054631265 -186.4227765466373 143.1 -55.514336131176094 -244.45391990876735 258.21143 131.07631 38.1874602840075 24.895197453297477 44.245285 6.6948156 1.3505043 38.1876206984212 24.89519380278054 38.23166479332974 25.0138553223027 73.37005150844925 246.55588341300404 5400.0 5400.0 2016.0 1 269 {-999.0 15.50315 14.88197 14.632057 -999.0} sdss_psfmag_from_g3xp 15.3465805 14.902795 14.287033 13.124 63050396554103003 1072551678 bright_1x1 mwm_halo_local_high_boss_single mwm_halo science 0 0 0.0 0.0 -999 ""
FIBERMAP 1100 R-9C17 METROLOGY 0 0 0 1 0 0 167.6816607729644 -185.66807579001818 143.1 -54.88986928633817 -244.0301542544325 258.21143 131.07631 -999.0 -999.0 -999.0 -999.0 -999.0 38.19073855951808 24.89710366346999 38.234772676548005 25.015750989182187 73.37344368642756 246.55635950836955 -999.0 6231.0 -999.0 -1 -999 {-999.0 -999.0 -999.0 -999.0 -999.0} "" -999.0 -999.0 -999.0 -999.0 -999 -999 "" "" "" "" 0 0 0.0 0.0 -999 ""
FIBERMAP 1101 R-12C14 APOGEE 0 0 0 1 0 0 144.09859901400534 -229.33760565859544 143.1 -104.15408204013156 -249.96281616634656 355.7193 139.09372 -999.0 -999.0 -999.0 -999.0 -999.0 37.94569054961743 24.87058137230548 37.989424916506096 24.98959358070853 73.17024986659051 246.88299319869407 -999.0 16600.0 -999.0 2 213 {-999.0 -999.0 -999.0 -999.0 -999.0} "" -999.0 -999.0 -999.0 -999.0 -999 -999 "" ops_sky_apogee_best_unassigned ops_sky sky_apogee 0 0 0.0 0.0 -999 ""
FIBERMAP 1101 R-12C14 BOSS 1 1 0 1 0 0 144.64260563591753 -229.83306544491157 143.1 -104.24486607821203 -250.69285422806234 355.7193 139.09372 37.945182865460765 24.867295177912183 14.912131 -3.3298845 3.5365243 37.94522161797549 24.86729263871096 37.98900755814668 24.98633817478734 73.16822913947934 246.87408199611485 5400.0 5400.0 2016.0 1 256 {-999.0 21.50267 19.853125 18.2273 -999.0} sdss_psfmag 20.771652 18.965092 17.69691 15.259 63050396554102947 1094414840 bright_1x1 mwm_bin_vis_boss mwm_filler science 0 0 0.0 0.0 -999 ""
FIBERMAP 1101 R-12C14 METROLOGY 0 0 0 1 0 0 143.93548607682624 -230.07315397709115 143.1 -104.84882010194247 -250.25391569752236 355.7193 139.09372 -999.0 -999.0 -999.0 -999.0 -999.0 37.9422116157378 24.869261423483145 37.98598222959265 24.98830232533967 73.16691398983937 246.88480838176827 -999.0 6231.0 -999.0 -1 -999 {-999.0 -999.0 -999.0 -999.0 -999.0} "" -999.0 -999.0 -999.0 -999.0 -999 -999 "" "" "" "" 0 0 0.0 0.0 -999 ""
FIBERMAP 1103 R-2C9 APOGEE 1 1 0 1 0 0 -84.15825941185595 -25.352613217930955 143.1 -69.24914405920158 54.09893534131755 80.35511 103.76208 38.11028419718331 26.248007937648865 -0.3745377 -20.633415 2.772437 38.110616454957736 26.247951335051262 38.157132688744355 26.366559274639425 73.98014566397887 250.85937643104057 16000.0 16600.0 2016.0 2 258 {-999.0 9.836823 8.869545 8.488465 -999.0} sdss_psfmag_from_g3xp 9.514497 8.886971 8.126056 6.508 63050396555051585 1107261464 bright_1x1 mwm_tess_rgb_apogee mwm_tessrgb science 0 0 1.065718173980713 0.0 -999 ""
FIBERMAP 1103 R-2C9 BOSS 0 0 0 1 0 0 -83.43344752389427 -25.30430260517187 143.1 -68.79158975456038 53.53492319892768 80.35511 103.76208 -999.0 -999.0 -999.0 -999.0 -999.0 38.112850654496604 26.245395517877515 38.159422001923076 26.364027352462717 73.9807930589749 250.84780407873887 -999.0 5400.0 -999.0 1 449 {-999.0 -999.0 -999.0 -999.0 -999.0} "" -999.0 -999.0 -999.0 -999.0 -999 -999 "" "" "" "" 0 0 0.0 0.0 -999 ""
FIBERMAP 1103 R-2C9 METROLOGY 0 0 0 1 0 0 -83.75230222123999 -25.975271822733404 143.1 -69.52343148056028 53.40825418022758 80.35511 103.76208 -999.0 -999.0 -999.0 -999.0 -999.0 38.10916506586342 26.2448046012195 38.155715474834835 26.363434604694845 73.97757456886345 250.85146683558088 -999.0 6231.0 -999.0 -1 -999 {-999.0 -999.0 -999.0 -999.0 -999.0} "" -999.0 -999.0 -999.0 -999.0 -999 -999 "" "" "" "" 0 0 0.0 0.0 -999 ""
FIBERMAP 1104 R-13C7 APOGEE 1 1 0 1 0 0 -6.020221629929262 -237.3212763423428 143.1 -197.26878999019823 -131.9814408957587 91.1007 94.68849 37.47436069065283 25.399809751063664 25.177858 -6.7197824 4.907421 37.474418665775794 25.39978470115875 37.518743270887285 25.51947545955374 73.07150793559514 249.19924356839454 16000.0 16600.0 2016.0 2 299 {-999.0 18.11743 16.63545 15.217828 -999.0} sdss_psfmag 17.523394 15.954933 14.734263 12.368 63050396554105739 1034915934 bright_1x1 mwm_yso_pms_apogee_sagitta_edr3_single mwm_yso science 0 0 0.0 0.0 -999 ""
FIBERMAP 1104 R-13C7 BOSS 0 0 0 1 0 0 -5.279858138697106 -237.24919137431192 143.1 -196.78285073561858 -132.5444383318447 91.1007 94.68849 -999.0 -999.0 -999.0 -999.0 -999.0 37.476788807800006 25.397203641685355 37.521170649140856 25.516921551769588 73.07216132895525 249.18790790601537 -999.0 5400.0 -999.0 1 416 {-999.0 -999.0 -999.0 -999.0 -999.0} "" -999.0 -999.0 -999.0 -999.0 -999 -999 "" "" "" "" 0 0 0.0 0.0 -999 ""
FIBERMAP 1104 R-13C7 METROLOGY 0 0 0 1 0 0 -5.585920887166695 -237.92856101290909 143.1 -197.51417325878495 -132.68639896825655 91.1007 94.68849 -999.0 -999.0 -999.0 -999.0 -999.0 37.47318629199667 25.396564238647382 37.517546760955554 25.516279146933236 73.06899723901903 249.19150448779538 -999.0 6231.0 -999.0 -1 -999 {-999.0 -999.0 -999.0 -999.0 -999.0} "" -999.0 -999.0 -999.0 -999.0 -999 -999 "" "" "" "" 0 0 0.0 0.0 -999 ""
FIBERMAP 1105 R-7C6 APOGEE 0 0 0 1 0 0 -95.09498945014504 -118.1391382731367 143.1 -151.32722153261332 9.506422812115373 112.643364 68.546745 -999.0 -999.0 -999.0 -999.0 -999.0 37.69683293742792 26.042630446187125 37.7425776743076 26.161907649174122 73.5558705216827 250.82814890241346 -999.0 16600.0 -999.0 2 -999 {-999.0 -999.0 -999.0 -999.0 -999.0} "" -999.0 -999.0 -999.0 -999.0 -999 -999 "" "" "" "" 0 0 0.0 0.0 -999 ""
FIBERMAP 1105 R-7C6 BOSS 1 1 0 1 0 0 -94.34743622221731 -118.11494303891095 143.1 -150.8762415720816 8.909929308796347 112.643364 68.546745 37.69898575502489 26.03994643784011 0.70375496 -2.0928328 0.06563755 37.69900358425595 26.039909791261007 37.744804519686284 26.159211996327016 73.55638332665566 250.81643332084832 5400.0 5400.0 2016.0 1 437 {-999.0 16.178514 15.251237 15.022358 -999.0} sdss_psfmag_ps1 15.982645 15.374022 14.621131 13.017 63050396554128973 1061581840 bright_1x1 manual_mwm_halo_distant_kgiant_near_boss_single mwm_halo science 0 0 0.0 0.0 -999 ""
FIBERMAP 1105 R-7C6 METROLOGY 0 0 0 1 0 0 -94.70221670804466 -118.77348167664519 143.1 -151.61865611649264 8.819767728803104 112.643364 68.546745 -999.0 -999.0 -999.0 -999.0 -999.0 37.695296295432385 26.03948083264615 37.74107621590025 26.158780899233534 73.55322145867963 250.82059342987816 -999.0 6231.0 -999.0 -1 -999 {-999.0 -999.0 -999.0 -999.0 -999.0} "" -999.0 -999.0 -999.0 -999.0 -999 -999 "" "" "" "" 0 0 0.0 0.0 -999 ""
FIBERMAP 1106 R-10C9 APOGEE 0 0 0 1 0 0 15.724909853144462 -189.64686374251866 143.1 -145.79439889726473 -122.23773324668382 41.470905 88.806694 -999.0 -999.0 -999.0 -999.0 -999.0 37.730668563208226 25.444674465952836 37.77530335046998 25.563962000942954 73.29490674329702 248.93923910582055 -999.0 16600.0 -999.0 2 -999 {-999.0 -999.0 -999.0 -999.0 -999.0} "" -999.0 -999.0 -999.0 -999.0 -999 -999 "" "" "" "" 0 0 0.0 0.0 -999 ""
FIBERMAP 1106 R-10C9 BOSS 1 1 0 1 0 0 16.2306121898565 -190.19814571905852 143.1 -145.95286284606664 -122.96869284890631 41.470905 88.806694 37.72979736328124 25.4412752419846 -999.0 -999.0 -999.0 37.729812119001195 25.44129918178772 37.774498879330054 25.560618669465303 73.29262604091544 248.9303681510924 5400.0 5400.0 2015.5 1 371 {-999.0 -999.0 -999.0 -999.0 -999.0} "" -999.0 -999.0 -999.0 -999.0 27021603080679794 803798367 "" ops_sky_boss_good ops_sky sky_boss 0 0 0.0 0.0 -999 ""
FIBERMAP 1106 R-10C9 METROLOGY 0 0 0 1 0 0 15.490680489922886 -190.35524117434198 143.1 -146.50797240968265 -122.45508586915489 41.470905 88.806694 -999.0 -999.0 -999.0 -999.0 -999.0 37.727030532664244 25.443629805168303 37.771702521384896 25.562944803465818 73.2915793476773 248.9417350202989 -999.0 6231.0 -999.0 -1 -999 {-999.0 -999.0 -999.0 -999.0 -999.0} "" -999.0 -999.0 -999.0 -999.0 -999 -999 "" "" "" "" 0 0 0.0 0.0 -999 ""
FIBERMAP 1107 R-13C5 APOGEE 1 1 0 1 0 0 -70.06196192384088 -248.36793467152586 143.1 -243.23161209290808 -86.05729736570022 174.98744 105.48733 37.24283907366302 25.606200852573537 -11.424554 -9.005106 1.4619343 37.24275482210605 25.60615315892124 37.28726288664501 25.72618038503734 72.98920193126662 250.16540344101062 16000.0 16600.0 2016.0 2 283 {-999.0 10.792422 9.9341755 9.602292 -999.0} sdss_psfmag_from_g3xp 10.53016 9.962516 9.247312 7.777 63050396554127651 1104624256 bright_1x1 mwm_tess_rgb_apogee mwm_tessrgb science 0 0 0.0 0.0 -999 ""
FIBERMAP 1107 R-13C5 BOSS 0 0 0 1 0 0 -70.22485326605593 -247.64466360885032 143.1 -242.7349534817651 -85.50706549473263 174.98744 105.48733 -999.0 -999.0 -999.0 -999.0 -999.0 37.24509463309853 25.60861752280846 37.28967033545467 25.728670785969527 72.99229807534249 250.16933050330204 -999.0 5400.0 -999.0 1 414 {-999.0 -999.0 -999.0 -999.0 -999.0} "" -999.0 -999.0 -999.0 -999.0 -999 -999 "" "" "" "" 0 0 0.0 0.0 -999 ""
FIBERMAP 1107 R-13C5 METROLOGY 0 0 0 1 0 0 -69.51827204421156 -247.85672659682982 143.1 -242.50053597812519 -86.20638566782988 174.98744 105.48733 -999.0 -999.0 -999.0 -999.0 -999.0 37.24633243806304 25.60547516232062 37.290886064352605 25.725518380490044 72.9917509200754 250.1580757202202 -999.0 6231.0 -999.0 -1 -999 {-999.0 -999.0 -999.0 -999.0 -999.0} "" -999.0 -999.0 -999.0 -999.0 -999 -999 "" "" "" "" 0 0 0.0 0.0 -999 ""
FIBERMAP 1108 R-9C7 APOGEE 1 1 0 1 0 0 -51.30749794624156 -189.57318331231173 143.1 -184.4015266540373 -67.4567074539762 306.98837 98.63976 37.53431072813009 25.69207958886797 16.049477 -15.155043 2.5086422 37.53437640434092 25.69202634607093 37.579306696317644 25.811593190746738 73.2609859549718 249.98979057216042 16000.0 16600.0 2016.0 2 178 {-999.0 11.478447 10.609361 10.286889 -999.0} sdss_psfmag_from_g3xp 11.209429 10.644727 9.93503 8.516 63050396554128144 1110315975 bright_1x1 mwm_tess_rgb_apogee mwm_tessrgb science 0 0 0.0 0.0 -999 ""
FIBERMAP 1108 R-9C7 BOSS 0 0 0 1 0 0 -51.816265557450535 -190.11579579100172 143.1 -185.13810281074598 -67.35425206974806 306.98837 98.63976 -999.0 -999.0 -999.0 -999.0 -999.0 37.530573983521734 25.692422732011593 37.575561561616325 25.812024888244004 73.25823365710099 249.99671511419544 -999.0 5400.0 -999.0 1 390 {-999.0 -999.0 -999.0 -999.0 -999.0} "" -999.0 -999.0 -999.0 -999.0 -999 -999 "" "" "" "" 0 0 0.0 0.0 -999 ""
FIBERMAP 1108 R-9C7 METROLOGY 0 0 0 1 0 0 -52.02520997792737 -189.3963283060972 143.1 -184.67111567138323 -66.7686074256715 306.98837 98.63976 -999.0 -999.0 -999.0 -999.0 -999.0 37.53290321509104 25.695103329223407 37.577880968220825 25.814693232607027 73.26134482772537 250.0013734454884 -999.0 6231.0 -999.0 -1 -999 {-999.0 -999.0 -999.0 -999.0 -999.0} "" -999.0 -999.0 -999.0 -999.0 -999 -999 "" "" "" "" 0 0 0.0 0.0 -999 ""
FIBERMAP 1109 R+8C19 APOGEE 0 0 0 1 0 0 223.19271149711187 154.62590828211464 143.1 255.0147446679453 -93.0635508765647 71.75535 23.614851 -999.0 -999.0 -999.0 -999.0 -999.0 39.74184168741691 25.578246791241348 39.78848557638236 25.69431495825416 74.92489446933189 245.97987400063727 -999.0 16600.0 -999.0 2 60 {-999.0 -999.0 -999.0 -999.0 -999.0} "" -999.0 -999.0 -999.0 -999.0 -999 -999 "" ops_sky_apogee_best_unassigned ops_sky sky_apogee 0 0 0.0 0.0 -999 ""
FIBERMAP 1109 R+8C19 BOSS 1 1 0 1 0 0 223.28793937945568 153.88094185153804 143.1 254.46133835073653 -93.57104376800281 71.75535 23.614851 39.73899825807148 25.57591700120353 3.6273835 -0.6921377 0.098537825 39.73902484421381 25.575933310050974 39.78571377468688 25.692035097850106 74.92157318119014 245.97742568499416 5400.0 5400.0 2016.0 1 168 {-999.0 15.563743 14.592186 14.185718 -999.0} sdss_psfmag 15.232093 14.577362 13.796684 12.081 63050396555015970 1061677481 bright_1x1 manual_mwm_halo_distant_kgiant_near_boss_single mwm_halo science 0 0 0.0 0.0 -999 ""
FIBERMAP 1109 R+8C19 METROLOGY 0 0 0 1 0 0 222.59590970379185 154.17745475882953 143.1 254.30427645765457 -92.83489186122627 71.75535 23.614851 -999.0 -999.0 -999.0 -999.0 -999.0 39.738309955943215 25.579265980919867 39.78499014453064 25.695360413668254 74.92275634825587 245.98963254231387 -999.0 6231.0 -999.0 -1 -999 {-999.0 -999.0 -999.0 -999.0 -999.0} "" -999.0 -999.0 -999.0 -999.0 -999 -999 "" "" "" "" 0 0 0.0 0.0 -999 ""
FIBERMAP 1111 R+8C16 APOGEE 0 0 0 1 0 0 145.65641886751578 162.16855559895538 143.1 216.44764839178558 -25.39664014395541 35.13384 113.6145 -999.0 -999.0 -999.0 -999.0 -999.0 39.55383464811416 25.885114396070225 39.600925847477924 26.001455729150383 74.93792794607342 247.32704957308388 -999.0 16600.0 -999.0 2 -999 {-999.0 -999.0 -999.0 -999.0 -999.0} "" -999.0 -999.0 -999.0 -999.0 -999 -999 "" "" "" "" 0 0 0.0 0.0 -999 ""
FIBERMAP 1111 R+8C16 BOSS 1 1 0 1 0 0 146.302165739452 161.80606847499476 143.1 216.52413788381725 -26.133054493281563 35.13384 113.6145 39.554118869491774 25.881764400949216 15.403272 -12.196483 0.5739513 39.554181461941596 25.881740664341535 39.60131905896998 25.99810955461997 74.93654382487625 247.31524814556312 5400.0 5400.0 2016.0 1 202 {-999.0 16.920584 16.177595 15.9170065 -999.0} sdss_psfmag 16.735743 16.232025 15.585194 14.319 63050396555020817 1072655844 bright_1x1 mwm_halo_local_high_boss_single mwm_halo science 0 0 0.0 0.0 -999 ""
FIBERMAP 1111 R+8C16 METROLOGY 0 0 0 1 0 0 145.65407667594582 161.42246143958243 143.1 215.83703838504078 -25.825108042149193 35.13384 113.6145 -999.0 -999.0 -999.0 -999.0 -999.0 39.55077015704002 25.883162371379328 39.597892638953226 25.999528772243796 74.93460186453844 247.3259436531702 -999.0 6231.0 -999.0 -1 -999 {-999.0 -999.0 -999.0 -999.0 -999.0} "" -999.0 -999.0 -999.0 -999.0 -999 -999 "" "" "" "" 0 0 0.0 0.0 -999 ""
FIBERMAP 1112 R-6C10 APOGEE 0 0 0 1 0 0 -29.50494203558037 -96.92860752491006 143.1 -96.17146963719854 -31.819088238283985 168.55554 42.87172 -999.0 -999.0 -999.0 -999.0 -999.0 37.976461533983404 25.856234736443156 38.02210009676378 25.975094517049875 73.68897369560774 249.82359788103386 -999.0 16600.0 -999.0 2 -999 {-999.0 -999.0 -999.0 -999.0 -999.0} "" -999.0 -999.0 -999.0 -999.0 -999 -999 "" "" "" "" 0 0 0.0 0.0 -999 ""
FIBERMAP 1112 R-6C10 BOSS 1 1 0 1 0 0 -28.866956175505955 -96.52820768983105 143.1 -95.47648515367213 -32.109097595726126 168.55554 42.87172 37.97984676589764 25.854883994738255 15.807539 -1.0384202 1.8342172 37.97986979099479 25.854885924871816 38.025567187551815 25.973769129633293 73.6910755601604 249.8141407239642 5400.0 5400.0 2016.0 1 367 {-999.0 20.300676 19.020817 17.80237 -999.0} sdss_psfmag 19.999834 18.530556 17.401478 15.095 63050396554107034 1094677811 bright_1x1 mwm_bin_vis_boss mwm_filler science 0 0 0.0 0.0 -999 ""
FIBERMAP 1112 R-6C10 METROLOGY 0 0 0 1 0 0 -28.84152382910332 -97.26998453618435 143.1 -96.06754805420147 -32.557755703864316 168.55554 42.87172 -999.0 -999.0 -999.0 -999.0 -999.0 37.97692505916061 25.852842123832232 38.0225993583507 25.971722055004456 73.68775301123956 249.8122909953281 -999.0 6231.0 -999.0 -1 -999 {-999.0 -999.0 -999.0 -999.0 -999.0} "" -999.0 -999.0 -999.0 -999.0 -999 -999 "" "" "" "" 0 0 0.0 0.0 -999 ""
FIBERMAP 1113 R-3C16 APOGEE 0 0 0 1 0 0 66.19250319953287 -53.26108347908798 143.1 -5.310088612491932 -84.77603767448474 157.67407 116.288475 -999.0 -999.0 -999.0 -999.0 -999.0 38.43654362879572 25.616631491060964 38.482127870225725 25.734791569463372 73.93305649331052 248.3466475035111 -999.0 16600.0 -999.0 2 235 {-999.0 -999.0 -999.0 -999.0 -999.0} "" -999.0 -999.0 -999.0 -999.0 -999 -999 "" ops_sky_apogee_best_unassigned ops_sky sky_apogee 0 0 0.0 0.0 -999 ""
FIBERMAP 1113 R-3C16 BOSS 1 1 0 1 0 0 66.13322523662009 -52.5235777537981 143.1 -4.742037167933189 -84.30220508081224 157.67407 116.288475 38.43930913009745 25.61873824858409 7.3496966 -7.3050575 0.21329944 38.439347815728276 25.618718214135978 38.48499522246249 25.73690288527108 73.93634730720785 248.34862579063227 5400.0 5400.0 2016.0 1 282 {-999.0 17.915121 17.490274 17.317589 17.241207} sdss_psfmag_from_gaia 17.8375 17.5043 16.9827 16.039 63050396555023161 967921001 "" ops_std_boss_gdr2 ops_std standard_boss 0 0 0.0 0.0 -999 ""
FIBERMAP 1113 R-3C16 METROLOGY 0 0 0 1 0 0 66.80312031890074 -52.83460789639087 143.1 -4.609598243570419 -85.0286561165698 157.67407 116.288475 -999.0 -999.0 -999.0 -999.0 -999.0 38.440040404318545 25.615432462341545 38.48566600324767 25.73360810117565 73.93523303949618 248.33720978007378 -999.0 6231.0 -999.0 -1 -999 {-999.0 -999.0 -999.0 -999.0 -999.0} "" -999.0 -999.0 -999.0 -999.0 -999 -999 "" "" "" "" 0 0 0.0 0.0 -999 ""
FIBERMAP 1114 R-8C15 APOGEE 0 0 0 1 0 0 106.74799923240782 -176.92203183716305 143.1 -82.89713318873423 -189.22674417116866 333.07632 18.856161 -999.0 -999.0 -999.0 -999.0 -999.0 38.048806001937784 25.14287141356808 38.093144518837846 25.261693006778717 73.39122648685577 247.52420436181592 -999.0 16600.0 -999.0 2 203 {-999.0 -999.0 -999.0 -999.0 -999.0} "" -999.0 -999.0 -999.0 -999.0 -999 -999 "" ops_sky_apogee_best_unassigned ops_sky sky_apogee 0 0 0.0 0.0 -999 ""
FIBERMAP 1114 R-8C15 BOSS 1 1 0 1 0 0 106.02293477772689 -176.84397157779478 143.1 -83.25163899603189 -188.5896294044303 333.07632 18.856161 38.04689762237586 25.14563779908118 -999.0 -999.0 -999.0 38.04692720890414 25.14566295328384 38.09132731925871 25.26451837650967 73.39125992912072 247.53563889189743 5400.0 5400.0 2016.0 1 318 {-999.0 22.70969 21.051752 20.318584 -999.0} sdss_psfmag -999.0 -999.0 -999.0 -999.0 63050398096052404 1118051165 bright_1x1 openfibertargets_bhm_lofarradio_boss open_fiber science 0 0 0.0 0.0 -999 ""
FIBERMAP 1114 R-8C15 METROLOGY 0 0 0 1 0 0 106.45517532030934 -176.23621607925097 143.1 -82.50601142658633 -188.5920155334664 333.07632 18.856161 -999.0 -999.0 -999.0 -999.0 -999.0 38.05067971742429 25.145675186333804 38.095066666736614 25.264515879095786 73.3941643351586 247.52957863967282 -999.0 6231.0 -999.0 -1 -999 {-999.0 -999.0 -999.0 -999.0 -999.0} "" -999.0 -999.0 -999.0 -999.0 -999 -999 "" "" "" "" 0 0 0.0 0.0 -999 ""
FIBERMAP 1115 R-5C21 APOGEE 0 0 0 1 0 0 220.64267265539442 -87.38108209832484 143.1 55.92136727519031 -230.58166547830822 46.07925 121.24642 -999.0 -999.0 -999.0 -999.0 -999.0 38.74405207309076 24.958181363252468 38.788631139626034 25.075922402587633 73.83128424887795 245.79832632352998 -999.0 16600.0 -999.0 2 -999 {-999.0 -999.0 -999.0 -999.0 -999.0} "" -999.0 -999.0 -999.0 -999.0 -999 -999 "" "" "" "" 0 0 0.0 0.0 -999 ""
FIBERMAP 1115 R-5C21 BOSS 1 1 0 1 0 0 221.35834169819807 -87.50887197507407 143.1 56.22984428686451 -231.23979424198998 46.07925 121.24642 38.745472907714344 24.955208731400678 21.910994 -13.1872835 0.71405214 38.74553470018836 24.955176303641263 38.79016461488328 25.072946819275177 73.83087729190495 245.78662496516563 5400.0 5400.0 2016.0 1 321 {-999.0 16.628712 16.020357 15.822061 -999.0} sdss_psfmag 16.407848 16.051115 15.460415 14.367 63050396554098126 1072655784 bright_1x1 mwm_halo_local_high_boss_single mwm_halo science 0 0 0.0 0.0 -999 ""
FIBERMAP 1115 R-5C21 METROLOGY 0 0 0 1 0 0 220.88457956013792 -88.08687458195527 143.1 55.48456135042381 -231.18633886469826 46.07925 121.24642 -999.0 -999.0 -999.0 -999.0 -999.0 38.74182798599067 24.95542298917175 38.786439555129675 25.073190455513117 73.8281500724638 245.79381157334322 -999.0 6231.0 -999.0 -1 -999 {-999.0 -999.0 -999.0 -999.0 -999.0} "" -999.0 -999.0 -999.0 -999.0 -999 -999 "" "" "" "" 0 0 0.0 0.0 -999 ""
FIBERMAP 1118 R-13C4 APOGEE 0 0 0 1 0 0 -66.72397759563196 -257.44036227856293 143.1 -248.71463858810674 -94.01647094359019 333.12674 119.907875 -999.0 -999.0 -999.0 -999.0 -999.0 37.2162594836664 25.57006401377902 37.26067609528252 25.69013591332475 72.9509038597023 250.09657764845016 -999.0 16600.0 -999.0 2 279 {-999.0 -999.0 -999.0 -999.0 -999.0} "" -999.0 -999.0 -999.0 -999.0 -999 -999 "" ops_sky_apogee_best_unassigned ops_sky sky_apogee 0 0 0.0 0.0 -999 ""
FIBERMAP 1118 R-13C4 BOSS 1 1 0 1 0 0 -66.65656891856216 -258.1719606347216 143.1 -249.27317592734133 -94.49353542629865 333.12674 119.907875 37.21343994140625 25.56784671820067 -999.0 -999.0 -999.0 37.21346876967667 25.567863303734715 37.25793977707798 25.68796981047628 72.94770105589396 250.09413135271444 5400.0 5400.0 2015.5 1 413 {-999.0 -999.0 -999.0 -999.0 -999.0} "" -999.0 -999.0 -999.0 -999.0 27021603080693653 803800333 "" ops_sky_boss_good ops_sky sky_boss 0 0 0.0 0.0 -999 ""
FIBERMAP 1118 R-13C4 METROLOGY 0 0 0 1 0 0 -67.33423521765316 -257.86634279183545 143.1 -249.41451731020385 -93.76386048806737 333.12674 119.907875 -999.0 -999.0 -999.0 -999.0 -999.0 37.21273042574534 25.571162566497307 37.25718968665643 25.691261332073754 72.94868715421305 250.10508587287973 -999.0 6231.0 -999.0 -1 -999 {-999.0 -999.0 -999.0 -999.0 -999.0} "" -999.0 -999.0 -999.0 -999.0 -999 -999 "" "" "" "" 0 0 0.0 0.0 -999 ""
FIBERMAP 1121 R-3C7 APOGEE 1 1 0 1 0 0 -123.49316214236822 -80.11687564489611 143.1 -136.65965951103422 54.6292550836428 340.53738 27.47275 37.769323317135644 26.248333355568956 8.89291 -20.914131 1.60703 37.76934175569381 26.248271933590626 37.815547554764805 26.36741443387101 73.70876912688298 251.36793035504175 16000.0 16600.0 2016.0 2 254 {-999.0 12.538102 11.508711 11.139831 -999.0} sdss_psfmag_from_g3xp 12.185826 11.556725 10.776263 9.168 63050396555051771 1105191727 bright_1x1 mwm_tess_rgb_apogee mwm_tessrgb science 0 0 0.0 0.0 -999 ""
FIBERMAP 1121 R-3C7 BOSS 0 0 0 1 0 0 -124.22888718206968 -80.200859691777 143.1 -137.15263986185843 55.18160084832489 340.53738 27.47275 -999.0 -999.0 -999.0 -999.0 -999.0 37.76671742166089 26.250756170860637 37.81298489137248 26.36992980236501 73.70787707905684 251.37964687935198 -999.0 5400.0 -999.0 1 468 {-999.0 -999.0 -999.0 -999.0 -999.0} "" -999.0 -999.0 -999.0 -999.0 -999 -999 "" "" "" "" 0 0 0.0 0.0 -999 ""
FIBERMAP 1121 R-3C7 METROLOGY 0 0 0 1 0 0 -123.94237232915339 -79.51648135310724 143.1 -136.42850334637671 55.34241349777708 340.53738 27.47275 -999.0 -999.0 -999.0 -999.0 -999.0 37.77039847901172 26.251518839489773 37.81665397206996 26.37067890722328 73.7111432434136 251.37666514303817 -999.0 6231.0 -999.0 -1 -999 {-999.0 -999.0 -999.0 -999.0 -999.0} "" -999.0 -999.0 -999.0 -999.0 -999 -999 "" "" "" "" 0 0 0.0 0.0 -999 ""
FIBERMAP 1125 R0C22 APOGEE 0 0 0 1 0 0 189.47070583095726 -5.8362170568462854 143.1 104.52934645947616 -158.08797238965934 320.6482 128.27863 -999.0 -999.0 -999.0 -999.0 -999.0 38.98885057907801 25.284785271821146 39.03427027533746 25.402100522618483 74.19201958199112 246.3795920273957 -999.0 16600.0 -999.0 2 -999 {-999.0 -999.0 -999.0 -999.0 -999.0} "" -999.0 -999.0 -999.0 -999.0 -999 -999 "" "" "" "" 0 0 0.0 0.0 -999 ""
FIBERMAP 1125 R0C22 BOSS 1 1 0 1 0 0 189.4549958474268 -6.578099754743279 143.1 103.91446438222529 -158.50309481737403 320.6482 128.27863 38.98572090352091 25.282831136343585 -999.0 -999.0 -999.0 38.985735929863 25.282832354302446 39.031203784465276 25.40018301256387 74.18865592263926 246.3788977303449 5400.0 5400.0 2016.0 1 244 {-999.0 21.575178 19.98702 19.456154 -999.0} sdss_psfmag -999.0 -999.0 -999.0 16.142 63050396665721757 1118009860 bright_1x1 openfibertargets_bhm_lofarradio_boss open_fiber science 0 0 0.0 0.0 -999 ""
FIBERMAP 1125 R0C22 METROLOGY 0 0 0 1 0 0 188.81756808940983 -6.196873501510879 143.1 103.85807606135707 -157.76266426998126 320.6482 128.27863 -999.0 -999.0 -999.0 -999.0 -999.0 38.98548331908416 25.286193747451392 39.030942018424525 25.40353588558267 74.19020458239059 246.3898468531579 -999.0 6231.0 -999.0 -1 -999 {-999.0 -999.0 -999.0 -999.0 -999.0} "" -999.0 -999.0 -999.0 -999.0 -999 -999 "" "" "" "" 0 0 0.0 0.0 -999 ""
FIBERMAP 1126 R+3C12 APOGEE 0 0 1 1 0 0 -10.688093364968974 65.77953663350873 143.1 47.550060706893696 46.67245746542183 10.519791 169.85881 -999.0 -999.0 -999.0 -999.0 -999.0 38.70356002631163 26.21536925126634 38.75054928338267 26.333042302320777 74.4343934174329 249.8360274180293 -999.0 16600.0 -999.0 2 14 {-999.0 -999.0 -999.0 -999.0 -999.0} "" -999.0 -999.0 -999.0 -999.0 -999 -999 "" ops_sky_apogee_best_unassigned ops_sky sky_apogee 0 0 0.0 0.0 -999 ""
FIBERMAP 1126 R+3C12 BOSS 1 0 1 1 0 0 -9.956262815921916 65.79620522949165 143.1 47.98582488506218 46.084461366662495 10.519791 169.85881 38.71170043945312 26.12091337271231 -999.0 -999.0 -999.0 38.70574487868478 26.21268933840688 38.752786757346996 26.330386155397946 74.43490129947112 249.8237699234661 5400.0 5400.0 2015.5 1 114 {-999.0 -999.0 -999.0 -999.0 -999.0} "" -999.0 -999.0 -999.0 -999.0 27021603081058929 803859653 "" ops_sky_boss_good ops_sky sky_boss 0 0 0.0 0.0 -999 ""
FIBERMAP 1126 R+3C12 METROLOGY 0 0 1 1 0 0 -10.305504467653192 65.14046764913668 143.1 47.24889272581019 45.9913925617122 10.519791 169.85881 -999.0 -999.0 -999.0 -999.0 -999.0 38.702015975748125 26.212270305173202 38.74903783321105 26.32996546574361 74.4317429964194 249.82832094083614 -999.0 6231.0 -999.0 -1 -999 {-999.0 -999.0 -999.0 -999.0 -999.0} "" -999.0 -999.0 -999.0 -999.0 -999 -999 "" "" "" "" 0 0 0.0 0.0 -999 ""
FIBERMAP 1127 R-13C6 APOGEE 0 0 0 1 0 0 -38.43611748732295 -233.12140562515853 143.1 -212.53812493280026 -103.08801479316742 153.7039 58.05621 -999.0 -999.0 -999.0 -999.0 -999.0 37.39636217440975 25.529983046735556 37.44086329587685 25.64978096600897 73.07374126714478 249.70761256054658 -999.0 16600.0 -999.0 2 274 {-999.0 -999.0 -999.0 -999.0 -999.0} "" -999.0 -999.0 -999.0 -999.0 -999 -999 "" ops_sky_apogee_best_unassigned ops_sky sky_apogee 0 0 0.0 0.0 -999 ""
FIBERMAP 1127 R-13C6 BOSS 1 1 0 1 0 0 -37.789264205758336 -232.74089185865753 143.1 -211.85426424530087 -103.39673644340638 153.7039 58.05621 37.399711316710686 25.52855060187639 3.0084307 -3.501887 0.073308416 37.399692901270804 25.528558767100495 37.444254624312634 25.64838179715258 73.0757382216555 249.69832161502202 5400.0 5400.0 2016.0 1 415 {-999.0 15.381442 14.517174 14.145532 -999.0} sdss_psfmag_from_g3xp 15.12009 14.524353 13.785908 12.235 63050396554127308 1061647643 bright_1x1 manual_mwm_halo_distant_kgiant_near_boss_single mwm_halo science 0 0 0.0 0.0 -999 ""
FIBERMAP 1127 R-13C6 METROLOGY 0 0 0 1 0 0 -37.77701359936448 -233.49020593158065 143.1 -212.45908584725512 -103.83897818015973 153.7039 58.05621 -999.0 -999.0 -999.0 -999.0 -999.0 37.3967425319166 25.526558204313872 37.44128077695393 25.646377484656718 73.07242198940592 249.69675953085775 -999.0 6231.0 -999.0 -1 -999 {-999.0 -999.0 -999.0 -999.0 -999.0} "" -999.0 -999.0 -999.0 -999.0 -999 -999 "" "" "" "" 0 0 0.0 0.0 -999 ""
FIBERMAP 1129 R-8C8 APOGEE 0 0 0 1 0 0 -37.8943890321851 -170.33020569806294 143.1 -160.95046952989318 -67.3096127263048 320.6546 89.565414 -999.0 -999.0 -999.0 -999.0 -999.0 37.65182251196396 25.69333052818076 37.696859941601986 25.812714648230898 73.35435417045436 249.81632623611512 -999.0 16600.0 -999.0 2 -999 {-999.0 -999.0 -999.0 -999.0 -999.0} "" -999.0 -999.0 -999.0 -999.0 -999 -999 "" "" "" "" 0 0 0.0 0.0 -999 ""
FIBERMAP 1129 R-8C8 BOSS 1 1 0 1 0 0 -38.363451411609105 -170.90654712411316 143.1 -161.69168491827895 -67.25903691855481 320.6546 89.565414 37.64796258091836 25.69349191540283 2.235322 -2.6623242 0.31356406 37.64798648780267 25.6934893622926 37.693080310208074 25.812908821202573 73.3514644481359 249.8226329564983 5400.0 5400.0 2016.0 1 389 {-999.0 16.899828 16.497194 16.37997 -999.0} sdss_psfmag 16.831549 16.514515 16.027716 15.173 63050396554128127 980355490 "" ops_std_boss_tic ops_std standard_boss 0 0 0.0 0.0 -999 ""
FIBERMAP 1129 R-8C8 METROLOGY 0 0 0 1 0 0 -38.62986481679639 -170.20475709997513 143.1 -161.2722838405836 -66.63666037319625 320.6546 89.565414 -999.0 -999.0 -999.0 -999.0 -999.0 37.650085719569354 25.696337446728325 37.69516996087032 25.81574500199119 73.3544776611059 249.82815566789787 -999.0 6231.0 -999.0 -1 -999 {-999.0 -999.0 -999.0 -999.0 -999.0} "" -999.0 -999.0 -999.0 -999.0 -999 -999 "" "" "" "" 0 0 0.0 0.0 -999 ""
FIBERMAP 1130 R-3C13 APOGEE 1 1 0 1 0 0 6.5365090971435995 -46.203440116289336 143.1 -33.959081093577495 -31.989913221361448 108.14285 119.27362 38.290861681971656 25.85669603500477 51.796547 -47.1287 10.695229 38.29100123899165 25.85656045471626 38.33692100660352 25.97492537057764 73.93698339514464 249.33447860982295 16000.0 16600.0 2016.0 2 174 {-999.0 15.07364 13.430008 12.527985 -999.0} sdss_psfmag_gaia 14.202518 13.169316 11.97784 9.896 63050396555024890 984729286 bright_1x1 mwm_snc_100pc_apogee mwm_snc science 0 0 0.0 0.0 -999 ""
FIBERMAP 1130 R-3C13 BOSS 0 0 0 1 0 0 7.042688983532879 -45.66455457672105 143.1 -33.22704106311308 -32.09240534033528 108.14285 119.27362 -999.0 -999.0 -999.0 -999.0 -999.0 38.294629714651236 25.85605669427976 38.34060899764097 25.974444397434322 73.93965223803751 249.3271592501563 -999.0 5400.0 -999.0 1 364 {-999.0 -999.0 -999.0 -999.0 -999.0} "" -999.0 -999.0 -999.0 -999.0 -999 -999 "" "" "" "" 0 0 0.0 0.0 -999 ""
FIBERMAP 1130 R-3C13 METROLOGY 0 0 0 1 0 0 7.260490608175117 -46.378458575254115 143.1 -33.68437583911747 -32.68207349064248 108.14285 119.27362 -999.0 -999.0 -999.0 -999.0 -999.0 38.292344840379776 25.853376595830326 38.33830067960804 25.97176013006004 73.93653725497713 249.32229862608335 -999.0 6231.0 -999.0 -1 -999 {-999.0 -999.0 -999.0 -999.0 -999.0} "" -999.0 -999.0 -999.0 -999.0 -999 -999 "" "" "" "" 0 0 0.0 0.0 -999 ""
FIBERMAP 1131 R-8C19 APOGEE 1 1 0 1 0 0 187.95246504248692 -147.34775186187596 143.1 -11.904465352588206 -238.47837138822132 168.33629 96.60146 38.40513666109431 24.92413187711575 48.391697 -675.78973 100.146545 38.40522622992261 24.922208106522366 38.449449218773 25.0404911558633 73.55189361504245 246.27082990848294 16000.0 16600.0 2016.0 2 185 {-999.0 13.830135 12.350755 10.798875 -999.0} sdss_psfmag_from_g3xp 13.241863 11.529306 10.273463 7.913 63050396554098362 984847813 bright_1x1 mwm_snc_100pc_apogee mwm_snc science 0 0 0.0 0.0 -999 ""
FIBERMAP 1131 R-8C19 BOSS 0 0 0 1 0 0 188.00482077051927 -146.60143758887688 143.1 -11.264825553698568 -238.0906174676104 168.33629 96.60146 -999.0 -999.0 -999.0 -999.0 -999.0 38.40835793734117 24.923885500473908 38.452643344481714 25.04219521784127 73.55525103839284 246.27055374988316 -999.0 5400.0 -999.0 1 331 {-999.0 -999.0 -999.0 -999.0 -999.0} "" -999.0 -999.0 -999.0 -999.0 -999 -999 "" "" "" "" 0 0 0.0 0.0 -999 ""
FIBERMAP 1131 R-8C19 METROLOGY 0 0 0 1 0 0 188.623989337543 -147.00108173801183 143.1 -11.234009967146987 -238.82676186518398 168.33629 96.60146 -999.0 -999.0 -999.0 -999.0 -999.0 38.40853817646201 24.920608348727573 38.45280145054011 25.03890912411542 73.55363965536968 246.2604250777893 -999.0 6231.0 -999.0 -1 -999 {-999.0 -999.0 -999.0 -999.0 -999.0} "" -999.0 -999.0 -999.0 -999.0 -999 -999 "" "" "" "" 0 0 0.0 0.0 -999 ""
FIBERMAP 1132 R+2C1 APOGEE 0 0 0 1 0 0 -276.46065099666004 53.10337058281217 143.1 -116.11078446979619 256.3895903039404 142.09027 92.1823 -999.0 -999.0 -999.0 -999.0 -999.0 37.87064116853657 27.159116614114254 37.91871325196894 27.278005349134794 74.18855849343815 254.18729683448743 -999.0 16600.0 -999.0 2 145 {-999.0 -999.0 -999.0 -999.0 -999.0} "" -999.0 -999.0 -999.0 -999.0 -999 -999 "" ops_sky_apogee_best_unassigned ops_sky sky_apogee 0 0 0.0 0.0 -999 ""
FIBERMAP 1132 R+2C1 BOSS 1 1 0 1 0 0 -276.0156781236647 53.675610807938334 143.1 -115.38681401970351 256.3563201802406 142.09027 92.1823 37.87420377926518 27.159006036786018 23.303013 -11.748824 3.012091 37.87425107015977 27.158979962716618 37.92238557190393 27.27788701769539 74.19148059486396 254.18194178782605 5400.0 5400.0 2016.0 1 4 {-999.0 -999.0 -999.0 -999.0 -999.0} "" -999.0 19.09605 -999.0 14.449 63050396555055638 1095174098 bright_1x1 mwm_bin_vis_boss mwm_filler science 0 0 0.0 0.0 -999 ""
FIBERMAP 1132 R+2C1 METROLOGY 0 0 0 1 0 0 -275.71244797432786 52.99783459050034 143.1 -115.76536792625191 255.71773139805208 142.09027 92.1823 -999.0 -999.0 -999.0 -999.0 -999.0 37.8723502170463 27.15612080941196 37.92046050617188 27.275024356919168 74.18873778621108 254.17497820306374 -999.0 6231.0 -999.0 -1 -999 {-999.0 -999.0 -999.0 -999.0 -999.0} "" -999.0 -999.0 -999.0 -999.0 -999 -999 "" "" "" "" 0 0 0.0 0.0 -999 ""
FIBERMAP 1135 R-2C11 APOGEE 1 1 0 1 0 0 -57.29881217301665 -22.792959135330833 143.1 -51.66520376534207 33.64209017461874 181.65237 50.42215 38.200167613910594 26.155288938961085 18.200445 -23.023521 7.014709 38.200169809866715 26.155204842236795 38.24658714781668 26.273681583150914 74.00788947446453 250.42591277709832 16000.0 16600.0 2016.0 2 268 {-999.0 10.4747305 10.045619 9.889625 -999.0} sdss_psfmag_from_g3xp 10.396193 10.062312 9.558932 8.63 63050396555025701 1103502026 bright_1x1 mwm_tess_2min_apogee mwm_planet science 0 0 0.0 0.0 -999 ""
FIBERMAP 1135 R-2C11 BOSS 0 0 0 1 0 0 -56.864203749442694 -22.19716608498458 143.1 -50.92797880619788 33.630869963041086 181.65237 50.42215 -999.0 -999.0 -999.0 -999.0 -999.0 38.20382018994928 26.155158104197156 38.250298425888104 26.273656520105195 74.01081807896257 250.42017482203528 -999.0 5400.0 -999.0 1 448 {-999.0 -999.0 -999.0 -999.0 -999.0} "" -999.0 -999.0 -999.0 -999.0 -999 -999 "" "" "" "" 0 0 0.0 0.0 -999 ""
FIBERMAP 1135 R-2C11 METROLOGY 0 0 0 1 0 0 -56.555730429283585 -22.880205066103183 143.1 -51.30780577877071 32.98496382075807 181.65237 50.42215 -999.0 -999.0 -999.0 -999.0 -999.0 38.20192714901448 26.15221418416111 38.24838161119902 26.270708129436276 74.00791841872685 250.4136414950206 -999.0 6231.0 -999.0 -1 -999 {-999.0 -999.0 -999.0 -999.0 -999.0} "" -999.0 -999.0 -999.0 -999.0 -999 -999 "" "" "" "" 0 0 0.0 0.0 -999 ""
FIBERMAP 1137 R-1C6 APOGEE 0 0 0 1 0 0 -150.6347222384114 -11.68499863449262 143.1 -96.43479973748272 116.26756769492026 68.870766 64.67698 -999.0 -999.0 -999.0 -999.0 -999.0 37.971576813829444 26.529603728269556 38.01851303683486 26.648400376236726 73.99780031796826 251.97397066127496 -999.0 16600.0 -999.0 2 -999 {-999.0 -999.0 -999.0 -999.0 -999.0} "" -999.0 -999.0 -999.0 -999.0 -999 -999 "" "" "" "" 0 0 0.0 0.0 -999 ""
FIBERMAP 1137 R-1C6 BOSS 1 1 0 1 0 0 -150.1194220497539 -12.215080684287798 143.1 -96.57041539970072 115.54099957416975 68.870766 64.67698 37.970572126064056 26.52641996606254 78.184 -31.177212 1.1059803 37.97080148296553 26.526322114347803 38.01778926076997 26.645146514496304 73.99576757311672 251.9644606027294 5400.0 5400.0 2016.0 1 484 {-999.0 14.693228 14.274963 14.11242 -999.0} sdss_psfmag_from_g3xp 14.608643 14.279447 13.774234 12.874 63050396555052236 1072516265 bright_1x1 mwm_halo_local_high_boss_single mwm_halo science 0 0 0.0 0.0 -999 ""
FIBERMAP 1137 R-1C6 METROLOGY 0 0 0 1 0 0 -150.84128658992512 -12.401931789811526 143.1 -97.13940141795959 116.0226885574081 68.870766 64.67698 -999.0 -999.0 -999.0 -999.0 -999.0 37.96793194944666 26.528485305581054 38.014904671409795 26.647306549243627 73.99442631936022 251.9756476286332 -999.0 6231.0 -999.0 -1 -999 {-999.0 -999.0 -999.0 -999.0 -999.0} "" -999.0 -999.0 -999.0 -999.0 -999 -999 "" "" "" "" 0 0 0.0 0.0 -999 ""
FIBERMAP 1140 R-5C12 APOGEE 0 0 0 1 0 0 21.0131169710296 -100.11579012327812 143.1 -69.63303724319897 -74.91053893966597 318.7058 139.2729 -999.0 -999.0 -999.0 -999.0 -999.0 38.111658556679934 25.66071183050274 38.157041564801204 25.77937994147459 73.70041739562733 249.00426617474812 -999.0 16600.0 -999.0 2 159 {-999.0 -999.0 -999.0 -999.0 -999.0} "" -999.0 -999.0 -999.0 -999.0 -999 -999 "" ops_sky_apogee_best_unassigned ops_sky sky_apogee 0 0 0.0 0.0 -999 ""
FIBERMAP 1140 R-5C12 BOSS 1 1 0 1 0 0 21.11500755980047 -100.85187942588165 143.1 -70.17535116884913 -75.41835185819819 318.7058 139.2729 38.10882568359375 25.65833684306527 -999.0 -999.0 -999.0 38.10884146378337 25.65832861935884 38.15427525792586 25.777030686486103 73.69709492319163 249.00131680970162 5400.0 5400.0 2015.5 1 387 {-999.0 -999.0 -999.0 -999.0 -999.0} "" -999.0 -999.0 -999.0 -999.0 27021603080680194 803798407 "" ops_sky_boss_good ops_sky sky_boss 0 0 0.0 0.0 -999 ""
FIBERMAP 1140 R-5C12 METROLOGY 0 0 0 1 0 0 20.418761797587614 -100.58421913417894 143.1 -70.35840607485777 -74.69540058490013 318.7058 139.2729 -999.0 -999.0 -999.0 -999.0 -999.0 38.10792149463157 25.66162807321948 38.15334442196905 25.780322934359443 73.6979767104032 249.01300455090563 -999.0 6231.0 -999.0 -1 -999 {-999.0 -999.0 -999.0 -999.0 -999.0} "" -999.0 -999.0 -999.0 -999.0 -999 -999 "" "" "" "" 0 0 0.0 0.0 -999 ""
FIBERMAP 1143 R-2C5 APOGEE 1 1 0 1 0 0 -175.9694695818161 -56.890721990919666 143.1 -147.96391557052436 110.87918335115837 317.2198 74.953415 37.71041134098555 26.503075481650058 -5.94142 -8.858649 1.1618955 37.71082025643175 26.50301059541256 37.757463851470106 26.622217600829202 73.7772268171253 252.26411028829196 16000.0 16600.0 2016.0 2 249 {-999.0 10.27137 9.0392065 8.543654 -999.0} sdss_psfmag_from_g3xp 9.802629 9.022248 8.164484 6.221 63050396555053543 1153169129 bright_1x1 mwm_galactic_core_dist_apogee_sparse mwm_galactic science 0 0 1.155679702758789 0.0 -999 ""
FIBERMAP 1143 R-2C5 BOSS 0 0 0 1 0 0 -176.59253162298356 -57.2970755272373 143.1 -148.65515310684734 111.15357158785451 317.2198 74.953415 -999.0 -999.0 -999.0 -999.0 -999.0 37.707214766975866 26.50422474592849 37.753916961881146 26.62346365109444 73.7749394890319 252.27314729575625 -999.0 5400.0 -999.0 1 473 {-999.0 -999.0 -999.0 -999.0 -999.0} "" -999.0 -999.0 -999.0 -999.0 -999 -999 "" "" "" "" 0 0 0.0 0.0 -999 ""
FIBERMAP 1143 R-2C5 METROLOGY 0 0 0 1 0 0 -176.63714824912546 -56.54586456855965 143.1 -148.0674526817524 111.62333755711244 317.2198 74.953415 -999.0 -999.0 -999.0 -999.0 -999.0 37.710199698418684 26.506382987980192 37.75689193382459 26.625609524135154 73.7782753500977 252.27580133192035 -999.0 6231.0 -999.0 -1 -999 {-999.0 -999.0 -999.0 -999.0 -999.0} "" -999.0 -999.0 -999.0 -999.0 -999 -999 "" "" "" "" 0 0 0.0 0.0 -999 ""
FIBERMAP 1144 R+12C1 APOGEE 0 0 0 1 0 0 -165.73257118381792 230.1625239858509 143.1 92.34826453410278 268.1049223041605 153.07104 151.05794 -999.0 -999.0 -999.0 -999.0 -999.0 38.929389016607324 27.21401140407908 38.97857308897346 27.33121942142049 75.06558934023505 252.87691015862393 -999.0 16600.0 -999.0 2 129 {-999.0 -999.0 -999.0 -999.0 -999.0} "" -999.0 -999.0 -999.0 -999.0 -999 -999 "" ops_sky_apogee_best_unassigned ops_sky sky_apogee 0 0 0.0 0.0 -999 ""
FIBERMAP 1144 R+12C1 BOSS 1 1 0 1 0 0 -166.10186197582905 230.7872055039571 143.1 92.6453546831391 268.766828668046 153.07104 151.05794 38.930835174615034 27.21692037029607 -5.673805 -6.5224123 1.4139615 38.93082317799467 27.216908848079257 38.98006992309297 27.334137488322792 75.06803595535382 252.88495464643955 5400.0 5400.0 2016.0 1 8 {-999.0 20.952763 19.388304 18.171507 -999.0} sdss_psfmag 20.45622 18.877274 17.720022 15.706 63050396555057544 1094270243 bright_1x1 mwm_bin_vis_boss mwm_filler science 0 0 0.0 0.0 -999 ""
FIBERMAP 1144 R+12C1 METROLOGY 0 0 0 1 0 0 -165.36706797799968 230.8094791684324 143.1 93.08740539846633 268.1796458777705 153.07104 151.05794 -999.0 -999.0 -999.0 -999.0 -999.0 38.93309128092008 27.214290605998343 38.9823191591023 27.33150931585545 75.06872326211266 252.87242236013861 -999.0 6231.0 -999.0 -1 -999 {-999.0 -999.0 -999.0 -999.0 -999.0} "" -999.0 -999.0 -999.0 -999.0 -999 -999 "" "" "" "" 0 0 0.0 0.0 -999 ""
FIBERMAP 1148 R0C11 APOGEE 1 1 0 1 0 0 -80.6841319399145 17.30204436940633 143.1 -32.413407810072556 75.86708703160085 200.41725 22.420525 38.29715577806922 26.34773877946574 43.063103 -4.8173323 3.9092152 38.29724614394509 26.34770933493873 38.344126574316874 26.466012761797984 74.17461236896676 250.89923084879553 16000.0 16600.0 2016.0 2 285 {-999.0 11.196454 10.844378 10.714829 -999.0} sdss_psfmag_from_g3xp 11.139519 10.849159 10.386036 9.601 63050396555052335 974541959 "" ops_std_apogee ops_std standard_apogee 0 0 0.0 0.0 -999 ""
FIBERMAP 1148 R0C11 BOSS 0 0 0 1 0 0 -80.14434100646851 17.810775487123777 143.1 -31.686603459946532 75.71975378102488 200.41725 22.420525 -999.0 -999.0 -999.0 -999.0 -999.0 38.300864396431564 26.34706296552132 38.34780427317037 26.465387424005215 74.1772464948528 250.89163377641742 -999.0 5400.0 -999.0 1 431 {-999.0 -999.0 -999.0 -999.0 -999.0} "" -999.0 -999.0 -999.0 -999.0 -999 -999 "" "" "" "" 0 0 0.0 0.0 -999 ""
FIBERMAP 1148 R0C11 METROLOGY 0 0 0 1 0 0 -79.97139510300828 17.085689907517224 143.1 -32.17894388056354 75.1602646817984 200.41725 22.420525 -999.0 -999.0 -999.0 -999.0 -999.0 38.29839014594809 26.34451057639769 38.34530651780449 26.46283165685844 74.17408441645908 250.88709325798055 -999.0 6231.0 -999.0 -1 -999 {-999.0 -999.0 -999.0 -999.0 -999.0} "" -999.0 -999.0 -999.0 -999.0 -999 -999 "" "" "" "" 0 0 0.0 0.0 -999 ""
FIBERMAP 1149 R-5C9 APOGEE 0 0 0 1 0 0 -48.27741724725231 -93.43637532943922 143.1 -104.14852462752206 -14.475048413153319 337.1007 155.62021 -999.0 -999.0 -999.0 -999.0 -999.0 37.935647525898545 25.934974926952066 37.981400904912505 26.053890373533775 73.69437155301878 250.13236317990288 -999.0 16600.0 -999.0 2 284 {-999.0 -999.0 -999.0 -999.0 -999.0} "" -999.0 -999.0 -999.0 -999.0 -999 -999 "" ops_sky_apogee_best_unassigned ops_sky sky_apogee 0 0 0.0 0.0 -999 ""
FIBERMAP 1149 R-5C9 BOSS 1 1 0 1 0 0 -47.7664618173068 -93.97957459180141 143.1 -104.29735802942781 -15.20563520874953 337.1007 155.62021 37.93478738798202 25.93167860009752 1.2180845 -21.520773 0.31586176 37.93480449691346 25.931610399127653 37.98060921679826 26.050555890315742 73.69216321880025 250.1231115271528 5400.0 5400.0 2016.0 1 409 {-999.0 18.116972 17.718428 17.559774 17.495058} sdss_psfmag_from_gaia 18.0635 17.7316 17.2425 16.281 63050396554128435 967920891 "" ops_std_boss_gdr2 ops_std standard_boss 0 0 0.0 0.0 -999 ""
FIBERMAP 1149 R-5C9 METROLOGY 0 0 0 1 0 0 -48.48908099781238 -94.15713482470632 143.1 -104.8591924509355 -14.717970596354139 337.1007 155.62021 -999.0 -999.0 -999.0 -999.0 -999.0 37.931978776099164 25.93382527798306 37.97776862845308 26.052766917414612 73.69096599899525 250.1343547938252 -999.0 6231.0 -999.0 -1 -999 {-999.0 -999.0 -999.0 -999.0 -999.0} "" -999.0 -999.0 -999.0 -999.0 -999 -999 "" "" "" "" 0 0 0.0 0.0 -999 ""
FIBERMAP 1150 R-9C10 APOGEE 1 1 0 1 0 0 24.912294182219654 -188.72498656903448 143.1 -139.74190116866293 -129.20835197856294 1.2630124 61.625378 37.761129005291686 25.413287325510126 78.76892 -22.341957 10.365025 37.7613464412179 25.41322863009241 37.80594849335478 25.532471632476035 73.3033794595454 248.79642789766586 16000.0 16600.0 2016.0 2 180 {-999.0 14.027397 12.705502 12.130182 -999.0} sdss_psfmag_from_g3xp 13.510449 12.664414 11.762307 9.986 63050396554105474 984754458 bright_1x1 mwm_snc_100pc_apogee mwm_snc science 0 0 0.0 0.0 -999 ""
FIBERMAP 1150 R-9C10 BOSS 0 0 0 1 0 0 24.579014984014332 -189.37664818995404 143.1 -140.46629704987427 -129.31210449362922 1.2630124 61.625378 -999.0 -999.0 -999.0 -999.0 -999.0 37.75762413181465 25.41268178562618 37.80228090248562 25.531961004461348 73.30025135902557 248.80058687380333 -999.0 5400.0 -999.0 1 375 {-999.0 -999.0 -999.0 -999.0 -999.0} "" -999.0 -999.0 -999.0 -999.0 -999 -999 "" "" "" "" 0 0 0.0 0.0 -999 ""
FIBERMAP 1150 R-9C10 METROLOGY 0 0 0 1 0 0 24.168258000729153 -188.74447233238544 143.1 -140.1870065952504 -128.61201385426153 1.2630124 61.625378 -999.0 -999.0 -999.0 -999.0 -999.0 37.759009365021235 25.415869060593867 37.80365666982141 25.535137171183457 73.30290236876203 248.8080522379707 -999.0 6231.0 -999.0 -1 -999 {-999.0 -999.0 -999.0 -999.0 -999.0} "" -999.0 -999.0 -999.0 -999.0 -999 -999 "" "" "" "" 0 0 0.0 0.0 -999 ""
FIBERMAP 1151 R-9C4 APOGEE 0 0 0 1 0 0 -104.39281366264315 -185.53122201961963 143.1 -211.72285721055448 -21.77576567333597 40.87956 28.13189 -999.0 -999.0 -999.0 -999.0 -999.0 37.39524148657294 25.898264490123065 37.44043830461999 26.018025262535083 73.24873205641497 250.82615456724437 -999.0 16600.0 -999.0 2 -999 {-999.0 -999.0 -999.0 -999.0 -999.0} "" -999.0 -999.0 -999.0 -999.0 -999 -999 "" "" "" "" 0 0 0.0 0.0 -999 ""
FIBERMAP 1151 R-9C4 BOSS 1 1 0 1 0 0 -104.65024467384652 -186.206582158459 143.1 -212.42285262047233 -21.95512602536686 40.87956 28.13189 37.39156107254049 25.89744594794897 17.323826 -23.766798 0.69443524 37.39164590461794 25.89738910173973 37.436898310730214 26.017184308895253 73.24552700568239 250.82873957580014 5400.0 5400.0 2016.0 1 479 {-999.0 15.890077 15.462842 15.292581 -999.0} sdss_psfmag 15.793243 15.461072 14.9514885 14.002 63050396554128771 1072606564 bright_1x1 mwm_halo_local_high_boss_single mwm_halo science 0 0 0.0 0.0 -999 ""
FIBERMAP 1151 R-9C4 METROLOGY 0 0 0 1 0 0 -105.12983488026839 -185.6472466087463 143.1 -212.24274949445652 -21.240843872267252 40.87956 28.13189 -999.0 -999.0 -999.0 -999.0 -999.0 37.39253314030071 25.900644745251046 37.43777538105337 26.020430071885535 73.24774193170293 250.8374127398925 -999.0 6231.0 -999.0 -1 -999 {-999.0 -999.0 -999.0 -999.0 -999.0} "" -999.0 -999.0 -999.0 -999.0 -999 -999 "" "" "" "" 0 0 0.0 0.0 -999 ""
FIBERMAP 1152 R-9C3 APOGEE 0 0 0 1 0 0 -136.73139161997898 -179.3541503288064 143.1 -225.3330135572745 8.195060869968657 305.33517 141.43805 -999.0 -999.0 -999.0 -999.0 -999.0 37.32570857524466 26.033546363245357 37.371099280903934 26.1534004121203 73.25642640175295 251.34259580465672 -999.0 16600.0 -999.0 2 256 {-999.0 -999.0 -999.0 -999.0 -999.0} "" -999.0 -999.0 -999.0 -999.0 -999 -999 "" ops_sky_apogee_best_unassigned ops_sky sky_apogee 0 0 0.0 0.0 -999 ""
FIBERMAP 1152 R-9C3 BOSS 1 1 0 1 0 0 -136.7772405309919 -180.0867828564807 143.1 -225.9577274481452 7.809885739702848 305.33517 141.43805 37.32243608908556 26.031775443666074 20.324614 -6.8281627 2.5897663 37.322507988479465 26.031742603865638 37.36795314858864 26.151630114369983 73.25310432767469 251.34165803430292 5400.0 5400.0 2016.0 1 477 {-999.0 22.167383 20.708818 18.99464 -999.0} sdss_psfmag 20.791142 19.76913 18.444279 15.924 63050396554130314 1094797843 bright_1x1 mwm_bin_vis_boss mwm_filler science 0 0 0.0 0.0 -999 ""
FIBERMAP 1152 R-9C3 METROLOGY 0 0 0 1 0 0 -137.41887567847382 -179.64890658532403 143.1 -225.97028249387205 8.586430300067384 305.33517 141.43805 -999.0 -999.0 -999.0 -999.0 -999.0 37.32243201871096 26.035269598872876 37.36786658271336 26.155148818725714 73.25465621698751 251.35262160384067 -999.0 6231.0 -999.0 -1 -999 {-999.0 -999.0 -999.0 -999.0 -999.0} "" -999.0 -999.0 -999.0 -999.0 -999 -999 "" "" "" "" 0 0 0.0 0.0 -999 ""
FIBERMAP 1153 R-6C11 APOGEE 0 0 0 1 0 0 -14.123795474926643 -109.03113652421472 143.1 -97.1818352138304 -51.36058103095579 172.60715 94.888985 -999.0 -999.0 -999.0 -999.0 -999.0 37.97197636971918 25.76730803270764 38.01744015709994 25.886184215752017 73.64255812547111 249.55354823050638 -999.0 16600.0 -999.0 2 -999 {-999.0 -999.0 -999.0 -999.0 -999.0} "" -999.0 -999.0 -999.0 -999.0 -999 -999 "" "" "" "" 0 0 0.0 0.0 -999 ""
FIBERMAP 1153 R-6C11 BOSS 1 1 0 1 0 0 -14.10394442948573 -108.29172675216941 143.1 -96.5665837726652 -50.95026668009981 172.60715 94.888985 37.97496895331534 25.769121883345615 -999.0 -999.0 -999.0 37.97495818200007 25.769133856696218 38.0204864947101 25.888034112788816 73.64585129688275 249.554603674892 5400.0 5400.0 2016.0 1 386 {-999.0 19.027376 17.94761 17.317812 -999.0} sdss_psfmag -999.0 -999.0 -999.0 13.403 63050396665629694 1118009785 bright_1x1 openfibertargets_bhm_lofarradio_boss open_fiber science 0 0 0.0 0.0 -999 ""
FIBERMAP 1153 R-6C11 METROLOGY 0 0 0 1 0 0 -13.464240701234827 -108.68235366768053 143.1 -96.5165591313313 -51.69797850304794 172.60715 94.888985 -999.0 -999.0 -999.0 -999.0 -999.0 37.975260660016836 25.76574647559898 38.020766199357865 25.884638421906327 73.64443237563307 249.5436113820253 -999.0 6231.0 -999.0 -1 -999 {-999.0 -999.0 -999.0 -999.0 -999.0} "" -999.0 -999.0 -999.0 -999.0 -999 -999 "" "" "" "" 0 0 0.0 0.0 -999 ""
FIBERMAP 1156 R-11C14 APOGEE 0 0 0 1 0 0 138.57351458188808 -216.71598284848375 143.1 -97.03440748086962 -238.17032647746834 9.186727 95.571 -999.0 -999.0 -999.0 -999.0 -999.0 37.980477230177726 24.923217669910738 38.024340692550425 25.04216976468213 73.22463921507503 246.98127477174927 -999.0 16600.0 -999.0 2 239 {-999.0 -999.0 -999.0 -999.0 -999.0} "" -999.0 -999.0 -999.0 -999.0 -999 -999 "" ops_sky_apogee_best_unassigned ops_sky sky_apogee 0 0 0.0 0.0 -999 ""
FIBERMAP 1156 R-11C14 BOSS 1 1 0 1 0 0 138.76642291434734 -217.43536858514747 143.1 -97.5105781985773 -238.74282892965596 9.186727 95.571 37.978131408934125 24.92083838186794 -22.632545 -84.95341 1.9700415 37.978071743967874 24.9206129273578 38.021986308996475 25.03960110257639 73.2214815877762 246.9775154587815 5400.0 5400.0 2016.0 1 255 {-999.0 19.401255 17.90007 17.221645 -999.0} sdss_psfmag 18.819212 17.7791 16.81884 14.874 63050396554102972 1072709575 bright_1x1 mwm_halo_local_high_boss_single mwm_halo science 0 0 0.0 0.0 -999 ""
FIBERMAP 1156 R-11C14 METROLOGY 0 0 0 1 0 0 138.04326854264443 -217.244699587308 143.1 -97.7720261248061 -238.04231616884235 9.186727 95.571 -999.0 -999.0 -999.0 -999.0 -999.0 37.976751470610466 24.923755689557744 38.02065439564268 25.042736516352022 73.22208083285608 246.98896715557578 -999.0 6231.0 -999.0 -1 -999 {-999.0 -999.0 -999.0 -999.0 -999.0} "" -999.0 -999.0 -999.0 -999.0 -999 -999 "" "" "" "" 0 0 0.0 0.0 -999 ""
FIBERMAP 1158 R-5C22 APOGEE 1 1 0 1 0 0 223.1036574402747 -109.25698055379488 143.1 39.477160722806964 -245.2102984909907 254.0003 85.87312 38.66159841607871 24.892650554455653 62.17638 -23.377449 8.791852 38.66178584626811 24.89256307258311 38.70616926189621 25.010442094025954 73.7331779666599 245.7423570454256 16000.0 16600.0 2016.0 2 211 {-999.0 8.415247 8.337503 8.350491 -999.0} sdss_psfmag_from_g3xp 8.456667 8.309128 8.027514 7.635 63050396554097953 974539204 "" ops_std_apogee ops_std standard_apogee 0 0 0.0 0.0 -999 ""
FIBERMAP 1158 R-5C22 BOSS 0 0 0 1 0 0 222.40989611791468 -109.00012939570607 143.1 39.286712237138744 -244.49561119844984 254.0003 85.87312 -999.0 -999.0 -999.0 -999.0 -999.0 38.66079072985073 24.895699441790267 38.705234982824095 25.013611495020136 73.73415149494187 245.75354136871078 -999.0 5400.0 -999.0 1 251 {-999.0 -999.0 -999.0 -999.0 -999.0} "" -999.0 -999.0 -999.0 -999.0 -999 -999 "" "" "" "" 0 0 0.0 0.0 -999 ""
FIBERMAP 1158 R-5C22 METROLOGY 0 0 0 1 0 0 222.98083737797992 -108.52383525149905 143.1 40.00499752627021 -244.687092839507 254.0003 85.87312 -999.0 -999.0 -999.0 -999.0 -999.0 38.66438777660651 24.894866537917125 38.70881768632893 25.012763949594877 73.73644641846354 245.7448009295949 -999.0 6231.0 -999.0 -1 -999 {-999.0 -999.0 -999.0 -999.0 -999.0} "" -999.0 -999.0 -999.0 -999.0 -999 -999 "" "" "" "" 0 0 0.0 0.0 -999 ""
FIBERMAP 1162 R-2C6 APOGEE 0 0 0 1 0 0 -171.28626595189627 -54.99495839942864 143.1 -143.71435739439306 108.14845043547639 296.47916 29.168291 -999.0 -999.0 -999.0 -999.0 -999.0 37.73234921095518 26.490845423517815 37.77898920157668 26.610020144652275 73.78903912776273 252.194347022618 -999.0 16600.0 -999.0 2 -999 {-999.0 -999.0 -999.0 -999.0 -999.0} "" -999.0 -999.0 -999.0 -999.0 -999 -999 "" "" "" "" 0 0 0.0 0.0 -999 ""
FIBERMAP 1162 R-2C6 BOSS 1 1 0 1 0 0 -171.9152160813113 -54.578078124256805 143.1 -143.73674043985292 108.90252500584704 296.47916 29.168291 37.73211793509253 26.49435210676791 0.40300512 -6.754951 1.1410049 37.732111229881504 26.494267330660005 37.778817113945365 26.613468494992855 73.79043611491839 252.20565387762576 5400.0 5400.0 2016.0 1 472 {-999.0 19.775349 18.213509 17.53432 -999.0} sdss_psfmag 19.124853 18.112885 17.145592 15.067 63050396555053538 1095289285 bright_1x1 mwm_bin_vis_boss mwm_filler science 0 0 0.0 0.0 -999 ""
FIBERMAP 1162 R-2C6 METROLOGY 0 0 0 1 0 0 -171.24642902377875 -54.24992484335888 143.1 -143.08298483074012 108.54568840695673 296.47916 29.168291 -999.0 -999.0 -999.0 -999.0 -999.0 37.73544886278368 26.492682936984547 37.7821378996415 26.611871575702104 73.7923841304534 252.19579703848063 -999.0 6231.0 -999.0 -1 -999 {-999.0 -999.0 -999.0 -999.0 -999.0} "" -999.0 -999.0 -999.0 -999.0 -999 -999 "" "" "" "" 0 0 0.0 0.0 -999 ""
FIBERMAP 1163 R-8C7 APOGEE 0 0 0 1 0 0 -72.94685984623042 -175.06097762717468 143.1 -185.03344304799572 -41.41475970457878 308.93765 48.43327 -999.0 -999.0 -999.0 -999.0 -999.0 37.52978572841284 25.8101430615684 37.57493621606034 25.929704570091477 73.31381541526319 250.3573909907155 -999.0 16600.0 -999.0 2 -999 {-999.0 -999.0 -999.0 -999.0 -999.0} "" -999.0 -999.0 -999.0 -999.0 -999 -999 "" "" "" "" 0 0 0.0 0.0 -999 ""
FIBERMAP 1163 R-8C7 BOSS 1 1 0 1 0 0 -73.69828548893236 -175.05592401221784 143.1 -185.4627722419072 -40.79823194928162 308.93765 48.43327 37.52747818067199 25.812917555739116 0.122397296 -1.5555558 0.3980368 37.52748621059644 25.812885853387325 37.57269982767923 25.932479655513383 73.31335904000188 250.36922083704894 5400.0 5400.0 2016.0 1 401 {-999.0 16.386497 15.95594 15.827508 -999.0} sdss_psfmag 16.307625 15.978897 15.48548 14.66 63050396554128271 981730764 "" ops_std_boss_tic ops_std standard_boss 0 0 0.0 0.0 -999 ""
FIBERMAP 1163 R-8C7 METROLOGY 0 0 0 1 0 0 -73.31083407254637 -174.4096829603076 143.1 -184.7115538242882 -40.74184318094421 308.93765 48.43327 -999.0 -999.0 -999.0 -999.0 -999.0 37.53127339080968 25.813177110318616 37.576473952236995 25.932756778206873 73.31647941025207 250.36447065948232 -999.0 6231.0 -999.0 -1 -999 {-999.0 -999.0 -999.0 -999.0 -999.0} "" -999.0 -999.0 -999.0 -999.0 -999 -999 "" "" "" "" 0 0 0.0 0.0 -999 ""
FIBERMAP 1167 R-3C5 APOGEE 0 0 0 1 0 0 -178.09695387699531 -75.90678686937262 143.1 -164.71962249394707 101.6471646581655 292.3887 54.428253 -999.0 -999.0 -999.0 -999.0 -999.0 37.62646691925544 26.46033942796962 37.67295011479064 26.579682259164937 73.69062703629268 252.2480610753534 -999.0 16600.0 -999.0 2 264 {-999.0 -999.0 -999.0 -999.0 -999.0} "" -999.0 -999.0 -999.0 -999.0 -999 -999 "" ops_sky_apogee_best_unassigned ops_sky sky_apogee 0 0 0.0 0.0 -999 ""
FIBERMAP 1167 R-3C5 BOSS 1 1 0 1 0 0 -178.83769081368234 -75.73620825069551 143.1 -165.00761859262818 102.35044627416744 292.3887 54.428253 37.62488894756452 26.46353176196715 -0.56076926 -1.4167714 0.16480096 37.62488878629919 26.46350999648171 37.671436504026246 26.58288154826885 73.69083852976472 252.2604084795928 5400.0 5400.0 2016.0 1 466 {-999.0 18.286125 17.83853 17.6534 17.566418} sdss_psfmag_from_gaia 18.1732 17.8529 17.2892 16.219 63050396555053613 974239053 "" ops_std_boss_gdr2 ops_std standard_boss 0 0 0.0 0.0 -999 ""
FIBERMAP 1167 R-3C5 METROLOGY 0 0 0 1 0 0 -178.31373067211567 -75.19359531119488 143.1 -164.2622783276747 102.23558496732902 292.3887 54.428253 -999.0 -999.0 -999.0 -999.0 -999.0 37.628676207777026 26.46303141946444 37.675209528789196 26.582389591686702 73.69364138260559 252.25349267321337 -999.0 6231.0 -999.0 -1 -999 {-999.0 -999.0 -999.0 -999.0 -999.0} "" -999.0 -999.0 -999.0 -999.0 -999 -999 "" "" "" "" 0 0 0.0 0.0 -999 ""
FIBERMAP 1169 R-11C9 APOGEE 0 0 0 1 0 0 22.934579412512463 -224.78622442371437 143.1 -170.33026682518144 -148.39509133757667 339.01804 92.44641 -999.0 -999.0 -999.0 -999.0 -999.0 37.60970541075591 25.326110713406514 37.65400972825813 25.4455991717972 73.14120145765132 248.77066768108796 -999.0 16600.0 -999.0 2 168 {-999.0 -999.0 -999.0 -999.0 -999.0} "" -999.0 -999.0 -999.0 -999.0 -999 -999 "" ops_sky_apogee_best_unassigned ops_sky sky_apogee 0 0 0.0 0.0 -999 ""
FIBERMAP 1169 R-11C9 BOSS 1 1 0 1 0 0 22.729350869834384 -225.5030539557966 143.1 -171.03401333277642 -148.64100151925845 339.01804 92.44641 37.60598530770789 25.32494751359353 45.82471 -5.596722 0.610887 37.60612417086549 25.324936674730417 37.650482669315295 25.444461576316215 73.13787202359475 248.7727154151426 5400.0 5400.0 2016.0 1 361 {-999.0 16.490402 16.035034 15.941045 -999.0} sdss_psfmag_ps1 16.4011 16.070251 15.556957 14.647 63050396554105761 1073247908 bright_1x1 mwm_halo_local_high_boss_single mwm_halo science 0 0 0.0 0.0 -999 ""
FIBERMAP 1169 R-11C9 METROLOGY 0 0 0 1 0 0 22.206327673175988 -224.9638794300482 143.1 -170.89542775067503 -147.90288185901173 339.01804 92.44641 -999.0 -999.0 -999.0 -999.0 -999.0 37.606787812102986 25.32828212179709 37.65113633591773 25.447796914257193 73.14004023784017 248.78168710939252 -999.0 6231.0 -999.0 -1 -999 {-999.0 -999.0 -999.0 -999.0 -999.0} "" -999.0 -999.0 -999.0 -999.0 -999 -999 "" "" "" "" 0 0 0.0 0.0 -999 ""
FIBERMAP 1170 R-5C6 APOGEE 0 0 0 1 0 0 -116.74386780688764 -79.03741739348541 143.1 -131.88488090928007 49.74047535051045 115.12292 63.64604 -999.0 -999.0 -999.0 -999.0 -999.0 37.79360123422245 26.226235667770432 37.83978671992253 26.345342615407 73.71796910681782 251.26249730651966 -999.0 16600.0 -999.0 2 -999 {-999.0 -999.0 -999.0 -999.0 -999.0} "" -999.0 -999.0 -999.0 -999.0 -999 -999 "" "" "" "" 0 0 0.0 0.0 -999 ""
FIBERMAP 1170 R-5C6 BOSS 1 1 0 1 0 0 -116.00259354999672 -79.02951940585893 143.1 -131.45083123785506 49.13970826001752 115.12292 63.64604 37.79571533203125 26.22352285898897 -999.0 -999.0 -999.0 37.7956927278028 26.22351317437374 37.84193404367909 26.342644523362175 73.71844126286099 251.25079739549562 5400.0 5400.0 2015.5 1 456 {-999.0 -999.0 -999.0 -999.0 -999.0} "" -999.0 -999.0 -999.0 -999.0 27021603081074603 816048539 "" ops_sky_boss_good ops_sky sky_boss 0 0 0.0 0.0 -999 ""
FIBERMAP 1170 R-5C6 METROLOGY 0 0 0 1 0 0 -116.37643452940442 -79.68676688883423 143.1 -132.20318637436947 49.06585623499878 115.12292 63.64604 -999.0 -999.0 -999.0 -999.0 -999.0 37.79192176468963 26.22315373999034 37.83814219033019 26.34228325777021 73.7152561728976 251.25521297405683 -999.0 6231.0 -999.0 -1 -999 {-999.0 -999.0 -999.0 -999.0 -999.0} "" -999.0 -999.0 -999.0 -999.0 -999 -999 "" "" "" "" 0 0 0.0 0.0 -999 ""
FIBERMAP 1172 R-3C6 APOGEE 0 0 0 1 0 0 -152.66210145296319 -46.02898270787428 143.1 -125.64950823396252 98.11197311018891 127.18465 109.57748 -999.0 -999.0 -999.0 -999.0 -999.0 37.823917537743846 26.446145287020073 37.870555568059046 26.565181776643293 73.84225245826927 251.9191496899208 -999.0 16600.0 -999.0 2 -999 {-999.0 -999.0 -999.0 -999.0 -999.0} "" -999.0 -999.0 -999.0 -999.0 -999 -999 "" "" "" "" 0 0 0.0 0.0 -999 ""
FIBERMAP 1172 R-3C6 BOSS 1 1 0 1 0 0 -152.26793326699962 -45.40120433244843 143.1 -124.90949186571795 98.15222687988069 127.18465 109.57748 37.82754733945061 26.446365231916996 -999.0 -999.0 -999.0 37.82755177260681 26.446366821147052 37.87425271811577 26.56542416485744 73.84531651911334 251.91459623351344 5400.0 5400.0 2016.0 1 467 {-999.0 21.14395 20.039959 19.497686 -999.0} sdss_psfmag -999.0 -999.0 -999.0 -999.0 63050398811158663 1118071969 bright_1x1 openfibertargets_bhm_lofarradio_boss open_fiber science 0 0 0.0 0.0 -999 ""
FIBERMAP 1172 R-3C6 METROLOGY 0 0 0 1 0 0 -151.91662089715217 -46.05932609956853 143.1 -125.24426001107909 97.48571182448671 127.18465 109.57748 -999.0 -999.0 -999.0 -999.0 -999.0 37.82589830624146 26.44333018754892 37.87257509338451 26.56238291654315 73.84261080884941 251.9072486983339 -999.0 6231.0 -999.0 -1 -999 {-999.0 -999.0 -999.0 -999.0 -999.0} "" -999.0 -999.0 -999.0 -999.0 -999 -999 "" "" "" "" 0 0 0.0 0.0 -999 ""
FIBERMAP 1174 R-1C1 APOGEE 1 1 0 1 0 0 -283.9323143278279 -31.324134318694036 143.1 -189.3640979484315 213.78936877443414 245.9079 122.74567 37.500899652726574 26.96385268197038 0.7767209 -18.148336 2.3530424 37.500899859711076 26.963787172133006 37.548239161953234 27.083272247956867 73.80783846775465 254.04288002057825 16000.0 16600.0 2016.0 2 293 {-999.0 12.023249 11.591441 11.437581 -999.0} sdss_psfmag_from_g3xp 11.93682 11.607774 11.102292 10.249 63050396555060738 1076265101 bright_1x1 mwm_snc_ext_main_apogee mwm_snc science 0 0 0.0 0.0 -999 ""
FIBERMAP 1174 R-1C1 BOSS 0 0 0 1 0 0 -284.6523353244977 -31.487671553062626 143.1 -189.9129824699422 214.28300080897114 245.9079 122.74567 -999.0 -999.0 -999.0 -999.0 -999.0 37.498091041695076 26.965913225818362 37.54549232637163 27.08542728047467 73.80652014151147 254.0535700573759 -999.0 5400.0 -999.0 1 425 {-999.0 -999.0 -999.0 -999.0 -999.0} "" -999.0 -999.0 -999.0 -999.0 -999 -999 "" "" "" "" 0 0 0.0 0.0 -999 ""
FIBERMAP 1174 R-1C1 METROLOGY 0 0 0 1 0 0 -284.4272356563802 -30.76586603374195 143.1 -189.19371002647037 214.51555464359703 245.9079 122.74567 -999.0 -999.0 -999.0 -999.0 -999.0 37.50172357361394 26.96701959848927 37.54911329065669 27.086520857621295 73.80990565971857 254.05229069798898 -999.0 6231.0 -999.0 -1 -999 {-999.0 -999.0 -999.0 -999.0 -999.0} "" -999.0 -999.0 -999.0 -999.0 -999 -999 "" "" "" "" 0 0 0.0 0.0 -999 ""
FIBERMAP 1176 R+12C11 APOGEE 0 0 0 1 0 0 68.90106923487949 214.19427795930767 143.1 214.65582079816429 67.29238415194932 315.39026 71.51929 -999.0 -999.0 -999.0 -999.0 -999.0 39.547515005937655 26.305358114370335 39.595440500857535 26.421665602620493 75.1413943868196 248.75147275990406 -999.0 16600.0 -999.0 2 -999 {-999.0 -999.0 -999.0 -999.0 -999.0} "" -999.0 -999.0 -999.0 -999.0 -999 -999 "" "" "" "" 0 0 0.0 0.0 -999 ""
FIBERMAP 1176 R+12C11 BOSS 1 1 0 1 0 0 68.24951840781073 213.8491142786718 143.1 213.99811716200318 67.62533332076839 315.39026 71.51929 39.544262932404074 26.306882503327547 -6.9403696 -11.179253 1.4172335 39.54421622367009 26.30687964356292 39.592194805713234 26.423218546818507 75.13960193744964 248.7622560852056 5400.0 5400.0 2016.0 1 102 {-999.0 14.28535 13.817561 13.648305 -999.0} sdss_psfmag_from_g3xp 14.1866045 13.831647 13.310555 12.433 63050396555027337 981557169 "" ops_std_boss_tic ops_std standard_boss 0 0 0.0 0.0 -999 ""
FIBERMAP 1176 R+12C11 METROLOGY 0 0 0 1 0 0 68.27408660287021 214.59869699900602 143.1 214.62439687457515 68.03766386933454 315.39026 71.51929 -999.0 -999.0 -999.0 -999.0 -999.0 39.54736539338195 26.308724661343078 39.59533547018367 26.425050828013266 75.14294985323329 248.7632041346654 -999.0 6231.0 -999.0 -1 -999 {-999.0 -999.0 -999.0 -999.0 -999.0} "" -999.0 -999.0 -999.0 -999.0 -999 -999 "" "" "" "" 0 0 0.0 0.0 -999 ""
FIBERMAP 1177 R+4C12 APOGEE 0 0 0 1 1 0 12.290434344526929 63.565361377135225 143.1 58.9970137730696 26.63100447562084 353.37204 69.03625 -999.0 -999.0 -999.0 -999.0 -999.0 38.76161691758547 26.124088623861706 38.80847888450603 26.241678741515766 74.43654525332609 249.44443654540055 -999.0 16600.0 -999.0 2 -999 {-999.0 -999.0 -999.0 -999.0 -999.0} "" -999.0 -999.0 -999.0 -999.0 -999 -999 "" "" "" "" 0 0 0.0 0.0 -999 ""
FIBERMAP 1177 R+4C12 BOSS 1 0 0 1 1 0 11.952305536808597 62.90382500962238 143.1 58.26175672253104 26.525515945410156 353.37204 69.03625 38.74723054649873 26.129084440156134 4.682127 -6.413458 2.3491886 38.7578691796052 26.123597921930227 38.80478253085653 26.24122132918055 74.43341581613944 249.4488582514005 5400.0 5400.0 2016.0 1 115 {-999.0 15.544617 14.394604 13.886599 -999.0} sdss_psfmag_from_g3xp 15.1224575 14.371331 13.503251 11.72 63050396555025886 1035078765 bright_1x1 mwm_yso_pms_boss_zari18pms_single mwm_yso science 0 0 0.0 0.0 -999 ""
FIBERMAP 1177 R+4C12 METROLOGY 0 0 0 1 1 0 11.545264427958251 63.52816223799434 143.1 58.53678965179227 27.218050537113466 353.37204 69.03625 -999.0 -999.0 -999.0 -999.0 -999.0 38.759273509374204 26.126755731706776 38.8061785361578 26.244368833603993 74.43602234090766 249.4569207941744 -999.0 6231.0 -999.0 -1 -999 {-999.0 -999.0 -999.0 -999.0 -999.0} "" -999.0 -999.0 -999.0 -999.0 -999 -999 "" "" "" "" 0 0 0.0 0.0 -999 ""
FIBERMAP 1189 R-13C11 APOGEE 1 1 0 1 0 0 95.17311366185723 -265.90273121597363 143.1 -162.23549808931875 -231.10276952707483 29.303898 29.835903 37.656107720310615 24.954869430051364 -17.071842 -7.588306 7.135037 37.656075489454786 24.954844775173505 37.699720914436625 25.074300414138534 72.98942962740114 247.59865970588953 16000.0 16600.0 2016.0 2 189 {-999.0 10.170487 9.82831 9.725342 -999.0} sdss_psfmag_gaia 10.129411 9.8452 9.403124 8.715 63050396554103398 1103811973 bright_1x1 mwm_tess_2min_apogee mwm_planet science 0 0 0.0 0.0 -999 ""
FIBERMAP 1189 R-13C11 BOSS 0 0 0 1 0 0 94.79824833007675 -266.5355392415121 143.1 -162.96848690847452 -231.16168729445934 29.303898 29.835903 -999.0 -999.0 -999.0 -999.0 -999.0 37.65239611115765 24.954560054499314 37.696097089895886 25.074053529317784 72.98648564365706 247.60369176896097 -999.0 5400.0 -999.0 1 336 {-999.0 -999.0 -999.0 -999.0 -999.0} "" -999.0 -999.0 -999.0 -999.0 -999 -999 "" "" "" "" 0 0 0.0 0.0 -999 ""
FIBERMAP 1189 R-13C11 METROLOGY 0 0 0 1 0 0 94.42920561180804 -265.85933041265383 143.1 -162.62917656550206 -230.47026024644353 29.303898 29.835903 -999.0 -999.0 -999.0 -999.0 -999.0 37.65403801671479 24.9576543940731 37.697729422027976 25.077135885238476 72.98933605683789 247.61014252507886 -999.0 6231.0 -999.0 -1 -999 {-999.0 -999.0 -999.0 -999.0 -999.0} "" -999.0 -999.0 -999.0 -999.0 -999 -999 "" "" "" "" 0 0 0.0 0.0 -999 ""
FIBERMAP 1190 R+13C5 APOGEE 0 0 0 1 0 0 -44.77826340120032 235.87170008763948 143.1 166.78222775098536 172.6271967247162 354.4224 56.379448 -999.0 -999.0 -999.0 -999.0 -999.0 39.30734195453939 26.78348132566394 39.35601070222708 26.90012713483299 75.17715724566229 250.79311616064064 -999.0 16600.0 -999.0 2 111 {-999.0 -999.0 -999.0 -999.0 -999.0} "" -999.0 -999.0 -999.0 -999.0 -999 -999 "" ops_sky_apogee_best_unassigned ops_sky sky_apogee 0 0 0.0 0.0 -999 ""
FIBERMAP 1190 R+13C5 BOSS 1 1 0 1 0 0 -45.226137954854096 235.28354894514004 143.1 166.04359065977272 172.65365822500272 354.4224 56.379448 39.30358886718749 26.783633681031297 -999.0 -999.0 -999.0 39.30358560169905 26.78363351837529 39.35230520967514 26.900309981493887 75.17429795996446 250.79963042658227 5400.0 5400.0 2015.5 1 85 {-999.0 -999.0 -999.0 -999.0 -999.0} "" -999.0 -999.0 -999.0 -999.0 27021603081061490 803860002 "" ops_sky_boss_good ops_sky sky_boss 0 0 0.0 0.0 -999 ""
FIBERMAP 1190 R+13C5 METROLOGY 0 0 0 1 0 0 -45.52431354710585 235.96785919338424 143.1 166.4303959370819 173.2918885880893 354.4224 56.379448 -999.0 -999.0 -999.0 -999.0 -999.0 39.305541392674556 26.786488457113666 39.35425323601635 26.903154484656604 75.17713919780184 250.80644112254453 -999.0 6231.0 -999.0 -1 -999 {-999.0 -999.0 -999.0 -999.0 -999.0} "" -999.0 -999.0 -999.0 -999.0 -999 -999 "" "" "" "" 0 0 0.0 0.0 -999 ""
FIBERMAP 1192 R-11C4 APOGEE 0 0 0 1 0 0 -92.58534322661792 -205.20003042280194 143.1 -220.97328712466586 -42.76357087367713 35.70159 127.601425 -999.0 -999.0 -999.0 -999.0 -999.0 37.35031394912337 25.802770512095055 37.39528930984767 25.92261086042385 73.16808366780552 250.6005631001357 -999.0 16600.0 -999.0 2 164 {-999.0 -999.0 -999.0 -999.0 -999.0} "" -999.0 -999.0 -999.0 -999.0 -999 -999 "" "" "" "" 0 0 0.0 0.0 -999 ""
FIBERMAP 1192 R-11C4 BOSS 1 1 0 1 0 0 -91.87340893026337 -205.40842717754776 143.1 -220.73278788952757 -43.4651475086612 35.70159 127.601425 37.351460115104366 25.799544713768658 -999.0 -999.0 -999.0 37.35145301309184 25.799563516242213 37.39648393034162 25.919431596511732 73.16753188556652 250.58913152247337 5400.0 5400.0 2016.0 1 349 {-999.0 18.812243 18.385044 18.22218 -999.0} sdss_psfmag_ps1 18.496542 21.363653 17.321234 15.119 63050396554127924 1117886674 bright_1x1 openfibertargets_bhm_lofarradio_boss open_fiber science 0 0 0.0 0.0 -999 ""
FIBERMAP 1192 R-11C4 METROLOGY 0 0 0 1 0 0 -92.4065386879032 -205.9260455048436 143.1 -221.4630070518127 -43.32838030079979 35.70159 127.601425 -999.0 -999.0 -999.0 -999.0 -999.0 37.34783263971478 25.800166390011164 37.392844279839096 25.92003174215155 73.16492830335162 250.5962899311781 -999.0 6231.0 -999.0 -1 -999 {-999.0 -999.0 -999.0 -999.0 -999.0} "" -999.0 -999.0 -999.0 -999.0 -999 -999 "" "" "" "" 0 0 0.0 0.0 -999 ""
FIBERMAP 1194 R-7C9 APOGEE 1 1 0 1 0 0 -42.016246738650636 -150.3481513043126 143.1 -147.0108379540506 -52.41716844482945 265.29196 89.30838 37.72108769670991 25.761383576031193 4.129082 -27.685104 3.2501817 37.72109314681384 25.761318811221713 37.76632185006662 25.880587844987527 73.44177449594201 249.9196993446334 16000.0 16600.0 2016.0 2 171 {-999.0 9.70103 9.443191 9.374191 -999.0} sdss_psfmag_gaia 9.681952 9.447141 9.047767 8.415 63050396554128180 975435205 "" ops_std_apogee ops_std standard_apogee 0 0 0.0 0.0 -999 ""
FIBERMAP 1194 R-7C9 BOSS 0 0 0 1 0 0 -42.7529963985217 -150.2514549863952 143.1 -147.35686614472914 -51.75976145080435 265.29196 89.30838 -999.0 -999.0 -999.0 -999.0 -999.0 37.71920547974221 25.764247343797596 37.76449736161038 25.883548101391582 73.44175129676213 249.93157635149782 -999.0 5400.0 -999.0 1 388 {-999.0 -999.0 -999.0 -999.0 -999.0} "" -999.0 -999.0 -999.0 -999.0 -999 -999 "" "" "" "" 0 0 0.0 0.0 -999 ""
FIBERMAP 1194 R-7C9 METROLOGY 0 0 0 1 0 0 -42.30176178278889 -149.65772954516933 143.1 -146.6117388585712 -51.785751265572436 265.29196 89.30838 -999.0 -999.0 -999.0 -999.0 -999.0 37.72297971062071 25.764161148607755 37.76825798940075 25.88344778617331 73.44467344281522 249.92558152669753 -999.0 6231.0 -999.0 -1 -999 {-999.0 -999.0 -999.0 -999.0 -999.0} "" -999.0 -999.0 -999.0 -999.0 -999 -999 "" "" "" "" 0 0 0.0 0.0 -999 ""
FIBERMAP 1200 R+2C7 APOGEE 1 1 0 1 0 0 -125.47836590720937 23.5539950023547 143.1 -53.14739841558141 116.05236967661999 333.7957 78.91326 38.191266313160675 26.529855286723194 6.65861 13.630881 3.3054223 38.19135643976192 26.52988008003742 38.23849586941776 26.64833136657245 74.17350819238206 251.6521970729192 16000.0 16600.0 2016.0 2 146 {-999.0 11.007436 10.735834 10.661283 -999.0} sdss_psfmag_gaia 10.987515 10.742058 10.338197 9.693 63050396555052871 996646485 bright_1x1 mwm_bin_gaia_sb_apogee mwm_bin science 0 0 0.0 0.0 -999 ""
FIBERMAP 1200 R+2C7 BOSS 0 0 0 1 0 0 -125.90399027238311 22.94633577630792 143.1 -53.889130861655524 116.04940858334848 333.7957 78.91326 -999.0 -999.0 -999.0 -999.0 -999.0 38.18750336153642 26.529873553127917 38.23469711260731 26.64835697883456 74.17048775272406 251.65788316484907 -999.0 5400.0 -999.0 1 47 {-999.0 -999.0 -999.0 -999.0 -999.0} "" -999.0 -999.0 -999.0 -999.0 -999 -999 "" "" "" "" 0 0 0.0 0.0 -999 ""
FIBERMAP 1200 R+2C7 METROLOGY 0 0 0 1 0 0 -126.22051312665118 23.62509675480767 143.1 -53.51744062884256 116.69942021479028 333.7957 78.91326 -999.0 -999.0 -999.0 -999.0 -999.0 38.18940475496083 26.53282944563071 38.236589628938304 26.651302170407043 74.17332352737174 251.66473595938464 -999.0 6231.0 -999.0 -1 -999 {-999.0 -999.0 -999.0 -999.0 -999.0} "" -999.0 -999.0 -999.0 -999.0 -999 -999 "" "" "" "" 0 0 0.0 0.0 -999 ""
FIBERMAP 1203 R-3C1 APOGEE 1 1 0 1 0 0 -266.55200356072635 -72.49046446740579 143.1 -212.95469513547644 175.85006048183345 263.3089 88.62079 37.38266699319636 26.791896880553374 -6.313991 -7.795686 1.199561 37.382641326971566 26.79184487695729 37.42953619736335 26.911531180007167 73.63943835325584 253.64679379142285 16000.0 16600.0 2016.0 2 269 {-999.0 11.567561 10.590161 10.195201 -999.0} sdss_psfmag_from_g3xp 11.242514 10.598832 9.829784 8.192 63050396555060440 1108706008 bright_1x1 mwm_tess_rgb_apogee mwm_tessrgb science 0 0 0.0 0.0 -999 ""
FIBERMAP 1203 R-3C1 BOSS 0 0 0 1 0 0 -267.2766328345498 -72.39551779064095 143.1 -213.29516049793494 176.4965607226533 263.3089 88.62079 -999.0 -999.0 -999.0 -999.0 -999.0 37.38087196769611 26.794690589365846 37.42783153370999 26.914404857731366 73.63928604394653 253.658322239116 -999.0 5400.0 -999.0 1 496 {-999.0 -999.0 -999.0 -999.0 -999.0} "" -999.0 -999.0 -999.0 -999.0 -999 -999 "" "" "" "" 0 0 0.0 0.0 -999 ""
FIBERMAP 1203 R-3C1 METROLOGY 0 0 0 1 0 0 -266.83699238020324 -71.80483962106425 143.1 -212.55920963897728 176.4782808729893 263.3089 88.62079 -999.0 -999.0 -999.0 -999.0 -999.0 37.38457867098639 26.79467645741163 37.43152444201053 26.914377757177974 73.64225431904603 253.65325957915118 -999.0 6231.0 -999.0 -1 -999 {-999.0 -999.0 -999.0 -999.0 -999.0} "" -999.0 -999.0 -999.0 -999.0 -999 -999 "" "" "" "" 0 0 0.0 0.0 -999 ""
FIBERMAP 1207 R-4C13 APOGEE 0 0 0 1 0 0 39.06555229509303 -68.57499294926927 143.1 -33.46343520127404 -71.45797531596024 73.69241 63.558426 -999.0 -999.0 -999.0 -999.0 -999.0 38.29417677262849 25.676915412028052 38.33975215382276 25.79529423951243 73.85155308817558 248.76479087785208 -999.0 16600.0 -999.0 2 -999 {-999.0 -999.0 -999.0 -999.0 -999.0} "" -999.0 -999.0 -999.0 -999.0 -999 -999 "" "" "" "" 0 0 0.0 0.0 -999 ""
FIBERMAP 1207 R-4C13 BOSS 1 1 0 1 0 0 39.61068366050597 -69.05124038832628 143.1 -33.53788167445129 -72.1778492984852 73.69241 63.558426 38.29372002710263 25.673532826676603 0.23720007 1.2356532 0.28408408 38.29373702163468 25.67357309614047 38.339362767780244 25.79198209666141 73.84961771498885 248.75504541622112 5400.0 5400.0 2016.0 1 363 {-999.0 17.322886 16.947233 16.771955 -999.0} sdss_psfmag 17.240751 16.936224 16.455414 15.421 63050396555024694 975989826 "" ops_std_boss ops_std standard_boss 0 0 0.0 0.0 -999 ""
FIBERMAP 1207 R-4C13 METROLOGY 0 0 0 1 0 0 38.90833865442356 -69.30433913024183 143.1 -34.14970563214909 -71.75031452959068 73.69241 63.558426 -999.0 -999.0 -999.0 -999.0 -999.0 38.29065872109819 25.67552608734466 38.33626931740616 25.79393148341195 73.84815264202665 248.76607381611115 -999.0 6231.0 -999.0 -1 -999 {-999.0 -999.0 -999.0 -999.0 -999.0} "" -999.0 -999.0 -999.0 -999.0 -999 -999 "" "" "" "" 0 0 0.0 0.0 -999 ""
FIBERMAP 1208 R-3C19 APOGEE 0 0 0 1 0 0 135.78766546702138 -65.14127880849415 143.1 25.13417539653772 -148.4603299706409 205.12091 126.442184 -999.0 -999.0 -999.0 -999.0 -999.0 38.59032579937105 25.327864977042758 38.63548603627555 25.445811588818227 73.90645401525447 247.19396484936095 -999.0 16600.0 -999.0 2 -999 {-999.0 -999.0 -999.0 -999.0 -999.0} "" -999.0 -999.0 -999.0 -999.0 -999 -999 "" "" "" "" 0 0 0.0 0.0 -999 ""
FIBERMAP 1208 R-3C19 BOSS 1 1 0 1 0 0 135.1362257433323 -64.82188395212836 143.1 25.019212957305953 -147.74412440046243 205.12091 126.442184 38.58971257685707 25.33102261615806 -999.0 -999.0 -999.0 38.58970212753429 25.331019446952915 38.63492395823681 25.448996943601898 73.90765200221102 247.2047687949539 5400.0 5400.0 2016.0 1 289 {-999.0 22.022036 20.738514 20.216288 -999.0} sdss_psfmag -999.0 -999.0 -999.0 -999.0 63050397381278323 1118030475 bright_1x1 openfibertargets_bhm_lofarradio_boss open_fiber science 0 0 0.0 0.0 -999 ""
FIBERMAP 1208 R-3C19 METROLOGY 0 0 0 1 0 0 135.74360827493044 -64.39648290065304 143.1 25.716960011190288 -147.99472132269312 205.12091 126.442184 -999.0 -999.0 -999.0 -999.0 -999.0 38.593225302326736 25.329909161843553 38.638432142077534 25.447872613293892 73.90979484957057 247.19542489550656 -999.0 6231.0 -999.0 -1 -999 {-999.0 -999.0 -999.0 -999.0 -999.0} "" -999.0 -999.0 -999.0 -999.0 -999 -999 "" "" "" "" 0 0 0.0 0.0 -999 ""
FIBERMAP 1213 R+9C2 APOGEE 0 0 0 1 0 0 -176.91179911378177 187.31917306903438 143.1 50.9137946704744 252.51989272426846 142.97757 97.91563 -999.0 -999.0 -999.0 -999.0 -999.0 38.71927257577447 27.145589948392594 38.768121495431274 27.263140568019203 74.86740053134274 252.9470280190666 -999.0 16600.0 -999.0 2 -999 {-999.0 -999.0 -999.0 -999.0 -999.0} "" -999.0 -999.0 -999.0 -999.0 -999 -999 "" "" "" "" 0 0 0.0 0.0 -999 ""
FIBERMAP 1213 R+9C2 BOSS 1 1 0 1 0 0 -176.54777789795187 187.97191364885109 143.1 51.656804999886276 252.59916376403424 142.97757 97.91563 38.72300110524736 27.145939190368814 -2.8601873 -1.2423072 0.3921441 38.72299507646187 27.14592426829838 38.77190437293274 27.263492499433525 74.87059178311611 252.9427497468016 5400.0 5400.0 2016.0 1 19 {-999.0 16.915512 16.471884 16.294092 -999.0} sdss_psfmag 16.849043 16.486021 15.9718275 15.15 63050396555056693 981127865 "" ops_std_boss_tic ops_std standard_boss 0 0 0.0 0.0 -999 ""
FIBERMAP 1213 R+9C2 METROLOGY 0 0 0 1 0 0 -176.16575199677683 187.3278724782329 143.1 51.3512519805532 251.91569042207317 142.97757 97.91563 -999.0 -999.0 -999.0 -999.0 -999.0 38.72146613182519 27.1428818638742 38.77035197594773 27.260446175626708 74.86804355207325 252.93445216475322 -999.0 6231.0 -999.0 -1 -999 {-999.0 -999.0 -999.0 -999.0 -999.0} "" -999.0 -999.0 -999.0 -999.0 -999 -999 "" "" "" "" 0 0 0.0 0.0 -999 ""
FIBERMAP 1215 R-1C15 APOGEE 0 0 0 1 0 0 38.008944210495144 -37.14924707389474 143.1 -8.410735895448605 -52.4673736644416 320.8682 74.230896 -999.0 -999.0 -999.0 -999.0 -999.0 38.42053413918548 25.763602612019913 38.46638879967895 25.881772551681983 73.99330953205224 248.83464103637004 -999.0 16600.0 -999.0 2 -999 {-999.0 -999.0 -999.0 -999.0 -999.0} "" -999.0 -999.0 -999.0 -999.0 -999 -999 "" "" "" "" 0 0 0.0 0.0 -999 ""
FIBERMAP 1215 R-1C15 BOSS 1 1 0 1 0 0 37.41207374254375 -37.58946929829957 143.1 -9.114522058940544 -52.233910387688674 320.8682 74.230896 38.41689643440494 25.764617228466385 4.5911865 -6.3927674 0.4357251 38.416910105986446 25.76460123383286 38.462820291385356 25.88280553889618 73.99101754402282 248.84361296348578 5400.0 5400.0 2016.0 1 272 {-999.0 17.854435 17.44212 17.276167 17.205423} sdss_psfmag_from_gaia 17.7786 17.4558 16.9399 15.948 63050396555024729 967920932 "" ops_std_boss_gdr2 ops_std standard_boss 0 0 0.0 0.0 -999 ""
FIBERMAP 1215 R-1C15 METROLOGY 0 0 0 1 0 0 37.32548020371083 -36.850016507370945 143.1 -8.56063749225554 -51.73664879734439 320.8682 74.230896 -999.0 -999.0 -999.0 -999.0 -999.0 38.41972324293065 25.76688384628932 38.46562423928094 25.885075308067908 73.99432888650823 248.8463039361297 -999.0 6231.0 -999.0 -1 -999 {-999.0 -999.0 -999.0 -999.0 -999.0} "" -999.0 -999.0 -999.0 -999.0 -999 -999 "" "" "" "" 0 0 0.0 0.0 -999 ""
FIBERMAP 1222 R+1C10 APOGEE 0 0 0 1 0 0 -89.8711046446889 28.46143802505734 143.1 -28.600127674556976 89.80638773770536 150.9845 105.59306 -999.0 -999.0 -999.0 -999.0 -999.0 38.316444511397435 26.411147934172956 38.363466481485034 26.529414388837772 74.21910233900674 251.07685699043992 -999.0 16600.0 -999.0 2 -999 {-999.0 -999.0 -999.0 -999.0 -999.0} "" -999.0 -999.0 -999.0 -999.0 -999 -999 "" "" "" "" 0 0 0.0 0.0 -999 ""
FIBERMAP 1222 R+1C10 BOSS 1 1 0 1 0 0 -89.71592642967593 29.199917119139414 143.1 -27.907573450671894 90.1056573489811 150.9845 105.59306 38.31983810424419 26.412545873464282 24.179005 -6.072328 0.70489794 38.31988744175625 26.41253693885324 38.36697264354308 26.530824239190043 74.22253669948503 251.0761851492445 5400.0 5400.0 2016.0 1 30 {-999.0 15.352674 14.787623 14.570176 -999.0} sdss_psfmag_from_g3xp 15.217294 14.808599 14.224445 13.127 63050396555052358 1072551735 bright_1x1 mwm_halo_local_high_boss_single mwm_halo science 0 0 0.0 0.0 -999 ""
FIBERMAP 1222 R+1C10 METROLOGY 0 0 0 1 0 0 -89.16224470965955 28.694203084767715 143.1 -28.001150056296858 89.36180351290322 150.9845 105.59306 -999.0 -999.0 -999.0 -999.0 -999.0 38.31944001788144 26.40915333721484 38.36650193347538 26.527434218449446 74.2206100732682 251.06581090617811 -999.0 6231.0 -999.0 -1 -999 {-999.0 -999.0 -999.0 -999.0 -999.0} "" -999.0 -999.0 -999.0 -999.0 -999 -999 "" "" "" "" 0 0 0.0 0.0 -999 ""
FIBERMAP 1226 R+8C2 APOGEE 0 0 0 1 0 0 -195.74954450503975 158.19812957086205 143.1 16.26715638630392 251.10443394964904 193.51501 89.04094 -999.0 -999.0 -999.0 -999.0 -999.0 38.54311757758701 27.139494427508083 38.591788329182066 27.257325763022223 74.72308086654351 253.18132322252364 -999.0 16600.0 -999.0 2 -999 {-999.0 -999.0 -999.0 -999.0 -999.0} "" -999.0 -999.0 -999.0 -999.0 -999 -999 "" "" "" "" 0 0 0.0 0.0 -999 ""
FIBERMAP 1226 R+8C2 BOSS 1 1 0 1 0 0 -195.92418923360802 158.92165011713087 143.1 16.757238845571027 251.66440752457243 193.51501 89.04094 38.5455322265625 27.14198441945006 -999.0 -999.0 -999.0 38.54554936663808 27.14199063209187 38.594284224076716 27.2598415244703 74.72615754081166 253.1863955962981 5400.0 5400.0 2015.5 1 69 {-999.0 -999.0 -999.0 -999.0 -999.0} "" -999.0 -999.0 -999.0 -999.0 27021603081077372 816048750 "" ops_sky_boss_good ops_sky sky_boss 0 0 0.0 0.0 -999 ""
FIBERMAP 1226 R+8C2 METROLOGY 0 0 0 1 0 0 -195.2139154435385 158.71751718044385 143.1 17.0002620511982 250.96664641676077 193.51501 89.04094 -999.0 -999.0 -999.0 -999.0 -999.0 38.54680837973577 27.13887794034636 38.59552210915439 27.256720457680128 74.72582923437858 253.17389518007045 -999.0 6231.0 -999.0 -1 -999 {-999.0 -999.0 -999.0 -999.0 -999.0} "" -999.0 -999.0 -999.0 -999.0 -999 -999 "" "" "" "" 0 0 0.0 0.0 -999 ""
FIBERMAP 1229 R-10C17 APOGEE 0 0 0 1 0 0 191.3541272481374 -201.42561816496854 143.1 -54.10210644450492 -272.4506969142217 337.93805 108.24477 -999.0 -999.0 -999.0 -999.0 -999.0 38.19567533355945 24.770494135509022 38.23943236899811 24.889124176623287 73.31025762232015 246.17326866949688 -999.0 16600.0 -999.0 2 188 {-999.0 -999.0 -999.0 -999.0 -999.0} "" -999.0 -999.0 -999.0 -999.0 -999 -999 "" ops_sky_apogee_best_unassigned ops_sky sky_apogee 0 0 0.0 0.0 -999 ""
FIBERMAP 1229 R-10C17 BOSS 1 1 0 1 0 0 191.29820329658324 -202.151773602777 143.1 -54.727342891997104 -272.8239085119839 337.93805 108.24477 38.19224883395871 24.768836606303463 85.637794 -7.433405 10.735158 38.192522179330076 24.768806594173242 38.23633062929491 24.887474259809174 73.306997177016 246.17359010137642 5400.0 5400.0 2016.0 1 329 {-999.0 18.893742 17.399683 15.832874 -999.0} sdss_psfmag 18.347574 16.553926 15.293852 12.929 63050396554097642 1157675305 bright_1x1 mwm_snc_100pc_bright_boss_single mwm_snc science 0 0 0.0 0.0 -999 ""
FIBERMAP 1229 R-10C17 METROLOGY 0 0 0 1 0 0 190.68129177088315 -201.74477939081535 143.1 -54.75085447013682 -272.08536736419114 337.93805 108.24477 -999.0 -999.0 -999.0 -999.0 -999.0 38.19239567287801 24.7720988187559 38.23619402457723 24.890757121831346 73.30863197263432 246.18351092924365 -999.0 6231.0 -999.0 -1 -999 {-999.0 -999.0 -999.0 -999.0 -999.0} "" -999.0 -999.0 -999.0 -999.0 -999 -999 "" "" "" "" 0 0 0.0 0.0 -999 ""
FIBERMAP 1232 R-4C22 APOGEE 0 0 0 1 0 0 228.43512379059808 -86.17917122477334 143.1 61.39787999396624 -236.25164870944732 264.92355 145.95111 -999.0 -999.0 -999.0 -999.0 -999.0 38.77129237986457 24.932864675597525 38.81584574743101 25.050564956646596 73.8386383635433 245.6740737947869 -999.0 16600.0 -999.0 2 -999 {-999.0 -999.0 -999.0 -999.0 -999.0} "" -999.0 -999.0 -999.0 -999.0 -999 -999 "" "" "" "" 0 0 0.0 0.0 -999 ""
FIBERMAP 1232 R-4C22 BOSS 1 1 0 1 0 0 227.9802842723011 -86.76174775277462 143.1 60.6597774177106 -236.21628394632458 264.92355 145.95111 38.767688987590205 24.9329772490671 1.24076 -5.4204097 2.0714076 38.76756191248392 24.93295700713893 38.8121675992636 25.05069482086446 73.83588927782378 245.68085444555493 5400.0 5400.0 2016.0 1 322 {-999.0 20.389866 18.672663 17.696657 -999.0} sdss_psfmag 19.559114 18.359982 17.26169 15.091 63050396554098099 1094744259 bright_1x1 mwm_bin_vis_boss mwm_filler science 0 0 0.0 0.0 -999 ""
FIBERMAP 1232 R-4C22 METROLOGY 0 0 0 1 0 0 227.69677632661447 -86.07190984803067 143.1 61.059557523192126 -235.58684255282063 264.92355 145.95111 -999.0 -999.0 -999.0 -999.0 -999.0 38.7695824517424 24.93579257199866 38.814179630094884 25.053517901654093 73.83893691661038 245.6859400758052 -999.0 6231.0 -999.0 -1 -999 {-999.0 -999.0 -999.0 -999.0 -999.0} "" -999.0 -999.0 -999.0 -999.0 -999 -999 "" "" "" "" 0 0 0.0 0.0 -999 ""
FIBERMAP 1240 R+7C16 APOGEE 1 1 0 1 0 0 113.74800941528424 117.87012218778281 143.1 161.8674409020261 -24.8936203209284 295.44113 52.7806 39.2804596604199 25.888508629616663 -3.5342214 27.098804 5.904495 39.280466149585195 25.888516931052116 39.3273241122597 26.00529988366786 74.72719692947837 247.81166623429078 16000.0 16600.0 2016.0 2 66 {-999.0 11.434036 10.977112 10.819197 -999.0} sdss_psfmag_from_g3xp 11.341398 11.000607 10.484622 9.581 63050396555023922 1103502242 bright_1x1 mwm_tess_2min_apogee mwm_planet science 0 0 0.0 0.0 -999 ""
FIBERMAP 1240 R+7C16 BOSS 0 0 0 1 0 0 113.02474148388006 118.02172897010834 143.1 161.57402934621282 -24.215547662913544 295.44113 52.7806 -999.0 -999.0 -999.0 -999.0 -999.0 39.27901878951681 25.8915660718043 39.325935300386675 26.00837889420054 74.72765317785698 247.82415966974895 -999.0 5400.0 -999.0 1 201 {-999.0 -999.0 -999.0 -999.0 -999.0} "" -999.0 -999.0 -999.0 -999.0 -999 -999 "" "" "" "" 0 0 0.0 0.0 -999 ""
FIBERMAP 1240 R+7C16 METROLOGY 0 0 0 1 0 0 113.5065371342024 118.58248624256373 143.1 162.30986386840522 -24.285511070744224 295.44113 52.7806 -999.0 -999.0 -999.0 -999.0 -999.0 39.28271784264553 25.89124544096166 39.32962172141737 26.00804443872501 74.73035663981095 247.8167781869087 -999.0 6231.0 -999.0 -1 -999 {-999.0 -999.0 -999.0 -999.0 -999.0} "" -999.0 -999.0 -999.0 -999.0 -999 -999 "" "" "" "" 0 0 0.0 0.0 -999 ""
FIBERMAP 1241 R+7C13 APOGEE 0 0 0 1 0 0 42.852090797005346 143.723145020296 143.1 142.08302400561422 47.913019596840016 164.64297 100.24587 -999.0 -999.0 -999.0 -999.0 -999.0 39.182220030394184 26.21982472910159 39.22964792199559 26.33673112229173 74.81340153325307 249.0748346751098 -999.0 16600.0 -999.0 2 48 {-999.0 -999.0 -999.0 -999.0 -999.0} "" -999.0 -999.0 -999.0 -999.0 -999 -999 "" ops_sky_apogee_best_unassigned ops_sky sky_apogee 0 0 0.0 0.0 -999 ""
FIBERMAP 1241 R+7C13 BOSS 1 1 0 1 0 0 42.915669125287415 144.46636619701312 143.1 142.72661168702496 48.2898249291565 164.64297 100.24587 39.18548733779552 26.22152564464274 -1.007488 -11.109845 0.3923901 39.18547989555973 26.22151345798368 39.23296828645732 26.33844113232651 74.81683294671791 249.07508509158032 5400.0 5400.0 2016.0 1 150 {-999.0 16.478514 15.963248 15.740674 -999.0} sdss_psfmag 16.350985 15.960398 15.396995 14.396 63050396555027454 1076100156 bright_1x1 mwm_halo_mp_xp_boss_single mwm_halo science 0 0 0.0 0.0 -999 ""
FIBERMAP 1241 R+7C13 METROLOGY 0 0 0 1 0 0 43.530378433768774 144.04023433393837 143.1 142.73322516187966 47.54204265303365 164.64297 100.24587 -999.0 -999.0 -999.0 -999.0 -999.0 39.185507785510204 26.2181192841271 39.232974088159665 26.335039711084363 74.81519918123414 249.06369467503876 -999.0 6231.0 -999.0 -1 -999 {-999.0 -999.0 -999.0 -999.0 -999.0} "" -999.0 -999.0 -999.0 -999.0 -999 -999 "" "" "" "" 0 0 0.0 0.0 -999 ""
FIBERMAP 1251 R+6C7 APOGEE 0 0 0 1 0 0 -101.60726135213505 107.41792093578434 143.1 29.105629849827825 144.93574430740023 229.74416 104.765274 -999.0 -999.0 -999.0 -999.0 -999.0 38.60938752646195 26.66175620960206 38.657171397269735 26.779532278571406 74.56652793163457 251.46237366595665 -999.0 16600.0 -999.0 2 100 {-999.0 -999.0 -999.0 -999.0 -999.0} "" -999.0 -999.0 -999.0 -999.0 -999 -999 "" ops_sky_apogee_best_unassigned ops_sky sky_apogee 0 0 0.0 0.0 -999 ""
FIBERMAP 1251 R+6C7 BOSS 1 1 0 1 0 0 -102.27046792672871 107.75358846880299 143.1 28.99716799761061 145.67094547205656 229.74416 104.765274 38.608799677806275 26.66511578703428 -1.0316632 3.7072904 0.36705607 38.60878664190733 26.665115957875674 38.656633035865184 26.782918001327136 74.56762194727303 251.47454886773556 5400.0 5400.0 2016.0 1 66 {-999.0 17.275469 16.767662 16.579885 -999.0} sdss_psfmag 17.1552 16.779602 16.248014 15.223 63050396555052684 980355558 "" ops_std_boss_tic ops_std standard_boss 0 0 0.0 0.0 -999 ""
FIBERMAP 1251 R+6C7 METROLOGY 0 0 0 1 0 0 -101.61558590791104 108.17401679089701 143.1 29.7182541627294 145.3786920751601 229.74416 104.765274 -999.0 -999.0 -999.0 -999.0 -999.0 38.61247049468363 26.663788526725526 38.660301655734145 26.78157766648276 74.56994390420579 251.46451279479854 -999.0 6231.0 -999.0 -1 -999 {-999.0 -999.0 -999.0 -999.0 -999.0} "" -999.0 -999.0 -999.0 -999.0 -999 -999 "" "" "" "" 0 0 0.0 0.0 -999 ""
FIBERMAP 1252 R+13C7 APOGEE 0 0 0 1 0 0 -8.026876805229344 233.2826617160023 143.1 185.86787024290913 141.12261822019173 323.56207 65.72744 -999.0 -999.0 -999.0 -999.0 -999.0 39.4036145500111 26.640551600737016 39.45208363118746 26.757056919097085 75.18752753842512 250.1421971178401 -999.0 16600.0 -999.0 2 46 {-999.0 -999.0 -999.0 -999.0 -999.0} "" -999.0 -999.0 -999.0 -999.0 -999 -999 "" "" "" "" 0 0 0.0 0.0 -999 ""
FIBERMAP 1252 R+13C7 BOSS 1 1 0 1 0 0 -8.65504941595189 232.89197981352282 143.1 185.1864821245003 141.41021983756124 323.56207 65.72744 39.400163189971835 26.641864861946086 -999.0 -999.0 -999.0 39.40016250533558 26.641878646610227 39.448684722778864 26.758414484769663 75.18546943527255 250.15240994125756 5400.0 5400.0 2016.0 1 167 {-999.0 19.178585 18.371054 17.937902 -999.0} sdss_psfmag 18.76727 21.447067 17.246574 14.839 63050396555030212 1118005319 bright_1x1 openfibertargets_bhm_lofarradio_boss open_fiber science 0 0 0.0 0.0 -999 ""
FIBERMAP 1252 R+13C7 METROLOGY 0 0 0 1 0 0 -8.681061977780153 233.63819794812989 143.1 185.78083707745884 141.86191368237866 323.56207 65.72744 -999.0 -999.0 -999.0 -999.0 -999.0 39.403161046051906 26.6438890867287 39.45167483998989 26.76041275494235 75.18876175284836 250.15448719924615 -999.0 6231.0 -999.0 -1 -999 {-999.0 -999.0 -999.0 -999.0 -999.0} "" -999.0 -999.0 -999.0 -999.0 -999 -999 "" "" "" "" 0 0 0.0 0.0 -999 ""
FIBERMAP 1254 R+2C6 APOGEE 0 0 0 1 0 0 -172.04066660515116 43.90815084308282 143.1 -63.385457903009986 165.81623547391933 182.64085 93.64057 -999.0 -999.0 -999.0 -999.0 -999.0 38.138708066572775 26.754943064371897 38.18623944553093 26.873453633781914 74.23168608937948 252.46922957195244 -999.0 16600.0 -999.0 2 -999 {-999.0 -999.0 -999.0 -999.0 -999.0} "" -999.0 -999.0 -999.0 -999.0 -999 -999 "" "" "" "" 0 0 0.0 0.0 -999 ""
FIBERMAP 1254 R+2C6 BOSS 1 1 0 1 0 0 -172.1342909014664 44.62058941510977 143.1 -62.85768874662943 166.3036553547125 182.64085 93.64057 38.14129618360974 26.75718305453069 -0.29553694 0.24000178 0.053838767 38.14130496156852 26.75718638213187 38.18890129174105 26.875717900726595 74.23481245435805 252.47289198945305 5400.0 5400.0 2016.0 1 48 {-999.0 17.82865 17.378717 17.192293 17.104193} sdss_psfmag_from_gaia 17.7536 17.3931 16.8666 16.024 63050396555053107 974239047 "" ops_std_boss_gdr2 ops_std standard_boss 0 0 0.0 0.0 -999 ""
FIBERMAP 1254 R+2C6 METROLOGY 0 0 0 1 0 0 -171.44343986356574 44.35534453674033 143.1 -62.67577333775895 165.58650272056465 182.64085 93.64057 -999.0 -999.0 -999.0 -999.0 -999.0 38.14225801440532 26.753949476339564 38.18983240624726 26.872472681478612 74.23413710263358 252.46081610736104 -999.0 6231.0 -999.0 -1 -999 {-999.0 -999.0 -999.0 -999.0 -999.0} "" -999.0 -999.0 -999.0 -999.0 -999 -999 "" "" "" "" 0 0 0.0 0.0 -999 ""
FIBERMAP 1256 R-7C15 APOGEE 0 0 0 1 0 0 106.84383878623528 -142.33010605885787 143.1 -54.594154601421636 -169.350834470424 269.1903 153.68102 -999.0 -999.0 -999.0 -999.0 -999.0 38.18996905815571 25.232739633007956 38.23460067740103 25.35132969045951 73.54695412345276 247.56537527433787 -999.0 16600.0 -999.0 2 -999 {-999.0 -999.0 -999.0 -999.0 -999.0} "" -999.0 -999.0 -999.0 -999.0 -999 -999 "" "" "" "" 0 0 0.0 0.0 -999 ""
FIBERMAP 1256 R-7C15 BOSS 1 1 0 1 0 0 106.41836344816662 -143.0534943632601 143.1 -55.4303052046512 -169.42067497454383 269.1903 153.68102 38.18572998046875 25.23233572321017 -999.0 -999.0 -999.0 38.1856990676668 25.232333196791373 38.230383661689984 25.350960811551257 73.54348823627113 247.57111879778697 5400.0 5400.0 2015.5 1 317 {-999.0 -999.0 -999.0 -999.0 -999.0} "" -999.0 -999.0 -999.0 -999.0 27021603080678986 816023166 "" ops_sky_boss_good ops_sky sky_boss 0 0 0.0 0.0 -999 ""
FIBERMAP 1256 R-7C15 METROLOGY 0 0 0 1 0 0 106.09940143895409 -142.37985559639094 143.1 -55.06420477292877 -168.77162625537034 269.1903 153.68102 -999.0 -999.0 -999.0 -999.0 -999.0 38.187537577970545 25.235286362181448 38.23221311933844 25.35390203522086 73.54641051407698 247.5770727225364 -999.0 6231.0 -999.0 -1 -999 {-999.0 -999.0 -999.0 -999.0 -999.0} "" -999.0 -999.0 -999.0 -999.0 -999 -999 "" "" "" "" 0 0 0.0 0.0 -999 ""
FIBERMAP 1260 R+1C4 APOGEE 0 0 0 1 0 0 -203.76769991206103 17.53095726707876 143.1 -103.2265926459097 176.5089177039136 311.90762 148.00691 -999.0 -999.0 -999.0 -999.0 -999.0 37.93629143342138 26.801756420346216 37.98372546124716 26.92057982077418 74.0896312550134 252.9128405332818 -999.0 16600.0 -999.0 2 -999 {-999.0 -999.0 -999.0 -999.0 -999.0} "" -999.0 -999.0 -999.0 -999.0 -999 -999 "" "" "" "" 0 0 0.0 0.0 -999 ""
FIBERMAP 1260 R+1C4 BOSS 1 1 0 1 0 0 -203.6139010137574 16.803306045000987 143.1 -103.7320730149111 175.96358403145416 311.90762 148.00691 37.93361826305211 26.799285559600754 0.06866946 -3.8526835 0.24254932 37.93364681268697 26.799292074107782 37.98113244300015 26.91814509723438 74.08649304952706 252.9084861888371 5400.0 5400.0 2016.0 1 62 {-999.0 17.03003 16.583136 16.398394 16.311745} sdss_psfmag_from_gaia 16.954 16.5975 16.0709 15.086 63050396555054697 974239067 "" ops_std_boss_gdr2 ops_std standard_boss 0 0 0.0 0.0 -999 ""
FIBERMAP 1260 R+1C4 METROLOGY 0 0 0 1 0 0 -204.32446340258562 17.034291991333944 143.1 -103.9533345858704 176.6770708270534 311.90762 148.00691 -999.0 -999.0 -999.0 -999.0 -999.0 37.932539589979925 26.80249756393134 37.98001376070471 26.921344829510417 74.0869789862681 252.92058102801403 -999.0 6231.0 -999.0 -1 -999 {-999.0 -999.0 -999.0 -999.0 -999.0} "" -999.0 -999.0 -999.0 -999.0 -999 -999 "" "" "" "" 0 0 0.0 0.0 -999 ""
FIBERMAP 1265 R+5C6 APOGEE 0 0 0 1 0 0 -142.3322928816748 107.22822185935807 143.1 5.4586998178837005 178.08229271755806 221.8662 23.335823 -999.0 -999.0 -999.0 -999.0 -999.0 38.48879957748777 26.811549642167446 38.536768208201465 26.92950142752248 74.53712258983157 252.1460670263983 -999.0 16600.0 -999.0 2 -999 {-999.0 -999.0 -999.0 -999.0 -999.0} "" -999.0 -999.0 -999.0 -999.0 -999 -999 "" "" "" "" 0 0 0.0 0.0 -999 ""
FIBERMAP 1265 R+5C6 BOSS 1 1 0 1 0 0 -142.0803474752335 107.91219436062039 143.1 6.162563722379204 178.27110059930544 221.8662 23.335823 38.49232304677212 26.812445242842077 0.45230696 0.2353761 -0.6333432 38.492325157495436 26.81243634581142 38.54035571985173 26.930407344602237 74.54039306371544 252.14383205662648 5400.0 5400.0 2016.0 1 50 {-999.0 19.11533 18.853037 18.750591 -999.0} sdss_psfmag 19.223593 19.032 18.638811 -999.0 63050396555056302 1118005406 bright_1x1 openfibertargets_bhm_lofarradio_boss open_fiber science 0 0 0.0 0.0 -999 ""
FIBERMAP 1265 R+5C6 METROLOGY 0 0 0 1 0 0 -141.59712290231354 107.35545032298863 143.1 5.986673285064263 177.5553455303819 221.8662 23.335823 -999.0 -999.0 -999.0 -999.0 -999.0 38.49145200606495 26.809201455878316 38.539459232449815 26.92716713113444 74.53824783317575 252.134241863284 -999.0 6231.0 -999.0 -1 -999 {-999.0 -999.0 -999.0 -999.0 -999.0} "" -999.0 -999.0 -999.0 -999.0 -999 -999 "" "" "" "" 0 0 0.0 0.0 -999 ""
FIBERMAP 1266 R-1C23 APOGEE 0 0 0 1 0 0 219.10116732333654 -23.672514773289258 143.1 107.05644041967825 -192.57292046818287 246.27078 173.73969 -999.0 -999.0 -999.0 -999.0 -999.0 39.000440572192915 25.129342554079983 39.045568022459406 25.246655648598963 74.11899538845631 245.8755957734448 -999.0 16600.0 -999.0 2 -999 {-999.0 -999.0 -999.0 -999.0 -999.0} "" -999.0 -999.0 -999.0 -999.0 -999 -999 "" "" "" "" 0 0 0.0 0.0 -999 ""
FIBERMAP 1266 R-1C23 BOSS 1 1 0 1 0 0 218.7415408391782 -24.33258376069869 143.1 106.30998080605394 -192.66000759033602 246.27078 173.73969 38.996609226894414 25.12902147928527 17.575457 -49.295475 1.6135578 38.99667583195469 25.128876764940742 39.04185371972045 25.246226709275525 74.11591783833234 245.88076219166953 5400.0 5400.0 2016.0 1 312 {-999.0 14.081856 13.552166 13.372839 -999.0} sdss_psfmag_gaia 13.9663515 13.588993 13.039287 12.038 63050396555016146 1073248245 bright_1x1 mwm_halo_local_high_boss_single mwm_halo science 0 0 0.0 0.0 -999 ""
FIBERMAP 1266 R-1C23 METROLOGY 0 0 0 1 0 0 218.3551331617628 -23.68226209480932 143.1 106.61813485986845 -191.96933322812612 246.27078 173.73969 -999.0 -999.0 -999.0 -999.0 -999.0 38.9982492818331 25.132002891167147 39.04341911623749 25.249341255651114 74.11876721156021 245.88768190866767 -999.0 6231.0 -999.0 -1 -999 {-999.0 -999.0 -999.0 -999.0 -999.0} "" -999.0 -999.0 -999.0 -999.0 -999 -999 "" "" "" "" 0 0 0.0 0.0 -999 ""
FIBERMAP 1270 R+5C12 APOGEE 0 0 0 1 0 0 1.3199463515113834 102.0011284558164 143.1 84.0553117408723 57.760953860100585 131.5306 135.5749 -999.0 -999.0 -999.0 -999.0 -999.0 38.88871765218651 26.265589899927885 38.93597269212739 26.38296222137928 74.60435396362898 249.70570159238724 -999.0 16600.0 -999.0 2 8 {-999.0 -999.0 -999.0 -999.0 -999.0} "" -999.0 -999.0 -999.0 -999.0 -999 -999 "" ops_sky_apogee_best_unassigned ops_sky sky_apogee 0 0 0.0 0.0 -999 ""
FIBERMAP 1270 R+5C12 BOSS 1 1 0 1 0 0 1.3722746127776926 102.74174078494319 143.1 84.6902795002938 58.14544107341294 131.5306 135.5749 38.891878933925234 26.267317382626633 28.503983 5.2246833 4.1962805 38.8919278369876 26.267332964764062 38.93924449452129 26.384726646661004 74.60777116856922 249.70631690960388 5400.0 5400.0 2016.0 1 116 {-999.0 21.559088 19.921124 18.355995 -999.0} sdss_psfmag 20.695782 19.098972 17.80926 15.473 63050396555026157 1095230442 bright_1x1 mwm_bin_vis_boss mwm_filler science 0 0 0.0 0.0 -999 ""
FIBERMAP 1270 R+5C12 METROLOGY 0 0 0 1 0 0 1.9848987527698885 102.3309881547716 143.1 84.70824880590773 57.40823297184305 131.5306 135.5749 -999.0 -999.0 -999.0 -999.0 -999.0 38.89202363325022 26.26398159469351 38.93931808649069 26.38136792394749 74.60623609238289 249.69505957473706 -999.0 6231.0 -999.0 -1 -999 {-999.0 -999.0 -999.0 -999.0 -999.0} "" -999.0 -999.0 -999.0 -999.0 -999 -999 "" "" "" "" 0 0 0.0 0.0 -999 ""
FIBERMAP 1271 R-4C14 APOGEE 0 0 0 1 0 0 44.24116558219411 -64.04779889424532 143.1 -26.78101248344754 -73.07288197804901 96.82121 112.72003 -999.0 -999.0 -999.0 -999.0 -999.0 38.32795752111676 25.66964612082299 38.373548664765565 25.787972364789596 73.87442896917169 248.68793622578846 -999.0 16600.0 -999.0 2 -999 {-999.0 -999.0 -999.0 -999.0 -999.0} "" -999.0 -999.0 -999.0 -999.0 -999 -999 "" "" "" "" 0 0 0.0 0.0 -999 ""
FIBERMAP 1271 R-4C14 BOSS 1 1 0 1 0 0 44.8819399930132 -63.67823879164055 143.1 -26.10960309981672 -73.38295819911053 96.82121 112.72003 38.33128187149285 25.668182810387233 5.383468 -9.561054 1.4202762 38.33128182507971 25.668175453321474 38.376930126835475 25.786525727489025 73.87636454502989 248.6779990468938 5400.0 5400.0 2016.0 1 324 {-999.0 15.080125 14.476019 14.249383 -999.0} sdss_psfmag 14.91649 14.495089 13.902409 12.809 63050396555024671 1094888738 bright_1x1 mwm_bin_vis_boss mwm_filler science 0 0 0.0 0.0 -999 ""
FIBERMAP 1271 R-4C14 METROLOGY 0 0 0 1 0 0 44.88647404642013 -64.42228382920273 143.1 -26.714573271915068 -73.81585919929502 96.82121 112.72003 -999.0 -999.0 -999.0 -999.0 -999.0 38.32825154375869 25.666214955371917 38.37387722375547 25.784561975630176 73.87300471145362 248.67672910086225 -999.0 6231.0 -999.0 -1 -999 {-999.0 -999.0 -999.0 -999.0 -999.0} "" -999.0 -999.0 -999.0 -999.0 -999 -999 "" "" "" "" 0 0 0.0 0.0 -999 ""
FIBERMAP 1272 R+1C9 APOGEE 0 0 0 1 0 0 -120.06921468377882 12.591953740656074 143.1 -58.97873763022672 105.31187176865988 250.99681 54.03294 -999.0 -999.0 -999.0 -999.0 -999.0 38.16188195655933 26.48099531538275 38.2088987659763 26.599498138372702 74.12786756982428 251.53631083651265 -999.0 16600.0 -999.0 2 147 {-999.0 -999.0 -999.0 -999.0 -999.0} "" -999.0 -999.0 -999.0 -999.0 -999 -999 "" ops_sky_apogee_best_unassigned ops_sky sky_apogee 0 0 0.0 0.0 -999 ""
FIBERMAP 1272 R+1C9 BOSS 1 1 0 1 0 0 -120.49951424911238 13.206915381909496 143.1 -58.724777305133614 106.01799090858665 250.99681 54.03294 38.163005902083235 26.48422113439782 18.578215 -0.43569466 1.3741086 38.163074242289404 26.484228086509987 38.21015641122193 26.602754941377714 74.13034259563717 251.54507590316115 5400.0 5400.0 2016.0 1 45 {-999.0 20.038418 18.460228 17.60148 -999.0} sdss_psfmag 19.316248 18.245478 17.217318 15.22 63050396555052836 1094229571 bright_1x1 mwm_bin_vis_boss mwm_filler science 0 0 0.0 0.0 -999 ""
FIBERMAP 1272 R+1C9 METROLOGY 0 0 0 1 0 0 -119.74854448018736 13.276085447067473 143.1 -58.23510017812319 105.44465096185274 250.99681 54.03294 -999.0 -999.0 -999.0 -999.0 -999.0 38.16559214079655 26.481635207463043 38.21265513136012 26.60015093836028 74.13115869084817 251.5328881874835 -999.0 6231.0 -999.0 -1 -999 {-999.0 -999.0 -999.0 -999.0 -999.0} "" -999.0 -999.0 -999.0 -999.0 -999 -999 "" "" "" "" 0 0 0.0 0.0 -999 ""
FIBERMAP 1276 R-2C3 APOGEE 1 1 0 1 0 0 -215.6422312111992 -41.9415793422105 143.1 -158.64150279362502 151.8992123077361 299.31738 151.59012 37.65618158670601 26.687925944684853 -3.4728675 -4.443761 1.0280418 37.6561555583746 26.687898523702813 37.70310611282247 26.807171270660206 73.81487936071358 252.93593833701505 16000.0 16600.0 2016.0 2 257 {-999.0 12.423181 11.606725 11.281927 -999.0} sdss_psfmag_from_g3xp 12.182925 11.629212 10.926186 9.482 63050396555054263 1107326538 bright_1x1 mwm_tess_rgb_apogee mwm_tessrgb science 0 0 0.0 0.0 -999 ""
FIBERMAP 1276 R-2C3 BOSS 0 0 0 1 0 0 -215.60208316336318 -42.68364021090858 143.1 -159.22430895053716 151.43837355186173 299.31738 151.59012 -999.0 -999.0 -999.0 -999.0 -999.0 37.65312706859859 26.685787069813813 37.70013055680806 26.80509053042785 73.81158323188035 252.9333558940871 -999.0 5400.0 -999.0 1 475 {-999.0 -999.0 -999.0 -999.0 -999.0} "" -999.0 -999.0 -999.0 -999.0 -999 -999 "" "" "" "" 0 0 0.0 0.0 -999 ""
FIBERMAP 1276 R-2C3 METROLOGY 0 0 0 1 0 0 -216.2752560308308 -42.3380549986523 143.1 -159.33042105078584 152.1874341319501 299.31738 151.59012 -999.0 -999.0 -999.0 -999.0 -999.0 37.65260473218345 26.689161930226927 37.699597310295815 26.80845853600117 73.81261797536067 252.94497854943813 -999.0 6231.0 -999.0 -1 -999 {-999.0 -999.0 -999.0 -999.0 -999.0} "" -999.0 -999.0 -999.0 -999.0 -999 -999 "" "" "" "" 0 0 0.0 0.0 -999 ""
FIBERMAP 1281 R+5C7 APOGEE 1 1 0 1 0 0 -81.44911590665528 100.66435960811135 143.1 35.21880696259466 124.57888836486988 61.496735 56.20693 38.64052784783734 26.569557197596627 30.59799 -17.242937 0.80652446 38.6406133844458 26.569494542722442 38.68824352410138 26.687230632729165 74.5495025382542 251.10608006986 16000.0 16600.0 2016.0 2 108 {-999.0 12.56291 11.536341 11.096717 -999.0} sdss_psfmag_from_g3xp 12.214685 11.52963 10.728419 8.937 63050396555026839 1105042153 bright_1x1 mwm_tess_rgb_apogee mwm_tessrgb science 0 0 0.0 0.0 -999 ""
FIBERMAP 1281 R+5C7 BOSS 0 0 0 1 0 0 -81.11866968256943 100.00448702259767 143.1 34.87057257518477 123.92840260987744 61.496735 56.20693 -999.0 -999.0 -999.0 -999.0 -999.0 38.638807311176855 26.566572556045465 38.68648630699681 26.684337538181786 74.54678770042493 251.09909370465465 -999.0 5400.0 -999.0 1 54 {-999.0 -999.0 -999.0 -999.0 -999.0} "" -999.0 -999.0 -999.0 -999.0 -999 -999 "" "" "" "" 0 0 0.0 0.0 -999 ""
FIBERMAP 1281 R+5C7 METROLOGY 0 0 0 1 0 0 -81.86248464905928 100.04409140035182 143.1 34.47384764061288 124.5586459303702 61.496735 56.20693 -999.0 -999.0 -999.0 -999.0 -999.0 38.636798797500695 26.56942909865445 38.68446565128016 26.687189681854154 74.54647827144696 251.11170874468465 -999.0 6231.0 -999.0 -1 -999 {-999.0 -999.0 -999.0 -999.0 -999.0} "" -999.0 -999.0 -999.0 -999.0 -999 -999 "" "" "" "" 0 0 0.0 0.0 -999 ""
FIBERMAP 1285 R+9C4 APOGEE 0 0 0 1 0 0 -136.18149985153568 157.51436052284183 143.1 50.070308083621065 202.0668650075334 296.02982 36.923824 -999.0 -999.0 -999.0 -999.0 -999.0 38.71555631626132 26.919538123638393 38.76395035957097 27.037118291144143 74.76627021634602 252.17510102265067 -999.0 16600.0 -999.0 2 -999 {-999.0 -999.0 -999.0 -999.0 -999.0} "" -999.0 -999.0 -999.0 -999.0 -999 -999 "" "" "" "" 0 0 0.0 0.0 -999 ""
FIBERMAP 1285 R+9C4 BOSS 1 1 0 1 0 0 -136.85447946173517 157.84118271567326 143.1 49.94898562050993 202.8049444241865 296.02982 36.923824 38.71478759483611 26.92295541393953 28.219364 -25.112658 1.1135255 38.71488869591566 26.922879766837838 38.76334492357563 27.040485035141188 74.7672615039407 252.18751736062913 5400.0 5400.0 2016.0 1 15 {-999.0 15.8683195 15.293564 15.074957 -999.0} sdss_psfmag 15.719653 15.315533 14.741439 13.655 63050396555056205 1072655865 bright_1x1 mwm_halo_local_high_boss_single mwm_halo science 0 0 0.0 0.0 -999 ""
FIBERMAP 1285 R+9C4 METROLOGY 0 0 0 1 0 0 -136.23920323863402 158.2582236148347 143.1 50.6444592263473 202.54307901974394 296.02982 36.923824 -999.0 -999.0 -999.0 -999.0 -999.0 38.718441332618376 26.921692495338636 38.766882582706614 27.039285319651675 74.76956767096229 252.17815548241327 -999.0 6231.0 -999.0 -1 -999 {-999.0 -999.0 -999.0 -999.0 -999.0} "" -999.0 -999.0 -999.0 -999.0 -999 -999 "" "" "" "" 0 0 0.0 0.0 -999 ""
FIBERMAP 1287 R+12C7 APOGEE 0 0 0 1 0 0 -32.350861743611745 227.9272941243647 143.1 167.46352437333238 157.8963174246096 185.29826 135.79936 -999.0 -999.0 -999.0 -999.0 -999.0 39.31086347375787 26.717097808060615 39.359401874073455 26.83374487926615 75.14951836538143 250.5571185176566 -999.0 16600.0 -999.0 2 -999 {-999.0 -999.0 -999.0 -999.0 -999.0} "" -999.0 -999.0 -999.0 -999.0 -999 -999 "" "" "" "" 0 0 0.0 0.0 -999 ""
FIBERMAP 1287 R+12C7 BOSS 1 1 0 1 0 0 -32.94193589028874 228.38142440834312 143.1 167.49340817015772 158.64095002033378 185.29826 135.79936 39.31099705000239 26.72047056563045 0.043265983 0.016849963 -0.22173554 39.310985872495095 26.720452102525964 39.35958508391309 26.837123461947577 75.15121294944014 250.56854121122973 5400.0 5400.0 2016.0 1 155 {-999.0 19.08088 18.915194 18.773481 18.680462} sdss_psfmag_from_gaiadr2 18.917068 18.90941 18.348959 16.288 63050396555030359 1057567056 bright_flexible_2x1 bhm_gua_bright bhm_filler science 0 0 0.0 0.0 -999 ""
FIBERMAP 1287 R+12C7 METROLOGY 0 0 0 1 0 0 -32.25340336682657 228.66699936654308 143.1 168.1237844793566 158.24342823186342 185.29826 135.79936 -999.0 -999.0 -999.0 -999.0 -999.0 39.3141754747753 26.718632071539627 39.36275864620387 26.835291441307845 75.15288936598253 250.55712063123804 -999.0 6231.0 -999.0 -1 -999 {-999.0 -999.0 -999.0 -999.0 -999.0} "" -999.0 -999.0 -999.0 -999.0 -999 -999 "" "" "" "" 0 0 0.0 0.0 -999 ""
FIBERMAP 1289 R-2C15 APOGEE 1 1 0 1 0 0 41.1857933693624 -23.345842920826428 143.1 4.693643864184174 -47.09916028741884 124.048256 94.29466 38.48681608062664 25.78815358132883 -6.445802 -5.3845778 1.306058 38.48676632445813 25.788150793445105 38.532727207801315 25.906213226816337 74.05730612186456 248.80573682898068 16000.0 16600.0 2016.0 2 219 {-999.0 11.386506 10.350774 9.968012 -999.0} sdss_psfmag_from_g3xp 11.0342045 10.378734 9.604577 7.948 63050396555024910 1109571156 bright_1x1 mwm_tess_rgb_apogee mwm_tessrgb science 0 0 0.0 0.0 -999 ""
FIBERMAP 1289 R-2C15 BOSS 0 0 0 1 0 0 41.761814940906284 -22.888314218000815 143.1 5.399535884436738 -47.30561524722288 124.048256 94.29466 -999.0 -999.0 -999.0 -999.0 -999.0 38.490285690117375 25.787160853980215 38.536304307926684 25.90524642775105 74.05963649057556 248.79692508761156 -999.0 5400.0 -999.0 1 273 {-999.0 -999.0 -999.0 -999.0 -999.0} "" -999.0 -999.0 -999.0 -999.0 -999 -999 "" "" "" "" 0 0 0.0 0.0 -999 ""
FIBERMAP 1289 R-2C15 METROLOGY 0 0 0 1 0 0 41.88949911256799 -23.625024372337293 143.1 4.871593866408515 -47.834849286532425 124.048256 94.29466 -999.0 -999.0 -999.0 -999.0 -999.0 38.48763419486055 25.784760248201724 38.533629787508005 25.902842176111985 74.05636082183088 248.79359159027047 -999.0 6231.0 -999.0 -1 -999 {-999.0 -999.0 -999.0 -999.0 -999.0} "" -999.0 -999.0 -999.0 -999.0 -999 -999 "" "" "" "" 0 0 0.0 0.0 -999 ""
FIBERMAP 1296 R-5C7 APOGEE 1 1 0 1 0 0 -121.10621558287727 -101.19819226059228 143.1 -152.49772076395175 40.519431923152595 247.76749 47.786095 37.689871531906626 26.18355677583124 -5.7547393 -0.9464354 0.6138109 37.689849812541915 26.183534765961294 37.73585853619505 26.30280802069856 73.6156865238447 251.28011421362052 16000.0 16600.0 2016.0 2 262 {-999.0 12.967158 12.07817 11.714861 -999.0} sdss_psfmag_from_g3xp 12.686507 12.091788 11.354001 9.846 63050396554129128 1108354501 bright_1x1 mwm_tess_rgb_apogee mwm_tessrgb science 0 0 0.0 0.0 -999 ""
FIBERMAP 1296 R-5C7 BOSS 0 0 0 1 0 0 -121.42660577560842 -100.52438310657013 143.1 -152.13230503465607 41.16974518093312 247.76749 47.786095 -999.0 -999.0 -999.0 -999.0 -999.0 37.69154963060834 26.186491089513297 37.73762510977707 26.30578895442858 73.61846187288481 251.28692595402345 -999.0 5400.0 -999.0 1 464 {-999.0 -999.0 -999.0 -999.0 -999.0} "" -999.0 -999.0 -999.0 -999.0 -999 -999 "" "" "" "" 0 0 0.0 0.0 -999 ""
FIBERMAP 1296 R-5C7 METROLOGY 0 0 0 1 0 0 -120.68963117512713 -100.58222347112057 143.1 -151.7544173981329 40.53456835504572 247.76749 47.786095 -999.0 -999.0 -999.0 -999.0 -999.0 37.69350423042772 26.18362525031199 37.73955911095436 26.302912565344943 73.61868161103718 251.27504320975703 -999.0 6231.0 -999.0 -1 -999 {-999.0 -999.0 -999.0 -999.0 -999.0} "" -999.0 -999.0 -999.0 -999.0 -999 -999 "" "" "" "" 0 0 0.0 0.0 -999 ""
FIBERMAP 1300 R+11C12 APOGEE 1 1 0 1 0 0 81.08885159711289 193.42800325924384 143.1 204.72858316006486 45.36094931734356 329.7752 53.306053 39.496857206929 26.206355727732568 5.114851 4.3029995 1.1962771 39.49735192359096 26.206371406076588 39.545034364698665 26.32277054822174 75.05386963153276 248.50070215208342 16000.0 16600.0 2016.0 2 11 {-999.0 9.495422 8.183167 7.591129 -999.0} sdss_psfmag_gaia 8.9982815 8.126232 7.2147403 5.109 63050396555027160 1155468154 bright_1x1 mwm_galactic_core_dist_apogee_sparse mwm_galactic science 0 0 1.499832034111023 0.0 -999 ""
FIBERMAP 1300 R+11C12 BOSS 0 0 0 1 0 0 80.41722840724799 193.0955638623022 143.1 204.06969150942714 45.71762947224916 329.7752 53.306053 -999.0 -999.0 -999.0 -999.0 -999.0 39.49405473019001 26.207995918992733 39.54179061338067 26.324426838737143 75.05213973861987 248.51180693273307 -999.0 5400.0 -999.0 1 142 {-999.0 -999.0 -999.0 -999.0 -999.0} "" -999.0 -999.0 -999.0 -999.0 -999 -999 "" "" "" "" 0 0 0.0 0.0 -999 ""
FIBERMAP 1300 R+11C12 METROLOGY 0 0 0 1 0 0 80.46972492928147 193.8427758919394 143.1 204.71014563079027 46.10578628701132 329.7752 53.306053 -999.0 -999.0 -999.0 -999.0 -999.0 39.497277568038335 26.209738030095874 39.54500474261869 26.32615600199361 75.05549802621266 248.5122114759592 -999.0 6231.0 -999.0 -1 -999 {-999.0 -999.0 -999.0 -999.0 -999.0} "" -999.0 -999.0 -999.0 -999.0 -999 -999 "" "" "" "" 0 0 0.0 0.0 -999 ""
FIBERMAP 1301 R+2C23 APOGEE 1 1 0 1 0 0 238.2624298684563 33.189810454096914 143.1 164.54317036550427 -175.4192313551397 356.5195 98.39437 39.28793447745163 25.207023473395022 -22.427073 -5.3769975 4.8425474 39.28789938540419 25.20702854834935 39.333422723675255 25.323871292171805 74.380615730591 245.60838499285074 16000.0 16600.0 2016.0 2 82 {-999.0 13.867542 12.786415 12.332466 -999.0} sdss_psfmag_from_g3xp 13.492843 12.784737 11.965307 10.316 63050396555016283 1034730432 bright_1x1 mwm_yso_variable_apogee_single mwm_yso science 0 0 0.0 0.0 -999 ""
FIBERMAP 1301 R+2C23 BOSS 0 0 0 1 0 0 238.3413891104581 32.452563378613185 143.1 163.98668317709118 -175.90898643924584 356.5195 98.39437 -999.0 -999.0 -999.0 -999.0 -999.0 39.28507174158314 25.2047689471196 39.33064180604896 25.321646842206267 74.37730435633924 245.60634516176344 -999.0 5400.0 -999.0 1 225 {-999.0 -999.0 -999.0 -999.0 -999.0} "" -999.0 -999.0 -999.0 -999.0 -999 -999 "" "" "" "" 0 0 0.0 0.0 -999 ""
FIBERMAP 1301 R+2C23 METROLOGY 0 0 0 1 0 0 237.65211915989408 32.7701957637488 143.1 163.84845933836158 -175.16290545748586 356.5195 98.39437 -999.0 -999.0 -999.0 -999.0 -999.0 39.284433978118685 25.208137838443434 39.32999491645489 25.32500779584531 74.37859416766217 245.61807306302325 -999.0 6231.0 -999.0 -1 -999 {-999.0 -999.0 -999.0 -999.0 -999.0} "" -999.0 -999.0 -999.0 -999.0 -999 -999 "" "" "" "" 0 0 0.0 0.0 -999 ""
FIBERMAP 1302 R-9C18 APOGEE 1 1 0 1 0 0 180.6937877757045 -177.83872213451062 143.1 -40.99045787436213 -250.13950802756744 171.45567 141.53455 38.26027378527929 24.869939564219276 0.70529824 -0.16058016 1.3348796 38.26029069780789 24.869917099277906 38.30429112592776 24.988434717961344 73.4126715967826 246.35914884869652 16000.0 16600.0 2016.0 2 187 {-999.0 10.931296 10.051104 9.688313 -999.0} sdss_psfmag_from_g3xp 10.65386 10.063571 9.331087 7.846 63050396554097705 1104705172 bright_1x1 mwm_tess_rgb_apogee mwm_tessrgb science 0 0 0.0 0.0 -999 ""
FIBERMAP 1302 R-9C18 BOSS 0 0 0 1 0 0 180.1743447353707 -177.29571807791044 143.1 -40.84667991088415 -249.4021028705557 171.45567 141.53455 -999.0 -999.0 -999.0 -999.0 -999.0 38.260927322038235 24.873158435429982 38.30499151676764 24.99170676762382 73.41493529583278 246.36771902338256 -999.0 5400.0 -999.0 1 330 {-999.0 -999.0 -999.0 -999.0 -999.0} "" -999.0 -999.0 -999.0 -999.0 -999 -999 "" "" "" "" 0 0 0.0 0.0 -999 ""
FIBERMAP 1302 R-9C18 METROLOGY 0 0 0 1 0 0 180.89889050433516 -177.11236927826957 143.1 -40.27900721540996 -249.88800162649645 171.45567 141.53455 -999.0 -999.0 -999.0 -999.0 -999.0 38.26378880810507 24.87100639909965 38.30783515857138 24.989541363296212 73.41598479127259 246.35651301485544 -999.0 6231.0 -999.0 -1 -999 {-999.0 -999.0 -999.0 -999.0 -999.0} "" -999.0 -999.0 -999.0 -999.0 -999 -999 "" "" "" "" 0 0 0.0 0.0 -999 ""
FIBERMAP 1303 R-7C11 APOGEE 1 1 0 1 0 0 1.13784708868255 -134.34188400706566 143.1 -109.04693956006635 -78.42357909642723 142.156 142.57582 37.913121659950264 25.644067367587137 5.2343535 -2.681466 1.1943766 37.91313866598624 25.64404720188226 37.958314132817804 25.76302856294537 73.53628143226105 249.26370883482528 16000.0 16600.0 2016.0 2 151 {-999.0 11.587925 10.567778 10.192314 -999.0} sdss_psfmag_from_g3xp 11.245023 10.595622 9.827722 8.202 63050396554106642 1110086627 bright_1x1 mwm_tess_rgb_apogee mwm_tessrgb science 0 0 0.0 0.0 -999 ""
FIBERMAP 1303 R-7C11 BOSS 0 0 0 1 0 0 0.9409235166070307 -133.62063161575236 143.1 -108.57156070613051 -77.84672103798532 142.156 142.57582 -999.0 -999.0 -999.0 -999.0 -999.0 37.915400918934004 25.646614547870094 37.96064183566216 25.765621512561346 73.5393755578516 249.26809402922055 -999.0 5400.0 -999.0 1 377 {-999.0 -999.0 -999.0 -999.0 -999.0} "" -999.0 -999.0 -999.0 -999.0 -999 -999 "" "" "" "" 0 0 0.0 0.0 -999 ""
FIBERMAP 1303 R-7C11 METROLOGY 0 0 0 1 0 0 1.6541783758063122 -133.80652719364923 143.1 -108.31192529737582 -78.53639635523781 142.156 142.57582 -999.0 -999.0 -999.0 -999.0 -999.0 37.91676023314039 25.64350094616387 37.96197980634122 25.762497782259675 73.53890538410838 249.25639549118137 -999.0 6231.0 -999.0 -1 -999 {-999.0 -999.0 -999.0 -999.0 -999.0} "" -999.0 -999.0 -999.0 -999.0 -999 -999 "" "" "" "" 0 0 0.0 0.0 -999 ""
FIBERMAP 1304 R+7C15 APOGEE 0 0 0 1 0 0 89.79475968886356 130.24857087213908 143.1 158.15834888455655 1.8069967705955545 201.186 125.16697 -999.0 -999.0 -999.0 -999.0 -999.0 39.26246102459086 26.009924021689613 39.3095436510946 26.12672324231436 74.77360590097888 248.24256119206154 -999.0 16600.0 -999.0 2 -999 {-999.0 -999.0 -999.0 -999.0 -999.0} "" -999.0 -999.0 -999.0 -999.0 -999 -999 "" "" "" "" 0 0 0.0 0.0 -999 ""
FIBERMAP 1304 R+7C15 BOSS 1 1 0 1 0 0 89.19527282361788 130.6471265600498 143.1 158.1379977499345 2.526441258592266 201.186 125.16697 39.26239013671875 26.01320543975816 -999.0 -999.0 -999.0 39.26238430236539 26.013167428968273 39.30952717701763 26.129993855638507 74.77520617201459 248.25342255483545 5400.0 5400.0 2015.5 1 187 {-999.0 -999.0 -999.0 -999.0 -999.0} "" -999.0 -999.0 -999.0 -999.0 27021603081057854 803859560 "" ops_sky_boss_good ops_sky sky_boss 0 0 0.0 0.0 -999 ""
FIBERMAP 1304 R+7C15 METROLOGY 0 0 0 1 0 0 89.85198294414093 130.9924710533242 143.1 158.79882514885395 2.1893833223871786 201.186 125.16697 -999.0 -999.0 -999.0 -999.0 -999.0 39.26570562190021 26.011629810298306 39.31283310805907 26.128443277272908 74.77702337168837 248.24271105763722 -999.0 6231.0 -999.0 -1 -999 {-999.0 -999.0 -999.0 -999.0 -999.0} "" -999.0 -999.0 -999.0 -999.0 -999 -999 "" "" "" "" 0 0 0.0 0.0 -999 ""
FIBERMAP 1306 R-11C6 APOGEE 0 0 0 1 0 0 -41.85792296357115 -202.5089698045304 143.1 -189.51392469900563 -82.63515157801189 73.11849 75.95946 -999.0 -999.0 -999.0 -999.0 -999.0 37.50972539606091 25.62309610357714 37.55450309051156 25.742708489695794 73.20829402372576 249.81758099046107 -999.0 16600.0 -999.0 2 177 {-999.0 -999.0 -999.0 -999.0 -999.0} "" -999.0 -999.0 -999.0 -999.0 -999 -999 "" ops_sky_apogee_best_unassigned ops_sky sky_apogee 0 0 0.0 0.0 -999 ""
FIBERMAP 1306 R-11C6 BOSS 1 1 0 1 0 0 -41.211007772296206 -202.87285982414687 143.1 -189.43790686970334 -83.37332922750637 73.11849 75.95946 37.510026762899656 25.619722492754807 2.5622215 -6.0284543 1.6137695 37.510042852694255 25.619704906639036 37.55487438094133 25.739346883835463 73.20696674645387 249.8068281607783 5400.0 5400.0 2016.0 1 358 {-999.0 19.065903 17.557621 16.779669 -999.0} sdss_psfmag 18.441202 17.387297 16.392706 14.39 63050396554127383 1095579758 bright_1x1 mwm_bin_vis_boss mwm_filler science 0 0 0.0 0.0 -999 ""
FIBERMAP 1306 R-11C6 METROLOGY 0 0 0 1 0 0 -41.85562142389197 -203.25195346345723 143.1 -190.11931596544358 -83.06561726143508 73.11849 75.95946 -999.0 -999.0 -999.0 -999.0 -999.0 37.50664770523759 25.621093763826508 37.55146185844711 25.740732436448233 73.20494138697208 249.81615790143707 -999.0 6231.0 -999.0 -1 -999 {-999.0 -999.0 -999.0 -999.0 -999.0} "" -999.0 -999.0 -999.0 -999.0 -999 -999 "" "" "" "" 0 0 0.0 0.0 -999 ""
FIBERMAP 1308 R-4C5 APOGEE 1 1 0 1 0 0 -146.26470303402203 -59.1301173439201 143.1 -132.65756136811422 85.33054975179321 128.70708 30.696482 37.788722261614865 26.38786476196696 13.615953 -5.4675794 4.626142 37.7887603791825 26.387859976383755 37.83525331114902 26.506957496923352 73.78785597052708 251.78355039127968 16000.0 16600.0 2016.0 2 252 {-999.0 10.532377 10.177207 10.05803 -999.0} sdss_psfmag_from_g3xp 10.478012 10.182499 9.728738 8.952 63050396555051978 974541921 "" ops_std_apogee ops_std standard_apogee 0 0 0.0 0.0 -999 ""
FIBERMAP 1308 R-4C5 BOSS 0 0 0 1 0 0 -145.5841495019886 -59.41907637760694 143.1 -132.50095095132488 84.60812665245135 128.70708 30.696482 -999.0 -999.0 -999.0 -999.0 -999.0 37.78945620303987 26.384591284155366 37.83600270867379 26.503714861241626 73.78699208821821 251.77210139100845 -999.0 5400.0 -999.0 1 459 {-999.0 -999.0 -999.0 -999.0 -999.0} "" -999.0 -999.0 -999.0 -999.0 -999 -999 "" "" "" "" 0 0 0.0 0.0 -999 ""
FIBERMAP 1308 R-4C5 METROLOGY 0 0 0 1 0 0 -146.16851841230834 -59.87866861491412 143.1 -133.21334316837067 84.82020769248292 128.70708 30.696482 -999.0 -999.0 -999.0 -999.0 -999.0 37.785876285371515 26.385526029846456 37.832404524648894 26.50464750187784 73.78453885610685 251.78028366523694 -999.0 6231.0 -999.0 -1 -999 {-999.0 -999.0 -999.0 -999.0 -999.0} "" -999.0 -999.0 -999.0 -999.0 -999 -999 "" "" "" "" 0 0 0.0 0.0 -999 ""
FIBERMAP 1312 R-11C11 APOGEE 1 1 0 1 0 0 35.94875795612303 -223.1303348754521 143.1 -161.47090983479654 -158.06725098658598 285.45483 12.883242 37.654349184331984 25.282595557186923 20.287125 -13.157718 3.422619 37.654515135561155 25.282595135125522 37.69877643352834 25.40201847123241 73.15457089680297 248.57086119628985 16000.0 16600.0 2016.0 2 156 {-999.0 9.567129 9.258718 9.153376 -999.0} sdss_psfmag_from_g3xp 9.531155 9.260543 8.8228855 8.098 63050396554105369 974539264 "" ops_std_apogee ops_std standard_apogee 0 0 0.0 0.0 -999 ""
FIBERMAP 1312 R-11C11 BOSS 0 0 0 1 0 0 35.587041507232996 -222.4778426672198 143.1 -161.14674031418204 -157.39548736376761 285.45483 12.883242 -999.0 -999.0 -999.0 -999.0 -999.0 37.655997376097176 25.285569321313282 37.70032492503958 25.405020901686786 73.15728145267823 248.57743088583825 -999.0 5400.0 -999.0 1 393 {-999.0 -999.0 -999.0 -999.0 -999.0} "" -999.0 -999.0 -999.0 -999.0 -999 -999 "" "" "" "" 0 0 0.0 0.0 -999 ""
FIBERMAP 1312 R-11C11 METROLOGY 0 0 0 1 0 0 36.32855017140801 -222.48532123022176 143.1 -160.72511188513062 -158.00531575383891 285.45483 12.883242 -999.0 -999.0 -999.0 -999.0 -999.0 37.65816307310553 25.28283890475894 37.70247053210426 25.402278661247696 73.15759228387874 248.565890995129 -999.0 6231.0 -999.0 -1 -999 {-999.0 -999.0 -999.0 -999.0 -999.0} "" -999.0 -999.0 -999.0 -999.0 -999 -999 "" "" "" "" 0 0 0.0 0.0 -999 ""
FIBERMAP 1314 R-13C8 APOGEE 0 0 0 1 0 0 18.18002580549903 -260.31996413075615 143.1 -202.08968361006723 -165.00998536901386 291.90253 136.22112 -999.0 -999.0 -999.0 -999.0 -999.0 37.45308443686394 25.250932202174805 37.497110246948125 25.37067179056343 72.98098150382287 248.78920225704798 -999.0 16600.0 -999.0 2 273 {-999.0 -999.0 -999.0 -999.0 -999.0} "" -999.0 -999.0 -999.0 -999.0 -999 -999 "" ops_sky_apogee_best_unassigned ops_sky sky_apogee 0 0 0.0 0.0 -999 ""
FIBERMAP 1314 R-13C8 BOSS 1 1 0 1 0 0 17.89292840927579 -260.99336257391946 143.1 -202.80519000297684 -165.16398861933172 291.90253 136.22112 37.44943801409144 25.250347969615678 8.229694 -50.410572 1.0644423 37.44948063253016 25.250194828019076 37.493561973734245 25.369971184500145 72.9778515353565 248.792572146727 5400.0 5400.0 2016.0 1 417 {-999.0 16.838942 16.172306 15.890494 -999.0} sdss_psfmag 16.666496 16.195627 15.547216 14.242 63050396554105533 1072709578 bright_1x1 mwm_halo_local_high_boss_single mwm_halo science 0 0 0.0 0.0 -999 ""
FIBERMAP 1314 R-13C8 METROLOGY 0 0 0 1 0 0 17.445155728263348 -260.4045211052122 143.1 -202.5826386317057 -164.45866825517362 291.90253 136.22112 -999.0 -999.0 -999.0 -999.0 -999.0 37.45054482986184 25.253379401738428 37.494616059830776 25.373144948153964 72.98025586018508 248.80036164784775 -999.0 6231.0 -999.0 -1 -999 {-999.0 -999.0 -999.0 -999.0 -999.0} "" -999.0 -999.0 -999.0 -999.0 -999 -999 "" "" "" "" 0 0 0.0 0.0 -999 ""
FIBERMAP 1316 R-8C11 APOGEE 0 0 0 1 0 0 14.625801722279528 -166.61417030532323 143.1 -127.6199645397058 -108.05391469781156 241.37553 112.13079 -999.0 -999.0 -999.0 -999.0 -999.0 37.821042810511116 25.509233205524986 37.8658797786174 25.628372846011874 73.39772423592588 248.9944271779115 -999.0 16600.0 -999.0 2 -999 {-999.0 -999.0 -999.0 -999.0 -999.0} "" -999.0 -999.0 -999.0 -999.0 -999 -999 "" "" "" "" 0 0 0.0 0.0 -999 ""
FIBERMAP 1316 R-8C11 BOSS 1 1 0 1 0 0 13.874780208026147 -166.5461049396115 143.1 -127.99760535071754 -107.4013689529753 241.37553 112.13079 37.81885497283569 25.512178532324775 47.579082 -12.642037 3.3594127 37.81901037019792 25.51211770796132 37.86390987449903 25.631290175473765 73.39761256375425 249.00637430095338 5400.0 5400.0 2016.0 1 373 {-999.0 21.903345 20.34009 18.597872 -999.0} sdss_psfmag 21.110214 19.526304 18.04881 15.625 63050396554106546 1094696541 bright_1x1 mwm_bin_vis_boss mwm_filler science 0 0 0.0 0.0 -999 ""
FIBERMAP 1316 R-8C11 METROLOGY 0 0 0 1 0 0 14.312325783478762 -165.93712169827586 143.1 -127.24791502852378 -107.40737894369683 241.37553 112.13079 -999.0 -999.0 -999.0 -999.0 -999.0 37.82279885550839 25.512119195288513 37.86768501589427 25.63127725237753 73.400569878297 249.00047648168805 -999.0 6231.0 -999.0 -1 -999 {-999.0 -999.0 -999.0 -999.0 -999.0} "" -999.0 -999.0 -999.0 -999.0 -999 -999 "" "" "" "" 0 0 0.0 0.0 -999 ""
FIBERMAP 1317 R-12C9 APOGEE 0 0 0 1 0 0 24.750158247201558 -245.96813509261338 143.1 -186.58006346484007 -162.09636396759137 282.6535 116.04978 -999.0 -999.0 -999.0 -999.0 -999.0 37.52982743136681 25.264183878252137 37.573945181025636 25.38380301653448 73.04773162733474 248.70994423951595 -999.0 16600.0 -999.0 2 -999 {-999.0 -999.0 -999.0 -999.0 -999.0} "" -999.0 -999.0 -999.0 -999.0 -999 -999 "" "" "" "" 0 0 0.0 0.0 -999 ""
FIBERMAP 1317 R-12C9 BOSS 1 1 0 1 0 0 24.15326626748108 -246.43778494767233 143.1 -187.30789257875688 -161.8798582997281 282.6535 116.04978 37.526088773479515 25.265125177510626 5.4340663 -2.2055645 0.05107258 37.52611518367272 25.265104683549243 37.570291221242144 25.384760497248532 73.04534539269424 248.7184284559292 5400.0 5400.0 2016.0 1 405 {-999.0 16.156511 15.443298 15.081178 -999.0} sdss_psfmag 15.951385 15.424905 14.733898 13.296 63050396554105548 1076095634 bright_1x1 mwm_halo_mp_xp_boss_single mwm_halo science 0 0 0.0 0.0 -999 ""
FIBERMAP 1317 R-12C9 METROLOGY 0 0 0 1 0 0 24.051908643470778 -245.70524828921393 143.1 -186.76817229692048 -161.37452992335903 282.6535 116.04978 -999.0 -999.0 -999.0 -999.0 -999.0 37.528779485024074 25.26739714975563 37.57294521294449 25.38703978961664 73.04855955041496 248.72111453468153 -999.0 6231.0 -999.0 -1 -999 {-999.0 -999.0 -999.0 -999.0 -999.0} "" -999.0 -999.0 -999.0 -999.0 -999 -999 "" "" "" "" 0 0 0.0 0.0 -999 ""
FIBERMAP 1318 R-11C7 APOGEE 1 1 0 1 0 0 -38.412680196769514 -198.23660155926052 143.1 -184.0377474182812 -82.98403624247516 130.2148 92.69045 37.536448115635764 25.621868002734892 217.88443 -76.41939 25.931917 37.537104477889926 25.62165564431785 37.581903779628135 25.74122568319079 73.22920189565951 249.77186274203103 16000.0 16600.0 2016.0 2 169 {-999.0 11.72678 10.437188 9.9081135 -999.0} sdss_psfmag_from_g3xp 11.2283325 10.41915 9.544547 7.812 63050396554127391 984837952 bright_1x1 mwm_snc_100pc_apogee mwm_snc science 0 0 0.0 0.0 -999 ""
FIBERMAP 1318 R-11C7 BOSS 0 0 0 1 0 0 -37.88923069913518 -197.70901830587675 143.1 -183.30497492577942 -83.10715035464567 130.2148 92.69045 -999.0 -999.0 -999.0 -999.0 -999.0 37.540664560254896 25.621065781810504 37.58552577228295 25.740660059360682 73.23178676239417 249.76469003988788 -999.0 5400.0 -999.0 1 359 {-999.0 -999.0 -999.0 -999.0 -999.0} "" -999.0 -999.0 -999.0 -999.0 -999 -999 "" "" "" "" 0 0 0.0 0.0 -999 ""
FIBERMAP 1318 R-11C7 METROLOGY 0 0 0 1 0 0 -37.68749174061896 -198.4321275974401 143.1 -183.77909238999618 -83.68901179078605 130.2148 92.69045 -999.0 -999.0 -999.0 -999.0 -999.0 37.53835695622414 25.618429989855187 37.58319416364401 25.738019718851962 73.22867313212369 249.76018730490955 -999.0 6231.0 -999.0 -1 -999 {-999.0 -999.0 -999.0 -999.0 -999.0} "" -999.0 -999.0 -999.0 -999.0 -999 -999 "" "" "" "" 0 0 0.0 0.0 -999 ""
FIBERMAP 1323 R+2C5 APOGEE 0 0 0 1 0 0 -181.91960669731358 24.2981596780698 143.1 -85.0975506594397 162.57143604482206 270.90845 106.371475 -999.0 -999.0 -999.0 -999.0 -999.0 38.02844665567938 26.73958209866953 38.07584522051047 26.858267531254736 74.13649533222757 252.57729434573463 -999.0 16600.0 -999.0 2 140 {-999.0 -999.0 -999.0 -999.0 -999.0} "" -999.0 -999.0 -999.0 -999.0 -999 -999 "" ops_sky_apogee_best_unassigned ops_sky sky_apogee 0 0 0.0 0.0 -999 ""
FIBERMAP 1323 R+2C5 BOSS 1 1 0 1 0 0 -182.62338997518185 24.059138904208318 143.1 -85.69870823753344 163.00826610593285 270.90845 106.371475 38.02529112185782 26.741580032483434 1.4527868 -1.4403962 0.18053748 38.02530236135999 26.741555877332505 38.07276039714475 26.86027142255036 74.1348964516194 252.58828888123338 5400.0 5400.0 2016.0 1 34 {-999.0 16.585192 16.151701 15.97432 15.893966} sdss_psfmag_from_gaia 16.5021 16.1659 15.6362 14.668 63050396555054597 974239066 "" ops_std_boss_gdr2 ops_std standard_boss 0 0 0.0 0.0 -999 ""
FIBERMAP 1323 R+2C5 METROLOGY 0 0 0 1 0 0 -182.48546625584402 24.803835062532812 143.1 -85.01103033792059 163.32521198329133 270.90845 106.371475 -999.0 -999.0 -999.0 -999.0 -999.0 38.02881245293393 26.74301021942188 38.07626000621639 26.861712904739676 74.13833450508037 252.58803893095495 -999.0 6231.0 -999.0 -1 -999 {-999.0 -999.0 -999.0 -999.0 -999.0} "" -999.0 -999.0 -999.0 -999.0 -999 -999 "" "" "" "" 0 0 0.0 0.0 -999 ""
FIBERMAP 1324 R-4C11 APOGEE 0 0 0 1 0 0 -23.38503930521713 -66.84949440132928 143.1 -68.07869495516822 -19.465608350553165 76.39016 134.10698 -999.0 -999.0 -999.0 -999.0 -999.0 38.118112120294946 25.913048833383197 38.163986786792236 26.0316802078582 73.82802601503703 249.7830570519913 -999.0 16600.0 -999.0 2 -999 {-999.0 -999.0 -999.0 -999.0 -999.0} "" -999.0 -999.0 -999.0 -999.0 -999 -999 "" "" "" "" 0 0 0.0 0.0 -999 ""
FIBERMAP 1324 R-4C11 BOSS 1 1 0 1 0 0 -22.725045881371184 -66.46842738549509 143.1 -67.38680266283994 -19.784741074425867 76.39016 134.10698 38.12154544550789 25.911594638437432 -10.891661 -8.442789 2.5754278 38.121521839467846 25.911569612886833 38.167454596524465 26.030224128213362 73.83006567245593 249.77311321733677 5400.0 5400.0 2016.0 1 357 {-999.0 21.365456 19.75889 18.422842 -999.0} sdss_psfmag 20.636587 19.157082 17.9647 15.648 63050396555025240 1094451423 bright_1x1 mwm_bin_vis_boss mwm_filler science 0 0 0.0 0.0 -999 ""
FIBERMAP 1324 R-4C11 METROLOGY 0 0 0 1 0 0 -22.729249862139074 -67.20530641188986 143.1 -67.99096157471631 -20.206372938039614 76.39016 134.10698 -999.0 -999.0 -999.0 -999.0 -999.0 38.1184991769583 25.909648304974777 38.16440912187585 26.028299749021276 73.82674190566439 249.7717477168841 -999.0 6231.0 -999.0 -1 -999 {-999.0 -999.0 -999.0 -999.0 -999.0} "" -999.0 -999.0 -999.0 -999.0 -999 -999 "" "" "" "" 0 0 0.0 0.0 -999 ""
FIBERMAP 1326 R-3C23 APOGEE 0 0 0 1 0 0 256.5043574279203 -58.526074548699 143.1 100.17093185880027 -243.22138134803146 66.29776 33.28273 -999.0 -999.0 -999.0 -999.0 -999.0 38.964329806432644 24.90223891177613 39.00898685479757 25.019633886729288 73.96979638780867 245.24157375157998 -999.0 16600.0 -999.0 2 -999 {-999.0 -999.0 -999.0 -999.0 -999.0} "" -999.0 -999.0 -999.0 -999.0 -999 -999 "" "" "" "" 0 0 0.0 0.0 -999 ""
FIBERMAP 1326 R-3C23 BOSS 1 1 0 1 0 0 256.6379606416077 -59.23551023351321 143.1 99.668676483921 -243.73971572906572 66.29776 33.28273 38.96162004881997 24.89989427689978 32.202633 -17.830698 3.0059092 38.96176104744987 24.89987616691934 39.00646596893671 25.017307125231948 73.96661859760593 245.238928361781 5400.0 5400.0 2016.0 1 323 {-999.0 17.979362 16.421957 15.624566 -999.0} sdss_psfmag 17.32008 16.247221 15.217782 13.167 63050396554098028 1094210550 bright_1x1 mwm_bin_vis_boss mwm_filler science 0 0 0.0 0.0 -999 ""
FIBERMAP 1326 R-3C23 METROLOGY 0 0 0 1 0 0 255.92911233647362 -59.00121143979283 143.1 99.45110893743467 -243.02571765186843 66.29776 33.28273 -999.0 -999.0 -999.0 -999.0 -999.0 38.9607185419908 24.90307231404786 39.005413291979494 25.020495635079175 73.96753151322534 245.25051636070873 -999.0 6231.0 -999.0 -1 -999 {-999.0 -999.0 -999.0 -999.0 -999.0} "" -999.0 -999.0 -999.0 -999.0 -999 -999 "" "" "" "" 0 0 0.0 0.0 -999 ""
FIBERMAP 1328 R-3C12 APOGEE 0 0 0 1 0 0 -16.85561558798907 -37.71753510156725 143.1 -40.52313405248478 -7.992903188156017 168.76924 34.952633 -999.0 -999.0 -999.0 -999.0 -999.0 38.25736520947523 25.965765592618872 38.3034664693771 26.08417209189898 73.96317300862424 249.7332100009995 -999.0 16600.0 -999.0 2 154 {-999.0 -999.0 -999.0 -999.0 -999.0} "" -999.0 -999.0 -999.0 -999.0 -999 -999 "" "" "" "" 0 0 0.0 0.0 -999 ""
FIBERMAP 1328 R-3C12 BOSS 1 1 0 1 0 0 -16.192542491975175 -37.4004466793897 143.1 -39.881710052715256 -8.35145648413292 168.76924 34.952633 38.260602967712636 25.964059753654595 -999.0 -999.0 -999.0 38.260537828570094 25.96410895196433 38.306696137078745 26.08253870750629 73.96493944410943 249.72299536359776 5400.0 5400.0 2016.0 1 356 {-999.0 20.961031 19.885328 19.286911 -999.0} sdss_psfmag -999.0 -999.0 -999.0 14.603 63050398811223295 1118071975 bright_1x1 openfibertargets_bhm_lofarradio_boss open_fiber science 0 0 0.0 0.0 -999 ""
FIBERMAP 1328 R-3C12 METROLOGY 0 0 0 1 0 0 -16.247879209705168 -38.144196154454235 143.1 -40.52097501135981 -8.735296644488955 168.76924 34.952633 -999.0 -999.0 -999.0 -999.0 -999.0 38.257327137843795 25.962359784772076 38.30346291789505 26.080786835315546 73.96155126318311 249.72245410806548 -999.0 6231.0 -999.0 -1 -999 {-999.0 -999.0 -999.0 -999.0 -999.0} "" -999.0 -999.0 -999.0 -999.0 -999 -999 "" "" "" "" 0 0 0.0 0.0 -999 ""
FIBERMAP 1329 R+3C16 APOGEE 1 1 0 1 0 0 56.920621804135294 54.81842597983415 143.1 77.59897567990029 -14.859537091819414 256.35602 29.070597 38.85565942964023 25.935092679862112 -4.925083 -0.17167741 0.7775692 38.855632432636845 25.93507742931249 38.90220694503148 26.05253734163087 74.41854458935023 248.6762383739407 16000.0 16600.0 2016.0 2 63 {-999.0 13.297397 12.476023 12.145405 -999.0} sdss_psfmag_from_g3xp 13.050871 12.496397 11.787939 10.318 63050396555024203 1108341016 bright_1x1 mwm_tess_rgb_apogee mwm_tessrgb science 0 0 0.0 0.0 -999 ""
FIBERMAP 1329 R+3C16 BOSS 0 0 0 1 0 0 56.74928773921196 55.55035724749852 143.1 78.09783605568622 -14.297415317087703 256.35602 29.070597 -999.0 -999.0 -999.0 -999.0 -999.0 38.85814964369664 25.93759891392785 38.90478662734108 26.055082428406642 74.42181147455528 248.6802758889848 -999.0 5400.0 -999.0 1 220 {-999.0 -999.0 -999.0 -999.0 -999.0} "" -999.0 -999.0 -999.0 -999.0 -999 -999 "" "" "" "" 0 0 0.0 0.0 -999 ""
FIBERMAP 1329 R+3C16 METROLOGY 0 0 0 1 0 0 57.465057332076576 55.34062770735187 143.1 78.33945931186231 -15.002892657469523 256.35602 29.070597 -999.0 -999.0 -999.0 -999.0 -999.0 38.85937360392515 25.934394780612845 38.90598971067817 26.051868780529585 74.42118019683306 248.6678717040105 -999.0 6231.0 -999.0 -1 -999 {-999.0 -999.0 -999.0 -999.0 -999.0} "" -999.0 -999.0 -999.0 -999.0 -999 -999 "" "" "" "" 0 0 0.0 0.0 -999 ""
FIBERMAP 1330 R-3C11 APOGEE 1 1 0 1 0 0 -38.586532198717805 -69.5099927564008 143.1 -79.02015427185614 -8.586795744738843 239.27031 125.220055 38.06248963309197 25.96236420961079 5.1538124 -1.620131 1.889936 38.06250125117906 25.962362079382732 38.10842125175952 26.08107566559814 73.80769698981999 250.02425347698178 16000.0 16600.0 2016.0 2 208 {-999.0 11.430296 11.063693 10.940615 -999.0} sdss_psfmag_from_g3xp 11.373296 11.076713 10.610945 9.832 63050396555025412 974541916 "" ops_std_apogee ops_std standard_apogee 0 0 0.0 0.0 -999 ""
FIBERMAP 1330 R-3C11 BOSS 0 0 0 1 0 0 -39.31753285557543 -69.56863216914384 143.1 -79.48971301198095 -8.023687981081615 239.27031 125.220055 -999.0 -999.0 -999.0 -999.0 -999.0 38.060007972123 25.964883203592226 38.10598873219493 26.08362862560459 73.80698743291549 250.03603119826712 -999.0 5400.0 -999.0 1 347 {-999.0 -999.0 -999.0 -999.0 -999.0} "" -999.0 -999.0 -999.0 -999.0 -999 -999 "" "" "" "" 0 0 0.0 0.0 -999 ""
FIBERMAP 1330 R-3C11 METROLOGY 0 0 0 1 0 0 -39.014356491888336 -68.89436645021631 143.1 -78.76422333492913 -7.88231449836796 239.27031 125.220055 -999.0 -999.0 -999.0 -999.0 -999.0 38.06369971828682 25.965551323412708 38.1096685977314 26.08428288601931 73.81020658308151 250.03246542548996 -999.0 6231.0 -999.0 -1 -999 {-999.0 -999.0 -999.0 -999.0 -999.0} "" -999.0 -999.0 -999.0 -999.0 -999 -999 "" "" "" "" 0 0 0.0 0.0 -999 ""
FIBERMAP 1331 R-10C3 APOGEE 1 1 0 1 0 0 -134.96514103966192 -203.42787444310994 143.1 -243.9727137378108 -7.134057923770837 224.88089 148.96217 37.233697383343795 25.963211471433564 -0.81748587 -0.35996306 0.15162703 37.23369709830053 25.96319374503883 37.278870830863184 26.083197251543698 73.15055971081931 251.25937406865086 16000.0 16600.0 2016.0 2 242 {-999.0 13.003146 11.249379 10.192663 -999.0} sdss_psfmag_gaia 12.156281 10.86618 9.750488 7.168 63050396554129564 1155468119 bright_1x1 mwm_galactic_core_dist_apogee_sparse mwm_galactic science 0 0 0.0 0.0 -999 ""
FIBERMAP 1331 R-10C3 BOSS 0 0 0 1 0 0 -135.66729732800835 -203.64884365415736 143.1 -244.55819192714526 -6.688143508973337 224.88089 148.96217 -999.0 -999.0 -999.0 -999.0 -999.0 37.230670927853325 25.96515493426939 37.275906722708214 26.085191517634552 73.149121629606 251.2697214648881 -999.0 5400.0 -999.0 1 478 {-999.0 -999.0 -999.0 -999.0 -999.0} "" -999.0 -999.0 -999.0 -999.0 -999 -999 "" "" "" "" 0 0 0.0 0.0 -999 ""
FIBERMAP 1331 R-10C3 METROLOGY 0 0 0 1 0 0 -135.50951195096982 -202.92233579914478 143.1 -243.87390946415184 -6.397908447598351 224.88089 148.96217 -999.0 -999.0 -999.0 -999.0 -999.0 37.2340797126882 25.96651064650051 37.27930384463298 26.08653371558511 73.15244756323033 251.268959825477 -999.0 6231.0 -999.0 -1 -999 {-999.0 -999.0 -999.0 -999.0 -999.0} "" -999.0 -999.0 -999.0 -999.0 -999 -999 "" "" "" "" 0 0 0.0 0.0 -999 ""
FIBERMAP 1333 R-5C14 APOGEE 0 0 0 1 0 0 46.55906111903317 -110.51377945198388 143.1 -63.38796879417972 -101.7693292990397 257.80652 93.15865 -999.0 -999.0 -999.0 -999.0 -999.0 38.1438734026328 25.538759563245065 38.18905066423588 25.657389864537844 73.66538765485782 248.57587191830817 -999.0 16600.0 -999.0 2 195 {-999.0 -999.0 -999.0 -999.0 -999.0} "" -999.0 -999.0 -999.0 -999.0 -999 -999 "" ops_sky_apogee_best_unassigned ops_sky sky_apogee 0 0 0.0 0.0 -999 ""
FIBERMAP 1333 R-5C14 BOSS 1 1 0 1 0 0 45.82559633800452 -110.37691830817641 143.1 -63.699303607036676 -101.09143585972701 257.80652 93.15865 38.142196105281926 25.541776806297378 -3.7648861 -2.2493513 2.328654 38.1421971778303 25.541758211954974 38.18743641671227 25.660420517097407 73.66562653140954 248.58779519875873 5400.0 5400.0 2016.0 1 325 {-999.0 21.927914 20.343939 18.69637 -999.0} sdss_psfmag 20.942665 19.459528 18.207201 15.736 63050396554106290 1095561974 bright_1x1 mwm_bin_vis_boss mwm_filler science 0 0 0.0 0.0 -999 ""
FIBERMAP 1333 R-5C14 METROLOGY 0 0 0 1 0 0 46.31669284975801 -109.80310150770723 143.1 -62.94743954822116 -101.1614610108318 257.80652 93.15865 -999.0 -999.0 -999.0 -999.0 -999.0 38.14601010394814 25.541467358119945 38.19123577300388 25.66011528150211 73.66844944187821 248.5808155636031 -999.0 6231.0 -999.0 -1 -999 {-999.0 -999.0 -999.0 -999.0 -999.0} "" -999.0 -999.0 -999.0 -999.0 -999 -999 "" "" "" "" 0 0 0.0 0.0 -999 ""
FIBERMAP 1334 R-4C16 APOGEE 0 0 0 1 0 0 97.12677537731 -91.42733991944185 143.1 -18.632299909881844 -132.05290554687315 317.93576 96.8469 -999.0 -999.0 -999.0 -999.0 -999.0 38.36995458673875 25.401848720510444 38.415066399347666 25.52013683544956 73.77308615005538 247.78793201473562 -999.0 16600.0 -999.0 2 -999 {-999.0 -999.0 -999.0 -999.0 -999.0} "" -999.0 -999.0 -999.0 -999.0 -999 -999 "" "" "" "" 0 0 0.0 0.0 -999 ""
FIBERMAP 1334 R-4C16 BOSS 1 1 0 1 0 0 96.69654543704733 -92.04748077743743 143.1 -19.38688153241148 -132.05930570151722 317.93576 96.8469 38.366077355699325 25.401723144152985 0.1992598 -1.5271496 -0.06658018 38.366089985048106 25.40172712273195 38.41125505982933 25.520051441773294 73.77007584284246 247.7938931739683 5400.0 5400.0 2016.0 1 283 {-999.0 18.333044 17.407143 17.03542 -999.0} sdss_psfmag 18.027977 17.41425 16.683943 15.06 63050396554104638 1061182574 bright_1x1 manual_mwm_halo_distant_kgiant_far_boss_single mwm_halo science 0 0 0.0 0.0 -999 ""
FIBERMAP 1334 R-4C16 METROLOGY 0 0 0 1 0 0 96.38263268408399 -91.37336184398409 143.1 -19.017476360514724 -131.41410321281563 317.93576 96.8469 -999.0 -999.0 -999.0 -999.0 -999.0 38.367958165322214 25.404674458830094 38.41311441724838 25.522986979783102 73.7730079043956 247.7999188912517 -999.0 6231.0 -999.0 -1 -999 {-999.0 -999.0 -999.0 -999.0 -999.0} "" -999.0 -999.0 -999.0 -999.0 -999 -999 "" "" "" "" 0 0 0.0 0.0 -999 ""
FIBERMAP 1335 R-7C1 APOGEE 0 0 0 1 0 0 -221.84819834096365 -144.59084483771866 143.1 -246.0445574999596 97.75429829459162 219.61168 122.84896 -999.0 -999.0 -999.0 -999.0 -999.0 37.2187288544706 26.4375518665405 37.26479058793154 26.557528510097608 73.35349187454139 252.7478873308337 -999.0 16600.0 -999.0 2 260 {-999.0 -999.0 -999.0 -999.0 -999.0} "" -999.0 -999.0 -999.0 -999.0 -999 -999 "" ops_sky_apogee_best_unassigned ops_sky sky_apogee 0 0 0.0 0.0 -999 ""
FIBERMAP 1335 R-7C1 BOSS 1 1 0 1 0 0 -222.55758030222472 -144.35692640931453 143.1 -246.26274348872064 98.46851274251284 219.61168 122.84896 37.21755981445312 26.440730394093286 -999.0 -999.0 -999.0 37.21755025273526 26.44073513177467 37.26367828992119 26.56074015401462 73.35401291381825 252.7594826022405 5400.0 5400.0 2015.5 1 500 {-999.0 -999.0 -999.0 -999.0 -999.0} "" -999.0 -999.0 -999.0 -999.0 27021603080695772 803800611 "" ops_sky_boss_good ops_sky sky_boss 0 0 0.0 0.0 -999 ""
FIBERMAP 1335 R-7C1 METROLOGY 0 0 0 1 0 0 -221.99778413315602 -143.85967924754456 143.1 -245.53377699704149 98.29821879835502 219.61168 122.84896 -999.0 -999.0 -999.0 -999.0 -999.0 37.22120841699149 26.440027734489902 37.267321112701325 26.560019570068587 73.3566211164699 252.75221497007828 -999.0 6231.0 -999.0 -1 -999 {-999.0 -999.0 -999.0 -999.0 -999.0} "" -999.0 -999.0 -999.0 -999.0 -999 -999 "" "" "" "" 0 0 0.0 0.0 -999 ""
FIBERMAP 1336 R-9C8 APOGEE 0 0 0 1 0 0 -25.41987408266249 -176.56985575400046 143.1 -158.84989575215224 -81.09558508245948 300.1967 156.0668 -999.0 -999.0 -999.0 -999.0 -999.0 37.66306464982408 25.630835711599882 37.707993243892645 25.75020892558789 73.3329771379973 249.60844173621146 -999.0 16600.0 -999.0 2 173 {-999.0 -999.0 -999.0 -999.0 -999.0} "" -999.0 -999.0 -999.0 -999.0 -999 -999 "" ops_sky_apogee_best_unassigned ops_sky sky_apogee 0 0 0.0 0.0 -999 ""
FIBERMAP 1336 R-9C8 BOSS 1 1 0 1 0 0 -25.327728850895966 -177.30219170654618 143.1 -159.39476625840877 -81.59327486248408 300.1967 156.0668 37.66022610074143 25.628503148905736 0.2697127 -0.97199845 0.11113594 37.66024626174682 25.62851020827201 37.70522737508105 25.747917670693486 73.3296881740321 249.60565529562882 5400.0 5400.0 2016.0 1 383 {-999.0 16.68139 15.920811 15.616258 -999.0} sdss_psfmag 16.456827 15.932956 15.2460375 13.749 63050396554106700 1061677278 bright_1x1 manual_mwm_halo_distant_kgiant_near_boss_single mwm_halo science 0 0 0.0 0.0 -999 ""
FIBERMAP 1336 R-9C8 METROLOGY 0 0 0 1 0 0 -26.0190098754627 -177.01970847680514 143.1 -159.5628529012706 -80.86582724899037 300.1967 156.0668 -999.0 -999.0 -999.0 -999.0 -999.0 37.65939277447802 25.63181911104334 37.70436257680922 25.75121915216407 73.33060428260916 249.61704104177193 -999.0 6231.0 -999.0 -1 -999 {-999.0 -999.0 -999.0 -999.0 -999.0} "" -999.0 -999.0 -999.0 -999.0 -999 -999 "" "" "" "" 0 0 0.0 0.0 -999 ""
FIBERMAP 1338 R-8C12 APOGEE 0 0 0 1 0 0 32.23436282070662 -163.1627420852419 143.1 -114.64412880659532 -120.44209038136339 224.16153 105.36644 -999.0 -999.0 -999.0 -999.0 -999.0 37.88673221548141 25.45330555794346 37.93152043978506 25.572348390263645 73.42154797034351 248.72144071098325 -999.0 16600.0 -999.0 2 -999 {-999.0 -999.0 -999.0 -999.0 -999.0} "" -999.0 -999.0 -999.0 -999.0 -999 -999 "" "" "" "" 0 0 0.0 0.0 -999 ""
FIBERMAP 1338 R-8C12 BOSS 1 1 0 1 0 0 31.604120803697345 -162.80009106634816 143.1 -114.71154056762076 -119.71824272211403 224.16153 105.36644 37.885708204048704 25.456479876867803 36.121017 5.13583 5.472828 37.886259950354855 25.456512548814924 37.93111244552546 25.575585905204946 73.4228319899026 248.7319367538647 5400.0 5400.0 2016.0 1 382 {-999.0 12.453955 11.888996 11.689866 -999.0} sdss_psfmag_from_g3xp 12.3232155 11.92279 11.351331 10.299 63050396554106163 1114330858 bright_1x1 openfibertargets_mwm_tessperiodic_boss open_fiber science 0 0 1.4202970266342163 0.0 -999 ""
FIBERMAP 1338 R-8C12 METROLOGY 0 0 0 1 0 0 32.2312830121069 -162.4166506060714 143.1 -114.03664864103469 -120.0091964352635 224.16153 105.36644 -999.0 -999.0 -999.0 -999.0 -999.0 37.88968546752656 25.455221019012388 37.934521899234994 25.57428061674238 73.42485703834421 248.72262248727804 -999.0 6231.0 -999.0 -1 -999 {-999.0 -999.0 -999.0 -999.0 -999.0} "" -999.0 -999.0 -999.0 -999.0 -999 -999 "" "" "" "" 0 0 0.0 0.0 -999 ""
FIBERMAP 1339 R-4C7 APOGEE 1 1 0 1 0 0 -110.04284922205744 -59.39299081681665 143.1 -111.97783572492493 55.60022270510158 122.887474 71.2218 37.89423823280636 26.25350552331792 -17.313309 -19.029789 6.0651245 37.8941017236456 26.253571633408757 37.94043163673109 26.372518608801037 73.8105672231026 251.20088742167087 16000.0 16600.0 2016.0 2 259 {-999.0 11.28096 10.885958 10.761686 -999.0} sdss_psfmag_gaia 11.216814 10.909721 10.433511 9.633 63050396555051792 1103790130 bright_1x1 mwm_tess_2min_apogee mwm_planet science 0 0 0.0 0.0 -999 ""
FIBERMAP 1339 R-4C7 BOSS 0 0 0 1 0 0 -109.3288080328503 -59.2017533157028 143.1 -111.4097806444523 55.12745252328508 122.887474 71.2218 -999.0 -999.0 -999.0 -999.0 -999.0 37.896874633122145 26.25143759658707 37.94326176917093 26.370407684329123 73.81185117584032 251.18998651677725 -999.0 5400.0 -999.0 1 460 {-999.0 -999.0 -999.0 -999.0 -999.0} "" -999.0 -999.0 -999.0 -999.0 -999 -999 "" "" "" "" 0 0 0.0 0.0 -999 ""
FIBERMAP 1339 R-4C7 METROLOGY 0 0 0 1 0 0 -109.50986444550422 -59.93041325013962 143.1 -112.1092442665875 54.85497912498841 122.887474 71.2218 -999.0 -999.0 -999.0 -999.0 -999.0 37.89336873242131 26.250178736415542 37.93973357871113 26.369146731501015 73.80846400298688 251.1911728824453 -999.0 6231.0 -999.0 -1 -999 {-999.0 -999.0 -999.0 -999.0 -999.0} "" -999.0 -999.0 -999.0 -999.0 -999 -999 "" "" "" "" 0 0 0.0 0.0 -999 ""
FIBERMAP 1340 R+9C17 APOGEE 0 0 0 1 0 0 180.6976878590184 191.66855834130146 143.1 260.75066213003487 -36.994344092600336 118.81142 33.99428 -999.0 -999.0 -999.0 -999.0 -999.0 39.77353633354051 25.831456321678516 39.820712431961454 25.947446259726146 75.08066178381911 246.75905865145887 -999.0 16600.0 -999.0 2 -999 {-999.0 -999.0 -999.0 -999.0 -999.0} "" -999.0 -999.0 -999.0 -999.0 -999 -999 "" "" "" "" 0 0 0.0 0.0 -999 ""
FIBERMAP 1340 R+9C17 BOSS 1 1 0 1 0 0 181.36294102006647 191.3453900222287 143.1 260.8705113768741 -37.72400638904879 118.81142 33.99428 39.77393323459282 25.828113942767857 38.313377 -1.292517 1.9248718 39.77405031428705 25.82812414545745 39.821272220807316 25.944141456229573 75.07940349104915 246.74702979738908 5400.0 5400.0 2016.0 1 240 {-999.0 20.297215 18.734917 17.621172 -999.0} sdss_psfmag 19.818926 18.301659 17.158022 15.003 63050396555020464 1095173700 bright_1x1 mwm_bin_vis_boss mwm_filler science 0 0 0.0 0.0 -999 ""
FIBERMAP 1340 R+9C17 METROLOGY 0 0 0 1 0 0 180.743738264112 190.92388301560408 143.1 260.16912575703924 -37.461510836924596 118.81142 33.99428 -999.0 -999.0 -999.0 -999.0 -999.0 39.770603319684476 25.829338395364143 39.817809917386626 25.94535329553299 75.0773485154771 246.7572595272309 -999.0 6231.0 -999.0 -1 -999 {-999.0 -999.0 -999.0 -999.0 -999.0} "" -999.0 -999.0 -999.0 -999.0 -999 -999 "" "" "" "" 0 0 0.0 0.0 -999 ""
FIBERMAP 1341 R-6C4 APOGEE 0 0 0 1 0 0 -151.08476024832447 -97.31143061276987 143.1 -166.61676658520008 67.24190681968302 125.03074 53.83984 -999.0 -999.0 -999.0 -999.0 -999.0 37.61784440055026 26.304254791969843 37.66401921286439 26.423627436874664 73.6134557927486 251.76533056469052 -999.0 16600.0 -999.0 2 -999 {-999.0 -999.0 -999.0 -999.0 -999.0} "" -999.0 -999.0 -999.0 -999.0 -999 -999 "" "" "" "" 0 0 0.0 0.0 -999 ""
FIBERMAP 1341 R-6C4 BOSS 1 1 0 1 0 0 -150.34445729341653 -97.30565412830222 143.1 -166.18500961929118 66.64070911431315 125.03074 53.83984 37.61993408203124 26.30151461615325 -999.0 -999.0 -999.0 37.61992078503582 26.301540115896206 37.66615211121308 26.420937005508527 73.613941877056 251.753762377099 5400.0 5400.0 2015.5 1 453 {-999.0 -999.0 -999.0 -999.0 -999.0} "" -999.0 -999.0 -999.0 -999.0 27021603081075521 816048579 "" ops_sky_boss_good ops_sky sky_boss 0 0 0.0 0.0 -999 ""
FIBERMAP 1341 R-6C4 METROLOGY 0 0 0 1 0 0 -150.7154280810481 -97.95970195312567 143.1 -166.93309626650395 66.56635900283682 125.03074 53.83984 -999.0 -999.0 -999.0 -999.0 -999.0 37.61618235176628 26.301171013566382 37.6623925936164 26.420566053924876 73.61077162026348 251.75799000798878 -999.0 6231.0 -999.0 -1 -999 {-999.0 -999.0 -999.0 -999.0 -999.0} "" -999.0 -999.0 -999.0 -999.0 -999 -999 "" "" "" "" 0 0 0.0 0.0 -999 ""
FIBERMAP 1342 R+2C4 APOGEE 0 0 0 1 0 0 -216.54223929425189 46.00063329467712 143.1 -87.34724136880995 203.36316399323107 177.58205 90.385216 -999.0 -999.0 -999.0 -999.0 -999.0 38.01663571271118 26.923306887370156 38.06438308995831 27.041991609153154 74.20676879000412 253.20078674757542 -999.0 16600.0 -999.0 2 -999 {-999.0 -999.0 -999.0 -999.0 -999.0} "" -999.0 -999.0 -999.0 -999.0 -999 -999 "" "" "" "" 0 0 0.0 0.0 -999 ""
FIBERMAP 1342 R+2C4 BOSS 1 1 0 1 0 0 -216.5317635615787 46.732324674979765 143.1 -86.74370085045638 203.7766818907845 177.58205 90.385216 38.01962979650877 26.92520226150527 -999.0 -999.0 -999.0 38.01962015051809 26.92520217746627 38.06743268605612 27.04390674118004 74.21004323202793 253.20287625432883 5400.0 5400.0 2016.0 1 35 {-999.0 20.135284 18.800135 18.25743 -999.0} sdss_psfmag 19.479584 20.715189 17.61779 15.077 63050396555055019 1118005373 bright_1x1 openfibertargets_bhm_lofarradio_boss open_fiber science 0 0 0.0 0.0 -999 ""
FIBERMAP 1342 R+2C4 METROLOGY 0 0 0 1 0 0 -215.8895626433481 46.36212350184302 143.1 -86.67555609971537 203.0387133507585 177.58205 90.385216 -999.0 -999.0 -999.0 -999.0 -999.0 38.019991626016086 26.921887876348364 38.0677813901749 27.040585206393498 74.2089023948241 253.19135604966314 -999.0 6231.0 -999.0 -1 -999 {-999.0 -999.0 -999.0 -999.0 -999.0} "" -999.0 -999.0 -999.0 -999.0 -999 -999 "" "" "" "" 0 0 0.0 0.0 -999 ""
FIBERMAP 1345 R-1C16 APOGEE 0 0 0 1 0 0 72.84944596181491 -20.090085516316538 143.1 25.617301487713114 -71.07756589702637 26.169584 85.74376 -999.0 -999.0 -999.0 -999.0 -999.0 38.59266386070861 25.679145929546618 38.638506420050874 25.797051775028674 74.0862027566182 248.28857458018 -999.0 16600.0 -999.0 2 231 {-999.0 -999.0 -999.0 -999.0 -999.0} "" -999.0 -999.0 -999.0 -999.0 -999 -999 "" ops_sky_apogee_best_unassigned ops_sky sky_apogee 0 0 0.0 0.0 -999 ""
FIBERMAP 1345 R-1C16 BOSS 1 1 0 1 0 0 73.12914942434907 -20.786292821888246 143.1 25.210125546598185 -71.70757471323509 26.169584 85.74376 38.59049847642795 25.676341836934505 23.857557 -45.35838 0.8149049 38.59056697937402 25.67621113173693 38.63645814520385 25.79414958774394 74.08315984609006 248.28273482169237 5400.0 5400.0 2016.0 1 281 {-999.0 16.959455 16.431635 16.213264 -999.0} sdss_psfmag 16.834684 16.436007 15.852725 14.777 63050396555023132 1072606656 bright_1x1 mwm_halo_local_high_boss_single mwm_halo science 0 0 0.0 0.0 -999 ""
FIBERMAP 1345 R-1C16 METROLOGY 0 0 0 1 0 0 72.38769849556222 -20.685752165743217 143.1 24.86452473198417 -71.04411108640493 26.169584 85.74376 -999.0 -999.0 -999.0 -999.0 -999.0 38.58883251518297 25.679243123476404 38.63471213882514 25.797175798756793 74.08330013398921 248.2951592152506 -999.0 6231.0 -999.0 -1 -999 {-999.0 -999.0 -999.0 -999.0 -999.0} "" -999.0 -999.0 -999.0 -999.0 -999 -999 "" "" "" "" 0 0 0.0 0.0 -999 ""
FIBERMAP 1346 R+3C6 APOGEE 0 0 0 1 0 0 -150.15929197434085 41.73669494261267 143.1 -52.536507335074546 146.69535782487617 281.80673 86.14921 -999.0 -999.0 -999.0 -999.0 -999.0 38.19407262026052 26.668770195378062 38.24148647853258 26.787202642395833 74.2379284975389 252.10429886289418 -999.0 16600.0 -999.0 2 -999 {-999.0 -999.0 -999.0 -999.0 -999.0} "" -999.0 -999.0 -999.0 -999.0 -999 -999 "" "" "" "" 0 0 0.0 0.0 -999 ""
FIBERMAP 1346 R+3C6 BOSS 1 1 0 1 0 0 -150.8825606843638 41.633042612796146 143.1 -53.038363395645256 147.22618623037457 281.80673 86.14921 38.19143169255814 26.671185671975884 0.7765595 1.4774265 1.4017451 38.19143528253127 26.67118885746684 38.238909358640115 26.789650760945303 74.23695118290497 252.11613066371575 5400.0 5400.0 2016.0 1 39 {-999.0 19.190096 17.774158 17.181833 -999.0} sdss_psfmag 18.648087 17.709785 16.792078 14.938 63050396555053063 1096127324 bright_1x1 mwm_bin_vis_boss mwm_filler science 0 0 0.0 0.0 -999 ""
FIBERMAP 1346 R+3C6 METROLOGY 0 0 0 1 0 0 -150.62783954532975 42.31731973904512 143.1 -52.332649568146536 147.41290317604404 281.80673 86.14921 -999.0 -999.0 -999.0 -999.0 -999.0 38.1950415411644 26.672048223349478 38.24250422184832 26.790497110804665 74.2402029790972 252.11368911049811 -999.0 6231.0 -999.0 -1 -999 {-999.0 -999.0 -999.0 -999.0 -999.0} "" -999.0 -999.0 -999.0 -999.0 -999 -999 "" "" "" "" 0 0 0.0 0.0 -999 ""
FIBERMAP 1349 R-5C10 APOGEE 1 1 0 1 0 0 -48.7399003783616 -85.05830881225887 143.1 -97.57379406462464 -9.264541657388554 187.07143 63.07056 37.9687769161877 25.958866110265504 -7.6286907 -1.7220517 0.7120845 37.9687092828536 25.958851862974264 38.01453829664143 26.077712989562716 73.73187522368148 250.15682562706357 16000.0 16600.0 2016.0 2 289 {-999.0 12.788257 11.978088 11.675665 -999.0} sdss_psfmag_gaia 12.552688 12.019302 11.328547 9.94 63050396555051153 1107272221 bright_1x1 mwm_tess_rgb_apogee mwm_tessrgb science 0 0 0.0 0.0 -999 ""
FIBERMAP 1349 R-5C10 BOSS 0 0 0 1 0 0 -48.475209513287425 -84.34853497143028 143.1 -96.84150868897459 -9.071258322186727 187.07143 63.07056 -999.0 -999.0 -999.0 -999.0 -999.0 37.97229325932332 25.959716394948952 38.01818560117607 26.078600060852633 73.73518040413843 250.15407226097386 -999.0 5400.0 -999.0 1 398 {-999.0 -999.0 -999.0 -999.0 -999.0} "" -999.0 -999.0 -999.0 -999.0 -999 -999 "" "" "" "" 0 0 0.0 0.0 -999 ""
FIBERMAP 1349 R-5C10 METROLOGY 0 0 0 1 0 0 -48.00327586667389 -84.92016826706308 143.1 -97.03607077513306 -9.786382035238736 187.07143 63.07056 -999.0 -999.0 -999.0 -999.0 -999.0 37.97135692216936 25.95646529680328 38.01722560255399 26.075342776269192 73.73287735656076 250.14529117902106 -999.0 6231.0 -999.0 -1 -999 {-999.0 -999.0 -999.0 -999.0 -999.0} "" -999.0 -999.0 -999.0 -999.0 -999 -999 "" "" "" "" 0 0 0.0 0.0 -999 ""
FIBERMAP 1351 R-3C8 APOGEE 0 0 0 1 0 0 -96.22022371179828 -77.96363671817869 143.1 -119.16907674240414 33.60031541271408 336.79147 52.2539 -999.0 -999.0 -999.0 -999.0 -999.0 37.858321299551825 26.153291591880706 37.904425128806736 26.272305081283818 73.73573084340217 250.93588320195607 -999.0 16600.0 -999.0 2 -999 {-999.0 -999.0 -999.0 -999.0 -999.0} "" -999.0 -999.0 -999.0 -999.0 -999 -999 "" "" "" "" 0 0 0.0 0.0 -999 ""
FIBERMAP 1351 R-3C8 BOSS 1 1 0 1 0 0 -96.86976359835342 -78.33903310054578 143.1 -119.85030833883779 33.9141828753176 336.79147 52.2539 37.854766845703125 26.15467361673811 -999.0 -999.0 -999.0 37.85475143144793 26.154683827096765 37.90091363362285 26.273730352381087 73.73359988059843 250.94559881081045 5400.0 5400.0 2015.5 1 469 {-999.0 -999.0 -999.0 -999.0 -999.0} "" -999.0 -999.0 -999.0 -999.0 27021603081074342 803861557 "" ops_sky_boss_good ops_sky sky_boss 0 0 0.0 0.0 -999 ""
FIBERMAP 1351 R-3C8 METROLOGY 0 0 0 1 0 0 -96.8654576071577 -77.58902331640142 143.1 -119.23536803353893 34.34330584659545 336.79147 52.2539 -999.0 -999.0 -999.0 -999.0 -999.0 37.857875303767386 26.156660889158683 37.904027445438714 26.27569449401718 73.73698404414071 250.947199974889 -999.0 6231.0 -999.0 -1 -999 {-999.0 -999.0 -999.0 -999.0 -999.0} "" -999.0 -999.0 -999.0 -999.0 -999 -999 "" "" "" "" 0 0 0.0 0.0 -999 ""
FIBERMAP 1353 R-12C3 APOGEE 0 0 0 1 0 0 -92.89571034591812 -243.36573231083793 143.1 -252.3183528957802 -64.52581193545429 45.119747 23.424288 -999.0 -999.0 -999.0 -999.0 -999.0 37.196107587736826 25.703159108781858 37.240756527782196 25.823248003131237 72.99859022945515 250.52543297736656 -999.0 16600.0 -999.0 2 -999 {-999.0 -999.0 -999.0 -999.0 -999.0} "" -999.0 -999.0 -999.0 -999.0 -999 -999 "" "" "" "" 0 0 0.0 0.0 -999 ""
FIBERMAP 1353 R-12C3 BOSS 1 1 0 1 0 0 -93.1752670918409 -244.07191083626634 143.1 -253.0562776502961 -64.70488188458515 45.119747 23.424288 37.191980195727105 25.70230296427411 28.007584 -23.217588 6.087578 37.19239428303745 25.702291437130874 37.23709939935611 25.822415738839304 72.99529674418969 250.52825818644067 5400.0 5400.0 2016.0 1 350 {-999.0 14.31273 13.138297 12.710906 -999.0} sdss_psfmag_from_g3xp 13.881749 13.169497 12.353428 10.72 63050396554127857 1114330898 bright_1x1 openfibertargets_mwm_tessperiodic_boss open_fiber science 0 0 1.1149934530258179 0.0 -999 ""
FIBERMAP 1353 R-12C3 METROLOGY 0 0 0 1 0 0 -93.63296481731153 -243.48026538432416 143.1 -252.83716176235882 -63.989839286824804 45.119747 23.424288 -999.0 -999.0 -999.0 -999.0 -999.0 37.19344644087244 25.705540202197938 37.23814128829008 25.825654144023133 72.997656320959 250.53649315306856 -999.0 6231.0 -999.0 -1 -999 {-999.0 -999.0 -999.0 -999.0 -999.0} "" -999.0 -999.0 -999.0 -999.0 -999 -999 "" "" "" "" 0 0 0.0 0.0 -999 ""
FIBERMAP 1354 R+3C8 APOGEE 0 0 0 1 0 0 -109.00337044255377 53.57333757974294 143.1 -19.130150966983752 119.91542422744206 171.19096 150.10506 -999.0 -999.0 -999.0 -999.0 -999.0 38.36424598552531 26.54802561007294 38.41158005401667 26.666202175590165 74.31963210353263 251.45401414166002 -999.0 16600.0 -999.0 2 -999 {-999.0 -999.0 -999.0 -999.0 -999.0} "" -999.0 -999.0 -999.0 -999.0 -999 -999 "" "" "" "" 0 0 0.0 0.0 -999 ""
FIBERMAP 1354 R+3C8 BOSS 1 1 0 1 0 0 -109.59300506045064 54.06403655781619 143.1 -19.06957486658338 120.67997576756262 171.19096 150.10506 38.36449358957414 26.551480105028762 -0.89693755 20.633793 10.430033 38.36447920889914 26.551522933544252 38.41187761784681 26.669724666855203 74.32146062507564 251.46519780414533 5400.0 5400.0 2016.0 1 52 {-999.0 17.015305 15.601494 14.48699 -999.0} sdss_psfmag_ps1 16.391026 15.130124 14.018175 12.014 63050396555052535 1151071446 bright_1x1 mwm_snc_100pc_boss_single mwm_snc science 0 0 0.0 0.0 -999 ""
FIBERMAP 1354 R+3C8 METROLOGY 0 0 0 1 0 0 -108.89265611297961 54.31117517551774 143.1 -18.463769349824233 120.2506329093573 171.19096 150.10506 -999.0 -999.0 -999.0 -999.0 -999.0 38.36758280967643 26.549580262616644 38.414964022887546 26.667769956016247 74.32303821099964 251.45413368225545 -999.0 6231.0 -999.0 -1 -999 {-999.0 -999.0 -999.0 -999.0 -999.0} "" -999.0 -999.0 -999.0 -999.0 -999 -999 "" "" "" "" 0 0 0.0 0.0 -999 ""
FIBERMAP 1355 R0C10 APOGEE 0 0 0 1 0 0 -96.13118176418097 15.886593637879564 143.1 -42.479812084216036 87.66462014406348 141.66241 83.69028 -999.0 -999.0 -999.0 -999.0 -999.0 38.245949461912964 26.401176691137064 38.292887488230406 26.519555442691857 74.15843835012926 251.15071869428203 -999.0 16600.0 -999.0 2 -999 {-999.0 -999.0 -999.0 -999.0 -999.0} "" -999.0 -999.0 -999.0 -999.0 -999 -999 "" "" "" "" 0 0 0.0 0.0 -999 ""
FIBERMAP 1355 R0C10 BOSS 1 1 0 1 0 0 -95.61478552709161 16.42483436943065 143.1 -41.74240535397613 87.55341342039117 141.66241 83.69028 38.24959421562187 26.400809465935968 10.961149 -38.364796 0.901171 38.24961655241116 26.40070137785195 38.296614616927116 26.519100903503638 74.16119645300087 251.143651132602 5400.0 5400.0 2016.0 1 491 {-999.0 17.543987 16.784092 16.469967 -999.0} sdss_psfmag 17.311684 16.797626 16.11631 14.753 63050396555052434 1072606648 bright_1x1 mwm_halo_local_high_boss_single mwm_halo science 0 0 0.0 0.0 -999 ""
FIBERMAP 1355 R0C10 METROLOGY 0 0 0 1 0 0 -95.40934670887003 15.697871266561137 143.1 -42.21753558763683 86.96630763561069 141.66241 83.69028 -999.0 -999.0 -999.0 -999.0 -999.0 38.24723133609612 26.398023130104995 38.29420566727612 26.516419194286616 74.15805313554274 251.13852557220002 -999.0 6231.0 -999.0 -1 -999 {-999.0 -999.0 -999.0 -999.0 -999.0} "" -999.0 -999.0 -999.0 -999.0 -999 -999 "" "" "" "" 0 0 0.0 0.0 -999 ""
FIBERMAP 1356 R+8C9 APOGEE 0 0 0 1 0 0 -27.661670323157693 162.72979394866735 143.1 116.92831809895762 116.45829540236444 84.764305 149.63712 -999.0 -999.0 -999.0 -999.0 -999.0 39.05544879292514 26.531570847693786 39.10338266696664 26.64864824137521 74.86127913042314 250.32995879087298 -999.0 16600.0 -999.0 2 -999 {-999.0 -999.0 -999.0 -999.0 -999.0} "" -999.0 -999.0 -999.0 -999.0 -999 -999 "" "" "" "" 0 0 0.0 0.0 -999 ""
FIBERMAP 1356 R+8C9 BOSS 1 1 0 1 0 0 -27.207859227369354 163.35848465531615 143.1 117.70348417661705 116.45037117049411 84.764305 149.63712 39.05942743721173 26.53152909405867 -6.5986314 -4.3896103 2.4668858 39.059365732335436 26.53152972270819 39.10735786894645 26.648626474455973 74.86441658882966 250.3235735605455 5400.0 5400.0 2016.0 1 123 {-999.0 18.7723 17.233717 16.28721 -999.0} sdss_psfmag 18.062773 16.94949 15.893037 13.815 63050396555029294 1095578003 bright_1x1 mwm_bin_vis_boss mwm_filler science 0 0 0.0 0.0 -999 ""
FIBERMAP 1356 R+8C9 METROLOGY 0 0 0 1 0 0 -26.918451335864443 162.66431481123735 143.1 117.30356997155275 115.81361303698337 84.764305 149.63712 -999.0 -999.0 -999.0 -999.0 -999.0 39.05734657418246 26.528653661497668 39.10531562123589 26.64574669675725 74.8614635092102 250.317047310811 -999.0 6231.0 -999.0 -1 -999 {-999.0 -999.0 -999.0 -999.0 -999.0} "" -999.0 -999.0 -999.0 -999.0 -999 -999 "" "" "" "" 0 0 0.0 0.0 -999 ""
FIBERMAP 1357 R+3C5 APOGEE 0 0 0 1 0 0 -158.52317381133648 56.84515946091002 143.1 -45.02362853875962 162.24052519774708 323.22192 142.41837 -999.0 -999.0 -999.0 -999.0 -999.0 38.232099563513316 26.739259828039838 38.279687054991825 26.857624968383078 74.29962367084967 252.2817681785312 -999.0 16600.0 -999.0 2 148 {-999.0 -999.0 -999.0 -999.0 -999.0} "" -999.0 -999.0 -999.0 -999.0 -999 -999 "" ops_sky_apogee_best_unassigned ops_sky sky_apogee 0 0 0.0 0.0 -999 ""
FIBERMAP 1357 R+3C5 BOSS 1 1 0 1 0 0 -158.31489169660614 56.1275333699358 143.1 -45.48949404731855 161.65648358964472 323.22192 142.41837 38.22967529296874 26.736635455456273 -999.0 -999.0 -999.0 38.22966147851191 26.736638543441643 38.27729936350187 26.855033101436362 74.29656980782835 252.27663581414174 5400.0 5400.0 2015.5 1 40 {-999.0 -999.0 -999.0 -999.0 -999.0} "" -999.0 -999.0 -999.0 -999.0 27021603081075446 803861737 "" ops_sky_boss_good ops_sky sky_boss 0 0 0.0 0.0 -999 ""
FIBERMAP 1357 R+3C5 METROLOGY 0 0 0 1 0 0 -159.0372187420055 56.30555310174118 143.1 -45.76079409879532 162.34902409435483 323.22192 142.41837 -999.0 -999.0 -999.0 -999.0 -999.0 38.228294152225004 26.73975927806555 38.27592051854862 26.85814848712098 74.29683712903869 252.28897165634032 -999.0 6231.0 -999.0 -1 -999 {-999.0 -999.0 -999.0 -999.0 -999.0} "" -999.0 -999.0 -999.0 -999.0 -999 -999 "" "" "" "" 0 0 0.0 0.0 -999 ""
FIBERMAP 1358 R-3C14 APOGEE 0 0 0 1 0 0 25.017766312311025 -46.46625765669935 143.1 -23.5128804523946 -47.23327403044713 136.1261 105.99527 -999.0 -999.0 -999.0 -999.0 -999.0 38.34408688858491 25.78727759823048 38.389919704894 25.905565961622045 73.94494241004669 249.0316231354616 -999.0 16600.0 -999.0 2 215 {-999.0 -999.0 -999.0 -999.0 -999.0} "" -999.0 -999.0 -999.0 -999.0 -999 -999 "" ops_sky_apogee_best_unassigned ops_sky sky_apogee 0 0 0.0 0.0 -999 ""
FIBERMAP 1358 R-3C14 BOSS 1 1 0 1 0 0 25.354156670610344 -45.79991674191618 143.1 -22.77470283411769 -47.12359440803714 136.1261 105.99527 38.3477783203125 25.78772772697026 -999.0 -999.0 -999.0 38.34774807833506 25.78773030535658 38.39364206555007 25.906041518901322 73.94809717681812 249.02721671810247 5400.0 5400.0 2015.5 1 264 {-999.0 -999.0 -999.0 -999.0 -999.0} "" -999.0 -999.0 -999.0 -999.0 27021603081058284 803859571 "" ops_sky_boss_good ops_sky sky_boss 0 0 0.0 0.0 -999 ""
FIBERMAP 1358 R-3C14 METROLOGY 0 0 0 1 0 0 25.766852729829274 -46.42248742295507 143.1 -23.04503117588731 -47.819727796730014 136.1261 105.99527 -999.0 -999.0 -999.0 -999.0 -999.0 38.34640935552971 25.784570707172975 38.39227987542819 25.902876249234804 73.94548305723981 249.01938796482904 -999.0 6231.0 -999.0 -1 -999 {-999.0 -999.0 -999.0 -999.0 -999.0} "" -999.0 -999.0 -999.0 -999.0 -999 -999 "" "" "" "" 0 0 0.0 0.0 -999 ""
FIBERMAP 1359 R-7C12 APOGEE 1 1 0 1 0 0 20.328261526073856 -148.7848611423838 143.1 -109.77115385650603 -102.4257873559747 262.45193 72.77081 37.91030882496531 25.535243083414233 44.553505 -60.755844 5.382096 37.910442017893295 25.535067273452015 37.95540694321329 25.65406435925053 73.48063002911066 248.93356990546718 16000.0 16600.0 2016.0 2 161 {-999.0 11.836591 11.366263 11.2090645 -999.0} sdss_psfmag_from_g3xp 11.737902 11.390836 10.874109 9.986 63050396554106236 1103502010 bright_1x1 mwm_tess_2min_apogee mwm_planet science 0 0 0.0 0.0 -999 ""
FIBERMAP 1359 R-7C12 BOSS 0 0 0 1 0 0 19.666803918372466 -148.4712034612771 143.1 -109.8965800251973 -101.70471066236642 262.45193 72.77081 -999.0 -999.0 -999.0 -999.0 -999.0 37.909677315487734 25.538267414637534 37.9547061956394 25.657295173751596 73.48167005814508 248.94455492628043 -999.0 5400.0 -999.0 1 381 {-999.0 -999.0 -999.0 -999.0 -999.0} "" -999.0 -999.0 -999.0 -999.0 -999 -999 "" "" "" "" 0 0 0.0 0.0 -999 ""
FIBERMAP 1359 R-7C12 METROLOGY 0 0 0 1 0 0 20.265847383451195 -148.04159397068076 143.1 -109.20020671580863 -101.94607030419603 262.45193 72.77081 -999.0 -999.0 -999.0 -999.0 -999.0 37.91321317411112 25.537200102615486 37.958226537880876 25.65621399105243 73.48390049264214 248.9357519144018 -999.0 6231.0 -999.0 -1 -999 {-999.0 -999.0 -999.0 -999.0 -999.0} "" -999.0 -999.0 -999.0 -999.0 -999 -999 "" "" "" "" 0 0 0.0 0.0 -999 ""
FIBERMAP 1362 R-12C4 APOGEE 0 0 0 1 0 0 -69.42002995644182 -224.9455973454546 143.1 -223.73468544715774 -73.07044446322173 94.5694 24.17142 -999.0 -999.0 -999.0 -999.0 -999.0 37.33855185412645 25.665442548009402 37.383257105814266 25.785315579123157 73.093409738284 250.20178754987154 -999.0 16600.0 -999.0 2 -999 {-999.0 -999.0 -999.0 -999.0 -999.0} "" -999.0 -999.0 -999.0 -999.0 -999 -999 "" "" "" "" 0 0 0.0 0.0 -999 ""
FIBERMAP 1362 R-12C4 BOSS 1 1 0 1 0 0 -69.05512521907164 -225.60222731349722 143.1 -224.06039470616395 -73.74719848090521 94.5694 24.17142 37.33693473589994 25.662392920907415 -5.196648 -11.852238 1.4597751 37.33688529861034 25.66233037116724 37.38164379459772 25.782235969369683 73.09066286158337 250.1948688262201 5400.0 5400.0 2016.0 1 351 {-999.0 17.607346 16.23893 15.720877 -999.0} sdss_psfmag 17.05433 16.224852 15.273695 13.375 63050396554127478 1094229542 bright_1x1 mwm_bin_vis_boss mwm_filler science 0 0 0.0 0.0 -999 ""
FIBERMAP 1362 R-12C4 METROLOGY 0 0 0 1 0 0 -69.80386598023249 -225.58538784816022 143.1 -224.4785508394513 -73.1260645878838 94.5694 24.17142 -999.0 -999.0 -999.0 -999.0 -999.0 37.33478774412283 25.665139086963375 37.37953249946287 25.785039218334987 73.0903309292053 250.20645782971067 -999.0 6231.0 -999.0 -1 -999 {-999.0 -999.0 -999.0 -999.0 -999.0} "" -999.0 -999.0 -999.0 -999.0 -999 -999 "" "" "" "" 0 0 0.0 0.0 -999 ""
FIBERMAP 1363 R-6C13 APOGEE 0 0 0 1 0 0 41.09121861224154 -127.41776119720761 143.1 -80.34582128391574 -107.05527433577852 237.24765 130.92366 -999.0 -999.0 -999.0 -999.0 -999.0 38.05862845782785 25.514525858332497 38.1036844325148 25.63329273511386 73.58660604507118 248.6369515793729 -999.0 16600.0 -999.0 2 -999 {-999.0 -999.0 -999.0 -999.0 -999.0} "" -999.0 -999.0 -999.0 -999.0 -999 -999 "" "" "" "" 0 0 0.0 0.0 -999 ""
FIBERMAP 1363 R-6C13 BOSS 1 1 0 1 0 0 40.35844323996203 -127.53031472476528 143.1 -80.86042991246367 -106.52181741934059 237.24765 130.92366 38.05591479482317 25.516866267891974 -999.0 -999.0 -999.0 38.055925568791494 25.51686453125478 38.10104164078473 25.635665223531497 73.58571184051362 248.6484223342577 5400.0 5400.0 2016.0 1 380 {-999.0 21.731812 20.925804 20.514439 -999.0} sdss_psfmag -999.0 -999.0 -999.0 -999.0 63050398811186820 1118071955 bright_1x1 openfibertargets_bhm_lofarradio_boss open_fiber science 0 0 0.0 0.0 -999 ""
FIBERMAP 1363 R-6C13 METROLOGY 0 0 0 1 0 0 40.623528951864955 -126.83644513679931 143.1 -80.14090415100989 -106.338030800596 237.24765 130.92366 -999.0 -999.0 -999.0 -999.0 -999.0 38.05956509570717 25.517726001599957 38.1046695684264 25.63651243302477 73.58897278241251 248.64529238762998 -999.0 6231.0 -999.0 -1 -999 {-999.0 -999.0 -999.0 -999.0 -999.0} "" -999.0 -999.0 -999.0 -999.0 -999 -999 "" "" "" "" 0 0 0.0 0.0 -999 ""
FIBERMAP 1364 R+13C6 APOGEE 1 1 0 1 0 0 -33.6047635304598 242.36392593818636 143.1 178.5291409243208 167.2479468066929 238.56085 145.69865 39.36656300807722 26.758740167458303 0.3113842 -20.393055 3.968524 39.366580532336926 26.758667259774736 39.415253624588786 26.875220055478696 75.21280989141196 250.61203143013395 16000.0 16600.0 2016.0 2 105 {-999.0 12.782078 12.167517 11.966347 -999.0} sdss_psfmag_from_g3xp 12.631892 12.211846 11.624481 10.564 63050396555030279 1076265092 bright_1x1 mwm_snc_ext_main_apogee mwm_snc science 0 0 0.0 0.0 -999 ""
FIBERMAP 1364 R+13C6 BOSS 0 0 0 1 0 0 -34.28378676066085 242.072226193442 143.1 177.89924851352717 167.63417027503672 238.56085 145.69865 -999.0 -999.0 -999.0 -999.0 -999.0 39.36337323643073 26.760431899755122 39.41210072758179 26.877014357901412 75.21112958584843 250.6233222077181 -999.0 5400.0 -999.0 1 84 {-999.0 -999.0 -999.0 -999.0 -999.0} "" -999.0 -999.0 -999.0 -999.0 -999 -999 "" "" "" "" 0 0 0.0 0.0 -999 ""
FIBERMAP 1364 R+13C6 METROLOGY 0 0 0 1 0 0 -34.20981478747959 242.8066664271292 143.1 178.5416612151607 167.99742293751 238.56085 145.69865 -999.0 -999.0 -999.0 -999.0 -999.0 39.36661607981775 26.762035236870194 39.41533452390405 26.87860529474057 75.21442230328573 250.62369780426513 -999.0 6231.0 -999.0 -1 -999 {-999.0 -999.0 -999.0 -999.0 -999.0} "" -999.0 -999.0 -999.0 -999.0 -999 -999 "" "" "" "" 0 0 0.0 0.0 -999 ""
FIBERMAP 1365 R+12C3 APOGEE 0 0 0 1 0 0 -113.64862964351023 221.78156808453662 143.1 115.54874371952798 220.73877415196654 244.34886 134.0611 -999.0 -999.0 -999.0 -999.0 -999.0 39.04778279570975 27.001799556761593 39.09665081988106 27.1188400589902 75.0683107996499 251.95757784303228 -999.0 16600.0 -999.0 2 -999 {-999.0 -999.0 -999.0 -999.0 -999.0} "" -999.0 -999.0 -999.0 -999.0 -999 -999 "" "" "" "" 0 0 0.0 0.0 -999 ""
FIBERMAP 1365 R+12C3 BOSS 1 1 0 1 0 0 -114.3478340230351 221.5316299201489 143.1 114.9413123368703 221.16556745447392 244.34886 134.0611 39.04464966753499 27.00375552255631 -1.0778373 -8.772053 2.3926146 39.04465589935747 27.003729810553047 39.09357989591774 27.12079906355161 75.06671606307494 251.9690674177565 5400.0 5400.0 2016.0 1 94 {-999.0 21.750399 20.30559 18.691399 -999.0} sdss_psfmag 21.530735 19.426208 18.158094 15.629 63050396555056857 1096105709 bright_1x1 mwm_bin_vis_boss mwm_filler science 0 0 0.0 0.0 -999 ""
FIBERMAP 1365 R+12C3 METROLOGY 0 0 0 1 0 0 -114.2167174163713 222.265239732287 143.1 115.6160105019741 221.48167690475378 244.34886 134.0611 -999.0 -999.0 -999.0 -999.0 -999.0 39.04808211658295 27.005121522125723 39.09699650474363 27.122178345567644 75.07005377344288 251.9686924827997 -999.0 6231.0 -999.0 -1 -999 {-999.0 -999.0 -999.0 -999.0 -999.0} "" -999.0 -999.0 -999.0 -999.0 -999 -999 "" "" "" "" 0 0 0.0 0.0 -999 ""
FIBERMAP 1369 R-1C18 APOGEE 0 0 0 1 0 0 114.24812675473646 -3.120225702230936 143.1 63.355466650943356 -95.0946666256456 115.11266 35.36332 -999.0 -999.0 -999.0 -999.0 -999.0 38.78303465838238 25.570087254373174 38.82883177151348 25.687701493235238 74.1797346554785 247.6281795444334 -999.0 16600.0 -999.0 2 217 {-999.0 -999.0 -999.0 -999.0 -999.0} "" -999.0 -999.0 -999.0 -999.0 -999 -999 "" ops_sky_apogee_best_unassigned ops_sky sky_apogee 0 0 0.0 0.0 -999 ""
FIBERMAP 1369 R-1C18 BOSS 1 1 0 1 0 0 114.87815137323567 -3.5042500014350164 143.1 63.40529963089658 -95.83066582306922 115.11266 35.36332 38.78327257730139 25.5667210610528 0.24007407 -9.10879 1.5030038 38.783256031608275 25.56667068059758 38.82910211836929 25.6843142006534 74.17823256098796 247.61700780346223 5400.0 5400.0 2016.0 1 295 {-999.0 15.914336 15.073128 14.780098 -999.0} sdss_psfmag 15.63196 15.103414 14.405789 13.051 63050396555022891 1095297696 bright_1x1 mwm_bin_vis_boss mwm_filler science 0 0 0.0 0.0 -999 ""
FIBERMAP 1369 R-1C18 METROLOGY 0 0 0 1 0 0 114.23070733946662 -3.8758787488261355 143.1 62.72835365903768 -95.51633648885756 115.11266 35.36332 -999.0 -999.0 -999.0 -999.0 -999.0 38.77985613937006 25.56811370731444 38.82568637115014 25.685754200644062 74.1763045776125 247.62727170790566 -999.0 6231.0 -999.0 -1 -999 {-999.0 -999.0 -999.0 -999.0 -999.0} "" -999.0 -999.0 -999.0 -999.0 -999 -999 "" "" "" "" 0 0 0.0 0.0 -999 ""
FIBERMAP 1370 R0C23 APOGEE 0 0 0 1 0 0 200.6523278979762 -19.263968169287498 143.1 100.0143334699821 -174.96458975699272 310.88815 65.54507 -999.0 -999.0 -999.0 -999.0 -999.0 38.965766542763475 25.208591055319275 39.01101833374037 25.325951333284408 74.13424899875879 246.1821681369705 -999.0 16600.0 -999.0 2 89 {-999.0 -999.0 -999.0 -999.0 -999.0} "" -999.0 -999.0 -999.0 -999.0 -999 -999 "" ops_sky_apogee_best_unassigned ops_sky sky_apogee 0 0 0.0 0.0 -999 ""
FIBERMAP 1370 R0C23 BOSS 1 1 0 1 0 0 199.9218266779407 -19.357405953005703 143.1 99.51664655062989 -174.42196309131208 310.88815 65.54507 38.96324712188892 25.210988222618262 -0.37305415 -0.59989667 0.21319285 38.96326317809109 25.210960729562608 39.00857211981565 25.32835524988411 74.13362914499017 246.1938978773595 5400.0 5400.0 2016.0 1 245 {-999.0 18.47226 18.075142 17.907074 -999.0} sdss_psfmag 18.417347 18.064358 17.605465 -999.0 63050396555016208 975989840 "" ops_std_boss ops_std standard_boss 0 0 0.0 0.0 -999 ""
FIBERMAP 1370 R0C23 METROLOGY 0 0 0 1 0 0 200.2064323233095 -18.66024961527674 143.1 100.25011623692154 -174.25222046482716 310.88815 65.54507 -999.0 -999.0 -999.0 -999.0 -999.0 38.96694952979697 25.211748694590145 39.01224764540359 25.329128585538445 74.13686276288482 246.18992635793126 -999.0 6231.0 -999.0 -1 -999 {-999.0 -999.0 -999.0 -999.0 -999.0} "" -999.0 -999.0 -999.0 -999.0 -999 -999 "" "" "" "" 0 0 0.0 0.0 -999 ""
FIBERMAP 1372 R-11C10 APOGEE 1 1 0 1 0 0 21.928972828186378 -210.99898590036528 143.1 -159.6517156798386 -139.6208184318512 156.78082 127.936134 37.662483931873496 25.36605723953366 -14.70333 -64.56756 14.610125 37.66240488215524 25.365862408798602 37.70683046479934 25.485264650506572 73.20228595205556 248.80791350856896 16000.0 16600.0 2016.0 2 157 {-999.0 10.110914 9.569522 9.385329 -999.0} sdss_psfmag_gaia 9.99456 9.607169 9.05508 8.097 63050396554105774 984737084 bright_1x1 mwm_snc_100pc_apogee mwm_snc science 0 0 0.0 0.0 -999 ""
FIBERMAP 1372 R-11C10 BOSS 0 0 0 1 0 0 21.73766521762963 -210.277187154653 143.1 -159.1726511359168 -139.0482311941198 156.78082 127.936134 -999.0 -999.0 -999.0 -999.0 -999.0 37.66466452440281 25.368394859350655 37.709156214509164 25.487823874723635 73.20537776484323 248.81200506200463 -999.0 5400.0 -999.0 1 362 {-999.0 -999.0 -999.0 -999.0 -999.0} "" -999.0 -999.0 -999.0 -999.0 -999 -999 "" "" "" "" 0 0 0.0 0.0 -999 ""
FIBERMAP 1372 R-11C10 METROLOGY 0 0 0 1 0 0 22.458293078243877 -210.46417020689807 143.1 -158.90965067899862 -139.74455459277365 156.78082 127.936134 -999.0 -999.0 -999.0 -999.0 -999.0 37.66604559592589 25.36526794759706 37.71051576054555 25.48468649030765 73.2048886253158 248.80046942903306 -999.0 6231.0 -999.0 -1 -999 {-999.0 -999.0 -999.0 -999.0 -999.0} "" -999.0 -999.0 -999.0 -999.0 -999 -999 "" "" "" "" 0 0 0.0 0.0 -999 ""
FIBERMAP 1373 R-9C2 APOGEE 0 0 0 1 0 0 -173.63684656335207 -157.19358028332212 143.1 -228.52545785523088 51.11518729589893 146.26654 72.58125 -999.0 -999.0 -999.0 -999.0 -999.0 37.3078001977206 26.227839478392653 37.353544192862785 26.347700735422656 73.3310347413642 251.9690921183065 -999.0 16600.0 -999.0 2 -999 {-999.0 -999.0 -999.0 -999.0 -999.0} "" -999.0 -999.0 -999.0 -999.0 -999 -999 "" "" "" "" 0 0 0.0 0.0 -999 ""
FIBERMAP 1373 R-9C2 BOSS 1 1 0 1 0 0 -173.07617486778048 -156.72081319026267 143.1 -227.8159766934186 50.93005719859858 146.26654 72.58125 37.3112597939165 26.227063887899714 12.151135 -13.040214 0.5422951 37.31125371982815 26.227022195267814 37.35706023116842 26.346905825826216 73.33348713038572 251.9616591240697 5400.0 5400.0 2016.0 1 490 {-999.0 16.170115 15.580373 15.330298 -999.0} sdss_psfmag 16.033945 15.594108 14.982005 13.854 63050396554130548 1072606565 bright_1x1 mwm_halo_local_high_boss_single mwm_halo science 0 0 0.0 0.0 -999 ""
FIBERMAP 1373 R-9C2 METROLOGY 0 0 0 1 0 0 -172.94019957900736 -157.46068505623944 143.1 -228.34171787085177 50.39222883356529 146.26654 72.58125 -999.0 -999.0 -999.0 -999.0 -999.0 37.30867556462025 26.224561978843962 37.35445776802027 26.344442030424624 73.33029367041824 251.95766715486153 -999.0 6231.0 -999.0 -1 -999 {-999.0 -999.0 -999.0 -999.0 -999.0} "" -999.0 -999.0 -999.0 -999.0 -999 -999 "" "" "" "" 0 0 0.0 0.0 -999 ""
FIBERMAP 1374 R-5C8 APOGEE 0 0 0 1 0 0 -87.03692503004706 -99.11216537930731 143.1 -131.14158291401412 13.901834445235188 144.25745 155.92886 -999.0 -999.0 -999.0 -999.0 -999.0 37.798455704688415 26.06330709388059 37.84433210014521 26.18242359995177 73.64622911918117 250.7416836037873 -999.0 16600.0 -999.0 2 -999 {-999.0 -999.0 -999.0 -999.0 -999.0} "" -999.0 -999.0 -999.0 -999.0 -999 -999 "" "" "" "" 0 0 0.0 0.0 -999 ""
FIBERMAP 1374 R-5C8 BOSS 1 1 0 1 0 0 -87.42183310292208 -98.47045948040466 143.1 -130.83959943838832 14.586314273244849 144.25745 155.92886 37.79983520507812 26.066398184293362 -999.0 -999.0 -999.0 37.79983646063928 26.066407826363857 37.845779160435484 26.18554979919477 73.64883562376416 250.74935548338368 5400.0 5400.0 2015.5 1 463 {-999.0 -999.0 -999.0 -999.0 -999.0} "" -999.0 -999.0 -999.0 -999.0 27021603080694241 816024025 "" ops_sky_boss_good ops_sky sky_boss 0 0 0.0 0.0 -999 ""
FIBERMAP 1374 R-5C8 METROLOGY 0 0 0 1 0 0 -86.6733547224657 -98.4606451478816 143.1 -130.39982922261174 13.980769744122606 144.25745 155.92886 -999.0 -999.0 -999.0 -999.0 -999.0 37.802104224836455 26.063674678582714 37.84802697118192 26.182805483139365 73.64934027359996 250.73739076259028 -999.0 6231.0 -999.0 -1 -999 {-999.0 -999.0 -999.0 -999.0 -999.0} "" -999.0 -999.0 -999.0 -999.0 -999 -999 "" "" "" "" 0 0 0.0 0.0 -999 ""
FIBERMAP 1376 R+4C13 APOGEE 0 0 0 1 0 0 15.557732872482934 83.54843545296 143.1 77.19987427798564 35.490067471779874 96.32608 151.4944 -999.0 -999.0 -999.0 -999.0 -999.0 38.85389505992103 26.164315506267748 38.900918929157 26.28175411224506 74.52851194415717 249.42757905693065 -999.0 16600.0 -999.0 2 -999 {-999.0 -999.0 -999.0 -999.0 -999.0} "" -999.0 -999.0 -999.0 -999.0 -999 -999 "" "" "" "" 0 0 0.0 0.0 -999 ""
FIBERMAP 1376 R+4C13 BOSS 1 1 0 1 0 0 15.820275043006328 84.23718321076683 143.1 77.91375033508668 35.672976640049924 96.32608 151.4944 38.85751566317156 26.165130964464673 -999.0 -999.0 -999.0 38.85750209200715 26.16513336918658 38.904586176198904 26.282593189606132 74.53180059278276 249.4244407215359 5400.0 5400.0 2016.0 1 107 {-999.0 19.48215 18.66751 18.338451 -999.0} sdss_psfmag 19.08566 21.343071 17.619413 15.059 63050396555026055 1118005308 bright_1x1 openfibertargets_bhm_lofarradio_boss open_fiber science 0 0 0.0 0.0 -999 ""
FIBERMAP 1376 R+4C13 METROLOGY 0 0 0 1 0 0 16.29496822606422 83.66309152101431 143.1 77.7187725536603 34.95418138349118 96.32608 151.4944 -999.0 -999.0 -999.0 -999.0 -999.0 38.85651862627723 26.161867201448405 38.903579701464366 26.279321275451874 74.5294419637731 249.4152902935011 -999.0 6231.0 -999.0 -1 -999 {-999.0 -999.0 -999.0 -999.0 -999.0} "" -999.0 -999.0 -999.0 -999.0 -999 -999 "" "" "" "" 0 0 0.0 0.0 -999 ""
FIBERMAP 1378 R-3C2 APOGEE 0 0 0 1 0 0 -244.5037018106261 -64.603819912258 143.1 -193.79602979185822 162.39483331858736 196.86336 133.14404 -999.0 -999.0 -999.0 -999.0 -999.0 37.47893421471165 26.732869434102582 37.525805810244265 26.852412784639213 73.69175943188083 253.32618150140462 -999.0 16600.0 -999.0 2 -999 {-999.0 -999.0 -999.0 -999.0 -999.0} "" -999.0 -999.0 -999.0 -999.0 -999 -999 "" "" "" "" 0 0 0.0 0.0 -999 ""
FIBERMAP 1378 R-3C2 BOSS 1 1 0 1 0 0 -245.16482392776345 -64.24590642364346 143.1 -193.885123234974 163.14116478318806 196.86336 133.14404 37.47837144064288 26.736239293304937 14.874541 -4.3810034 2.028254 37.478400656313546 26.736207691599567 37.52533869765955 26.855777206052966 73.6928291996476 253.33763795511493 5400.0 5400.0 2016.0 1 436 {-999.0 16.583792 15.376461 14.865376 -999.0} sdss_psfmag 16.145958 15.414616 14.46428 12.675 63050396555054230 1094911498 bright_1x1 mwm_bin_vis_boss mwm_filler science 0 0 0.0 0.0 -999 ""
FIBERMAP 1378 R-3C2 METROLOGY 0 0 0 1 0 0 -244.52165077805958 -63.857938008013186 143.1 -193.19729796151208 162.83974849640202 196.86336 133.14404 -999.0 -999.0 -999.0 -999.0 -999.0 37.48188248583918 26.734906157396612 37.52880412694992 26.854463132411993 73.6950560351092 253.32867946268323 -999.0 6231.0 -999.0 -1 -999 {-999.0 -999.0 -999.0 -999.0 -999.0} "" -999.0 -999.0 -999.0 -999.0 -999 -999 "" "" "" "" 0 0 0.0 0.0 -999 ""
FIBERMAP 1381 R-7C10 APOGEE 0 0 0 1 0 0 -17.935723347249883 -131.78165224654842 143.1 -117.95874936156594 -61.37128513563281 71.560524 170.86685 -999.0 -999.0 -999.0 -999.0 -999.0 37.86761849209508 25.721343895359546 37.91290138530627 25.840388336223707 73.53807048604098 249.5724008825677 -999.0 16600.0 -999.0 2 170 {-999.0 -999.0 -999.0 -999.0 -999.0} "" -999.0 -999.0 -999.0 -999.0 -999 -999 "" ops_sky_apogee_best_unassigned ops_sky sky_apogee 0 0 0.0 0.0 -999 ""
FIBERMAP 1381 R-7C10 BOSS 1 1 0 1 0 0 -17.586075563363238 -131.12493232712433 143.1 -117.22078075107346 -61.2779813201771 71.560524 170.86685 37.871246337890625 25.721720787121413 -999.0 -999.0 -999.0 37.87121732091209 25.721728893788224 37.916562871586166 25.84079683079763 73.54115306917753 249.56804403808968 5400.0 5400.0 2015.5 1 385 {-999.0 -999.0 -999.0 -999.0 -999.0} "" -999.0 -999.0 -999.0 -999.0 27021603080680473 816023242 "" ops_sky_boss_good ops_sky sky_boss 0 0 0.0 0.0 -999 ""
FIBERMAP 1381 R-7C10 METROLOGY 0 0 0 1 0 0 -17.18451600930031 -131.75201452709518 143.1 -117.50121722469252 -61.9676231082966 71.560524 170.86685 -999.0 -999.0 -999.0 -999.0 -999.0 37.86985876121494 25.718601361022593 37.91518048355823 25.837663496260074 73.53854966933905 249.5604845148244 -999.0 6231.0 -999.0 -1 -999 {-999.0 -999.0 -999.0 -999.0 -999.0} "" -999.0 -999.0 -999.0 -999.0 -999 -999 "" "" "" "" 0 0 0.0 0.0 -999 ""
FIBERMAP 1382 R+4C14 APOGEE 0 0 0 1 0 0 43.114446013911255 55.98790970198212 143.1 70.58995309289304 -2.910832308143927 333.91373 30.60536 -999.0 -999.0 -999.0 -999.0 -999.0 38.82024483047063 25.989515734923184 38.86689478144075 26.10702644565744 74.41745626997141 248.910915727756 -999.0 16600.0 -999.0 2 -999 {-999.0 -999.0 -999.0 -999.0 -999.0} "" -999.0 -999.0 -999.0 -999.0 -999 -999 "" "" "" "" 0 0 0.0 0.0 -999 ""
FIBERMAP 1382 R+4C14 BOSS 1 1 0 1 0 0 42.366747431212794 55.90346920072524 143.1 70.0896931265154 -2.3489722766904158 333.91373 30.60536 38.817692694774244 25.992039037975196 0.4725856 0.029507317 0.24154797 38.817701813258466 25.99204730369685 38.864409922614755 26.109589519417867 74.41675329137729 248.92329229226985 5400.0 5400.0 2016.0 1 158 {-999.0 19.250286 18.9735 18.720629 18.513128} sdss_psfmag_from_gaiadr2 19.247498 19.021923 18.372732 16.422 63050396555024355 1057567049 bright_flexible_2x1 bhm_gua_bright bhm_filler science 0 0 0.0 0.0 -999 ""
FIBERMAP 1382 R+4C14 METROLOGY 0 0 0 1 0 0 42.679479599155265 56.59409960502086 143.1 70.83405838719318 -2.2059621602343 333.91373 30.60536 -999.0 -999.0 -999.0 -999.0 -999.0 38.82147846879282 25.992703531360892 38.868175503282146 26.11023179242395 74.4200201718075 248.91925980587547 -999.0 6231.0 -999.0 -1 -999 {-999.0 -999.0 -999.0 -999.0 -999.0} "" -999.0 -999.0 -999.0 -999.0 -999 -999 "" "" "" "" 0 0 0.0 0.0 -999 ""
FIBERMAP 1383 R-9C6 APOGEE 0 0 0 1 0 0 -63.454203767686444 -184.9118274691132 143.1 -187.60183718884335 -54.84885413425868 3.3734791 75.48475 -999.0 -999.0 -999.0 -999.0 -999.0 37.517656099094836 25.749109762994486 37.56267978373427 25.868696538427635 73.27512628473903 250.1888670304889 -999.0 16600.0 -999.0 2 165 {-999.0 -999.0 -999.0 -999.0 -999.0} "" -999.0 -999.0 -999.0 -999.0 -999 -999 "" ops_sky_apogee_best_unassigned ops_sky sky_apogee 0 0 0.0 0.0 -999 ""
FIBERMAP 1383 R-9C6 BOSS 1 1 0 1 0 0 -63.581525149243525 -185.64192497045747 143.1 -188.27147795249866 -55.16603669922693 3.3734791 75.48475 37.51419067382812 25.747601489756377 -999.0 -999.0 -999.0 37.51420958540862 25.747606281854864 37.55928733634897 25.867227822509705 73.27174272229452 250.18943344406915 5400.0 5400.0 2015.5 1 402 {-999.0 -999.0 -999.0 -999.0 -999.0} "" -999.0 -999.0 -999.0 -999.0 27021603080694023 803800359 "" ops_sky_boss_good ops_sky sky_boss 0 0 0.0 0.0 -999 ""
FIBERMAP 1383 R-9C6 METROLOGY 0 0 0 1 0 0 -64.15602404226117 -185.16515512194653 143.1 -188.2135453860814 -54.421879906082566 3.3734791 75.48475 -999.0 -999.0 -999.0 -999.0 -999.0 37.514485386383065 25.75099474909641 37.559552811726974 25.87060720389293 73.2735625753572 250.19936167036258 -999.0 6231.0 -999.0 -1 -999 {-999.0 -999.0 -999.0 -999.0 -999.0} "" -999.0 -999.0 -999.0 -999.0 -999 -999 "" "" "" "" 0 0 0.0 0.0 -999 ""
FIBERMAP 1384 R-12C6 APOGEE 0 0 0 1 0 0 -63.98134653624717 -227.53519133423825 143.1 -222.71206628466823 -79.00545573200999 214.67113 56.14504 -999.0 -999.0 -999.0 -999.0 -999.0 37.34405127689031 25.638619957238678 37.38871081417466 25.758487319812613 73.084897579219 250.11270799753038 -999.0 16600.0 -999.0 2 -999 {-999.0 -999.0 -999.0 -999.0 -999.0} "" -999.0 -999.0 -999.0 -999.0 -999 -999 "" "" "" "" 0 0 0.0 0.0 -999 ""
FIBERMAP 1384 R-12C6 BOSS 1 1 0 1 0 0 -63.99676974569802 -226.7951045316021 143.1 -222.11660975181442 -78.5659459570234 214.67113 56.14504 37.34637539462231 25.641297853557482 180.21774 -246.49025 17.208004 37.34688693523686 25.640584662400276 37.391613271288406 25.76047716920806 73.08814517238758 250.11441210205004 5400.0 5400.0 2016.0 1 403 {-999.0 17.318377 15.865009 14.329043 -999.0} sdss_psfmag 16.740005 15.009711 13.755471 11.314 63050396554127465 1151034477 bright_1x1 mwm_snc_100pc_boss_single mwm_snc science 0 0 0.0 0.0 -999 ""
FIBERMAP 1384 R-12C6 METROLOGY 0 0 0 1 0 0 -63.34384450455313 -227.1475663349183 143.1 -222.0277927991091 -79.30243909363195 214.67113 56.14504 -999.0 -999.0 -999.0 -999.0 -999.0 37.34740501227105 25.637266134784536 37.39210838280718 25.757149772703052 73.08694371177512 250.10363630759127 -999.0 6231.0 -999.0 -1 -999 {-999.0 -999.0 -999.0 -999.0 -999.0} "" -999.0 -999.0 -999.0 -999.0 -999 -999 "" "" "" "" 0 0 0.0 0.0 -999 ""
FIBERMAP 1388 R-10C8 APOGEE 0 0 0 1 0 0 -35.931523623010946 -186.79327071793276 143.1 -173.2619052167023 -78.40911774785103 167.69756 98.77489 -999.0 -999.0 -999.0 -999.0 -999.0 37.59073300982819 25.642664790347048 37.63561981801405 25.76214929065881 73.2816752655375 249.75447728581258 -999.0 16600.0 -999.0 2 -999 {-999.0 -999.0 -999.0 -999.0 -999.0} "" -999.0 -999.0 -999.0 -999.0 -999 -999 "" "" "" "" 0 0 0.0 0.0 -999 ""
FIBERMAP 1388 R-10C8 BOSS 1 1 0 1 0 0 -35.901001193228915 -186.01972909552305 143.1 -172.61262604568094 -77.98782884709175 167.69756 98.77489 37.593837247481936 25.644554756210233 2.2633812 -5.9005914 2.1192572 37.5938464431163 25.64453949902608 37.638799260092924 25.764048552191483 73.28509963512758 249.75546035804484 5400.0 5400.0 2016.0 1 372 {-999.0 21.083773 19.488073 18.4635 -999.0} sdss_psfmag 20.339096 19.16035 18.07527 15.932 63050396554128094 1094404351 bright_1x1 mwm_bin_vis_boss mwm_filler science 0 0 0.0 0.0 -999 ""
FIBERMAP 1388 R-10C8 METROLOGY 0 0 0 1 0 0 -35.27235024704132 -186.4437675835768 143.1 -172.59626096413265 -78.74578828285601 167.69756 98.77489 -999.0 -999.0 -999.0 -999.0 -999.0 37.59399809688041 25.64111588649887 37.63892763583573 25.760616688432357 73.28354553927309 249.74481446384257 -999.0 6231.0 -999.0 -1 -999 {-999.0 -999.0 -999.0 -999.0 -999.0} "" -999.0 -999.0 -999.0 -999.0 -999 -999 "" "" "" "" 0 0 0.0 0.0 -999 ""
FIBERMAP 1391 R-5C4 APOGEE 0 0 0 1 0 0 -174.77912706825586 -84.57012799578736 143.1 -169.88021758709218 93.94043107243554 125.252144 109.04494 -999.0 -999.0 -999.0 -999.0 -999.0 37.60064864350448 26.425153553160165 37.6470401954204 26.544540232731283 73.65421715822359 252.1729087513964 -999.0 16600.0 -999.0 2 -999 {-999.0 -999.0 -999.0 -999.0 -999.0} "" -999.0 -999.0 -999.0 -999.0 -999 -999 "" "" "" "" 0 0 0.0 0.0 -999 ""
FIBERMAP 1391 R-5C4 BOSS 1 1 0 1 0 0 -174.34912558242468 -83.95078637548914 143.1 -169.12642040313796 93.94655674638936 125.252144 109.04494 37.604270440527536 26.425322234589625 21.954494 -37.362938 0.9477511 37.604336080956 26.425218942009945 37.650791091382075 26.54462662972299 73.657258301949 252.16786031543484 5400.0 5400.0 2016.0 1 454 {-999.0 16.525118 15.873773 15.630168 -999.0} sdss_psfmag 16.350155 15.897628 15.27905 14.099 63050396555053477 1072709691 bright_1x1 mwm_halo_local_high_boss_single mwm_halo science 0 0 0.0 0.0 -999 ""
FIBERMAP 1391 R-5C4 METROLOGY 0 0 0 1 0 0 -174.0353319266136 -84.62870075209234 143.1 -169.49899362652215 93.29926213057479 125.252144 109.04494 -999.0 -999.0 -999.0 -999.0 -999.0 37.602502352719334 26.42226898713075 37.648933010999656 26.54167226407863 73.65445182205004 252.16110385947297 -999.0 6231.0 -999.0 -1 -999 {-999.0 -999.0 -999.0 -999.0 -999.0} "" -999.0 -999.0 -999.0 -999.0 -999 -999 "" "" "" "" 0 0 0.0 0.0 -999 ""
FIBERMAP 1392 R-12C10 APOGEE 0 0 0 1 0 0 36.413509119927674 -240.73571430379664 143.1 -175.57933646548744 -168.60233716975435 208.67964 130.86896 -999.0 -999.0 -999.0 -999.0 -999.0 37.585002555388435 25.235001942944912 37.62911347120564 25.35453845577671 73.07632745915814 248.5375151777696 -999.0 16600.0 -999.0 2 -999 {-999.0 -999.0 -999.0 -999.0 -999.0} "" -999.0 -999.0 -999.0 -999.0 -999 -999 "" "" "" "" 0 0 0.0 0.0 -999 ""
FIBERMAP 1392 R-12C10 BOSS 1 1 0 1 0 0 35.69451761517617 -240.48522707537956 143.1 -175.78953562198197 -167.87071796284832 208.67964 130.86896 37.58384056556505 25.238231160290212 -999.0 -999.0 -999.0 37.58382235670661 25.238242850603818 37.627997931733375 25.357811932067563 73.07709112066524 248.5489856875642 5400.0 5400.0 2016.0 1 406 {-999.0 20.563889 19.266918 18.973522 -999.0} sdss_psfmag_ps1 20.210516 21.717115 18.399963 15.873 63050396554105168 1117895443 bright_1x1 openfibertargets_bhm_lofarradio_boss open_fiber science 0 0 0.0 0.0 -999 ""
FIBERMAP 1392 R-12C10 METROLOGY 0 0 0 1 0 0 36.27312909577121 -240.00294187709815 143.1 -175.06193352392586 -168.06500718158793 208.67964 130.86896 -999.0 -999.0 -999.0 -999.0 -999.0 37.58747716778668 25.237387861193476 37.63163742222656 25.356942545684017 73.07950477799764 248.5407497178687 -999.0 6231.0 -999.0 -1 -999 {-999.0 -999.0 -999.0 -999.0 -999.0} "" -999.0 -999.0 -999.0 -999.0 -999 -999 "" "" "" "" 0 0 0.0 0.0 -999 ""
FIBERMAP 1393 R-12C5 APOGEE 0 0 0 1 0 0 -53.36438283917184 -235.25600836705308 143.1 -222.89252911149956 -92.12895908152039 359.5635 109.19745 -999.0 -999.0 -999.0 -999.0 -999.0 37.34410003795165 25.57926721808054 37.38864768384008 25.699140776692417 73.05636041891583 249.93401157671474 -999.0 16600.0 -999.0 2 -999 {-999.0 -999.0 -999.0 -999.0 -999.0} "" -999.0 -999.0 -999.0 -999.0 -999 -999 "" "" "" "" 0 0 0.0 0.0 -999 ""
FIBERMAP 1393 R-12C5 BOSS 1 1 0 1 0 0 -53.12472644316093 -235.96448597370417 143.1 -223.3328258963251 -92.73334360641803 359.5635 109.19745 37.342017088123775 25.576539709021166 -999.0 -999.0 -999.0 37.34186873144138 25.57648280759518 37.38646970429119 25.696390082344422 73.05331609949482 249.9289805621043 5400.0 5400.0 2016.0 1 352 {-999.0 19.58481 18.531752 18.123053 -999.0} sdss_psfmag 19.073278 20.52326 17.389431 15.017 63050396554127417 1118004938 bright_1x1 openfibertargets_bhm_lofarradio_boss open_fiber science 0 0 0.0 0.0 -999 ""
FIBERMAP 1393 R-12C5 METROLOGY 0 0 0 1 0 0 -53.85625441046452 -235.81701134197021 143.1 -223.63437651629923 -92.05090942994211 359.5635 109.19745 -999.0 -999.0 -999.0 -999.0 -999.0 37.34034427884621 25.579570976042138 37.38493255990937 25.699471779866734 73.05358531789558 249.9405351455715 -999.0 6231.0 -999.0 -1 -999 {-999.0 -999.0 -999.0 -999.0 -999.0} "" -999.0 -999.0 -999.0 -999.0 -999 -999 "" "" "" "" 0 0 0.0 0.0 -999 ""
FIBERMAP 1395 R+4C20 APOGEE 0 0 0 1 0 0 175.07518412284452 56.938642969485066 143.1 147.48718383545176 -110.12126875426097 320.1652 41.644733 -999.0 -999.0 -999.0 -999.0 -999.0 39.20562722794815 25.50185720969397 39.25165776359336 25.61880140950847 74.47220696744078 246.68821531309538 -999.0 16600.0 -999.0 2 -999 {-999.0 -999.0 -999.0 -999.0 -999.0} "" -999.0 -999.0 -999.0 -999.0 -999 -999 "" "" "" "" 0 0 0.0 0.0 -999 ""
FIBERMAP 1395 R+4C20 BOSS 1 1 0 1 0 0 174.3207840164425 56.91128417367233 143.1 147.02967093100364 -109.52100898835174 320.1652 41.644733 39.203338623046875 25.504544305928817 -999.0 -999.0 -999.0 39.20335127044601 25.50451549918108 39.24943898709893 25.621492382219532 74.47188248890076 246.70068203633602 5400.0 5400.0 2015.5 1 205 {-999.0 -999.0 -999.0 -999.0 -999.0} "" -999.0 -999.0 -999.0 -999.0 27021603081054068 803858984 "" ops_sky_boss_good ops_sky sky_boss 0 0 0.0 0.0 -999 ""
FIBERMAP 1395 R+4C20 METROLOGY 0 0 0 1 0 0 174.68057975191536 57.57184860034712 143.1 147.7766327510315 -109.43377428490923 320.1652 41.644733 -999.0 -999.0 -999.0 -999.0 -999.0 39.20710214120256 25.50492343540624 39.2531786073385 25.62188593210228 74.4749736924577 246.69543995723296 -999.0 6231.0 -999.0 -1 -999 {-999.0 -999.0 -999.0 -999.0 -999.0} "" -999.0 -999.0 -999.0 -999.0 -999 -999 "" "" "" "" 0 0 0.0 0.0 -999 ""
FIBERMAP 1396 R0C3 APOGEE 0 0 0 1 0 0 -255.73838839980638 -17.535097872061474 143.1 -161.84048049164576 198.72040179400466 290.75412 59.8015 -999.0 -999.0 -999.0 -999.0 -999.0 37.639546380318116 26.89838365124544 37.686889830044095 27.017660180064656 73.89217289029841 253.64188249199205 -999.0 16600.0 -999.0 2 297 {-999.0 -999.0 -999.0 -999.0 -999.0} "" -999.0 -999.0 -999.0 -999.0 -999 -999 "" ops_sky_apogee_best_unassigned ops_sky sky_apogee 0 0 0.0 0.0 -999 ""
FIBERMAP 1396 R0C3 BOSS 1 1 0 1 0 0 -256.4708523062959 -17.41196971809939 143.1 -162.162452285947 199.38955611765695 290.75412 59.8015 37.63787230012632 26.90135027229099 -8.186507 2.5468597 1.1826519 37.637847596807994 26.90135039128544 37.68525520411379 27.020654257898858 73.89212306333985 253.65388139247466 5400.0 5400.0 2016.0 1 422 {-999.0 14.40725 13.814198 13.608312 -999.0} sdss_psfmag_gaia 14.175718 13.854841 13.181516 12.163 63050396555054499 1095041416 bright_1x1 mwm_bin_vis_boss mwm_filler science 0 0 0.0 0.0 -999 ""
FIBERMAP 1396 R0C3 METROLOGY 0 0 0 1 0 0 -256.010920319844 -16.833611770507524 143.1 -161.4248570298946 199.34759938959903 290.75412 59.8015 -999.0 -999.0 -999.0 -999.0 -999.0 37.64158894404087 26.901216767500518 37.688982812099994 27.020507739255493 73.89506870255266 253.64833002004679 -999.0 6231.0 -999.0 -1 -999 {-999.0 -999.0 -999.0 -999.0 -999.0} "" -999.0 -999.0 -999.0 -999.0 -999 -999 "" "" "" "" 0 0 0.0 0.0 -999 ""
FIBERMAP 1400 R-5C13 APOGEE 1 1 0 1 0 0 36.78335618916417 -104.93724610770057 143.1 -64.47324779524158 -90.56971496337675 241.57224 157.64748 38.13805598664778 25.589631313287413 -1.2002146 -0.44374093 0.44292215 38.138102442512974 25.589615819029422 38.1833722321374 25.708249834596764 73.68609893776127 248.74213818472384 16000.0 16600.0 2016.0 2 155 {-999.0 13.1292925 12.319625 12.017438 -999.0} sdss_psfmag_gaia 12.896311 12.360862 11.672703 10.258 63050396554106319 1107109945 bright_1x1 mwm_tess_rgb_apogee mwm_tessrgb science 0 0 0.0 0.0 -999 ""
FIBERMAP 1400 R-5C13 BOSS 0 0 0 1 0 0 36.220953961887425 -105.42794445190718 143.1 -65.19836982732704 -90.39351526627541 241.57224 157.64748 -999.0 -999.0 -999.0 -999.0 -999.0 38.13435085446379 25.590334161141566 38.17967646079802 25.7090035131585 73.68357449099977 248.75032063723216 -999.0 5400.0 -999.0 1 379 {-999.0 -999.0 -999.0 -999.0 -999.0} "" -999.0 -999.0 -999.0 -999.0 -999 -999 "" "" "" "" 0 0 0.0 0.0 -999 ""
FIBERMAP 1400 R-5C13 METROLOGY 0 0 0 1 0 0 36.072671558283474 -104.69952801889362 143.1 -64.68908242746687 -89.85224494387812 241.57224 157.64748 -999.0 -999.0 -999.0 -999.0 -999.0 38.1369267589735 25.592817266621694 38.1822430315442 25.71147393378788 73.68680473341018 248.75390892644322 -999.0 6231.0 -999.0 -1 -999 {-999.0 -999.0 -999.0 -999.0 -999.0} "" -999.0 -999.0 -999.0 -999.0 -999 -999 "" "" "" "" 0 0 0.0 0.0 -999 ""
