#%yanny
#
# confSummaryS-24544.par
#
# Created by pydl.pydlutils.yanny.yanny
#
# 2026-02-05 15:03:23 UTC
#
configuration_id 24544
robostrategy_run iota-1
fps_calibrations_version 2025.12.04
jaeger_version 1.11.0
coordio_version 1.18.1
kaiju_version 1.4.1
design_id 754799
field_id 102642
focal_scale 0.9996992
instruments BOSS APOGEE
epoch 2461076.9414634453
obstime Thu Feb 05 10:27:44 2026
MJD 61076
observatory APO
temperature 0.8
raCen 256.259129608718
decCen 18.1160142139612
pa 24.91597
is_dithered 0
parent_configuration -999
dither_radius -999.0
cloned_from -999

typedef enum {
    BOSS,
    APOGEE,
    METROLOGY,
    NONE
} FIBERTYPE;

typedef struct {
    short positionerId;
    char holeId[28];
    FIBERTYPE fiberType;
    short assigned;
    short on_target;
    short disabled;
    short valid;
    short decollided;
    short too;
    double xwok;
    double ywok;
    double zwok;
    double xFocal;
    double yFocal;
    float alpha;
    float beta;
    double racat;
    double deccat;
    float pmra;
    float pmdec;
    float parallax;
    double ra;
    double dec;
    double ra_observed;
    double dec_observed;
    double alt_observed;
    double az_observed;
    float lambda_design;
    float lambda_eff;
    float coord_epoch;
    short spectrographId;
    short fiberId;
    float mag[5];
    char optical_prov[96];
    float bp_mag;
    float gaia_g_mag;
    float rp_mag;
    float h_mag;
    long catalogid;
    long carton_to_target_pk;
    char cadence[76];
    char firstcarton[188];
    char program[48];
    char category[60];
    long sdssv_boss_target0;
    long sdssv_apogee_target0;
    double delta_ra;
    double delta_dec;
    long too_id;
    char too_program[4];
} FIBERMAP;

FIBERMAP 3 R-1C14 APOGEE 1 1 0 1 0 0 17.853931309213042 -24.36655198109343 143.1 5.925071877577862 -29.611422955201963 264.44684 161.19489 256.2866150661926 17.981191793922136 -11.39119 -22.91069 2.932191 256.28692586042604 17.981127535577716 256.2179654132923 17.951662780322664 27.800417183166957 85.69825142755633 16000.0 16600.0 2016.0 2 214 {-999.0 9.44806 8.479675 8.106815 -999.0} sdss_psfmag_from_g3xp 9.134822 8.509613 7.7514234 6.143 63050395765413399 1108910343 bright_1x1 mwm_tess_rgb_apogee mwm_tessrgb science 0 0 1.1792290210723877 0.0 -999 ""
FIBERMAP 3 R-1C14 BOSS 0 0 0 1 0 0 17.577584163590856 -25.050051705224842 143.1 5.386656644548307 -30.114733704509717 264.44684 161.19489 -999.0 -999.0 -999.0 -999.0 -999.0 256.28470040407757 17.97864131133378 256.2153902233098 17.949353799294553 27.801485840229326 85.70186027237082 -999.0 5400.0 -999.0 1 263 {-999.0 -999.0 -999.0 -999.0 -999.0} "" -999.0 -999.0 -999.0 -999.0 -999 -999 "" "" "" "" 0 0 0.0 0.0 -999 ""
FIBERMAP 3 R-1C14 METROLOGY 0 0 0 1 0 0 17.112561080691343 -24.461185192552293 143.1 5.2130498249331625 -29.384985629114976 264.44684 161.19489 -999.0 -999.0 -999.0 -999.0 -999.0 256.283775463539 17.98202411847297 256.21455889038225 17.9526808426434 27.803754383814805 85.69896732687448 -999.0 6231.0 -999.0 -1 -999 {-999.0 -999.0 -999.0 -999.0 -999.0} "" -999.0 -999.0 -999.0 -999.0 -999 -999 "" "" "" "" 0 0 0.0 0.0 -999 ""
FIBERMAP 16 R+7C7 APOGEE 0 0 0 1 0 0 -69.203229052404 143.99766692662368 143.1 -2.097042037041047 159.70179782235294 38.29306 121.09384 -999.0 -999.0 -999.0 -999.0 -999.0 256.25066699382694 18.842229789039745 256.17952866887174 18.812296350838746 28.236438576827595 84.85671156216063 -999.0 16600.0 -999.0 2 102 {-999.0 -999.0 -999.0 -999.0 -999.0} "" -999.0 -999.0 -999.0 -999.0 -999 -999 "" ops_sky_apogee_best_unassigned ops_sky sky_apogee 0 0 0.0 0.0 -999 ""
FIBERMAP 16 R+7C7 BOSS 1 1 0 1 0 0 -68.51120404586258 143.744984657649 143.1 -1.576035063619517 159.18124791607235 38.29306 121.09384 256.2535181785902 18.83974778646867 -0.03524943 -0.19312404 0.17100644 256.2535180741285 18.83974724480753 256.18202936651244 18.809999559399255 28.23327388059394 84.85776592921376 5400.0 5400.0 2016.0 1 76 {-999.0 20.30435 20.085274 19.894007 19.74417} sdss_psfmag_from_gaiadr2 20.253017 20.10154 19.523205 -999.0 63050395765435731 1056793168 dark_flexible_2x2 bhm_gua_dark bhm_filler science 0 0 0.0 0.0 -999 ""
FIBERMAP 16 R+7C7 METROLOGY 0 0 0 1 0 0 -69.07014932075268 143.26188817772677 143.1 -2.286266760563484 158.97865309685173 38.29306 121.09384 -999.0 -999.0 -999.0 -999.0 -999.0 256.2500022541562 18.838880109529992 256.1786194997079 18.80907271809315 28.23569760231848 84.86040417793151 -999.0 6231.0 -999.0 -1 -999 {-999.0 -999.0 -999.0 -999.0 -999.0} "" -999.0 -999.0 -999.0 -999.0 -999 -999 "" "" "" "" 0 0 0.0 0.0 -999 ""
FIBERMAP 37 R-9C9 APOGEE 1 1 0 1 0 0 -21.15013004164203 -189.05897622194854 143.1 -98.8002825111497 -162.5034143070349 265.2465 84.21397 255.7866785464059 17.378924648892095 -4.3048315 -2.8986185 0.043784954 255.78666589497413 17.378916519044346 255.7197213156484 17.348280960802853 27.932278488847174 86.55384368232822 16000.0 16600.0 2016.0 2 167 {-999.0 14.397821 13.34156 12.890106 -999.0} sdss_psfmag_from_g3xp 14.030474 13.331835 12.520886 10.748 63050395765396449 1155958307 bright_1x1 mwm_galactic_core_dist_apogee_extra mwm_galactic science 0 0 0.0 0.0 -999 ""
FIBERMAP 37 R-9C9 BOSS 0 0 0 1 0 0 -21.87710556056235 -188.9237513053088 143.1 -99.40244606100057 -162.07463773405425 265.2465 84.21397 -999.0 -999.0 -999.0 -999.0 -999.0 255.78412252036432 17.380634699276843 255.71682255484802 17.35017381789331 27.935612799531633 86.55345078296597 -999.0 5400.0 -999.0 1 376 {-999.0 -999.0 -999.0 -999.0 -999.0} "" -999.0 -999.0 -999.0 -999.0 -999 -999 "" "" "" "" 0 0 0.0 0.0 -999 ""
FIBERMAP 37 R-9C9 METROLOGY 0 0 0 1 0 0 -21.383725247407305 -188.3495948322856 143.1 -98.71330808804615 -161.76186956078962 265.2465 84.21397 -999.0 -999.0 -999.0 -999.0 -999.0 255.7872972063879 17.382096517172787 255.7200905910439 17.3515923079052 27.933545130497357 86.55035780473986 -999.0 6231.0 -999.0 -1 -999 {-999.0 -999.0 -999.0 -999.0 -999.0} "" -999.0 -999.0 -999.0 -999.0 -999 -999 "" "" "" "" 0 0 0.0 0.0 -999 ""
FIBERMAP 40 R+12C6 APOGEE 0 0 0 1 0 0 -36.66301342547896 230.12281581552637 143.1 63.67829952005508 224.0827943025795 295.19696 154.64455 -999.0 -999.0 -999.0 -999.0 -999.0 256.5671160750439 19.130762312389756 256.4949168566768 19.101612392897923 28.106988249631364 84.40878284304034 -999.0 16600.0 -999.0 2 -999 {-999.0 -999.0 -999.0 -999.0 -999.0} "" -999.0 -999.0 -999.0 -999.0 -999 -999 "" "" "" "" 0 0 0.0 0.0 -999 ""
FIBERMAP 40 R+12C6 BOSS 1 1 0 1 0 0 -36.64223297578669 229.3676285791857 143.1 63.37908410818239 223.3893489759507 295.19696 154.64455 256.5660506646651 19.127519462991867 -2.0874848 -0.5429724 0.18845795 256.5660444677061 19.12751794009985 256.49349790119817 19.09854317556893 28.106750553983808 84.41257041533564 5400.0 5400.0 2016.0 1 156 {-999.0 16.599398 15.799724 15.511221 -999.0} sdss_psfmag 16.372732 15.844804 15.161245 13.754 63050395765471326 1061672862 bright_1x1 manual_mwm_halo_distant_kgiant_near_boss_single mwm_halo science 0 0 0.0 0.0 -999 ""
FIBERMAP 40 R+12C6 METROLOGY 0 0 0 1 0 0 -37.296037615768384 229.72792044328173 143.1 62.93805083690678 223.9913665708527 295.19696 154.64455 -999.0 -999.0 -999.0 -999.0 -999.0 256.56382939924373 19.130276436005595 256.49137888179814 19.101244051354293 28.109778075122378 84.41091270794186 -999.0 6231.0 -999.0 -1 -999 {-999.0 -999.0 -999.0 -999.0 -999.0} "" -999.0 -999.0 -999.0 -999.0 -999 -999 "" "" "" "" 0 0 0.0 0.0 -999 ""
FIBERMAP 52 R+5C17 APOGEE 0 0 0 1 0 0 127.21180289606677 103.19937002008669 143.1 158.80070914944105 39.989339400923924 338.24258 172.35817 -999.0 -999.0 -999.0 -999.0 -999.0 257.0199423899367 18.294249157122824 256.9494546093672 18.26675752622888 27.33595217011814 85.01490997683811 -999.0 16600.0 -999.0 2 -999 {-999.0 -999.0 -999.0 -999.0 -999.0} "" -999.0 -999.0 -999.0 -999.0 -999 -999 "" "" "" "" 0 0 0.0 0.0 -999 ""
FIBERMAP 52 R+5C17 BOSS 1 1 0 1 0 0 127.84619448687047 102.8387663413768 143.1 159.2240101810768 39.395215134650435 338.24258 172.35817 257.0223762244515 18.29136582495328 -2.843323 -2.100246 0.011932063 257.022367825308 18.291359934326497 256.9515195799179 18.26406187948445 27.332952837557876 85.01654725269515 5400.0 5400.0 2016.0 1 206 {-999.0 15.138646 14.304928 13.929477 -999.0} sdss_psfmag_from_g3xp 14.878605 14.30124 13.571486 12.081 63050395765412541 1061923290 bright_1x1 manual_mwm_halo_vmp_wise_boss_single mwm_halo science 0 0 0.0 0.0 -999 ""
FIBERMAP 52 R+5C17 METROLOGY 0 0 0 1 0 0 127.22401089502142 102.45337206749346 143.1 158.497591668493 39.307835963093176 338.24258 172.35817 -999.0 -999.0 -999.0 -999.0 -999.0 257.01878959907253 18.29104098670597 256.9480492665074 18.263680211735235 27.33568010945212 85.01867341593459 -999.0 6231.0 -999.0 -1 -999 {-999.0 -999.0 -999.0 -999.0 -999.0} "" -999.0 -999.0 -999.0 -999.0 -999 -999 "" "" "" "" 0 0 0.0 0.0 -999 ""
FIBERMAP 56 R-8C4 APOGEE 0 0 0 1 0 0 -147.33765560652128 -148.07902223748428 143.1 -195.94948968459448 -72.20340532671078 163.17444 104.158615 -999.0 -999.0 -999.0 -999.0 -999.0 255.32382009079907 17.788912529969384 255.25628805993279 17.75678616116423 28.51505379731683 86.38365854205165 -999.0 16600.0 -999.0 2 -999 {-999.0 -999.0 -999.0 -999.0 -999.0} "" -999.0 -999.0 -999.0 -999.0 -999 -999 "" "" "" "" 0 0 0.0 0.0 -999 ""
FIBERMAP 56 R-8C4 BOSS 1 1 0 1 0 0 -147.28617772612444 -147.31824946913034 143.1 -195.5824085684402 -71.53532831122294 163.17444 104.158615 255.32592293393608 17.791831778609158 -29.208569 -30.447311 10.339345 255.3258368968768 17.79174638204803 255.25795182430258 17.759800484168213 28.515082666381446 86.37978318666826 5400.0 5400.0 2016.0 1 452 {-999.0 18.070154 16.626553 15.121793 -999.0} sdss_psfmag 17.52042 15.864715 14.625456 12.319 63050395765419750 1151021983 bright_1x1 mwm_snc_100pc_boss_single mwm_snc science 0 0 0.0 0.0 -999 ""
FIBERMAP 56 R-8C4 METROLOGY 0 0 0 1 0 0 -146.67931855495297 -147.72794630973624 143.1 -195.20474607924893 -72.16236747432555 163.17444 104.158615 -999.0 -999.0 -999.0 -999.0 -999.0 255.32755279663408 17.788954733229602 255.25976869194676 17.75696582097084 28.512217766384694 86.38169490825749 -999.0 6231.0 -999.0 -1 -999 {-999.0 -999.0 -999.0 -999.0 -999.0} "" -999.0 -999.0 -999.0 -999.0 -999 -999 "" "" "" "" 0 0 0.0 0.0 -999 ""
FIBERMAP 59 R+4C8 APOGEE 0 0 0 1 0 0 -79.99592997209355 70.48130226813933 143.1 -42.84457686202972 97.59337927701478 316.00433 120.745926 -999.0 -999.0 -999.0 -999.0 -999.0 256.05418781388954 18.560915770225254 255.98396913106785 18.530539987917688 28.26869919435447 85.23777062630916 -999.0 16600.0 -999.0 2 -999 {-999.0 -999.0 -999.0 -999.0 -999.0} "" -999.0 -999.0 -999.0 -999.0 -999 -999 "" "" "" "" 0 0 0.0 0.0 -999 ""
FIBERMAP 59 R+4C8 BOSS 1 1 0 1 0 0 -80.10446855196328 69.73331695031797 143.1 -43.25800669249529 96.9609278446105 316.00433 120.745926 256.0526127841245 18.558047646418707 -29.076035 -48.49034 1.0605649 256.0525267606358 18.557911643997596 255.98196514107826 18.527709293209018 28.26905415738218 85.24162059440317 5400.0 5400.0 2016.0 1 33 {-999.0 17.43567 16.64867 16.34382 -999.0} sdss_psfmag 17.192476 16.683176 16.0084 14.643 63050395765432344 1072605388 bright_1x1 mwm_halo_local_high_boss_single mwm_halo science 0 0 0.0 0.0 -999 ""
FIBERMAP 59 R+4C8 METROLOGY 0 0 0 1 0 0 -80.68565899753509 70.19680999763752 143.1 -43.58973962129915 97.62593085500119 316.00433 120.745926 -999.0 -999.0 -999.0 -999.0 -999.0 256.05084453347064 18.56097745396845 255.9803762627796 18.530718952093313 28.271793675704807 85.2394007034938 -999.0 6231.0 -999.0 -1 -999 {-999.0 -999.0 -999.0 -999.0 -999.0} "" -999.0 -999.0 -999.0 -999.0 -999 -999 "" "" "" "" 0 0 0.0 0.0 -999 ""
FIBERMAP 63 R+5C19 APOGEE 0 0 0 1 0 0 155.9403843058896 105.49811295027615 143.1 185.81573016907026 29.974119733176433 157.07425 104.78173 -999.0 -999.0 -999.0 -999.0 -999.0 257.14821635507917 18.24768862888581 257.07771933764366 18.220587899691953 27.20675098983181 84.99614648286467 -999.0 16600.0 -999.0 2 -999 {-999.0 -999.0 -999.0 -999.0 -999.0} "" -999.0 -999.0 -999.0 -999.0 -999 -999 "" "" "" "" 0 0 0.0 0.0 -999 ""
FIBERMAP 63 R+5C19 BOSS 1 1 0 1 0 0 156.0363309134066 106.2440213568176 143.1 186.21686872380715 30.60999138494561 157.07425 104.78173 257.15063485193826 18.2504221552984 -24.506258 -14.975245 0.39745224 257.1505624778258 18.250380153737694 257.07968910699157 18.22347148882758 27.206460460128604 84.9922953538306 5400.0 5400.0 2016.0 1 204 {-999.0 18.321075 17.912651 17.748772 17.679749} sdss_psfmag_from_gaia 18.2477 17.9262 17.414 16.249 63050395765411509 971308535 "" ops_std_boss_gdr2 ops_std standard_boss 0 0 0.0 0.0 -999 ""
FIBERMAP 63 R+5C19 METROLOGY 0 0 0 1 0 0 156.63219275512432 105.77751060609891 143.1 186.56063258830443 29.93607332926579 157.07425 104.78173 -999.0 -999.0 -999.0 -999.0 -999.0 257.1520614740306 18.24735750354161 257.0812982064922 18.220401711429275 27.203665279743525 84.99452910553111 -999.0 6231.0 -999.0 -1 -999 {-999.0 -999.0 -999.0 -999.0 -999.0} "" -999.0 -999.0 -999.0 -999.0 -999 -999 "" "" "" "" 0 0 0.0 0.0 -999 ""
FIBERMAP 65 R+5C14 APOGEE 1 1 0 1 0 0 35.19748554181553 96.47407744573988 143.1 72.54313981869022 72.64475126804601 237.7772 47.521675 256.6080257518645 18.445586500943502 -1.7754422 -4.6133723 2.8715181 256.60802050253915 18.44557356167139 256.5375548505376 18.4168305953136 27.751575906900854 85.07284966576368 16000.0 16600.0 2016.0 2 41 {-999.0 10.817992 10.428545 10.307248 -999.0} sdss_psfmag_from_g3xp 10.752491 10.449504 9.978221 9.183 63050395765417074 975093876 "" ops_std_apogee ops_std standard_apogee 0 0 0.0 0.0 -999 ""
FIBERMAP 65 R+5C14 BOSS 0 0 0 1 0 0 35.00409069343901 97.19115251335435 143.1 72.66980233337972 73.3763406581859 237.7772 47.521675 -999.0 -999.0 -999.0 -999.0 -999.0 256.6090373509303 18.448749941174253 256.5382019353042 18.420190301810877 27.752610655866384 85.06917176698698 -999.0 5400.0 -999.0 1 159 {-999.0 -999.0 -999.0 -999.0 -999.0} "" -999.0 -999.0 -999.0 -999.0 -999 -999 "" "" "" "" 0 0 0.0 0.0 -999 ""
FIBERMAP 65 R+5C14 METROLOGY 0 0 0 1 0 0 35.71477071148218 97.01127958095887 143.1 73.23838746227001 72.91394683513367 237.7772 47.521675 -999.0 -999.0 -999.0 -999.0 -999.0 256.6116484712314 18.44667646438472 256.54091773549465 18.418073809441175 27.749342039300345 85.06991696488831 -999.0 6231.0 -999.0 -1 -999 {-999.0 -999.0 -999.0 -999.0 -999.0} "" -999.0 -999.0 -999.0 -999.0 -999 -999 "" "" "" "" 0 0 0.0 0.0 -999 ""
FIBERMAP 71 R-4C9 APOGEE 1 1 0 1 0 0 -78.02387016606842 -91.37865091953856 143.1 -109.22584557985735 -49.9881221244019 262.03494 82.86312 255.7357122811818 17.889457420534164 6.416955 -9.235376 0.7060608 255.735731193405 17.88943151777955 255.66754378646436 17.858432267760957 28.218023256246653 86.07156051975211 16000.0 16600.0 2016.0 2 270 {-999.0 12.312047 11.610802 11.308515 -999.0} sdss_psfmag_from_g3xp 12.118029 11.62381 10.956926 9.595 63050395765405654 1107947417 bright_1x1 mwm_tess_rgb_apogee mwm_tessrgb science 0 0 0.0 0.0 -999 ""
FIBERMAP 71 R-4C9 BOSS 0 0 0 1 0 0 -78.74423110746297 -91.1775870012542 143.1 -109.79428311916095 -49.502438177027095 262.03494 82.86312 -999.0 -999.0 -999.0 -999.0 -999.0 255.73331377531858 17.891441503289943 255.66477229367536 17.860613687815217 28.22137873865215 86.07079276724687 -999.0 5400.0 -999.0 1 462 {-999.0 -999.0 -999.0 -999.0 -999.0} "" -999.0 -999.0 -999.0 -999.0 -999 -999 "" "" "" "" 0 0 0.0 0.0 -999 ""
FIBERMAP 71 R-4C9 METROLOGY 0 0 0 1 0 0 -78.21035097276105 -90.65787803661368 143.1 -109.09135704396348 -49.2560920267664 262.03494 82.86312 -999.0 -999.0 -999.0 -999.0 -999.0 255.73657797265076 17.89261359883719 255.66812978469488 17.861743835196254 28.219096008789492 86.06794902177103 -999.0 6231.0 -999.0 -1 -999 {-999.0 -999.0 -999.0 -999.0 -999.0} "" -999.0 -999.0 -999.0 -999.0 -999 -999 "" "" "" "" 0 0 0.0 0.0 -999 ""
FIBERMAP 78 R-5C11 APOGEE 0 0 0 1 0 0 2.8425794701196363 -103.26997116063254 143.1 -40.91614100073535 -94.82730005699895 353.88138 99.404106 -999.0 -999.0 -999.0 -999.0 -999.0 256.06217744582443 17.684876997036085 255.9941898032298 17.65489667328374 27.84765434794081 86.10787046086205 -999.0 16600.0 -999.0 2 160 {-999.0 -999.0 -999.0 -999.0 -999.0} "" -999.0 -999.0 -999.0 -999.0 -999 -999 "" ops_sky_apogee_best_unassigned ops_sky sky_apogee 0 0 0.0 0.0 -999 ""
FIBERMAP 78 R-5C11 BOSS 1 1 0 1 0 0 2.8905370357565463 -104.00521474563072 143.1 -41.18231667065229 -95.51410936153708 353.88138 99.404106 256.0612464484917 17.6815455504838 -2.8153403 -5.778216 0.271605 256.0612381606973 17.68152934413782 255.99290432432383 17.65173034982572 27.847231307419037 86.11168023083009 5400.0 5400.0 2016.0 1 366 {-999.0 18.689789 18.323936 18.159388 -999.0} sdss_psfmag 18.620329 18.309965 17.828949 -999.0 63050395765399738 979543194 "" ops_std_boss ops_std standard_boss 0 0 0.0 0.0 -999 ""
FIBERMAP 78 R-5C11 METROLOGY 0 0 0 1 0 0 2.2211728781782423 -103.68027575539104 143.1 -41.65234632127779 -94.9375915089021 353.88138 99.404106 -999.0 -999.0 -999.0 -999.0 -999.0 256.058896559019 17.684215996495947 255.99065890220754 17.65435741120081 27.850360847669386 86.11021196707816 -999.0 6231.0 -999.0 -1 -999 {-999.0 -999.0 -999.0 -999.0 -999.0} "" -999.0 -999.0 -999.0 -999.0 -999 -999 "" "" "" "" 0 0 0.0 0.0 -999 ""
FIBERMAP 86 R-12C11 APOGEE 0 0 0 1 0 0 76.52981405857179 -243.0164228141652 143.1 -32.96320834112005 -252.56320956929812 318.83215 112.51135 -999.0 -999.0 -999.0 -999.0 -999.0 256.09988844071114 16.973008608715208 256.033654188927 16.943446002038463 27.47534396764579 86.793684040605 -999.0 16600.0 -999.0 2 -999 {-999.0 -999.0 -999.0 -999.0 -999.0} "" -999.0 -999.0 -999.0 -999.0 -999 -999 "" "" "" "" 0 0 0.0 0.0 -999 ""
FIBERMAP 86 R-12C11 BOSS 1 1 0 1 0 0 76.2812801564637 -243.72178612238363 143.1 -33.48561469911464 -253.09805689893759 318.83215 112.51135 256.09778492130016 16.970441067487794 -4.2622223 -5.493011 0.1206342 256.09777242266347 16.970425661064823 256.03118799740594 16.94104555860163 27.47626406480144 86.79733315884049 5400.0 5400.0 2016.0 1 407 {-999.0 15.734129 14.892256 14.56785 -999.0} sdss_psfmag_from_g3xp 15.481537 14.920329 14.210459 12.708 63050395763844395 1061611542 bright_1x1 manual_mwm_halo_distant_kgiant_near_boss_single mwm_halo science 0 0 0.0 0.0 -999 ""
FIBERMAP 86 R-12C11 METROLOGY 0 0 0 1 0 0 75.79837755166487 -243.16360507150492 143.1 -33.68835560274517 -252.38859974142733 318.83215 112.51135 -999.0 -999.0 -999.0 -999.0 -999.0 256.09671038003916 16.97365343225451 256.0302205280682 16.94421573928514 27.478595668064287 86.7946969649148 -999.0 6231.0 -999.0 -1 -999 {-999.0 -999.0 -999.0 -999.0 -999.0} "" -999.0 -999.0 -999.0 -999.0 -999 -999 "" "" "" "" 0 0 0.0 0.0 -999 ""
FIBERMAP 97 R-4C15 APOGEE 0 0 0 1 0 0 52.92614449050136 -79.82037417649944 143.1 14.368391228980041 -94.65992240877236 197.31596 108.51126 -999.0 -999.0 -999.0 -999.0 -999.0 256.3264741001822 17.684907753842406 256.2582260799727 17.655684503236188 27.62653491975084 85.97224773093683 -999.0 16600.0 -999.0 2 191 {-999.0 -999.0 -999.0 -999.0 -999.0} "" -999.0 -999.0 -999.0 -999.0 -999 -999 "" ops_sky_apogee_best_unassigned ops_sky sky_apogee 0 0 0.0 0.0 -999 ""
FIBERMAP 97 R-4C15 BOSS 1 1 0 1 0 0 52.486507478812136 -79.22621132873128 143.1 14.220031402332356 -93.93606403673316 197.31596 108.51126 256.3261413574219 17.687968638069506 -999.0 -999.0 -999.0 256.3261413574219 17.687968638069506 256.2575270068336 17.6589274762265 27.628660044649806 85.96938241491239 5400.0 5400.0 2015.5 1 314 {-999.0 -999.0 -999.0 -999.0 -999.0} "" -999.0 -999.0 -999.0 -999.0 27021603155082692 813300544 "" ops_sky_boss_good ops_sky sky_boss 0 0 0.0 0.0 -999 ""
FIBERMAP 97 R-4C15 METROLOGY 0 0 0 1 0 0 53.228587540241406 -79.13652019095179 143.1 14.93061561458885 -94.16728106737429 197.31596 108.51126 -999.0 -999.0 -999.0 -999.0 -999.0 256.32943265924246 17.686968416599473 256.2609192028925 17.657884909159108 27.62531994532366 85.96868725105804 -999.0 6231.0 -999.0 -1 -999 {-999.0 -999.0 -999.0 -999.0 -999.0} "" -999.0 -999.0 -999.0 -999.0 -999 -999 "" "" "" "" 0 0 0.0 0.0 -999 ""
FIBERMAP 103 R-8C3 APOGEE 1 1 0 1 0 0 -143.7270888749948 -168.72820570681787 143.1 -201.37260476048144 -92.44569953078137 355.48334 68.97421 255.29876198712154 17.697251093817346 5.906267 -0.8752324 1.8634616 255.2987793755032 17.697248639024448 255.23150488501173 17.6650898065377 28.492472335509795 86.48829689594345 16000.0 16600.0 2016.0 2 267 {-999.0 10.948799 9.985922 9.632201 -999.0} sdss_psfmag_from_g3xp 10.63417 10.02039 9.273443 7.71 63050395765419605 1110598938 bright_1x1 mwm_tess_rgb_apogee mwm_tessrgb science 0 0 0.0 0.0 -999 ""
FIBERMAP 103 R-8C3 BOSS 0 0 0 1 0 0 -144.0253276721851 -169.40400025875587 143.1 -201.9276230181382 -92.93280442686755 355.48334 68.97421 -999.0 -999.0 -999.0 -999.0 -999.0 255.29648307247518 17.69485254651067 255.22886981580882 17.662865889868964 28.49363103315506 86.49187824516872 -999.0 5400.0 -999.0 1 476 {-999.0 -999.0 -999.0 -999.0 -999.0} "" -999.0 -999.0 -999.0 -999.0 -999 -999 "" "" "" "" 0 0 0.0 0.0 -999 ""
FIBERMAP 103 R-8C3 METROLOGY 0 0 0 1 0 0 -144.47846071885024 -168.80448504487595 143.1 -202.08596486381649 -92.19840929600626 355.48334 68.97421 -999.0 -999.0 -999.0 -999.0 -999.0 255.29562187354668 17.698232454986645 255.22809908854913 17.666191619424964 28.495852377227912 86.48894063604826 -999.0 6231.0 -999.0 -1 -999 {-999.0 -999.0 -999.0 -999.0 -999.0} "" -999.0 -999.0 -999.0 -999.0 -999 -999 "" "" "" "" 0 0 0.0 0.0 -999 ""
FIBERMAP 107 R-3C24 APOGEE 0 0 0 1 0 0 248.33109181197818 -54.512060259983414 143.1 202.19193067923413 -154.01116040671252 127.479324 143.80205 -999.0 -999.0 -999.0 -999.0 -999.0 257.2169399006205 17.41369281386565 257.14848659383404 17.387159563998598 26.752083683870126 85.78357346055225 -999.0 16600.0 -999.0 2 222 {-999.0 -999.0 -999.0 -999.0 -999.0} "" -999.0 -999.0 -999.0 -999.0 -999 -999 "" ops_sky_apogee_best_unassigned ops_sky sky_apogee 0 0 0.0 0.0 -999 ""
FIBERMAP 107 R-3C24 BOSS 1 1 0 1 0 0 248.3160827197326 -53.768927230894434 143.1 202.49130194164192 -153.33107474896994 127.479324 143.80205 257.2187805175781 17.416549534866405 -999.0 -999.0 -999.0 257.2187805175781 17.416549534866405 257.14994682678486 17.390212852198047 26.752316396996683 85.7798239824944 5400.0 5400.0 2015.5 1 253 {-999.0 -999.0 -999.0 -999.0 -999.0} "" -999.0 -999.0 -999.0 -999.0 27021603154857835 813276346 "" ops_sky_boss_good ops_sky sky_boss 0 0 0.0 0.0 -999 ""
FIBERMAP 107 R-3C24 METROLOGY 0 0 0 1 0 0 248.97402290267075 -54.132408600830296 143.1 202.93474142042226 -153.93772585462736 127.479324 143.80205 -999.0 -999.0 -999.0 -999.0 -999.0 257.2207160301444 17.413872772900195 257.1519922484281 17.387488386972304 26.74930076235016 85.78146182016548 -999.0 6231.0 -999.0 -1 -999 {-999.0 -999.0 -999.0 -999.0 -999.0} "" -999.0 -999.0 -999.0 -999.0 -999 -999 "" "" "" "" 0 0 0.0 0.0 -999 ""
FIBERMAP 110 R-1C13 APOGEE 0 0 0 1 0 0 -2.00060215272633 -17.724704912671307 143.1 -9.278823858072359 -15.227594038507675 336.0174 146.46117 -999.0 -999.0 -999.0 -999.0 -999.0 256.2142075245686 18.046874024929014 256.1451502439793 18.01717322012723 27.892396816794523 85.66991074411857 -999.0 16600.0 -999.0 2 162 {-999.0 -999.0 -999.0 -999.0 -999.0} "" -999.0 -999.0 -999.0 -999.0 -999 -999 "" "" "" "" 0 0 0.0 0.0 -999 ""
FIBERMAP 110 R-1C13 BOSS 1 1 0 1 0 0 -1.5975336337719013 -18.344400780852446 143.1 -9.174372530285995 -15.959200765433787 336.0174 146.46117 256.2151225529183 18.043389196729354 -24.505627 -14.815113 4.397035 256.21505026633105 18.04334764429727 256.145645962772 18.0138316255104 27.890404700262984 85.67299270441647 5400.0 5400.0 2016.0 1 346 {-999.0 17.713787 16.35924 15.395695 -999.0} sdss_psfmag 16.823915 16.04081 14.54113 12.316 63050395765413746 1094680680 bright_1x1 mwm_bin_vis_boss mwm_filler science 0 0 0.0 0.0 -999 ""
FIBERMAP 110 R-1C13 METROLOGY 0 0 0 1 0 0 -2.336796856032617 -18.398959511173157 143.1 -9.867606413319473 -15.697317148659444 336.0174 146.46117 -999.0 -999.0 -999.0 -999.0 -999.0 256.21163006882716 18.04460297149737 256.1423257747273 18.015025695041594 27.893751919385494 85.67348692478674 -999.0 6231.0 -999.0 -1 -999 {-999.0 -999.0 -999.0 -999.0 -999.0} "" -999.0 -999.0 -999.0 -999.0 -999 -999 "" "" "" "" 0 0 0.0 0.0 -999 ""
FIBERMAP 114 R-12C15 APOGEE 0 0 0 1 0 0 164.56456875909333 -232.56311617175587 143.1 51.25637276709623 -280.1625630980316 295.86526 166.09581 -999.0 -999.0 -999.0 -999.0 -999.0 256.4977969177137 16.849123389400084 256.43147674309205 16.820760444129704 27.082486865282732 86.7092557665776 -999.0 16600.0 -999.0 2 236 {-999.0 -999.0 -999.0 -999.0 -999.0} "" -999.0 -999.0 -999.0 -999.0 -999 -999 "" "" "" "" 0 0 0.0 0.0 -999 ""
FIBERMAP 114 R-12C15 BOSS 1 1 0 1 0 0 164.70715882879148 -233.29306598781682 143.1 51.078225552286185 -280.8844283912813 295.86526 166.09581 256.4973301391981 16.845817979671704 -12.263564 -27.212812 0.6909227 256.49729420102716 16.84574165502837 256.43061881741846 16.817569782353306 27.08167414986513 86.71284181809997 5400.0 5400.0 2016.0 1 258 {-999.0 14.663379 13.910077 13.620546 -999.0} sdss_psfmag_from_g3xp 14.450454 13.940132 13.2716875 11.9 63050395763843120 1072498278 bright_1x1 mwm_halo_local_high_boss_single mwm_halo science 0 0 0.0 0.0 -999 ""
FIBERMAP 114 R-12C15 METROLOGY 0 0 0 1 0 0 163.99475101239676 -233.04903780961592 143.1 50.535093653184546 -280.3631402866834 295.86526 166.09581 -999.0 -999.0 -999.0 -999.0 -999.0 256.4946440578919 16.848111258829864 256.42806845282155 16.819876585432908 27.08492345494875 86.71188693577335 -999.0 6231.0 -999.0 -1 -999 {-999.0 -999.0 -999.0 -999.0 -999.0} "" -999.0 -999.0 -999.0 -999.0 -999 -999 "" "" "" "" 0 0 0.0 0.0 -999 ""
FIBERMAP 115 R-11C13 APOGEE 1 1 0 1 0 0 84.36979989583187 -220.1272519179039 143.1 -16.215008685823733 -235.11255860155603 234.28812 81.07436 256.1793287029607 17.0507806294384 -15.840094 -9.576342 1.0448695 256.17928223318575 17.05075377036328 256.112775628785 17.021384741441278 27.446256075760736 86.67573012958508 16000.0 16600.0 2016.0 2 166 {-999.0 11.315209 10.491671 10.191418 -999.0} sdss_psfmag_from_g3xp 11.073356 10.53232 9.838501 8.425 63050395763844625 1107243759 bright_1x1 mwm_tess_rgb_apogee mwm_tessrgb science 0 0 0.0 0.0 -999 ""
FIBERMAP 115 R-11C13 BOSS 0 0 0 1 0 0 83.83922276406021 -219.61201700326745 143.1 -16.479061157513872 -234.4219600285252 234.28812 81.07436 -999.0 -999.0 -999.0 -999.0 -999.0 256.17839100401363 17.053629419453628 256.11151821368435 17.024444160428885 27.448776383349312 86.67335211355396 -999.0 5400.0 -999.0 1 395 {-999.0 -999.0 -999.0 -999.0 -999.0} "" -999.0 -999.0 -999.0 -999.0 -999 -999 "" "" "" "" 0 0 0.0 0.0 -999 ""
FIBERMAP 115 R-11C13 METROLOGY 0 0 0 1 0 0 84.55340959461321 -219.4042500607567 143.1 -15.744037420169539 -234.53437561376975 234.28812 81.07436 -999.0 -999.0 -999.0 -999.0 -999.0 256.18177484928236 17.053175229063836 256.11500170480326 17.023946775732586 27.445613978991112 86.67204714340448 -999.0 6231.0 -999.0 -1 -999 {-999.0 -999.0 -999.0 -999.0 -999.0} "" -999.0 -999.0 -999.0 -999.0 -999 -999 "" "" "" "" 0 0 0.0 0.0 -999 ""
FIBERMAP 117 R-1C9 APOGEE 1 1 0 1 0 0 -112.04060629334619 -30.758466470136685 143.1 -114.53633772118245 19.29995269136232 244.73172 96.55548 255.71009487318597 18.204791371593057 1.6436772 -3.7683482 0.5956831 255.71009972617114 18.204780802386946 255.64113211115588 18.173575345960675 28.388689531281685 85.76930731896093 16000.0 16600.0 2016.0 2 244 {-999.0 13.324385 12.439527 12.091891 -999.0} sdss_psfmag_from_g3xp 13.047215 12.461241 11.732601 10.164 63050395765423489 1106553791 bright_1x1 mwm_tess_rgb_apogee mwm_tessrgb science 0 0 0.0 0.0 -999 ""
FIBERMAP 117 R-1C9 BOSS 0 0 0 1 0 0 -112.75034117157853 -30.540576425010485 143.1 -115.08805457629055 19.796416818048385 244.73172 96.55548 -999.0 -999.0 -999.0 -999.0 -999.0 255.707755847269 18.20687021627022 255.6384352290313 18.175834235868606 28.3920129004035 85.76841012734235 -999.0 5400.0 -999.0 1 481 {-999.0 -999.0 -999.0 -999.0 -999.0} "" -999.0 -999.0 -999.0 -999.0 -999 -999 "" "" "" "" 0 0 0.0 0.0 -999 ""
FIBERMAP 117 R-1C9 METROLOGY 0 0 0 1 0 0 -112.20720481765537 -30.026650358683618 143.1 -114.37917185097218 20.03362151465017 244.73172 96.55548 -999.0 -999.0 -999.0 -999.0 -999.0 255.7110566543951 18.207999964484223 255.64182900490096 18.176922755638905 28.389678599254694 85.76559508679645 -999.0 6231.0 -999.0 -1 -999 {-999.0 -999.0 -999.0 -999.0 -999.0} "" -999.0 -999.0 -999.0 -999.0 -999 -999 "" "" "" "" 0 0 0.0 0.0 -999 ""
FIBERMAP 119 R0C6 APOGEE 0 0 0 1 0 0 -177.4617475399521 -14.825335504206349 143.1 -167.1402377827 61.298678441422055 290.91202 103.86741 -999.0 -999.0 -999.0 -999.0 -999.0 255.45899025281122 18.395283399206267 255.3897771725683 18.36328588039213 28.68848661860593 85.70610488228908 -999.0 16600.0 -999.0 2 -999 {-999.0 -999.0 -999.0 -999.0 -999.0} "" -999.0 -999.0 -999.0 -999.0 -999 -999 "" "" "" "" 0 0 0.0 0.0 -999 ""
FIBERMAP 119 R0C6 BOSS 1 1 0 1 0 0 -178.04194284777586 -15.26957062747088 143.1 -167.85336898065916 61.140267123784355 290.91202 103.86741 255.45556842740282 18.394614912238687 -9.783798 -77.11709 18.987543 255.4558806383265 18.394398619487035 255.38633152203346 18.36256478803896 28.69103817441487 85.70857734468662 5400.0 5400.0 2016.0 1 494 {-999.0 15.305052 13.934305 12.653217 -999.0} sdss_psfmag_from_g3xp 14.770859 13.35727 12.189292 9.98 63050395765425076 1151003356 bright_1x1 mwm_snc_100pc_boss_single mwm_snc science 0 0 1.1653186082839966 0.0 -999 ""
FIBERMAP 119 R0C6 METROLOGY 0 0 0 1 0 0 -178.14230866711043 -14.519560206458465 143.1 -167.62849022557998 61.862537195945954 290.91202 103.86741 -999.0 -999.0 -999.0 -999.0 -999.0 255.45686889524413 18.39772546422644 255.38740354910817 18.36584571870245 28.6916759756895 85.70472954970455 -999.0 6231.0 -999.0 -1 -999 {-999.0 -999.0 -999.0 -999.0 -999.0} "" -999.0 -999.0 -999.0 -999.0 -999 -999 "" "" "" "" 0 0 0.0 0.0 -999 ""
FIBERMAP 120 R-7C13 APOGEE 0 0 0 1 0 0 49.585844077413164 -142.512935527179 143.1 -15.063822714114755 -150.09356543590866 184.68303 151.55391 -999.0 -999.0 -999.0 -999.0 -999.0 256.18531184667177 17.433774028060306 256.11783746035576 17.404254947524556 27.624813016098933 86.29374089226405 -999.0 16600.0 -999.0 2 163 {-999.0 -999.0 -999.0 -999.0 -999.0} "" -999.0 -999.0 -999.0 -999.0 -999 -999 "" ops_sky_apogee_best_unassigned ops_sky sky_apogee 0 0 0.0 0.0 -999 ""
FIBERMAP 120 R-7C13 BOSS 1 1 0 1 0 0 48.90075521611541 -142.2076919094018 143.1 -15.556404167793808 -149.52828182198064 184.68303 151.55391 256.1833190917969 17.43609771063386 -999.0 -999.0 -999.0 256.1833190917969 17.43609771063386 256.1154827558813 17.4067569205454 27.627980171215313 86.29246501531567 5400.0 5400.0 2015.5 1 354 {-999.0 -999.0 -999.0 -999.0 -999.0} "" -999.0 -999.0 -999.0 -999.0 27021603155082308 813300498 "" ops_sky_boss_good ops_sky sky_boss 0 0 0.0 0.0 -999 ""
FIBERMAP 120 R-7C13 METROLOGY 0 0 0 1 0 0 49.49121534053634 -141.77001343434964 143.1 -14.836727745021463 -149.3801382640838 184.68303 151.55391 -999.0 -999.0 -999.0 -999.0 -999.0 256.18665175291414 17.436821480488994 256.11891168252873 17.407437517361338 27.625426850133444 86.29003125636439 -999.0 6231.0 -999.0 -1 -999 {-999.0 -999.0 -999.0 -999.0 -999.0} "" -999.0 -999.0 -999.0 -999.0 -999 -999 "" "" "" "" 0 0 0.0 0.0 -999 ""
FIBERMAP 124 R-6C12 APOGEE 0 0 0 1 0 0 17.15662033017274 -109.54535878154769 143.1 -30.58121529602085 -106.54543276349345 78.64439 155.19043 -999.0 -999.0 -999.0 -999.0 -999.0 256.1115135364035 17.63150130658121 256.0436125434426 17.601685146776973 27.780945727365108 86.1355654443093 -999.0 16600.0 -999.0 2 -999 {-999.0 -999.0 -999.0 -999.0 -999.0} "" -999.0 -999.0 -999.0 -999.0 -999 -999 "" "" "" "" 0 0 0.0 0.0 -999 ""
FIBERMAP 124 R-6C12 BOSS 1 1 0 1 0 0 17.590389436985493 -108.94629981975835 143.1 -29.935636071739896 -106.18498068514297 78.64439 155.19043 256.11496318977237 17.6329048776789 -7.43608 -2.945328 0.19584313 256.11494130536516 17.63289661682262 256.04667696179615 17.603272924042905 27.77912846639751 86.13241889900527 5400.0 5400.0 2016.0 1 378 {-999.0 16.333443 15.47927 15.152193 -999.0} sdss_psfmag 16.051426 15.494898 14.790295 13.386 63050395765399651 1061551326 bright_1x1 manual_mwm_halo_distant_kgiant_near_boss_single mwm_halo science 0 0 0.0 0.0 -999 ""
FIBERMAP 124 R-6C12 METROLOGY 0 0 0 1 0 0 17.899188644508577 -109.61784518755755 143.1 -29.938491408735594 -106.92389431734586 78.64439 155.19043 -999.0 -999.0 -999.0 -999.0 -999.0 256.1148257197414 17.62960122044651 256.0466707336906 17.599926720628208 27.77754535874226 86.13575092048097 -999.0 6231.0 -999.0 -1 -999 {-999.0 -999.0 -999.0 -999.0 -999.0} "" -999.0 -999.0 -999.0 -999.0 -999 -999 "" "" "" "" 0 0 0.0 0.0 -999 ""
FIBERMAP 126 R-7C19 APOGEE 0 0 0 1 0 0 181.70656176021652 -127.90532290742166 143.1 110.87610053629413 -192.49372919994232 126.32005 127.79163 -999.0 -999.0 -999.0 -999.0 -999.0 256.7833700440473 17.240906506128475 256.7157862079798 17.213193913074527 27.03194503322306 86.1761943658214 -999.0 16600.0 -999.0 2 -999 {-999.0 -999.0 -999.0 -999.0 -999.0} "" -999.0 -999.0 -999.0 -999.0 -999 -999 "" "" "" "" 0 0 0.0 0.0 -999 ""
FIBERMAP 126 R-7C19 BOSS 1 1 0 1 0 0 181.88678191738882 -127.18609881145733 143.1 111.34240761204752 -191.9175437880055 126.32005 127.79163 256.78599630393853 17.243287381650372 -1.1161708 -6.162919 0.1756362 256.7859930260536 17.243270096315356 256.71803426444774 17.21575452958618 27.031282960282923 86.17251709886483 5400.0 5400.0 2016.0 1 320 {-999.0 15.790965 14.975447 14.644691 -999.0} sdss_psfmag_from_g3xp 15.54921 14.996121 14.2868805 12.787 63050395763846778 1061611546 bright_1x1 manual_mwm_halo_distant_kgiant_near_boss_single mwm_halo science 0 0 0.0 0.0 -999 ""
FIBERMAP 126 R-7C19 METROLOGY 0 0 0 1 0 0 182.42710134835082 -127.7117132939127 143.1 111.61092149808958 -192.6216561210242 126.32005 127.79163 -999.0 -999.0 -999.0 -999.0 -999.0 256.7871247520228 17.2401618642813 256.7192763561152 17.212597006153278 27.028731433549595 86.17499388628829 -999.0 6231.0 -999.0 -1 -999 {-999.0 -999.0 -999.0 -999.0 -999.0} "" -999.0 -999.0 -999.0 -999.0 -999 -999 "" "" "" "" 0 0 0.0 0.0 -999 ""
FIBERMAP 129 R-6C21 APOGEE 1 1 0 1 0 0 226.09754419775112 -106.74108374743042 143.1 160.03692539090594 -192.00088109812373 48.78375 142.06996 257.0158240243322 17.24277988790025 -92.646515 58.33197 10.123589 257.0158466350756 17.242943493248834 256.94802687519456 17.21590193828892 26.838401667566814 86.05455563571908 16000.0 16600.0 2016.0 2 194 {-999.0 8.987549 8.389237 8.153662 -999.0} sdss_psfmag_from_g3xp 8.845703 8.42449 7.817298 6.661 63050395763842262 984749408 bright_1x1 mwm_snc_100pc_apogee mwm_snc science 0 0 1.0131962299346924 0.0 -999 ""
FIBERMAP 129 R-6C21 BOSS 0 0 0 1 0 0 226.81846849570735 -106.57064510325912 143.1 160.7623364220238 -192.14997809219955 48.78375 142.06996 -999.0 -999.0 -999.0 -999.0 -999.0 257.0196453461347 17.242061881227723 256.9514518643132 17.21522504622733 26.83520470814478 86.05346842411808 -999.0 5400.0 -999.0 1 333 {-999.0 -999.0 -999.0 -999.0 -999.0} "" -999.0 -999.0 -999.0 -999.0 -999 -999 "" "" "" "" 0 0 0.0 0.0 -999 ""
FIBERMAP 129 R-6C21 METROLOGY 0 0 0 1 0 0 226.60207358444816 -107.28704486068494 143.1 160.26442087103325 -192.70836737890193 48.78375 142.06996 -999.0 -999.0 -999.0 -999.0 -999.0 257.01715350684026 17.239613574735138 256.9490734065639 17.212716135462784 26.836000107558476 86.05715541414389 -999.0 6231.0 -999.0 -1 -999 {-999.0 -999.0 -999.0 -999.0 -999.0} "" -999.0 -999.0 -999.0 -999.0 -999 -999 "" "" "" "" 0 0 0.0 0.0 -999 ""
FIBERMAP 130 R-9C15 APOGEE 0 0 0 1 0 0 138.24133628119017 -185.04046163043867 143.1 47.405044614409164 -225.98962437421616 2.5174007 74.196304 -999.0 -999.0 -999.0 -999.0 -999.0 256.4811938378487 17.09087459777526 256.4142871609206 17.06235639164435 27.212789455133873 86.47987754413009 -999.0 16600.0 -999.0 2 -999 {-999.0 -999.0 -999.0 -999.0 -999.0} "" -999.0 -999.0 -999.0 -999.0 -999 -999 "" "" "" "" 0 0 0.0 0.0 -999 ""
FIBERMAP 130 R-9C15 BOSS 1 1 0 1 0 0 138.08812082733263 -185.7562449939205 143.1 46.96467056149579 -226.57406358486827 2.5174007 74.196304 256.4794674106488 17.088027136399234 -2.6774943 2.4364502 0.3686644 256.47945955416634 17.088033969988544 256.41219869069766 17.059701339116504 27.213271168589394 86.48357356445374 5400.0 5400.0 2016.0 1 265 {-999.0 17.341022 16.93311 16.769276 -999.0} sdss_psfmag 17.269882 16.944279 16.447744 15.488 63050395763843857 980474369 "" ops_std_boss_tic ops_std standard_boss 0 0 0.0 0.0 -999 ""
FIBERMAP 130 R-9C15 METROLOGY 0 0 0 1 0 0 137.53140120310977 -185.269926585111 143.1 46.664737368813384 -225.89867205071712 2.5174007 74.196304 -999.0 -999.0 -999.0 -999.0 -999.0 256.4779515042389 17.091125239361464 256.410787176551 17.062733256260362 27.215907410166814 86.48130684698867 -999.0 6231.0 -999.0 -1 -999 {-999.0 -999.0 -999.0 -999.0 -999.0} "" -999.0 -999.0 -999.0 -999.0 -999 -999 "" "" "" "" 0 0 0.0 0.0 -999 ""
FIBERMAP 136 R-10C12 APOGEE 0 0 0 1 0 0 53.18524195876161 -181.7984725215436 143.1 -28.345985998756202 -187.22787687150756 178.84718 70.114975 -999.0 -999.0 -999.0 -999.0 -999.0 256.12185711912394 17.26616025223435 256.05486698513505 17.2365322691394 27.597709068476973 86.49247056255314 -999.0 16600.0 -999.0 2 -999 {-999.0 -999.0 -999.0 -999.0 -999.0} "" -999.0 -999.0 -999.0 -999.0 -999 -999 "" "" "" "" 0 0 0.0 0.0 -999 ""
FIBERMAP 136 R-10C12 BOSS 1 1 0 1 0 0 53.42824939011951 -181.12784098518924 143.1 -27.84321793536509 -186.72219169664257 178.84718 70.114975 256.12457820797346 17.268184252137715 7.2060094 3.5796905 2.361928 256.12459937289026 17.268194292208246 256.05724405368704 17.2387587299957 27.596776593229286 86.48904029799817 5400.0 5400.0 2016.0 1 369 {-999.0 18.185917 16.704832 15.807286 -999.0} sdss_psfmag 17.577778 16.436848 15.372825 13.371 63050395765395154 1094641530 bright_1x1 mwm_bin_vis_boss mwm_filler science 0 0 0.0 0.0 -999 ""
FIBERMAP 136 R-10C12 METROLOGY 0 0 0 1 0 0 53.921499735298084 -181.67769807473735 143.1 -27.6275894780739 -187.42845997673587 178.84718 70.114975 -999.0 -999.0 -999.0 -999.0 -999.0 256.12552378412164 17.26506873080801 256.05827618181127 17.23558483231057 27.594395548664274 86.49165658048145 -999.0 6231.0 -999.0 -1 -999 {-999.0 -999.0 -999.0 -999.0 -999.0} "" -999.0 -999.0 -999.0 -999.0 -999 -999 "" "" "" "" 0 0 0.0 0.0 -999 ""
FIBERMAP 138 R-2C24 APOGEE 0 0 0 1 0 0 246.2762538148131 -30.285620660529393 143.1 210.53215711924108 -131.18074692364837 40.713818 155.91953 -999.0 -999.0 -999.0 -999.0 -999.0 257.2577007735336 17.51654199831293 257.1889477474632 17.490081182181438 26.767242699242146 85.66164294326654 -999.0 16600.0 -999.0 2 -999 {-999.0 -999.0 -999.0 -999.0 -999.0} "" -999.0 -999.0 -999.0 -999.0 -999 -999 "" "" "" "" 0 0 0.0 0.0 -999 ""
FIBERMAP 138 R-2C24 BOSS 1 1 0 1 0 0 246.98189968969453 -30.06369121776405 143.1 211.26540187191014 -131.27672489886962 40.713818 155.91953 257.261996600089 17.51586539424513 -157.52039 11.39746 9.578587 257.26153331682195 17.515897360525933 257.1924088600938 17.489639079192873 26.76413000916235 85.66031612385245 5400.0 5400.0 2016.0 1 260 {-999.0 17.18239 15.806119 14.60235 -999.0} sdss_psfmag 16.653362 15.307573 14.165074 12.125 63050395763856521 1095079391 bright_1x1 mwm_bin_vis_boss mwm_filler science 0 0 0.0 0.0 -999 ""
FIBERMAP 138 R-2C24 METROLOGY 0 0 0 1 0 0 246.82834944714492 -30.78746963509435 143.1 210.82135706953707 -131.86827185540014 40.713818 155.91953 -999.0 -999.0 -999.0 -999.0 -999.0 257.25929786276026 17.513289569271738 257.19028512464536 17.486972546365795 26.76463970037487 85.66402280526347 -999.0 6231.0 -999.0 -1 -999 {-999.0 -999.0 -999.0 -999.0 -999.0} "" -999.0 -999.0 -999.0 -999.0 -999 -999 "" "" "" "" 0 0 0.0 0.0 -999 ""
FIBERMAP 140 R-4C12 APOGEE 0 0 0 1 0 0 3.3171549638973317 -95.47198416728966 143.1 -37.201650352912125 -87.95709846975954 315.53024 76.764175 -999.0 -999.0 -999.0 -999.0 -999.0 256.0799570724773 17.71606478201521 256.0118729357828 17.68612188352946 27.847623832462645 86.06774243986752 -999.0 16600.0 -999.0 2 -999 {-999.0 -999.0 -999.0 -999.0 -999.0} "" -999.0 -999.0 -999.0 -999.0 -999 -999 "" "" "" "" 0 0 0.0 0.0 -999 ""
FIBERMAP 140 R-4C12 BOSS 1 1 0 1 0 0 2.7088747318087574 -95.88569789771937 143.1 -37.92739040717594 -88.07600915010696 315.53024 76.764175 256.07683433315987 17.71536932790117 -3.8784118 -22.580595 0.63158435 256.0768229137492 17.71530599538807 256.00838820028616 17.68553688496462 27.850269959906335 86.07010492576305 5400.0 5400.0 2016.0 1 365 {-999.0 15.560154 15.086267 14.926306 -999.0} sdss_psfmag 15.450751 15.0982065 14.571101 13.591 63050395765403897 1073337143 bright_1x1 mwm_halo_local_high_boss_single mwm_halo science 0 0 0.0 0.0 -999 ""
FIBERMAP 140 R-4C12 METROLOGY 0 0 0 1 0 0 2.64813717261617 -95.14171582872072 143.1 -37.669121450780516 -87.37589461938587 315.53024 76.764175 -999.0 -999.0 -999.0 -999.0 -999.0 256.07796350062154 17.718546467334708 256.009620040767 17.688727570978685 27.850748882502714 86.0662981825817 -999.0 6231.0 -999.0 -1 -999 {-999.0 -999.0 -999.0 -999.0 -999.0} "" -999.0 -999.0 -999.0 -999.0 -999 -999 "" "" "" "" 0 0 0.0 0.0 -999 ""
FIBERMAP 142 R0C2 APOGEE 0 0 0 1 0 0 -282.54149179448456 13.651909129794088 143.1 -250.4176591235264 131.37326508884408 180.60835 62.466373 -999.0 -999.0 -999.0 -999.0 -999.0 255.064954788515 18.70963867572215 254.99531062809297 18.676398782429107 29.165457487404097 85.58934712688045 -999.0 16600.0 -999.0 2 295 {-999.0 -999.0 -999.0 -999.0 -999.0} "" -999.0 -999.0 -999.0 -999.0 -999 -999 "" ops_sky_apogee_best_unassigned ops_sky sky_apogee 0 0 0.0 0.0 -999 ""
FIBERMAP 142 R0C2 BOSS 1 1 0 1 0 0 -282.15800627733506 14.287203759076089 143.1 -249.80240862561425 131.78774790537523 180.60835 62.466373 255.06820678710938 18.7113596461771 -999.0 -999.0 -999.0 255.06820678710938 18.711359646177097 254.9982144372541 18.678298000698568 29.16390730469403 85.58595558152453 5400.0 5400.0 2015.5 1 423 {-999.0 -999.0 -999.0 -999.0 -999.0} "" -999.0 -999.0 -999.0 -999.0 27021603155102717 813303036 "" ops_sky_boss_good ops_sky sky_boss 0 0 0.0 0.0 -999 ""
FIBERMAP 142 R0C2 METROLOGY 0 0 0 1 0 0 -281.7967093993336 13.63391914963275 143.1 -249.74997601354227 131.04328044122934 180.60835 62.466373 -999.0 -999.0 -999.0 -999.0 -999.0 255.06834496586563 18.7080590625737 254.99845747963434 18.67495105712153 29.16214511697438 85.58922477603119 -999.0 6231.0 -999.0 -1 -999 {-999.0 -999.0 -999.0 -999.0 -999.0} "" -999.0 -999.0 -999.0 -999.0 -999 -999 "" "" "" "" 0 0 0.0 0.0 -999 ""
FIBERMAP 144 R-4C4 APOGEE 0 0 0 1 0 0 -187.68574905326167 -73.29084906896868 143.1 -201.03331418115465 12.59665702505715 116.379745 147.5402 -999.0 -999.0 -999.0 -999.0 -999.0 255.29817020807366 18.173685634921117 255.22968132085612 18.141325294175623 28.718623704417134 86.01090765801177 -999.0 16600.0 -999.0 2 -999 {-999.0 -999.0 -999.0 -999.0 -999.0} "" -999.0 -999.0 -999.0 -999.0 -999 -999 "" "" "" "" 0 0 0.0 0.0 -999 ""
FIBERMAP 144 R-4C4 BOSS 1 1 0 1 0 0 -187.60957794635965 -72.54108319020801 143.1 -200.64848053930285 13.244354756024586 116.379745 147.5402 255.30028827566932 18.176569020110062 -2.6316469 -39.581196 0.5498611 255.3002805069489 18.176458005471513 255.2314377100872 18.144276922576974 28.7185373571319 86.00704248672629 5400.0 5400.0 2016.0 1 455 {-999.0 15.969859 15.655714 15.510781 -999.0} sdss_psfmag 15.918049 15.632999 15.175851 14.346 63050395765424203 1072706486 bright_1x1 mwm_halo_local_high_boss_single mwm_halo science 0 0 0.0 0.0 -999 ""
FIBERMAP 144 R-4C4 METROLOGY 0 0 0 1 0 0 -187.0062208798335 -72.98278504635458 143.1 -200.28747253959708 12.589773076325235 116.379745 147.5402 -999.0 -999.0 -999.0 -999.0 -999.0 255.301910713282 18.1735401830525 255.2331713360187 18.141315558949817 28.715691553286547 86.00914047037793 -999.0 6231.0 -999.0 -1 -999 {-999.0 -999.0 -999.0 -999.0 -999.0} "" -999.0 -999.0 -999.0 -999.0 -999 -999 "" "" "" "" 0 0 0.0 0.0 -999 ""
FIBERMAP 146 R-8C5 APOGEE 0 0 0 1 0 0 -98.41896078967613 -161.47103778605063 143.1 -157.23737474859408 -104.9480174985493 350.56064 102.7287 -999.0 -999.0 -999.0 -999.0 -999.0 255.50802188179208 17.64020569801462 255.4406886462259 17.60866489927783 28.290178935308518 86.43743434310778 -999.0 16600.0 -999.0 2 265 {-999.0 -999.0 -999.0 -999.0 -999.0} "" -999.0 -999.0 -999.0 -999.0 -999 -999 "" ops_sky_apogee_best_unassigned ops_sky sky_apogee 0 0 0.0 0.0 -999 ""
FIBERMAP 146 R-8C5 BOSS 1 1 0 1 0 0 -98.36710161162992 -162.21766388004912 143.1 -157.50480688575053 -105.64679000882842 350.56064 102.7287 255.50707435915348 17.636854114841274 -0.38572913 -7.6262937 0.1456371 255.5070732239266 17.63683272513297 255.43940037447734 17.605469844952317 28.289745634475324 86.4412902726545 5400.0 5400.0 2016.0 1 480 {-999.0 17.605747 17.198492 17.035233 16.966722} sdss_psfmag_from_gaia 17.5476 17.212 16.7154 15.541 63050395765402532 971308467 "" ops_std_boss_gdr2 ops_std standard_boss 0 0 0.0 0.0 -999 ""
FIBERMAP 146 R-8C5 METROLOGY 0 0 0 1 0 0 -99.03986569297848 -161.88626335212322 143.1 -157.9751977368089 -105.06298186003235 350.56064 102.7287 -999.0 -999.0 -999.0 -999.0 -999.0 255.5047378054554 17.6395397781056 255.43715922743104 17.608118326686856 28.292881939785566 86.43979185336786 -999.0 6231.0 -999.0 -1 -999 {-999.0 -999.0 -999.0 -999.0 -999.0} "" -999.0 -999.0 -999.0 -999.0 -999 -999 "" "" "" "" 0 0 0.0 0.0 -999 ""
FIBERMAP 147 R-3C3 APOGEE 0 0 0 1 0 0 -198.7105975334901 -72.66461188819078 143.1 -210.76528794085814 17.807683412904808 8.039879 53.277992 -999.0 -999.0 -999.0 -999.0 -999.0 255.2520183172018 18.197201425413272 255.18351374824078 18.16470078202338 28.768332501660623 86.0108777074235 -999.0 16600.0 -999.0 2 278 {-999.0 -999.0 -999.0 -999.0 -999.0} "" -999.0 -999.0 -999.0 -999.0 -999 -999 "" ops_sky_apogee_best_unassigned ops_sky sky_apogee 0 0 0.0 0.0 -999 ""
FIBERMAP 147 R-3C3 BOSS 1 1 0 1 0 0 -199.06797922942127 -73.32545748928676 143.1 -211.36763240518584 17.359040775401102 8.039879 53.277992 255.2494861959835 18.195110651340624 -5.837974 -44.52814 1.900846 255.24946896023386 18.194985761847 255.18062874212748 18.162652699001164 28.769790706501077 86.01440928405113 5400.0 5400.0 2016.0 1 442 {-999.0 19.090204 17.625652 16.865406 -999.0} sdss_psfmag 18.411446 17.618221 16.358252 14.455 63050395765422280 1094835393 bright_1x1 mwm_bin_vis_boss mwm_filler science 0 0 0.0 0.0 -999 ""
FIBERMAP 147 R-3C3 METROLOGY 0 0 0 1 0 0 -199.45840766374286 -72.66084563496787 143.1 -211.44170665020215 18.126047230794374 8.039879 53.277992 -999.0 -999.0 -999.0 -999.0 -999.0 255.24902218317436 18.198513285564065 255.18027039175217 18.166128351223385 28.771723651563505 86.0110910940291 -999.0 6231.0 -999.0 -1 -999 {-999.0 -999.0 -999.0 -999.0 -999.0} "" -999.0 -999.0 -999.0 -999.0 -999 -999 "" "" "" "" 0 0 0.0 0.0 -999 ""
FIBERMAP 148 R-10C10 APOGEE 0 0 0 1 0 0 21.256907950916204 -205.66967355123603 143.1 -67.34757222489083 -195.42379489839428 251.63809 130.62704 -999.0 -999.0 -999.0 -999.0 -999.0 255.93649930054633 17.229881441144066 255.8697826392604 17.19973847983298 27.735501074894763 86.62424996413307 -999.0 16600.0 -999.0 2 -999 {-999.0 -999.0 -999.0 -999.0 -999.0} "" -999.0 -999.0 -999.0 -999.0 -999 -999 "" "" "" "" 0 0 0.0 0.0 -999 ""
FIBERMAP 148 R-10C10 BOSS 1 1 0 1 0 0 20.55826086572442 -205.9487884733416 143.1 -68.09855584287567 -195.38261198001393 251.63809 130.62704 255.93274941045712 17.23001296452051 -1.8324313 -57.473236 10.127408 255.93326967285665 17.229851767507892 255.86620301973565 17.199883145059847 27.738575011700426 86.62595056271456 5400.0 5400.0 2016.0 1 370 {-999.0 11.61731 10.876198 10.632881 -999.0} sdss_psfmag_from_g3xp 11.409942 10.932009 10.290841 9.092 63050395765394808 1150939887 bright_1x1 mwm_snc_100pc_boss_single mwm_snc science 0 0 1.807395100593567 0.0 -999 ""
FIBERMAP 148 R-10C10 METROLOGY 0 0 0 1 0 0 20.664581134859205 -205.2160096629976 143.1 -67.69354165378736 -194.76301331776384 251.63809 130.62704 -999.0 -999.0 -999.0 -999.0 -999.0 255.93509173461925 17.23269393190438 255.86811440140013 17.202678034620245 27.738304561876056 86.62219099571485 -999.0 6231.0 -999.0 -1 -999 {-999.0 -999.0 -999.0 -999.0 -999.0} "" -999.0 -999.0 -999.0 -999.0 -999 -999 "" "" "" "" 0 0 0.0 0.0 -999 ""
FIBERMAP 153 R-7C3 APOGEE 0 0 0 1 0 0 -172.33040458386057 -116.86818411739844 143.1 -205.46444536947095 -33.37998623182962 149.14688 60.478172 -999.0 -999.0 -999.0 -999.0 -999.0 255.2779034234627 17.96498639445588 255.20996748904565 17.932655983122977 28.636950587866757 86.23081824590446 -999.0 16600.0 -999.0 2 300 {-999.0 -999.0 -999.0 -999.0 -999.0} "" -999.0 -999.0 -999.0 -999.0 -999 -999 "" "" "" "" 0 0 0.0 0.0 -999 ""
FIBERMAP 153 R-7C3 BOSS 1 1 0 1 0 0 -171.70004972222193 -116.49299052055332 143.1 -204.73491448036384 -33.30529697053409 149.14688 60.478172 255.28164928611508 17.965145083658143 0.24390474 -0.46828565 -2.344272 255.28165000526513 17.965143770242488 255.21336468488926 17.932999583092535 28.634262178913588 86.22873697157223 5400.0 5400.0 2016.0 1 446 {-999.0 21.187405 20.733953 20.314526 19.958569} sdss_psfmag_from_gaiadr2 20.758614 20.883646 19.523792 -999.0 63050395765421661 1056793115 dark_flexible_2x2 bhm_gua_dark bhm_filler science 0 0 0.0 0.0 -999 ""
FIBERMAP 153 R-7C3 METROLOGY 0 0 0 1 0 0 -171.67397887005933 -117.22887752752695 143.1 -205.02120480748988 -33.983471786387504 149.14688 60.478172 -999.0 -999.0 -999.0 -999.0 -999.0 255.28022109243307 17.962117292066768 255.21204268412146 17.929920553040688 28.633919788954806 86.2325062944658 -999.0 6231.0 -999.0 -1 -999 {-999.0 -999.0 -999.0 -999.0 -999.0} "" -999.0 -999.0 -999.0 -999.0 -999 -999 "" "" "" "" 0 0 0.0 0.0 -999 ""
FIBERMAP 155 R-11C15 APOGEE 0 0 0 1 0 0 141.68834635460274 -225.4817644422928 143.1 33.49795382200184 -264.10763536631544 247.95093 121.9863 -999.0 -999.0 -999.0 -999.0 -999.0 256.41433306404133 16.92062898134185 256.3479179349446 16.89199358748072 27.186837619915295 86.68219248851221 -999.0 16600.0 -999.0 2 -999 {-999.0 -999.0 -999.0 -999.0 -999.0} "" -999.0 -999.0 -999.0 -999.0 -999 -999 "" "" "" "" 0 0 0.0 0.0 -999 ""
FIBERMAP 155 R-11C15 BOSS 1 1 0 1 0 0 140.96043768554978 -225.62935933498167 143.1 32.77583130176074 -263.934885446729 247.95093 121.9863 256.4112854003906 16.921206648196133 -999.0 -999.0 -999.0 256.4112854003906 16.921206648196133 256.3445089696701 16.892752192313875 27.19006346844691 86.68320410523367 5400.0 5400.0 2015.5 1 267 {-999.0 -999.0 -999.0 -999.0 -999.0} "" -999.0 -999.0 -999.0 -999.0 27021603154856206 821075997 "" ops_sky_boss_good ops_sky sky_boss 0 0 0.0 0.0 -999 ""
FIBERMAP 155 R-11C15 METROLOGY 0 0 0 1 0 0 141.19839024309115 -224.91908781286503 143.1 33.290711195933085 -263.39113160709877 247.95093 121.9863 -999.0 -999.0 -999.0 -999.0 -999.0 256.4136308131696 16.92368088482457 256.346948640448 16.89517825677838 27.18917959009225 86.67955178993725 -999.0 6231.0 -999.0 -1 -999 {-999.0 -999.0 -999.0 -999.0 -999.0} "" -999.0 -999.0 -999.0 -999.0 -999 -999 "" "" "" "" 0 0 0.0 0.0 -999 ""
FIBERMAP 159 R-8C14 APOGEE 0 0 0 1 0 0 103.37106154559257 -160.10393760205605 143.1 26.292090462934414 -188.69479867635778 352.3923 105.88773 -999.0 -999.0 -999.0 -999.0 -999.0 256.38178144104734 17.258796124012218 256.31455282838033 17.229917687694982 27.376610367799415 86.36555159506929 -999.0 16600.0 -999.0 2 -999 {-999.0 -999.0 -999.0 -999.0 -999.0} "" -999.0 -999.0 -999.0 -999.0 -999 -999 "" "" "" "" 0 0 0.0 0.0 -999 ""
FIBERMAP 159 R-8C14 BOSS 1 1 0 1 0 0 103.4888784340247 -160.83949571540225 143.1 26.08912054758019 -189.41131523385212 352.3923 105.88773 256.3811731246831 17.255374027597608 -0.87473893 -16.3596 0.5070174 256.38117055564885 17.255328143307146 256.31359016324114 17.22663698246975 27.37585164887134 86.36929209504132 5400.0 5400.0 2016.0 1 327 {-999.0 15.194496 14.434332 14.150737 -999.0} sdss_psfmag_from_g3xp 14.979161 14.469258 13.800548 12.483 63050395763847595 1072498269 bright_1x1 mwm_halo_local_high_boss_single mwm_halo science 0 0 0.0 0.0 -999 ""
FIBERMAP 159 R-8C14 METROLOGY 0 0 0 1 0 0 102.79546500347514 -160.5786486733555 143.1 25.5702934455095 -188.88277795358792 352.3923 105.88773 -999.0 -999.0 -999.0 -999.0 -999.0 256.3786091350088 17.257780158832816 256.3111273312662 17.229027435826808 27.37905989972986 86.36819186979352 -999.0 6231.0 -999.0 -1 -999 {-999.0 -999.0 -999.0 -999.0 -999.0} "" -999.0 -999.0 -999.0 -999.0 -999 -999 "" "" "" "" 0 0 0.0 0.0 -999 ""
FIBERMAP 160 R+8C5 APOGEE 0 0 0 1 0 0 -105.48968962181665 161.38948168508864 143.1 -27.671530523218017 190.7526275418099 3.3860896 149.7025 -999.0 -999.0 -999.0 -999.0 -999.0 256.1281801237596 18.98268831963764 256.0567970677964 18.952346945580757 28.40440600219553 84.77730316624945 -999.0 16600.0 -999.0 2 92 {-999.0 -999.0 -999.0 -999.0 -999.0} "" -999.0 -999.0 -999.0 -999.0 -999 -999 "" ops_sky_apogee_best_unassigned ops_sky sky_apogee 0 0 0.0 0.0 -999 ""
FIBERMAP 160 R+8C5 BOSS 1 1 0 1 0 0 -104.81391424283332 161.07411999182077 143.1 -27.191654521689014 190.18209281992245 3.3860896 149.7025 256.1308494687948 18.979943587518605 -9.423893 16.370375 1.3116299 256.13082151766156 18.979989502026854 256.05909106968943 18.949831552080468 28.401315777959987 84.77868844701095 5400.0 5400.0 2016.0 1 68 {-999.0 14.71457 14.281587 14.0468445 -999.0} sdss_psfmag_from_g3xp 14.618152 14.327692 13.667641 12.612 63050395765436223 1095788701 bright_1x1 mwm_bin_vis_boss mwm_filler science 0 0 0.0 0.0 -999 ""
FIBERMAP 160 R+8C5 METROLOGY 0 0 0 1 0 0 -105.42971256045577 160.6450206655913 143.1 -27.93069070357677 190.0523990614956 3.3860896 149.7025 -999.0 -999.0 -999.0 -999.0 -999.0 256.1271719093196 18.9794490701717 256.05554587022834 18.949231510845244 28.404005497062457 84.78106443286424 -999.0 6231.0 -999.0 -1 -999 {-999.0 -999.0 -999.0 -999.0 -999.0} "" -999.0 -999.0 -999.0 -999.0 -999 -999 "" "" "" "" 0 0 0.0 0.0 -999 ""
FIBERMAP 162 R-9C14 APOGEE 0 0 0 1 0 0 119.78660041481294 -177.32696642205008 143.1 33.921618076040815 -211.22372298215464 38.376328 62.52819 -999.0 -999.0 -999.0 -999.0 -999.0 256.4175751956678 17.15729199014931 256.35056554708615 17.128561218187638 27.297950030279395 86.44726895759766 -999.0 16600.0 -999.0 2 192 {-999.0 -999.0 -999.0 -999.0 -999.0} "" -999.0 -999.0 -999.0 -999.0 -999 -999 "" "" "" "" 0 0 0.0 0.0 -999 ""
FIBERMAP 162 R-9C14 BOSS 1 1 0 1 0 0 119.95016127170256 -178.0411061452795 143.1 33.769142714183474 -211.94008609076448 38.376328 62.52819 256.41674788194575 17.153819045006852 7.622858 8.092474 1.9081217 256.41720367513125 17.153841742224696 256.3498414439104 17.125299701184044 27.29699792105084 86.45086468685898 5400.0 5400.0 2016.0 1 328 {-999.0 12.315794 11.694429 11.476865 -999.0} sdss_psfmag_from_g3xp 12.162597 11.734043 11.135765 10.0 63050395763845098 996715519 bright_1x1 mwm_bin_gaia_sb_boss mwm_bin science 0 0 1.4908959865570068 0.0 -999 ""
FIBERMAP 162 R-9C14 METROLOGY 0 0 0 1 0 0 119.23564635284438 -177.82558140267602 143.1 33.21209584169151 -211.44375330368922 38.376328 62.52819 -999.0 -999.0 -999.0 -999.0 -999.0 256.4144658718039 17.156140051141083 256.34720270479227 17.127535885823374 27.300281973821583 86.4500119122007 -999.0 6231.0 -999.0 -1 -999 {-999.0 -999.0 -999.0 -999.0 -999.0} "" -999.0 -999.0 -999.0 -999.0 -999 -999 "" "" "" "" 0 0 0.0 0.0 -999 ""
FIBERMAP 167 R-6C5 APOGEE 0 0 0 1 0 0 -152.42052637575978 -122.0365468627957 143.1 -189.58979566156307 -46.45118405550967 236.35501 69.7135 -999.0 -999.0 -999.0 -999.0 -999.0 255.3533269017882 17.905707034745177 255.28546914524895 17.873615076840817 28.545750840928243 86.25151444923023 -999.0 16600.0 -999.0 2 251 {-999.0 -999.0 -999.0 -999.0 -999.0} "" -999.0 -999.0 -999.0 -999.0 -999 -999 "" "" "" "" 0 0 0.0 0.0 -999 ""
FIBERMAP 167 R-6C5 BOSS 1 1 0 1 0 0 -152.88036625381474 -121.45787090327923 143.1 -189.7629949813602 -45.732858252431754 236.35501 69.7135 255.35342868088762 17.908140378072098 -314.56256 227.64532 13.20924 255.35278280762788 17.908778859956893 255.28457464378224 17.876859159464036 28.548032419069045 86.24871589617325 5400.0 5400.0 2016.0 1 457 {-999.0 15.608256 14.18164 13.211315 -999.0} sdss_psfmag_from_g3xp 15.02791 13.868388 12.792929 10.906 63050395765420584 1150978176 bright_1x1 mwm_snc_100pc_boss_single mwm_snc science 0 0 0.9636682271957397 0.0 -999 ""
FIBERMAP 167 R-6C5 METROLOGY 0 0 0 1 0 0 -152.1445029740712 -121.3488177069566 143.1 -189.04989267674375 -45.943902327177234 236.35501 69.7135 -999.0 -999.0 -999.0 -999.0 -999.0 255.35608086398244 17.907872396548253 255.28796661038814 17.87591383065777 28.54474010833848 86.24793037293824 -999.0 6231.0 -999.0 -1 -999 {-999.0 -999.0 -999.0 -999.0 -999.0} "" -999.0 -999.0 -999.0 -999.0 -999 -999 "" "" "" "" 0 0 0.0 0.0 -999 ""
FIBERMAP 170 R-2C20 APOGEE 0 0 0 1 0 0 167.9601236712476 -33.691347238058974 143.1 138.0921762573715 -101.28479231823732 21.554052 120.27718 -999.0 -999.0 -999.0 -999.0 -999.0 256.91655614733634 17.652834419912985 256.84780255776514 17.625324580582824 27.1176617580715 85.7018753409875 -999.0 16600.0 -999.0 2 -999 {-999.0 -999.0 -999.0 -999.0 -999.0} "" -999.0 -999.0 -999.0 -999.0 -999 -999 "" "" "" "" 0 0 0.0 0.0 -999 ""
FIBERMAP 170 R-2C20 BOSS 1 1 0 1 0 0 168.55938725339095 -34.149443675722786 143.1 138.4425681108363 -101.9525141882751 21.554052 120.27718 256.91861314925075 17.64959167070417 -2.0233223 -5.218872 0.072950386 256.91860719405526 17.649577033167652 256.8494932644738 17.622263326447445 27.114789055148606 85.70404081335626 5400.0 5400.0 2016.0 1 298 {-999.0 16.365608 16.466206 16.525402 -999.0} sdss_psfmag 16.464489 16.36908 16.203478 15.951 63050395763858110 1061078501 bright_1x1 manual_mwm_halo_distant_bhb_boss_single mwm_halo science 0 0 0.0 0.0 -999 ""
FIBERMAP 170 R-2C20 METROLOGY 0 0 0 1 0 0 167.86608235234993 -34.43149466313845 143.1 137.69519144569836 -101.91624318911506 21.554052 120.27718 -999.0 -999.0 -999.0 -999.0 -999.0 256.9149439807711 17.649814067249896 256.8459369400298 17.622436162971475 27.11785319218886 85.70567999224107 -999.0 6231.0 -999.0 -1 -999 {-999.0 -999.0 -999.0 -999.0 -999.0} "" -999.0 -999.0 -999.0 -999.0 -999 -999 "" "" "" "" 0 0 0.0 0.0 -999 ""
FIBERMAP 171 R-12C7 APOGEE 0 0 0 1 0 0 -33.57567399900221 -223.52963546921447 143.1 -124.58367751259178 -188.52320359846559 150.524 106.110115 -999.0 -999.0 -999.0 -999.0 -999.0 255.6649342949123 17.262096806987184 255.59840254882795 17.231164458387617 27.978309962046986 86.73290015632324 -999.0 16600.0 -999.0 2 -999 {-999.0 -999.0 -999.0 -999.0 -999.0} "" -999.0 -999.0 -999.0 -999.0 -999 -999 "" "" "" "" 0 0 0.0 0.0 -999 ""
FIBERMAP 171 R-12C7 BOSS 1 1 0 1 0 0 -33.411848645364564 -222.80821569530863 143.1 -124.13131011222298 -187.9381226002433 150.524 106.110115 255.66739651832293 17.26451733042019 -2.0503716 -4.589856 0.2528283 255.66739049625522 17.264504457104632 255.60049801563272 17.23376066234431 27.977788927573336 86.72923548401049 5400.0 5400.0 2016.0 1 404 {-999.0 18.460915 18.155888 18.011335 -999.0} sdss_psfmag 18.433472 18.121174 17.646717 16.275 63050395765396112 978225489 "" ops_std_boss ops_std standard_boss 0 0 0.0 0.0 -999 ""
FIBERMAP 171 R-12C7 METROLOGY 0 0 0 1 0 0 -32.8651101498168 -223.30212503705232 143.1 -123.84362335967155 -188.61619281169476 150.524 106.110115 -999.0 -999.0 -999.0 -999.0 -999.0 255.66867566262965 17.261505216732157 255.60188917199002 17.2307146785231 27.975168396737878 86.73154955644168 -999.0 6231.0 -999.0 -1 -999 {-999.0 -999.0 -999.0 -999.0 -999.0} "" -999.0 -999.0 -999.0 -999.0 -999 -999 "" "" "" "" 0 0 0.0 0.0 -999 ""
FIBERMAP 177 R-4C3 APOGEE 0 0 0 1 0 0 -200.9177545870615 -99.38006945103693 143.1 -224.0179479940337 -5.484417812961131 341.072 30.45879 -999.0 -999.0 -999.0 -999.0 -999.0 255.18968967911084 18.091377364280355 255.12151610475576 18.05874465947333 28.770540088204605 86.14916673941661 -999.0 16600.0 -999.0 2 286 {-999.0 -999.0 -999.0 -999.0 -999.0} "" -999.0 -999.0 -999.0 -999.0 -999 -999 "" ops_sky_apogee_best_unassigned ops_sky sky_apogee 0 0 0.0 0.0 -999 ""
FIBERMAP 177 R-4C3 BOSS 1 1 0 1 0 0 -201.63834179887618 -99.53180701062702 143.1 -224.73517722053123 -5.318507376937756 341.072 30.45879 255.18662549670637 18.091927511553187 -7.2483964 6.2845674 0.4656133 255.1866041095023 18.09194513807789 255.1180883211005 18.059477728742678 28.773760841546526 86.15017766240778 5400.0 5400.0 2016.0 1 443 {-999.0 17.87472 17.51122 17.370672 17.320507} sdss_psfmag_from_gaia 17.8208 17.5225 17.0449 16.175 63050395765422101 968547165 "" ops_std_boss_gdr2 ops_std standard_boss 0 0 0.0 0.0 -999 ""
FIBERMAP 177 R-4C3 METROLOGY 0 0 0 1 0 0 -201.41590319643532 -98.8154215949735 143.1 -224.2317881740482 -4.762676465676464 341.072 30.45879 -999.0 -999.0 -999.0 -999.0 -999.0 255.18888165415194 18.0945212500021 255.12045433304252 18.062009859734754 28.772966802753317 86.1464212146409 -999.0 6231.0 -999.0 -1 -999 {-999.0 -999.0 -999.0 -999.0 -999.0} "" -999.0 -999.0 -999.0 -999.0 -999 -999 "" "" "" "" 0 0 0.0 0.0 -999 ""
FIBERMAP 179 R-4C8 APOGEE 0 0 0 1 0 0 -80.4413106587732 -59.75794994303408 143.1 -98.10019295935342 -20.30095895987875 116.223076 52.376953 -999.0 -999.0 -999.0 -999.0 -999.0 255.7887518526855 18.024488247249717 255.72016830317625 17.993582715728632 28.237665587306005 85.90950548667217 -999.0 16600.0 -999.0 2 -999 {-999.0 -999.0 -999.0 -999.0 -999.0} "" -999.0 -999.0 -999.0 -999.0 -999 -999 "" "" "" "" 0 0 0.0 0.0 -999 ""
FIBERMAP 179 R-4C8 BOSS 1 1 0 1 0 0 -79.71110375168465 -59.90123731555467 143.1 -97.49849525825448 -20.73840632684497 116.223076 52.376953 255.79193115234372 18.022304631208385 -999.0 -999.0 -999.0 255.79193115234372 18.02230463120839 255.7229988545972 17.991587722362887 28.234350918864827 85.91006168648622 5400.0 5400.0 2015.5 1 461 {-999.0 -999.0 -999.0 -999.0 -999.0} "" -999.0 -999.0 -999.0 -999.0 27021603155083929 813300654 "" ops_sky_boss_good ops_sky sky_boss 0 0 0.0 0.0 -999 ""
FIBERMAP 179 R-4C8 METROLOGY 0 0 0 1 0 0 -80.19751546024447 -60.46309239792255 143.1 -98.1761342422542 -21.04295630797565 116.223076 52.376953 -999.0 -999.0 -999.0 -999.0 -999.0 255.78860130909848 18.02097339860691 255.71977514717264 17.990196942494045 28.236398940993546 85.91309471501461 -999.0 6231.0 -999.0 -1 -999 {-999.0 -999.0 -999.0 -999.0 -999.0} "" -999.0 -999.0 -999.0 -999.0 -999 -999 "" "" "" "" 0 0 0.0 0.0 -999 ""
FIBERMAP 187 R-7C8 APOGEE 1 1 0 1 0 0 -44.21719381303205 -133.14330661716974 143.1 -96.16457475395595 -102.0922905856997 7.2639303 123.88827 255.7980459293459 17.65246834372435 30.601444 14.136939 2.776892 255.79845725535588 17.652507994026315 255.73081070514726 17.621788230277392 28.052935754707292 86.27560989659332 16000.0 16600.0 2016.0 2 288 {-999.0 9.125651 8.391451 8.092075 -999.0} sdss_psfmag_from_g3xp 8.924925 8.419837 7.7474375 6.395 63050395765402013 1110493496 bright_1x1 mwm_tess_rgb_apogee mwm_tessrgb science 0 0 1.102065086364746 0.0 -999 ""
FIBERMAP 187 R-7C8 BOSS 0 0 0 1 0 0 -43.72155609367894 -133.69525616584565 143.1 -95.94766303879537 -102.80146147288218 7.2639303 123.88827 -999.0 -999.0 -999.0 -999.0 -999.0 255.7998101218713 17.64906200616089 255.7318175176713 17.618528935559144 28.05054527730114 86.27834574152166 -999.0 5400.0 -999.0 1 400 {-999.0 -999.0 -999.0 -999.0 -999.0} "" -999.0 -999.0 -999.0 -999.0 -999 -999 "" "" "" "" 0 0 0.0 0.0 -999 ""
FIBERMAP 187 R-7C8 METROLOGY 0 0 0 1 0 0 -44.44946027677046 -133.85418931598153 143.1 -96.67455673379139 -102.63899331704513 7.2639303 123.88827 -999.0 -999.0 -999.0 -999.0 -999.0 255.79625123458695 17.649867196451535 255.72836004788337 17.61927230379655 28.053798988549055 86.27937485375605 -999.0 6231.0 -999.0 -1 -999 {-999.0 -999.0 -999.0 -999.0 -999.0} "" -999.0 -999.0 -999.0 -999.0 -999 -999 "" "" "" "" 0 0 0.0 0.0 -999 ""
FIBERMAP 188 R-1C2 APOGEE 0 0 0 1 0 0 -265.2390058673761 -21.100197135853065 143.1 -249.3665570101843 92.57798744343208 109.61499 174.15475 -999.0 -999.0 -999.0 -999.0 -999.0 255.06949506981255 18.534746674918424 255.00029848168265 18.501591288549566 29.079767265829034 85.76384461955149 -999.0 16600.0 -999.0 2 -999 {-999.0 -999.0 -999.0 -999.0 -999.0} "" -999.0 -999.0 -999.0 -999.0 -999 -999 "" "" "" "" 0 0 0.0 0.0 -999 ""
FIBERMAP 188 R-1C2 BOSS 1 1 0 1 0 0 -265.4217801020167 -20.367735034107145 143.1 -249.22378484305247 93.31905454906983 109.61499 174.15475 255.07078886125657 18.53803984348254 -96.05748 -39.364372 3.0512142 255.0705047017145 18.537929436763722 255.00095854534686 18.504946115692622 29.080780276282603 85.76011565129178 5400.0 5400.0 2016.0 1 434 {-999.0 20.609274 19.066557 17.858345 -999.0} sdss_psfmag 19.914465 18.543848 17.397148 15.211 63050395765430175 1072706507 bright_1x1 mwm_halo_local_high_boss_single mwm_halo science 0 0 0.0 0.0 -999 ""
FIBERMAP 188 R-1C2 METROLOGY 0 0 0 1 0 0 -264.70217525356486 -20.582051526408375 143.1 -248.66161429746336 92.82167354236476 109.61499 174.15475 -999.0 -999.0 -999.0 -999.0 -999.0 255.0730548673467 18.535752985256973 255.00360770106772 18.50272967588695 29.07752376696542 85.76101609943203 -999.0 6231.0 -999.0 -1 -999 {-999.0 -999.0 -999.0 -999.0 -999.0} "" -999.0 -999.0 -999.0 -999.0 -999 -999 "" "" "" "" 0 0 0.0 0.0 -999 ""
FIBERMAP 189 R-5C5 APOGEE 0 0 0 1 0 0 -140.38247766556623 -81.27252498949329 143.1 -161.5072001899024 -14.562295262930204 98.69042 86.50041 -999.0 -999.0 -999.0 -999.0 -999.0 255.48619734344982 18.050613548616067 255.41784127560948 18.01883729747094 28.50316038753155 86.03817650073768 -999.0 16600.0 -999.0 2 263 {-999.0 -999.0 -999.0 -999.0 -999.0} "" -999.0 -999.0 -999.0 -999.0 -999 -999 "" ops_sky_apogee_best_unassigned ops_sky sky_apogee 0 0 0.0 0.0 -999 ""
FIBERMAP 189 R-5C5 BOSS 1 1 0 1 0 0 -139.6423775092096 -81.20970932409735 143.1 -160.80972999096704 -14.81704518272021 98.69042 86.50041 255.48980712890622 18.04927494728713 -999.0 -999.0 -999.0 255.48980712890622 18.04927494728713 255.4211034422335 18.017686002587972 28.499881655068755 86.03766956755962 5400.0 5400.0 2015.5 1 458 {-999.0 -999.0 -999.0 -999.0 -999.0} "" -999.0 -999.0 -999.0 -999.0 27021603155087374 813301114 "" ops_sky_boss_good ops_sky sky_boss 0 0 0.0 0.0 -999 ""
FIBERMAP 189 R-5C5 METROLOGY 0 0 0 1 0 0 -139.96032170604994 -81.8916943964868 143.1 -161.38522143581469 -15.301463574407531 98.69042 86.50041 -999.0 -999.0 -999.0 -999.0 -999.0 255.4869861332986 18.04712226680977 255.4183891220017 18.015476206942786 28.501117719165727 86.04127110114155 -999.0 6231.0 -999.0 -1 -999 {-999.0 -999.0 -999.0 -999.0 -999.0} "" -999.0 -999.0 -999.0 -999.0 -999 -999 "" "" "" "" 0 0 0.0 0.0 -999 ""
FIBERMAP 192 R+4C10 APOGEE 0 0 0 1 0 0 -56.140101747854686 91.31187119507992 143.1 -12.4425572185802 106.43232840746671 161.85684 78.94276 -999.0 -999.0 -999.0 -999.0 -999.0 256.2003310925576 18.600832800683204 256.12986635832647 18.570857119615805 28.165311279519777 85.12389938316392 -999.0 16600.0 -999.0 2 -999 {-999.0 -999.0 -999.0 -999.0 -999.0} "" -999.0 -999.0 -999.0 -999.0 -999 -999 "" "" "" "" 0 0 0.0 0.0 -999 ""
FIBERMAP 192 R+4C10 BOSS 1 1 0 1 0 0 -55.765594876525284 91.98206395360707 143.1 -11.820749482031825 106.88223320967955 161.85684 78.94276 256.20374697393225 18.602737999362034 -25.24956 1.1615429 0.7028728 256.20367225168826 18.602741257163586 256.1328452539344 18.572951973412216 28.163795376968444 85.12030098409026 5400.0 5400.0 2016.0 1 74 {-999.0 14.393673 13.936179 13.73739 -999.0} sdss_psfmag_from_g3xp 14.292386 13.935763 13.396984 12.368 63050395765434135 1071091352 bright_1x1 mwm_halo_vmp_xp_boss_single mwm_halo science 0 0 0.0 0.0 -999 ""
FIBERMAP 192 R+4C10 METROLOGY 0 0 0 1 0 0 -55.394363669520516 91.3350379608075 143.1 -11.756673981780947 106.13925618341732 161.85684 78.94276 -999.0 -999.0 -999.0 -999.0 -999.0 256.2038725795854 18.599406510144405 256.13315412645375 18.569568930863905 28.16195410230919 85.12353727887142 -999.0 6231.0 -999.0 -1 -999 {-999.0 -999.0 -999.0 -999.0 -999.0} "" -999.0 -999.0 -999.0 -999.0 -999 -999 "" "" "" "" 0 0 0.0 0.0 -999 ""
FIBERMAP 194 R-10C1 APOGEE 0 0 0 1 0 0 -198.34252944795406 -197.5591301400763 143.1 -263.03238932944106 -95.58342498439876 235.76237 61.86399 -999.0 -999.0 -999.0 -999.0 -999.0 255.0092134910074 17.683593474287136 254.9422524221436 17.650621582228105 28.728415064120085 86.65142563386189 -999.0 16600.0 -999.0 2 291 {-999.0 -999.0 -999.0 -999.0 -999.0} "" -999.0 -999.0 -999.0 -999.0 -999 -999 "" ops_sky_apogee_best_unassigned ops_sky sky_apogee 0 0 0.0 0.0 -999 ""
FIBERMAP 194 R-10C1 BOSS 1 1 0 1 0 0 -198.7004957916411 -196.9049444226993 143.1 -263.08142278752916 -94.83954322143836 235.76237 61.86399 255.00935460016242 17.686850503038016 -18.77333 -26.746862 0.8730151 255.00929933364688 17.686775485254906 254.9419872371304 17.653978080084862 28.730226230869185 86.64819015758381 5400.0 5400.0 2016.0 1 420 {-999.0 16.947964 16.276337 16.033743 -999.0} sdss_psfmag 16.7655 16.302406 15.6735325 14.414 63050395765305153 1072759746 bright_1x1 mwm_halo_local_high_boss_single mwm_halo science 0 0 0.0 0.0 -999 ""
FIBERMAP 194 R-10C1 METROLOGY 0 0 0 1 0 0 -197.95378940140165 -196.91804271943968 143.1 -262.409935089398 -95.16590311900383 235.76237 61.86399 -999.0 -999.0 -999.0 -999.0 -999.0 255.01235544426154 17.68534719495412 254.94514094882447 17.652509351169698 28.72688372229021 86.64804371801551 -999.0 6231.0 -999.0 -1 -999 {-999.0 -999.0 -999.0 -999.0 -999.0} "" -999.0 -999.0 -999.0 -999.0 -999 -999 "" "" "" "" 0 0 0.0 0.0 -999 ""
FIBERMAP 199 R+10C9 APOGEE 0 0 0 1 0 0 12.110415518962716 177.56119938357503 143.1 85.7619653441546 155.88609428805526 2.7403243 48.32564 -999.0 -999.0 -999.0 -999.0 -999.0 256.67252771180387 18.822802200838503 256.60102447176314 18.794084122550476 27.87499755314839 84.66409469621897 -999.0 16600.0 -999.0 2 -999 {-999.0 -999.0 -999.0 -999.0 -999.0} "" -999.0 -999.0 -999.0 -999.0 -999 -999 "" "" "" "" 0 0 0.0 0.0 -999 ""
FIBERMAP 199 R+10C9 BOSS 1 1 0 1 0 0 11.646524463533293 176.9715472312254 143.1 85.09303772974643 155.54685714632137 2.7403243 48.32564 256.6697101601271 18.821197995466093 -2.0176907 -13.533074 0.18335818 256.6697041813625 18.82116003882202 256.59784885024067 18.792614034174946 27.876970213649003 84.6671529322417 5400.0 5400.0 2016.0 1 121 {-999.0 16.040867 15.490708 15.252102 -999.0} sdss_psfmag 15.904537 15.497278 14.910154 13.778 63050395765451360 1076050963 bright_1x1 mwm_halo_mp_xp_boss_single mwm_halo science 0 0 0.0 0.0 -999 ""
FIBERMAP 199 R+10C9 METROLOGY 0 0 0 1 0 0 11.371785934036462 177.6665004604141 143.1 85.13663280981946 156.29264854585293 2.7403243 48.32564 -999.0 -999.0 -999.0 -999.0 -999.0 256.66981343979415 18.824572716459414 256.5980508478841 18.79597472121097 27.878369595677192 84.66368953696372 -999.0 6231.0 -999.0 -1 -999 {-999.0 -999.0 -999.0 -999.0 -999.0} "" -999.0 -999.0 -999.0 -999.0 -999 -999 "" "" "" "" 0 0 0.0 0.0 -999 ""
FIBERMAP 200 R+7C19 APOGEE 0 0 0 1 0 0 169.9378124197683 131.26448684939987 143.1 209.35836665266962 47.44011775124052 251.08572 45.122356 -999.0 -999.0 -999.0 -999.0 -999.0 257.2604015692764 18.325907722244928 257.1895920200968 18.29909750519583 27.15004463554491 84.86202795841695 -999.0 16600.0 -999.0 2 -999 {-999.0 -999.0 -999.0 -999.0 -999.0} "" -999.0 -999.0 -999.0 -999.0 -999 -999 "" "" "" "" 0 0 0.0 0.0 -999 ""
FIBERMAP 200 R+7C19 BOSS 1 1 0 1 0 0 169.6123863863548 131.9387038120803 143.1 209.34727238840455 48.18845618061512 251.08572 45.122356 257.26076682762755 18.329143499462443 5.2676263 -7.2720094 1.1318427 257.2607823915293 18.329123103425918 257.18959617045044 18.302499231138018 27.151643541167445 84.85865358916647 5400.0 5400.0 2016.0 1 238 {-999.0 15.583477 14.980373 14.772578 -999.0} sdss_psfmag_from_g3xp 15.433049 15.017576 14.435184 13.409 63050395765443051 1095701861 bright_1x1 mwm_bin_vis_boss mwm_filler science 0 0 0.0 0.0 -999 ""
FIBERMAP 200 R+7C19 METROLOGY 0 0 0 1 0 0 170.3533602506359 131.88414964542125 143.1 209.99610303732553 47.826924481685374 251.08572 45.122356 -999.0 -999.0 -999.0 -999.0 -999.0 257.26373273381824 18.32750391908533 257.1926517023692 18.300836518798686 27.148301290444934 84.858766244229 -999.0 6231.0 -999.0 -1 -999 {-999.0 -999.0 -999.0 -999.0 -999.0} "" -999.0 -999.0 -999.0 -999.0 -999 -999 "" "" "" "" 0 0 0.0 0.0 -999 ""
FIBERMAP 202 R-10C6 APOGEE 0 0 0 1 0 0 -82.17336230099733 -210.35726443138415 143.1 -163.09725656337946 -156.11292867290055 302.8562 20.017733 -999.0 -999.0 -999.0 -999.0 -999.0 255.48173199143466 17.408933991799007 255.4150089136848 17.377417098901738 28.201925419278815 86.68165942414925 -999.0 16600.0 -999.0 2 -999 {-999.0 -999.0 -999.0 -999.0 -999.0} "" -999.0 -999.0 -999.0 -999.0 -999 -999 "" "" "" "" 0 0 0.0 0.0 -999 ""
FIBERMAP 202 R-10C6 BOSS 1 1 0 1 0 0 -82.76966541740899 -209.90696316992077 143.1 -163.44824733044223 -155.45352116449868 302.8562 20.017733 255.48038136851127 17.411786607531027 -3.5622349 -28.062605 2.223386 255.48037089761291 17.41170789945056 255.4132931243087 17.38036615617479 28.204768610721842 86.67959974936319 5400.0 5400.0 2016.0 1 391 {-999.0 21.25889 19.774933 18.418833 -999.0} sdss_psfmag 20.667027 19.125164 17.953444 15.768 63050395765401085 1094551368 bright_1x1 mwm_bin_vis_boss mwm_filler science 0 0 0.0 0.0 -999 ""
FIBERMAP 202 R-10C6 METROLOGY 0 0 0 1 0 0 -82.08705005142471 -209.61617592379173 143.1 -162.70688299384705 -155.47736937649933 302.8562 20.017733 -999.0 -999.0 -999.0 -999.0 -999.0 255.4837833858805 17.411642265889405 255.41680088271153 17.380259371789663 28.201773095798323 86.67789946704005 -999.0 6231.0 -999.0 -1 -999 {-999.0 -999.0 -999.0 -999.0 -999.0} "" -999.0 -999.0 -999.0 -999.0 -999 -999 "" "" "" "" 0 0 0.0 0.0 -999 ""
FIBERMAP 204 R-3C18 APOGEE 0 0 0 1 0 0 133.15138824334917 -72.71324259115012 143.1 90.09816797829865 -122.00402992375746 335.6735 77.75504 -999.0 -999.0 -999.0 -999.0 -999.0 256.6873741731345 17.55962559853857 256.61908478931787 17.531495077942246 27.264854136549857 85.91123503738822 -999.0 16600.0 -999.0 2 224 {-999.0 -999.0 -999.0 -999.0 -999.0} "" -999.0 -999.0 -999.0 -999.0 -999 -999 "" ops_sky_apogee_best_unassigned ops_sky sky_apogee 0 0 0.0 0.0 -999 ""
FIBERMAP 204 R-3C18 BOSS 1 1 0 1 0 0 132.77847165715272 -73.3443394706066 143.1 89.4942677742774 -122.41915806533787 335.6735 77.75504 256.68488858954663 17.55751990624287 -2.1592011 -0.94971114 1.1622522 256.68488223766144 17.55751724255773 256.6162370373819 17.529568056979496 27.26632600524546 85.9145952395386 5400.0 5400.0 2016.0 1 293 {-999.0 19.993355 18.52138 17.738508 -999.0} sdss_psfmag 19.354145 18.342216 17.359428 15.439 63050395763857637 1095292502 bright_1x1 mwm_bin_vis_boss mwm_filler science 0 0 0.0 0.0 -999 ""
FIBERMAP 204 R-3C18 METROLOGY 0 0 0 1 0 0 132.40631168425546 -72.6929233894377 143.1 89.43119914280945 -121.67180958788141 335.6735 77.75504 -999.0 -999.0 -999.0 -999.0 -999.0 256.6844968448923 17.560968690767183 256.61594610829 17.53296379271302 27.268185363987037 85.91138338885861 -999.0 6231.0 -999.0 -1 -999 {-999.0 -999.0 -999.0 -999.0 -999.0} "" -999.0 -999.0 -999.0 -999.0 -999 -999 "" "" "" "" 0 0 0.0 0.0 -999 ""
FIBERMAP 208 R-7C5 APOGEE 0 0 0 1 0 0 -114.48679622881023 -153.10952399746807 143.1 -168.2837881633055 -90.59985908712487 341.47906 63.582283 -999.0 -999.0 -999.0 -999.0 -999.0 255.45529567361118 17.705342660367666 255.3878484827436 17.673624474224585 28.36529977065021 86.39954665863763 -999.0 16600.0 -999.0 2 253 {-999.0 -999.0 -999.0 -999.0 -999.0} "" -999.0 -999.0 -999.0 -999.0 -999 -999 "" "" "" "" 0 0 0.0 0.0 -999 ""
FIBERMAP 208 R-7C5 BOSS 1 1 0 1 0 0 -114.98883361530889 -153.6591315803065 143.1 -168.9704360478224 -90.88672388591513 341.47906 63.582283 255.4523407605971 17.703917848660407 2.0195212 -26.34989 2.6240199 255.45234670639925 17.703843944286753 255.38455858910152 17.672296161246926 28.367431833124087 86.40256310869003 5400.0 5400.0 2016.0 1 451 {-999.0 17.434341 15.898634 15.103271 -999.0} sdss_psfmag -999.0 16.605474 -999.0 12.708 63050395765403387 1095095701 bright_1x1 mwm_bin_vis_boss mwm_filler science 0 0 0.0 0.0 -999 ""
FIBERMAP 208 R-7C5 METROLOGY 0 0 0 1 0 0 -115.21246447822801 -152.93919942551142 143.1 -168.86998383499258 -90.13980984964749 341.47906 63.582283 -999.0 -999.0 -999.0 -999.0 -999.0 255.452715947241 17.707284532306208 255.38501672091422 17.675686046267604 28.36865238102464 86.39893488855188 -999.0 6231.0 -999.0 -1 -999 {-999.0 -999.0 -999.0 -999.0 -999.0} "" -999.0 -999.0 -999.0 -999.0 -999 -999 "" "" "" "" 0 0 0.0 0.0 -999 ""
FIBERMAP 214 R-11C5 APOGEE 0 0 0 1 0 0 -63.57482869837444 -212.3107513503506 143.1 -147.05755926353655 -165.7170586694396 19.661665 101.92521 -999.0 -999.0 -999.0 -999.0 -999.0 255.55790032398826 17.36530392153804 255.49121315168452 17.334022343870256 28.11730382223326 86.68569091259366 -999.0 16600.0 -999.0 2 153 {-999.0 -999.0 -999.0 -999.0 -999.0} "" -999.0 -999.0 -999.0 -999.0 -999 -999 "" ops_sky_apogee_best_unassigned ops_sky sky_apogee 0 0 0.0 0.0 -999 ""
FIBERMAP 214 R-11C5 BOSS 1 1 0 1 0 0 -63.167757237174314 -212.92614374724465 143.1 -146.94766619475598 -166.4464495244149 19.661665 101.92521 255.55878309065454 17.36183657403897 -7.2960033 -12.085763 16.643368 255.55876165049722 17.36180267671415 255.49173587924963 17.330704568560577 28.115285582062015 86.68872966712091 5400.0 5400.0 2016.0 1 392 {-999.0 18.903635 18.338198 18.113964 -999.0} sdss_psfmag 18.729729 18.77449 17.720741 -999.0 63050395765400714 1132430682 dark_2x1 mwm_snc_100pc_boss mwm_snc science 0 0 0.0 0.0 -999 ""
FIBERMAP 214 R-11C5 METROLOGY 0 0 0 1 0 0 -63.90312558086123 -212.98468000914644 143.1 -147.63904395597964 -166.18981252627805 19.661665 101.92521 -999.0 -999.0 -999.0 -999.0 -999.0 255.55539267751493 17.36302972791255 255.48846233681923 17.331871875609195 28.11858930825015 86.68925249250327 -999.0 6231.0 -999.0 -1 -999 {-999.0 -999.0 -999.0 -999.0 -999.0} "" -999.0 -999.0 -999.0 -999.0 -999 -999 "" "" "" "" 0 0 0.0 0.0 -999 ""
FIBERMAP 215 R-10C15 APOGEE 1 1 0 1 0 0 145.0021352563287 -208.61576223500975 143.1 43.60573060634975 -250.2116516334018 341.92792 75.713394 256.4625099503731 16.98253235723349 4.4367323 -4.2284403 0.4805983 256.46252296158536 16.982520497592176 256.3959057404455 16.95399644337393 27.176297973995702 86.59627815358616 16000.0 16600.0 2016.0 2 237 {-999.0 13.229514 12.365463 12.044569 -999.0} sdss_psfmag_from_g3xp 12.966305 12.399702 11.688786 10.248 63050395763843669 1106326835 bright_1x1 mwm_tess_rgb_apogee mwm_tessrgb science 0 0 0.0 0.0 -999 ""
FIBERMAP 215 R-10C15 BOSS 0 0 0 1 0 0 144.6335811295978 -209.25952212272037 143.1 43.0004524663436 -250.64009804148256 341.92792 75.713394 -999.0 -999.0 -999.0 -999.0 -999.0 256.4600124156136 16.9804029432689 256.3930393920824 16.95206258716799 27.177776606554247 86.59966362769887 -999.0 5400.0 -999.0 1 266 {-999.0 -999.0 -999.0 -999.0 -999.0} "" -999.0 -999.0 -999.0 -999.0 -999 -999 "" "" "" "" 0 0 0.0 0.0 -999 ""
FIBERMAP 215 R-10C15 METROLOGY 0 0 0 1 0 0 144.25763012015847 -208.6156837419701 143.1 42.9307552384583 -249.8980232749358 341.92792 75.713394 -999.0 -999.0 -999.0 -999.0 -999.0 256.45959900585325 16.98377568142452 256.3927209675501 16.955378793503588 27.179634041957854 86.59655651735608 -999.0 6231.0 -999.0 -1 -999 {-999.0 -999.0 -999.0 -999.0 -999.0} "" -999.0 -999.0 -999.0 -999.0 -999 -999 "" "" "" "" 0 0 0.0 0.0 -999 ""
FIBERMAP 222 R-12C12 APOGEE 0 0 0 1 0 0 93.36201713390099 -239.78306721852357 143.1 -16.340460950473854 -256.72075787466264 233.98296 165.75488 -999.0 -999.0 -999.0 -999.0 -999.0 256.1785767282575 16.95417171411325 256.112311760137 16.92484328810437 27.400388808804465 86.77143557529394 -999.0 16600.0 -999.0 2 -999 {-999.0 -999.0 -999.0 -999.0 -999.0} "" -999.0 -999.0 -999.0 -999.0 -999 -999 "" "" "" "" 0 0 0.0 0.0 -999 ""
FIBERMAP 222 R-12C12 BOSS 1 1 0 1 0 0 92.78321038775256 -240.27358801926846 143.1 -17.071826967228475 -256.9217190878908 233.98296 165.75488 256.1754440413585 16.953121399877713 9.400451 -13.587524 2.5618691 256.17547160490733 16.953083290514137 256.10885326767135 16.923934261913992 27.402856590413855 86.77412108305273 5400.0 5400.0 2016.0 1 343 {-999.0 18.37217 16.908545 16.025036 -999.0} sdss_psfmag 17.740952 16.655146 15.6168585 13.6 63050395763844230 1094487242 bright_1x1 mwm_bin_vis_boss mwm_filler science 0 0 0.0 0.0 -999 ""
FIBERMAP 222 R-12C12 METROLOGY 0 0 0 1 0 0 92.65942586545832 -239.5320144551054 143.1 -16.871734151262405 -256.19723525895694 233.98296 165.75488 -999.0 -999.0 -999.0 -999.0 -999.0 256.17632114780736 16.95636889035062 256.1097950362141 16.927167811038053 27.403616242441124 86.77043816262494 -999.0 6231.0 -999.0 -1 -999 {-999.0 -999.0 -999.0 -999.0 -999.0} "" -999.0 -999.0 -999.0 -999.0 -999 -999 "" "" "" "" 0 0 0.0 0.0 -999 ""
FIBERMAP 228 R+13C11 APOGEE 1 1 0 1 0 0 83.263803347574 239.74180937974592 143.1 176.4615596779841 182.29528640175263 293.9886 116.203415 257.1059928056545 18.937342759048803 10.920417 -24.064749 1.6833558 257.1060251871625 18.93727526388002 257.03379569511577 18.90975495292498 27.566740867118405 84.3326333697239 16000.0 16600.0 2016.0 2 53 {-999.0 10.981262 10.036002 9.685919 -999.0} sdss_psfmag_from_g3xp 10.673764 10.069239 9.328977 7.729 63050395765450786 1108474823 bright_1x1 mwm_tess_rgb_apogee mwm_tessrgb science 0 0 0.0 0.0 -999 ""
FIBERMAP 228 R+13C11 BOSS 0 0 0 1 0 0 82.81389696006731 239.15084939900234 143.1 175.80476050869592 181.94897370319427 293.9886 116.203415 -999.0 -999.0 -999.0 -999.0 -999.0 257.1032804831893 18.935593107216693 257.03069332892164 18.908247552138675 27.568633534000035 84.33568200172766 -999.0 5400.0 -999.0 1 163 {-999.0 -999.0 -999.0 -999.0 -999.0} "" -999.0 -999.0 -999.0 -999.0 -999 -999 "" "" "" "" 0 0 0.0 0.0 -999 ""
FIBERMAP 228 R+13C11 METROLOGY 0 0 0 1 0 0 82.52189155785081 239.83620180552887 143.1 175.82865701200163 182.69333262897797 293.9886 116.203415 -999.0 -999.0 -999.0 -999.0 -999.0 257.1032868613593 18.938985131537112 257.03079413930664 18.911586622511603 27.570106919254307 84.33230004841312 -999.0 6231.0 -999.0 -1 -999 {-999.0 -999.0 -999.0 -999.0 -999.0} "" -999.0 -999.0 -999.0 -999.0 -999 -999 "" "" "" "" 0 0 0.0 0.0 -999 ""
FIBERMAP 233 R+4C4 APOGEE 0 0 0 1 0 0 -175.28882170098575 68.88133641481734 143.1 -129.91608587193187 136.2764987873646 261.4994 147.0151 -999.0 -999.0 -999.0 -999.0 -999.0 255.63717656697534 18.73585436541771 255.56691207271092 18.704220268680004 28.699296504117 85.27301804801914 -999.0 16600.0 -999.0 2 -999 {-999.0 -999.0 -999.0 -999.0 -999.0} "" -999.0 -999.0 -999.0 -999.0 -999 -999 "" "" "" "" 0 0 0.0 0.0 -999 ""
FIBERMAP 233 R+4C4 BOSS 1 1 0 1 0 0 -175.76287554361377 68.32228837138703 143.1 -130.5813383317375 135.96928915660274 261.4994 147.0151 255.63430545604731 18.7342895834325 -1.8093885 9.470264 1.967986 255.63430009728003 18.734316144984184 255.56369580092246 18.702847535663018 28.701352087939654 85.27602144533499 5400.0 5400.0 2016.0 1 36 {-999.0 20.263502 18.75667 17.542057 -999.0} sdss_psfmag 19.645884 18.24837 17.098463 14.779 63050395765437501 1095534792 bright_1x1 mwm_bin_vis_boss mwm_filler science 0 0 0.0 0.0 -999 ""
FIBERMAP 233 R+4C4 METROLOGY 0 0 0 1 0 0 -176.02256880227742 69.01652950583117 143.1 -130.52440230655213 136.70809843796962 261.4994 147.0151 -999.0 -999.0 -999.0 -999.0 -999.0 255.63449111712094 18.737701969952358 255.56397567666897 18.706183614411675 28.702672304282665 85.27251547948129 -999.0 6231.0 -999.0 -1 -999 {-999.0 -999.0 -999.0 -999.0 -999.0} "" -999.0 -999.0 -999.0 -999.0 -999 -999 "" "" "" "" 0 0 0.0 0.0 -999 ""
FIBERMAP 238 R-5C3 APOGEE 0 0 0 1 0 0 -196.44276554999013 -91.88313966000877 143.1 -216.8032609443936 -0.5719926288503905 74.67697 164.12335 -999.0 -999.0 -999.0 -999.0 -999.0 255.2236944883723 18.113740243969012 255.15543092276084 18.081194317172002 28.75264560605511 86.10926836523572 -999.0 16600.0 -999.0 2 290 {-999.0 -999.0 -999.0 -999.0 -999.0} "" -999.0 -999.0 -999.0 -999.0 -999 -999 "" "" "" "" 0 0 0.0 0.0 -999 ""
FIBERMAP 238 R-5C3 BOSS 1 1 0 1 0 0 -196.07169613045272 -91.2478646054587 143.1 -216.1992757929496 -0.1522983726515443 74.67697 164.12335 255.22653503202093 18.115489398021097 -2.3414333 -4.9475055 0.05510502 255.2268426420632 18.115475521595073 255.15822736784386 18.08311217532374 28.751201510057207 86.10591191330194 5400.0 5400.0 2016.0 1 444 {-999.0 14.921683 13.507868 12.869462 -999.0} sdss_psfmag_from_g3xp 14.338116 13.416946 12.47578 10.312 63050395765422170 1061612386 bright_1x1 manual_mwm_halo_distant_kgiant_near_boss_single mwm_halo science 0 0 1.076145887374878 0.0 -999 ""
FIBERMAP 238 R-5C3 METROLOGY 0 0 0 1 0 0 -195.69451709069048 -91.88915764775533 143.1 -216.12739316711892 -0.8925825979399545 74.67697 164.12335 -999.0 -999.0 -999.0 -999.0 -999.0 255.22710501323837 18.112167844499297 255.15859541484986 18.07975721878098 28.749314947493104 86.10910135441225 -999.0 6231.0 -999.0 -1 -999 {-999.0 -999.0 -999.0 -999.0 -999.0} "" -999.0 -999.0 -999.0 -999.0 -999 -999 "" "" "" "" 0 0 0.0 0.0 -999 ""
FIBERMAP 240 R-13C13 APOGEE 1 1 0 1 0 0 101.55153783134084 -247.14551662704113 143.1 -12.01618385077133 -266.84506479909555 242.7735 19.481848 256.19851694764617 16.90898890308061 -3.118473 -2.197835 0.46819255 256.1989829365081 16.908982738742793 256.1328107178881 16.87973281569314 27.361541998928608 86.80541827559247 16000.0 16600.0 2016.0 2 176 {-999.0 14.624557 13.290075 9.235017 -999.0} sdss_psfmag_gaia 12.670305 9.852313 8.396515 4.723 63050395763844106 1110155773 bright_1x1 mwm_tess_rgb_apogee mwm_tessrgb science 0 0 1.636522889137268 0.0 -999 ""
FIBERMAP 240 R-13C13 BOSS 0 0 0 1 0 0 101.65954281661108 -246.40712526689032 143.1 -11.607278415261325 -266.22108703535645 242.7735 19.481848 -999.0 -999.0 -999.0 -999.0 -999.0 256.20128124692576 16.911557657277275 256.1347397632702 16.88250182507067 27.36125091555811 86.80168549599273 -999.0 5400.0 -999.0 1 345 {-999.0 -999.0 -999.0 -999.0 -999.0} "" -999.0 -999.0 -999.0 -999.0 -999 -999 "" "" "" "" 0 0 0.0 0.0 -999 ""
FIBERMAP 240 R-13C13 METROLOGY 0 0 0 1 0 0 102.24128514849846 -246.86828808004609 143.1 -11.274063710789491 -266.884209763525 242.7735 19.481848 -999.0 -999.0 -999.0 -999.0 -999.0 256.20275123787127 16.908657556858937 256.13631763208707 16.879553812635045 27.35851173049516 86.80378211835227 -999.0 6231.0 -999.0 -1 -999 {-999.0 -999.0 -999.0 -999.0 -999.0} "" -999.0 -999.0 -999.0 -999.0 -999 -999 "" "" "" "" 0 0 0.0 0.0 -999 ""
FIBERMAP 245 R-9C16 APOGEE 0 0 0 1 0 0 151.59335626023463 -194.22786029279635 143.1 55.6413223293845 -239.94277648178615 341.99777 50.39774 -999.0 -999.0 -999.0 -999.0 -999.0 256.51981480140995 17.02832538001003 256.4530259738249 16.999946226638492 27.15038036375867 86.52151793113404 -999.0 16600.0 -999.0 2 193 {-999.0 -999.0 -999.0 -999.0 -999.0} "" -999.0 -999.0 -999.0 -999.0 -999 -999 "" ops_sky_apogee_best_unassigned ops_sky sky_apogee 0 0 0.0 0.0 -999 ""
FIBERMAP 245 R-9C16 BOSS 1 1 0 1 0 0 150.96641915188883 -194.6246359436989 143.1 54.90580062061792 -240.03847262229576 341.99777 50.39774 256.5166730703237 17.027764585002718 8.235754 -27.319529 1.878109 256.51669722841444 17.027687961050887 256.4495497396059 16.99948991910226 27.153079468230473 86.52375853920431 5400.0 5400.0 2016.0 1 308 {-999.0 16.022686 15.04633 14.724213 -999.0} sdss_psfmag 15.701914 15.105473 14.371515 12.916 63050395763843731 1094227301 bright_1x1 mwm_bin_vis_boss mwm_filler science 0 0 0.0 0.0 -999 ""
FIBERMAP 245 R-9C16 METROLOGY 0 0 0 1 0 0 150.9333861347879 -193.88285620177942 143.1 55.188260469707316 -239.3520229372255 341.99777 50.39774 -999.0 -999.0 -999.0 -999.0 -999.0 256.5179526625778 17.030815385629307 256.45089868651917 17.002565923444617 27.15342130648439 86.52002954603643 -999.0 6231.0 -999.0 -1 -999 {-999.0 -999.0 -999.0 -999.0 -999.0} "" -999.0 -999.0 -999.0 -999.0 -999 -999 "" "" "" "" 0 0 0.0 0.0 -999 ""
FIBERMAP 251 R-9C13 APOGEE 1 1 0 1 0 0 61.17837726642645 -161.10644809357734 143.1 -12.384287156643568 -171.83377786453173 213.52129 24.142565 256.19792773506435 17.335411263437358 -4.9764953 -0.84723455 0.6597536 256.19791311315663 17.335408887171152 256.13067417005095 17.30596871408067 27.567210689187384 86.38465873476659 16000.0 16600.0 2016.0 2 172 {-999.0 11.513286 10.243022 9.707127 -999.0} sdss_psfmag_from_g3xp 11.02417 10.209282 9.32747 7.371 63050395765395217 1152446576 bright_1x1 mwm_galactic_core_dist_apogee_sparse mwm_galactic science 0 0 0.0 0.0 -999 ""
FIBERMAP 251 R-9C13 BOSS 0 0 0 1 0 0 61.57458039918579 -160.48402490471196 143.1 -11.76292714416051 -171.4363211636949 213.52129 24.142565 -999.0 -999.0 -999.0 -999.0 -999.0 256.20123006016826 17.33695237123434 256.1336249649371 17.307706903368945 27.5655630917694 86.38141984572479 -999.0 5400.0 -999.0 1 397 {-999.0 -999.0 -999.0 -999.0 -999.0} "" -999.0 -999.0 -999.0 -999.0 -999 -999 "" "" "" "" 0 0 0.0 0.0 -999 ""
FIBERMAP 251 R-9C13 METROLOGY 0 0 0 1 0 0 61.92249742002697 -161.14789366899763 143.1 -11.727083073390546 -172.18474970629762 213.52129 24.142565 -999.0 -999.0 -999.0 -999.0 -999.0 256.20129393653326 17.33363445287856 256.1337987765472 17.304337981725137 27.563810848844355 86.38467104760821 -999.0 6231.0 -999.0 -1 -999 {-999.0 -999.0 -999.0 -999.0 -999.0} "" -999.0 -999.0 -999.0 -999.0 -999 -999 "" "" "" "" 0 0 0.0 0.0 -999 ""
FIBERMAP 256 R-3C17 APOGEE 0 0 0 1 0 0 105.962282799728 -49.737759593174545 143.1 75.12345955961082 -89.72220536746846 30.806181 140.7694 -999.0 -999.0 -999.0 -999.0 -999.0 256.6169043815022 17.706410473183148 256.54831418990454 17.67801263895498 27.39382918339141 85.80219782049926 -999.0 16600.0 -999.0 2 -999 {-999.0 -999.0 -999.0 -999.0 -999.0} "" -999.0 -999.0 -999.0 -999.0 -999 -999 "" "" "" "" 0 0 0.0 0.0 -999 ""
FIBERMAP 256 R-3C17 BOSS 1 1 0 1 0 0 106.7059312144617 -49.82560250740995 143.1 75.76069514797524 -90.11504485530283 30.806181 140.7694 256.6203633599839 17.704439327974356 -9.823865 -18.881926 0.5002251 256.62033443682475 17.704386369235227 256.551383550625 17.676185547607286 27.390388013252654 85.80244581923537 5400.0 5400.0 2016.0 1 302 {-999.0 15.490709 15.102837 14.964637 -999.0} sdss_psfmag 15.406006 15.100882 14.629614 13.836 63050395765406902 1072759821 bright_1x1 mwm_halo_local_high_boss_single mwm_halo science 0 0 0.0 0.0 -999 ""
FIBERMAP 256 R-3C17 METROLOGY 0 0 0 1 0 0 106.26529010704316 -50.41955762208444 143.1 75.11103494400201 -90.46797528638342 30.806181 140.7694 -999.0 -999.0 -999.0 -999.0 -999.0 256.61711380205696 17.70285373898317 256.5482725687667 17.67459156561057 27.392240332333387 85.8056104711822 -999.0 6231.0 -999.0 -1 -999 {-999.0 -999.0 -999.0 -999.0 -999.0} "" -999.0 -999.0 -999.0 -999.0 -999 -999 "" "" "" "" 0 0 0.0 0.0 -999 ""
FIBERMAP 260 R+3C9 APOGEE 1 1 0 1 0 0 -68.06866717229431 72.04659033183822 143.1 -31.371438791333016 93.98924510197885 84.64253 80.27121 256.1092573930338 18.544510418737 -0.59511024 -16.968552 0.9486495 256.109255632497 18.544462826500723 256.03902580262746 18.514250878050632 28.214940696708005 85.22638065055158 16000.0 16600.0 2016.0 2 121 {-999.0 11.688143 10.600476 10.199613 -999.0} sdss_psfmag_from_g3xp 11.307896 10.627579 9.834254 8.17 63050395765432392 1106202197 bright_1x1 mwm_tess_rgb_apogee mwm_tessrgb science 0 0 0.0 0.0 -999 ""
FIBERMAP 260 R+3C9 BOSS 0 0 0 1 0 0 -67.36267967826632 71.86381701470452 143.1 -30.808329688795972 93.52619794631941 84.64253 80.27121 -999.0 -999.0 -999.0 -999.0 -999.0 256.1122933818924 18.542220847542595 256.0417126019894 18.512196133084277 28.21172743968652 85.2270879058558 -999.0 5400.0 -999.0 1 32 {-999.0 -999.0 -999.0 -999.0 -999.0} "" -999.0 -999.0 -999.0 -999.0 -999 -999 "" "" "" "" 0 0 0.0 0.0 -999 ""
FIBERMAP 260 R+3C9 METROLOGY 0 0 0 1 0 0 -67.86876894387797 71.32111402909045 143.1 -31.49574327175432 93.24729972405952 84.64253 80.27121 -999.0 -999.0 -999.0 -999.0 -999.0 256.1088910991478 18.541000124914053 256.038416980394 18.510915902627286 28.213889822451158 85.23003174353488 -999.0 6231.0 -999.0 -1 -999 {-999.0 -999.0 -999.0 -999.0 -999.0} "" -999.0 -999.0 -999.0 -999.0 -999 -999 "" "" "" "" 0 0 0.0 0.0 -999 ""
FIBERMAP 261 R+4C15 APOGEE 1 1 0 1 0 0 71.51408738675352 93.3690130507946 143.1 104.16199083451653 54.534363993045524 97.898285 90.604836 256.759231105483 18.3622844703371 -0.99944246 -2.6208916 0.1808356 256.75922815193076 18.362277119439163 256.6888258263464 18.334004708610994 27.585935543313134 85.07926226910593 16000.0 16600.0 2016.0 2 65 {-999.0 14.38738 13.3675165 12.963081 -999.0} sdss_psfmag_from_g3xp 14.043293 13.3801365 12.597084 10.853 63050395765416646 1152446584 bright_1x1 mwm_galactic_core_dist_apogee_sparse mwm_galactic science 0 0 0.0 0.0 -999 ""
FIBERMAP 261 R+4C15 BOSS 0 0 0 1 0 0 72.24099093420168 93.50449789783994 143.1 104.87810176766766 54.35105777322642 97.898285 90.604836 -999.0 -999.0 -999.0 -999.0 -999.0 256.76306527148415 18.36126126130089 256.69229958672383 18.333183419146224 27.582639084967504 85.07833089163069 -999.0 5400.0 -999.0 1 212 {-999.0 -999.0 -999.0 -999.0 -999.0} "" -999.0 -999.0 -999.0 -999.0 -999 -999 "" "" "" "" 0 0 0.0 0.0 -999 ""
FIBERMAP 261 R+4C15 METROLOGY 0 0 0 1 0 0 72.00532713529132 92.79977837814462 143.1 104.36763527710194 53.81137373988599 97.898285 90.604836 -999.0 -999.0 -999.0 -999.0 -999.0 256.7604986643327 18.358869624817846 256.6898442691247 18.330733546597827 27.583544244389557 85.08200671728366 -999.0 6231.0 -999.0 -1 -999 {-999.0 -999.0 -999.0 -999.0 -999.0} "" -999.0 -999.0 -999.0 -999.0 -999 -999 "" "" "" "" 0 0 0.0 0.0 -999 ""
FIBERMAP 264 R+10C3 APOGEE 1 1 0 1 0 0 -141.4255236174372 176.12104054526824 143.1 -54.04852049648283 219.24385553576712 290.91895 67.00045 256.0019835049193 19.110848536685346 -0.14624187 3.3601618 0.6176006 256.0019830708258 19.110857961037922 255.9303897643029 19.080104182455667 28.56956954997628 84.71169437309199 16000.0 16600.0 2016.0 2 136 {-999.0 12.576354 11.747754 11.434522 -999.0} sdss_psfmag_from_g3xp 12.330958 11.78188 11.080664 9.632 63050395765440901 1106107705 bright_1x1 mwm_tess_rgb_apogee mwm_tessrgb science 0 0 0.0 0.0 -999 ""
FIBERMAP 264 R+10C3 BOSS 0 0 0 1 0 0 -142.16837609786666 176.13491940898547 143.1 -54.71618528749497 219.5693000174136 290.91895 67.00045 -999.0 -999.0 -999.0 -999.0 -999.0 255.99912617347903 19.112177999624 255.92718169450177 19.081588882235028 28.572944098987172 84.71179739378528 -999.0 5400.0 -999.0 1 16 {-999.0 -999.0 -999.0 -999.0 -999.0} "" -999.0 -999.0 -999.0 -999.0 -999 -999 "" "" "" "" 0 0 0.0 0.0 -999 ""
FIBERMAP 264 R+10C3 METROLOGY 0 0 0 1 0 0 -141.78798867632023 176.7773368621402 143.1 -54.10074382781267 219.99154556923114 290.91895 67.00045 -999.0 -999.0 -999.0 -999.0 -999.0 256.0019888234392 19.11411705576174 255.93013574106453 19.08348618063663 28.57135047328007 84.7084092381013 -999.0 6231.0 -999.0 -1 -999 {-999.0 -999.0 -999.0 -999.0 -999.0} "" -999.0 -999.0 -999.0 -999.0 -999 -999 "" "" "" "" 0 0 0.0 0.0 -999 ""
FIBERMAP 285 R-8C18 APOGEE 0 0 0 1 0 0 175.29111468021944 -137.75846987980248 143.1 100.90974090003996 -198.72518071117523 136.98828 77.459946 -999.0 -999.0 -999.0 -999.0 -999.0 256.7358639424267 17.212934835943738 256.66839772259266 17.18509736865727 27.058272944236414 86.22820180128912 -999.0 16600.0 -999.0 2 -999 {-999.0 -999.0 -999.0 -999.0 -999.0} "" -999.0 -999.0 -999.0 -999.0 -999 -999 "" "" "" "" 0 0 0.0 0.0 -999 ""
FIBERMAP 285 R-8C18 BOSS 1 1 0 1 0 0 175.8891759553242 -137.33589782360124 143.1 101.62994668716198 -198.59393476065574 136.98828 77.459946 256.7397224654162 17.21334369514914 -19.002298 -17.529108 2.6835492 256.7396666699724 17.213294530694792 256.67183045829586 17.1856579842162 27.055660808925815 86.22588811554344 5400.0 5400.0 2016.0 1 319 {-999.0 16.62249 15.384923 14.758823 -999.0} sdss_psfmag 16.048796 15.569816 14.361998 12.512 63050395763846736 1094758950 bright_1x1 mwm_bin_vis_boss mwm_filler science 0 0 0.0 0.0 -999 ""
FIBERMAP 285 R-8C18 METROLOGY 0 0 0 1 0 0 175.96657116918942 -138.07536183618532 143.1 101.38868329020978 -199.29696854764072 136.98828 77.459946 -999.0 -999.0 -999.0 -999.0 -999.0 256.73838574297974 17.21019578113183 256.67066155931946 17.182503258466127 27.055133010523626 86.22959882466517 -999.0 6231.0 -999.0 -1 -999 {-999.0 -999.0 -999.0 -999.0 -999.0} "" -999.0 -999.0 -999.0 -999.0 -999 -999 "" "" "" "" 0 0 0.0 0.0 -999 ""
FIBERMAP 288 R-1C7 APOGEE 1 1 0 1 0 0 -162.08164876150332 -17.45417185794917 143.1 -154.3029781589073 52.43772240244729 195.81825 91.09877 255.520162499565 18.355124301804896 2.1739085 32.73371 2.2587914 255.52016892363628 18.355216111085447 255.45100023471502 18.32340836592199 28.618463254242577 85.71521850502057 16000.0 16600.0 2016.0 2 247 {-999.0 11.00921 10.298869 10.033819 -999.0} sdss_psfmag_from_g3xp 10.8176985 10.335803 9.687566 8.397 63050395765424996 1108964265 bright_1x1 mwm_tess_rgb_apogee mwm_tessrgb science 0 0 0.0 0.0 -999 ""
FIBERMAP 288 R-1C7 BOSS 0 0 0 1 0 0 -162.33793516853999 -16.75584486091859 143.1 -154.24123248905693 53.17880131065847 195.81825 91.09877 -999.0 -999.0 -999.0 -999.0 -999.0 255.52075368262982 18.35842627511262 255.45122852855798 18.326793894532884 28.619858762106233 85.71169598904754 -999.0 5400.0 -999.0 1 483 {-999.0 -999.0 -999.0 -999.0 -999.0} "" -999.0 -999.0 -999.0 -999.0 -999 -999 "" "" "" "" 0 0 0.0 0.0 -999 ""
FIBERMAP 288 R-1C7 METROLOGY 0 0 0 1 0 0 -161.59933873560956 -16.88533532412333 143.1 -153.62611765985622 52.75032961565157 195.81825 91.09877 -999.0 -999.0 -999.0 -999.0 -999.0 255.523599621654 18.356533189371 255.45417488144017 18.324860150304282 28.616481705564915 85.7121482936601 -999.0 6231.0 -999.0 -1 -999 {-999.0 -999.0 -999.0 -999.0 -999.0} "" -999.0 -999.0 -999.0 -999.0 -999 -999 "" "" "" "" 0 0 0.0 0.0 -999 ""
FIBERMAP 289 R-11C12 APOGEE 0 0 0 1 0 0 71.00724498328644 -216.70961486886327 143.1 -26.89084166137469 -226.38614599214367 134.5506 166.91377 -999.0 -999.0 -999.0 -999.0 -999.0 256.12867668816165 17.090030197029915 256.0621214536428 17.060498804824935 27.507499884942867 86.66314915644455 -999.0 16600.0 -999.0 2 175 {-999.0 -999.0 -999.0 -999.0 -999.0} "" -999.0 -999.0 -999.0 -999.0 -999 -999 "" "" "" "" 0 0 0.0 0.0 -999 ""
FIBERMAP 289 R-11C12 BOSS 1 1 0 1 0 0 70.62285387749415 -216.08245598363698 143.1 -26.975215902772835 -225.65563910698285 134.5506 166.91377 256.12863836028583 17.093096647706336 -2.2543952 -4.8505154 0.07082624 256.1286317451096 17.093083043311566 256.0617102701776 17.06373704108654 27.509394529238307 86.66015529266708 5400.0 5400.0 2016.0 1 394 {-999.0 15.315382 14.380457 14.001239 -999.0} sdss_psfmag_from_g3xp 15.016319 14.394959 13.639006 11.959 63050395763844737 1061611544 bright_1x1 manual_mwm_halo_distant_kgiant_near_boss_single mwm_halo science 0 0 0.0 0.0 -999 ""
FIBERMAP 289 R-11C12 METROLOGY 0 0 0 1 0 0 71.36107624768601 -216.05476267743967 143.1 -26.29424040512268 -225.9414419959533 134.5506 166.91377 -999.0 -999.0 -999.0 -999.0 -999.0 256.1317615862665 17.091850876154883 256.064941631618 17.062461471784008 27.506071567815944 86.65975166622553 -999.0 6231.0 -999.0 -1 -999 {-999.0 -999.0 -999.0 -999.0 -999.0} "" -999.0 -999.0 -999.0 -999.0 -999 -999 "" "" "" "" 0 0 0.0 0.0 -999 ""
FIBERMAP 293 R-11C16 APOGEE 1 1 0 1 0 0 153.79090999590588 -208.14598178599724 143.1 51.771960425593974 -253.48722040038749 173.14229 103.18683 256.500844883225 16.967812808329214 -9.534571 10.4241 2.1569037 256.50107565124483 16.967842045131782 256.4344570648245 16.939435477473697 27.13695505860227 86.59076183035344 16000.0 16600.0 2016.0 2 218 {-999.0 10.258962 9.2707 8.896005 -999.0} sdss_psfmag_from_g3xp 9.932552 9.299123 8.537207 6.959 63050395763843421 1076229653 bright_1x1 mwm_snc_ext_main_apogee mwm_snc science 0 0 0.8908716440200806 0.0 -999 ""
FIBERMAP 293 R-11C16 BOSS 0 0 0 1 0 0 153.699879342563 -207.41589211495577 143.1 51.996913083819 -252.7869431684764 173.14229 103.18683 -999.0 -999.0 -999.0 -999.0 -999.0 256.50252916423517 16.97075906930818 256.43553727789777 16.942545935323455 27.137540147131475 86.58713790547927 -999.0 5400.0 -999.0 1 259 {-999.0 -999.0 -999.0 -999.0 -999.0} "" -999.0 -999.0 -999.0 -999.0 -999 -999 "" "" "" "" 0 0 0.0 0.0 -999 ""
FIBERMAP 293 R-11C16 METROLOGY 0 0 0 1 0 0 154.38954081579564 -207.70538152976002 143.1 52.50027538352474 -253.33986898398652 173.14229 103.18683 -999.0 -999.0 -999.0 -999.0 -999.0 256.5047896096855 16.968347683589247 256.43790459930733 16.940088233465833 27.134374246908493 86.58834068998254 -999.0 6231.0 -999.0 -1 -999 {-999.0 -999.0 -999.0 -999.0 -999.0} "" -999.0 -999.0 -999.0 -999.0 -999 -999 "" "" "" "" 0 0 0.0 0.0 -999 ""
FIBERMAP 296 R+3C13 APOGEE 0 0 0 1 0 0 12.893208248008065 50.193484923231665 143.1 32.829259641346496 40.07798688333952 222.79646 162.89357 -999.0 -999.0 -999.0 -999.0 -999.0 256.4169421441399 18.298228666516568 256.3470425287469 18.269000929000256 27.84176240516512 85.31640814311413 -999.0 16600.0 -999.0 2 5 {-999.0 -999.0 -999.0 -999.0 -999.0} "" -999.0 -999.0 -999.0 -999.0 -999 -999 "" "" "" "" 0 0 0.0 0.0 -999 ""
FIBERMAP 296 R+3C13 BOSS 1 1 0 1 0 0 12.234340983247186 49.882646041368545 143.1 32.10098162659532 40.073653407927544 222.79646 162.89357 256.41380660247097 18.298040188438943 5.4705186 8.065237 1.9843065 256.4138227629451 18.29806280926503 256.3435693133333 18.269007056660573 27.844676167332203 85.31815589859742 5400.0 5400.0 2016.0 1 106 {-999.0 14.523559 13.937219 13.737135 -999.0} sdss_psfmag_from_g3xp 14.374192 13.97628 13.380025 12.191 63050395765414760 1095712017 bright_1x1 mwm_bin_vis_boss mwm_filler science 0 0 0.0 0.0 -999 ""
FIBERMAP 296 R+3C13 METROLOGY 0 0 0 1 0 0 12.24977063602268 50.62036926797711 143.1 32.42567189081782 40.7360146081108 222.79646 162.89357 -999.0 -999.0 -999.0 -999.0 -999.0 256.41528654115683 18.30112112229906 256.34512465332205 18.27201715801012 27.844787924001267 85.31436600755745 -999.0 6231.0 -999.0 -1 -999 {-999.0 -999.0 -999.0 -999.0 -999.0} "" -999.0 -999.0 -999.0 -999.0 -999 -999 "" "" "" "" 0 0 0.0 0.0 -999 ""
FIBERMAP 298 R-12C13 APOGEE 0 0 0 1 0 0 114.25332883180093 -241.098179866968 143.1 2.046851285427143 -266.71173416255135 235.69788 157.1994 -999.0 -999.0 -999.0 -999.0 -999.0 256.2655085420524 16.909373793945772 256.199269247919 16.88031499379052 27.306025316192247 86.7704931215381 -999.0 16600.0 -999.0 2 -999 {-999.0 -999.0 -999.0 -999.0 -999.0} "" -999.0 -999.0 -999.0 -999.0 -999 -999 "" "" "" "" 0 0 0.0 0.0 -999 ""
FIBERMAP 298 R-12C13 BOSS 1 1 0 1 0 0 113.63854996430038 -241.50613381857352 143.1 1.31764501789087 -266.8226857398303 235.69788 157.1994 256.26243118763364 16.908652465826062 -4.4561543 14.661645 2.566957 256.26241812459364 16.908693587807353 256.19582316491534 16.87981493711781 27.30867857750802 86.77276774157345 5400.0 5400.0 2016.0 1 344 {-999.0 21.417368 20.08873 18.574015 -999.0} sdss_psfmag 19.90266 19.386206 17.955523 15.471 63050395763843044 1094674081 bright_1x1 mwm_bin_vis_boss mwm_filler science 0 0 0.0 0.0 -999 ""
FIBERMAP 298 R-12C13 METROLOGY 0 0 0 1 0 0 113.58500661135757 -240.76650624701387 143.1 1.5806026804846571 -266.12954915637147 235.69788 157.1994 -999.0 -999.0 -999.0 -999.0 -999.0 256.26356850814636 16.91183211555256 256.19706620554894 16.882902089987727 27.30911627467931 86.76907707813638 -999.0 6231.0 -999.0 -1 -999 {-999.0 -999.0 -999.0 -999.0 -999.0} "" -999.0 -999.0 -999.0 -999.0 -999 -999 "" "" "" "" 0 0 0.0 0.0 -999 ""
FIBERMAP 302 R-2C21 APOGEE 0 0 0 1 0 0 162.60514856088554 -53.746367562376946 143.1 124.79065729161293 -117.2124416634699 299.2086 15.438645 -999.0 -999.0 -999.0 -999.0 -999.0 256.852670912831 17.58083660849147 256.78416300576555 17.553173870392612 27.136718655344374 85.80560442100574 -999.0 16600.0 -999.0 2 228 {-999.0 -999.0 -999.0 -999.0 -999.0} "" -999.0 -999.0 -999.0 -999.0 -999 -999 "" ops_sky_apogee_best_unassigned ops_sky sky_apogee 0 0 0.0 0.0 -999 ""
FIBERMAP 302 R-2C21 BOSS 1 1 0 1 0 0 162.07950144080897 -53.22413101761031 143.1 124.53402345366102 -116.51757136878877 299.2086 15.438645 256.8519340739221 17.58380562681659 -15.940388 -15.761882 0.4108102 256.85188717407675 17.583761418959966 256.78300683956456 17.556283815889586 27.139167810263373 85.80311986136486 5400.0 5400.0 2016.0 1 284 {-999.0 16.608973 16.224977 16.08901 -999.0} sdss_psfmag 16.533857 16.230665 15.752654 14.811 63050395763857478 976253380 "" ops_std_boss ops_std standard_boss 0 0 0.0 0.0 -999 ""
FIBERMAP 302 R-2C21 METROLOGY 0 0 0 1 0 0 162.79858371622626 -53.02423274226818 143.1 125.27017168203552 -116.63918288601063 299.2086 15.438645 -999.0 -999.0 -999.0 -999.0 -999.0 256.85527097995174 17.58326011658003 256.7864920271925 17.55573909576095 27.135985838678586 85.80188192101866 -999.0 6231.0 -999.0 -1 -999 {-999.0 -999.0 -999.0 -999.0 -999.0} "" -999.0 -999.0 -999.0 -999.0 -999 -999 "" "" "" "" 0 0 0.0 0.0 -999 ""
FIBERMAP 307 R0C7 APOGEE 0 0 0 1 0 0 -160.9671900986007 -7.167137700517326 143.1 -148.96004317581597 61.29513370390555 179.24164 162.70721 -999.0 -999.0 -999.0 -999.0 -999.0 255.54566364848316 18.39551955607682 255.47636599596854 18.36376751038337 28.61610778072842 85.66175054849026 -999.0 16600.0 -999.0 2 250 {-999.0 -999.0 -999.0 -999.0 -999.0} "" -999.0 -999.0 -999.0 -999.0 -999 -999 "" ops_sky_apogee_best_unassigned ops_sky sky_apogee 0 0 0.0 0.0 -999 ""
FIBERMAP 307 R0C7 BOSS 1 1 0 1 0 0 -161.6674304526675 -6.9367785554786785 143.1 -149.49790027459215 61.798904255896616 179.24164 162.70721 255.54338888570447 18.397647862801925 0.30628702 -0.23459615 -0.25871858 255.5433897910295 18.397647204822647 255.473741821887 18.36606252379671 28.619383339422818 85.66077001747897 5400.0 5400.0 2016.0 1 493 {-999.0 20.667158 20.481386 20.322802 20.208063} sdss_psfmag_from_gaiadr2 20.313265 20.48239 19.679832 -999.0 63050395765425019 1056793126 dark_flexible_2x2 bhm_gua_dark bhm_filler science 0 0 0.0 0.0 -999 ""
FIBERMAP 307 R0C7 METROLOGY 0 0 0 1 0 0 -161.11394591485004 -6.434857907001586 143.1 -148.78469155331686 62.02086593381956 179.24164 162.70721 -999.0 -999.0 -999.0 -999.0 -999.0 255.54670519127043 18.398710251903793 255.47714953384673 18.367085033025354 28.617005034855254 85.65801490977788 -999.0 6231.0 -999.0 -1 -999 {-999.0 -999.0 -999.0 -999.0 -999.0} "" -999.0 -999.0 -999.0 -999.0 -999 -999 "" "" "" "" 0 0 0.0 0.0 -999 ""
FIBERMAP 310 R+1C8 APOGEE 0 0 0 1 0 0 -112.55185450355906 5.4951360906944675 143.1 -99.7312269838981 52.384738227802714 340.66602 81.30983 -999.0 -999.0 -999.0 -999.0 -999.0 255.78100130171111 18.355371001813282 255.71157817589517 18.3243038668501 28.400399513519197 85.58231827746789 -999.0 16600.0 -999.0 2 -999 {-999.0 -999.0 -999.0 -999.0 -999.0} "" -999.0 -999.0 -999.0 -999.0 -999 -999 "" "" "" "" 0 0 0.0 0.0 -999 ""
FIBERMAP 310 R+1C8 BOSS 1 1 0 1 0 0 -112.89434124544522 4.833013766673483 143.1 -100.32060458827705 51.92866485754039 340.66602 81.30983 255.7784616741135 18.353261111024157 5.442973 -42.763744 2.9146295 255.77847775833587 18.353141170190064 255.70871357246136 18.322243977859195 28.401835000007615 85.5858365512905 5400.0 5400.0 2016.0 1 46 {-999.0 20.160067 18.66699 17.24597 -999.0} sdss_psfmag 19.540071 17.946615 16.724522 14.384 63050395765431552 1094548944 bright_1x1 mwm_bin_vis_boss mwm_filler science 0 0 0.0 0.0 -999 ""
FIBERMAP 310 R+1C8 METROLOGY 0 0 0 1 0 0 -113.29743247111166 5.467288742312292 143.1 -100.4189363386964 52.67349935114582 340.66602 81.30983 -999.0 -999.0 -999.0 -999.0 -999.0 255.77792020172873 18.35657540792962 255.70824614009973 18.325625471485576 28.403812939269486 85.58267801916872 -999.0 6231.0 -999.0 -1 -999 {-999.0 -999.0 -999.0 -999.0 -999.0} "" -999.0 -999.0 -999.0 -999.0 -999 -999 "" "" "" "" 0 0 0.0 0.0 -999 ""
FIBERMAP 322 R+11C6 APOGEE 0 0 0 1 0 0 -56.83607136365523 227.24592814233017 143.1 44.17668400891131 229.9705763698209 98.98133 110.56749 -999.0 -999.0 -999.0 -999.0 -999.0 256.4736099800013 19.157780473156045 256.4014323304418 19.12835178954996 28.19763736549387 84.42842538221396 -999.0 16600.0 -999.0 2 4 {-999.0 -999.0 -999.0 -999.0 -999.0} "" -999.0 -999.0 -999.0 -999.0 -999 -999 "" ops_sky_apogee_best_unassigned ops_sky sky_apogee 0 0 0.0 0.0 -999 ""
FIBERMAP 322 R+11C6 BOSS 1 1 0 1 0 0 -56.195060363789466 227.61351448694953 143.1 44.912672441707464 230.03388052747445 98.98133 110.56749 256.47750749023226 19.1579193899954 -1.2101554 -7.8377633 0.11231862 256.4775038970739 19.157897407171415 256.40496640411675 19.128655897962147 28.194820855902115 84.42636176750237 5400.0 5400.0 2016.0 1 143 {-999.0 16.015434 15.147413 14.818475 -999.0} sdss_psfmag 15.73489 15.168463 14.457014 12.973 63050395765471410 1061672863 bright_1x1 manual_mwm_halo_distant_kgiant_near_boss_single mwm_halo science 0 0 0.0 0.0 -999 ""
FIBERMAP 322 R+11C6 METROLOGY 0 0 0 1 0 0 -56.18229205752471 226.86261198073305 143.1 44.607997354434836 229.3476943772755 98.98133 110.56749 -999.0 -999.0 -999.0 -999.0 -999.0 256.47593536484 19.15487534780999 256.4035080207833 19.125580734241005 28.194614304871102 84.43017794324521 -999.0 6231.0 -999.0 -1 -999 {-999.0 -999.0 -999.0 -999.0 -999.0} "" -999.0 -999.0 -999.0 -999.0 -999 -999 "" "" "" "" 0 0 0.0 0.0 -999 ""
FIBERMAP 325 R+6C4 APOGEE 0 0 0 1 0 0 -165.39036762681556 114.01299424875258 143.1 -101.93388022272197 173.02643713769095 148.32805 154.8562 -999.0 -999.0 -999.0 -999.0 -999.0 255.7716234972285 18.902375431375805 255.7007966932108 18.87105368893039 28.66478346790779 85.03745425348097 -999.0 16600.0 -999.0 2 -999 {-999.0 -999.0 -999.0 -999.0 -999.0} "" -999.0 -999.0 -999.0 -999.0 -999 -999 "" "" "" "" 0 0 0.0 0.0 -999 ""
FIBERMAP 325 R+6C4 BOSS 1 1 0 1 0 0 -165.80886672552887 114.64178126612349 143.1 -102.04849289899911 173.772785161944 148.32805 154.8562 255.77141578564087 18.905687939186297 -2.472081 -28.256317 0.80431366 255.77140845674987 18.905608687795098 255.70022552388176 18.8744579579446 28.666844923048785 85.03430581678126 5400.0 5400.0 2016.0 1 38 {-999.0 14.484045 13.866101 13.634188 -999.0} sdss_psfmag_from_g3xp 14.328474 13.895054 13.290284 12.113 63050395765438187 1072569163 bright_1x1 mwm_halo_local_high_boss_single mwm_halo science 0 0 0.0 0.0 -999 ""
FIBERMAP 325 R+6C4 METROLOGY 0 0 0 1 0 0 -165.05992752669965 114.68192722054211 143.1 -101.35255636682315 173.49375899422492 148.32805 154.8562 -999.0 -999.0 -999.0 -999.0 -999.0 255.77464374082007 18.904401907540656 255.70355916263975 18.873211928341163 28.663472816673213 85.0338914364587 -999.0 6231.0 -999.0 -1 -999 {-999.0 -999.0 -999.0 -999.0 -999.0} "" -999.0 -999.0 -999.0 -999.0 -999 -999 "" "" "" "" 0 0 0.0 0.0 -999 ""
FIBERMAP 333 R+12C2 APOGEE 0 0 0 1 0 0 -151.21124603790003 219.82705924614262 143.1 -44.513473547518075 262.9914577527107 276.14755 43.65943 -999.0 -999.0 -999.0 -999.0 -999.0 256.0484895521232 19.30652654829832 255.9763394965596 19.275824277217467 28.621727356513397 84.49123189451166 -999.0 16600.0 -999.0 2 132 {-999.0 -999.0 -999.0 -999.0 -999.0} "" -999.0 -999.0 -999.0 -999.0 -999 -999 "" ops_sky_apogee_best_unassigned ops_sky sky_apogee 0 0 0.0 0.0 -999 ""
FIBERMAP 333 R+12C2 BOSS 1 1 0 1 0 0 -151.77440655808678 220.30239009002818 143.1 -44.82387394677644 263.65960002908076 276.14755 43.65943 256.04736328124994 19.309333361558203 -999.0 -999.0 -999.0 256.04736328124994 19.309333361558203 255.97485682635005 19.278799092721624 28.624343731141238 84.48896399954538 5400.0 5400.0 2015.5 1 6 {-999.0 -999.0 -999.0 -999.0 -999.0} "" -999.0 -999.0 -999.0 -999.0 27021603155091633 813301645 "" ops_sky_boss_good ops_sky sky_boss 0 0 0.0 0.0 -999 ""
FIBERMAP 333 R+12C2 METROLOGY 0 0 0 1 0 0 -151.07881078033205 220.5666178613769 143.1 -44.08192670893041 263.60620471300496 276.14755 43.65943 -999.0 -999.0 -999.0 -999.0 -999.0 256.0508198982968 19.309144971523477 255.9784096998094 19.278571782480608 28.6212648435513 84.487427300327 -999.0 6231.0 -999.0 -1 -999 {-999.0 -999.0 -999.0 -999.0 -999.0} "" -999.0 -999.0 -999.0 -999.0 -999 -999 "" "" "" "" 0 0 0.0 0.0 -999 ""
FIBERMAP 343 R+11C1 APOGEE 0 0 0 1 0 0 -170.71517310806402 191.38562576760876 143.1 -74.17523150417694 245.4192342705206 338.50995 22.177883 -999.0 -999.0 -999.0 -999.0 -999.0 255.90599414674682 19.22788476735322 255.83418860664108 19.19681007899699 28.70417597730207 84.64181748135513 -999.0 16600.0 -999.0 2 139 {-999.0 -999.0 -999.0 -999.0 -999.0} "" -999.0 -999.0 -999.0 -999.0 -999 -999 "" ops_sky_apogee_best_unassigned ops_sky sky_apogee 0 0 0.0 0.0 -999 ""
FIBERMAP 343 R+11C1 BOSS 1 1 0 1 0 0 -171.44418759539212 191.38028681395306 143.1 -74.83844383821715 245.72142680925313 338.50995 22.177883 255.90316772460932 19.229067155757647 -999.0 -999.0 -999.0 255.90316772460932 19.229067155757647 255.83101314256967 19.198155879495417 28.707457292782365 84.64203936358541 5400.0 5400.0 2015.5 1 9 {-999.0 -999.0 -999.0 -999.0 -999.0} "" -999.0 -999.0 -999.0 -999.0 27021603155091601 813301667 "" ops_sky_boss_good ops_sky sky_boss 0 0 0.0 0.0 -999 ""
FIBERMAP 343 R+11C1 METROLOGY 0 0 0 1 0 0 -171.08265639972697 192.02895177342356 143.1 -74.23746723618619 246.15727821032698 338.50995 22.177883 -999.0 -999.0 -999.0 -999.0 -999.0 255.9059584557937 19.231066997877697 255.83389466514302 19.20011410814079 28.705950884304272 84.63862447004237 -999.0 6231.0 -999.0 -1 -999 {-999.0 -999.0 -999.0 -999.0 -999.0} "" -999.0 -999.0 -999.0 -999.0 -999 -999 "" "" "" "" 0 0 0.0 0.0 -999 ""
FIBERMAP 361 R+13C14 APOGEE 0 0 0 1 0 0 146.91753213483042 273.50104320320406 143.1 248.39155889992563 186.09469981986217 151.83987 32.98419 -999.0 -999.0 -999.0 -999.0 -999.0 257.4462998731444 18.948650331497372 257.3737002048474 18.922108275694658 27.288129263286265 84.1512427730836 -999.0 16600.0 -999.0 2 98 {-999.0 -999.0 -999.0 -999.0 -999.0} "" -999.0 -999.0 -999.0 -999.0 -999 -999 "" "" "" "" 0 0 0.0 0.0 -999 ""
FIBERMAP 361 R+13C14 BOSS 1 1 0 1 0 0 147.6508432154943 273.5618655287012 143.1 249.08203423864057 185.8410019308072 151.83987 32.98419 257.4495307267328 18.94724958616505 0.17047407 -3.110745 0.3415207 257.4498797154391 18.947240861359777 257.3769116990176 18.9208938475999 27.284875833799823 84.1508550121015 5400.0 5400.0 2016.0 1 90 {-999.0 13.647822 12.799485 12.474257 -999.0} sdss_psfmag_from_g3xp 13.38982 12.827177 12.118533 10.604 63050395765452634 996737884 bright_1x1 mwm_bin_gaia_sb_boss mwm_bin science 0 0 1.18656587600708 0.0 -999 ""
FIBERMAP 361 R+13C14 METROLOGY 0 0 0 1 0 0 147.34397452485908 272.8854481721086 143.1 248.51892935353337 185.35696694876054 151.83987 32.98419 -999.0 -999.0 -999.0 -999.0 -999.0 257.44713596583847 18.945181501982464 257.37428033375465 18.918775297002803 27.28608765333577 84.15427077617443 -999.0 6231.0 -999.0 -1 -999 {-999.0 -999.0 -999.0 -999.0 -999.0} "" -999.0 -999.0 -999.0 -999.0 -999 -999 "" "" "" "" 0 0 0.0 0.0 -999 ""
FIBERMAP 368 R-8C2 APOGEE 0 0 0 1 0 0 -180.90833119054304 -141.4309273257645 143.1 -223.58654672567923 -52.03719539907361 104.684204 110.378334 -999.0 -999.0 -999.0 -999.0 -999.0 255.19276754189139 17.88034941019969 255.12512949871245 17.847813644698654 28.66812022845766 86.35946541800922 -999.0 16600.0 -999.0 2 -999 {-999.0 -999.0 -999.0 -999.0 -999.0} "" -999.0 -999.0 -999.0 -999.0 -999 -999 "" "" "" "" 0 0 0.0 0.0 -999 ""
FIBERMAP 368 R-8C2 BOSS 1 1 0 1 0 0 -180.18762430197285 -140.99884323029377 143.1 -222.75113771606388 -51.9489789805364 104.684204 110.378334 255.197070943597 17.881163089039774 -20.362171 -213.13225 2.6161838 255.19701093465233 17.88056531023853 255.1290242478985 17.848216846512752 28.665042185623122 86.35706615081548 5400.0 5400.0 2016.0 1 489 {-999.0 18.656261 17.283573 16.702534 -999.0} sdss_psfmag 18.112377 17.222275 16.305243 14.568 63050395765421115 1072653060 bright_1x1 mwm_halo_local_high_boss_single mwm_halo science 0 0 0.0 0.0 -999 ""
FIBERMAP 368 R-8C2 METROLOGY 0 0 0 1 0 0 -180.23327456505223 -141.7486701980571 143.1 -223.1083252466158 -52.609586314439895 104.684204 110.378334 -999.0 -999.0 -999.0 -999.0 -999.0 255.1952558237974 17.87762332339778 255.12737528579657 17.845221633305183 28.66501221115403 86.36091986333804 -999.0 6231.0 -999.0 -1 -999 {-999.0 -999.0 -999.0 -999.0 -999.0} "" -999.0 -999.0 -999.0 -999.0 -999 -999 "" "" "" "" 0 0 0.0 0.0 -999 ""
FIBERMAP 372 R+12C4 APOGEE 0 0 0 1 0 0 -89.03409281070617 222.7510629473274 143.1 13.091158913997308 239.4558693291749 244.93626 143.0277 -999.0 -999.0 -999.0 -999.0 -999.0 256.324512745515 19.200992483904308 256.25236869926175 19.171119989315155 28.342227941616997 84.45955308978603 -999.0 16600.0 -999.0 2 -999 {-999.0 -999.0 -999.0 -999.0 -999.0} "" -999.0 -999.0 -999.0 -999.0 -999 -999 "" "" "" "" 0 0 0.0 0.0 -999 ""
FIBERMAP 372 R+12C4 BOSS 1 1 0 1 0 0 -89.67305412428213 222.3865585790228 143.1 12.358326848085568 239.39449620736434 244.93626 143.0277 256.32136433068814 19.200579194986634 -4.760947 1.7645193 0.15209298 256.3213501909575 19.20058414398957 256.2488566184015 19.17087758861678 28.345055107072042 84.4615442020725 5400.0 5400.0 2016.0 1 93 {-999.0 15.452652 14.908997 14.681224 -999.0} sdss_psfmag_from_g3xp 15.324002 14.920738 14.337889 13.278 63050395765475791 1061923294 bright_1x1 manual_mwm_halo_vmp_wise_boss_single mwm_halo science 0 0 0.0 0.0 -999 ""
FIBERMAP 372 R+12C4 METROLOGY 0 0 0 1 0 0 -89.67471416332266 223.13351067327642 143.1 12.671409525297161 240.07242232261282 244.93626 143.0277 -999.0 -999.0 -999.0 -999.0 -999.0 256.32275918925615 19.20365514019141 256.25035635237407 19.173901802654637 28.345201531363372 84.45775333704654 -999.0 6231.0 -999.0 -1 -999 {-999.0 -999.0 -999.0 -999.0 -999.0} "" -999.0 -999.0 -999.0 -999.0 -999 -999 "" "" "" "" 0 0 0.0 0.0 -999 ""
FIBERMAP 373 R-8C13 APOGEE 0 0 0 1 0 0 50.128458413167934 -157.89781314855085 143.1 -21.05138353512829 -164.2708519916448 216.80812 84.59535 -999.0 -999.0 -999.0 -999.0 -999.0 256.15668123074414 17.36971300902305 256.0893964023161 17.34013972491645 27.618139696388056 86.37195920019735 -999.0 16600.0 -999.0 2 -999 {-999.0 -999.0 -999.0 -999.0 -999.0} "" -999.0 -999.0 -999.0 -999.0 -999 -999 "" "" "" "" 0 0 0.0 0.0 -999 ""
FIBERMAP 373 R-8C13 BOSS 1 1 0 1 0 0 49.73684875530842 -157.2690904742563 143.1 -21.14164389597326 -163.53588711209775 216.80812 84.59535 256.15661708622133 17.372821943192978 -3.9216948 -9.584405 0.066101365 256.1566055611721 17.37279506150738 256.0889551050105 17.343405451767016 27.620066314282177 86.36894545946217 5400.0 5400.0 2016.0 1 353 {-999.0 18.682886 18.297247 18.1515 -999.0} sdss_psfmag 18.63576 18.298485 17.827543 -999.0 63050395765395519 978225488 "" ops_std_boss ops_std standard_boss 0 0 0.0 0.0 -999 ""
FIBERMAP 373 R-8C13 METROLOGY 0 0 0 1 0 0 50.46956427814801 -157.234255487614 143.1 -20.46265339885954 -163.81289569495218 216.80812 84.59535 -999.0 -999.0 -999.0 -999.0 -999.0 256.15973906115033 17.37159585165888 256.09218986261897 17.34216328489952 27.61675973790971 86.36851734279173 -999.0 6231.0 -999.0 -1 -999 {-999.0 -999.0 -999.0 -999.0 -999.0} "" -999.0 -999.0 -999.0 -999.0 -999 -999 "" "" "" "" 0 0 0.0 0.0 -999 ""
FIBERMAP 375 R+2C25 APOGEE 0 0 0 1 0 0 275.81406560657354 44.469984263754846 143.1 268.79693911020314 -75.84349283489448 1.8979527 147.09697 -999.0 -999.0 -999.0 -999.0 -999.0 257.53462002574287 17.7653935189969 257.4649590754401 17.739626969302805 26.654639007790863 85.27579474806168 -999.0 16600.0 -999.0 2 57 {-999.0 -999.0 -999.0 -999.0 -999.0} "" -999.0 -999.0 -999.0 -999.0 -999 -999 "" ops_sky_apogee_best_unassigned ops_sky sky_apogee 0 0 0.0 0.0 -999 ""
FIBERMAP 375 R+2C25 BOSS 1 1 0 1 0 0 276.45157840218906 44.10162543630092 143.1 269.2198038209814 -76.44596286893287 1.8979527 147.09697 257.53692798008257 17.762475444693088 -1.8925443 -1.0985191 0.010067633 257.5369224062979 17.7624723636416 257.46689236553203 17.736906348086364 26.651725977276456 85.27749400688379 5400.0 5400.0 2016.0 1 176 {-999.0 17.324894 17.251648 17.303947 -999.0} sdss_psfmag_ps1 17.302715 17.203028 17.027332 17.749 63050395763859678 1061078512 bright_1x1 manual_mwm_halo_distant_bhb_boss_single mwm_halo science 0 0 0.0 0.0 -999 ""
FIBERMAP 375 R+2C25 METROLOGY 0 0 0 1 0 0 275.8137505513147 43.72471868738758 143.1 268.48277600326446 -76.5190580278039 1.8979527 147.09697 -999.0 -999.0 -999.0 -999.0 -999.0 257.53336857027307 17.76221430026086 257.4634487771441 17.736583480808957 26.654458292006744 85.27955592089529 -999.0 6231.0 -999.0 -1 -999 {-999.0 -999.0 -999.0 -999.0 -999.0} "" -999.0 -999.0 -999.0 -999.0 -999 -999 "" "" "" "" 0 0 0.0 0.0 -999 ""
FIBERMAP 380 R-1C10 APOGEE 0 0 0 1 0 0 -66.3797895331946 -7.724727257018916 143.1 -63.43685054521188 20.952984331937614 71.03034 85.90267 -999.0 -999.0 -999.0 -999.0 -999.0 255.95478435057265 18.212224537992224 255.88555880041667 18.181712477944153 28.187559314699598 85.63715069731529 -999.0 16600.0 -999.0 2 -999 {-999.0 -999.0 -999.0 -999.0 -999.0} "" -999.0 -999.0 -999.0 -999.0 -999 -999 "" "" "" "" 0 0 0.0 0.0 -999 ""
FIBERMAP 380 R-1C10 BOSS 1 1 0 1 0 0 -65.66641596332741 -7.990319297797691 143.1 -62.90192491921703 20.411738530385914 71.03034 85.90267 255.95766676496086 18.209591618401628 -1.2881769 -1.3568692 -0.019140089 255.95766296149154 18.209587812747348 255.88808876831428 18.17926364131982 28.184286429762913 85.63832002691967 5400.0 5400.0 2016.0 1 441 {-999.0 16.786123 15.800606 15.373225 -999.0} sdss_psfmag 16.439081 15.775552 14.983988 13.247 63050395765415315 1061551339 bright_1x1 manual_mwm_halo_distant_kgiant_near_boss_single mwm_halo science 0 0 0.0 0.0 -999 ""
FIBERMAP 380 R-1C10 METROLOGY 0 0 0 1 0 0 -66.26055628562405 -8.461236193275347 143.1 -63.638936763518636 20.23500919072315 71.03034 85.90267 -999.0 -999.0 -999.0 -999.0 -999.0 255.95403541790373 18.208835334991637 255.88456657852282 18.178450528302328 28.186857111194676 85.64091969842355 -999.0 6231.0 -999.0 -1 -999 {-999.0 -999.0 -999.0 -999.0 -999.0} "" -999.0 -999.0 -999.0 -999.0 -999 -999 "" "" "" "" 0 0 0.0 0.0 -999 ""
FIBERMAP 382 R+9C5 APOGEE 0 0 0 1 0 0 -120.73560715037885 175.82216337136634 143.1 -35.4158043599466 210.25907302015656 224.82242 58.51215 -999.0 -999.0 -999.0 -999.0 -999.0 256.09126521800056 19.07052068374377 256.0196896570825 19.04003768261087 28.476210195780546 84.70752295689664 -999.0 16600.0 -999.0 2 112 {-999.0 -999.0 -999.0 -999.0 -999.0} "" -999.0 -999.0 -999.0 -999.0 -999 -999 "" ops_sky_apogee_best_unassigned ops_sky sky_apogee 0 0 0.0 0.0 -999 ""
FIBERMAP 382 R+9C5 BOSS 1 1 0 1 0 0 -120.8346333933709 176.56077608333132 143.1 -35.19451135357604 210.97044513735594 224.82242 58.51215 256.0926818847656 19.073585662734914 -999.0 -999.0 -999.0 256.0926818847656 19.073585662734917 256.02074555008255 19.043279516613055 28.47683083524793 84.70372924162972 5400.0 5400.0 2015.5 1 80 {-999.0 -999.0 -999.0 -999.0 -999.0} "" -999.0 -999.0 -999.0 -999.0 27021603155091294 813301635 "" ops_sky_boss_good ops_sky sky_boss 0 0 0.0 0.0 -999 ""
FIBERMAP 382 R+9C5 METROLOGY 0 0 0 1 0 0 -120.13145160879127 176.27529128488504 143.1 -34.67720422012593 210.4154558826468 224.82242 58.51215 -999.0 -999.0 -999.0 -999.0 -999.0 256.09505924468084 19.071131312167577 256.02322647502706 19.040783641610837 28.473595073375208 84.70500591968073 -999.0 6231.0 -999.0 -1 -999 {-999.0 -999.0 -999.0 -999.0 -999.0} "" -999.0 -999.0 -999.0 -999.0 -999 -999 "" "" "" "" 0 0 0.0 0.0 -999 ""
FIBERMAP 383 R+6C1 APOGEE 1 1 0 1 0 0 -230.7416344458635 122.2019349837227 143.1 -157.73598618447676 207.97443478118183 94.17369 152.64267 255.50576891964147 19.058104770167713 -6.276728 -3.36901 4.527907 255.5057502942046 19.0580953209974 255.43477738784546 19.02595597191312 28.95954315338387 85.01417762939215 16000.0 16600.0 2016.0 2 119 {-999.0 8.346874 8.511715 8.656376 -999.0} sdss_psfmag_from_g3xp 8.467508 8.432068 8.336421 8.203 63050395765439626 975093955 "" ops_std_apogee ops_std standard_apogee 0 0 0.0 0.0 -999 ""
FIBERMAP 383 R+6C1 BOSS 0 0 0 1 0 0 -230.4753954499884 122.87600404714726 143.1 -157.21070737894962 208.4734523534105 94.17369 152.64267 -999.0 -999.0 -999.0 -999.0 -999.0 255.50860355375988 19.060189977813494 255.43727649625714 19.028228777972707 28.95850297514061 85.01062437130611 -999.0 5400.0 -999.0 1 83 {-999.0 -999.0 -999.0 -999.0 -999.0} "" -999.0 -999.0 -999.0 -999.0 -999 -999 "" "" "" "" 0 0 0.0 0.0 -999 ""
FIBERMAP 383 R+6C1 METROLOGY 0 0 0 1 0 0 -229.9991076258985 122.30608264865641 143.1 -157.01890837854538 207.75613665844716 94.17369 152.64267 -999.0 -999.0 -999.0 -999.0 -999.0 255.50940285892688 19.05702769043841 255.43818094384426 19.025021760239532 28.95625893550467 85.01341926017454 -999.0 6231.0 -999.0 -1 -999 {-999.0 -999.0 -999.0 -999.0 -999.0} "" -999.0 -999.0 -999.0 -999.0 -999 -999 "" "" "" "" 0 0 0.0 0.0 -999 ""
FIBERMAP 386 R-4C2 APOGEE 0 0 0 1 0 0 -227.2137113974373 -94.3233530718232 143.1 -245.72958146029836 10.175128358848662 287.00375 87.357025 -999.0 -999.0 -999.0 -999.0 -999.0 255.0870813178594 18.162034244744692 255.01882577178162 18.129082412455304 28.889759374621406 86.13067983730457 -999.0 16600.0 -999.0 2 -999 {-999.0 -999.0 -999.0 -999.0 -999.0} "" -999.0 -999.0 -999.0 -999.0 -999 -999 "" "" "" "" 0 0 0.0 0.0 -999 ""
FIBERMAP 386 R-4C2 BOSS 1 1 0 1 0 0 -227.9372580881887 -94.51999711696484 143.1 -246.46840681014098 10.301570577927894 287.00375 87.357025 255.0839645733915 18.16250197803299 -15.155455 -28.99469 0.87082547 255.08391983751724 18.16242065569908 255.01532411651786 18.12963287039031 28.89295579628189 86.13191039279933 5400.0 5400.0 2016.0 1 486 {-999.0 16.564499 16.032364 15.809037 -999.0} sdss_psfmag 16.421001 16.03079 15.459954 14.439 63050395765426159 1072706497 bright_1x1 mwm_halo_local_high_boss_single mwm_halo science 0 0 0.0 0.0 -999 ""
FIBERMAP 386 R-4C2 METROLOGY 0 0 0 1 0 0 -227.7375151464926 -93.79204185136254 143.1 -245.98072209127793 10.877449885289824 287.00375 87.357025 -999.0 -999.0 -999.0 -999.0 -999.0 255.0861140561748 18.165086740338044 255.01760614778027 18.1322550450229 28.892272965763127 86.12810279802108 -999.0 6231.0 -999.0 -1 -999 {-999.0 -999.0 -999.0 -999.0 -999.0} "" -999.0 -999.0 -999.0 -999.0 -999 -999 "" "" "" "" 0 0 0.0 0.0 -999 ""
FIBERMAP 388 R+2C3 APOGEE 0 0 0 1 0 0 -231.10103113258967 35.20577821004229 143.1 -194.70130062876714 129.25040105328694 124.62466 171.98889 -999.0 -999.0 -999.0 -999.0 -999.0 255.32833510238785 18.702396109074876 255.25845603926882 18.66990195404918 28.94183149306761 85.46309277778846 -999.0 16600.0 -999.0 2 116 {-999.0 -999.0 -999.0 -999.0 -999.0} "" -999.0 -999.0 -999.0 -999.0 -999 -999 "" ops_sky_apogee_best_unassigned ops_sky sky_apogee 0 0 0.0 0.0 -999 ""
FIBERMAP 388 R+2C3 BOSS 1 1 0 1 0 0 -231.45780542274457 35.86395598390418 143.1 -194.74757200490004 129.9974001819893 124.62466 171.98889 255.3284497146788 18.70561540869641 -3.603746 -0.485975 4.2499647 255.32843904347274 18.70561404566658 255.25820900728584 18.67328985539472 28.94361721059186 85.45979193557685 5400.0 5400.0 2016.0 1 60 {-999.0 19.712885 18.220003 16.875435 -999.0} sdss_psfmag 19.087612 17.565289 16.372347 14.142 63050395765430699 1095113210 bright_1x1 mwm_bin_vis_boss mwm_filler science 0 0 0.0 0.0 -999 ""
FIBERMAP 388 R+2C3 METROLOGY 0 0 0 1 0 0 -230.71856190295324 35.853128509804094 143.1 -194.08189416281166 129.6762422110913 124.62466 171.98889 -999.0 -999.0 -999.0 -999.0 -999.0 255.33150481503662 18.704231246821546 255.26137162089253 18.671868177437553 28.940303689266642 85.45963408751862 -999.0 6231.0 -999.0 -1 -999 {-999.0 -999.0 -999.0 -999.0 -999.0} "" -999.0 -999.0 -999.0 -999.0 -999 -999 "" "" "" "" 0 0 0.0 0.0 -999 ""
FIBERMAP 394 R-1C26 APOGEE 0 0 0 1 0 0 264.6975579662984 -19.580687740083658 143.1 231.74241272126056 -129.23342991883916 194.09766 101.93765 -999.0 -999.0 -999.0 -999.0 -999.0 257.35747964891965 17.52511124167346 257.2886041308558 17.498936621614188 26.687907703651717 85.60220477824453 -999.0 16600.0 -999.0 2 240 {-999.0 -999.0 -999.0 -999.0 -999.0} "" -999.0 -999.0 -999.0 -999.0 -999 -999 "" ops_sky_apogee_best_unassigned ops_sky sky_apogee 0 0 0.0 0.0 -999 ""
FIBERMAP 394 R-1C26 BOSS 1 1 0 1 0 0 264.36545051529083 -18.916188256205327 143.1 231.72116809243988 -128.49108792026567 194.09766 101.93765 257.3578332433189 17.528284350875854 -7.139353 -8.758818 0.13330238 257.3578122443352 17.528259784740342 257.28855577608783 17.50227748076076 26.689540726937587 85.5989422795621 5400.0 5400.0 2016.0 1 262 {-999.0 15.595748 14.981639 14.708026 -999.0} sdss_psfmag_from_g3xp 15.438214 14.990408 14.362562 13.117 63050395763852118 1076117475 bright_1x1 mwm_halo_mp_xp_boss_single mwm_halo science 0 0 0.0 0.0 -999 ""
FIBERMAP 394 R-1C26 METROLOGY 0 0 0 1 0 0 265.1165252811202 -18.95110467925721 143.1 232.38742743161183 -128.83906909874239 194.09766 101.93765 -999.0 -999.0 -999.0 -999.0 -999.0 257.3608038161924 17.526741325363048 257.2916536310004 17.500713816147638 26.686198100414344 85.59890462042517 -999.0 6231.0 -999.0 -1 -999 {-999.0 -999.0 -999.0 -999.0 -999.0} "" -999.0 -999.0 -999.0 -999.0 -999 -999 "" "" "" "" 0 0 0.0 0.0 -999 ""
FIBERMAP 396 R+11C2 APOGEE 0 0 0 1 0 0 -149.04776292054342 198.96536117389215 143.1 -51.33809556336829 243.16594284615493 267.8037 105.99331 -999.0 -999.0 -999.0 -999.0 -999.0 256.0154047360659 19.218025479056134 255.94351838687828 19.18726565078168 28.608230137230386 84.59699879707563 -999.0 16600.0 -999.0 2 -999 {-999.0 -999.0 -999.0 -999.0 -999.0} "" -999.0 -999.0 -999.0 -999.0 -999 -999 "" "" "" "" 0 0 0.0 0.0 -999 ""
FIBERMAP 396 R+11C2 BOSS 1 1 0 1 0 0 -149.76833071356504 198.77154268129104 143.1 -52.073030069146434 243.29369226503357 267.8037 105.99331 256.011979223459 19.218518633485854 -19.327057 -27.790096 0.37621674 256.0122280139157 19.21844068971031 255.939993757816 19.187844306846678 28.61144872010206 84.59816998252269 5400.0 5400.0 2016.0 1 17 {-999.0 13.777917 13.191323 12.928286 -999.0} sdss_psfmag_from_g3xp 13.626896 13.194101 12.581953 11.321 63050395765441057 1061923291 bright_1x1 manual_mwm_halo_vmp_wise_boss_single mwm_halo science 0 0 1.0408772230148315 0.0 -999 ""
FIBERMAP 396 R+11C2 METROLOGY 0 0 0 1 0 0 -149.5780540155065 199.49019765806096 143.1 -51.5978448834937 243.86512625108233 267.8037 105.99331 -999.0 -999.0 -999.0 -999.0 -999.0 256.01441920964663 19.221041318710245 255.94227504049672 19.190401197205478 28.610722556446156 84.59445215109935 -999.0 6231.0 -999.0 -1 -999 {-999.0 -999.0 -999.0 -999.0 -999.0} "" -999.0 -999.0 -999.0 -999.0 -999 -999 "" "" "" "" 0 0 0.0 0.0 -999 ""
FIBERMAP 402 R+12C13 APOGEE 0 0 0 1 0 0 118.9882533413145 225.70989372431478 143.1 202.94156059482293 154.5274194788094 288.35617 141.96577 -999.0 -999.0 -999.0 -999.0 -999.0 257.2317104257068 18.810537216597385 257.1596831252699 18.78343410335521 27.402396076610046 84.39581498864982 -999.0 16600.0 -999.0 2 -999 {-999.0 -999.0 -999.0 -999.0 -999.0} "" -999.0 -999.0 -999.0 -999.0 -999 -999 "" "" "" "" 0 0 0.0 0.0 -999 ""
FIBERMAP 402 R+12C13 BOSS 1 1 0 1 0 0 118.73406654719231 224.99820879058677 143.1 202.4113665929202 153.98922140595045 288.35617 141.96577 257.22957894100205 18.80799148313481 -1.211201 -5.644431 0.1072821 257.2295753522866 18.807975652019373 257.157190639467 18.781050910679017 27.403367614797475 84.39943077616954 5400.0 5400.0 2016.0 1 100 {-999.0 16.258173 15.483426 15.177227 -999.0} sdss_psfmag 16.03486 15.506922 14.8214035 13.354 63050395765450246 1061551352 bright_1x1 manual_mwm_halo_distant_kgiant_near_boss_single mwm_halo science 0 0 0.0 0.0 -999 ""
FIBERMAP 402 R+12C13 METROLOGY 0 0 0 1 0 0 118.2555690060882 225.56905464796955 143.1 202.21795349099946 154.70830591370068 288.35617 141.96577 -999.0 -999.0 -999.0 -999.0 -999.0 257.2285536707064 18.811277148864157 257.1562651443862 18.78429604565171 27.40565950004403 84.39666115083656 -999.0 6231.0 -999.0 -1 -999 {-999.0 -999.0 -999.0 -999.0 -999.0} "" -999.0 -999.0 -999.0 -999.0 -999 -999 "" "" "" "" 0 0 0.0 0.0 -999 ""
FIBERMAP 404 R+1C23 APOGEE 0 0 0 1 0 0 215.7712906988493 8.328877741785107 143.1 199.13767100472418 -83.32323640652038 272.6807 130.2796 -999.0 -999.0 -999.0 -999.0 -999.0 257.2067716707234 17.733099872762487 257.1375238283674 17.706394899552702 26.913286399029317 85.47455819176713 -999.0 16600.0 -999.0 2 -999 {-999.0 -999.0 -999.0 -999.0 -999.0} "" -999.0 -999.0 -999.0 -999.0 -999 -999 "" "" "" "" 0 0 0.0 0.0 -999 ""
FIBERMAP 404 R+1C23 BOSS 1 1 0 1 0 0 215.23175876765833 7.807486807169681 143.1 198.4289123249881 -83.56872719997713 272.6807 130.2796 257.20383483648743 17.731849870801256 -4.608263 -19.883982 0.13870856 257.20382126688963 17.73179410156511 257.13420983650974 17.70527142203778 26.915530719700328 85.47734893067222 5400.0 5400.0 2016.0 1 182 {-999.0 15.6893215 15.0872135 14.813557 -999.0} sdss_psfmag 15.536933 15.095247 14.472194 13.211 63050395763859352 1076061700 bright_1x1 mwm_halo_mp_xp_boss_single mwm_halo science 0 0 0.0 0.0 -999 ""
FIBERMAP 404 R+1C23 METROLOGY 0 0 0 1 0 0 215.05543918717382 8.539159918261607 143.1 198.5772043361739 -82.83109389009289 272.6807 130.2796 -999.0 -999.0 -999.0 -999.0 -999.0 257.20444759509786 17.735189973606584 257.13493167496495 17.708613688504286 26.916513367664024 85.47368419704821 -999.0 6231.0 -999.0 -1 -999 {-999.0 -999.0 -999.0 -999.0 -999.0} "" -999.0 -999.0 -999.0 -999.0 -999 -999 "" "" "" "" 0 0 0.0 0.0 -999 ""
FIBERMAP 409 R+9C6 APOGEE 0 0 0 1 0 0 -78.60599325025848 165.6574314840614 143.1 -1.4998266796643076 183.29979208017502 225.42482 153.5101 -999.0 -999.0 -999.0 -999.0 -999.0 256.25381510250764 18.948833106032286 256.1823970577641 18.918864032064203 28.283660622025778 84.74820594870414 -999.0 16600.0 -999.0 2 17 {-999.0 -999.0 -999.0 -999.0 -999.0} "" -999.0 -999.0 -999.0 -999.0 -999 -999 "" ops_sky_apogee_best_unassigned ops_sky sky_apogee 0 0 0.0 0.0 -999 ""
FIBERMAP 409 R+9C6 BOSS 1 1 0 1 0 0 -79.3096363375976 165.4135000959366 143.1 -2.2405219783121657 183.3749784097829 225.42482 153.5101 256.2506103515625 18.949058987609774 -999.0 -999.0 -999.0 256.2506103515625 18.949058987609778 256.17884118174607 18.919256571543283 28.286820845212283 84.74958866244249 5400.0 5400.0 2015.5 1 147 {-999.0 -999.0 -999.0 -999.0 -999.0} "" -999.0 -999.0 -999.0 -999.0 27021603155090331 821093199 "" ops_sky_boss_good ops_sky sky_boss 0 0 0.0 0.0 -999 ""
FIBERMAP 409 R+9C6 METROLOGY 0 0 0 1 0 0 -79.18095461199782 166.15554723774255 143.1 -1.8113302212627043 183.99356244682997 225.42482 153.5101 -999.0 -999.0 -999.0 -999.0 -999.0 256.25257976369454 18.95188414730955 256.18090147726843 18.922036323634735 28.28638887289079 84.74576465525126 -999.0 6231.0 -999.0 -1 -999 {-999.0 -999.0 -999.0 -999.0 -999.0} "" -999.0 -999.0 -999.0 -999.0 -999 -999 "" "" "" "" 0 0 0.0 0.0 -999 ""
FIBERMAP 410 R-2C2 APOGEE 0 0 0 1 0 0 -242.08200803675464 -46.33033710222312 143.1 -238.9971499606479 59.95013960741674 251.00298 156.27484 -999.0 -999.0 -999.0 -999.0 -999.0 255.1183210148217 18.387583266077776 255.0494565398684 18.35462615622402 28.969831194244918 85.88748273015352 -999.0 16600.0 -999.0 2 -999 {-999.0 -999.0 -999.0 -999.0 -999.0} "" -999.0 -999.0 -999.0 -999.0 -999 -999 "" "" "" "" 0 0 0.0 0.0 -999 ""
FIBERMAP 410 R-2C2 BOSS 1 1 0 1 0 0 -242.5761497296018 -46.90008293857145 143.1 -239.68512064931804 59.64169101885707 251.00298 156.27484 255.11540231627126 18.386004636337386 -2.053546 -1.6308962 0.039959446 255.11539624679787 18.386000062110842 255.04619654913017 18.353207407976434 28.971901345447847 85.89057136568773 5400.0 5400.0 2016.0 1 435 {-999.0 15.676143 14.681758 14.250365 -999.0} sdss_psfmag_from_g3xp 15.342858 14.674569 13.883628 12.244 63050395765428634 1061612402 bright_1x1 manual_mwm_halo_distant_kgiant_near_boss_single mwm_halo science 0 0 0.0 0.0 -999 ""
FIBERMAP 410 R-2C2 METROLOGY 0 0 0 1 0 0 -242.8140015884217 -46.18595074265385 143.1 -239.60000467841422 60.38933584180212 251.00298 156.27484 -999.0 -999.0 -999.0 -999.0 -999.0 255.11570384432474 18.389433934207194 255.0465919018568 18.356591965267878 28.9731540005112 85.8869518565487 -999.0 6231.0 -999.0 -1 -999 {-999.0 -999.0 -999.0 -999.0 -999.0} "" -999.0 -999.0 -999.0 -999.0 -999 -999 "" "" "" "" 0 0 0.0 0.0 -999 ""
FIBERMAP 415 R-2C4 APOGEE 0 0 0 1 0 0 -197.98865747416676 -28.081014532266273 143.1 -191.33382597140633 57.925518649987616 59.05145 129.74933 -999.0 -999.0 -999.0 -999.0 -999.0 255.34391960203365 18.379552470255476 255.27485825300982 18.347235844367216 28.777335322537212 85.7805406179433 -999.0 16600.0 -999.0 2 -999 {-999.0 -999.0 -999.0 -999.0 -999.0} "" -999.0 -999.0 -999.0 -999.0 -999 -999 "" "" "" "" 0 0 0.0 0.0 -999 ""
FIBERMAP 415 R-2C4 BOSS 1 1 0 1 0 0 -197.2619653976842 -27.95459193753809 143.1 -190.6217234445543 57.73408516799407 59.05145 129.74933 255.3477411172214 18.37865795734674 -49.031326 -42.90006 1.5021422 255.34759620619653 18.378537634133178 255.27818946317063 18.346405232146733 28.774152764181423 85.77968819328406 5400.0 5400.0 2016.0 1 474 {-999.0 15.908624 15.231461 14.996185 -999.0} sdss_psfmag 15.722003 15.265637 14.637411 13.411 63050395765428399 1072653092 bright_1x1 mwm_halo_local_high_boss_single mwm_halo science 0 0 0.0 0.0 -999 ""
FIBERMAP 415 R-2C4 METROLOGY 0 0 0 1 0 0 -197.52264441548363 -28.66367550543045 143.1 -191.15670804969864 57.20097991062206 59.05145 129.74933 -999.0 -999.0 -999.0 -999.0 -999.0 255.34496828277923 18.376155344724896 255.27566750197695 18.343967476415504 28.775125727405452 85.78342460143995 -999.0 6231.0 -999.0 -1 -999 {-999.0 -999.0 -999.0 -999.0 -999.0} "" -999.0 -999.0 -999.0 -999.0 -999 -999 "" "" "" "" 0 0 0.0 0.0 -999 ""
FIBERMAP 417 R+13C12 APOGEE 1 1 0 1 0 0 115.03003692805082 243.1875596131517 143.1 206.71375541084183 172.04066194944718 355.57376 86.95822 257.2495769236037 18.889147576511427 13.993892 -32.242966 7.392393 257.24961840669715 18.889057143635796 257.1773719595014 18.861971196629558 27.424297449270988 84.30878466202539 16000.0 16600.0 2016.0 2 93 {-999.0 9.984538 9.624412 9.50101 -999.0} sdss_psfmag_from_g3xp 9.929818 9.636434 9.172863 8.414 63050395765450385 975093927 "" ops_std_apogee ops_std standard_apogee 0 0 0.0 0.0 -999 ""
FIBERMAP 417 R+13C12 BOSS 0 0 0 1 0 0 114.94583514701142 242.4453077864819 143.1 206.3248053600036 171.40315907643745 355.57376 86.95822 -999.0 -999.0 -999.0 -999.0 -999.0 257.24814869020287 18.886039473086903 257.1755433748418 18.859134483827827 27.42450245719214 84.31252102346718 -999.0 5400.0 -999.0 1 92 {-999.0 -999.0 -999.0 -999.0 -999.0} "" -999.0 -999.0 -999.0 -999.0 -999 -999 "" "" "" "" 0 0 0.0 0.0 -999 ""
FIBERMAP 417 R+13C12 METROLOGY 0 0 0 1 0 0 114.34659658032646 242.87997606935053 143.1 205.96456914087813 172.04962918486268 355.57376 86.95822 -999.0 -999.0 -999.0 -999.0 -999.0 257.24633550937 18.889021556072752 257.1738280991576 18.862058142226523 27.427303274804892 84.31046268681433 -999.0 6231.0 -999.0 -1 -999 {-999.0 -999.0 -999.0 -999.0 -999.0} "" -999.0 -999.0 -999.0 -999.0 -999 -999 "" "" "" "" 0 0 0.0 0.0 -999 ""
FIBERMAP 422 R+8C8 APOGEE 0 0 0 1 0 0 -41.883881191688126 175.04699696203232 143.1 35.74894368948645 176.34692326731775 134.40741 51.011364 -999.0 -999.0 -999.0 -999.0 -999.0 256.43268736127084 18.916759955862908 256.3611770007377 18.88731526204902 28.119279775283275 84.6905490491971 -999.0 16600.0 -999.0 2 -999 {-999.0 -999.0 -999.0 -999.0 -999.0} "" -999.0 -999.0 -999.0 -999.0 -999 -999 "" "" "" "" 0 0 0.0 0.0 -999 ""
FIBERMAP 422 R+8C8 BOSS 1 1 0 1 0 0 -41.132324687504884 175.13454715351904 143.1 36.467218069778234 176.10977402297198 134.40741 51.011364 256.43650895262374 18.915646715755386 -2.2020988 -35.48109 1.1152338 256.43650242375116 18.915547200812533 256.36463570965714 18.88629114220981 28.115906975276253 84.68984851261759 5400.0 5400.0 2016.0 1 132 {-999.0 17.131111 16.326008 15.975982 -999.0} sdss_psfmag 16.89025 16.344364 15.631052 14.223 63050395765435405 1072706513 bright_1x1 mwm_halo_local_high_boss_single mwm_halo science 0 0 0.0 0.0 -999 ""
FIBERMAP 422 R+8C8 METROLOGY 0 0 0 1 0 0 -41.43372385864849 174.45200086454724 143.1 35.90649087265242 175.61787866778496 134.40741 51.011364 -999.0 -999.0 -999.0 -999.0 -999.0 256.433701317765 18.913380369344875 256.3619435533899 18.884067077751258 28.117125102943234 84.6934250401319 -999.0 6231.0 -999.0 -1 -999 {-999.0 -999.0 -999.0 -999.0 -999.0} "" -999.0 -999.0 -999.0 -999.0 -999 -999 "" "" "" "" 0 0 0.0 0.0 -999 ""
FIBERMAP 423 R-11C2 APOGEE 0 0 0 1 0 0 -136.55725581070985 -212.20371089174708 143.1 -213.18227427978098 -134.88259287482722 329.88742 149.49261 -999.0 -999.0 -999.0 -999.0 -999.0 255.2447302925034 17.505631008280577 255.17799278058658 17.473400341655346 28.44651044848937 86.70780552346702 -999.0 16600.0 -999.0 2 -999 {-999.0 -999.0 -999.0 -999.0 -999.0} "" -999.0 -999.0 -999.0 -999.0 -999 -999 "" "" "" "" 0 0 0.0 0.0 -999 ""
FIBERMAP 423 R-11C2 BOSS 1 1 0 1 0 0 -136.1885247130297 -212.9621670541099 143.1 -213.1673956543449 -135.7255455392789 329.88742 149.49261 255.24518762924387 17.501659436069794 -6.945242 -7.0110064 0.08084396 255.2451672041936 17.501639772076313 255.17809291463888 17.469590364293936 28.44461750247983 86.71156755067076 5400.0 5400.0 2016.0 1 428 {-999.0 18.403816 18.024164 17.878098 -999.0} sdss_psfmag 18.32953 18.031849 17.546345 16.253 63050395765289334 976253255 "" ops_std_boss ops_std standard_boss 0 0 0.0 0.0 -999 ""
FIBERMAP 423 R-11C2 METROLOGY 0 0 0 1 0 0 -136.9280041056273 -212.85117338666672 143.1 -213.79110116781752 -135.31347216585337 329.88742 149.49261 -999.0 -999.0 -999.0 -999.0 -999.0 255.24212242698482 17.503562646791018 255.1751443503914 17.471453247925528 28.44797724144275 86.71122163323219 -999.0 6231.0 -999.0 -1 -999 {-999.0 -999.0 -999.0 -999.0 -999.0} "" -999.0 -999.0 -999.0 -999.0 -999 -999 "" "" "" "" 0 0 0.0 0.0 -999 ""
FIBERMAP 425 R-10C2 APOGEE 0 0 0 1 0 0 -139.5176168649411 -200.7842801711378 143.1 -211.05686788140025 -123.28233111747414 18.597841 71.78991 -999.0 -999.0 -999.0 -999.0 -999.0 255.25423806299403 17.557941311380237 255.18735906149732 17.525715412785843 28.46347602068259 86.65060811519595 -999.0 16600.0 -999.0 2 -999 {-999.0 -999.0 -999.0 -999.0 -999.0} "" -999.0 -999.0 -999.0 -999.0 -999 -999 "" "" "" "" 0 0 0.0 0.0 -999 ""
FIBERMAP 425 R-10C2 BOSS 1 1 0 1 0 0 -139.50396859189362 -201.5088979785144 143.1 -211.3496750299086 -123.94505675352242 18.597841 71.78991 255.25329410981047 17.55485805762952 -28.45185 -34.245083 1.2189121 255.25321041212368 17.554762009339267 255.18599437007936 17.5227124737558 28.46319703683683 86.6543173946524 5400.0 5400.0 2016.0 1 427 {-999.0 14.7542095 14.185046 13.983878 -999.0} sdss_psfmag_from_g3xp 14.618021 14.216688 13.643441 12.572 63050395765289430 1072569154 bright_1x1 mwm_halo_local_high_boss_single mwm_halo science 0 0 0.0 0.0 -999 ""
FIBERMAP 425 R-10C2 METROLOGY 0 0 0 1 0 0 -140.15947361972593 -201.16465089405017 143.1 -211.799007414087 -123.35687008080848 18.597841 71.78991 -999.0 -999.0 -999.0 -999.0 -999.0 255.25097870295298 17.557477792433037 255.18385576600838 17.525370434928895 28.466253189963794 86.65275633167698 -999.0 6231.0 -999.0 -1 -999 {-999.0 -999.0 -999.0 -999.0 -999.0} "" -999.0 -999.0 -999.0 -999.0 -999 -999 "" "" "" "" 0 0 0.0 0.0 -999 ""
FIBERMAP 428 R+3C23 APOGEE 0 0 0 1 0 0 243.22086785379736 43.91395155483769 143.1 239.01201205369745 -62.62060915234502 325.02203 91.52835 -999.0 -999.0 -999.0 -999.0 -999.0 257.39583854124083 17.825900585842536 257.3261651485393 17.799703350345556 26.799485593289717 85.28688588484135 -999.0 16600.0 -999.0 2 -999 {-999.0 -999.0 -999.0 -999.0 -999.0} "" -999.0 -999.0 -999.0 -999.0 -999 -999 "" "" "" "" 0 0 0.0 0.0 -999 ""
FIBERMAP 428 R+3C23 BOSS 1 1 0 1 0 0 242.81964503246508 43.31193416722539 143.1 238.39469506727414 -62.9974507539719 325.02203 91.52835 257.39327710387585 17.824171988530896 11.433717 -56.558475 3.6785982 257.3933107892424 17.824013357173573 257.32327362259997 17.798000270887332 26.801100490299916 85.29002938119525 5400.0 5400.0 2016.0 1 186 {-999.0 18.138577 16.696716 15.523126 -999.0} sdss_psfmag 17.449486 16.712942 15.04541 12.778 63050395763859560 1094207791 bright_1x1 mwm_bin_vis_boss mwm_filler science 0 0 0.0 0.0 -999 ""
FIBERMAP 428 R+3C23 METROLOGY 0 0 0 1 0 0 242.4767759613184 43.96862546140072 143.1 238.36040486248274 -62.25765569611579 325.02203 91.52835 -999.0 -999.0 -999.0 -999.0 -999.0 257.3930811063621 17.82741758978983 257.3231400248213 17.801348568374163 26.80280166354664 85.28679519414345 -999.0 6231.0 -999.0 -1 -999 {-999.0 -999.0 -999.0 -999.0 -999.0} "" -999.0 -999.0 -999.0 -999.0 -999 -999 "" "" "" "" 0 0 0.0 0.0 -999 ""
FIBERMAP 432 R+11C15 APOGEE 0 0 0 1 0 0 153.1512836946155 203.7190450785696 143.1 224.65389514512034 120.20116600369876 304.07016 122.977844 -999.0 -999.0 -999.0 -999.0 -999.0 257.33423783952514 18.654293730155665 257.26251107961434 18.627554488289455 27.24334892826616 84.49951801871879 -999.0 16600.0 -999.0 2 -999 {-999.0 -999.0 -999.0 -999.0 -999.0} "" -999.0 -999.0 -999.0 -999.0 -999 -999 "" "" "" "" 0 0 0.0 0.0 -999 ""
FIBERMAP 432 R+11C15 BOSS 1 1 0 1 0 0 152.8861311802921 203.04603505168035 143.1 224.13004742807496 119.70265102636405 304.07016 122.977844 257.33169416894026 18.65191678936215 0.2248745 -5.635204 2.4808366 257.3321397994994 18.651900984126783 257.26005385542175 18.625341614615017 27.244368212860373 84.50294447242123 5400.0 5400.0 2016.0 1 178 {-999.0 12.578279 11.689539 11.405786 -999.0} sdss_psfmag_from_g3xp 12.299855 11.755802 11.056503 9.695 63050395765445337 996737881 bright_1x1 mwm_bin_gaia_sb_boss mwm_bin science 0 0 1.5177415609359741 0.0 -999 ""
FIBERMAP 432 R+11C15 METROLOGY 0 0 0 1 0 0 152.41144414057365 203.62261160519554 143.1 223.94250268262493 120.42532645368087 304.07016 122.977844 -999.0 -999.0 -999.0 -999.0 -999.0 257.3311534577791 18.655225568056164 257.2591635863911 18.628609683602104 27.24664553075028 84.5001424771034 -999.0 6231.0 -999.0 -1 -999 {-999.0 -999.0 -999.0 -999.0 -999.0} "" -999.0 -999.0 -999.0 -999.0 -999 -999 "" "" "" "" 0 0 0.0 0.0 -999 ""
FIBERMAP 436 R+4C3 APOGEE 0 0 0 1 0 0 -212.60820083041085 60.61512486311615 143.1 -167.23325684676715 144.4994068595166 288.24713 56.133698 -999.0 -999.0 -999.0 -999.0 -999.0 255.4591851209632 18.77213389741707 255.38899906568156 18.739980850309838 28.865055421718026 85.32646943052958 -999.0 16600.0 -999.0 2 149 {-999.0 -999.0 -999.0 -999.0 -999.0} "" -999.0 -999.0 -999.0 -999.0 -999 -999 "" ops_sky_apogee_best_unassigned ops_sky sky_apogee 0 0 0.0 0.0 -999 ""
FIBERMAP 436 R+4C3 BOSS 1 1 0 1 0 0 -213.31663442012695 60.81569396660224 143.1 -167.79108880423888 144.97961883515342 288.24713 56.133698 255.45684814453122 18.774138740839618 -999.0 -999.0 -999.0 255.45684814453122 18.774138740839618 255.38631427511535 18.742150103477634 28.86831552276975 85.32562892070985 5400.0 5400.0 2015.5 1 29 {-999.0 -999.0 -999.0 -999.0 -999.0} "" -999.0 -999.0 -999.0 -999.0 27021603155090804 813301562 "" ops_sky_boss_good ops_sky sky_boss 0 0 0.0 0.0 -999 ""
FIBERMAP 436 R+4C3 METROLOGY 0 0 0 1 0 0 -212.7837957879677 61.334609098326354 143.1 -167.08944134347462 145.22568389494992 288.24713 56.133698 -999.0 -999.0 -999.0 -999.0 -999.0 255.4601026587104 18.775314526831682 255.38966024134515 18.743285923723988 28.866040054679473 85.32279657113907 -999.0 6231.0 -999.0 -1 -999 {-999.0 -999.0 -999.0 -999.0 -999.0} "" -999.0 -999.0 -999.0 -999.0 -999 -999 "" "" "" "" 0 0 0.0 0.0 -999 ""
FIBERMAP 440 R+8C4 APOGEE 0 0 0 1 0 0 -136.31907105044124 164.67981308642487 143.1 -54.23734478098244 206.71997971848268 70.008995 143.85497 -999.0 -999.0 -999.0 -999.0 -999.0 256.0008703225474 19.05459877426412 255.92942445549932 19.023865194567136 28.544286225901217 84.76889700221733 -999.0 16600.0 -999.0 2 -999 {-999.0 -999.0 -999.0 -999.0 -999.0} "" -999.0 -999.0 -999.0 -999.0 -999 -999 "" "" "" "" 0 0 0.0 0.0 -999 ""
FIBERMAP 440 R+8C4 BOSS 1 1 0 1 0 0 -135.6748758115319 165.1100941107299 143.1 -53.47206473571814 206.83878516686167 70.008995 143.85497 256.00489191546916 19.05502837806261 -3.2227802 -8.737166 4.0267086 256.0048823524342 19.055003872653955 255.93308209079495 19.024454734602124 28.54149710488604 84.76647558315501 5400.0 5400.0 2016.0 1 57 {-999.0 14.502856 14.044917 13.895101 -999.0} sdss_psfmag_gaia 13.912894 14.0756 13.062179 12.207 63050395765440172 1094675135 bright_1x1 mwm_bin_vis_boss mwm_filler science 0 0 0.0 0.0 -999 ""
FIBERMAP 440 R+8C4 METROLOGY 0 0 0 1 0 0 -135.64350508925006 164.36315457542034 143.1 -53.75820481910757 206.14835743063347 70.008995 143.85497 -999.0 -999.0 -999.0 -999.0 -999.0 256.003402002151 19.051939442319608 255.9317094132997 19.0213386056209 28.541200104504483 84.7703031667188 -999.0 6231.0 -999.0 -1 -999 {-999.0 -999.0 -999.0 -999.0 -999.0} "" -999.0 -999.0 -999.0 -999.0 -999 -999 "" "" "" "" 0 0 0.0 0.0 -999 ""
FIBERMAP 448 R+7C8 APOGEE 0 0 0 1 0 0 -43.86339798266474 117.60106712566298 143.1 9.760170676512024 125.09704854176852 15.626041 25.90062 -999.0 -999.0 -999.0 -999.0 -999.0 256.3072412171888 18.685273554543624 256.23645357215594 18.655567662887723 28.115620650584674 84.9854234798546 -999.0 16600.0 -999.0 2 27 {-999.0 -999.0 -999.0 -999.0 -999.0} "" -999.0 -999.0 -999.0 -999.0 -999 -999 "" ops_sky_apogee_best_unassigned ops_sky sky_apogee 0 0 0.0 0.0 -999 ""
FIBERMAP 448 R+7C8 BOSS 1 1 0 1 0 0 -44.429639769055264 117.12543772642118 143.1 9.0464684193732 124.90429679237094 15.626041 25.90062 256.3041687011719 18.684285664193297 -999.0 -999.0 -999.0 256.3041687011719 18.684285664193293 256.2330314438167 18.654749306309395 28.118104921127248 84.98796160601985 5400.0 5400.0 2015.5 1 104 {-999.0 -999.0 -999.0 -999.0 -999.0} "" -999.0 -999.0 -999.0 -999.0 27021603155089902 813301449 "" ops_sky_boss_good ops_sky sky_boss 0 0 0.0 0.0 -999 ""
FIBERMAP 448 R+7C8 METROLOGY 0 0 0 1 0 0 -44.56422660531602 117.86615147700022 143.1 9.236405155393534 125.6325505910321 15.626041 25.90062 -999.0 -999.0 -999.0 -999.0 -999.0 256.30498871268776 18.687627735142506 256.2339426047927 18.658041891195797 28.118880094499936 84.98420361361099 -999.0 6231.0 -999.0 -1 -999 {-999.0 -999.0 -999.0 -999.0 -999.0} "" -999.0 -999.0 -999.0 -999.0 -999 -999 "" "" "" "" 0 0 0.0 0.0 -999 ""
FIBERMAP 450 R+2C17 APOGEE 0 0 0 1 0 0 78.63423638523031 29.044281946730564 143.1 83.52637561272849 -6.784634652032114 232.63634 106.21836 -999.0 -999.0 -999.0 -999.0 -999.0 256.65912668025294 18.083684250691338 256.58953602144356 18.055244039145247 27.537819054530118 85.40675571762483 -999.0 16600.0 -999.0 2 61 {-999.0 -999.0 -999.0 -999.0 -999.0} "" -999.0 -999.0 -999.0 -999.0 -999 -999 "" ops_sky_apogee_best_unassigned ops_sky sky_apogee 0 0 0.0 0.0 -999 ""
FIBERMAP 450 R+2C17 BOSS 1 1 0 1 0 0 77.92867603984202 29.293995784902044 143.1 82.9918465826921 -6.2610755159501394 232.63634 106.21836 256.6569472445472 18.085911440545416 12.912047 -6.6680202 3.1986086 256.6569853416723 18.085892738533282 256.58703037186837 18.05762915942763 27.541045088648254 85.40565245651595 5400.0 5400.0 2016.0 1 199 {-999.0 19.227348 17.73219 16.548727 -999.0} sdss_psfmag 18.542225 17.226398 16.09166 13.96 63050395765409873 1095396217 bright_1x1 mwm_bin_vis_boss mwm_filler science 0 0 0.0 0.0 -999 ""
FIBERMAP 450 R+2C17 METROLOGY 0 0 0 1 0 0 78.49430783920094 29.784860136492313 143.1 83.71141217412813 -6.0542540355061965 232.63634 106.21836 -999.0 -999.0 -999.0 -999.0 -999.0 256.66032472734037 18.086870825533804 256.59046554084694 18.058564622359548 27.53860726835297 85.40298382646029 -999.0 6231.0 -999.0 -1 -999 {-999.0 -999.0 -999.0 -999.0 -999.0} "" -999.0 -999.0 -999.0 -999.0 -999 -999 "" "" "" "" 0 0 0.0 0.0 -999 ""
FIBERMAP 452 R+12C9 APOGEE 0 0 0 1 0 0 16.31979781434944 253.70654032540494 143.1 121.64793381414393 223.1507271585952 175.30565 27.00692 -999.0 -999.0 -999.0 -999.0 -999.0 256.84464544791354 19.123961596942816 256.7721899007214 19.09561016961224 27.872181507308774 84.27695140059143 -999.0 16600.0 -999.0 2 -999 {-999.0 -999.0 -999.0 -999.0 -999.0} "" -999.0 -999.0 -999.0 -999.0 -999 -999 "" "" "" "" 0 0 0.0 0.0 -999 ""
FIBERMAP 452 R+12C9 BOSS 1 1 0 1 0 0 16.989596648028456 254.01202513401887 143.1 122.38386804599537 223.14560238278162 175.30565 27.00692 256.8485472958942 19.12375018728064 -5.536133 -6.1068883 0.12597315 256.8485308615702 19.123733059096146 256.77571173036074 19.09557168301379 27.86921700862478 84.27524009762824 5400.0 5400.0 2016.0 1 154 {-999.0 14.417552 13.829733 13.559702 -999.0} sdss_psfmag_from_g3xp 14.266597 13.8297415 13.212912 11.938 63050395765470446 1061923293 bright_1x1 manual_mwm_halo_vmp_wise_boss_single mwm_halo science 0 0 0.0 0.0 -999 ""
FIBERMAP 452 R+12C9 METROLOGY 0 0 0 1 0 0 16.922760209276994 253.2671107738099 143.1 122.00954099142325 222.49837189313664 175.30565 27.00692 -999.0 -999.0 -999.0 -999.0 -999.0 256.8466393230167 19.12090299758834 256.77393147081443 19.092686733252563 27.869365475380008 84.27901410995588 -999.0 6231.0 -999.0 -1 -999 {-999.0 -999.0 -999.0 -999.0 -999.0} "" -999.0 -999.0 -999.0 -999.0 -999 -999 "" "" "" "" 0 0 0.0 0.0 -999 ""
FIBERMAP 455 R-2C17 APOGEE 0 0 0 1 0 0 111.03153850103317 -37.7622263939938 143.1 84.76315783993388 -80.99951976560129 72.077995 26.682611 -999.0 -999.0 -999.0 -999.0 -999.0 256.6631683471335 17.74589053087743 256.594432197812 17.717608700067924 27.373943620203924 85.73946626240246 -999.0 16600.0 -999.0 2 238 {-999.0 -999.0 -999.0 -999.0 -999.0} "" -999.0 -999.0 -999.0 -999.0 -999 -999 "" "" "" "" 0 0 0.0 0.0 -999 ""
FIBERMAP 455 R-2C17 BOSS 1 1 0 1 0 0 111.2164464253457 -38.47579891947675 143.1 84.63027576039079 -81.72435919353178 72.077995 26.682611 256.6628889141819 17.74205881169239 7.511333 113.02107 21.896729 256.66291103353325 17.74237580548627 256.59382647482664 17.71427877043972 27.372871886978224 85.74307552120277 5400.0 5400.0 2016.0 1 303 {-999.0 19.019554 17.413633 15.439574 -999.0} sdss_psfmag 18.271336 16.126316 14.781234 12.182 63050395765407065 1132435333 dark_2x1 mwm_snc_100pc_boss mwm_snc science 0 0 0.0 0.0 -999 ""
FIBERMAP 455 R-2C17 METROLOGY 0 0 0 1 0 0 110.48911780236168 -38.27242850070538 143.1 84.0564923560645 -81.2336495267106 72.077995 26.682611 -999.0 -999.0 -999.0 -999.0 -999.0 256.66008042014005 17.74467425276862 256.59109031056914 17.71651758435348 27.376228370680693 85.74224854015921 -999.0 6231.0 -999.0 -1 -999 {-999.0 -999.0 -999.0 -999.0 -999.0} "" -999.0 -999.0 -999.0 -999.0 -999 -999 "" "" "" "" 0 0 0.0 0.0 -999 ""
FIBERMAP 463 R+8C11 APOGEE 0 0 0 1 0 0 39.13810953374157 160.31686593455402 143.1 103.00407126694324 128.86841870969656 51.714405 78.15601 -999.0 -999.0 -999.0 -999.0 -999.0 256.7548715578929 18.699874252063825 256.6836046944537 18.671444817509364 27.748551217289375 84.74537111168286 -999.0 16600.0 -999.0 2 -999 {-999.0 -999.0 -999.0 -999.0 -999.0} "" -999.0 -999.0 -999.0 -999.0 -999 -999 "" "" "" "" 0 0 0.0 0.0 -999 ""
FIBERMAP 463 R+8C11 BOSS 1 1 0 1 0 0 39.62427871569305 159.73980143136913 143.1 103.20182083471103 128.1404650401896 51.714405 78.15601 256.7562153658335 18.6964486417901 -2.3981726 -6.5021267 0.08672873 256.75620826488733 18.696430405068494 256.6845883225971 18.668187145134088 27.74620385698106 84.74813207193586 5400.0 5400.0 2016.0 1 134 {-999.0 14.925028 14.160303 13.814113 -999.0} sdss_psfmag_from_g3xp 14.699692 14.160005 13.458384 12.019 63050395765418911 1071091353 bright_1x1 mwm_halo_vmp_xp_boss_single mwm_halo science 0 0 0.0 0.0 -999 ""
FIBERMAP 463 R+8C11 METROLOGY 0 0 0 1 0 0 38.887973542767995 159.6139477554382 143.1 102.48124216415914 128.33646300447904 51.714405 78.15601 -999.0 -999.0 -999.0 -999.0 -999.0 256.75264942482204 18.69738942768353 256.6811326875297 18.669084268305085 27.749517011906995 84.74896641582251 -999.0 6231.0 -999.0 -1 -999 {-999.0 -999.0 -999.0 -999.0 -999.0} "" -999.0 -999.0 -999.0 -999.0 -999 -999 "" "" "" "" 0 0 0.0 0.0 -999 ""
FIBERMAP 466 R+5C5 APOGEE 1 1 0 1 0 0 -130.13446169453854 89.10549346975884 143.1 -80.45906858678157 135.59551231500777 5.0148034 81.64083 255.87403246119425 18.733412499176804 3.2329433 -18.487913 2.8812385 255.87404203597188 18.733360645538795 255.80355454446854 18.702399615804683 28.500153171564584 85.15582810746234 16000.0 16600.0 2016.0 2 128 {-999.0 10.383826 10.214179 10.1856575 -999.0} sdss_psfmag_from_g3xp 10.395349 10.202199 9.863657 9.366 63050395765433825 975093912 "" ops_std_apogee ops_std standard_apogee 0 0 0.0 0.0 -999 ""
FIBERMAP 466 R+5C5 BOSS 0 0 0 1 0 0 -130.18890557447733 88.36251985533171 143.1 -80.821342512392 134.9448221364128 5.0148034 81.64083 -999.0 -999.0 -999.0 -999.0 -999.0 255.87261605511776 18.730284066277733 255.80178714317776 18.699495362332083 28.500279475981742 85.15963981370373 -999.0 5400.0 -999.0 1 42 {-999.0 -999.0 -999.0 -999.0 -999.0} "" -999.0 -999.0 -999.0 -999.0 -999 -999 "" "" "" "" 0 0 0.0 0.0 -999 ""
FIBERMAP 466 R+5C5 METROLOGY 0 0 0 1 0 0 -130.81109270904275 88.77941480126579 143.1 -81.20987059049087 135.58484304329016 5.0148034 81.64083 -999.0 -999.0 -999.0 -999.0 -999.0 255.87066679915955 18.733221733369984 255.7999313837787 18.702376712138804 28.50317819417205 85.15767237223594 -999.0 6231.0 -999.0 -1 -999 {-999.0 -999.0 -999.0 -999.0 -999.0} "" -999.0 -999.0 -999.0 -999.0 -999 -999 "" "" "" "" 0 0 0.0 0.0 -999 ""
FIBERMAP 469 R+1C6 APOGEE 0 0 0 1 0 0 -169.97037828176616 -2.646459903690193 143.1 -155.2188809214313 69.18562327782358 340.37958 19.346022 -999.0 -999.0 -999.0 -999.0 -999.0 255.51582171276488 18.431270887782837 255.44646101414128 18.399419369219437 28.657879589468834 85.64100429842671 -999.0 16600.0 -999.0 2 -999 {-999.0 -999.0 -999.0 -999.0 -999.0} "" -999.0 -999.0 -999.0 -999.0 -999 -999 "" "" "" "" 0 0 0.0 0.0 -999 ""
FIBERMAP 469 R+1C6 BOSS 1 1 0 1 0 0 -170.72216782348417 -2.661752774099754 143.1 -155.9069345559708 69.48838304491989 340.37958 19.346022 255.5128382101597 18.432475751537282 -1.6537983 2.5813 1.5150744 255.51283332086288 18.43248299139146 255.44312619213687 18.400796626313436 28.66132056275236 85.64130582611213 5400.0 5400.0 2016.0 1 20 {-999.0 20.140142 18.642534 17.733227 -999.0} sdss_psfmag 19.445395 18.36737 17.305492 15.222 63050395765425115 1095348846 bright_1x1 mwm_bin_vis_boss mwm_filler science 0 0 0.0 0.0 -999 ""
FIBERMAP 469 R+1C6 METROLOGY 0 0 0 1 0 0 -170.36138046250832 -2.0110236164302826 143.1 -155.30576299288194 69.92641923400306 340.37958 19.346022 -999.0 -999.0 -999.0 -999.0 -999.0 255.51561361336627 18.434526095820313 255.44599629101322 18.402797536549194 28.659850861800912 85.63783778367929 -999.0 6231.0 -999.0 -1 -999 {-999.0 -999.0 -999.0 -999.0 -999.0} "" -999.0 -999.0 -999.0 -999.0 -999 -999 "" "" "" "" 0 0 0.0 0.0 -999 ""
FIBERMAP 481 R+7C10 APOGEE 0 0 0 1 0 0 -5.691521785566388 140.9041322696996 143.1 54.1832110975912 130.148321950237 329.6183 168.4239 -999.0 -999.0 -999.0 -999.0 -999.0 256.5207099721191 18.70724591323982 256.4496554920386 18.678141541613062 27.947596449453435 84.85587553729482 -999.0 16600.0 -999.0 2 30 {-999.0 -999.0 -999.0 -999.0 -999.0} "" -999.0 -999.0 -999.0 -999.0 -999 -999 "" ops_sky_apogee_best_unassigned ops_sky sky_apogee 0 0 0.0 0.0 -999 ""
FIBERMAP 481 R+7C10 BOSS 1 1 0 1 0 0 -5.117242780719711 140.435311635233 143.1 54.50643396556808 129.48139949806352 329.6183 168.4239 256.5227258204681 18.70412531452768 -30.75409 -14.348634 0.6351662 256.5226347540427 18.704085070436374 256.45122892797156 18.675166721991094 27.94488835895077 84.8580639719077 5400.0 5400.0 2016.0 1 127 {-999.0 16.357447 15.926989 15.739583 -999.0} sdss_psfmag 16.270542 15.9179735 15.389554 14.397 63050395765419136 1072653059 bright_1x1 mwm_halo_local_high_boss_single mwm_halo science 0 0 0.0 0.0 -999 ""
FIBERMAP 481 R+7C10 METROLOGY 0 0 0 1 0 0 -5.805903650360917 140.15446384391086 143.1 53.7637745695861 129.51680549050351 329.6183 168.4239 -999.0 -999.0 -999.0 -999.0 -999.0 256.5189635324307 18.704306881404893 256.4476619519163 18.6753271818176 27.947950629616336 84.8596912806712 -999.0 6231.0 -999.0 -1 -999 {-999.0 -999.0 -999.0 -999.0 -999.0} "" -999.0 -999.0 -999.0 -999.0 -999 -999 "" "" "" "" 0 0 0.0 0.0 -999 ""
FIBERMAP 483 R+13C1 APOGEE 1 1 0 1 0 0 -160.1839674814033 238.24616773110824 143.1 -44.89119912972962 283.4701811806928 272.37994 58.280437 256.04707458996876 19.39753971577676 -0.88806945 6.548608 1.9980103 256.04707194927806 19.39755808286532 255.97468537048306 19.36681409838878 28.665148258590072 84.40010324017939 16000.0 16600.0 2016.0 2 135 {-999.0 11.436791 11.0719385 10.971538 -999.0} sdss_psfmag_from_g3xp 11.380631 11.094621 10.643238 9.942 63050395765477382 975094008 "" ops_std_apogee ops_std standard_apogee 0 0 0.0 0.0 -999 ""
FIBERMAP 483 R+13C1 BOSS 0 0 0 1 0 0 -160.81153651876875 238.64858860083356 143.1 -45.290702659898905 284.09934576344665 272.37994 58.280437 -999.0 -999.0 -999.0 -999.0 -999.0 256.0455237558888 19.400158915193455 255.97278133185057 19.369581487818202 28.668019147188183 84.39825046747188 -999.0 5400.0 -999.0 1 7 {-999.0 -999.0 -999.0 -999.0 -999.0} "" -999.0 -999.0 -999.0 -999.0 -999 -999 "" "" "" "" 0 0 0.0 0.0 -999 ""
FIBERMAP 483 R+13C1 METROLOGY 0 0 0 1 0 0 -160.16610521700107 239.00443802365206 143.1 -44.5556496876981 284.150146933391 272.37994 58.280437 -999.0 -999.0 -999.0 -999.0 -999.0 256.0489463109231 19.40043675836672 255.97629896464161 19.36982027092618 28.665185593754032 84.39626313371281 -999.0 6231.0 -999.0 -1 -999 {-999.0 -999.0 -999.0 -999.0 -999.0} "" -999.0 -999.0 -999.0 -999.0 -999 -999 "" "" "" "" 0 0 0.0 0.0 -999 ""
FIBERMAP 488 R+13C8 APOGEE 0 0 0 1 0 0 17.112817934982715 240.32958827429397 143.1 116.73306608874226 210.68847261826406 298.32196 116.33227 -999.0 -999.0 -999.0 -999.0 -999.0 256.8211573382433 19.068359924347508 256.74886977408164 19.039964532097805 27.865819521517146 84.34427193680642 -999.0 16600.0 -999.0 2 37 {-999.0 -999.0 -999.0 -999.0 -999.0} "" -999.0 -999.0 -999.0 -999.0 -999 -999 "" ops_sky_apogee_best_unassigned ops_sky sky_apogee 0 0 0.0 0.0 -999 ""
FIBERMAP 488 R+13C8 BOSS 1 1 0 1 0 0 16.69254130130273 239.72381778741774 143.1 116.09689322816645 210.31625299452648 298.32196 116.33227 256.81849421922504 19.066587236071065 -1.4343115 -7.108677 0.09501392 256.8184899628605 19.066567298138875 256.74584954185497 19.038343959300768 27.867593029400382 84.3473970192889 5400.0 5400.0 2016.0 1 166 {-999.0 16.138094 15.287639 14.966085 -999.0} sdss_psfmag 15.858302 15.304768 14.596066 13.083 63050395765470328 1061672861 bright_1x1 manual_mwm_halo_distant_kgiant_near_boss_single mwm_halo science 0 0 0.0 0.0 -999 ""
FIBERMAP 488 R+13C8 METROLOGY 0 0 0 1 0 0 16.36267720695739 240.3986852164451 143.1 116.08204913063945 211.0670503138427 298.32196 116.33227 -999.0 -999.0 -999.0 -999.0 -999.0 256.8183142783201 19.069982531878235 256.74576713871704 19.041706527695556 27.869226092326365 84.3440708488244 -999.0 6231.0 -999.0 -1 -999 {-999.0 -999.0 -999.0 -999.0 -999.0} "" -999.0 -999.0 -999.0 -999.0 -999 -999 "" "" "" "" 0 0 0.0 0.0 -999 ""
FIBERMAP 489 R-5C2 APOGEE 0 0 0 1 0 0 -213.6716724462508 -76.33454902501397 143.1 -225.87544134237626 20.781355517074072 152.3698 42.771095 -999.0 -999.0 -999.0 -999.0 -999.0 255.18053985735548 18.210445030098448 255.11207028168621 18.1777369141085 28.834384881379506 86.03411906282605 -999.0 16600.0 -999.0 2 -999 {-999.0 -999.0 -999.0 -999.0 -999.0} "" -999.0 -999.0 -999.0 -999.0 -999 -999 "" "" "" "" 0 0 0.0 0.0 -999 ""
FIBERMAP 489 R-5C2 BOSS 1 1 0 1 0 0 -212.96335715030943 -76.13695732647328 143.1 -225.15002647933193 20.66218737464 152.3698 42.771095 255.18422885869097 18.209765624903177 14.331829 -6.915295 1.3735374 255.18427117486794 18.209746229350436 255.11545667922928 18.177222359380487 28.831302623901102 86.03291336228733 5400.0 5400.0 2016.0 1 487 {-999.0 21.601353 20.061169 18.663816 -999.0} sdss_psfmag 20.689962 19.38619 18.175667 16.074 63050395765426266 1096106783 bright_1x1 mwm_bin_vis_boss mwm_filler science 0 0 0.0 0.0 -999 ""
FIBERMAP 489 R-5C2 METROLOGY 0 0 0 1 0 0 -213.1419418177652 -76.85995119645605 143.1 -225.61643841724685 20.081895276741673 152.3698 42.771095 -999.0 -999.0 -999.0 -999.0 -999.0 255.18198611582483 18.207155872209885 255.11327740047034 18.174577590133833 28.831888923154338 86.0366885818778 -999.0 6231.0 -999.0 -1 -999 {-999.0 -999.0 -999.0 -999.0 -999.0} "" -999.0 -999.0 -999.0 -999.0 -999 -999 "" "" "" "" 0 0 0.0 0.0 -999 ""
FIBERMAP 493 R+8C15 APOGEE 0 0 0 1 0 0 94.17425001233521 142.6293220881121 143.1 145.45347885540707 89.65281440022409 285.2859 28.473654 -999.0 -999.0 -999.0 -999.0 -999.0 256.957336295316 18.520328665579527 256.8863310021286 18.49255873932227 27.494977572394546 84.82212862832097 -999.0 16600.0 -999.0 2 78 {-999.0 -999.0 -999.0 -999.0 -999.0} "" -999.0 -999.0 -999.0 -999.0 -999 -999 "" ops_sky_apogee_best_unassigned ops_sky sky_apogee 0 0 0.0 0.0 -999 ""
FIBERMAP 493 R+8C15 BOSS 1 1 0 1 0 0 93.66196187787259 143.16947609110267 143.1 145.2165031434237 90.35830333119053 285.2859 28.473654 256.95667783191107 18.523369062783946 -16.907124 6.039583 13.746429 256.9566278211076 18.523386002188413 256.8852549710516 18.49579458196035 27.497397254306755 84.8194472318285 5400.0 5400.0 2016.0 1 230 {-999.0 19.443018 17.904745 16.405804 -999.0} sdss_psfmag 18.805601 17.313864 15.894734 13.527 63050395765417418 1132425430 dark_2x1 mwm_snc_100pc_boss mwm_snc science 0 0 0.0 0.0 -999 ""
FIBERMAP 493 R+8C15 METROLOGY 0 0 0 1 0 0 94.38569598894 143.34707735511216 143.1 145.94747832486348 90.21451696754785 285.2859 28.473654 -999.0 -999.0 -999.0 -999.0 -999.0 256.96000639804845 18.522747498261815 256.88873144489105 18.495115652690437 27.494167230294124 84.81837893234842 -999.0 6231.0 -999.0 -1 -999 {-999.0 -999.0 -999.0 -999.0 -999.0} "" -999.0 -999.0 -999.0 -999.0 -999 -999 "" "" "" "" 0 0 0.0 0.0 -999 ""
FIBERMAP 495 R+5C10 APOGEE 0 0 0 1 0 0 -35.332258308795225 78.4989214754589 143.1 1.0266273759513633 86.05194786019766 304.15335 73.0319 -999.0 -999.0 -999.0 -999.0 -999.0 256.2648123741775 18.508024049162604 256.19452354948555 18.478271748204413 28.06779475782652 85.18412048045968 -999.0 16600.0 -999.0 2 7 {-999.0 -999.0 -999.0 -999.0 -999.0} "" -999.0 -999.0 -999.0 -999.0 -999 -999 "" ops_sky_apogee_best_unassigned ops_sky sky_apogee 0 0 0.0 0.0 -999 ""
FIBERMAP 495 R+5C10 BOSS 1 1 0 1 0 0 -36.054239671015836 78.28757806796901 143.1 0.2830304259301143 86.16440358951627 304.15335 73.0319 256.2615966796875 18.508409857817227 -999.0 -999.0 -999.0 256.2615966796875 18.508409857817227 256.1909547690616 18.47882691771264 28.071045252086748 85.18536182742476 5400.0 5400.0 2015.5 1 129 {-999.0 -999.0 -999.0 -999.0 -999.0} "" -999.0 -999.0 -999.0 -999.0 27021603155089401 813301379 "" ops_sky_boss_good ops_sky sky_boss 0 0 0.0 0.0 -999 ""
FIBERMAP 495 R+5C10 METROLOGY 0 0 0 1 0 0 -35.8743387368396 79.01222142068319 143.1 0.751330461365606 86.74563683585146 304.15335 73.0319 -999.0 -999.0 -999.0 -999.0 -999.0 256.26375290447754 18.51108975321628 256.193202572422 18.481461199042965 28.070395854203944 85.18159229833611 -999.0 6231.0 -999.0 -1 -999 {-999.0 -999.0 -999.0 -999.0 -999.0} "" -999.0 -999.0 -999.0 -999.0 -999 -999 "" "" "" "" 0 0 0.0 0.0 -999 ""
FIBERMAP 501 R+6C19 APOGEE 1 1 0 1 0 0 188.2929710531691 108.3823982102236 143.1 216.3630775897931 18.963491307888244 312.72864 124.821335 257.2926832431039 18.19644936187765 -2.586991 -2.594003 2.984361 257.29267560533395 18.196442086394924 257.2221652898798 18.169781634908556 27.061788073546786 84.97374987337925 16000.0 16600.0 2016.0 2 34 {-999.0 9.197621 9.222255 9.291405 -999.0} sdss_psfmag_from_g3xp 9.278531 9.175334 8.9721775 8.687 63050395765411160 975093831 "" ops_std_apogee ops_std standard_apogee 0 0 0.0 0.0 -999 ""
FIBERMAP 501 R+6C19 BOSS 0 0 0 1 0 0 188.12125300917987 107.66215877733976 143.1 215.90405136622135 18.38280457077203 312.72864 124.821335 -999.0 -999.0 -999.0 -999.0 -999.0 257.2908997156193 18.19364176719337 257.22002818024635 18.167165607636985 27.06234341941655 84.97741592244864 -999.0 5400.0 -999.0 1 195 {-999.0 -999.0 -999.0 -999.0 -999.0} "" -999.0 -999.0 -999.0 -999.0 -999 -999 "" "" "" "" 0 0 0.0 0.0 -999 ""
FIBERMAP 501 R+6C19 METROLOGY 0 0 0 1 0 0 187.57613100611053 108.17705623522417 143.1 215.6266696074745 19.079222932877606 312.72864 124.821335 -999.0 -999.0 -999.0 -999.0 -999.0 257.28949768362787 18.19686546925245 257.21872401750045 18.170330569068053 27.064929669898653 84.97493934913405 -999.0 6231.0 -999.0 -1 -999 {-999.0 -999.0 -999.0 -999.0 -999.0} "" -999.0 -999.0 -999.0 -999.0 -999 -999 "" "" "" "" 0 0 0.0 0.0 -999 ""
FIBERMAP 506 R+6C10 APOGEE 0 0 0 1 0 0 -19.94072663264273 101.43724650433983 143.1 24.64216676509165 100.36674126995979 293.7158 101.65466 -999.0 -999.0 -999.0 -999.0 -999.0 256.3784463042363 18.57271716370998 256.3078791230131 18.543262445141384 28.003258978952246 85.06202906980587 -999.0 16600.0 -999.0 2 -999 {-999.0 -999.0 -999.0 -999.0 -999.0} "" -999.0 -999.0 -999.0 -999.0 -999 -999 "" "" "" "" 0 0 0.0 0.0 -999 ""
FIBERMAP 506 R+6C10 BOSS 1 1 0 1 0 0 -20.54061657459729 100.97639270160074 143.1 23.904180197346758 100.20155719247435 293.7158 101.65466 256.3752658268542 18.571861675205106 0.5277893 -4.8181725 0.16638628 256.3752673884834 18.571848161523626 256.3043491972952 18.542563775217882 28.00588918382934 85.06450297369798 5400.0 5400.0 2016.0 1 128 {-999.0 15.0926895 15.279346 15.478448 -999.0} sdss_psfmag 15.215864 15.179402 15.125395 14.947 63050395765418441 1061105278 bright_1x1 manual_mwm_halo_distant_bhb_boss_single mwm_halo science 0 0 0.0 0.0 -999 ""
FIBERMAP 506 R+6C10 METROLOGY 0 0 0 1 0 0 -20.631400429212444 101.71943737457445 143.1 24.134812769718 100.91347618416398 293.7158 101.65466 -999.0 -999.0 -999.0 -999.0 -999.0 256.37628125176656 18.57512137644833 256.3054545236083 18.545787768861555 28.00647247787593 85.06072054388028 -999.0 6231.0 -999.0 -1 -999 {-999.0 -999.0 -999.0 -999.0 -999.0} "" -999.0 -999.0 -999.0 -999.0 -999 -999 "" "" "" "" 0 0 0.0 0.0 -999 ""
FIBERMAP 507 R+1C26 APOGEE 0 0 0 1 0 0 263.47454172074504 11.366566508271076 143.1 243.66736455004676 -100.65989578026843 241.75116 75.16681 -999.0 -999.0 -999.0 -999.0 -999.0 257.4153626925597 17.653854540804655 257.3461042477919 17.62779071609649 26.701071800308704 85.44616246285426 -999.0 16600.0 -999.0 2 42 {-999.0 -999.0 -999.0 -999.0 -999.0} "" -999.0 -999.0 -999.0 -999.0 -999 -999 "" ops_sky_apogee_best_unassigned ops_sky sky_apogee 0 0 0.0 0.0 -999 ""
FIBERMAP 507 R+1C26 BOSS 1 1 0 1 0 0 262.9643109972338 11.883864358269703 143.1 243.4226280569036 -99.97599597082724 241.75116 75.16681 257.41465727445143 17.656752598704742 -4.901136 -1.2781818 0.350804 257.41464284848263 17.65674901374711 257.34500496623804 17.63087409417716 26.70346050549653 85.44368485597553 5400.0 5400.0 2016.0 1 175 {-999.0 17.17404 16.75477 16.613123 -999.0} sdss_psfmag 17.090322 16.779922 16.282854 15.299 63050395763858881 980474461 "" ops_std_boss_tic ops_std standard_boss 0 0 0.0 0.0 -999 ""
FIBERMAP 507 R+1C26 METROLOGY 0 0 0 1 0 0 263.67458702969117 12.099255134104851 143.1 244.15731692228732 -100.07985229933173 241.75116 75.16681 -999.0 -999.0 -999.0 -999.0 -999.0 257.417971167744 17.656324011487747 257.34843648989465 17.63040452334179 26.70036061848652 85.44240522820269 -999.0 6231.0 -999.0 -1 -999 {-999.0 -999.0 -999.0 -999.0 -999.0} "" -999.0 -999.0 -999.0 -999.0 -999 -999 "" "" "" "" 0 0 0.0 0.0 -999 ""
FIBERMAP 514 R+11C3 APOGEE 0 0 0 1 0 0 -124.00098773786661 193.28835128869028 143.1 -31.02028137964553 227.47011289619005 318.13153 54.994156 -999.0 -999.0 -999.0 -999.0 -999.0 256.1126209608148 19.147772798873763 256.04082315724247 19.117318551795226 28.494365431486187 84.6190892303186 -999.0 16600.0 -999.0 2 133 {-999.0 -999.0 -999.0 -999.0 -999.0} "" -999.0 -999.0 -999.0 -999.0 -999 -999 "" ops_sky_apogee_best_unassigned ops_sky sky_apogee 0 0 0.0 0.0 -999 ""
FIBERMAP 514 R+11C3 BOSS 1 1 0 1 0 0 -124.71347598325563 193.08594246073716 143.1 -31.75150845459166 227.5866710571265 318.13153 54.994156 256.1094629008896 19.14817101494327 -1.2141573 -4.7257156 0.09308697 256.1094592960615 19.148157760578336 256.0373122253697 19.117868090706608 28.49755953635499 84.62028513885473 5400.0 5400.0 2016.0 1 5 {-999.0 17.597546 16.815002 16.511742 -999.0} sdss_psfmag 17.378834 16.835052 16.14517 14.726 63050395765440676 1061551345 bright_1x1 manual_mwm_halo_distant_kgiant_near_boss_single mwm_halo science 0 0 0.0 0.0 -999 ""
FIBERMAP 514 R+11C3 METROLOGY 0 0 0 1 0 0 -124.5380632969562 193.80935786469732 143.1 -31.28779487146316 228.1686812580041 318.13153 54.994156 -999.0 -999.0 -999.0 -999.0 -999.0 256.11159533191255 19.15080763555199 256.0395387366042 19.120473722552667 28.496903432830024 84.61654838870885 -999.0 6231.0 -999.0 -1 -999 {-999.0 -999.0 -999.0 -999.0 -999.0} "" -999.0 -999.0 -999.0 -999.0 -999 -999 "" "" "" "" 0 0 0.0 0.0 -999 ""
FIBERMAP 515 R+3C19 APOGEE 0 0 0 1 0 0 128.2434213605542 57.547108053317466 143.1 140.50903690483693 -1.8359367157926045 210.54945 84.292496 -999.0 -999.0 -999.0 -999.0 -999.0 256.9315779479164 18.104695478826756 256.86166257243076 18.077031155186944 27.320039126318093 85.24751132468572 -999.0 16600.0 -999.0 2 -999 {-999.0 -999.0 -999.0 -999.0 -999.0} "" -999.0 -999.0 -999.0 -999.0 -999 -999 "" "" "" "" 0 0 0.0 0.0 -999 ""
FIBERMAP 515 R+3C19 BOSS 1 1 0 1 0 0 127.91588286933893 58.20572850343657 143.1 140.48945871588145 -1.1008492373932834 210.54945 84.292496 256.9319362350386 18.10792972823201 -2.052027 -27.701157 0.5690726 256.9319301797541 18.10785203391722 256.8616415747357 18.08037316508905 27.321634785096037 85.24420607942383 5400.0 5400.0 2016.0 1 217 {-999.0 15.371398 14.923901 14.7570305 -999.0} sdss_psfmag_from_g3xp 15.279223 14.939626 14.422387 13.504 63050395765410804 1072533842 bright_1x1 mwm_halo_local_high_boss_single mwm_halo science 0 0 0.0 0.0 -999 ""
FIBERMAP 515 R+3C19 METROLOGY 0 0 0 1 0 0 128.65900508120026 58.166746780033094 143.1 141.14679569202323 -1.449166923282791 210.54945 84.292496 -999.0 -999.0 -999.0 -999.0 -999.0 256.934941184341 18.106300759423448 256.86475671981657 18.07877867040907 27.318271403200114 85.24421427858891 -999.0 6231.0 -999.0 -1 -999 {-999.0 -999.0 -999.0 -999.0 -999.0} "" -999.0 -999.0 -999.0 -999.0 -999 -999 "" "" "" "" 0 0 0.0 0.0 -999 ""
FIBERMAP 533 R+1C3 APOGEE 0 0 0 1 0 0 -226.40210382247685 23.453849374999894 143.1 -195.3904648241513 116.61646075481349 356.38507 143.28636 -999.0 -999.0 -999.0 -999.0 -999.0 255.32491481417267 18.645286947895418 255.25518675149078 18.61280665666098 28.917955835450826 85.52245662286862 -999.0 16600.0 -999.0 2 104 {-999.0 -999.0 -999.0 -999.0 -999.0} "" -999.0 -999.0 -999.0 -999.0 -999 -999 "" ops_sky_apogee_best_unassigned ops_sky sky_apogee 0 0 0.0 0.0 -999 ""
FIBERMAP 533 R+1C3 BOSS 1 1 0 1 0 0 -225.82714221067653 22.99189898902425 143.1 -195.06372958111248 115.95547975164612 356.38507 143.28636 255.32677656211447 18.642161741912776 -2.4533575 -2.381952 -0.0016200885 255.32676930009177 18.642155061175995 255.25670376832693 18.609853125743353 28.915306641519315 85.52467536871922 5400.0 5400.0 2016.0 1 61 {-999.0 16.878834 16.13139 15.831518 -999.0} sdss_psfmag 16.655804 16.132023 15.447713 14.048 63050395765430569 1061672887 bright_1x1 manual_mwm_halo_distant_kgiant_near_boss_single mwm_halo science 0 0 0.0 0.0 -999 ""
FIBERMAP 533 R+1C3 METROLOGY 0 0 0 1 0 0 -226.52653953076154 22.71733493015653 143.1 -195.81347675225388 116.0011046979159 356.38507 143.28636 -999.0 -999.0 -999.0 -999.0 -999.0 255.32311989641397 18.64238264992013 255.253154685911 18.610021604415152 28.918360416750048 85.52629728466388 -999.0 6231.0 -999.0 -1 -999 {-999.0 -999.0 -999.0 -999.0 -999.0} "" -999.0 -999.0 -999.0 -999.0 -999 -999 "" "" "" "" 0 0 0.0 0.0 -999 ""
FIBERMAP 544 R-6C19 APOGEE 0 0 0 1 0 0 165.50203251255553 -100.88487698443524 143.1 107.56418433576091 -161.17080845730263 188.61795 44.49331 -999.0 -999.0 -999.0 -999.0 -999.0 256.76901953813876 17.382145701702317 256.70109559723335 17.354329030441352 27.111665024610154 86.04445494113833 -999.0 16600.0 -999.0 2 229 {-999.0 -999.0 -999.0 -999.0 -999.0} "" -999.0 -999.0 -999.0 -999.0 -999 -999 "" ops_sky_apogee_best_unassigned ops_sky sky_apogee 0 0 0.0 0.0 -999 ""
FIBERMAP 544 R-6C19 BOSS 1 1 0 1 0 0 165.92608856280313 -100.28233310634207 143.1 108.20242489414457 -160.80310599698163 188.61795 44.49331 256.7724609375 17.38356673043367 -999.0 -999.0 -999.0 256.7724609375 17.383566730433667 256.7041642921699 17.355948857800634 27.109863534040166 86.04128593634061 5400.0 5400.0 2015.5 1 277 {-999.0 -999.0 -999.0 -999.0 -999.0} "" -999.0 -999.0 -999.0 -999.0 27021603154856921 813276238 "" ops_sky_boss_good ops_sky sky_boss 0 0 0.0 0.0 -999 ""
FIBERMAP 544 R-6C19 METROLOGY 0 0 0 1 0 0 166.24030928682242 -100.95784459334244 143.1 108.20281461752326 -161.54789886246138 188.61795 44.49331 -999.0 -999.0 -999.0 -999.0 -999.0 256.77232268801384 17.380265025179227 256.70413803678616 17.352594535889292 27.108285367748614 86.04461123283346 -999.0 6231.0 -999.0 -1 -999 {-999.0 -999.0 -999.0 -999.0 -999.0} "" -999.0 -999.0 -999.0 -999.0 -999 -999 "" "" "" "" 0 0 0.0 0.0 -999 ""
FIBERMAP 546 R-12C1 APOGEE 0 0 0 1 0 0 -147.53137356228353 -227.24631371133455 143.1 -229.46737114522833 -143.89914598746668 12.850084 134.36678 -999.0 -999.0 -999.0 -999.0 -999.0 255.16869872819925 17.465315630231068 255.10213655457187 17.432886712711824 28.490954061003535 86.78745613952185 -999.0 16600.0 -999.0 2 296 {-999.0 -999.0 -999.0 -999.0 -999.0} "" -999.0 -999.0 -999.0 -999.0 -999 -999 "" ops_sky_apogee_best_unassigned ops_sky sky_apogee 0 0 0.0 0.0 -999 ""
FIBERMAP 546 R-12C1 BOSS 1 1 0 1 0 0 -146.90361442444427 -227.6244170163698 143.1 -229.05745362816157 -144.50634302036184 12.850084 134.36678 255.17100066468302 17.46223013072953 -2.404246 58.391342 5.944413 255.17099359563423 17.462393902783266 255.10409233776866 17.43015019771952 28.488012219477497 86.78918751955617 5400.0 5400.0 2016.0 1 429 {-999.0 18.421597 16.890085 15.572261 -999.0} sdss_psfmag 17.715946 17.005238 15.035418 12.803 63050395765289214 1077978618 bright_flexible_2x1 mwm_snc_ext_main_boss mwm_snc science 0 0 0.0 0.0 -999 ""
FIBERMAP 546 R-12C1 METROLOGY 0 0 0 1 0 0 -147.54658668481244 -227.99425217254247 143.1 -229.7961673590161 -144.57086006341635 12.850084 134.36678 -999.0 -999.0 -999.0 -999.0 -999.0 255.16743998751346 17.462170470530793 255.10063919145648 17.429866941320544 28.490776728291834 86.79125174950173 -999.0 6231.0 -999.0 -1 -999 {-999.0 -999.0 -999.0 -999.0 -999.0} "" -999.0 -999.0 -999.0 -999.0 -999 -999 "" "" "" "" 0 0 0.0 0.0 -999 ""
FIBERMAP 548 R+1C14 APOGEE 0 0 0 1 0 0 14.145870822748378 27.59108702238143 143.1 24.44572226579749 19.05786273051299 23.417414 152.8384 -999.0 -999.0 -999.0 -999.0 -999.0 256.3764042845682 18.202616245305716 256.30678945661214 18.173313219934194 27.83047711383137 85.43223478060952 -999.0 16600.0 -999.0 2 13 {-999.0 -999.0 -999.0 -999.0 -999.0} "" -999.0 -999.0 -999.0 -999.0 -999 -999 "" "" "" "" 0 0 0.0 0.0 -999 ""
FIBERMAP 548 R+1C14 BOSS 1 1 0 1 0 0 14.880398596987819 27.53303887474481 143.1 25.087237010911824 18.695878047864806 23.417414 152.8384 256.37985487398265 18.200787911037445 -1.6244948 -1.3816097 0.022697374 256.3798500777439 18.200784035992797 256.30987880127634 18.171673120059804 27.82711541949709 85.4323081620565 5400.0 5400.0 2016.0 1 96 {-999.0 16.605621 15.809509 15.4826355 -999.0} sdss_psfmag 16.349216 15.815257 15.115368 13.615 63050395765414492 1061551338 bright_1x1 manual_mwm_halo_distant_kgiant_near_boss_single mwm_halo science 0 0 0.0 0.0 -999 ""
FIBERMAP 548 R+1C14 METROLOGY 0 0 0 1 0 0 14.47325855519274 26.920233729791924 143.1 24.46001176164645 18.311747792600368 23.417414 152.8384 -999.0 -999.0 -999.0 -999.0 -999.0 256.37673047080256 18.199093964147586 256.30686792531446 18.169923409989263 27.828815237923614 85.43557673822323 -999.0 6231.0 -999.0 -1 -999 {-999.0 -999.0 -999.0 -999.0 -999.0} "" -999.0 -999.0 -999.0 -999.0 -999 -999 "" "" "" "" 0 0 0.0 0.0 -999 ""
FIBERMAP 550 R+1C1 APOGEE 0 0 0 1 0 0 -300.7382231601391 13.299797730490791 143.1 -267.0640910421722 138.71779177063542 262.0835 33.038418 -999.0 -999.0 -999.0 -999.0 -999.0 254.9868791263651 18.74179367051562 254.91722668593115 18.70832091007982 29.245780459040127 85.59641865470388 -999.0 16600.0 -999.0 2 141 {-999.0 -999.0 -999.0 -999.0 -999.0} "" -999.0 -999.0 -999.0 -999.0 -999 -999 "" ops_sky_apogee_best_unassigned ops_sky sky_apogee 0 0 0.0 0.0 -999 ""
FIBERMAP 550 R+1C1 BOSS 1 1 0 1 0 0 -301.06057803805913 13.952286508217446 143.1 -267.08155191508064 139.44513680444575 262.0835 33.038418 254.98716185233684 18.74487100482648 6.2652383 2.0227149 2.4837255 254.98718040891157 18.744876677998224 254.91718072074812 18.71157233546724 29.247331816051094 85.59314334660002 5400.0 5400.0 2016.0 1 12 {-999.0 19.883978 18.380768 17.325218 -999.0} sdss_psfmag 19.313463 17.98356 16.88074 14.742 63050395765497606 1094407783 bright_1x1 mwm_bin_vis_boss mwm_filler science 0 0 0.0 0.0 -999 ""
FIBERMAP 550 R+1C1 METROLOGY 0 0 0 1 0 0 -300.3074395435768 13.90980159098985 143.1 -266.4166090497746 139.0894244579424 262.0835 33.038418 -999.0 -999.0 -999.0 -999.0 -999.0 254.99019326018194 18.74336528283339 254.92029012032287 18.710022401513278 29.244003729914596 85.59314532690348 -999.0 6231.0 -999.0 -1 -999 {-999.0 -999.0 -999.0 -999.0 -999.0} "" -999.0 -999.0 -999.0 -999.0 -999 -999 "" "" "" "" 0 0 0.0 0.0 -999 ""
FIBERMAP 554 R-2C23 APOGEE 1 1 0 1 0 0 238.60364696621457 -22.87364477046736 143.1 206.6974006022319 -121.22924104056605 119.5789 25.485504 257.2402981103906 17.56152298356261 -6.7706847 -5.1294646 1.5771582 257.24027819211653 17.56150859678909 257.17143003511325 17.534976941236515 26.80332103246952 85.62634223794367 16000.0 16600.0 2016.0 2 197 {-999.0 11.078528 10.488117 10.097184 -999.0} sdss_psfmag_from_g3xp 10.917491 10.550942 9.737854 8.429 63050395763856563 1104396192 bright_1x1 mwm_tess_rgb_apogee mwm_tessrgb science 0 0 0.0 0.0 -999 ""
FIBERMAP 554 R-2C23 BOSS 0 0 0 1 0 0 239.19433787235073 -23.32254110657197 143.1 207.04389473842994 -121.88501111892053 119.5789 25.485504 -999.0 -999.0 -999.0 -999.0 -999.0 257.242267353894 17.5583345474487 257.1730535246053 17.532001990878456 26.800542818507964 85.62844678291606 -999.0 5400.0 -999.0 1 310 {-999.0 -999.0 -999.0 -999.0 -999.0} "" -999.0 -999.0 -999.0 -999.0 -999 -999 "" "" "" "" 0 0 0.0 0.0 -999 ""
FIBERMAP 554 R-2C23 METROLOGY 0 0 0 1 0 0 238.52042302798927 -23.640857601030415 143.1 206.29882449266776 -121.88978673325234 119.5789 25.485504 -999.0 -999.0 -999.0 -999.0 -999.0 257.2386463790852 17.558380230328645 257.1695413129487 17.531982785658666 26.803478436572817 85.63025287722542 -999.0 6231.0 -999.0 -1 -999 {-999.0 -999.0 -999.0 -999.0 -999.0} "" -999.0 -999.0 -999.0 -999.0 -999 -999 "" "" "" "" 0 0 0.0 0.0 -999 ""
FIBERMAP 565 R+8C3 APOGEE 0 0 0 1 0 0 -138.6966267244389 156.3688161085317 143.1 -59.89323993592676 200.18611840366776 42.687557 72.52135 -999.0 -999.0 -999.0 -999.0 -999.0 255.97362586935944 19.025185121779398 255.90228314730712 18.994386263749636 28.553329252107943 84.81218284966258 -999.0 16600.0 -999.0 2 137 {-999.0 -999.0 -999.0 -999.0 -999.0} "" -999.0 -999.0 -999.0 -999.0 -999 -999 "" ops_sky_apogee_best_unassigned ops_sky sky_apogee 0 0 0.0 0.0 -999 ""
FIBERMAP 565 R+8C3 BOSS 1 1 0 1 0 0 -138.3575251867011 155.70867651077822 143.1 -59.86381787375718 199.44478366970012 42.687557 72.52135 255.97410194641844 19.021855690642592 -3.7194042 -48.75701 1.2282343 255.97409091195112 19.021718940302176 255.9024068976271 18.991096350173656 28.551698030495594 84.81543819333055 5400.0 5400.0 2016.0 1 25 {-999.0 15.416845 14.765179 14.514115 -999.0} sdss_psfmag_from_g3xp 15.244735 14.791134 14.167661 12.947 63050395765440129 1072462932 bright_1x1 mwm_halo_local_high_boss_single mwm_halo science 0 0 0.0 0.0 -999 ""
FIBERMAP 565 R+8C3 METROLOGY 0 0 0 1 0 0 -139.10811045724972 155.73658606851882 143.1 -60.53258443482068 199.7862058902129 42.687557 72.52135 -999.0 -999.0 -999.0 -999.0 -999.0 255.97079129078938 19.023292743498224 255.89920529169024 18.99261102726298 28.555082460965195 84.81551131230395 -999.0 6231.0 -999.0 -1 -999 {-999.0 -999.0 -999.0 -999.0 -999.0} "" -999.0 -999.0 -999.0 -999.0 -999 -999 "" "" "" "" 0 0 0.0 0.0 -999 ""
FIBERMAP 566 R+8C7 APOGEE 0 0 0 1 0 0 -79.77794704393796 147.16194432123058 143.1 -10.351977448589325 167.0243702582295 224.48572 105.34795 -999.0 -999.0 -999.0 -999.0 -999.0 256.2110868630945 18.87544044524173 256.1399012053331 18.845380163200325 28.285039808394814 84.84331541790749 -999.0 16600.0 -999.0 2 -999 {-999.0 -999.0 -999.0 -999.0 -999.0} "" -999.0 -999.0 -999.0 -999.0 -999 -999 "" "" "" "" 0 0 0.0 0.0 -999 ""
FIBERMAP 566 R+8C7 BOSS 1 1 0 1 0 0 -80.39847574338208 147.52262430885384 143.1 -10.762677498402901 167.61272518870422 224.48572 105.34795 256.2094674606408 18.87805793948861 0.8812871 -26.640516 0.5949139 256.2094700729304 18.877983219985573 256.13792613607694 18.848093262682514 28.287957551255133 84.84157761310273 5400.0 5400.0 2016.0 1 103 {-999.0 16.829838 16.269556 16.091484 -999.0} sdss_psfmag 16.703787 16.2958 15.722994 14.635 63050395765435824 1072653056 bright_1x1 mwm_halo_local_high_boss_single mwm_halo science 0 0 0.0 0.0 -999 ""
FIBERMAP 566 R+8C7 METROLOGY 0 0 0 1 0 0 -79.78343966581244 147.90802193891975 143.1 -10.042737893452108 167.70311766380095 224.48572 105.34795 -999.0 -999.0 -999.0 -999.0 -999.0 256.212831452056 18.878423758773184 256.14138299291835 18.848493393535936 28.285248808071373 84.83944522714694 -999.0 6231.0 -999.0 -1 -999 {-999.0 -999.0 -999.0 -999.0 -999.0} "" -999.0 -999.0 -999.0 -999.0 -999 -999 "" "" "" "" 0 0 0.0 0.0 -999 ""
FIBERMAP 572 R+10C5 APOGEE 0 0 1 1 0 0 -88.98453394978763 201.63046966249826 143.1 4.240902596776065 220.28593043036796 9.997052 170.11993 -999.0 -999.0 -999.0 -999.0 -999.0 256.2818189996004 19.11521974338987 256.20994055136555 19.08526114606064 28.33792086419865 84.5671006608602 -999.0 16600.0 -999.0 2 -999 {-999.0 -999.0 -999.0 -999.0 -999.0} "" -999.0 -999.0 -999.0 -999.0 -999 -999 "" "" "" "" 0 0 0.0 0.0 -999 ""
FIBERMAP 572 R+10C5 BOSS 1 0 1 1 0 0 -88.2345351100724 201.64046534414203 143.1 4.925101710455346 219.97912212228388 9.997052 170.11993 256.36442286184933 19.068204881109864 -82.722336 -63.84278 3.2145793 256.2854556137407 19.11369713416199 256.2132239052871 19.083924658854226 28.33455210957608 84.56680962438003 5400.0 5400.0 2016.0 1 146 {-999.0 15.542677 14.750361 14.420686 -999.0} sdss_psfmag_from_g3xp 15.307305 14.767372 14.068773 12.686 63050395765436833 1072533830 bright_1x1 mwm_halo_local_high_boss_single mwm_halo science 0 0 0.0 0.0 -999 ""
FIBERMAP 572 R+10C5 METROLOGY 0 0 1 1 0 0 -88.59927536576484 200.99153476444636 143.1 4.321103732773261 219.54438142941373 9.997052 170.11993 -999.0 -999.0 -999.0 -999.0 -999.0 256.28244984920104 19.111796227340424 256.2103262869598 19.081966338268685 28.336068868679384 84.57022428040597 -999.0 6231.0 -999.0 -1 -999 {-999.0 -999.0 -999.0 -999.0 -999.0} "" -999.0 -999.0 -999.0 -999.0 -999 -999 "" "" "" "" 0 0 0.0 0.0 -999 ""
FIBERMAP 575 R+3C14 APOGEE 1 1 0 1 0 0 48.73028498639344 43.83811273236175 143.1 62.64444160327733 19.222653328609482 15.987613 43.259716 256.5596013949216 18.202645810710102 7.02104 -9.760109 1.464044 256.55962212440505 18.202618436221115 256.4898267884788 18.17384080242914 27.67731179249634 85.33916107119187 16000.0 16600.0 2016.0 2 24 {-999.0 10.674306 9.653197 9.243338 -999.0} sdss_psfmag_from_g3xp 10.330838 9.66656 8.880692 7.149 63050395765414310 1105972594 bright_1x1 mwm_tess_rgb_apogee mwm_tessrgb science 0 0 0.0 0.0 -999 ""
FIBERMAP 575 R+3C14 BOSS 0 0 0 1 0 0 48.36016792662448 43.20395081394378 143.1 62.041788722976506 18.803567203894797 15.987613 43.259716 -999.0 -999.0 -999.0 -999.0 -999.0 256.55712083369576 18.20054879340974 256.48697278722625 18.17194770514952 27.67881191487391 85.34248910279626 -999.0 5400.0 -999.0 1 97 {-999.0 -999.0 -999.0 -999.0 -999.0} "" -999.0 -999.0 -999.0 -999.0 -999 -999 "" "" "" "" 0 0 0.0 0.0 -999 ""
FIBERMAP 575 R+3C14 METROLOGY 0 0 0 1 0 0 47.9778690850747 43.84512832317698 143.1 61.9652155511707 19.54590294610216 15.987613 43.259716 -999.0 -999.0 -999.0 -999.0 -999.0 256.5566587232865 18.203982484272263 256.48660439397906 18.17532680746458 27.680712393761333 85.33930935286128 -999.0 6231.0 -999.0 -1 -999 {-999.0 -999.0 -999.0 -999.0 -999.0} "" -999.0 -999.0 -999.0 -999.0 -999 -999 "" "" "" "" 0 0 0.0 0.0 -999 ""
FIBERMAP 577 R+6C15 APOGEE 0 0 0 1 0 0 77.20360110447763 125.54656968891875 143.1 122.87237084791519 81.31206228947347 157.04443 101.226906 -999.0 -999.0 -999.0 -999.0 -999.0 256.84927382360115 18.483364893956242 256.7784710610705 18.4552995928472 27.567823920668495 84.91337716383657 -999.0 16600.0 -999.0 2 36 {-999.0 -999.0 -999.0 -999.0 -999.0} "" -999.0 -999.0 -999.0 -999.0 -999 -999 "" ops_sky_apogee_best_unassigned ops_sky sky_apogee 0 0 0.0 0.0 -999 ""
FIBERMAP 577 R+6C15 BOSS 1 1 0 1 0 0 77.33641853691579 126.27854260819406 143.1 123.3010693807397 81.91977069205284 157.04443 101.226906 256.8517884398162 18.486025723290684 -13.798293 -24.716763 0.80476606 256.8517476337699 18.48595639939656 256.7805733591785 18.458079893996583 27.567368244795595 84.90955187014579 5400.0 5400.0 2016.0 1 188 {-999.0 16.461685 15.9255 15.731768 -999.0} sdss_psfmag 16.377228 15.9724245 15.392752 14.288 63050395765417315 1072706468 bright_1x1 mwm_halo_local_high_boss_single mwm_halo science 0 0 0.0 0.0 -999 ""
FIBERMAP 577 R+6C15 METROLOGY 0 0 0 1 0 0 77.9164282920941 125.79804064732734 143.1 123.624568325861 81.23984374701138 157.04443 101.226906 -999.0 -999.0 -999.0 -999.0 -999.0 256.8531712540267 18.48290226966027 256.782105883726 18.45497946398018 27.564629233211463 84.91187028232912 -999.0 6231.0 -999.0 -1 -999 {-999.0 -999.0 -999.0 -999.0 -999.0} "" -999.0 -999.0 -999.0 -999.0 -999 -999 "" "" "" "" 0 0 0.0 0.0 -999 ""
FIBERMAP 580 R+9C7 APOGEE 0 0 0 1 0 0 -50.093263900568104 168.292208957086 143.1 25.46101618911348 173.6801480767842 269.98907 153.57333 -999.0 -999.0 -999.0 -999.0 -999.0 256.38324066550143 18.90494723238578 256.31180956431865 18.87536613744404 28.15504972978735 84.727211494757 -999.0 16600.0 -999.0 2 29 {-999.0 -999.0 -999.0 -999.0 -999.0} "" -999.0 -999.0 -999.0 -999.0 -999 -999 "" ops_sky_apogee_best_unassigned ops_sky sky_apogee 0 0 0.0 0.0 -999 ""
FIBERMAP 580 R+9C7 BOSS 1 1 0 1 0 0 -50.41494372875241 167.62721919574798 143.1 24.889295597208992 173.21271185436214 269.98907 153.57333 256.3808528303935 18.902725725920895 0.027427243 -0.43661332 -0.15928057 256.38085291170466 18.90272450133763 256.30907453050315 18.873314561296006 28.15638435184131 84.73063782080598 5400.0 5400.0 2016.0 1 118 {-999.0 19.895966 19.746943 19.616234 19.54147} sdss_psfmag_from_gaiadr2 19.820278 19.737856 19.31247 -999.0 63050395765435267 1056793165 dark_flexible_2x2 bhm_gua_dark bhm_filler science 0 0 0.0 0.0 -999 ""
FIBERMAP 580 R+9C7 METROLOGY 0 0 0 1 0 0 -50.83504018050206 168.2452735419587 143.1 24.768714482596494 173.9500018055311 269.98907 153.57333 -999.0 -999.0 -999.0 -999.0 -999.0 256.38017920179 18.90609728639356 256.3084933930314 18.87663381835974 28.15841686779605 84.72759676127703 -999.0 6231.0 -999.0 -1 -999 {-999.0 -999.0 -999.0 -999.0 -999.0} "" -999.0 -999.0 -999.0 -999.0 -999 -999 "" "" "" "" 0 0 0.0 0.0 -999 ""
FIBERMAP 581 R-1C19 APOGEE 0 0 0 1 0 0 135.8100823961931 -25.150321952765466 143.1 112.54037287952885 -80.00066686999834 342.60333 110.24874 -999.0 -999.0 -999.0 -999.0 -999.0 256.795719359282 17.74991831281629 256.7268409802798 17.722016848355217 27.265007846047823 85.66774529041538 -999.0 16600.0 -999.0 2 -999 {-999.0 -999.0 -999.0 -999.0 -999.0} "" -999.0 -999.0 -999.0 -999.0 -999 -999 "" "" "" "" 0 0 0.0 0.0 -999 ""
FIBERMAP 581 R-1C19 BOSS 1 1 0 1 0 0 135.85716971065276 -25.904424798788238 143.1 112.2654653909846 -80.70420847896504 342.60333 110.24874 256.79497180991365 17.74655623559239 -59.235386 -18.01759 1.058189 256.7947973696996 17.74650570100899 256.7255642286733 17.71879021675715 27.264547351594963 85.67158977822125 5400.0 5400.0 2016.0 1 296 {-999.0 16.789055 16.063553 15.787058 -999.0} sdss_psfmag 16.57867 16.07825 15.4181795 14.08 63050395765406998 1073337144 bright_1x1 mwm_halo_local_high_boss_single mwm_halo science 0 0 0.0 0.0 -999 ""
FIBERMAP 581 R-1C19 METROLOGY 0 0 0 1 0 0 135.1945753205682 -25.572000764620473 143.1 111.8047259911914 -80.1237554507477 342.60333 110.24874 -999.0 -999.0 -999.0 -999.0 -999.0 256.79250867875385 17.749211094294356 256.7233739912873 17.721434849521142 27.267638685482552 85.67008456448224 -999.0 6231.0 -999.0 -1 -999 {-999.0 -999.0 -999.0 -999.0 -999.0} "" -999.0 -999.0 -999.0 -999.0 -999 -999 "" "" "" "" 0 0 0.0 0.0 -999 ""
FIBERMAP 587 R-10C13 APOGEE 0 0 0 1 0 0 76.10557976034411 -183.93095749553893 143.1 -8.463295569708894 -198.81447537586178 168.7921 86.6228 -999.0 -999.0 -999.0 -999.0 -999.0 256.2163484104005 17.213654552015505 256.1493968206447 17.184320577223072 27.493440091941324 86.49558555582377 -999.0 16600.0 -999.0 2 -999 {-999.0 -999.0 -999.0 -999.0 -999.0} "" -999.0 -999.0 -999.0 -999.0 -999 -999 "" "" "" "" 0 0 0.0 0.0 -999 ""
FIBERMAP 587 R-10C13 BOSS 1 1 0 1 0 0 76.27264422672869 -183.20326611558826 143.1 -8.005350053919125 -198.22507239291355 168.7921 86.6228 256.2188963488512 17.216103286451787 -2.8798332 -13.81757 0.18318479 256.2188878928226 17.216064531874466 256.15156846872446 17.186923460537677 27.492860833332635 86.49189053754777 5400.0 5400.0 2016.0 1 396 {-999.0 18.308128 17.977392 17.837038 -999.0} sdss_psfmag 18.256727 17.968145 17.544464 -999.0 63050395765395029 976253413 "" ops_std_boss ops_std standard_boss 0 0 0.0 0.0 -999 ""
FIBERMAP 587 R-10C13 METROLOGY 0 0 0 1 0 0 76.81884934827116 -183.71207744745286 143.1 -7.724423037315257 -198.91642891383702 168.7921 86.6228 -999.0 -999.0 -999.0 -999.0 -999.0 256.22011619648947 17.213010125609433 256.15290491859537 17.183821057646615 27.49025709679706 86.49427546094421 -999.0 6231.0 -999.0 -1 -999 {-999.0 -999.0 -999.0 -999.0 -999.0} "" -999.0 -999.0 -999.0 -999.0 -999 -999 "" "" "" "" 0 0 0.0 0.0 -999 ""
FIBERMAP 588 R+8C1 APOGEE 1 1 0 1 0 0 -210.49490686747862 148.22681281163855 143.1 -128.4185264612972 223.04283958191715 199.35518 134.5612 255.64600679255173 19.12660394381502 -9.24303 1.3757759 1.8198313 255.6459793536172 19.12660780249549 255.57469135818127 19.09483738997263 28.874263329710864 84.87444373246772 16000.0 16600.0 2016.0 2 94 {-999.0 11.996912 11.073858 10.761031 -999.0} sdss_psfmag_from_g3xp 11.702244 11.123959 10.405291 8.917 63050395765441648 1109259041 bright_1x1 mwm_tess_rgb_apogee mwm_tessrgb science 0 0 0.0 0.0 -999 ""
FIBERMAP 588 R+8C1 BOSS 0 0 0 1 0 0 -211.13943723576517 148.57399428672045 143.1 -128.85667277496148 223.62906462270715 199.35518 134.5612 -999.0 -999.0 -999.0 -999.0 -999.0 255.6442406909355 19.129059648063205 255.57260136257128 19.09745439566041 28.87722568872693 84.87283949206528 -999.0 5400.0 -999.0 1 81 {-999.0 -999.0 -999.0 -999.0 -999.0} "" -999.0 -999.0 -999.0 -999.0 -999 -999 "" "" "" "" 0 0 0.0 0.0 -999 ""
FIBERMAP 588 R+8C1 METROLOGY 0 0 0 1 0 0 -210.50208752904237 148.9727732789711 143.1 -128.11086671305958 223.7221917106611 199.35518 134.5612 -999.0 -999.0 -999.0 -999.0 -999.0 255.64770882665835 19.129544320745033 255.57616291932857 19.09790027471907 28.87444932495648 84.87060824868291 -999.0 6231.0 -999.0 -1 -999 {-999.0 -999.0 -999.0 -999.0 -999.0} "" -999.0 -999.0 -999.0 -999.0 -999 -999 "" "" "" "" 0 0 0.0 0.0 -999 ""
FIBERMAP 589 R-2C25 APOGEE 1 1 0 1 0 0 257.875128061013 -39.98509820798499 143.1 216.9632704448744 -144.85981913340203 164.20407 137.3467 257.2870027669386 17.454831368495086 2.0712588 -3.9225645 0.6478114 257.28700885667325 17.45482036675361 257.2183816532945 17.42847223414234 26.713185153518687 85.70728990637285 16000.0 16600.0 2016.0 2 216 {-999.0 12.4241085 11.585747 11.274558 -999.0} sdss_psfmag_from_g3xp 12.172068 11.621461 10.920596 9.441 63050395763851903 1106215662 bright_1x1 mwm_tess_rgb_apogee mwm_tessrgb science 0 0 0.0 0.0 -999 ""
FIBERMAP 589 R-2C25 BOSS 0 0 0 1 0 0 257.46906500453116 -39.37018658582981 143.1 216.85408916608526 -144.13128887632053 164.20407 137.3467 -999.0 -999.0 -999.0 -999.0 -999.0 257.2869306440022 17.45790154455791 257.2179233523158 17.431744613505263 26.715130469335747 85.704303700141 -999.0 5400.0 -999.0 1 254 {-999.0 -999.0 -999.0 -999.0 -999.0} "" -999.0 -999.0 -999.0 -999.0 -999 -999 "" "" "" "" 0 0 0.0 0.0 -999 ""
FIBERMAP 589 R-2C25 METROLOGY 0 0 0 1 0 0 258.2180382973331 -39.33155358193577 143.1 217.54941941258502 -144.41170112549523 164.20407 137.3467 -999.0 -999.0 -999.0 -999.0 -999.0 257.29006732224684 17.456691275608947 257.22116533529277 17.43048940876811 26.71181321622727 85.703886831678 -999.0 6231.0 -999.0 -1 -999 {-999.0 -999.0 -999.0 -999.0 -999.0} "" -999.0 -999.0 -999.0 -999.0 -999 -999 "" "" "" "" 0 0 0.0 0.0 -999 ""
FIBERMAP 592 R0C5 APOGEE 0 0 0 1 0 0 -202.05201809733154 15.186189153865124 143.1 -176.7953899982972 98.865226830648 107.40304 98.892494 -999.0 -999.0 -999.0 -999.0 -999.0 255.4131553957792 18.565469444169466 255.34354823550257 18.533271562171766 28.80675734069736 85.55813559486933 -999.0 16600.0 -999.0 2 243 {-999.0 -999.0 -999.0 -999.0 -999.0} "" -999.0 -999.0 -999.0 -999.0 -999 -999 "" "" "" "" 0 0 0.0 0.0 -999 ""
FIBERMAP 592 R0C5 BOSS 1 1 0 1 0 0 -201.39794736796682 15.532733653266526 143.1 -176.05642293521768 98.90395305854511 107.40304 98.892494 255.4169492065858 18.565531050128527 7.8097706 -6.632669 1.5383587 255.41697231336946 18.565512447269576 255.34701668196445 18.53349804205362 28.803955404321286 85.55615414465679 5400.0 5400.0 2016.0 1 495 {-999.0 21.159332 19.489393 18.241468 -999.0} sdss_psfmag 20.232376 18.972548 17.796078 15.377 63050395765429450 1095318731 bright_1x1 mwm_bin_vis_boss mwm_filler science 0 0 0.0 0.0 -999 ""
FIBERMAP 592 R0C5 METROLOGY 0 0 0 1 0 0 -201.39317811236432 14.792032579936924 143.1 -176.36405393754916 98.23038497176731 107.40304 98.892494 -999.0 -999.0 -999.0 -999.0 -999.0 255.41541474041915 18.56249833843979 255.3455657360215 18.530431962590665 28.803739584118922 85.55998125676666 -999.0 6231.0 -999.0 -1 -999 {-999.0 -999.0 -999.0 -999.0 -999.0} "" -999.0 -999.0 -999.0 -999.0 -999 -999 "" "" "" "" 0 0 0.0 0.0 -999 ""
FIBERMAP 594 R+1C22 APOGEE 0 0 0 1 0 0 185.0323616826868 25.357693315792076 143.1 178.43999177256583 -54.9379301746303 69.11144 164.06812 -999.0 -999.0 -999.0 -999.0 -999.0 257.1101261084658 17.862296071909412 257.04064834761846 17.83525397079924 27.055642306309643 85.3964073406608 -999.0 16600.0 -999.0 2 86 {-999.0 -999.0 -999.0 -999.0 -999.0} "" -999.0 -999.0 -999.0 -999.0 -999 -999 "" ops_sky_apogee_best_unassigned ops_sky sky_apogee 0 0 0.0 0.0 -999 ""
FIBERMAP 594 R+1C22 BOSS 1 1 0 1 0 0 185.49252171524756 25.93199402521133 143.1 179.09907119807147 -54.61104011262711 69.11144 164.06812 257.1136981658773 17.863572711696346 -3.601006 -5.499138 0.04940423 257.1136875544407 17.86355728808921 257.0438348172572 17.836713703093505 27.053663598794394 85.39334947616807 5400.0 5400.0 2016.0 1 235 {-999.0 16.50336 15.692734 15.375424 -999.0} sdss_psfmag 16.263416 15.718974 15.020776 13.602 63050395763860993 1061550395 bright_1x1 manual_mwm_halo_distant_kgiant_near_boss_single mwm_halo science 0 0 0.0 0.0 -999 ""
FIBERMAP 594 R+1C22 METROLOGY 0 0 0 1 0 0 185.7773940898394 25.248902333866837 143.1 179.06965963510288 -55.3503451929369 69.11144 164.06812 -999.0 -999.0 -999.0 -999.0 -999.0 257.1134019627605 17.860258997295322 257.0436621372377 17.8333625688296 27.05221955711169 85.39675004893195 -999.0 6231.0 -999.0 -1 -999 {-999.0 -999.0 -999.0 -999.0 -999.0} "" -999.0 -999.0 -999.0 -999.0 -999 -999 "" "" "" "" 0 0 0.0 0.0 -999 ""
FIBERMAP 597 R+1C2 APOGEE 0 0 0 1 0 0 -268.2286678617893 25.65916047195176 143.1 -232.38388591705564 136.2316693723875 141.85757 124.22021 -999.0 -999.0 -999.0 -999.0 -999.0 255.15002687621563 18.73238046717041 255.08024202798742 18.69937091461465 29.10494995808589 85.52318929819626 -999.0 16600.0 -999.0 2 -999 {-999.0 -999.0 -999.0 -999.0 -999.0} "" -999.0 -999.0 -999.0 -999.0 -999 -999 "" "" "" "" 0 0 0.0 0.0 -999 ""
FIBERMAP 597 R+1C2 BOSS 1 1 0 1 0 0 -268.1815332870481 26.425771161219718 143.1 -232.01828396574516 136.90686859600794 141.85757 124.22021 255.15207451311818 18.735337294026166 9.238898 -24.193237 0.6269412 255.15210187561362 18.73526943848231 255.0819662109121 18.702434654588416 29.104930839535108 85.51921581162453 5400.0 5400.0 2016.0 1 11 {-999.0 17.429983 16.728222 16.464493 -999.0} sdss_psfmag 17.245146 16.766012 16.133265 -999.0 63050395765430898 1072706511 bright_1x1 mwm_halo_local_high_boss_single mwm_halo science 0 0 0.0 0.0 -999 ""
FIBERMAP 597 R+1C2 METROLOGY 0 0 0 1 0 0 -267.5615868466803 25.993323455827884 143.1 -231.63833765121498 136.253690415357 141.85757 124.22021 -999.0 -999.0 -999.0 -999.0 -999.0 255.15378970657366 18.732392087459715 255.08375640440715 18.69951510549962 29.102070928622325 85.52126963056861 -999.0 6231.0 -999.0 -1 -999 {-999.0 -999.0 -999.0 -999.0 -999.0} "" -999.0 -999.0 -999.0 -999.0 -999 -999 "" "" "" "" 0 0 0.0 0.0 -999 ""
FIBERMAP 598 R+11C9 APOGEE 0 0 0 1 0 0 10.675993416088309 225.3386460523975 143.1 104.58348094302185 199.8078227772047 82.49871 125.91444 -999.0 -999.0 -999.0 -999.0 -999.0 256.76300724569063 19.020084368455457 256.6909027559451 18.991542441808964 27.89179753566564 84.42160925780786 -999.0 16600.0 -999.0 2 21 {-999.0 -999.0 -999.0 -999.0 -999.0} "" -999.0 -999.0 -999.0 -999.0 -999 -999 "" ops_sky_apogee_best_unassigned ops_sky sky_apogee 0 0 0.0 0.0 -999 ""
FIBERMAP 598 R+11C9 BOSS 1 1 0 1 0 0 11.321027545762599 225.6887571564127 143.1 105.31575705641727 199.8535885522328 82.49871 125.91444 256.7668943110318 19.020113909389064 -1.1370871 -1.664615 0.06544441 256.7668909376343 19.020109240590326 256.69442285270844 18.991757349181068 27.888951668431588 84.41964125848135 5400.0 5400.0 2016.0 1 110 {-999.0 17.284672 16.363487 16.0187 -999.0} sdss_psfmag 16.971848 16.38567 15.663694 14.154 63050395765469811 1061672860 bright_1x1 manual_mwm_halo_distant_kgiant_near_boss_single mwm_halo science 0 0 0.0 0.0 -999 ""
FIBERMAP 598 R+11C9 METROLOGY 0 0 0 1 0 0 11.312295520874253 224.945654435241 143.1 104.9948735839944 199.18352922711185 82.49871 125.91444 -999.0 -999.0 -999.0 -999.0 -999.0 256.76524705161233 19.01715618313209 256.6928901299176 18.98875013828247 27.88883460656818 84.42341579350006 -999.0 6231.0 -999.0 -1 -999 {-999.0 -999.0 -999.0 -999.0 -999.0} "" -999.0 -999.0 -999.0 -999.0 -999 -999 "" "" "" "" 0 0 0.0 0.0 -999 ""
FIBERMAP 599 R+2C11 APOGEE 0 0 0 1 0 0 -66.17482033134414 37.050787534339364 143.1 -44.39327386843407 61.46255067002434 246.41316 37.592796 -999.0 -999.0 -999.0 -999.0 -999.0 256.04641721412804 18.396588560394452 255.976629113032 18.366259837214777 28.197891711971117 85.40621084498508 -999.0 16600.0 -999.0 2 142 {-999.0 -999.0 -999.0 -999.0 -999.0} "" -999.0 -999.0 -999.0 -999.0 -999 -999 "" ops_sky_apogee_best_unassigned ops_sky sky_apogee 0 0 0.0 0.0 -999 ""
FIBERMAP 599 R+2C11 BOSS 1 1 0 1 0 0 -66.35851897092633 37.7697202151551 143.1 -44.25703789310364 62.19174059862021 246.41316 37.592796 256.0474199415653 18.39974760757605 -5.014229 4.672015 3.3741953 256.04740512029537 18.39976071132502 255.97725570714144 18.369611073387684 28.198938465522552 85.40253609699224 5400.0 5400.0 2016.0 1 23 {-999.0 19.995962 18.540438 17.14523 -999.0} sdss_psfmag 19.434452 17.877388 16.682205 14.343 63050395765431399 1094398504 bright_1x1 mwm_bin_vis_boss mwm_filler science 0 0 0.0 0.0 -999 ""
FIBERMAP 599 R+2C11 METROLOGY 0 0 0 1 0 0 -65.63744711915038 37.574199916303 143.1 -43.685621042932794 61.71078338662169 246.41316 37.592796 -999.0 -999.0 -999.0 -999.0 -999.0 256.0500496141939 18.39761211204444 255.98000225204657 18.367420878181775 28.195609011810234 85.4033436041828 -999.0 6231.0 -999.0 -1 -999 {-999.0 -999.0 -999.0 -999.0 -999.0} "" -999.0 -999.0 -999.0 -999.0 -999 -999 "" "" "" "" 0 0 0.0 0.0 -999 ""
FIBERMAP 600 R+1C17 APOGEE 0 0 0 1 0 0 63.85356004571917 15.352087899541033 143.1 64.3587885749952 -12.97365707132257 208.82076 102.01917 -999.0 -999.0 -999.0 -999.0 -999.0 256.56721325283064 18.055914405011045 256.4977845302992 18.027221933435257 27.601499345148554 85.48108138579391 -999.0 16600.0 -999.0 2 -999 {-999.0 -999.0 -999.0 -999.0 -999.0} "" -999.0 -999.0 -999.0 -999.0 -999 -999 "" "" "" "" 0 0 0.0 0.0 -999 ""
FIBERMAP 600 R+1C17 BOSS 1 1 0 1 0 0 63.32384116008573 15.918472934176643 143.1 64.11705671680815 -12.237044507138274 208.82076 102.01917 256.56646728515625 18.05908336041955 -999.0 -999.0 -999.0 256.56646728515625 18.059083360419546 256.496670667498 18.030571015802007 27.604014197968993 85.47831409609984 5400.0 5400.0 2015.5 1 191 {-999.0 -999.0 -999.0 -999.0 -999.0} "" -999.0 -999.0 -999.0 -999.0 27021603155084677 813300798 "" ops_sky_boss_good ops_sky sky_boss 0 0 0.0 0.0 -999 ""
FIBERMAP 600 R+1C17 METROLOGY 0 0 0 1 0 0 64.07912810246413 16.063270739806537 143.1 64.86282382668085 -12.423861101812385 208.82076 102.01917 -999.0 -999.0 -999.0 -999.0 -999.0 256.56992686982727 18.05827043101129 256.5002309755698 18.02971636351124 27.600626186080895 85.47736074854788 -999.0 6231.0 -999.0 -1 -999 {-999.0 -999.0 -999.0 -999.0 -999.0} "" -999.0 -999.0 -999.0 -999.0 -999 -999 "" "" "" "" 0 0 0.0 0.0 -999 ""
FIBERMAP 604 R+7C14 APOGEE 0 0 0 1 0 0 97.32868079870975 129.0825250504643 143.1 142.60806089608076 76.04203306795056 32.763737 53.35315 -999.0 -999.0 -999.0 -999.0 -999.0 256.94349837443133 18.458666160027324 256.87266532563785 18.430882909544923 27.477466024057435 84.89037351675177 -999.0 16600.0 -999.0 2 43 {-999.0 -999.0 -999.0 -999.0 -999.0} "" -999.0 -999.0 -999.0 -999.0 -999 -999 "" ops_sky_apogee_best_unassigned ops_sky sky_apogee 0 0 0.0 0.0 -999 ""
FIBERMAP 604 R+7C14 BOSS 1 1 0 1 0 0 97.2557968971056 128.35548259725815 143.1 142.23577785239198 75.41355317197363 32.763737 53.35315 256.9421219363994 18.455675743741573 1.1136888 -2.511616 0.024804743 256.94212522935845 18.45566869933232 256.87093742169696 18.428066478633866 27.477590369164723 84.89404400634314 5400.0 5400.0 2016.0 1 160 {-999.0 15.924013 15.181725 14.848438 -999.0} sdss_psfmag 15.700203 15.17768 14.487271 13.079 63050395765413200 1061551337 bright_1x1 manual_mwm_halo_distant_kgiant_near_boss_single mwm_halo science 0 0 0.0 0.0 -999 ""
FIBERMAP 604 R+7C14 METROLOGY 0 0 0 1 0 0 96.64056706358741 128.7768289905323 143.1 141.85543241785672 76.05467985051031 32.763737 53.35315 -999.0 -999.0 -999.0 -999.0 -999.0 256.9402084465819 18.45864309063782 256.86911796667175 18.43098198952095 27.48048362117823 84.89205667284352 -999.0 6231.0 -999.0 -1 -999 {-999.0 -999.0 -999.0 -999.0 -999.0} "" -999.0 -999.0 -999.0 -999.0 -999 -999 "" "" "" "" 0 0 0.0 0.0 -999 ""
FIBERMAP 605 R+13C13 APOGEE 1 1 0 1 0 0 138.24762837310428 235.92253426714265 143.1 224.70432157277142 155.6754342002313 32.053734 15.566063 257.3347287299671 18.814129946329565 -3.0070744 0.53018147 0.58129895 257.3347198198608 18.814131433346176 257.2625803759612 18.787324439864193 27.318108745621117 84.34064711120521 16000.0 16600.0 2016.0 2 103 {-999.0 12.784192 11.897203 11.579838 -999.0} sdss_psfmag_from_g3xp 12.5070095 11.93786 11.224398 9.751 63050395765445958 1105433371 bright_1x1 mwm_tess_rgb_apogee mwm_tessrgb science 0 0 0.0 0.0 -999 ""
FIBERMAP 605 R+13C13 BOSS 0 0 0 1 0 0 137.72618011625795 235.3991152402955 143.1 224.01110437030715 155.42048847468584 32.053734 15.566063 -999.0 -999.0 -999.0 -999.0 -999.0 257.33181231670187 18.812852367111223 257.25931128997286 18.78622173304938 27.320328438584426 84.34337337802117 -999.0 5400.0 -999.0 1 91 {-999.0 -999.0 -999.0 -999.0 -999.0} "" -999.0 -999.0 -999.0 -999.0 -999 -999 "" "" "" "" 0 0 0.0 0.0 -999 ""
FIBERMAP 605 R+13C13 METROLOGY 0 0 0 1 0 0 137.52190529808146 236.11303214960924 143.1 224.12657242288128 156.15379673721236 32.053734 15.566063 -999.0 -999.0 -999.0 -999.0 -999.0 257.3322529566006 18.81619295171417 257.2598470228942 18.78950995364643 27.321418093568496 84.3398350696612 -999.0 6231.0 -999.0 -1 -999 {-999.0 -999.0 -999.0 -999.0 -999.0} "" -999.0 -999.0 -999.0 -999.0 -999 -999 "" "" "" "" 0 0 0.0 0.0 -999 ""
FIBERMAP 610 R-4C21 APOGEE 0 0 0 1 0 0 198.0861314561065 -59.44750313993938 143.1 154.558524940635 -137.3246359361144 140.47487 71.08514 -999.0 -999.0 -999.0 -999.0 -999.0 256.9930310206633 17.48940372034842 256.9246128726701 17.46218738930789 26.975610506264253 85.82383634096368 -999.0 16600.0 -999.0 2 232 {-999.0 -999.0 -999.0 -999.0 -999.0} "" -999.0 -999.0 -999.0 -999.0 -999 -999 "" ops_sky_apogee_best_unassigned ops_sky sky_apogee 0 0 0.0 0.0 -999 ""
FIBERMAP 610 R-4C21 BOSS 1 1 0 1 0 0 198.7226109724094 -59.05688778887804 143.1 155.30010382649144 -137.23854395359027 140.47487 71.08514 256.9970480617879 17.48966820377978 -32.58132 -37.930508 1.1902387 256.9969522507388 17.489561818856018 256.9281618895192 17.462547040555627 26.972805578037672 85.8216714347236 5400.0 5400.0 2016.0 1 279 {-999.0 17.120481 16.228863 15.905715 -999.0} sdss_psfmag 16.849197 16.272001 15.552296 14.036 63050395763856179 1073336564 bright_1x1 mwm_halo_local_high_boss_single mwm_halo science 0 0 0.0 0.0 -999 ""
FIBERMAP 610 R-4C21 METROLOGY 0 0 0 1 0 0 198.72884968269886 -59.823236409225984 143.1 154.98300334141467 -137.935984365179 140.47487 71.08514 -999.0 -999.0 -999.0 -999.0 -999.0 256.99530350143453 17.48647301391519 256.92662655388267 17.459401015395912 26.972593947852978 85.82555793678131 -999.0 6231.0 -999.0 -1 -999 {-999.0 -999.0 -999.0 -999.0 -999.0} "" -999.0 -999.0 -999.0 -999.0 -999 -999 "" "" "" "" 0 0 0.0 0.0 -999 ""
FIBERMAP 613 R0C25 APOGEE 0 0 0 1 0 0 237.6918125214063 8.855497187475791 143.1 219.23378790740173 -92.07786333906279 128.65761 122.95291 -999.0 -999.0 -999.0 -999.0 -999.0 257.3010871888089 17.693072428287405 257.23184535733367 17.666658960852544 26.815335796074223 85.46587344651118 -999.0 16600.0 -999.0 2 35 {-999.0 -999.0 -999.0 -999.0 -999.0} "" -999.0 -999.0 -999.0 -999.0 -999 -999 "" ops_sky_apogee_best_unassigned ops_sky sky_apogee 0 0 0.0 0.0 -999 ""
FIBERMAP 613 R0C25 BOSS 1 1 0 1 0 0 237.92676481224865 9.562443643564931 143.1 219.74454720720632 -91.53586058524789 128.65761 122.95291 257.3039245605469 17.695309953142186 -999.0 -999.0 -999.0 257.3039245605469 17.695309953142186 257.2343028696578 17.669094990404133 26.814434063509992 85.46222474359195 5400.0 5400.0 2015.5 1 172 {-999.0 -999.0 -999.0 -999.0 -999.0} "" -999.0 -999.0 -999.0 -999.0 27021603154859218 821076417 "" ops_sky_boss_good ops_sky sky_boss 0 0 0.0 0.0 -999 ""
FIBERMAP 613 R0C25 METROLOGY 0 0 0 1 0 0 238.42903402742718 9.005003392937619 143.1 219.96515891896593 -92.25280257166726 128.65761 122.95291 -999.0 -999.0 -999.0 -999.0 -999.0 257.30480958507735 17.69212017972466 257.23530020415546 17.665855031369734 26.812057536614006 85.46491216024219 -999.0 6231.0 -999.0 -1 -999 {-999.0 -999.0 -999.0 -999.0 -999.0} "" -999.0 -999.0 -999.0 -999.0 -999 -999 "" "" "" "" 0 0 0.0 0.0 -999 ""
FIBERMAP 614 R+1C11 APOGEE 0 0 0 1 0 0 -39.9925981083172 24.35742984625351 143.1 -26.001020609659303 38.927115153037526 45.40168 85.880936 -999.0 -999.0 -999.0 -999.0 -999.0 256.1345061696266 18.2938251375256 256.06489556907445 18.263791289411234 28.075798272895916 85.46419677773565 -999.0 16600.0 -999.0 2 134 {-999.0 -999.0 -999.0 -999.0 -999.0} "" -999.0 -999.0 -999.0 -999.0 -999 -999 "" ops_sky_apogee_best_unassigned ops_sky sky_apogee 0 0 0.0 0.0 -999 ""
FIBERMAP 614 R+1C11 BOSS 1 1 0 1 0 0 -39.49880245180613 23.79901623314408 143.1 -25.788501425425142 38.212859403813226 45.40168 85.880936 256.1358592582939 18.290432606441364 -0.1606763 -7.796559 0.19836979 256.1358587836606 18.290410739184857 256.06590120010844 18.260561425428108 28.073437594801383 85.46691944254565 5400.0 5400.0 2016.0 1 31 {-999.0 19.375652 19.06865 18.88925 -999.0} sdss_psfmag 19.189707 19.002 18.529078 -999.0 63050395765415488 1092240417 dark_flexible_2x1 mwm_cb_galex_mag_boss mwm_cb science 0 0 0.0 0.0 -999 ""
FIBERMAP 614 R+1C11 METROLOGY 0 0 0 1 0 0 -40.23952538752371 23.64343782718556 143.1 -26.525604401056906 38.38376792139694 45.40168 85.880936 -999.0 -999.0 -999.0 -999.0 -999.0 256.1322243939867 18.29124354303957 256.0623686080763 18.261332705359543 28.076761174777012 85.46793449032714 -999.0 6231.0 -999.0 -1 -999 {-999.0 -999.0 -999.0 -999.0 -999.0} "" -999.0 -999.0 -999.0 -999.0 -999 -999 "" "" "" "" 0 0 0.0 0.0 -999 ""
FIBERMAP 615 R-10C5 APOGEE 0 0 0 1 0 0 -80.63920390657414 -177.85747431985632 143.1 -148.01863287019535 -127.29299885289186 101.27943 68.674736 -999.0 -999.0 -999.0 -999.0 -999.0 255.55228539723151 17.53890281404917 255.48516552766864 17.507530984677608 28.204870944635616 86.51566175481327 -999.0 16600.0 -999.0 2 -999 {-999.0 -999.0 -999.0 -999.0 -999.0} "" -999.0 -999.0 -999.0 -999.0 -999 -999 "" "" "" "" 0 0 0.0 0.0 -999 ""
FIBERMAP 615 R-10C5 BOSS 1 1 0 1 0 0 -79.90405763082826 -177.96124409749052 143.1 -147.39581356656515 -127.69669771532682 101.27943 68.674736 255.55539521573758 17.536880862314522 -38.878277 -10.056092 0.5560789 255.5555584888598 17.536852657640043 255.48809071716528 17.50567109603901 28.201532735825666 86.51601617688911 5400.0 5400.0 2016.0 1 348 {-999.0 13.908623 13.394325 13.161082 -999.0} sdss_psfmag_from_g3xp 13.785269 13.393936 12.818829 11.693 63050395765401376 1071091355 bright_1x1 mwm_halo_vmp_xp_boss_single mwm_halo science 0 0 0.9530201554298401 0.0 -999 ""
FIBERMAP 615 R-10C5 METROLOGY 0 0 0 1 0 0 -80.36770075645047 -178.55241893634366 143.1 -148.06515769199657 -128.03741982518363 101.27943 68.674736 -999.0 -999.0 -999.0 -999.0 -999.0 255.55230140174686 17.53537798409929 255.48493954517255 17.50413679359156 28.20344902606704 86.51916751590574 -999.0 6231.0 -999.0 -1 -999 {-999.0 -999.0 -999.0 -999.0 -999.0} "" -999.0 -999.0 -999.0 -999.0 -999 -999 "" "" "" "" 0 0 0.0 0.0 -999 ""
FIBERMAP 619 R+7C12 APOGEE 0 0 0 1 0 0 37.48095608665541 151.85046656549383 143.1 97.9358819781694 121.89025525763596 100.737915 88.59574 -999.0 -999.0 -999.0 -999.0 -999.0 256.7305007550057 18.66843614929215 256.65933918573126 18.639950098271587 27.754136189579526 84.78897828101287 -999.0 16600.0 -999.0 2 6 {-999.0 -999.0 -999.0 -999.0 -999.0} "" -999.0 -999.0 -999.0 -999.0 -999 -999 "" ops_sky_apogee_best_unassigned ops_sky sky_apogee 0 0 0.0 0.0 -999 ""
FIBERMAP 619 R+7C12 BOSS 1 1 0 1 0 0 38.209772815730666 151.95925714418576 143.1 98.64248489616193 121.68194081823037 100.737915 88.59574 256.73430331128765 18.667316039083044 -7.029372 4.331337 0.25983074 256.7342825010169 18.66732818732042 256.66275961226927 18.639034354251127 27.75084345855683 84.78817907837895 5400.0 5400.0 2016.0 1 138 {-999.0 17.827307 17.559721 17.478195 -999.0} sdss_psfmag 17.80652 17.54903 17.147049 16.208 63050395765418865 977090009 "" ops_std_boss ops_std standard_boss 0 0 0.0 0.0 -999 ""
FIBERMAP 619 R+7C12 METROLOGY 0 0 0 1 0 0 37.94291324259382 151.25718516996335 143.1 98.10484968297003 121.15779566343309 100.737915 88.59574 -999.0 -999.0 -999.0 -999.0 -999.0 256.7315903599896 18.66501486845462 256.6601781560347 18.636663050149046 27.751895466289525 84.79184048772049 -999.0 6231.0 -999.0 -1 -999 {-999.0 -999.0 -999.0 -999.0 -999.0} "" -999.0 -999.0 -999.0 -999.0 -999 -999 "" "" "" "" 0 0 0.0 0.0 -999 ""
FIBERMAP 623 R+6C11 APOGEE 0 0 0 1 0 0 -4.0078903835168305 124.19564089152465 143.1 48.6727020837748 114.29042301737468 69.99924 153.221 -999.0 -999.0 -999.0 -999.0 -999.0 256.4940509475601 18.63544135606775 256.4232081516899 18.606291039284645 27.93614841679181 84.94103194648932 -999.0 16600.0 -999.0 2 -999 {-999.0 -999.0 -999.0 -999.0 -999.0} "" -999.0 -999.0 -999.0 -999.0 -999 -999 "" "" "" "" 0 0 0.0 0.0 -999 ""
FIBERMAP 623 R+6C11 BOSS 1 1 0 1 0 0 -3.458371466254024 124.73102424785452 143.1 49.39640857740526 114.54439395547956 69.99924 153.221 256.4979323538241 18.636434030719826 -7.617021 4.24793 1.3191935 256.4979098079367 18.636445945022952 256.4267032436385 18.607485611594047 27.93377987826304 84.93808283126236 5400.0 5400.0 2016.0 1 136 {-999.0 17.04848 15.779986 15.179933 -999.0} sdss_psfmag 16.504232 15.705591 14.774606 12.958 63050395765418617 917061724 bright_4x1 mwm_yso_variable_boss mwm_yso science 0 0 0.0 0.0 -999 ""
FIBERMAP 623 R+6C11 METROLOGY 0 0 0 1 0 0 -3.286378681966252 124.00568604152762 143.1 49.24686168039916 113.8143264928803 69.99924 153.221 -999.0 -999.0 -999.0 -999.0 -999.0 256.4970770821856 18.633177283787617 256.42598074826935 18.60416524195653 27.93283146252007 84.94176691176972 -999.0 6231.0 -999.0 -1 -999 {-999.0 -999.0 -999.0 -999.0 -999.0} "" -999.0 -999.0 -999.0 -999.0 -999 -999 "" "" "" "" 0 0 0.0 0.0 -999 ""
FIBERMAP 624 R-5C1 APOGEE 0 0 0 1 0 0 -247.34879540261662 -82.41411625917435 143.1 -258.9694155823277 29.452813509616515 171.24007 66.52204 -999.0 -999.0 -999.0 -999.0 -999.0 255.02456247046973 18.249032554663735 254.9561440641446 18.215868356963455 28.9830838709467 86.07506227480081 -999.0 16600.0 -999.0 2 241 {-999.0 -999.0 -999.0 -999.0 -999.0} "" -999.0 -999.0 -999.0 -999.0 -999 -999 "" ops_sky_apogee_best_unassigned ops_sky sky_apogee 0 0 0.0 0.0 -999 ""
FIBERMAP 624 R-5C1 BOSS 1 1 0 1 0 0 -246.97660237410258 -81.77141891229456 143.1 -258.36128571982465 29.878763994230233 171.24007 66.52204 255.027772383497 18.25085961145769 -10.36699 -20.251774 0.5578393 255.02774176668345 18.250802810661302 254.95897437657842 18.217819111690524 28.981624566529597 86.07165127665414 5400.0 5400.0 2016.0 1 498 {-999.0 16.384363 15.929584 15.739952 -999.0} sdss_psfmag 16.272818 15.929929 15.409656 14.445 63050395765426581 1072759825 bright_1x1 mwm_halo_local_high_boss_single mwm_halo science 0 0 0.0 0.0 -999 ""
FIBERMAP 624 R-5C1 METROLOGY 0 0 0 1 0 0 -246.59604958138448 -82.40392368053577 143.1 -258.28264298184996 29.145026795009496 171.24007 66.52204 -999.0 -999.0 -999.0 -999.0 -999.0 255.0280271604353 18.247533163350088 254.95936445564394 18.214502863994166 28.979741754114855 86.07480059544224 -999.0 6231.0 -999.0 -1 -999 {-999.0 -999.0 -999.0 -999.0 -999.0} "" -999.0 -999.0 -999.0 -999.0 -999 -999 "" "" "" "" 0 0 0.0 0.0 -999 ""
FIBERMAP 627 R+5C4 APOGEE 0 0 0 1 0 0 -172.4374765534976 109.29484551874096 143.1 -110.31027290561245 171.71668330074772 108.23315 117.17823 -999.0 -999.0 -999.0 -999.0 -999.0 255.73149357450222 18.896330538167838 255.66072145651412 18.864897455717546 28.695493778515868 85.06376571668505 -999.0 16600.0 -999.0 2 -999 {-999.0 -999.0 -999.0 -999.0 -999.0} "" -999.0 -999.0 -999.0 -999.0 -999 -999 "" "" "" "" 0 0 0.0 0.0 -999 ""
FIBERMAP 627 R+5C4 BOSS 1 1 0 1 0 0 -171.91850094956598 109.84446102404442 143.1 -109.60826458490536 171.99642155075412 108.23315 117.17823 255.73518745287893 18.897474616548795 -2.8036075 -1.2337232 0.13475996 255.73517914152723 18.897471156286027 255.66405277377197 18.86622090561434 28.69331837717133 85.0607590463316 5400.0 5400.0 2016.0 1 37 {-999.0 14.891098 14.248267 13.960668 -999.0} sdss_psfmag_from_g3xp 14.719396 14.2534895 13.611576 12.318 63050395765438241 1071091354 bright_1x1 mwm_halo_vmp_xp_boss_single mwm_halo science 0 0 0.0 0.0 -999 ""
FIBERMAP 627 R+5C4 METROLOGY 0 0 0 1 0 0 -171.711655185596 109.12208753076574 143.1 -109.72496327056372 171.25436330966951 108.23315 117.17823 -999.0 -999.0 -999.0 -999.0 -999.0 255.73451478105162 18.894163215151153 255.663496094734 18.862863489730632 28.692223507373427 85.06442669260281 -999.0 6231.0 -999.0 -1 -999 {-999.0 -999.0 -999.0 -999.0 -999.0} "" -999.0 -999.0 -999.0 -999.0 -999 -999 "" "" "" "" 0 0 0.0 0.0 -999 ""
FIBERMAP 630 R+11C4 APOGEE 0 0 0 1 0 0 -109.47575327977289 223.88231381641677 143.1 -4.965910892374579 249.09077066965077 131.77747 113.73159 -999.0 -999.0 -999.0 -999.0 -999.0 256.23796260131877 19.244345038941706 256.165790079703 19.214207753632532 28.434652043128686 84.45920783355967 -999.0 16600.0 -999.0 2 26 {-999.0 -999.0 -999.0 -999.0 -999.0} "" -999.0 -999.0 -999.0 -999.0 -999 -999 "" ops_sky_apogee_best_unassigned ops_sky sky_apogee 0 0 0.0 0.0 -999 ""
FIBERMAP 630 R+11C4 BOSS 1 1 0 1 0 0 -109.15502416516718 224.55294754538943 143.1 -4.392675244475735 249.5637244212225 131.77747 113.73159 256.2410900284975 19.2464059292901 -6.590064 -38.607174 3.6228402 256.24107045095275 19.246297646520887 256.16853805066756 19.216342014288337 28.433340477559433 84.45569030396305 5400.0 5400.0 2016.0 1 145 {-999.0 20.715174 19.15287 17.795937 -999.0} sdss_psfmag 20.125633 18.501146 17.295149 15.035 63050395765475918 1095236655 bright_1x1 mwm_bin_vis_boss mwm_filler science 0 0 0.0 0.0 -999 ""
FIBERMAP 630 R+11C4 METROLOGY 0 0 0 1 0 0 -108.72685060059281 223.95441727386662 143.1 -4.2565481884078045 248.84073427483645 131.77747 113.73159 -999.0 -999.0 -999.0 -999.0 -999.0 256.2416158667018 19.243110870358763 256.1691902185621 19.21310922032782 28.431297592383935 84.45862430427957 -999.0 6231.0 -999.0 -1 -999 {-999.0 -999.0 -999.0 -999.0 -999.0} "" -999.0 -999.0 -999.0 -999.0 -999 -999 "" "" "" "" 0 0 0.0 0.0 -999 ""
FIBERMAP 631 R-5C16 APOGEE 1 1 0 1 0 0 98.11013229308561 -87.59628145615864 143.1 52.05971057114042 -120.73975228598 77.58281 142.06807 256.5060303379085 17.56594736769328 -0.60006034 -13.418811 0.17406172 256.5060285725838 17.565909731527857 256.43790378734514 17.537254113518316 27.419565407190838 85.9980331888639 16000.0 16600.0 2016.0 2 202 {-999.0 12.522648 11.506431 11.050765 -999.0} sdss_psfmag_from_g3xp 12.172884 11.489878 10.682519 9.022 63050395765398483 1071684744 bright_1x1 mwm_halo_vmp_xp_apogee_single mwm_halo science 0 0 0.0 0.0 -999 ""
FIBERMAP 631 R-5C16 BOSS 0 0 0 1 0 0 98.67798695142059 -87.1128582585203 143.1 52.7781575956757 -120.54061353969038 77.58281 142.06807 -999.0 -999.0 -999.0 -999.0 -999.0 256.5098466914768 17.56656392573816 256.4413545816245 17.538105469731807 27.417075523826746 85.99542686790215 -999.0 5400.0 -999.0 1 304 {-999.0 -999.0 -999.0 -999.0 -999.0} "" -999.0 -999.0 -999.0 -999.0 -999 -999 "" "" "" "" 0 0 0.0 0.0 -999 ""
FIBERMAP 631 R-5C16 METROLOGY 0 0 0 1 0 0 98.81756631170323 -87.83989160235191 143.1 52.598509016636186 -121.25856660617417 77.58281 142.06807 -999.0 -999.0 -999.0 -999.0 -999.0 256.5088654877485 17.563371679639275 256.44048492653747 17.534858971252035 27.416261302406987 85.9990884258986 -999.0 6231.0 -999.0 -1 -999 {-999.0 -999.0 -999.0 -999.0 -999.0} "" -999.0 -999.0 -999.0 -999.0 -999 -999 "" "" "" "" 0 0 0.0 0.0 -999 ""
FIBERMAP 635 R+9C12 APOGEE 0 0 0 1 0 0 73.29684367635438 183.19794424670366 143.1 143.6108563387807 135.22727864908708 71.14189 61.45054 -999.0 -999.0 -999.0 -999.0 -999.0 256.949183798583 18.72689926467955 256.87765429223873 18.699017198251113 27.598978210223322 84.6207595759659 -999.0 16600.0 -999.0 2 25 {-999.0 -999.0 -999.0 -999.0 -999.0} "" -999.0 -999.0 -999.0 -999.0 -999 -999 "" ops_sky_apogee_best_unassigned ops_sky sky_apogee 0 0 0.0 0.0 -999 ""
FIBERMAP 635 R+9C12 BOSS 1 1 0 1 0 0 73.80488862309704 182.65221789425232 143.1 143.8416380871592 134.51852459516445 71.14189 61.45054 256.9506849526484 18.72353412350247 -1.589252 -0.35405704 -0.43346542 256.9506802461477 18.72353313046737 256.87879495466785 18.69583885684022 27.596536448223553 84.6233590034691 5400.0 5400.0 2016.0 1 140 {-999.0 20.929905 20.741596 20.580688 20.463234} sdss_psfmag_from_gaiadr2 20.92114 20.743614 20.279907 -999.0 63050395765449921 1056793226 dark_flexible_2x2 bhm_gua_dark bhm_filler science 0 0 0.0 0.0 -999 ""
FIBERMAP 635 R+9C12 METROLOGY 0 0 0 1 0 0 73.08124080589512 182.4800711077941 143.1 143.11303836247276 134.66721993803068 71.14189 61.45054 -999.0 -999.0 -999.0 -999.0 -999.0 256.9470922462292 18.724286931276428 256.87531141031786 18.69653039790019 27.599776265701955 84.62441118642926 -999.0 6231.0 -999.0 -1 -999 {-999.0 -999.0 -999.0 -999.0 -999.0} "" -999.0 -999.0 -999.0 -999.0 -999 -999 "" "" "" "" 0 0 0.0 0.0 -999 ""
FIBERMAP 637 R-13C10 APOGEE 1 1 0 1 0 0 62.32018404100672 -273.7858435018211 143.1 -58.80533114735317 -274.4758677174078 11.264453 6.2824063 255.97786873931466 16.875960875151637 -5.6861043 -5.3411913 0.24699722 255.97785207361798 16.875945894541932 255.91198049745162 16.846075975663716 27.530808936222613 86.95295976988368 16000.0 16600.0 2016.0 2 181 {-999.0 13.535259 12.290918 11.760281 -999.0} sdss_psfmag_from_g3xp 13.063692 12.25688 11.379972 9.396 63050395763684619 1152445417 bright_1x1 mwm_galactic_core_dist_apogee_sparse mwm_galactic science 0 0 0.0 0.0 -999 ""
FIBERMAP 637 R-13C10 BOSS 0 0 0 1 0 0 61.60112473479075 -273.98513059476187 143.1 -59.54120114387643 -274.35371174307903 11.264453 6.2824063 -999.0 -999.0 -999.0 -999.0 -999.0 255.97473507452852 16.876324654602 255.90850781415304 16.846632892549135 27.53399210133297 86.95420730325395 -999.0 5400.0 -999.0 1 335 {-999.0 -999.0 -999.0 -999.0 -999.0} "" -999.0 -999.0 -999.0 -999.0 -999 -999 "" "" "" "" 0 0 0.0 0.0 -999 ""
FIBERMAP 637 R-13C10 METROLOGY 0 0 0 1 0 0 61.78329454691739 -273.26706981841556 143.1 -59.07361635190223 -273.77940217968967 11.264453 6.2824063 -999.0 -999.0 -999.0 -999.0 -999.0 255.97683428884358 16.878919770091922 255.910699834988 16.849179824944507 27.533373624275363 86.95055206154069 -999.0 6231.0 -999.0 -1 -999 {-999.0 -999.0 -999.0 -999.0 -999.0} "" -999.0 -999.0 -999.0 -999.0 -999 -999 "" "" "" "" 0 0 0.0 0.0 -999 ""
FIBERMAP 640 R-5C17 APOGEE 0 0 0 1 0 0 123.38644744507938 -114.35934791973946 143.1 63.70499454187247 -155.65000948220387 300.42264 83.419754 -999.0 -999.0 -999.0 -999.0 -999.0 256.5606369485093 17.40758908903564 256.49285680395815 17.37916008534833 27.29820112450639 86.1264719023161 -999.0 16600.0 -999.0 2 -999 {-999.0 -999.0 -999.0 -999.0 -999.0} "" -999.0 -999.0 -999.0 -999.0 -999 -999 "" "" "" "" 0 0 0.0 0.0 -999 ""
FIBERMAP 640 R-5C17 BOSS 1 1 0 1 0 0 122.69031643390427 -114.67388503199669 143.1 62.94137365535148 -155.64200190235434 300.42264 83.419754 256.5571156791121 17.40739807910912 -6.989718 -1.6468823 0.15484437 256.55738598232756 17.407393460044936 256.4892467421904 17.37914296461453 27.301221733900093 86.1283368966702 5400.0 5400.0 2016.0 1 300 {-999.0 14.233704 13.426274 13.058381 -999.0} sdss_psfmag_from_g3xp 13.987746 13.422399 12.700399 11.21 63050395763848390 1071091271 bright_1x1 mwm_halo_vmp_xp_boss_single mwm_halo science 0 0 0.9991010427474976 0.0 -999 ""
FIBERMAP 640 R-5C17 METROLOGY 0 0 0 1 0 0 122.77224902709699 -113.93576524320545 143.1 63.32652608146424 -155.00728966182513 300.42264 83.419754 -999.0 -999.0 -999.0 -999.0 -999.0 256.5591311597974 17.410322945776226 256.49108553029055 17.382022985504108 27.30105172770631 86.1245463828077 -999.0 6231.0 -999.0 -1 -999 {-999.0 -999.0 -999.0 -999.0 -999.0} "" -999.0 -999.0 -999.0 -999.0 -999 -999 "" "" "" "" 0 0 0.0 0.0 -999 ""
FIBERMAP 641 R-8C16 APOGEE 0 0 0 1 0 0 149.58245773164387 -170.7170934317922 143.1 63.71997257119986 -217.77973605109977 24.143318 29.323555 -999.0 -999.0 -999.0 -999.0 -999.0 256.5588128314021 17.127572362387127 256.49173707027876 17.09926166460504 27.16545476805714 86.40360899694963 -999.0 16600.0 -999.0 2 -999 {-999.0 -999.0 -999.0 -999.0 -999.0} "" -999.0 -999.0 -999.0 -999.0 -999 -999 "" "" "" "" 0 0 0.0 0.0 -999 ""
FIBERMAP 641 R-8C16 BOSS 1 1 0 1 0 0 149.13742344389587 -171.33071999190764 143.1 63.05804441029756 -218.14865143320262 24.143318 29.323555 256.55607600988066 17.125750931388637 -13.606582 -19.830357 0.62025404 256.5560360764626 17.125695312553088 256.48860399608 17.097567021317726 27.16727314649524 86.40689240135565 5400.0 5400.0 2016.0 1 307 {-999.0 15.58196 15.194912 15.0503845 -999.0} sdss_psfmag 15.506165 15.192259 14.697838 13.819 63050395763846124 980632944 "" ops_std_boss_tic ops_std standard_boss 0 0 0.0 0.0 -999 ""
FIBERMAP 641 R-8C16 METROLOGY 0 0 0 1 0 0 148.84003333814897 -170.64314750252268 143.1 63.07799386587371 -217.40001182888153 24.143318 29.323555 -999.0 -999.0 -999.0 -999.0 -999.0 256.5560500281545 17.129116189901847 256.4887123007677 17.100932734367028 27.16879297981241 86.40351496667114 -999.0 6231.0 -999.0 -1 -999 {-999.0 -999.0 -999.0 -999.0 -999.0} "" -999.0 -999.0 -999.0 -999.0 -999 -999 "" "" "" "" 0 0 0.0 0.0 -999 ""
FIBERMAP 647 R-6C1 APOGEE 0 0 1 1 0 0 -223.54008314008036 -108.75839648428283 143.1 -248.47836257352148 -4.459651132474078 10.004416 170.0552 -999.0 -999.0 -999.0 -999.0 -999.0 255.07441561023856 18.095707327717278 255.00634199570663 18.062747315898314 28.869054876460133 86.20391625883309 -999.0 16600.0 -999.0 2 261 {-999.0 -999.0 -999.0 -999.0 -999.0} "" -999.0 -999.0 -999.0 -999.0 -999 -999 "" ops_sky_apogee_best_unassigned ops_sky sky_apogee 0 0 0.0 0.0 -999 ""
FIBERMAP 647 R-6C1 BOSS 1 0 1 1 0 0 -222.80255673233523 -108.7157789695517 143.1 -247.7917325649659 -4.731629817896325 10.004416 170.0552 254.97101331119964 18.08597318957013 -99.05653 20.710308 2.7323651 255.07796775882898 18.094310136231034 255.0095516218422 18.061534333554476 28.865791463115997 86.20350004314685 5400.0 5400.0 2016.0 1 499 {-999.0 15.575447 14.801423 14.493077 -999.0} sdss_psfmag_from_g3xp 15.350612 14.827567 14.13909 12.742 63050395765425590 1072498373 bright_1x1 mwm_halo_local_high_boss_single mwm_halo science 0 0 0.0 0.0 -999 ""
FIBERMAP 647 R-6C1 METROLOGY 0 0 1 1 0 0 -223.10107158586143 -109.39456259039302 143.1 -248.34825999207175 -5.221328500314782 10.004416 170.0552 -999.0 -999.0 -999.0 -999.0 -999.0 255.07527014156184 18.092134096456554 255.00695929411916 18.05930238613881 28.86691689458626 86.20707273726856 -999.0 6231.0 -999.0 -1 -999 {-999.0 -999.0 -999.0 -999.0 -999.0} "" -999.0 -999.0 -999.0 -999.0 -999 -999 "" "" "" "" 0 0 0.0 0.0 -999 ""
FIBERMAP 648 R+10C6 APOGEE 0 0 0 1 0 0 -71.18563924225597 177.38289983788877 143.1 10.166186079417043 190.805562421271 284.81168 86.680336 -999.0 -999.0 -999.0 -999.0 -999.0 256.3099487208499 18.982506730197485 256.23838813705106 18.952683784717333 28.252511075554004 84.68624194294182 -999.0 16600.0 -999.0 2 -999 {-999.0 -999.0 -999.0 -999.0 -999.0} "" -999.0 -999.0 -999.0 -999.0 -999 -999 "" "" "" "" 0 0 0.0 0.0 -999 ""
FIBERMAP 648 R+10C6 BOSS 1 1 0 1 0 0 -71.94685825655078 177.237038478023 143.1 9.414592705362017 190.99391310307107 284.81168 86.680336 256.30671751273997 18.983105632515905 -7.70801 49.393715 10.391257 256.30669465044406 18.983244168637118 256.23478366929015 18.95358654650248 28.25594891487627 84.6871346742065 5400.0 5400.0 2016.0 1 119 {-999.0 17.703293 16.206768 14.790854 -999.0} sdss_psfmag 17.0387 15.4882965 14.279716 12.039 63050395765436532 1151022077 bright_1x1 mwm_snc_100pc_boss_single mwm_snc science 0 0 0.0 0.0 -999 ""
FIBERMAP 648 R+10C6 METROLOGY 0 0 0 1 0 0 -71.68379077999691 177.9383339257499 143.1 9.948462756330102 191.51895130372952 284.81168 86.680336 -999.0 -999.0 -999.0 -999.0 -999.0 256.3091670042405 18.98564096203605 256.2373451049723 18.95594064240823 28.25489907991055 84.6834896382345 -999.0 6231.0 -999.0 -1 -999 {-999.0 -999.0 -999.0 -999.0 -999.0} "" -999.0 -999.0 -999.0 -999.0 -999 -999 "" "" "" "" 0 0 0.0 0.0 -999 ""
FIBERMAP 650 R-2C1 APOGEE 1 1 0 1 0 0 -287.27941152202243 -47.42457439973125 143.1 -280.4363995635252 77.99346918873265 258.4333 51.32257 254.9236353274662 18.467667158998243 -0.5363276 -1.6046621 0.4200689 254.92363374154002 18.467662658351532 254.85475035475207 18.434124118632894 29.170317714600152 85.90595397786922 16000.0 16600.0 2016.0 2 275 {-999.0 12.6132965 11.290711 10.682862 -999.0} sdss_psfmag_from_g3xp 12.093864 11.214984 10.294964 8.2 63050395765428047 1155958354 bright_1x1 mwm_galactic_core_dist_apogee_extra mwm_galactic science 0 0 0.0 0.0 -999 ""
FIBERMAP 650 R-2C1 BOSS 0 0 0 1 0 0 -287.7656986978214 -46.85602456204568 143.1 -280.63784216350507 78.71375269874562 258.4333 51.32257 -999.0 -999.0 -999.0 -999.0 -999.0 254.92305127444595 18.470726683794872 254.8538205998018 18.437355648998416 29.17260750488949 85.9031539406435 -999.0 5400.0 -999.0 1 426 {-999.0 -999.0 -999.0 -999.0 -999.0} "" -999.0 -999.0 -999.0 -999.0 -999 -999 "" "" "" "" 0 0 0.0 0.0 -999 ""
FIBERMAP 650 R-2C1 METROLOGY 0 0 0 1 0 0 -287.03593506706864 -46.71893689885681 143.1 -279.9184630798175 78.53069512020825 258.4333 51.32257 -999.0 -999.0 -999.0 -999.0 -999.0 254.92631934792453 18.46997995949812 254.85718371833866 18.436570167170682 29.16941971217259 85.90224187661693 -999.0 6231.0 -999.0 -1 -999 {-999.0 -999.0 -999.0 -999.0 -999.0} "" -999.0 -999.0 -999.0 -999.0 -999 -999 "" "" "" "" 0 0 0.0 0.0 -999 ""
FIBERMAP 654 R+12C14 APOGEE 0 0 0 1 0 0 145.70381097601881 238.9109586682582 143.1 232.72310849450776 155.2446406219545 29.634428 115.881615 -999.0 -999.0 -999.0 -999.0 -999.0 257.37258313083265 18.81157882961224 257.30041209998865 18.784882542643874 27.285309968970104 84.32422231167516 -999.0 16600.0 -999.0 2 91 {-999.0 -999.0 -999.0 -999.0 -999.0} "" -999.0 -999.0 -999.0 -999.0 -999 -999 "" ops_sky_apogee_best_unassigned ops_sky sky_apogee 0 0 0.0 0.0 -999 ""
FIBERMAP 654 R+12C14 BOSS 1 1 0 1 0 0 146.3085750124078 238.48155916075984 143.1 233.09057340925943 154.60062035156872 29.634428 115.881615 257.3747062290666 18.808517271741973 -9.899792 -18.547565 2.1521423 257.37467689649463 18.808465250793134 257.3021443055198 18.781960600163895 27.282493692674564 84.32626492025197 5400.0 5400.0 2016.0 1 89 {-999.0 19.978273 20.169506 20.37376 -999.0} sdss_psfmag 20.089643 20.063578 19.933092 -999.0 63050395765445932 1092240451 dark_flexible_2x1 mwm_cb_galex_mag_boss mwm_cb science 0 0 0.0 0.0 -999 ""
FIBERMAP 654 R+12C14 METROLOGY 0 0 0 1 0 0 145.63038608556877 238.16062806885316 143.1 232.34052688147878 154.59527428313797 29.634428 115.881615 -999.0 -999.0 -999.0 -999.0 -999.0 257.37103381224193 18.808551868335524 257.29860838665934 18.781984585066684 27.285463574090585 84.32800314357229 -999.0 6231.0 -999.0 -1 -999 {-999.0 -999.0 -999.0 -999.0 -999.0} "" -999.0 -999.0 -999.0 -999.0 -999 -999 "" "" "" "" 0 0 0.0 0.0 -999 ""
FIBERMAP 660 R+8C18 APOGEE 0 0 0 1 0 0 194.13471568975527 161.9162777717402 143.1 244.20594773600908 65.03986751492837 49.79086 89.66865 -999.0 -999.0 -999.0 -999.0 -999.0 257.42550958635957 18.403787913061993 257.35433464066546 18.377422116762094 27.04897108158675 84.70169396959284 -999.0 16600.0 -999.0 2 -999 {-999.0 -999.0 -999.0 -999.0 -999.0} "" -999.0 -999.0 -999.0 -999.0 -999 -999 "" "" "" "" 0 0 0.0 0.0 -999 ""
FIBERMAP 660 R+8C18 BOSS 1 1 0 1 0 0 194.71445322284563 161.4297982458715 143.1 244.52668234734287 64.35463563730978 49.79086 89.66865 257.42741893800513 18.400509821951353 -8.958967 -8.649295 0.16784814 257.427392456599 18.40048556299725 257.35585390287326 18.374314151764697 27.04623608097036 84.70401079963393 5400.0 5400.0 2016.0 1 239 {-999.0 15.828099 15.155304 14.871958 -999.0} sdss_psfmag 15.644987 15.166237 14.514473 13.192 63050395765442998 1076061931 bright_1x1 mwm_halo_mp_xp_boss_single mwm_halo science 0 0 0.0 0.0 -999 ""
FIBERMAP 660 R+8C18 METROLOGY 0 0 0 1 0 0 194.00316723441458 161.181868495921 143.1 243.77737362558437 64.42941573558367 49.79086 89.66865 -999.0 -999.0 -999.0 -999.0 -999.0 257.423755093131 18.40091954072414 257.3523239307559 18.374684258435874 27.049365857529402 84.70541474540835 -999.0 6231.0 -999.0 -1 -999 {-999.0 -999.0 -999.0 -999.0 -999.0} "" -999.0 -999.0 -999.0 -999.0 -999 -999 "" "" "" "" 0 0 0.0 0.0 -999 ""
FIBERMAP 661 R-11C8 APOGEE 1 1 0 1 0 0 -7.5416673741928095 -221.27671743596156 143.1 -100.03100271703786 -197.44511836697944 246.68848 156.25296 255.78145540951368 17.22142030449468 0.82523984 2.6086633 0.54743314 255.78145783272836 17.221427621095618 255.71491461658036 17.190845197194403 27.86126192505298 86.71291230800483 16000.0 16600.0 2016.0 2 158 {-999.0 12.0303955 11.302134 11.029977 -999.0} sdss_psfmag_from_g3xp 11.831179 11.338277 10.681473 9.342 63050395765395790 1105568453 bright_1x1 mwm_tess_rgb_apogee mwm_tessrgb science 0 0 0.0 0.0 -999 ""
FIBERMAP 661 R-11C8 BOSS 0 0 0 1 0 0 -8.064790799127085 -221.8084139905667 143.1 -100.72922489630866 -197.70686342772896 246.68848 156.25296 -999.0 -999.0 -999.0 -999.0 -999.0 255.77848857280068 17.22004429133131 255.7115975577949 17.18963770904885 27.863470224326967 86.71582323844689 -999.0 5400.0 -999.0 1 360 {-999.0 -999.0 -999.0 -999.0 -999.0} "" -999.0 -999.0 -999.0 -999.0 -999 -999 "" "" "" "" 0 0 0.0 0.0 -999 ""
FIBERMAP 661 R-11C8 METROLOGY 0 0 0 1 0 0 -8.263184949159296 -221.08417648561118 143.1 -100.60407847189707 -196.9666746710603 246.68848 156.25296 -999.0 -999.0 -999.0 -999.0 -999.0 255.77897007770804 17.223430541460743 255.712170397896 17.19297180840426 27.86458057573097 86.71221369215766 -999.0 6231.0 -999.0 -1 -999 {-999.0 -999.0 -999.0 -999.0 -999.0} "" -999.0 -999.0 -999.0 -999.0 -999 -999 "" "" "" "" 0 0 0.0 0.0 -999 ""
FIBERMAP 663 R0C1 APOGEE 1 1 0 1 0 0 -296.8424484066405 -10.093339592362517 143.1 -273.38426997435454 115.86756257129292 225.21964 131.37549 254.9569915834234 18.63863650598732 -32.56123 13.231853 3.6793132 254.95689520303554 18.63867361776026 254.88753938350095 18.60515824282968 29.22263474267025 85.71604922550264 16000.0 16600.0 2016.0 2 277 {-999.0 12.959295 12.381837 12.196443 -999.0} sdss_psfmag_from_g3xp 12.824719 12.423341 11.857014 10.836 63050395765497453 1076229846 bright_1x1 mwm_snc_ext_main_apogee mwm_snc science 0 0 0.0 0.0 -999 ""
FIBERMAP 663 R0C1 BOSS 0 0 0 1 0 0 -297.5848034496622 -10.066117079628434 143.1 -274.04586392536186 116.20489562162108 225.21964 131.37549 -999.0 -999.0 -999.0 -999.0 -999.0 254.954166369097 18.63997676076478 254.88446917769954 18.60662310009743 29.22589179465033 85.71611785422363 -999.0 5400.0 -999.0 1 424 {-999.0 -999.0 -999.0 -999.0 -999.0} "" -999.0 -999.0 -999.0 -999.0 -999 -999 "" "" "" "" 0 0 0.0 0.0 -999 ""
FIBERMAP 663 R0C1 METROLOGY 0 0 0 1 0 0 -297.2016095444457 -9.427306919478896 143.1 -273.42939721088806 116.62268862347842 225.21964 131.37549 -999.0 -999.0 -999.0 -999.0 -999.0 254.95696140553866 18.64193815271928 254.88735268621178 18.608543514249234 29.22436881005538 85.7127116314881 -999.0 6231.0 -999.0 -1 -999 {-999.0 -999.0 -999.0 -999.0 -999.0} "" -999.0 -999.0 -999.0 -999.0 -999 -999 "" "" "" "" 0 0 0.0 0.0 -999 ""
FIBERMAP 664 R+7C5 APOGEE 1 1 0 1 0 0 -106.20163496924131 138.3242548636738 143.1 -38.031213081679944 170.1402957712475 40.770985 80.95113 256.07815784227296 18.88973938770529 -3.4450374 -7.7769017 0.12699631 256.07814762986214 18.88971757558149 256.0070551077084 18.85927240854315 28.40276859209971 84.89585659414472 16000.0 16600.0 2016.0 2 117 {-999.0 13.576745 12.077099 11.345247 -999.0} sdss_psfmag_from_g3xp 12.9138155 11.962062 10.98511 8.959 63050395765436133 1152446590 bright_1x1 mwm_galactic_core_dist_apogee_sparse mwm_galactic science 0 0 0.0 0.0 -999 ""
FIBERMAP 664 R+7C5 BOSS 0 0 0 1 0 0 -105.81889863312503 137.69063183485818 143.1 -37.951061594481075 169.4046250715337 40.770985 80.95113 -999.0 -999.0 -999.0 -999.0 -999.0 256.07886189759887 18.88627229392228 256.0074255771269 18.856005779050626 28.400937666865495 84.89895779500034 -999.0 5400.0 -999.0 1 56 {-999.0 -999.0 -999.0 -999.0 -999.0} "" -999.0 -999.0 -999.0 -999.0 -999 -999 "" "" "" "" 0 0 0.0 0.0 -999 ""
FIBERMAP 664 R+7C5 METROLOGY 0 0 0 1 0 0 -106.56203874354249 137.673494169641 143.1 -38.63205014635916 169.70206943751006 40.770985 80.95113 -999.0 -999.0 -999.0 -999.0 -999.0 256.07549756240746 18.88765770255286 256.0041606960136 18.857331368006967 28.40428922368625 84.89925905229177 -999.0 6231.0 -999.0 -1 -999 {-999.0 -999.0 -999.0 -999.0 -999.0} "" -999.0 -999.0 -999.0 -999.0 -999 -999 "" "" "" "" 0 0 0.0 0.0 -999 ""
FIBERMAP 665 R-5C18 APOGEE 0 0 0 1 0 0 135.302883326304 -100.52210550458216 143.1 80.3367958701903 -148.1231694726806 177.5024 136.2051 -999.0 -999.0 -999.0 -999.0 -999.0 256.6400431747483 17.441439386882372 256.57209879708796 17.413224343796717 27.247957232163223 86.05223485992349 -999.0 16600.0 -999.0 2 220 {-999.0 -999.0 -999.0 -999.0 -999.0} "" -999.0 -999.0 -999.0 -999.0 -999 -999 "" ops_sky_apogee_best_unassigned ops_sky sky_apogee 0 0 0.0 0.0 -999 ""
FIBERMAP 665 R-5C18 BOSS 1 1 0 1 0 0 134.776491498126 -100.00288002401805 143.1 80.07821869429372 -147.4307155281891 177.5024 136.2051 256.63922870330157 17.444342687165747 -0.85651714 -1.8909388 0.42065984 256.63922618518933 17.444337383589673 256.5709116727321 17.416306803825137 27.250421897184154 86.04979364533669 5400.0 5400.0 2016.0 1 292 {-999.0 16.42084 16.031393 15.909412 -999.0} sdss_psfmag 16.342077 16.032099 15.55129 14.643 63050395763848552 976253388 "" ops_std_boss ops_std standard_boss 0 0 0.0 0.0 -999 ""
FIBERMAP 665 R-5C18 METROLOGY 0 0 0 1 0 0 135.5017265405644 -99.81008540261337 143.1 80.81695356405612 -147.56135891139903 177.5024 136.2051 -999.0 -999.0 -999.0 -999.0 -999.0 256.6426304240207 17.443799823930345 256.57441675557834 17.41572604951776 27.24720476026419 86.04857549864141 -999.0 6231.0 -999.0 -1 -999 {-999.0 -999.0 -999.0 -999.0 -999.0} "" -999.0 -999.0 -999.0 -999.0 -999 -999 "" "" "" "" 0 0 0.0 0.0 -999 ""
FIBERMAP 667 R0C9 APOGEE 1 1 0 1 0 0 -101.4307138249256 2.8765832431341996 143.1 -90.7510369721689 45.32681662426058 359.40622 133.0495 255.82395518173334 18.32328601996041 10.260033 -5.8559995 3.7252104 255.82398549533715 18.323269595450117 255.75460393471315 18.29233779398668 28.34932873661267 85.59261901725182 16000.0 16600.0 2016.0 2 246 {-999.0 9.424028 9.439484 9.497287 -999.0} sdss_psfmag_from_g3xp 9.5008335 9.391812 9.176443 8.87 63050395765431460 975093910 "" ops_std_apogee ops_std standard_apogee 0 0 0.0 0.0 -999 ""
FIBERMAP 667 R0C9 BOSS 0 0 0 1 0 0 -100.91586576784273 2.3420100504731707 143.1 -90.50938987191893 44.625309414444935 359.40622 133.0495 -999.0 -999.0 -999.0 -999.0 -999.0 255.8254455518643 18.319920235850642 255.7557194284649 18.289171416276467 28.34690728858679 85.59523105136026 -999.0 5400.0 -999.0 1 492 {-999.0 -999.0 -999.0 -999.0 -999.0} "" -999.0 -999.0 -999.0 -999.0 -999 -999 "" "" "" "" 0 0 0.0 0.0 -999 ""
FIBERMAP 667 R0C9 METROLOGY 0 0 0 1 0 0 -101.63861275757559 2.159025115276819 143.1 -91.24173747317734 44.763798914147365 359.40622 133.0495 -999.0 -999.0 -999.0 -999.0 -999.0 255.82184686877986 18.320596551664885 255.7522219409135 18.289787026015834 28.350128521739684 85.59638444855761 -999.0 6231.0 -999.0 -1 -999 {-999.0 -999.0 -999.0 -999.0 -999.0} "" -999.0 -999.0 -999.0 -999.0 -999 -999 "" "" "" "" 0 0 0.0 0.0 -999 ""
FIBERMAP 669 R+3C3 APOGEE 0 0 0 1 0 0 -215.24503483021405 48.906645106457425 143.1 -174.55511796473314 134.994402953389 220.7408 148.21484 -999.0 -999.0 -999.0 -999.0 -999.0 255.42418493769088 18.72898612655883 255.35414447309086 18.696751889445217 28.874134932210026 85.38770889113141 -999.0 16600.0 -999.0 2 107 {-999.0 -999.0 -999.0 -999.0 -999.0} "" -999.0 -999.0 -999.0 -999.0 -999 -999 "" ops_sky_apogee_best_unassigned ops_sky sky_apogee 0 0 0.0 0.0 -999 ""
FIBERMAP 669 R+3C3 BOSS 1 1 0 1 0 0 -215.9785214351153 48.81130453174254 143.1 -175.26029021435005 135.21687866403016 220.7408 148.21484 255.42114257812497 18.7298216636281 -999.0 -999.0 -999.0 255.42114257812497 18.729821663628105 255.35075829084926 18.697750368961657 28.877438312823834 85.38840638155737 5400.0 5400.0 2015.5 1 59 {-999.0 -999.0 -999.0 -999.0 -999.0} "" -999.0 -999.0 -999.0 -999.0 27021603155090785 813301542 "" ops_sky_boss_good ops_sky sky_boss 0 0 0.0 0.0 -999 ""
FIBERMAP 669 R+3C3 METROLOGY 0 0 0 1 0 0 -215.70568466673416 49.50229414553098 143.1 -174.72190322215198 135.72845858753513 220.7408 148.21484 -999.0 -999.0 -999.0 -999.0 -999.0 255.42362113366013 18.732193189118494 255.35332588677363 18.700079218056896 28.876371092192038 85.38475915380354 -999.0 6231.0 -999.0 -1 -999 {-999.0 -999.0 -999.0 -999.0 -999.0} "" -999.0 -999.0 -999.0 -999.0 -999 -999 "" "" "" "" 0 0 0.0 0.0 -999 ""
FIBERMAP 671 R+1C15 APOGEE 0 0 0 1 0 0 51.25742179837033 31.935421616876358 143.1 59.922719927789935 7.366699229829576 107.64514 23.02107 -999.0 -999.0 -999.0 -999.0 -999.0 256.5463554168714 18.14866864655016 256.4767106410769 18.119876280710994 27.662874777634947 85.39953622800124 -999.0 16600.0 -999.0 2 -999 {-999.0 -999.0 -999.0 -999.0 -999.0} "" -999.0 -999.0 -999.0 -999.0 -999 -999 "" "" "" "" 0 0 0.0 0.0 -999 ""
FIBERMAP 671 R+1C15 BOSS 1 1 0 1 0 0 51.770104547794986 31.36485165155637 143.1 60.147243374666076 6.633467353625376 107.64514 23.02107 256.5473319984761 18.14507803559548 3.1657188 23.65221 13.123309 256.5478091322783 18.145144373701303 256.47781512780864 18.116539239312175 27.6603758981123 85.4023002444484 5400.0 5400.0 2016.0 1 189 {-999.0 12.805224 11.63641 11.181016 -999.0} sdss_psfmag_from_g3xp 12.373606 11.650809 10.821595 9.157 63050395765414265 1150977558 bright_1x1 mwm_snc_100pc_boss_single mwm_snc science 0 0 1.6002986431121826 0.0 -999 ""
FIBERMAP 671 R+1C15 METROLOGY 0 0 0 1 0 0 51.03356267749175 31.22369900622578 143.1 59.42000675861957 6.815694136773119 107.64514 23.02107 -999.0 -999.0 -999.0 -999.0 -999.0 256.5442213047175 18.146040116589408 256.4743273321766 18.11737384586188 27.663692687036935 85.403233628939 -999.0 6231.0 -999.0 -1 -999 {-999.0 -999.0 -999.0 -999.0 -999.0} "" -999.0 -999.0 -999.0 -999.0 -999 -999 "" "" "" "" 0 0 0.0 0.0 -999 ""
FIBERMAP 673 R-11C1 APOGEE 1 1 0 1 0 0 -152.7431348903483 -207.47734452734207 143.1 -225.86669798243005 -123.78053928091096 45.36035 90.60336 255.1846634935514 17.55593490084184 -11.885862 -5.6456275 0.6963477 255.18462852832033 17.55591906636783 255.11782216567534 17.52349681217595 28.520797168217634 86.68862134230059 16000.0 16600.0 2016.0 2 271 {-999.0 12.06697 11.098859 10.708396 -999.0} sdss_psfmag_from_g3xp 11.750557 11.113417 10.345628 8.676 63050395765304717 1109691412 bright_1x1 mwm_tess_rgb_apogee mwm_tessrgb science 0 0 0.0 0.0 -999 ""
FIBERMAP 673 R-11C1 BOSS 0 0 0 1 0 0 -152.19891298833275 -207.99016884765754 143.1 -225.5892591771997 -124.47469893665537 45.36035 90.60336 -999.0 -999.0 -999.0 -999.0 -999.0 255.18629423075785 17.55259701531655 255.1191487135917 17.520358603881743 28.518194812645277 86.69108251838287 -999.0 5400.0 -999.0 1 421 {-999.0 -999.0 -999.0 -999.0 -999.0} "" -999.0 -999.0 -999.0 -999.0 -999 -999 "" "" "" "" 0 0 0.0 0.0 -999 ""
FIBERMAP 673 R-11C1 METROLOGY 0 0 0 1 0 0 -152.9163904090382 -208.20797767943347 143.1 -226.3314956017694 -124.37000199750172 45.36035 90.60336 -999.0 -999.0 -999.0 -999.0 -999.0 255.1827107428627 17.553134127221128 255.11566532307017 17.520834983275513 28.521345035906307 86.69239865948964 -999.0 6231.0 -999.0 -1 -999 {-999.0 -999.0 -999.0 -999.0 -999.0} "" -999.0 -999.0 -999.0 -999.0 -999 -999 "" "" "" "" 0 0 0.0 0.0 -999 ""
FIBERMAP 674 R+4C1 APOGEE 0 0 0 1 0 0 -235.01373496014665 77.50497455767844 143.1 -180.4339588993789 169.2490107809049 347.22113 129.70242 -999.0 -999.0 -999.0 -999.0 -999.0 255.3968048916098 18.883266522147217 255.326390851126 18.85089144464077 28.96911112117725 85.24579624969817 -999.0 16600.0 -999.0 2 144 {-999.0 -999.0 -999.0 -999.0 -999.0} "" -999.0 -999.0 -999.0 -999.0 -999 -999 "" ops_sky_apogee_best_unassigned ops_sky sky_apogee 0 0 0.0 0.0 -999 ""
FIBERMAP 674 R+4C1 BOSS 1 1 0 1 0 0 -234.6859961008544 76.84796377722836 143.1 -180.4135211144161 168.51529832826233 347.22113 129.70242 255.3972280484221 18.8798230336767 -5.375837 -4.9660926 1.2365618 255.39721211332449 18.87980910511825 255.32646309006785 18.847607293652548 28.967524562071617 85.24908387970801 5400.0 5400.0 2016.0 1 2 {-999.0 20.183445 18.870594 18.107607 -999.0} sdss_psfmag -999.0 18.180702 -999.0 14.105 63050395765438913 1095373027 bright_1x1 mwm_bin_vis_boss mwm_filler science 0 0 0.0 0.0 -999 ""
FIBERMAP 674 R+4C1 METROLOGY 0 0 0 1 0 0 -235.43532682650417 76.88910374203901 143.1 -181.07557809426802 168.86818758138892 347.22113 129.70242 -999.0 -999.0 -999.0 -999.0 -999.0 255.3939792147895 18.881416831276642 255.32332624738183 18.849156930917818 28.970873243938605 85.24909221217695 -999.0 6231.0 -999.0 -1 -999 {-999.0 -999.0 -999.0 -999.0 -999.0} "" -999.0 -999.0 -999.0 -999.0 -999 -999 "" "" "" "" 0 0 0.0 0.0 -999 ""
FIBERMAP 675 R-1C20 APOGEE 1 1 0 1 0 0 134.79183122694087 -14.441007204086414 143.1 116.12752683821633 -69.86217714712016 143.99066 126.88766 256.81319118234586 17.795911306390664 -11.616417 3.4968371 4.4190736 256.8131569641087 17.795921114077995 256.74414582777433 17.76804933770395 27.272334476302277 85.61335925913063 16000.0 16600.0 2016.0 2 227 {-999.0 8.583609 8.581737 8.63769 -999.0} sdss_psfmag_from_g3xp 8.656407 8.542237 8.315612 8.024 63050395765407603 975093826 "" ops_std_apogee ops_std standard_apogee 0 0 0.0 0.0 -999 ""
FIBERMAP 675 R-1C20 BOSS 0 0 0 1 0 0 134.74751656258096 -13.694627156926536 143.1 116.40169561197881 -69.16680517781273 143.99066 126.88766 -999.0 -999.0 -999.0 -999.0 -999.0 256.8149038135307 17.798858255587337 256.7455175845321 17.771177784452217 27.272667800426156 85.60956348082692 -999.0 5400.0 -999.0 1 271 {-999.0 -999.0 -999.0 -999.0 -999.0} "" -999.0 -999.0 -999.0 -999.0 -999 -999 "" "" "" "" 0 0 0.0 0.0 -999 ""
FIBERMAP 675 R-1C20 METROLOGY 0 0 0 1 0 0 135.42584869292875 -14.039975970895053 143.1 116.87126026938269 -69.76560464349676 143.99066 126.88766 -999.0 -999.0 -999.0 -999.0 -999.0 256.8170097779722 17.796185769139047 256.7477315559928 17.76845955471389 27.269522601061418 85.61113114430196 -999.0 6231.0 -999.0 -1 -999 {-999.0 -999.0 -999.0 -999.0 -999.0} "" -999.0 -999.0 -999.0 -999.0 -999 -999 "" "" "" "" 0 0 0.0 0.0 -999 ""
FIBERMAP 676 R-9C12 APOGEE 0 0 0 1 0 0 49.259351371520324 -190.08138811144147 143.1 -35.393858107844224 -193.08417842564455 271.6648 90.127426 -999.0 -999.0 -999.0 -999.0 -999.0 256.08832983428147 17.239873206848884 256.0214387532005 17.210160596062455 27.613178543528228 86.53581943297621 -999.0 16600.0 -999.0 2 152 {-999.0 -999.0 -999.0 -999.0 -999.0} "" -999.0 -999.0 -999.0 -999.0 -999 -999 "" ops_sky_apogee_best_unassigned ops_sky sky_apogee 0 0 0.0 0.0 -999 ""
FIBERMAP 676 R-9C12 BOSS 1 1 0 1 0 0 48.50735949461379 -190.10550948689814 143.1 -36.08581342025292 -192.7893378405084 271.6648 90.127426 256.08538879049513 17.24100732420086 -0.3747022 -11.060049 0.30534434 256.0853876901121 17.24097630372962 256.01813924648053 17.21144035284585 27.61655898055735 86.53624845606859 5400.0 5400.0 2016.0 1 368 {-999.0 17.698736 17.309444 17.155638 17.094873} sdss_psfmag_from_gaia 17.6484 17.3222 16.8393 15.562 63050395765395004 968547537 "" ops_std_boss_gdr2 ops_std standard_boss 0 0 0.0 0.0 -999 ""
FIBERMAP 676 R-9C12 METROLOGY 0 0 0 1 0 0 48.85923529195952 -189.4430767900266 143.1 -35.48779247565243 -192.33693738188558 271.6648 90.127426 -999.0 -999.0 -999.0 -999.0 -999.0 256.0881319172707 17.24306736053244 256.0209766901827 17.213485804466103 27.61515377902937 86.53275976633552 -999.0 6231.0 -999.0 -1 -999 {-999.0 -999.0 -999.0 -999.0 -999.0} "" -999.0 -999.0 -999.0 -999.0 -999 -999 "" "" "" "" 0 0 0.0 0.0 -999 ""
FIBERMAP 677 R-11C3 APOGEE 0 0 0 1 0 0 -114.72506823390756 -220.74628816492023 143.1 -196.9858460160534 -151.82263864419082 303.7952 132.64134 -999.0 -999.0 -999.0 -999.0 -999.0 255.32168070226712 17.428954281557797 255.2550623916918 17.39697435479671 28.345500509372016 86.74454291304124 -999.0 16600.0 -999.0 2 206 {-999.0 -999.0 -999.0 -999.0 -999.0} "" -999.0 -999.0 -999.0 -999.0 -999 -999 "" ops_sky_apogee_best_unassigned ops_sky sky_apogee 0 0 0.0 0.0 -999 ""
FIBERMAP 677 R-11C3 BOSS 1 1 0 1 0 0 -114.86539545063395 -221.47306600127757 143.1 -197.41916535253904 -152.42247407002785 303.7952 132.64134 255.31999777269013 17.42608918793089 -0.5432055 -7.931104 0.16412988 255.31999617585635 17.426066943310822 255.25303921719228 17.39426274735039 28.345909956074536 86.74829642096923 5400.0 5400.0 2016.0 1 338 {-999.0 18.6098 18.280512 18.14589 -999.0} sdss_psfmag 18.573967 18.281153 17.838093 -999.0 63050395765288970 978225416 "" ops_std_boss ops_std standard_boss 0 0 0.0 0.0 -999 ""
FIBERMAP 677 R-11C3 METROLOGY 0 0 0 1 0 0 -115.42576190108674 -220.99289700648606 143.1 -197.72499485300415 -151.75112202135236 303.7952 132.64134 -999.0 -999.0 -999.0 -999.0 -999.0 255.31843286959435 17.42915241194531 255.251568061415 17.397291657255053 28.348584933345542 86.74602692179013 -999.0 6231.0 -999.0 -1 -999 {-999.0 -999.0 -999.0 -999.0 -999.0} "" -999.0 -999.0 -999.0 -999.0 -999 -999 "" "" "" "" 0 0 0.0 0.0 -999 ""
FIBERMAP 678 R+11C16 APOGEE 1 1 0 1 0 0 158.38459590600755 208.87578366954048 143.1 231.57051944235786 122.67247107177597 178.4615 140.25044 257.3669440954479 18.665003024667392 -1.3496557 -10.957144 0.63062084 257.3669400998832 18.664972292817808 257.29515326728034 18.638323006495913 27.22107639525045 84.47251141396244 16000.0 16600.0 2016.0 2 58 {-999.0 12.664278 11.771918 11.44979 -999.0} sdss_psfmag_from_g3xp 12.387246 11.81285 11.093838 9.573 63050395765445473 1104531073 bright_1x1 mwm_tess_rgb_apogee mwm_tessrgb science 0 0 0.0 0.0 -999 ""
FIBERMAP 678 R+11C16 BOSS 0 0 0 1 0 0 157.81851782795616 209.36835588593368 143.1 231.2647352371969 123.35747406859562 178.4615 140.25044 -999.0 -999.0 -999.0 -999.0 -999.0 257.36588277300916 18.66790186516769 257.2937206812659 18.641433648637665 27.223733639880415 84.47013713266335 -999.0 5400.0 -999.0 1 171 {-999.0 -999.0 -999.0 -999.0 -999.0} "" -999.0 -999.0 -999.0 -999.0 -999 -999 "" "" "" "" 0 0 0.0 0.0 -999 ""
FIBERMAP 678 R+11C16 METROLOGY 0 0 0 1 0 0 158.52365551667714 209.60988192341168 143.1 232.00577257986635 123.27947744948675 178.4615 140.25044 -999.0 -999.0 -999.0 -999.0 -999.0 257.3692720994108 18.667549305081675 257.2972119185148 18.64103855386173 27.220626369906668 84.46878561385148 -999.0 6231.0 -999.0 -1 -999 {-999.0 -999.0 -999.0 -999.0 -999.0} "" -999.0 -999.0 -999.0 -999.0 -999 -999 "" "" "" "" 0 0 0.0 0.0 -999 ""
FIBERMAP 681 R+6C17 APOGEE 0 0 0 1 0 0 123.27680667541475 114.16611588585609 143.1 159.85180524012176 51.58965189672046 175.61047 132.48672 -999.0 -999.0 -999.0 -999.0 -999.0 257.02523776034354 18.346913103760727 256.9546098508655 18.319413924047367 27.356423265524874 84.96001475841501 -999.0 16600.0 -999.0 2 71 {-999.0 -999.0 -999.0 -999.0 -999.0} "" -999.0 -999.0 -999.0 -999.0 -999 -999 "" "" "" "" 0 0 0.0 0.0 -999 ""
FIBERMAP 681 R+6C17 BOSS 1 1 0 1 0 0 122.83330709910796 114.75383611778277 143.1 159.69723002022292 52.30929581151822 175.61047 132.48672 257.02493653658684 18.349998661549332 1.0078249 7.410204 1.0499202 257.0249395146994 18.350019445183882 256.95393894522647 18.32270290406975 27.35853304358887 84.95708475837115 5400.0 5400.0 2016.0 1 207 {-999.0 14.171987 13.8382435 13.7261505 -999.0} sdss_psfmag_from_g3xp 14.119404 13.840265 13.396445 12.641 63050395765412770 979152974 "" ops_std_boss ops_std standard_boss 0 0 0.0 0.0 -999 ""
FIBERMAP 681 R+6C17 METROLOGY 0 0 0 1 0 0 123.56588717596965 114.86179657897206 143.1 160.40689537800552 52.09864376422983 175.61047 132.48672 -999.0 -999.0 -999.0 -999.0 -999.0 257.0282032103888 18.349083399223932 256.95730493401607 18.321724409432395 27.35525307877912 84.95636381866422 -999.0 6231.0 -999.0 -1 -999 {-999.0 -999.0 -999.0 -999.0 -999.0} "" -999.0 -999.0 -999.0 -999.0 -999 -999 "" "" "" "" 0 0 0.0 0.0 -999 ""
FIBERMAP 683 R-1C25 APOGEE 0 0 0 1 0 0 247.00802937274207 -5.910655297978938 143.1 221.46143077705904 -109.38928742976546 157.51445 84.606735 -999.0 -999.0 -999.0 -999.0 -999.0 257.3105173204129 17.614783932114094 257.2414634867912 17.588432724665168 26.770058651395956 85.53807080459995 -999.0 16600.0 -999.0 2 -999 {-999.0 -999.0 -999.0 -999.0 -999.0} "" -999.0 -999.0 -999.0 -999.0 -999 -999 "" "" "" "" 0 0 0.0 0.0 -999 ""
FIBERMAP 683 R-1C25 BOSS 1 1 0 1 0 0 247.36579053214032 -5.2426245083342415 143.1 222.06714541099927 -108.93429012916441 157.51445 84.606735 257.31381394070434 17.616626367681043 -8.693046 0.14163974 0.28723878 257.3137883593512 17.61662676494088 257.2443548552592 17.59047606594613 26.76860741182228 85.5345887131245 5400.0 5400.0 2016.0 1 261 {-999.0 17.32362 17.019812 16.913078 -999.0} sdss_psfmag 17.282244 17.019102 16.5949 15.715 63050395763858849 977088127 "" ops_std_boss ops_std standard_boss 0 0 0.0 0.0 -999 ""
FIBERMAP 683 R-1C25 METROLOGY 0 0 0 1 0 0 247.7535540272646 -5.881415427752895 143.1 222.14967827253062 -109.67676356444188 157.51445 84.606735 -999.0 -999.0 -999.0 -999.0 -999.0 257.3140189811482 17.61332883775392 257.24469876873104 17.58712596353147 26.766724382628333 85.53771373587603 -999.0 6231.0 -999.0 -1 -999 {-999.0 -999.0 -999.0 -999.0 -999.0} "" -999.0 -999.0 -999.0 -999.0 -999 -999 "" "" "" "" 0 0 0.0 0.0 -999 ""
FIBERMAP 685 R+6C6 APOGEE 0 0 0 1 0 0 -113.11361829111803 105.35107808066067 143.1 -58.18503471853806 143.15610304325025 247.08635 134.49481 -999.0 -999.0 -999.0 -999.0 -999.0 255.98102312541488 18.767678044494353 255.91034168932435 18.73700729635242 28.426822439465525 85.06735703576032 -999.0 16600.0 -999.0 2 -999 {-999.0 -999.0 -999.0 -999.0 -999.0} "" -999.0 -999.0 -999.0 -999.0 -999 -999 "" "" "" "" 0 0 0.0 0.0 -999 ""
FIBERMAP 685 R+6C6 BOSS 1 1 0 1 0 0 -113.91451494209127 105.08356800961234 143.1 -59.02383577495531 143.2508711648558 247.08635 134.49481 255.9773254394531 18.76798289506999 -999.0 -999.0 -999.0 255.9773254394531 18.76798289506999 255.90629582579615 18.73747672052038 28.43043087112035 85.06891621866407 5400.0 5400.0 2015.5 1 55 {-999.0 -999.0 -999.0 -999.0 -999.0} "" -999.0 -999.0 -999.0 -999.0 27021603155089818 821093175 "" ops_sky_boss_good ops_sky sky_boss 0 0 0.0 0.0 -999 ""
FIBERMAP 685 R+6C6 METROLOGY 0 0 0 1 0 0 -113.71167890346993 105.79715597124154 143.1 -58.53939764888523 143.81242160662268 247.08635 134.49481 -999.0 -999.0 -999.0 -999.0 -999.0 255.9795628971166 18.77056679244627 255.90862379955195 18.740016253877844 28.42966452884928 85.06519263845598 -999.0 6231.0 -999.0 -1 -999 {-999.0 -999.0 -999.0 -999.0 -999.0} "" -999.0 -999.0 -999.0 -999.0 -999 -999 "" "" "" "" 0 0 0.0 0.0 -999 ""
FIBERMAP 687 R-7C16 APOGEE 0 0 0 1 0 0 135.24153929705432 -147.85372605437095 143.1 60.346903165115016 -191.01072831208444 343.22797 87.85007 -999.0 -999.0 -999.0 -999.0 -999.0 256.54363624302374 17.247983546298986 256.47627396442033 17.21957585157816 27.23596144581945 86.29274537533712 -999.0 16600.0 -999.0 2 186 {-999.0 -999.0 -999.0 -999.0 -999.0} "" -999.0 -999.0 -999.0 -999.0 -999 -999 "" ops_sky_apogee_best_unassigned ops_sky sky_apogee 0 0 0.0 0.0 -999 ""
FIBERMAP 687 R-7C16 BOSS 1 1 0 1 0 0 134.97565803063296 -148.53171888301597 143.1 59.820296155976145 -191.51345404305528 343.22797 87.85007 256.5414965218703 17.245551005751967 0.0517684 -22.713524 3.3750398 256.5414966739016 17.245487300409426 256.47378032919124 17.217262936834743 27.236948982403945 86.2963105267056 5400.0 5400.0 2016.0 1 306 {-999.0 17.855383 16.412594 15.529921 -999.0} sdss_psfmag 17.249464 16.156445 15.108256 13.087 63050395763847371 1095492551 bright_1x1 mwm_bin_vis_boss mwm_filler science 0 0 0.0 0.0 -999 ""
FIBERMAP 687 R-7C16 METROLOGY 0 0 0 1 0 0 134.50380594450397 -147.96514932614343 143.1 59.631107166380595 -190.80104547189745 343.22797 87.85007 -999.0 -999.0 -999.0 -999.0 -999.0 256.5405138285521 17.248761016121946 256.47289232736364 17.220479228844205 27.239230632714516 86.29358835653397 -999.0 6231.0 -999.0 -1 -999 {-999.0 -999.0 -999.0 -999.0 -999.0} "" -999.0 -999.0 -999.0 -999.0 -999 -999 "" "" "" "" 0 0 0.0 0.0 -999 ""
FIBERMAP 688 R-7C2 APOGEE 0 0 0 1 0 0 -181.0368009978088 -131.99464242964663 143.1 -219.72882075811532 -43.42764505847946 358.33698 136.52203 -999.0 -999.0 -999.0 -999.0 -999.0 255.21073677312415 17.91937337584221 255.14298197900246 17.88687206820394 28.671568270653097 86.31107869303372 -999.0 16600.0 -999.0 2 -999 {-999.0 -999.0 -999.0 -999.0 -999.0} "" -999.0 -999.0 -999.0 -999.0 -999 -999 "" "" "" "" 0 0 0.0 0.0 -999 ""
FIBERMAP 688 R-7C2 BOSS 1 1 0 1 0 0 -180.4662614152859 -132.5095994466238 143.1 -219.4284191378666 -44.13482233594061 358.33698 136.52203 255.21247755721532 17.91598555124913 -0.32180923 -0.40776637 0.27434716 255.21247660862844 17.915984407573816 255.14438412466257 17.883664960714654 28.6688789089107 86.3135843654013 5400.0 5400.0 2016.0 1 488 {-999.0 20.075752 19.848083 19.647856 19.489172} sdss_psfmag_from_gaiadr2 20.008512 19.86881 19.255629 -999.0 63050395765421628 1056793114 dark_flexible_2x2 bhm_gua_dark bhm_filler science 0 0 0.0 0.0 -999 ""
FIBERMAP 688 R-7C2 METROLOGY 0 0 0 1 0 0 -181.18095646449504 -132.72668148730426 143.1 -220.16782681797528 -44.03063827770969 358.33698 136.52203 -999.0 -999.0 -999.0 -999.0 -999.0 255.20889575325117 17.916506358173468 255.14090298164854 17.884126831246324 28.67201789088704 86.31490132673434 -999.0 6231.0 -999.0 -1 -999 {-999.0 -999.0 -999.0 -999.0 -999.0} "" -999.0 -999.0 -999.0 -999.0 -999 -999 "" "" "" "" 0 0 0.0 0.0 -999 ""
FIBERMAP 689 R+5C20 APOGEE 0 0 0 1 0 0 197.24387481097816 82.82673273977494 143.1 213.7153762348454 -7.976429999139523 317.4775 96.691 -999.0 -999.0 -999.0 -999.0 -999.0 257.2791594523308 18.074339192900577 257.2089731057956 18.047693499269545 27.015165478243915 85.10121124446266 -999.0 16600.0 -999.0 2 45 {-999.0 -999.0 -999.0 -999.0 -999.0} "" -999.0 -999.0 -999.0 -999.0 -999 -999 "" ops_sky_apogee_best_unassigned ops_sky sky_apogee 0 0 0.0 0.0 -999 ""
FIBERMAP 689 R+5C20 BOSS 1 1 0 1 0 0 196.79733762976508 82.23014075664372 143.1 213.0592597845291 -8.329267955480628 317.4775 96.691 257.2764587402343 18.072570822545003 -999.0 -999.0 -999.0 257.2764587402343 18.072570822545003 257.2059101013022 18.046106639089146 27.01698147671938 85.10432648218122 5400.0 5400.0 2015.5 1 194 {-999.0 -999.0 -999.0 -999.0 -999.0} "" -999.0 -999.0 -999.0 -999.0 27021603154859735 821077156 "" ops_sky_boss_good ops_sky sky_boss 0 0 0.0 0.0 -999 ""
FIBERMAP 689 R+5C20 METROLOGY 0 0 0 1 0 0 196.5074420374429 82.92426428077762 143.1 213.08876321553095 -7.57784523393608 317.4775 96.691 -999.0 -999.0 -999.0 -999.0 -999.0 257.27651420509983 18.076033057835335 257.20606135392734 18.049514066360345 27.018465740787164 85.10087978966897 -999.0 6231.0 -999.0 -1 -999 {-999.0 -999.0 -999.0 -999.0 -999.0} "" -999.0 -999.0 -999.0 -999.0 -999 -999 "" "" "" "" 0 0 0.0 0.0 -999 ""
FIBERMAP 690 R-4C17 APOGEE 1 1 0 1 0 0 90.91204644449334 -84.93945897417917 143.1 46.652490921184246 -115.29937457049931 279.7569 12.911749 256.4800611651491 17.590713906870164 1.5833046 -12.776762 0.61449826 256.480343876422 17.590678071479477 256.4121821288523 17.5619377136122 27.45287580789799 85.98670144113017 16000.0 16600.0 2016.0 2 201 {-999.0 11.28648 9.912526 9.316259 -999.0} sdss_psfmag_from_g3xp 10.741779 9.850528 8.928213 6.816 63050395765398508 1152446578 bright_1x1 mwm_galactic_core_dist_apogee_sparse mwm_galactic science 0 0 0.954183042049408 0.0 -999 ""
FIBERMAP 690 R-4C17 BOSS 0 0 0 1 0 0 90.62679040109371 -84.2582906116799 143.1 46.68074459654522 -114.56165169695394 279.7569 12.911749 -999.0 -999.0 -999.0 -999.0 -999.0 256.4808777902281 17.59378842638814 256.41234613034146 17.565234377718053 27.454305019548066 85.9833490449812 -999.0 5400.0 -999.0 1 301 {-999.0 -999.0 -999.0 -999.0 -999.0} "" -999.0 -999.0 -999.0 -999.0 -999 -999 "" "" "" "" 0 0 0.0 0.0 -999 ""
FIBERMAP 690 R-4C17 METROLOGY 0 0 0 1 0 0 91.36981859620298 -84.35238329750175 143.1 47.31478569478575 -114.95989635120402 279.7569 12.911749 -999.0 -999.0 -999.0 -999.0 -999.0 256.48378973642 17.592033910103346 256.4153619738795 17.563436297021635 27.45092069161052 85.98359186275746 -999.0 6231.0 -999.0 -1 -999 {-999.0 -999.0 -999.0 -999.0 -999.0} "" -999.0 -999.0 -999.0 -999.0 -999 -999 "" "" "" "" 0 0 0.0 0.0 -999 ""
FIBERMAP 691 R+10C2 APOGEE 0 0 0 1 0 0 -167.7001696195286 209.49911002959226 143.1 -63.812957752675 260.572089404666 166.52045 67.39485 -999.0 -999.0 -999.0 -999.0 -999.0 255.95595876051084 19.295609283659516 255.8839274524944 19.264648600092425 28.693913150724093 84.54848430607962 -999.0 16600.0 -999.0 2 -999 {-999.0 -999.0 -999.0 -999.0 -999.0} "" -999.0 -999.0 -999.0 -999.0 -999 -999 "" "" "" "" 0 0 0.0 0.0 -999 ""
FIBERMAP 691 R+10C2 BOSS 1 1 0 1 0 0 -167.24005492181996 210.10945781652208 143.1 -63.138737774786996 260.93168078052787 166.52045 67.39485 255.95897893221297 19.297003787695104 8.263251 17.156475 17.910984 255.95953978242667 19.29705190700456 255.88715650541067 19.266270716411054 28.69196012957771 84.54523821429805 5400.0 5400.0 2016.0 1 18 {-999.0 12.308201 11.079264 10.6121435 -999.0} sdss_psfmag_from_g3xp 11.8419285 11.09461 10.255866 8.62 63050395765442243 1151000626 bright_1x1 mwm_snc_100pc_boss_single mwm_snc science 0 0 1.8221919536590576 0.0 -999 ""
FIBERMAP 691 R+10C2 METROLOGY 0 0 0 1 0 0 -166.95765744679213 209.42605078069118 143.1 -63.170526025981744 260.1931321253199 166.52045 67.39485 -999.0 -999.0 -999.0 -999.0 -999.0 255.95927775063046 19.293806467819568 255.8869976486759 19.262979132304604 28.690571370722772 84.54864446940087 -999.0 6231.0 -999.0 -1 -999 {-999.0 -999.0 -999.0 -999.0 -999.0} "" -999.0 -999.0 -999.0 -999.0 -999 -999 "" "" "" "" 0 0 0.0 0.0 -999 ""
FIBERMAP 692 R+8C17 APOGEE 0 0 0 1 0 0 148.13913585875505 153.5485830447288 143.1 198.97972540054158 76.82485058944592 142.23788 155.75058 -999.0 -999.0 -999.0 -999.0 -999.0 257.211912491694 18.459627241796337 257.1408088792001 18.432618524930717 27.253724685508708 84.75405594379117 -999.0 16600.0 -999.0 2 81 {-999.0 -999.0 -999.0 -999.0 -999.0} "" -999.0 -999.0 -999.0 -999.0 -999 -999 "" ops_sky_apogee_best_unassigned ops_sky sky_apogee 0 0 0.0 0.0 -999 ""
FIBERMAP 692 R+8C17 BOSS 1 1 0 1 0 0 147.83531621814367 154.21558227757836 143.1 198.98518082210177 77.55754524720119 142.23788 155.75058 257.2123805645742 18.462787143746606 -5.4758844 -3.9992096 0.17687237 257.21236437278935 18.462775927035484 257.1408850458186 18.435952685530832 27.255228140197993 84.75070736891799 5400.0 5400.0 2016.0 1 226 {-999.0 16.764193 15.977191 15.639013 -999.0} sdss_psfmag 16.525486 15.980669 15.287483 13.833 63050395765444414 1061551350 bright_1x1 manual_mwm_halo_distant_kgiant_near_boss_single mwm_halo science 0 0 0.0 0.0 -999 ""
FIBERMAP 692 R+8C17 METROLOGY 0 0 0 1 0 0 148.57300049392626 154.17580201870183 143.1 199.63725116001015 77.21079381752673 142.23788 155.75058 -999.0 -999.0 -999.0 -999.0 -999.0 257.21533850450584 18.46122062583549 257.1439641154792 18.434354123381286 27.251898427923997 84.75075006153332 -999.0 6231.0 -999.0 -1 -999 {-999.0 -999.0 -999.0 -999.0 -999.0} "" -999.0 -999.0 -999.0 -999.0 -999 -999 "" "" "" "" 0 0 0.0 0.0 -999 ""
FIBERMAP 693 R+2C15 APOGEE 0 0 0 1 0 0 23.93425988041614 31.106279612428892 143.1 34.800867767765226 18.122429058097673 271.58154 23.809076 -999.0 -999.0 -999.0 -999.0 -999.0 256.4260720471161 18.19817061375875 256.356419603419 18.16901184776539 27.786851738600575 85.4114210396665 -999.0 16600.0 -999.0 2 54 {-999.0 -999.0 -999.0 -999.0 -999.0} "" -999.0 -999.0 -999.0 -999.0 -999 -999 "" ops_sky_apogee_best_unassigned ops_sky sky_apogee 0 0 0.0 0.0 -999 ""
FIBERMAP 693 R+2C15 BOSS 1 1 0 1 0 0 23.609284347876276 31.770730700372187 143.1 34.78606893754796 18.861723486029597 271.58154 23.809076 256.42639160156244 18.2013670699978 -999.0 -999.0 -999.0 256.42639160156244 18.201367069997804 256.35637235215614 18.172389618407095 27.78848206203525 85.40807676779792 5400.0 5400.0 2015.5 1 198 {-999.0 -999.0 -999.0 -999.0 -999.0} "" -999.0 -999.0 -999.0 -999.0 27021603155085623 821092891 "" ops_sky_boss_good ops_sky sky_boss 0 0 0.0 0.0 -999 ""
FIBERMAP 693 R+2C15 METROLOGY 0 0 0 1 0 0 24.354993907289284 31.731080955332498 143.1 35.445470396975864 18.511710443578814 271.58154 23.809076 -999.0 -999.0 -999.0 -999.0 -999.0 256.42944439943045 18.199809757859814 256.3595275659717 18.170790242015705 27.785084183130678 85.40807583370275 -999.0 6231.0 -999.0 -1 -999 {-999.0 -999.0 -999.0 -999.0 -999.0} "" -999.0 -999.0 -999.0 -999.0 -999 -999 "" "" "" "" 0 0 0.0 0.0 -999 ""
FIBERMAP 694 R+3C15 APOGEE 0 0 0 1 0 0 52.24578278450295 79.90103083925294 143.1 81.02010796803705 50.438642105108606 180.2613 13.335561 -999.0 -999.0 -999.0 -999.0 -999.0 256.64828649637525 18.344309443810445 256.57804011685846 18.315725809624695 27.670161065877082 85.15327940976152 -999.0 16600.0 -999.0 2 -999 {-999.0 -999.0 -999.0 -999.0 -999.0} "" -999.0 -999.0 -999.0 -999.0 -999 -999 "" "" "" "" 0 0 0.0 0.0 -999 ""
FIBERMAP 694 R+3C15 BOSS 1 1 0 1 0 0 53.01186678218077 80.07356685221166 143.1 81.78734654525357 50.27242715383784 180.2613 13.335561 256.652380264717 18.343386933499584 -5.6663365 -4.749421 2.3667643 256.6523635213928 18.34337361264644 256.58175547359434 18.314984247453985 27.66669948316317 85.15214603797128 5400.0 5400.0 2016.0 1 197 {-999.0 19.65889 18.270164 17.6441 -999.0} sdss_psfmag 18.963167 18.355103 17.090338 14.94 63050395765416569 1094203095 bright_1x1 mwm_bin_vis_boss mwm_filler science 0 0 0.0 0.0 -999 ""
FIBERMAP 694 R+3C15 METROLOGY 0 0 0 1 0 0 52.765150853001984 79.36538282988916 143.1 81.2654004820696 49.73425675205883 180.2613 13.335561 -999.0 -999.0 -999.0 -999.0 -999.0 256.64974230822435 18.34098532166452 256.5792445429619 18.312538016555155 27.667653131310516 85.15584916722258 -999.0 6231.0 -999.0 -1 -999 {-999.0 -999.0 -999.0 -999.0 -999.0} "" -999.0 -999.0 -999.0 -999.0 -999 -999 "" "" "" "" 0 0 0.0 0.0 -999 ""
FIBERMAP 695 R-4C1 APOGEE 0 0 0 1 0 0 -256.60040253811894 -76.99502035287651 143.1 -265.0751038485552 38.26248189119466 147.67421 141.85907 -999.0 -999.0 -999.0 -999.0 -999.0 254.99580314494844 18.288725873219253 254.92731050445923 18.255464225901193 29.025838392466092 86.04975590268896 -999.0 16600.0 -999.0 2 248 {-999.0 -999.0 -999.0 -999.0 -999.0} "" -999.0 -999.0 -999.0 -999.0 -999 -999 "" "" "" "" 0 0 0.0 0.0 -999 ""
FIBERMAP 695 R-4C1 BOSS 1 1 0 1 0 0 -256.86539277225364 -76.3035142447122 143.1 -265.0241222352635 39.001042334751716 147.67421 141.85907 254.99637171662454 18.29191257546036 -0.41393536 -6.2361016 0.08234173 254.99637049386047 18.29189508486785 254.92752815127218 18.25880560162847 29.027222029526257 86.04626955304086 5400.0 5400.0 2016.0 1 497 {-999.0 17.48584 16.746895 16.38809 -999.0} sdss_psfmag_ps1 17.255657 16.736786 16.055315 14.66 63050395765426666 1061551343 bright_1x1 manual_mwm_halo_distant_kgiant_near_boss_single mwm_halo science 0 0 0.0 0.0 -999 ""
FIBERMAP 695 R-4C1 METROLOGY 0 0 0 1 0 0 -256.122401122218 -76.41807123675561 143.1 -264.39873305669954 38.58425903047221 147.67421 141.85907 -999.0 -999.0 -999.0 -999.0 -999.0 254.99921432666048 18.290076245458785 254.9304704573609 18.256946848808028 29.02388250295612 86.04664951188386 -999.0 6231.0 -999.0 -1 -999 {-999.0 -999.0 -999.0 -999.0 -999.0} "" -999.0 -999.0 -999.0 -999.0 -999 -999 "" "" "" "" 0 0 0.0 0.0 -999 ""
FIBERMAP 698 R+7C18 APOGEE 0 0 0 1 0 0 151.10424600401095 149.65602317367464 143.1 200.02865595858322 72.04685490887529 211.11076 26.688908 -999.0 -999.0 -999.0 -999.0 -999.0 257.21678564980573 18.437920910531044 257.14573285075653 18.41093571342787 27.239407873909144 84.77311123225996 -999.0 16600.0 -999.0 2 40 {-999.0 -999.0 -999.0 -999.0 -999.0} "" -999.0 -999.0 -999.0 -999.0 -999 -999 "" ops_sky_apogee_best_unassigned ops_sky sky_apogee 0 0 0.0 0.0 -999 ""
FIBERMAP 698 R+7C18 BOSS 1 1 0 1 0 0 151.49426050227103 150.29175513840303 143.1 200.65001017118834 72.45898447921627 211.11076 26.688908 257.22015380859375 18.43958473268927 -999.0 -999.0 -999.0 257.22015380859375 18.43958473268927 257.1487259581242 18.412794315194002 27.23777547630995 84.76976450043469 5400.0 5400.0 2015.5 1 196 {-999.0 -999.0 -999.0 -999.0 -999.0} "" -999.0 -999.0 -999.0 -999.0 27021603155092066 813301728 "" ops_sky_boss_good ops_sky sky_boss 0 0 0.0 0.0 -999 ""
FIBERMAP 698 R+7C18 METROLOGY 0 0 0 1 0 0 151.84994031554777 149.6409768441569 143.1 200.69840561451988 71.71915506893183 211.11076 26.688908 -999.0 -999.0 -999.0 -999.0 -999.0 257.2202544186694 18.436279368247146 257.14893898892706 18.40943805658802 27.23601888776892 84.77298904322583 -999.0 6231.0 -999.0 -1 -999 {-999.0 -999.0 -999.0 -999.0 -999.0} "" -999.0 -999.0 -999.0 -999.0 -999 -999 "" "" "" "" 0 0 0.0 0.0 -999 ""
FIBERMAP 704 R+5C16 APOGEE 0 0 0 1 0 0 78.43550116712981 96.7575356111098 143.1 111.86443365824785 54.69154518900861 260.6243 14.414692 -999.0 -999.0 -999.0 -999.0 -999.0 256.7960995792897 18.362748454300277 256.72565929209895 18.334581968123818 27.55534890591172 85.06014238528371 -999.0 16600.0 -999.0 2 79 {-999.0 -999.0 -999.0 -999.0 -999.0} "" -999.0 -999.0 -999.0 -999.0 -999 -999 "" ops_sky_apogee_best_unassigned ops_sky sky_apogee 0 0 0.0 0.0 -999 ""
FIBERMAP 704 R+5C16 BOSS 1 1 0 1 0 0 78.3572036911559 97.4931865311217 143.1 112.10327308652637 55.391501819462285 260.6243 14.414692 256.79769245633065 18.36580786065575 -7.470806 -15.76861 0.5014081 256.7976703781595 18.36576363393267 256.7268585805086 18.33778358653697 27.555849623327504 85.05635148919276 5400.0 5400.0 2016.0 1 214 {-999.0 16.59462 16.13465 15.975061 -999.0} sdss_psfmag 16.498827 16.150948 15.636593 14.779 63050395765416634 1073337147 bright_1x1 mwm_halo_local_high_boss_single mwm_halo science 0 0 0.0 0.0 -999 ""
FIBERMAP 704 R+5C16 METROLOGY 0 0 0 1 0 0 79.03519364470853 97.1982740390909 143.1 112.59376936485171 54.83857474958714 260.6243 14.414692 -999.0 -999.0 -999.0 -999.0 -999.0 256.7998946052008 18.36328065264715 256.72918943226955 18.33525622153876 27.552708539961905 85.05769400782873 -999.0 6231.0 -999.0 -1 -999 {-999.0 -999.0 -999.0 -999.0 -999.0} "" -999.0 -999.0 -999.0 -999.0 -999 -999 "" "" "" "" 0 0 0.0 0.0 -999 ""
FIBERMAP 706 R+6C21 APOGEE 0 0 0 1 0 0 233.4501914493112 116.74835961296677 143.1 260.82846813047655 7.530021754848017 331.00586 145.23549 -999.0 -999.0 -999.0 -999.0 -999.0 257.50176127674587 18.142667145850993 257.43117644967197 18.116637454521292 26.861617347543195 84.92105832032871 -999.0 16600.0 -999.0 2 67 {-999.0 -999.0 -999.0 -999.0 -999.0} "" -999.0 -999.0 -999.0 -999.0 -999 -999 "" "" "" "" 0 0 0.0 0.0 -999 ""
FIBERMAP 706 R+6C21 BOSS 1 1 0 1 0 0 233.78861069429547 116.08687940922384 143.1 260.8567069771581 6.78775891104574 331.00586 145.23549 257.50250417204336 18.138938857118077 -87.43664 63.339012 4.769529 257.5022461109691 18.13911650588731 257.43129881280663 18.113279031585613 26.85992764175655 84.92431434363507 5400.0 5400.0 2016.0 1 249 {-999.0 16.825373 15.472182 14.699933 -999.0} sdss_psfmag 16.282068 15.29517 14.307991 12.401 63050395763900113 1094881520 bright_1x1 mwm_bin_vis_boss mwm_filler science 0 0 0.0 0.0 -999 ""
FIBERMAP 706 R+6C21 METROLOGY 0 0 0 1 0 0 233.0469438305022 116.11847795701128 143.1 260.19757998568423 7.128769675407546 331.00586 145.23549 -999.0 -999.0 -999.0 -999.0 -999.0 257.4990596660007 18.140743306986312 257.4282157239503 18.11484258028622 26.863248904745525 84.92432221193735 -999.0 6231.0 -999.0 -1 -999 {-999.0 -999.0 -999.0 -999.0 -999.0} "" -999.0 -999.0 -999.0 -999.0 -999 -999 "" "" "" "" 0 0 0.0 0.0 -999 ""
FIBERMAP 709 R+2C18 APOGEE 0 0 0 1 0 0 95.0702191223068 39.2974430935365 143.1 102.74636291388343 -4.410776526851517 204.15678 87.17515 -999.0 -999.0 -999.0 -999.0 -999.0 256.75114264459853 18.09402615376652 256.6814342142595 18.065846297908163 27.46579939594981 85.34972273973335 -999.0 16600.0 -999.0 2 -999 {-999.0 -999.0 -999.0 -999.0 -999.0} "" -999.0 -999.0 -999.0 -999.0 -999 -999 "" "" "" "" 0 0 0.0 0.0 -999 ""
FIBERMAP 709 R+2C18 BOSS 1 1 0 1 0 0 94.78141961489757 39.967232226488264 143.1 102.7666113962055 -3.681878303241111 204.15678 87.17515 256.75168850866544 18.097181750363305 -5.6583133 -9.0391245 1.1828928 256.75167181268324 18.097156398042745 256.68159242932217 18.069161260397575 27.467231633537388 85.34634909244136 5400.0 5400.0 2016.0 1 200 {-999.0 18.187384 16.89731 16.354427 -999.0} sdss_psfmag 17.70801 16.878906 15.992092 14.202 63050395765409612 1095589808 bright_1x1 mwm_bin_vis_boss mwm_filler science 0 0 0.0 0.0 -999 ""
FIBERMAP 709 R+2C18 METROLOGY 0 0 0 1 0 0 95.52159232803845 39.89151733945137 143.1 103.40580358933404 -4.062258035817434 204.15678 87.17515 -999.0 -999.0 -999.0 -999.0 -999.0 256.75460729762733 18.095461011954626 256.68463172678196 18.067422882018814 27.463863736251618 85.34653910458911 -999.0 6231.0 -999.0 -1 -999 {-999.0 -999.0 -999.0 -999.0 -999.0} "" -999.0 -999.0 -999.0 -999.0 -999 -999 "" "" "" "" 0 0 0.0 0.0 -999 ""
FIBERMAP 710 R+8C6 APOGEE 0 0 0 1 0 0 -84.46879080579727 161.28384010703647 143.1 -8.657344506112373 181.80364566483567 349.71347 162.23013 -999.0 -999.0 -999.0 -999.0 -999.0 256.2194083367964 18.942169974781773 256.1480413096615 18.91210553320078 28.309284489482465 84.77217386070049 -999.0 16600.0 -999.0 2 -999 {-999.0 -999.0 -999.0 -999.0 -999.0} "" -999.0 -999.0 -999.0 -999.0 -999 -999 "" "" "" "" 0 0 0.0 0.0 -999 ""
FIBERMAP 710 R+8C6 BOSS 1 1 0 1 0 0 -83.80446703346416 160.92852365395805 143.1 -8.204678569778586 181.20170878764867 349.71347 162.23013 256.2217206847817 18.939731349914382 68.05275 -143.8847 17.296165 256.22192247907014 18.93932779179966 256.1502112849691 18.90944559251178 28.306229826367975 84.7737632930911 5400.0 5400.0 2016.0 1 77 {-999.0 18.047668 16.525846 14.930703 -999.0} sdss_psfmag 17.396366 15.656518 14.400673 12.035 63050395765436618 1151034526 bright_1x1 mwm_snc_100pc_boss_single mwm_snc science 0 0 0.0 0.0 -999 ""
FIBERMAP 710 R+8C6 METROLOGY 0 0 0 1 0 0 -84.44496701106367 160.53812272939513 143.1 -8.949812313960237 181.11750448081875 349.71347 162.23013 -999.0 -999.0 -999.0 -999.0 -999.0 256.21824579066526 18.938994346088997 256.146634889799 18.909053860501935 28.30904231758055 84.7759451946726 -999.0 6231.0 -999.0 -1 -999 {-999.0 -999.0 -999.0 -999.0 -999.0} "" -999.0 -999.0 -999.0 -999.0 -999 -999 "" "" "" "" 0 0 0.0 0.0 -999 ""
FIBERMAP 714 R-3C22 APOGEE 1 1 0 1 0 0 227.95698732283384 -62.30430534775222 143.1 180.43787431134623 -152.49523277305713 4.762665 96.06546 257.1145518612619 17.42070785777769 -4.64415 -15.037931 1.0373114 257.11453820949356 17.420665680412792 257.0461710509383 17.39383195129642 26.841072654239795 85.8292019034073 16000.0 16600.0 2016.0 2 209 {-999.0 12.976744 12.04026 11.712021 -999.0} sdss_psfmag_from_g3xp 12.67792 12.08412 11.354343 9.824 63050395763855788 1109637201 bright_1x1 mwm_tess_rgb_apogee mwm_tessrgb science 0 0 0.0 0.0 -999 ""
FIBERMAP 714 R-3C22 BOSS 0 0 0 1 0 0 228.11862629729214 -63.02018790306148 143.1 180.28292245298195 -153.21236660338806 4.762665 96.06546 -999.0 -999.0 -999.0 -999.0 -999.0 257.1141586165303 17.417219724843537 257.045430077737 17.39057828762443 26.84014160930643 85.83278466165405 -999.0 5400.0 -999.0 1 309 {-999.0 -999.0 -999.0 -999.0 -999.0} "" -999.0 -999.0 -999.0 -999.0 -999 -999 "" "" "" "" 0 0 0.0 0.0 -999 ""
FIBERMAP 714 R-3C22 METROLOGY 0 0 0 1 0 0 227.3987286772744 -62.79627390657317 143.1 179.72452856796497 -152.7061606786166 4.762665 96.06546 -999.0 -999.0 -999.0 -999.0 -999.0 257.11144442336644 17.41956523851817 257.0428176335914 17.39286052048882 26.84342146766125 85.83186987195182 -999.0 6231.0 -999.0 -1 -999 {-999.0 -999.0 -999.0 -999.0 -999.0} "" -999.0 -999.0 -999.0 -999.0 -999 -999 "" "" "" "" 0 0 0.0 0.0 -999 ""
FIBERMAP 715 R-6C17 APOGEE 0 0 0 1 0 0 127.46381040497553 -126.32667995509831 143.1 62.36156703402238 -168.21746669689452 224.38385 127.16501 -999.0 -999.0 -999.0 -999.0 -999.0 256.55388326946553 17.35079551187871 256.4862526627793 17.322372031283034 27.276662761158633 86.18602039797162 -999.0 16600.0 -999.0 2 205 {-999.0 -999.0 -999.0 -999.0 -999.0} "" -999.0 -999.0 -999.0 -999.0 -999 -999 "" ops_sky_apogee_best_unassigned ops_sky sky_apogee 0 0 0.0 0.0 -999 ""
FIBERMAP 715 R-6C17 BOSS 1 1 0 1 0 0 126.73391925686157 -126.18920637165057 143.1 61.75770707059307 -167.7854234096508 224.38385 127.16501 256.55141877447556 17.35252928806062 -4.703072 -5.654614 0.16850337 256.5514049546498 17.352513428384555 256.4834095432618 17.324270155074995 27.27995372627204 86.18560021216288 5400.0 5400.0 2016.0 1 299 {-999.0 17.473736 16.648293 16.354828 -999.0} sdss_psfmag 17.221556 16.66366 15.963217 14.568 63050395763848350 1061672640 bright_1x1 manual_mwm_halo_distant_kgiant_near_boss_single mwm_halo science 0 0 0.0 0.0 -999 ""
FIBERMAP 715 R-6C17 METROLOGY 0 0 0 1 0 0 127.19741080964636 -125.60614511924945 143.1 62.42349663850367 -167.45199367724646 224.38385 127.16501 -999.0 -999.0 -999.0 -999.0 -999.0 256.5544762917675 17.354075379339424 256.4865766356279 17.32578698732319 27.27801997473454 86.1824775295737 -999.0 6231.0 -999.0 -1 -999 {-999.0 -999.0 -999.0 -999.0 -999.0} "" -999.0 -999.0 -999.0 -999.0 -999 -999 "" "" "" "" 0 0 0.0 0.0 -999 ""
FIBERMAP 717 R+6C9 APOGEE 0 0 0 1 0 0 -52.60808533368188 133.22449313299646 143.1 8.411758151147296 142.94501650016164 153.56674 70.13296 -999.0 -999.0 -999.0 -999.0 -999.0 256.30097151928476 18.76621680473208 256.22998072498706 18.736458921466987 28.158816070670667 84.90755401066781 -999.0 16600.0 -999.0 2 -999 {-999.0 -999.0 -999.0 -999.0 -999.0} "" -999.0 -999.0 -999.0 -999.0 -999 -999 "" "" "" "" 0 0 0.0 0.0 -999 ""
FIBERMAP 717 R+6C9 BOSS 1 1 0 1 0 0 -52.07150817025286 133.75825849344 143.1 9.123049516008768 143.20297104965704 153.56674 70.13296 256.3044839785954 18.767255644968643 -4.520284 -1.2349522 0.109865256 256.3047515172775 18.76725218125843 256.23339944298857 18.73768203311659 28.156523539610255 84.90461342333464 5400.0 5400.0 2016.0 1 130 {-999.0 14.782695 13.635329 13.180568 -999.0} sdss_psfmag_from_g3xp 14.370371 13.635348 12.807753 10.938 63050395765434637 1061612410 bright_1x1 manual_mwm_halo_distant_kgiant_near_boss_single mwm_halo science 0 0 0.9575737714767456 0.0 -999 ""
FIBERMAP 717 R+6C9 METROLOGY 0 0 0 1 0 0 -51.8874616155733 133.03119689037607 143.1 8.983705386949019 142.46626447406646 153.56674 70.13296 -999.0 -999.0 -999.0 -999.0 -999.0 256.30397198790683 18.76395689533561 256.23272969266475 18.734335664791853 28.15552275860717 84.90830595701584 -999.0 6231.0 -999.0 -1 -999 {-999.0 -999.0 -999.0 -999.0 -999.0} "" -999.0 -999.0 -999.0 -999.0 -999 -999 "" "" "" "" 0 0 0.0 0.0 -999 ""
FIBERMAP 719 R+3C18 APOGEE 0 0 0 1 0 0 117.68102868563243 37.834801397347846 143.1 122.6305308459831 -15.25969756543372 315.96027 41.670776 -999.0 -999.0 -999.0 -999.0 -999.0 256.84587063993786 18.044126855922986 256.7761950943809 18.016241634823167 27.36295187745238 85.35104203584194 -999.0 16600.0 -999.0 2 87 {-999.0 -999.0 -999.0 -999.0 -999.0} "" -999.0 -999.0 -999.0 -999.0 -999 -999 "" "" "" "" 0 0 0.0 0.0 -999 ""
FIBERMAP 719 R+3C18 BOSS 1 1 0 1 0 0 116.92766352264988 37.88644362056826 143.1 121.96923917914145 -14.89558724833094 315.96027 41.670776 256.8431572894088 18.045638441792907 -4.6283484 -10.921185 1.4246837 256.84314363655216 18.045607810798916 256.77310330996664 18.01789958046649 27.366326591355687 85.35096103565064 5400.0 5400.0 2016.0 1 218 {-999.0 13.948743 13.539669 13.411731 -999.0} sdss_psfmag_from_g3xp 13.873776 13.559997 13.080574 12.238 63050395765410614 979152972 "" ops_std_boss ops_std standard_boss 0 0 0.0 0.0 -999 ""
FIBERMAP 719 R+3C18 METROLOGY 0 0 0 1 0 0 117.34934243633717 38.50628476102867 143.1 122.61260944534185 -14.511200999665155 315.96027 41.670776 -999.0 -999.0 -999.0 -999.0 -999.0 256.8461135125359 18.047394050028103 256.77616841344434 18.019641160833714 27.364580494134536 85.34768193169919 -999.0 6231.0 -999.0 -1 -999 {-999.0 -999.0 -999.0 -999.0 -999.0} "" -999.0 -999.0 -999.0 -999.0 -999 -999 "" "" "" "" 0 0 0.0 0.0 -999 ""
FIBERMAP 721 R+9C9 APOGEE 0 0 0 1 0 0 -7.2106509798222005 161.66267539267966 143.1 61.548594125941754 149.6089337099471 292.25757 113.427704 -999.0 -999.0 -999.0 -999.0 -999.0 256.5562946737848 18.79519907168005 256.48497764887736 18.766159432575375 27.9591287431371 84.75008040725118 -999.0 16600.0 -999.0 2 9 {-999.0 -999.0 -999.0 -999.0 -999.0} "" -999.0 -999.0 -999.0 -999.0 -999 -999 "" ops_sky_apogee_best_unassigned ops_sky sky_apogee 0 0 0.0 0.0 -999 ""
FIBERMAP 721 R+9C9 BOSS 1 1 0 1 0 0 -7.721386213333236 161.12454712341065 143.1 60.85889495463256 149.3361398763747 292.25757 113.427704 256.55336410406875 18.793865540488405 -0.85074186 -3.0387352 0.119979545 256.5533615835833 18.793857017651295 256.48169310845805 18.76498841173723 27.961332515112197 84.75289646304766 5400.0 5400.0 2016.0 1 125 {-999.0 18.1111 17.706799 17.545109 17.477894} sdss_psfmag_from_gaia 18.0492 17.7202 17.2208 16.138 63050395765434922 971308724 "" ops_std_boss_gdr2 ops_std standard_boss 0 0 0.0 0.0 -999 ""
FIBERMAP 721 R+9C9 METROLOGY 0 0 0 1 0 0 -7.9406532549375415 161.83047521102344 143.1 60.95740566328659 150.0685191963821 292.25757 113.427704 -999.0 -999.0 -999.0 -999.0 -999.0 256.55373681084285 18.797210275787172 256.4821606051838 18.76829063818327 27.96248241219771 84.74935611168877 -999.0 6231.0 -999.0 -1 -999 {-999.0 -999.0 -999.0 -999.0 -999.0} "" -999.0 -999.0 -999.0 -999.0 -999 -999 "" "" "" "" 0 0 0.0 0.0 -999 ""
FIBERMAP 723 R-2C19 APOGEE 0 0 0 1 0 0 148.68624102609164 -26.722360385481004 143.1 123.55250861394576 -86.84890886349893 83.37162 66.995346 -999.0 -999.0 -999.0 -999.0 -999.0 256.8479458847214 17.718605100072214 256.77909462750665 17.690868110841997 27.20640957106044 85.67200728824923 -999.0 16600.0 -999.0 2 212 {-999.0 -999.0 -999.0 -999.0 -999.0} "" -999.0 -999.0 -999.0 -999.0 -999 -999 "" ops_sky_apogee_best_unassigned ops_sky sky_apogee 0 0 0.0 0.0 -999 ""
FIBERMAP 723 R-2C19 BOSS 1 1 0 1 0 0 149.3256708254328 -27.09738881586201 143.1 123.97430240088205 -87.45823328743096 83.37162 66.995346 256.8503845754321 17.715633449668978 -13.115377 -8.899134 0.28719452 256.8503459590752 17.71560848998203 256.78113454972737 17.688067571291846 27.203369520534565 85.6737411325241 5400.0 5400.0 2016.0 1 297 {-999.0 17.75762 17.393423 17.241554 -999.0} sdss_psfmag 17.684618 17.375341 16.915762 15.987 63050395763858509 976253398 "" ops_std_boss ops_std standard_boss 0 0 0.0 0.0 -999 ""
FIBERMAP 723 R-2C19 METROLOGY 0 0 0 1 0 0 148.68824338120788 -27.466652454160414 143.1 123.24085660031815 -87.52456742688406 83.37162 66.995346 -999.0 -999.0 -999.0 -999.0 -999.0 256.8467386978807 17.71538036185719 256.777634916293 17.687775910073732 27.206165369032547 85.6758096928566 -999.0 6231.0 -999.0 -1 -999 {-999.0 -999.0 -999.0 -999.0 -999.0} "" -999.0 -999.0 -999.0 -999.0 -999 -999 "" "" "" "" 0 0 0.0 0.0 -999 ""
FIBERMAP 724 R+1C21 APOGEE 0 0 0 1 0 0 179.34105791141366 24.764024637356115 143.1 173.02991883973021 -53.07922188051158 22.544989 119.639595 -999.0 -999.0 -999.0 -999.0 -999.0 257.0845343841443 17.870871491083744 257.0150605601293 17.8437515339688 27.081117375703478 85.40097131342156 -999.0 16600.0 -999.0 2 -999 {-999.0 -999.0 -999.0 -999.0 -999.0} "" -999.0 -999.0 -999.0 -999.0 -999 -999 "" "" "" "" 0 0 0.0 0.0 -999 ""
FIBERMAP 724 R+1C21 BOSS 1 1 0 1 0 0 179.94288075927025 24.331886168475215 143.1 173.39356356850135 -53.724486724169545 22.544989 119.639595 257.0863217811285 17.867750564769725 -6.716191 -8.52011 1.3603836 257.0866553579663 17.867726668144954 257.01681986283563 17.840802629625223 27.07824506109725 85.40299610455179 5400.0 5400.0 2016.0 1 234 {-999.0 13.487367 12.666512 12.387347 -999.0} sdss_psfmag_from_g3xp 13.242261 12.715181 12.037631 10.737 63050395763861015 996715520 bright_1x1 mwm_bin_gaia_sb_boss mwm_bin science 0 0 1.2107685804367065 0.0 -999 ""
FIBERMAP 724 R+1C21 METROLOGY 0 0 0 1 0 0 179.26184808195566 24.022143391179185 143.1 172.6456508352474 -53.718491185079124 22.544989 119.639595 -999.0 -999.0 -999.0 -999.0 -999.0 257.08299180424024 17.867829422688473 257.01326360361827 17.84084143786576 27.08124416666164 85.40475988568352 -999.0 6231.0 -999.0 -1 -999 {-999.0 -999.0 -999.0 -999.0 -999.0} "" -999.0 -999.0 -999.0 -999.0 -999 -999 "" "" "" "" 0 0 0.0 0.0 -999 ""
FIBERMAP 730 R+6C13 APOGEE 0 0 0 1 0 0 43.49918505275667 104.53147507244623 143.1 83.46337623441804 76.45366212979879 254.56375 127.96951 -999.0 -999.0 -999.0 -999.0 -999.0 256.66045182384664 18.462589254911883 256.58988975954117 18.433989889284472 27.715786101250345 85.02940250794916 -999.0 16600.0 -999.0 2 -999 {-999.0 -999.0 -999.0 -999.0 -999.0} "" -999.0 -999.0 -999.0 -999.0 -999 -999 "" "" "" "" 0 0 0.0 0.0 -999 ""
FIBERMAP 730 R+6C13 BOSS 1 1 0 1 0 0 42.800424147706046 104.24944641170936 143.1 82.71106226554582 76.49225123250402 254.56375 127.96951 256.6572705727551 18.462607117350466 -8.721134 11.510271 5.191854 256.6572447850276 18.462639400571955 256.5863267899741 18.434211920234127 27.71887514244218 85.03097305510488 5400.0 5400.0 2016.0 1 149 {-999.0 18.712574 18.858595 19.0383 -999.0} sdss_psfmag 18.759825 18.755009 18.739883 -999.0 63050395765417107 1092240418 dark_flexible_2x1 mwm_cb_galex_mag_boss mwm_cb science 0 0 0.0 0.0 -999 ""
FIBERMAP 730 R+6C13 METROLOGY 0 0 0 1 0 0 42.903550172440916 104.98078684601 143.1 83.11257459156782 77.11189107963696 254.56375 127.96951 -999.0 -999.0 -999.0 -999.0 -999.0 256.6590719476804 18.465490104420564 256.5882455569092 18.43701573095054 27.718583528002405 85.02721117277628 -999.0 6231.0 -999.0 -1 -999 {-999.0 -999.0 -999.0 -999.0 -999.0} "" -999.0 -999.0 -999.0 -999.0 -999 -999 "" "" "" "" 0 0 0.0 0.0 -999 ""
FIBERMAP 733 R+2C2 APOGEE 0 0 0 1 0 0 -237.54697685839963 51.754593522509346 143.1 -193.5758115655996 146.96923438647798 76.75368 94.74166 -999.0 -999.0 -999.0 -999.0 -999.0 255.33394425217995 18.782396203074555 255.26385259404333 18.749884990240652 28.974552957443358 85.37947619121462 -999.0 16600.0 -999.0 2 -999 {-999.0 -999.0 -999.0 -999.0 -999.0} "" -999.0 -999.0 -999.0 -999.0 -999 -999 "" "" "" "" 0 0 0.0 0.0 -999 ""
FIBERMAP 733 R+2C2 BOSS 1 1 0 1 0 0 -236.83801174898318 51.66926791154651 143.1 -192.96896153630087 146.59328450779407 76.75368 94.74166 255.33714241285188 18.780569693958252 -0.84490234 -0.66678524 -0.08534378 255.3371399098646 18.78056782380447 255.26670642700194 18.748237439508937 28.971394369779944 85.37970560557787 5400.0 5400.0 2016.0 1 10 {-999.0 18.458572 17.464796 17.07123 -999.0} sdss_psfmag 18.135353 17.47839 16.706312 15.15 63050395765438712 1061181236 bright_1x1 manual_mwm_halo_distant_kgiant_far_boss_single mwm_halo science 0 0 0.0 0.0 -999 ""
FIBERMAP 733 R+2C2 METROLOGY 0 0 0 1 0 0 -237.2668935622486 51.06306237517829 143.1 -193.6131195420924 146.2242946184957 76.75368 94.74166 -999.0 -999.0 -999.0 -999.0 -999.0 255.33398306609075 18.778924956992427 255.26365418379794 18.74653785503726 28.973161590540172 85.38296257946706 -999.0 6231.0 -999.0 -1 -999 {-999.0 -999.0 -999.0 -999.0 -999.0} "" -999.0 -999.0 -999.0 -999.0 -999 -999 "" "" "" "" 0 0 0.0 0.0 -999 ""
FIBERMAP 741 R+5C9 APOGEE 0 0 0 1 0 0 -73.48623813923247 91.97051642765616 143.1 -27.892101777628397 114.33502326176313 230.78084 77.049095 -999.0 -999.0 -999.0 -999.0 -999.0 256.12618857905335 18.63686874486547 256.0557034808253 18.60666633409175 28.244191279893286 85.1252767589533 -999.0 16600.0 -999.0 2 101 {-999.0 -999.0 -999.0 -999.0 -999.0} "" -999.0 -999.0 -999.0 -999.0 -999 -999 "" ops_sky_apogee_best_unassigned ops_sky sky_apogee 0 0 0.0 0.0 -999 ""
FIBERMAP 741 R+5C9 BOSS 1 1 0 1 0 0 -73.95685365629978 92.54103432737296 143.1 -28.078506735613487 115.05049081727897 230.78084 77.049095 256.1256408691406 18.63999211147575 -999.0 -999.0 -999.0 256.1256408691406 18.63999211147575 256.0547950651968 18.60996381582462 28.246493639733245 85.12242438780822 5400.0 5400.0 2015.5 1 75 {-999.0 -999.0 -999.0 -999.0 -999.0} "" -999.0 -999.0 -999.0 -999.0 27021603155089506 813301390 "" ops_sky_boss_good ops_sky sky_boss 0 0 0.0 0.0 -999 ""
FIBERMAP 741 R+5C9 METROLOGY 0 0 0 1 0 0 -73.23037616203513 92.67776362142774 143.1 -27.362257971550818 114.86849231746079 230.78084 77.049095 -999.0 -999.0 -999.0 -999.0 -999.0 256.12898262172826 18.639201334266858 256.05823557862266 18.609132768648294 28.243222575988582 85.12152843000632 -999.0 6231.0 -999.0 -1 -999 {-999.0 -999.0 -999.0 -999.0 -999.0} "" -999.0 -999.0 -999.0 -999.0 -999 -999 "" "" "" "" 0 0 0.0 0.0 -999 ""
FIBERMAP 742 R-5C19 APOGEE 0 0 0 1 0 0 166.36284277348264 -115.51661568000782 143.1 102.1823104816409 -174.7992707266875 303.097 73.27012 -999.0 -999.0 -999.0 -999.0 -999.0 256.74290893390054 17.320683552469077 256.6751654753796 17.292818660154424 27.104063642306123 86.11845063722103 -999.0 16600.0 -999.0 2 -999 {-999.0 -999.0 -999.0 -999.0 -999.0} "" -999.0 -999.0 -999.0 -999.0 -999 -999 "" "" "" "" 0 0 0.0 0.0 -999 ""
FIBERMAP 742 R-5C19 BOSS 1 1 0 1 0 0 165.65561834599131 -115.74037107458953 143.1 101.44686550689366 -174.7042834314515 303.097 73.27012 256.7398183909772 17.320879367165418 -1.8947822 2.1355922 0.096453 256.7398128241801 17.320885356928745 256.67170645740475 17.29320108972819 27.107148245824128 86.11984451065581 5400.0 5400.0 2016.0 1 287 {-999.0 15.617769 14.752054 14.386532 -999.0} sdss_psfmag_from_g3xp 15.347779 14.759284 14.024002 12.42 63050395763846907 1061611547 bright_1x1 manual_mwm_halo_distant_kgiant_near_boss_single mwm_halo science 0 0 0.0 0.0 -999 ""
FIBERMAP 742 R-5C19 METROLOGY 0 0 0 1 0 0 165.81705527815677 -115.00791341889851 143.1 101.90171617099614 -174.10818898342896 303.097 73.27012 -999.0 -999.0 -999.0 -999.0 -999.0 256.7418880092919 17.323632254208277 256.6738761544542 17.29589902844484 27.106615942529217 86.11607027129367 -999.0 6231.0 -999.0 -1 -999 {-999.0 -999.0 -999.0 -999.0 -999.0} "" -999.0 -999.0 -999.0 -999.0 -999 -999 "" "" "" "" 0 0 0.0 0.0 -999 ""
FIBERMAP 743 R-1C3 APOGEE 0 0 0 1 0 0 -246.79299356728538 -1.2051499522638807 143.1 -224.26337375144723 102.84715052607741 191.012 27.952522 -999.0 -999.0 -999.0 -999.0 -999.0 255.1879908183252 18.582076150431394 255.11855806559947 18.549235364559 29.002845048506174 85.65577742644882 -999.0 16600.0 -999.0 2 281 {-999.0 -999.0 -999.0 -999.0 -999.0} "" -999.0 -999.0 -999.0 -999.0 -999 -999 "" ops_sky_apogee_best_unassigned ops_sky sky_apogee 0 0 0.0 0.0 -999 ""
FIBERMAP 743 R-1C3 BOSS 1 1 0 1 0 0 -246.2196332048042 -0.7268108849734899 143.1 -223.54207620117393 103.03936093338243 191.012 27.952522 255.1917342870294 18.58281278556272 -4.239602 -1.662192 0.025891572 255.19172174203783 18.582808123559587 255.12194111154935 18.550148897638262 29.00043490585484 85.65314221205192 5400.0 5400.0 2016.0 1 433 {-999.0 16.652689 15.905981 15.558282 -999.0} sdss_psfmag 16.423113 15.8956995 15.20207 13.734 63050395765430459 1061672886 bright_1x1 manual_mwm_halo_distant_kgiant_near_boss_single mwm_halo science 0 0 0.0 0.0 -999 ""
FIBERMAP 743 R-1C3 METROLOGY 0 0 0 1 0 0 -246.08631708297256 -1.4602498235900043 143.1 -223.73010116170946 102.31823804727563 191.012 27.952522 -999.0 -999.0 -999.0 -999.0 -999.0 255.1907353850962 18.579589149977426 255.12106097849153 18.546879927077033 28.99964710914862 85.65689298411155 -999.0 6231.0 -999.0 -1 -999 {-999.0 -999.0 -999.0 -999.0 -999.0} "" -999.0 -999.0 -999.0 -999.0 -999 -999 "" "" "" "" 0 0 0.0 0.0 -999 ""
FIBERMAP 748 R-1C24 APOGEE 0 0 0 1 0 0 217.8811928420096 -17.66411979244705 143.1 190.10336179926583 -107.77849731043122 202.83777 83.22436 -999.0 -999.0 -999.0 -999.0 -999.0 257.1627723853735 17.622551677498524 257.09384802907346 17.595768130106467 26.897306119939252 85.60588507319892 -999.0 16600.0 -999.0 2 210 {-999.0 -999.0 -999.0 -999.0 -999.0} "" -999.0 -999.0 -999.0 -999.0 -999 -999 "" "" "" "" 0 0 0.0 0.0 -999 ""
FIBERMAP 748 R-1C24 BOSS 1 1 0 1 0 0 217.6665095478806 -16.949853453827796 143.1 190.20954013365872 -107.04048858305508 202.83777 83.22436 257.16377223210463 17.625753460714623 -16.98594 -27.394308 0.52272624 257.16372224442796 17.625676627021456 257.09441938307583 17.599085091093627 26.898405280035675 85.60232315420733 5400.0 5400.0 2016.0 1 311 {-999.0 15.238005 14.559217 14.292081 -999.0} sdss_psfmag_from_g3xp 15.054042 14.583986 13.945141 12.619 63050395763856966 1072569061 bright_1x1 mwm_halo_local_high_boss_single mwm_halo science 0 0 0.0 0.0 -999 ""
FIBERMAP 748 R-1C24 METROLOGY 0 0 0 1 0 0 218.39026107424303 -17.114103276496817 143.1 190.79655645397372 -107.49422287517137 202.83777 83.22436 -999.0 -999.0 -999.0 -999.0 -999.0 257.1663585020386 17.62367278534827 257.09716261036556 17.597035827667987 26.895130294839838 85.60294924899097 -999.0 6231.0 -999.0 -1 -999 {-999.0 -999.0 -999.0 -999.0 -999.0} "" -999.0 -999.0 -999.0 -999.0 -999 -999 "" "" "" "" 0 0 0.0 0.0 -999 ""
FIBERMAP 751 R-10C16 APOGEE 0 0 0 1 0 0 177.0965490327281 -197.45112349316958 143.1 77.40637386327921 -253.6061333212523 48.672424 45.05608 -999.0 -999.0 -999.0 -999.0 -999.0 256.6222984583811 16.967196043462717 256.5555599003768 16.939139847328217 27.035163553710987 86.52863516295787 -999.0 16600.0 -999.0 2 -999 {-999.0 -999.0 -999.0 -999.0 -999.0} "" -999.0 -999.0 -999.0 -999.0 -999 -999 "" "" "" "" 0 0 0.0 0.0 -999 ""
FIBERMAP 751 R-10C16 BOSS 1 1 0 1 0 0 177.1556395831474 -198.20047194390042 143.1 77.14435152459836 -254.31041964514105 48.672424 45.05608 256.6213989257812 16.963856766388204 -999.0 -999.0 -999.0 256.6213989257812 16.963856766388204 256.55430417795526 16.935990650775803 27.034706739372446 86.53238428480229 5400.0 5400.0 2015.5 1 268 {-999.0 -999.0 -999.0 -999.0 -999.0} "" -999.0 -999.0 -999.0 -999.0 27021603154856184 813276176 "" ops_sky_boss_good ops_sky sky_boss 0 0 0.0 0.0 -999 ""
FIBERMAP 751 R-10C16 METROLOGY 0 0 0 1 0 0 176.48311320291114 -197.87580980470858 143.1 76.67133823360706 -253.73282099288582 48.672424 45.05608 -999.0 -999.0 -999.0 -999.0 -999.0 256.6190825806159 16.966490495522258 256.55208709671274 16.9385623158293 27.03780134497645 86.53099340590802 -999.0 6231.0 -999.0 -1 -999 {-999.0 -999.0 -999.0 -999.0 -999.0} "" -999.0 -999.0 -999.0 -999.0 -999 -999 "" "" "" "" 0 0 0.0 0.0 -999 ""
FIBERMAP 753 R-2C22 APOGEE 0 0 0 1 0 0 186.43069412731793 -36.73207286990288 143.1 153.5579517671047 -111.82077824668774 187.86887 99.37083 -999.0 -999.0 -999.0 -999.0 -999.0 256.9895313018512 17.604827069262882 256.92082578770896 17.577549489529357 27.033712370317012 85.71190458570823 -999.0 16600.0 -999.0 2 -999 {-999.0 -999.0 -999.0 -999.0 -999.0} "" -999.0 -999.0 -999.0 -999.0 -999 -999 "" "" "" "" 0 0 0.0 0.0 -999 ""
FIBERMAP 753 R-2C22 BOSS 1 1 0 1 0 0 186.20108585528104 -36.01364515155547 143.1 153.65235092781847 -111.07271075653432 187.86887 99.37083 256.9904317236512 17.60798742146938 -1.9583676 1.7981192 -2.4515898 256.9904259609648 17.607992464711355 256.9213439453747 17.58090563937702 27.034874497249724 85.70832661284932 5400.0 5400.0 2016.0 1 285 {-999.0 15.575317 14.996291 14.810428 -999.0} sdss_psfmag 15.373092 15.708228 14.424846 13.439 63050395763857976 1093591629 bright_1x1 mwm_astar_core_boss_single mwm_ob science 0 0 0.0 0.0 -999 ""
FIBERMAP 753 R-2C22 METROLOGY 0 0 0 1 0 0 186.9246365483512 -36.172892339827314 143.1 154.2412920808341 -111.52182480773179 187.86887 99.37083 -999.0 -999.0 -999.0 -999.0 -999.0 256.99308617657294 17.60600876553928 256.92411057784375 17.57887682446202 27.031589423791885 85.70892148960962 -999.0 6231.0 -999.0 -1 -999 {-999.0 -999.0 -999.0 -999.0 -999.0} "" -999.0 -999.0 -999.0 -999.0 -999 -999 "" "" "" "" 0 0 0.0 0.0 -999 ""
FIBERMAP 756 R-13C9 APOGEE 0 0 0 1 0 0 14.666415879145589 -261.5825401670843 143.1 -96.87123578496278 -243.34174492027864 267.3287 38.73776 -999.0 -999.0 -999.0 -999.0 -999.0 255.79744702404864 17.015610129162933 255.73140376846516 16.98516283937633 27.74909989387855 86.90863932624444 -999.0 16600.0 -999.0 2 207 {-999.0 -999.0 -999.0 -999.0 -999.0} "" -999.0 -999.0 -999.0 -999.0 -999 -999 "" "" "" "" 0 0 0.0 0.0 -999 ""
FIBERMAP 756 R-13C9 BOSS 1 1 0 1 0 0 14.207846853572905 -261.0007340184549 143.1 -97.04196456512939 -242.62111635391935 267.3287 38.73776 255.79640400005343 17.018778415090093 4.0751204 -50.09492 12.4321995 255.7969698570991 17.018637912271785 255.73056772380647 16.988371703093218 27.751338141590423 86.90588850516038 5400.0 5400.0 2016.0 1 334 {-999.0 11.488686 10.672766 10.4043865 -999.0} sdss_psfmag_from_g3xp 11.247252 10.733878 10.062105 8.781 63050395765281437 1150971499 bright_1x1 mwm_snc_100pc_boss_single mwm_snc science 0 0 1.906732439994812 0.0 -999 ""
FIBERMAP 756 R-13C9 METROLOGY 0 0 0 1 0 0 14.945113759053488 -260.8920761073389 143.1 -96.32775613694159 -242.83310996918001 267.3287 38.73776 -999.0 -999.0 -999.0 -999.0 -999.0 255.80025355876177 17.017726879078126 255.7339478879303 16.987419338110364 27.74804397921715 86.90508458498084 -999.0 6231.0 -999.0 -1 -999 {-999.0 -999.0 -999.0 -999.0 -999.0} "" -999.0 -999.0 -999.0 -999.0 -999 -999 "" "" "" "" 0 0 0.0 0.0 -999 ""
FIBERMAP 758 R+4C17 APOGEE 0 0 0 1 0 0 94.00281021025394 75.98575456141181 143.1 117.23031125214213 29.302373194976205 219.28654 77.410065 -999.0 -999.0 -999.0 -999.0 -999.0 256.82121713536526 18.247075957071814 256.7510481157003 18.219031690151294 27.4796969104856 85.1623086762691 -999.0 16600.0 -999.0 2 83 {-999.0 -999.0 -999.0 -999.0 -999.0} "" -999.0 -999.0 -999.0 -999.0 -999 -999 "" ops_sky_apogee_best_unassigned ops_sky sky_apogee 0 0 0.0 0.0 -999 ""
FIBERMAP 758 R+4C17 BOSS 1 1 0 1 0 0 93.66896407791181 76.64785174382952 143.1 117.2064784834161 30.043269404074227 219.28654 77.410065 256.8215276486639 18.250310819051048 3.4155328 -12.4502325 2.0403202 256.82153773572037 18.250275899487836 256.7509976568573 18.22241512999824 27.481332977326446 85.15896999779399 5400.0 5400.0 2016.0 1 210 {-999.0 22.037415 20.365494 18.95226 -999.0} sdss_psfmag 20.44633 19.673927 18.326757 16.069 63050395765412287 1095142976 bright_1x1 mwm_bin_vis_boss mwm_filler science 0 0 0.0 0.0 -999 ""
FIBERMAP 758 R+4C17 METROLOGY 0 0 0 1 0 0 94.40688810402207 76.61811504032124 143.1 117.86299615466581 29.70552302854504 219.28654 77.410065 -999.0 -999.0 -999.0 -999.0 -999.0 256.8245568424114 18.248768681806617 256.7541199036407 18.220865314680434 27.47798682512233 85.15893635688457 -999.0 6231.0 -999.0 -1 -999 {-999.0 -999.0 -999.0 -999.0 -999.0} "" -999.0 -999.0 -999.0 -999.0 -999 -999 "" "" "" "" 0 0 0.0 0.0 -999 ""
FIBERMAP 760 R+10C10 APOGEE 0 0 0 1 0 0 19.01149802057724 176.41323760457405 143.1 91.53538040468757 151.93881738551258 293.55676 78.619415 -999.0 -999.0 -999.0 -999.0 -999.0 256.70016745583393 18.80474032223672 256.6286836449068 18.77610921430455 27.843448943837508 84.66824775728071 -999.0 16600.0 -999.0 2 -999 {-999.0 -999.0 -999.0 -999.0 -999.0} "" -999.0 -999.0 -999.0 -999.0 -999 -999 "" "" "" "" 0 0 0.0 0.0 -999 ""
FIBERMAP 760 R+10C10 BOSS 1 1 0 1 0 0 18.2661041813212 176.2496336214515 143.1 90.79066246924666 152.10441668947394 293.55676 78.619415 256.6969962112658 18.80540747492146 -2.5044158 -8.632945 0.2685782 256.6969887909471 18.805383261825824 256.62514695874717 18.776922511964397 27.84678981541108 84.66920257117212 5400.0 5400.0 2016.0 1 122 {-999.0 17.136406 17.329762 17.481823 -999.0} sdss_psfmag 17.268007 17.220522 17.178387 16.589 63050395765451282 1092240454 dark_flexible_2x1 mwm_cb_galex_mag_boss mwm_cb science 0 0 0.0 0.0 -999 ""
FIBERMAP 760 R+10C10 METROLOGY 0 0 0 1 0 0 18.506514313301253 176.96246746164445 143.1 91.3088496834046 152.64945862787505 293.55676 78.619415 -999.0 -999.0 -999.0 -999.0 -999.0 256.69937079070985 18.80787125523767 256.62762191358024 18.779365372067986 27.84585817360015 84.66552205537045 -999.0 6231.0 -999.0 -1 -999 {-999.0 -999.0 -999.0 -999.0 -999.0} "" -999.0 -999.0 -999.0 -999.0 -999 -999 "" "" "" "" 0 0 0.0 0.0 -999 ""
FIBERMAP 761 R+4C9 APOGEE 0 0 0 1 0 0 -78.13690164383794 78.4094281400222 143.1 -37.82005722594918 103.99849299923922 155.0888 135.67993 -999.0 -999.0 -999.0 -999.0 -999.0 256.0783852523605 18.58999114963279 256.00806791716 18.559672126328408 28.262132765062233 85.19640218276777 -999.0 16600.0 -999.0 2 118 {-999.0 -999.0 -999.0 -999.0 -999.0} "" -999.0 -999.0 -999.0 -999.0 -999 -999 "" ops_sky_apogee_best_unassigned ops_sky sky_apogee 0 0 0.0 0.0 -999 ""
FIBERMAP 761 R+4C9 BOSS 1 1 0 1 0 0 -78.40942724154743 79.10563834644562 143.1 -37.77392639190485 104.74449203944252 155.0888 135.67993 256.0789489746093 18.593250332504013 -999.0 -999.0 -999.0 256.0789489746093 18.593250332504017 256.0082699102216 18.5631085190459 28.263570669784897 85.19285198713152 5400.0 5400.0 2015.5 1 64 {-999.0 -999.0 -999.0 -999.0 -999.0} "" -999.0 -999.0 -999.0 -999.0 27021603155089496 813301380 "" ops_sky_boss_good ops_sky sky_boss 0 0 0.0 0.0 -999 ""
FIBERMAP 761 R+4C9 METROLOGY 0 0 0 1 0 0 -77.66792727982485 79.03336004387164 143.1 -37.13208348536118 104.36666911277428 155.0888 135.67993 -999.0 -999.0 -999.0 -999.0 -999.0 256.081931601678 18.591571673089753 256.0113538260232 18.56138894233958 28.260182331701706 85.19302535245623 -999.0 6231.0 -999.0 -1 -999 {-999.0 -999.0 -999.0 -999.0 -999.0} "" -999.0 -999.0 -999.0 -999.0 -999 -999 "" "" "" "" 0 0 0.0 0.0 -999 ""
FIBERMAP 762 R+2C22 APOGEE 0 0 0 1 0 0 205.4722473380463 31.14432115900476 143.1 199.4089993308997 -58.29996286621627 248.40996 157.21596 -999.0 -999.0 -999.0 -999.0 -999.0 257.20930043183824 17.846505781134034 257.1397630119611 17.81975796917174 26.965221520660613 85.36150075541616 -999.0 16600.0 -999.0 2 -999 {-999.0 -999.0 -999.0 -999.0 -999.0} "" -999.0 -999.0 -999.0 -999.0 -999 -999 "" "" "" "" 0 0 0.0 0.0 -999 ""
FIBERMAP 762 R+2C22 BOSS 1 1 0 1 0 0 204.97057185965076 30.615293826056046 143.1 198.73134718874783 -58.56832092471682 248.40996 157.21596 257.2065235639503 17.845018091206285 -8.668886 30.031784 2.838145 257.206498021146 17.845102322304204 257.13659818383354 17.818536254586515 26.967294661546724 85.36431095635233 5400.0 5400.0 2016.0 1 224 {-999.0 16.77667 15.528719 14.965618 -999.0} sdss_psfmag 16.266476 15.498348 14.556598 12.797 63050395763860645 1094242009 bright_1x1 mwm_bin_vis_boss mwm_filler science 0 0 0.0 0.0 -999 ""
FIBERMAP 762 R+2C22 METROLOGY 0 0 0 1 0 0 204.7494065104861 31.329153836104528 143.1 198.83147741306723 -57.827950602122826 248.40996 157.21596 -999.0 -999.0 -999.0 -999.0 -999.0 257.2068936840853 17.848513645565383 257.1370887589193 17.821893799231983 26.968475887102606 85.36074587042668 -999.0 6231.0 -999.0 -1 -999 {-999.0 -999.0 -999.0 -999.0 -999.0} "" -999.0 -999.0 -999.0 -999.0 -999 -999 "" "" "" "" 0 0 0.0 0.0 -999 ""
FIBERMAP 765 R+2C19 APOGEE 0 0 0 1 0 0 155.59951518794028 42.20795379567395 143.1 158.85127664703893 -27.264583788070325 75.25465 33.76219 -999.0 -999.0 -999.0 -999.0 -999.0 257.0181410939259 17.98852867505723 256.9484349975312 17.961165061758226 27.19255813332576 85.31850077586978 -999.0 16600.0 -999.0 2 72 {-999.0 -999.0 -999.0 -999.0 -999.0} "" -999.0 -999.0 -999.0 -999.0 -999 -999 "" ops_sky_apogee_best_unassigned ops_sky sky_apogee 0 0 0.0 0.0 -999 ""
FIBERMAP 765 R+2C19 BOSS 1 1 0 1 0 0 155.8463893399783 41.50398584296298 143.1 158.77862156466114 -28.006813007168933 75.25465 33.76219 257.01819420472384 17.985044310266094 0.004242239 -30.587557 0.7027359 257.01819421723343 17.984958520372924 256.9481307913075 17.957783832595723 27.19121346862402 85.32200374677632 5400.0 5400.0 2016.0 1 221 {-999.0 15.384542 14.948318 14.788333 -999.0} sdss_psfmag_from_g3xp 15.296646 14.963165 14.455448 13.566 63050395765410153 1072533841 bright_1x1 mwm_halo_local_high_boss_single mwm_halo science 0 0 0.0 0.0 -999 ""
FIBERMAP 765 R+2C19 METROLOGY 0 0 0 1 0 0 155.109391871657 41.64105174454872 143.1 158.1681469288007 -27.572146434972684 75.25465 33.76219 -999.0 -999.0 -999.0 -999.0 -999.0 257.0151904755262 17.98700680255703 256.94522851105194 17.959769518178035 27.194585191215523 85.32150543296797 -999.0 6231.0 -999.0 -1 -999 {-999.0 -999.0 -999.0 -999.0 -999.0} "" -999.0 -999.0 -999.0 -999.0 -999 -999 "" "" "" "" 0 0 0.0 0.0 -999 ""
FIBERMAP 766 R+7C3 APOGEE 0 0 0 1 0 0 -159.0344232630219 143.3574560049951 143.1 -83.8124699212232 196.9548239429143 32.17948 124.515755 -999.0 -999.0 -999.0 -999.0 -999.0 255.85885954426325 19.010440468703102 255.787666972941 18.97932164406262 28.642323882182552 84.88469372321617 -999.0 16600.0 -999.0 2 123 {-999.0 -999.0 -999.0 -999.0 -999.0} "" -999.0 -999.0 -999.0 -999.0 -999 -999 "" ops_sky_apogee_best_unassigned ops_sky sky_apogee 0 0 0.0 0.0 -999 ""
FIBERMAP 766 R+7C3 BOSS 1 1 0 1 0 0 -158.33845567088386 143.07177039116186 143.1 -83.30178813870133 196.40269096111197 32.17948 124.515755 255.86157213900165 19.007904962085576 18.76753 -27.178078 1.8153623 255.86162781254185 19.00782873485863 255.79009090977434 18.97689165568299 28.639165568778267 84.88593335286215 5400.0 5400.0 2016.0 1 26 {-999.0 17.593138 16.285185 15.775391 -999.0} sdss_psfmag 16.979403 16.275826 15.276341 13.499 63050395765440303 1094333092 bright_1x1 mwm_bin_vis_boss mwm_filler science 0 0 0.0 0.0 -999 ""
FIBERMAP 766 R+7C3 METROLOGY 0 0 0 1 0 0 -158.93266890400864 142.61744360064353 143.1 -84.03187896787513 196.24103381075722 32.17948 124.515755 -999.0 -999.0 -999.0 -999.0 -999.0 255.8580305023047 19.007133559512326 255.78659729216974 18.97613771407771 28.64174146619984 84.88844198333044 -999.0 6231.0 -999.0 -1 -999 {-999.0 -999.0 -999.0 -999.0 -999.0} "" -999.0 -999.0 -999.0 -999.0 -999 -999 "" "" "" "" 0 0 0.0 0.0 -999 ""
FIBERMAP 776 R+1C5 APOGEE 1 1 0 1 0 0 -182.42470733528017 -0.32841290991067934 143.1 -165.5343728810492 76.53257824052926 356.51566 37.643597 255.46672813874738 18.464634840382978 -20.37151 -65.02986 4.774819 255.46666790111365 18.464452449053493 255.3972706597259 18.432447387543125 28.714581898445026 85.63263479062918 16000.0 16600.0 2016.0 2 110 {-999.0 10.613357 10.195376 10.05782 -999.0} sdss_psfmag_from_g3xp 10.535349 10.217496 9.728254 8.919 63050395765428948 975093907 "" ops_std_apogee ops_std standard_apogee 0 0 0.0 0.0 -999 ""
FIBERMAP 776 R+1C5 BOSS 0 0 0 1 0 0 -183.06669684530567 -0.721721690764614 143.1 -166.2820817937557 76.44636484897947 356.51566 37.643597 -999.0 -999.0 -999.0 -999.0 -999.0 255.46339995845676 18.463895439115586 255.39366004173564 18.432055657703685 28.7174258316885 85.63485700749766 -999.0 5400.0 -999.0 1 63 {-999.0 -999.0 -999.0 -999.0 -999.0} "" -999.0 -999.0 -999.0 -999.0 -999 -999 "" "" "" "" 0 0 0.0 0.0 -999 ""
FIBERMAP 776 R+1C5 METROLOGY 0 0 0 1 0 0 -183.08428983034707 0.03022818424637208 143.1 -165.981339908105 77.13553257094398 356.51566 37.643597 -999.0 -999.0 -999.0 -999.0 -999.0 255.46474713295936 18.467072980669403 255.3950957768924 18.435186436892636 28.717686913292468 85.63097531617188 -999.0 6231.0 -999.0 -1 -999 {-999.0 -999.0 -999.0 -999.0 -999.0} "" -999.0 -999.0 -999.0 -999.0 -999 -999 "" "" "" "" 0 0 0.0 0.0 -999 ""
FIBERMAP 779 R+1C20 APOGEE 1 1 0 1 0 0 158.4649415293401 36.39698417425591 143.1 159.00186742156754 -33.73992997876658 116.99131 34.688423 257.01966054189063 17.9596377796943 -351.4578 -193.5752 7.375608 257.0186243085293 17.95909485044099 256.94899444884487 17.931744714831616 27.178167703069242 85.34735437643319 16000.0 16600.0 2016.0 2 85 {-999.0 10.681111 10.353033 10.1774845 -999.0} sdss_psfmag_from_g3xp 10.606685 10.366927 9.845408 9.024 63050395765410123 1103574474 bright_1x1 mwm_tess_2min_apogee mwm_planet science 0 0 0.0 0.0 -999 ""
FIBERMAP 779 R+1C20 BOSS 0 0 0 1 0 0 159.12133932311536 36.06126971948444 143.1 159.45560285387216 -34.32075650916431 116.99131 34.688423 -999.0 -999.0 -999.0 -999.0 -999.0 257.021188913837 17.956240795511263 256.95119507731306 17.92908763224498 27.175065639485105 85.34887144120603 -999.0 5400.0 -999.0 1 233 {-999.0 -999.0 -999.0 -999.0 -999.0} "" -999.0 -999.0 -999.0 -999.0 -999 -999 "" "" "" "" 0 0 0.0 0.0 -999 ""
FIBERMAP 779 R+1C20 METROLOGY 0 0 0 1 0 0 158.49642053746604 35.64948560052113 143.1 158.715590070271 -34.43091017519003 116.99131 34.688423 -999.0 -999.0 -999.0 -999.0 -999.0 257.0175497608416 17.955816244978102 256.9476646164627 17.928599594756836 27.177793569549337 85.35114188936268 -999.0 6231.0 -999.0 -1 -999 {-999.0 -999.0 -999.0 -999.0 -999.0} "" -999.0 -999.0 -999.0 -999.0 -999 -999 "" "" "" "" 0 0 0.0 0.0 -999 ""
FIBERMAP 781 R+8C12 APOGEE 0 0 0 1 0 0 46.27592246720231 174.7737692696244 143.1 115.5642934084516 138.96965054605695 134.87732 56.797134 -999.0 -999.0 -999.0 -999.0 -999.0 256.8151325810372 18.745109604950517 256.7436891392398 18.716834077416767 27.719467553141698 84.66997405943329 -999.0 16600.0 -999.0 2 -999 {-999.0 -999.0 -999.0 -999.0 -999.0} "" -999.0 -999.0 -999.0 -999.0 -999 -999 "" "" "" "" 0 0 0.0 0.0 -999 ""
FIBERMAP 781 R+8C12 BOSS 1 1 0 1 0 0 47.011553966923316 174.92587394612698 143.1 116.29531721171148 138.79773687721234 134.87732 56.797134 256.81904591978406 18.744149015596964 -6.084777 3.923272 -0.075810246 256.81902789778195 18.744160019321516 256.7472217682747 18.716077097700417 27.71615605418529 84.66896307222373 5400.0 5400.0 2016.0 1 139 {-999.0 18.330467 17.976595 17.840899 17.79453} sdss_psfmag_from_gaia 18.2897 17.9872 17.5262 -999.0 63050395765450880 968547520 "" ops_std_boss_gdr2 ops_std standard_boss 0 0 0.0 0.0 -999 ""
FIBERMAP 781 R+8C12 METROLOGY 0 0 0 1 0 0 46.78031350145787 174.22399507500046 143.1 115.79005752624178 138.25876538926306 134.87732 56.797134 -999.0 -999.0 -999.0 -999.0 -999.0 256.8164945871829 18.741786303926503 256.74479943457584 18.713645821117424 27.717047423611483 84.67260243230828 -999.0 6231.0 -999.0 -1 -999 {-999.0 -999.0 -999.0 -999.0 -999.0} "" -999.0 -999.0 -999.0 -999.0 -999 -999 "" "" "" "" 0 0 0.0 0.0 -999 ""
FIBERMAP 784 R0C21 APOGEE 0 0 0 1 0 0 172.4156589067826 -8.509983041077145 143.1 152.73723531347736 -80.33051391485365 6.5069876 77.33793 -999.0 -999.0 -999.0 -999.0 -999.0 256.9870258384549 17.747627563684127 256.9179620030775 17.720279731983368 27.103942594778196 85.57232925296012 -999.0 16600.0 -999.0 2 73 {-999.0 -999.0 -999.0 -999.0 -999.0} "" -999.0 -999.0 -999.0 -999.0 -999 -999 "" ops_sky_apogee_best_unassigned ops_sky sky_apogee 0 0 0.0 0.0 -999 ""
FIBERMAP 784 R0C21 BOSS 1 1 0 1 0 0 172.34352105701043 -9.245392550759393 143.1 152.36210479518866 -80.96689404315362 6.5069876 77.33793 256.98553390966475 17.74467031106099 -54.672775 -49.690758 0.9478344 256.9856351648025 17.744530941747193 256.9162137633494 17.717368979389448 27.10402648952936 85.57609528721365 5400.0 5400.0 2016.0 1 243 {-999.0 13.913366 13.471145 13.282077 -999.0} sdss_psfmag_from_g3xp 13.815342 13.471096 12.942199 11.899 63050395763858461 1072498276 bright_1x1 mwm_halo_local_high_boss_single mwm_halo science 0 0 0.899208664894104 0.0 -999 ""
FIBERMAP 784 R0C21 METROLOGY 0 0 0 1 0 0 171.73329456246938 -8.819339029693872 143.1 151.9882781199037 -80.32360684493544 6.5069876 77.33793 -999.0 -999.0 -999.0 -999.0 -999.0 256.9837726191926 17.747516624075264 256.9144492664834 17.720294588919543 27.106894631583216 85.57409902853493 -999.0 6231.0 -999.0 -1 -999 {-999.0 -999.0 -999.0 -999.0 -999.0} "" -999.0 -999.0 -999.0 -999.0 -999 -999 "" "" "" "" 0 0 0.0 0.0 -999 ""
FIBERMAP 786 R+11C5 APOGEE 0 0 0 1 0 0 -65.49795681821713 207.74579129821976 143.1 28.110637922070786 215.9387588722493 345.237 109.305916 -999.0 -999.0 -999.0 -999.0 -999.0 256.3963876035891 19.095245537175792 256.3244488225678 19.065622312808696 28.232951508562365 84.52980206155337 -999.0 16600.0 -999.0 2 22 {-999.0 -999.0 -999.0 -999.0 -999.0} "" -999.0 -999.0 -999.0 -999.0 -999 -999 "" ops_sky_apogee_best_unassigned ops_sky sky_apogee 0 0 0.0 0.0 -999 ""
FIBERMAP 786 R+11C5 BOSS 1 1 0 1 0 0 -65.43732229406811 207.00587993337854 143.1 27.85398997402798 215.24237845543908 345.237 109.305916 256.39551044955783 19.091984485133054 -0.2774672 1.4276915 0.89117545 256.39550962603886 19.09198848942468 256.3232254502216 19.062539989031265 28.232544188171545 84.53350997618621 5400.0 5400.0 2016.0 1 144 {-999.0 21.011822 20.85329 20.716728 20.631525} sdss_psfmag_from_gaiadr2 20.878685 20.84577 20.335659 -999.0 63050395765471215 1056793329 dark_flexible_2x2 bhm_gua_dark bhm_filler science 0 0 0.0 0.0 -999 ""
FIBERMAP 786 R+11C5 METROLOGY 0 0 0 1 0 0 -66.11903284151995 207.31577706048844 143.1 27.366431362303924 215.81045837432853 345.237 109.305916 -999.0 -999.0 -999.0 -999.0 -999.0 256.3930723581528 19.09459288816729 256.32088412468397 19.065086548609187 28.235686551965614 84.53211651093562 -999.0 6231.0 -999.0 -1 -999 {-999.0 -999.0 -999.0 -999.0 -999.0} "" -999.0 -999.0 -999.0 -999.0 -999 -999 "" "" "" "" 0 0 0.0 0.0 -999 ""
FIBERMAP 787 R+9C16 APOGEE 0 0 0 1 0 0 129.8007920390711 177.5068762342201 143.1 192.44351602411666 106.27014024131923 188.35217 94.99041 -999.0 -999.0 -999.0 -999.0 -999.0 257.1814168190888 18.59331531608539 257.1100001312881 18.566160548506726 27.342225684441814 84.63681329017356 -999.0 16600.0 -999.0 2 88 {-999.0 -999.0 -999.0 -999.0 -999.0} "" -999.0 -999.0 -999.0 -999.0 -999 -999 "" ops_sky_apogee_best_unassigned ops_sky sky_apogee 0 0 0.0 0.0 -999 ""
FIBERMAP 787 R+9C16 BOSS 1 1 0 1 0 0 129.60788879503409 178.22882965035197 143.1 192.57267882825477 107.00594555976642 188.35217 94.99041 257.182450800249 18.596467239254117 -1.9945521 1.4974992 2.1423237 257.18244489789157 18.596471439337723 257.1106532260667 18.569502522003567 27.343246549086395 84.63316364946384 5400.0 5400.0 2016.0 1 227 {-999.0 20.23336 18.833754 17.480463 -999.0} sdss_psfmag 19.602924 18.803837 16.860785 14.598 63050395765445018 1094221424 bright_1x1 mwm_bin_vis_boss mwm_filler science 0 0 0.0 0.0 -999 ""
FIBERMAP 787 R+9C16 METROLOGY 0 0 0 1 0 0 130.32563267318315 178.0456685829446 143.1 193.14628359573246 106.53759550784937 188.35217 94.99041 -999.0 -999.0 -999.0 -999.0 -999.0 257.18505130830914 18.594368448600225 257.11336564351984 18.567355954564515 27.339968804629436 84.63394010369404 -999.0 6231.0 -999.0 -1 -999 {-999.0 -999.0 -999.0 -999.0 -999.0} "" -999.0 -999.0 -999.0 -999.0 -999 -999 "" "" "" "" 0 0 0.0 0.0 -999 ""
FIBERMAP 789 R+2C9 APOGEE 0 0 0 1 0 0 -100.41715317441015 49.235979417561566 143.1 -70.30727728766755 86.93186716455828 149.47556 101.41711 -999.0 -999.0 -999.0 -999.0 -999.0 255.9222616514957 18.51252816016758 255.8522965484268 18.481796920900702 28.356237182800342 85.35307196964561 -999.0 16600.0 -999.0 2 109 {-999.0 -999.0 -999.0 -999.0 -999.0} "" -999.0 -999.0 -999.0 -999.0 -999 -999 "" ops_sky_apogee_best_unassigned ops_sky sky_apogee 0 0 0.0 0.0 -999 ""
FIBERMAP 789 R+2C9 BOSS 1 1 0 1 0 0 -100.19672938621643 49.954654912065955 143.1 -69.80475048627571 87.49062294754144 149.47556 101.41711 255.9250053680222 18.514961449033365 -3.769242 -10.859989 1.007576 255.92499421925967 18.514930989676138 255.8546693238785 18.484382859140815 28.355458953733425 85.34927832951125 5400.0 5400.0 2016.0 1 53 {-999.0 18.368776 17.190256 16.66966 -999.0} sdss_psfmag 17.993032 17.21091 16.330706 14.526 63050395765432817 1094926751 bright_1x1 mwm_bin_vis_boss mwm_filler science 0 0 0.0 0.0 -999 ""
FIBERMAP 789 R+2C9 METROLOGY 0 0 0 1 0 0 -99.68806489384131 49.40759789338438 143.1 -69.57396745039091 86.78040151098594 149.47556 101.41711 -999.0 -999.0 -999.0 -999.0 -999.0 255.92600254923124 18.5117451970912 255.8557840687779 18.481151401848848 28.35301208611621 85.35196089996884 -999.0 6231.0 -999.0 -1 -999 {-999.0 -999.0 -999.0 -999.0 -999.0} "" -999.0 -999.0 -999.0 -999.0 -999 -999 "" "" "" "" 0 0 0.0 0.0 -999 ""
FIBERMAP 790 R+6C16 APOGEE 0 0 0 1 0 0 111.16030897544648 126.28479634643045 143.1 153.97026271078562 67.68010694408984 66.56327 141.72224 -999.0 -999.0 -999.0 -999.0 -999.0 256.99755587900063 18.420231745127154 256.92676761722635 18.392620959683896 27.414174486323567 84.90125313854327 -999.0 16600.0 -999.0 2 -999 {-999.0 -999.0 -999.0 -999.0 -999.0} "" -999.0 -999.0 -999.0 -999.0 -999 -999 "" "" "" "" 0 0 0.0 0.0 -999 ""
FIBERMAP 790 R+6C16 BOSS 1 1 0 1 0 0 111.83476691230577 126.65604664250895 143.1 154.73811905352662 67.73264646203518 66.56327 141.72224 257.00166129442306 18.42031224700405 -7.766263 -13.209317 0.1890669 257.00163833583804 18.420275198410717 256.9304812298772 18.39286049327627 27.411176797820545 84.8991490971071 5400.0 5400.0 2016.0 1 215 {-999.0 15.459726 14.600205 14.262881 -999.0} sdss_psfmag_from_g3xp 15.196125 14.623514 13.905198 12.396 63050395765413096 1061612374 bright_1x1 manual_mwm_halo_distant_kgiant_near_boss_single mwm_halo science 0 0 0.0 0.0 -999 ""
FIBERMAP 790 R+6C16 METROLOGY 0 0 0 1 0 0 111.7990268839235 125.89917812343968 143.1 154.38695104204874 67.06148106553266 66.56327 141.72224 -999.0 -999.0 -999.0 -999.0 -999.0 256.99983607696856 18.417290473387943 256.928791676067 18.38981964868741 27.411162452045062 84.90302140393254 -999.0 6231.0 -999.0 -1 -999 {-999.0 -999.0 -999.0 -999.0 -999.0} "" -999.0 -999.0 -999.0 -999.0 -999 -999 "" "" "" "" 0 0 0.0 0.0 -999 ""
FIBERMAP 791 R+7C20 APOGEE 0 0 0 1 0 0 203.9152289740564 137.42151977101975 143.1 242.75722882604865 38.71242210006082 126.07367 151.61884 -999.0 -999.0 -999.0 -999.0 -999.0 257.4179308879706 18.284708057148222 257.34706826535023 18.258372431496507 26.998968687289867 84.82322265167784 -999.0 16600.0 -999.0 2 76 {-999.0 -999.0 -999.0 -999.0 -999.0} "" -999.0 -999.0 -999.0 -999.0 -999 -999 "" ops_sky_apogee_best_unassigned ops_sky sky_apogee 0 0 0.0 0.0 -999 ""
FIBERMAP 791 R+7C20 BOSS 1 1 0 1 0 0 203.7456139575426 138.1451146018648 143.1 242.9081972919735 39.43990749944212 126.07367 151.61884 257.41907316270414 18.28783197849968 -4.1710386 -8.295234 0.2466362 257.41906084175633 18.287808712593513 257.3478186843705 18.261663155156338 26.99989195593379 84.8195886593894 5400.0 5400.0 2016.0 1 250 {-999.0 17.981075 17.590052 17.453632 -999.0} sdss_psfmag 17.895813 17.59705 17.127722 16.176 63050395765442715 976253444 "" ops_std_boss ops_std standard_boss 0 0 0.0 0.0 -999 ""
FIBERMAP 791 R+7C20 METROLOGY 0 0 0 1 0 0 204.45951671951215 137.9362856792393 143.1 243.4675091743003 38.949903320285934 126.07367 151.61884 -999.0 -999.0 -999.0 -999.0 -999.0 257.42156910127864 18.285614021807632 257.35043487264284 18.259423433383493 26.996644900062954 84.82049056826929 -999.0 6231.0 -999.0 -1 -999 {-999.0 -999.0 -999.0 -999.0 -999.0} "" -999.0 -999.0 -999.0 -999.0 -999 -999 "" "" "" "" 0 0 0.0 0.0 -999 ""
FIBERMAP 792 R-7C14 APOGEE 0 0 0 1 0 0 76.60932894006302 -114.82193956537441 143.1 21.09951535928244 -136.36868018932836 157.53372 37.771988 -999.0 -999.0 -999.0 -999.0 -999.0 256.3579777549417 17.49545897239722 256.2901773055693 17.46640853087049 27.50979489123462 86.14379445776069 -999.0 16600.0 -999.0 2 184 {-999.0 -999.0 -999.0 -999.0 -999.0} "" -999.0 -999.0 -999.0 -999.0 -999 -999 "" ops_sky_apogee_best_unassigned ops_sky sky_apogee 0 0 0.0 0.0 -999 ""
FIBERMAP 792 R-7C14 BOSS 1 1 0 1 0 0 77.31712131977946 -114.6030485676097 143.1 21.83342657151305 -136.46831700835764 157.53372 37.771988 256.3618469238281 17.494754819250048 -999.0 -999.0 -999.0 256.3618469238281 17.494754819250048 256.2936843547335 17.465901666092194 27.506611433847787 86.14250233994677 5400.0 5400.0 2015.5 1 326 {-999.0 -999.0 -999.0 -999.0 -999.0} "" -999.0 -999.0 -999.0 -999.0 27021603155082332 821092686 "" ops_sky_boss_good ops_sky sky_boss 0 0 0.0 0.0 -999 ""
FIBERMAP 792 R-7C14 METROLOGY 0 0 0 1 0 0 77.14443109390405 -115.33813601443684 143.1 21.367265497861116 -137.06205630808049 157.53372 37.771988 -999.0 -999.0 -999.0 -999.0 -999.0 256.3595089836199 17.492132863732273 256.2914573264459 17.463221471338016 27.50720440298958 86.14629977250854 -999.0 6231.0 -999.0 -1 -999 {-999.0 -999.0 -999.0 -999.0 -999.0} "" -999.0 -999.0 -999.0 -999.0 -999 -999 "" "" "" "" 0 0 0.0 0.0 -999 ""
FIBERMAP 793 R+7C1 APOGEE 1 1 0 1 0 0 -228.1023328969147 141.34276404431378 143.1 -147.2816655518278 224.2169673421201 181.43451 92.63988 255.55601408050794 19.131247102697394 -0.2842069 -9.274624 1.0619451 255.5560132367854 19.131221089864944 255.48480015325208 19.099194303255807 28.951568860430356 84.91496798187956 16000.0 16600.0 2016.0 2 97 {-999.0 12.794442 12.046632 11.773607 -999.0} sdss_psfmag_from_g3xp 12.584802 12.085495 11.423623 10.127 63050395765506308 1107825885 bright_1x1 mwm_tess_rgb_apogee mwm_tessrgb science 0 0 0.0 0.0 -999 ""
FIBERMAP 793 R+7C1 BOSS 0 0 0 1 0 0 -228.15979075178467 142.08100474515624 143.1 -147.02284108445858 224.91049515298613 181.43451 92.63988 -999.0 -999.0 -999.0 -999.0 -999.0 255.557608865351 19.134165673412603 255.4860411365288 19.10231262264082 28.951973101448708 84.9111887472431 -999.0 5400.0 -999.0 1 82 {-999.0 -999.0 -999.0 -999.0 -999.0} "" -999.0 -999.0 -999.0 -999.0 -999 -999 "" "" "" "" 0 0 0.0 0.0 -999 ""
FIBERMAP 793 R+7C1 METROLOGY 0 0 0 1 0 0 -227.48100265666656 141.76590006076538 143.1 -146.54012534999046 224.33892460794877 181.43451 92.63988 -999.0 -999.0 -999.0 -999.0 -999.0 255.55979736259644 19.13167367887988 255.48833178232098 19.09977959444126 28.948881789468295 84.91260932978082 -999.0 6231.0 -999.0 -1 -999 {-999.0 -999.0 -999.0 -999.0 -999.0} "" -999.0 -999.0 -999.0 -999.0 -999 -999 "" "" "" "" 0 0 0.0 0.0 -999 ""
FIBERMAP 795 R+5C3 APOGEE 0 0 0 1 0 0 -180.8028999782391 102.32236177558957 143.1 -120.83136046637826 168.91825184070885 13.913732 132.75058 -999.0 -999.0 -999.0 -999.0 -999.0 255.6811018923366 18.883508893036172 255.61041198750036 18.851938230212944 28.731616346948883 85.10208937636457 -999.0 16600.0 -999.0 2 130 {-999.0 -999.0 -999.0 -999.0 -999.0} "" -999.0 -999.0 -999.0 -999.0 -999 -999 "" ops_sky_apogee_best_unassigned ops_sky sky_apogee 0 0 0.0 0.0 -999 ""
FIBERMAP 795 R+5C3 BOSS 1 1 0 1 0 0 -180.1847378737337 101.93499007257752 143.1 -120.43404763228656 168.30669348410257 13.913732 132.75058 255.68331003708067 18.88064773414677 0.13071375 -9.051545 0.31376037 255.68331042454525 18.880622346990318 255.61227876101736 18.849231739022777 28.728793811700513 85.10388496345603 5400.0 5400.0 2016.0 1 28 {-999.0 17.673147 17.364067 17.25181 -999.0} sdss_psfmag 17.655308 17.371595 16.93421 16.235 63050395765438131 976253219 "" ops_std_boss ops_std standard_boss 0 0 0.0 0.0 -999 ""
FIBERMAP 795 R+5C3 METROLOGY 0 0 0 1 0 0 -180.83887821339272 101.57785648109217 143.1 -121.17753752987196 168.25839593261415 13.913732 132.75058 -999.0 -999.0 -999.0 -999.0 -999.0 255.67966044114624 18.880431241240604 255.60873109235774 18.848981464735 28.73164964637199 85.10591811913866 -999.0 6231.0 -999.0 -1 -999 {-999.0 -999.0 -999.0 -999.0 -999.0} "" -999.0 -999.0 -999.0 -999.0 -999 -999 "" "" "" "" 0 0 0.0 0.0 -999 ""
FIBERMAP 796 R-1C17 APOGEE 0 0 0 1 0 0 78.33508549432602 -11.77395709758983 143.1 66.06406249224015 -43.66665607643816 23.988377 165.4859 -999.0 -999.0 -999.0 -999.0 -999.0 256.57472401652575 17.916094117228806 256.50564380802825 17.887483713641156 27.52886984607757 85.61601260858612 -999.0 16600.0 -999.0 2 -999 {-999.0 -999.0 -999.0 -999.0 -999.0} "" -999.0 -999.0 -999.0 -999.0 -999 -999 "" "" "" "" 0 0 0.0 0.0 -999 ""
FIBERMAP 796 R-1C17 BOSS 1 1 0 1 0 0 79.06358699314053 -11.634502624030969 143.1 66.78329406951943 -43.84703621543466 23.988377 165.4859 256.57853599708704 17.915112211512437 7.6013675 -21.97076 2.0149808 256.57855840327886 17.915050589421078 256.50911631172505 17.88663609657124 27.525557480262236 85.61509168935062 5400.0 5400.0 2016.0 1 280 {-999.0 14.252546 13.736776 13.553599 -999.0} sdss_psfmag_from_g3xp 14.136834 13.761871 13.21579 12.16 63050395765408684 1095902068 bright_1x1 mwm_bin_vis_boss mwm_filler science 0 0 0.0 0.0 -999 ""
FIBERMAP 796 R-1C17 METROLOGY 0 0 0 1 0 0 78.82375199811354 -12.337754072207355 143.1 66.26966404383793 -44.38363246727125 23.988377 165.4859 -999.0 -999.0 -999.0 -999.0 -999.0 256.5759799917662 17.912673797427335 256.5066483231575 17.884200813134907 27.526474452434968 85.61876406604779 -999.0 6231.0 -999.0 -1 -999 {-999.0 -999.0 -999.0 -999.0 -999.0} "" -999.0 -999.0 -999.0 -999.0 -999 -999 "" "" "" "" 0 0 0.0 0.0 -999 ""
FIBERMAP 800 R+11C7 APOGEE 0 0 0 1 0 0 -14.036618155374335 209.84255677650305 143.1 75.65133495205657 196.16624449966707 41.84047 55.013493 -999.0 -999.0 -999.0 -999.0 -999.0 256.6243700289695 19.00490665752491 256.55244193283716 18.975973573506657 28.000437822480613 84.50618718514818 -999.0 16600.0 -999.0 2 16 {-999.0 -999.0 -999.0 -999.0 -999.0} "" -999.0 -999.0 -999.0 -999.0 -999 -999 "" ops_sky_apogee_best_unassigned ops_sky sky_apogee 0 0 0.0 0.0 -999 ""
FIBERMAP 800 R+11C7 BOSS 1 1 0 1 0 0 -13.953394319630505 209.10110357431375 143.1 75.4145183265399 195.45895241290302 41.84047 55.013493 256.6235934241402 19.001576921271294 3.9022446 6.5372653 1.8817645 256.6236049996445 19.001595256546768 256.55132871420125 18.97283922322258 27.99991103931559 84.50988413492698 5400.0 5400.0 2016.0 1 112 {-999.0 17.348488 16.089048 15.62058 -999.0} sdss_psfmag 16.854242 16.077303 15.221452 13.494 63050395765469988 1094677977 bright_1x1 mwm_bin_vis_boss mwm_filler science 0 0 0.0 0.0 -999 ""
FIBERMAP 800 R+11C7 METROLOGY 0 0 0 1 0 0 -14.637133372814645 209.3936067620279 143.1 74.91779489790197 196.012116379498 41.84047 55.013493 -999.0 -999.0 -999.0 -999.0 -999.0 256.6211221100997 19.0041457976285 256.54894260017966 18.975331304577473 28.00306794961771 84.50857518356611 -999.0 6231.0 -999.0 -1 -999 {-999.0 -999.0 -999.0 -999.0 -999.0} "" -999.0 -999.0 -999.0 -999.0 -999 -999 "" "" "" "" 0 0 0.0 0.0 -999 ""
FIBERMAP 804 R-6C16 APOGEE 0 0 0 1 0 0 89.66672169586741 -119.6054061428552 143.1 30.923436549891306 -146.20490468740974 266.52783 14.970002 -999.0 -999.0 -999.0 -999.0 -999.0 256.4046586350591 17.450758645459498 256.3369246395156 17.421861861823146 27.44936924305035 86.16402322789116 -999.0 16600.0 -999.0 2 -999 {-999.0 -999.0 -999.0 -999.0 -999.0} "" -999.0 -999.0 -999.0 -999.0 -999 -999 "" "" "" "" 0 0 0.0 0.0 -999 ""
FIBERMAP 804 R-6C16 BOSS 1 1 0 1 0 0 89.51650638173099 -118.85703441143792 143.1 31.102428916441372 -145.46312563183758 266.52783 14.970002 256.40595607493793 17.45388808450316 -19.414232 -5.438973 1.855541 256.40589899519995 17.453872829634665 256.3377956069787 17.425164491161457 27.450211251216764 86.16030476279705 5400.0 5400.0 2016.0 1 305 {-999.0 15.774614 14.906975 14.586878 -999.0} sdss_psfmag_from_g3xp 15.500366 14.968764 14.201992 12.77 63050395765397685 1095895527 bright_1x1 mwm_bin_vis_boss mwm_filler science 0 0 0.0 0.0 -999 ""
FIBERMAP 804 R-6C16 METROLOGY 0 0 0 1 0 0 90.21734585547318 -119.10194312001217 143.1 31.634701487640196 -145.98033992757294 266.52783 14.970002 -999.0 -999.0 -999.0 -999.0 -999.0 256.40832309738454 17.45158630434011 256.3403247577263 17.422833325324582 27.446979166530205 86.16131979906584 -999.0 6231.0 -999.0 -1 -999 {-999.0 -999.0 -999.0 -999.0 -999.0} "" -999.0 -999.0 -999.0 -999.0 -999 -999 "" "" "" "" 0 0 0.0 0.0 -999 ""
FIBERMAP 805 R0C18 APOGEE 0 0 0 1 0 0 70.06074281401956 6.307224215217951 143.1 66.177202636409 -23.788446132074963 217.29236 47.94089 -999.0 -999.0 -999.0 -999.0 -999.0 256.5756969146204 18.006615851838276 256.5063854075057 17.977969059518536 27.571027975841524 85.52570504986477 -999.0 16600.0 -999.0 2 -999 {-999.0 -999.0 -999.0 -999.0 -999.0} "" -999.0 -999.0 -999.0 -999.0 -999 -999 "" "" "" "" 0 0 0.0 0.0 -999 ""
FIBERMAP 805 R0C18 BOSS 1 1 0 1 0 0 70.11161379683524 7.059596509856311 143.1 66.54019554714095 -23.127729836042164 217.29236 47.94089 256.57761118819747 18.009588567219144 -79.596245 -59.682625 9.088351 256.5778447452322 18.009421173322373 256.50816531832703 17.980962398134473 27.57095012550854 85.52182658328024 5400.0 5400.0 2016.0 1 241 {-999.0 12.379169 11.472039 11.164416 -999.0} sdss_psfmag_from_g3xp 12.096575 11.529669 10.813381 9.409 63050395765409653 996784855 bright_1x1 mwm_bin_gaia_sb_boss mwm_bin science 0 0 1.603295087814331 0.0 -999 ""
FIBERMAP 805 R0C18 METROLOGY 0 0 0 1 0 0 70.72883258403478 6.6393658110966 143.1 66.92281416214408 -23.7686826373821 217.29236 47.94089 -999.0 -999.0 -999.0 -999.0 -999.0 256.5795562065539 18.00654759816465 256.50998235163786 17.978043838203998 27.568047923515735 85.52380718718547 -999.0 6231.0 -999.0 -1 -999 {-999.0 -999.0 -999.0 -999.0 -999.0} "" -999.0 -999.0 -999.0 -999.0 -999 -999 "" "" "" "" 0 0 0.0 0.0 -999 ""
FIBERMAP 806 R+4C22 APOGEE 0 0 0 1 0 0 227.10920694995676 92.04834205465025 143.1 244.67668415727195 -12.193762498565189 91.69749 102.258095 -999.0 -999.0 -999.0 -999.0 -999.0 257.4250191194978 18.054046750013594 257.3547373823243 18.0278332331948 26.883654356368332 85.04730175428352 -999.0 16600.0 -999.0 2 -999 {-999.0 -999.0 -999.0 -999.0 -999.0} "" -999.0 -999.0 -999.0 -999.0 -999 -999 "" "" "" "" 0 0 0.0 0.0 -999 ""
FIBERMAP 806 R+4C22 BOSS 1 1 0 1 0 0 227.8104790042053 92.24961568339484 143.1 245.3972639270204 -12.306626059908929 91.69749 102.258095 257.4283389135227 18.053310360102277 -4.8767676 1.6996657 0.4257983 257.4288007649933 18.053315127208073 257.35814561096214 18.027302664365866 26.88054817968976 85.04610669585432 5400.0 5400.0 2016.0 1 236 {-999.0 12.552872 11.515733 11.107296 -999.0} sdss_psfmag_from_g3xp 12.19524 11.530149 10.740495 9.0 63050395763861706 996715522 bright_1x1 mwm_bin_gaia_sb_boss mwm_bin science 0 0 1.630050778388977 0.0 -999 ""
FIBERMAP 806 R+4C22 METROLOGY 0 0 0 1 0 0 227.63548581056526 91.51948239331426 143.1 244.93110136087924 -12.894903732226485 91.69749 102.258095 -999.0 -999.0 -999.0 -999.0 -999.0 257.4264709458767 18.050723054525786 257.3559298759046 18.024651236539267 26.881149820969732 85.04984316324555 -999.0 6231.0 -999.0 -1 -999 {-999.0 -999.0 -999.0 -999.0 -999.0} "" -999.0 -999.0 -999.0 -999.0 -999 -999 "" "" "" "" 0 0 0.0 0.0 -999 ""
FIBERMAP 808 R-9C5 APOGEE 0 0 0 1 0 0 -82.50423164094516 -167.7578712640618 143.1 -145.45599945019325 -117.35067654477368 70.463684 57.45718 -999.0 -999.0 -999.0 -999.0 -999.0 255.564207818411 17.583881325022585 255.49696258381346 17.552524208788537 28.216325155737465 86.46466237751565 -999.0 16600.0 -999.0 2 287 {-999.0 -999.0 -999.0 -999.0 -999.0} "" -999.0 -999.0 -999.0 -999.0 -999 -999 "" ops_sky_apogee_best_unassigned ops_sky sky_apogee 0 0 0.0 0.0 -999 ""
FIBERMAP 808 R-9C5 BOSS 1 1 0 1 0 0 -82.03975464230973 -168.35409751068002 143.1 -145.2859873794426 -118.08686736118652 70.463684 57.45718 255.56533813476562 17.58033039774564 -999.0 -999.0 -999.0 255.56533813476562 17.58033039774564 255.49775077948647 17.549157943725586 28.214066432518834 86.46762050467848 5400.0 5400.0 2015.5 1 412 {-999.0 -999.0 -999.0 -999.0 -999.0} "" -999.0 -999.0 -999.0 -999.0 27021603155083223 821092763 "" ops_sky_boss_good ops_sky sky_boss 0 0 0.0 0.0 -999 ""
FIBERMAP 808 R-9C5 METROLOGY 0 0 0 1 0 0 -82.79343343512255 -168.45025630651742 143.1 -146.0098115569327 -117.8566293137688 70.463684 57.45718 -999.0 -999.0 -999.0 -999.0 -999.0 255.56180668607857 17.581439957105065 255.49431911372199 17.550205979461044 28.217443802982267 86.46833541951185 -999.0 6231.0 -999.0 -1 -999 {-999.0 -999.0 -999.0 -999.0 -999.0} "" -999.0 -999.0 -999.0 -999.0 -999 -999 "" "" "" "" 0 0 0.0 0.0 -999 ""
FIBERMAP 809 R+9C1 APOGEE 1 1 0 1 0 0 -187.96175903820716 183.96154577608425 143.1 -92.9386541126859 245.9517685587907 44.97773 141.94728 255.816176778084 19.22993614270084 -1.9558673 2.4818485 0.2687405 255.8161709682368 19.229943103620084 255.74444755271813 19.198612681957616 28.78014452556856 84.6847151730293 16000.0 16600.0 2016.0 2 120 {-999.0 14.00381 12.739655 12.2171 -999.0} sdss_psfmag_from_g3xp 13.5206785 12.711516 11.83682 9.89 63050395765441841 1155958398 bright_1x1 mwm_galactic_core_dist_apogee_extra mwm_galactic science 0 0 0.0 0.0 -999 ""
FIBERMAP 809 R+9C1 BOSS 0 0 0 1 0 0 -187.22099710999768 184.07882026668264 143.1 -92.21764793386241 245.74611522784994 44.97773 141.94728 -999.0 -999.0 -999.0 -999.0 -999.0 255.81995982717544 19.228877616138366 255.7478875360406 19.19772980802137 28.776855868189443 84.68389357234906 -999.0 5400.0 -999.0 1 78 {-999.0 -999.0 -999.0 -999.0 -999.0} "" -999.0 -999.0 -999.0 -999.0 -999 -999 "" "" "" "" 0 0 0.0 0.0 -999 ""
FIBERMAP 809 R+9C1 METROLOGY 0 0 0 1 0 0 -187.4887255641348 183.37329233007108 143.1 -92.7575264409946 245.21920265111547 44.97773 141.94728 -999.0 -999.0 -999.0 -999.0 -999.0 255.81726644916597 19.226559419823214 255.74530142161393 19.195356351357464 28.777923159691575 84.68758332096473 -999.0 6231.0 -999.0 -1 -999 {-999.0 -999.0 -999.0 -999.0 -999.0} "" -999.0 -999.0 -999.0 -999.0 -999 -999 "" "" "" "" 0 0 0.0 0.0 -999 ""
FIBERMAP 816 R+4C16 APOGEE 0 0 0 1 0 0 84.960587305539 69.26513453637945 143.1 106.20167625736056 27.017337087366922 206.38461 147.14128 -999.0 -999.0 -999.0 -999.0 -999.0 256.76841295621284 18.237004040058558 256.6983221961109 18.20881207108789 27.519062451597023 85.19906901535927 -999.0 16600.0 -999.0 2 -999 {-999.0 -999.0 -999.0 -999.0 -999.0} "" -999.0 -999.0 -999.0 -999.0 -999 -999 "" "" "" "" 0 0 0.0 0.0 -999 ""
FIBERMAP 816 R+4C16 BOSS 1 1 0 1 0 0 84.23649566887681 69.33771288370126 143.1 105.57574304265718 27.388100327616833 206.38461 147.14128 256.765847305505 18.238558130767007 -2.2490737 -7.49191 0.057887066 256.7658406637882 18.23853711796877 256.6953861536325 18.210520942421972 27.522327679723666 85.19885069098989 5400.0 5400.0 2016.0 1 211 {-999.0 15.087515 14.3695965 14.042321 -999.0} sdss_psfmag_from_g3xp 14.88164 14.36928 13.688654 12.259 63050395765412182 1071091351 bright_1x1 mwm_halo_vmp_xp_boss_single mwm_halo science 0 0 0.0 0.0 -999 ""
FIBERMAP 816 R+4C16 METROLOGY 0 0 0 1 0 0 84.65841674491956 69.94730382094652 143.1 106.21501587129326 27.763091200819602 206.38461 147.14128 -999.0 -999.0 -999.0 -999.0 -999.0 256.7687958310878 18.240275725762697 256.6984365345186 18.212215218835194 27.520569674680445 85.19562637257803 -999.0 6231.0 -999.0 -1 -999 {-999.0 -999.0 -999.0 -999.0 -999.0} "" -999.0 -999.0 -999.0 -999.0 -999 -999 "" "" "" "" 0 0 0.0 0.0 -999 ""
FIBERMAP 818 R+7C11 APOGEE 0 0 0 1 0 0 -2.3269972976768454 143.73087371893985 143.1 58.42418585866377 131.29418838289592 167.86482 97.36391 -999.0 -999.0 -999.0 -999.0 -999.0 256.5410857420537 18.71232663046381 256.46999803914844 18.68327848773465 27.93296076378197 84.84053985082465 -999.0 16600.0 -999.0 2 19 {-999.0 -999.0 -999.0 -999.0 -999.0} "" -999.0 -999.0 -999.0 -999.0 -999 -999 "" ops_sky_apogee_best_unassigned ops_sky sky_apogee 0 0 0.0 0.0 -999 ""
FIBERMAP 818 R+7C11 BOSS 1 1 0 1 0 0 -2.2919083746702196 144.48483273342694 143.1 58.773538170507884 131.96299008672545 167.86482 97.36391 256.5431503577881 18.71522082084589 1.0577173 -0.27388838 -0.6369646 256.54315349001786 18.715220052662417 256.47169828630314 18.686355917083503 27.932975191559088 84.83660846380376 5400.0 5400.0 2016.0 1 135 {-999.0 14.277458 13.843174 13.604571 -999.0} sdss_psfmag_from_g3xp 14.1769285 13.966144 13.267969 12.309 63050395765419167 1093869562 bright_1x1 mwm_astar_core_boss_single mwm_ob science 0 0 0.0 0.0 -999 ""
FIBERMAP 818 R+7C11 METROLOGY 0 0 0 1 0 0 -1.670962623291592 144.0927120522228 143.1 59.17137472002746 131.34595368491097 167.86482 97.36391 -999.0 -999.0 -999.0 -999.0 -999.0 256.54495031652766 18.712453537954296 256.4736018493685 18.683544935577146 27.930067199591846 84.83846729594734 -999.0 6231.0 -999.0 -1 -999 {-999.0 -999.0 -999.0 -999.0 -999.0} "" -999.0 -999.0 -999.0 -999.0 -999 -999 "" "" "" "" 0 0 0.0 0.0 -999 ""
FIBERMAP 819 R+10C16 APOGEE 0 0 0 1 0 0 167.5947147197066 207.2708248243799 143.1 239.2449613477065 117.33837792913383 81.18502 82.52031 -999.0 -999.0 -999.0 -999.0 -999.0 257.4030929011728 18.640378488804902 257.3313328631714 18.613844639433477 27.179316322223734 84.47874383348085 -999.0 16600.0 -999.0 2 -999 {-999.0 -999.0 -999.0 -999.0 -999.0} "" -999.0 -999.0 -999.0 -999.0 -999 -999 "" "" "" "" 0 0 0.0 0.0 -999 ""
FIBERMAP 819 R+10C16 BOSS 1 1 0 1 0 0 168.31627147881838 207.05662138464493 143.1 239.80894921398576 116.8402773515815 81.18502 82.52031 257.4061063709203 18.63792294973619 4.964345 -5.286974 0.7512169 257.4061210651853 18.63790812119168 257.33399547350854 18.611569831650662 27.17602084208894 84.47967180045124 5400.0 5400.0 2016.0 1 177 {-999.0 15.509389 15.033422 14.871014 -999.0} sdss_psfmag_ps1 15.399394 15.036029 14.50387 13.554 63050395765445375 1034704223 bright_1x1 mwm_yso_disk_boss_single mwm_yso science 0 0 0.0 0.0 -999 ""
FIBERMAP 819 R+10C16 METROLOGY 0 0 0 1 0 0 167.78194765280398 206.5486019991552 143.1 239.11054406964746 116.60471646879216 81.18502 82.52031 -999.0 -999.0 -999.0 -999.0 -999.0 257.4027187721379 18.63694640839616 257.3307034385807 18.610546102702244 27.17829596620038 84.48233310878925 -999.0 6231.0 -999.0 -1 -999 {-999.0 -999.0 -999.0 -999.0 -999.0} "" -999.0 -999.0 -999.0 -999.0 -999 -999 "" "" "" "" 0 0 0.0 0.0 -999 ""
FIBERMAP 820 R+4C5 APOGEE 0 0 0 1 0 0 -165.86151610006306 82.75413577807345 143.1 -115.52608879066449 144.8839034603526 124.62302 139.45078 -999.0 -999.0 -999.0 -999.0 -999.0 255.70612591932274 18.775035892486517 255.63569303586917 18.74358106671974 28.660000427169322 85.1987234444249 -999.0 16600.0 -999.0 2 127 {-999.0 -999.0 -999.0 -999.0 -999.0} "" -999.0 -999.0 -999.0 -999.0 -999 -999 "" ops_sky_apogee_best_unassigned ops_sky sky_apogee 0 0 0.0 0.0 -999 ""
FIBERMAP 820 R+4C5 BOSS 1 1 0 1 0 0 -165.80920828216043 83.4913750244543 143.1 -115.16816663116143 145.53029418018025 124.62302 139.45078 255.7081604003906 18.777832356212798 -999.0 -999.0 -999.0 255.7081604003906 18.777832356212798 255.63737050378109 18.746555564741044 28.659980565285146 85.19488064003927 5400.0 5400.0 2015.5 1 41 {-999.0 -999.0 -999.0 -999.0 -999.0} "" -999.0 -999.0 -999.0 -999.0 27021603155090647 821093223 "" ops_sky_boss_good ops_sky sky_boss 0 0 0.0 0.0 -999 ""
FIBERMAP 820 R+4C5 METROLOGY 0 0 0 1 0 0 -165.1880984163198 83.08063655302716 143.1 -114.77802239041054 144.8963087689714 124.62302 139.45078 -999.0 -999.0 -999.0 -999.0 -999.0 255.7099272244236 18.775012704344693 255.63924139125788 18.74369297172231 28.657079286748363 85.19682668322378 -999.0 6231.0 -999.0 -1 -999 {-999.0 -999.0 -999.0 -999.0 -999.0} "" -999.0 -999.0 -999.0 -999.0 -999 -999 "" "" "" "" 0 0 0.0 0.0 -999 ""
FIBERMAP 824 R-6C7 APOGEE 0 0 0 1 0 0 -98.90260294206938 -111.16167277327604 143.1 -136.48748335256462 -59.13114785310865 125.11566 138.29947 -999.0 -999.0 -999.0 -999.0 -999.0 255.6058333522002 17.84799655581689 255.5378775695615 17.816645494977212 28.30706330355266 86.17958994632284 -999.0 16600.0 -999.0 2 280 {-999.0 -999.0 -999.0 -999.0 -999.0} "" -999.0 -999.0 -999.0 -999.0 -999 -999 "" ops_sky_apogee_best_unassigned ops_sky sky_apogee 0 0 0.0 0.0 -999 ""
FIBERMAP 824 R-6C7 BOSS 1 1 0 1 0 0 -98.83779871140723 -110.40859491652336 143.1 -136.11156065356357 -58.47566000952702 125.11566 138.29947 255.60791015624997 17.85077177925517 -999.0 -999.0 -999.0 255.60791015624997 17.850771779255165 255.53959569890083 17.81960395772009 28.307019971832403 86.17575060663455 5400.0 5400.0 2015.5 1 438 {-999.0 -999.0 -999.0 -999.0 -999.0} "" -999.0 -999.0 -999.0 -999.0 27021603155083466 813300606 "" ops_sky_boss_good ops_sky sky_boss 0 0 0.0 0.0 -999 ""
FIBERMAP 824 R-6C7 METROLOGY 0 0 0 1 0 0 -98.23037041287348 -110.83611628763421 143.1 -135.7408891758831 -59.11909954606963 125.11566 138.29947 -999.0 -999.0 -999.0 -999.0 -999.0 255.6095945743399 17.847900465957228 255.54138476746095 17.816688085854942 28.30414085044128 86.17775500603716 -999.0 6231.0 -999.0 -1 -999 {-999.0 -999.0 -999.0 -999.0 -999.0} "" -999.0 -999.0 -999.0 -999.0 -999 -999 "" "" "" "" 0 0 0.0 0.0 -999 ""
FIBERMAP 825 R+3C17 APOGEE 0 0 0 1 0 0 91.51343702286678 54.15650546746044 143.1 105.77966367105691 10.559230226840878 174.03815 141.66467 -999.0 -999.0 -999.0 -999.0 -999.0 256.76601397180843 18.162098569028768 256.696117033753 18.13393206506044 27.48561797096474 85.27463778352126 -999.0 16600.0 -999.0 2 -999 {-999.0 -999.0 -999.0 -999.0 -999.0} "" -999.0 -999.0 -999.0 -999.0 -999 -999 "" "" "" "" 0 0 0.0 0.0 -999 ""
FIBERMAP 825 R+3C17 BOSS 1 1 0 1 0 0 90.96773987506492 54.64755207599221 143.1 105.49171538627935 11.23426635430048 174.03815 141.66467 256.7650803311289 18.165022008416358 -4.211681 -8.201443 0.20325696 256.7650678989048 18.164999005568813 256.6948018888876 18.137012835071893 27.48817295781346 85.2722397889838 5400.0 5400.0 2016.0 1 219 {-999.0 17.063639 16.537416 16.320383 -999.0} sdss_psfmag 16.93434 16.549513 15.991835 14.902 63050395765412103 1076050954 bright_1x1 mwm_halo_mp_xp_boss_single mwm_halo science 0 0 0.0 0.0 -999 ""
FIBERMAP 825 R+3C17 METROLOGY 0 0 0 1 0 0 91.6716916953553 54.885626471922215 143.1 106.23022385691738 11.15363973378777 174.03815 141.66467 -999.0 -999.0 -999.0 -999.0 -999.0 256.76848626954694 18.164663369577205 256.69832034277977 18.136634994659985 27.48504618218078 85.27083797116723 -999.0 6231.0 -999.0 -1 -999 {-999.0 -999.0 -999.0 -999.0 -999.0} "" -999.0 -999.0 -999.0 -999.0 -999 -999 "" "" "" "" 0 0 0.0 0.0 -999 ""
FIBERMAP 827 R+5C13 APOGEE 0 0 0 1 0 0 20.902771460709303 93.68167090056852 143.1 58.40672745618434 76.1333940465945 193.42813 118.59126 -999.0 -999.0 -999.0 -999.0 -999.0 256.54024996170045 18.461803864570875 256.4698087807815 18.43285982091923 27.815854652658302 85.09094279657506 -999.0 16600.0 -999.0 2 3 {-999.0 -999.0 -999.0 -999.0 -999.0} "" -999.0 -999.0 -999.0 -999.0 -999 -999 "" ops_sky_apogee_best_unassigned ops_sky sky_apogee 0 0 0.0 0.0 -999 ""
FIBERMAP 827 R+5C13 BOSS 1 1 0 1 0 0 20.41589640375995 94.24036289186027 143.1 58.2006001022659 76.84498749564969 193.42813 118.59126 256.53966044228446 18.464900300492193 0.034951776 0.32891077 -0.2031589 256.53966054563557 18.46490122299868 256.4688531900853 18.436135032626428 27.81819191742605 85.08815344654518 5400.0 5400.0 2016.0 1 148 {-999.0 20.648376 20.53284 20.406195 20.368168} sdss_psfmag_from_gaiadr2 20.45347 20.530209 20.097733 -999.0 63050395765418088 1056793085 dark_flexible_2x2 bhm_gua_dark bhm_filler science 0 0 0.0 0.0 -999 ""
FIBERMAP 827 R+5C13 METROLOGY 0 0 0 1 0 0 21.143990893020316 94.39602902023697 143.1 58.926290394008625 76.67947713234636 193.42813 118.59126 -999.0 -999.0 -999.0 -999.0 -999.0 256.5430338860962 18.464175130817246 256.4723266459331 18.435367694972864 27.814921813098813 85.0871716491286 -999.0 6231.0 -999.0 -1 -999 {-999.0 -999.0 -999.0 -999.0 -999.0} "" -999.0 -999.0 -999.0 -999.0 -999 -999 "" "" "" "" 0 0 0.0 0.0 -999 ""
FIBERMAP 828 R-2C18 APOGEE 0 0 0 1 0 0 126.67002991751806 -34.10851426986741 143.1 100.48066014563399 -84.27320435653759 36.56628 97.96427 -999.0 -999.0 -999.0 -999.0 -999.0 256.73807603300656 17.730729556868937 256.66930370409693 17.702670232005083 27.304072382675727 85.71617235227598 -999.0 16600.0 -999.0 2 -999 {-999.0 -999.0 -999.0 -999.0 -999.0} "" -999.0 -999.0 -999.0 -999.0 -999 -999 "" "" "" "" 0 0 0.0 0.0 -999 ""
FIBERMAP 828 R-2C18 BOSS 1 1 0 1 0 0 127.20288308848542 -34.621974501536705 143.1 100.74752362579456 -84.96315248745195 36.56628 97.96427 256.739746126232 17.72738719330999 -3.6701355 -7.6515727 0.19143784 256.7397353193332 17.72736573270046 256.67060594461293 17.699499639427366 27.301475742366257 85.71865046758427 5400.0 5400.0 2016.0 1 294 {-999.0 18.194265 17.859032 17.735538 -999.0} sdss_psfmag 18.148945 17.843079 17.388287 -999.0 63050395765406969 976253387 "" ops_std_boss ops_std standard_boss 0 0 0.0 0.0 -999 ""
FIBERMAP 828 R-2C18 METROLOGY 0 0 0 1 0 0 126.47709580272182 -34.82923502568037 143.1 100.00219557553086 -84.84539208638463 36.56628 97.96427 -999.0 -999.0 -999.0 -999.0 -999.0 256.7360728176083 17.727974071300956 256.66704861402377 17.700044163332286 27.30471705522212 85.71992108159623 -999.0 6231.0 -999.0 -1 -999 {-999.0 -999.0 -999.0 -999.0 -999.0} "" -999.0 -999.0 -999.0 -999.0 -999 -999 "" "" "" "" 0 0 0.0 0.0 -999 ""
FIBERMAP 830 R+9C18 APOGEE 0 0 0 1 0 0 201.40786817929273 183.9069740921787 143.1 260.06182251783605 81.91464168149177 51.518883 104.780914 -999.0 -999.0 -999.0 -999.0 -999.0 257.5004981038637 18.479082423396278 257.4290545857301 18.452901256500034 27.021927868462043 84.58947261929342 -999.0 16600.0 -999.0 2 52 {-999.0 -999.0 -999.0 -999.0 -999.0} "" -999.0 -999.0 -999.0 -999.0 -999 -999 "" ops_sky_apogee_best_unassigned ops_sky sky_apogee 0 0 0.0 0.0 -999 ""
FIBERMAP 830 R+9C18 BOSS 1 1 0 1 0 0 202.08641959342881 183.61758120834395 143.1 260.5551524951806 81.36648251967365 51.518883 104.780914 257.5031649054351 18.476390963748422 3.1978168 -1.694249 1.3534336 257.50317436189295 18.47638621183405 257.43136448662256 18.450401390564302 27.01881853783219 84.59079234690905 5400.0 5400.0 2016.0 1 169 {-999.0 19.017044 17.686735 17.072533 -999.0} sdss_psfmag_ps1 18.485756 17.578558 16.639631 14.804 63050395765443641 1096712364 bright_1x1 mwm_bin_vis_boss mwm_filler science 0 0 0.0 0.0 -999 ""
FIBERMAP 830 R+9C18 METROLOGY 0 0 0 1 0 0 201.49550020310255 183.16372131187504 143.1 259.8282446791462 81.20386143952454 51.518883 104.780914 -999.0 -999.0 -999.0 -999.0 -999.0 257.499650333975 18.475752329496654 257.42795038094175 18.44970454798664 27.02134881650104 84.59319241641623 -999.0 6231.0 -999.0 -1 -999 {-999.0 -999.0 -999.0 -999.0 -999.0} "" -999.0 -999.0 -999.0 -999.0 -999 -999 "" "" "" "" 0 0 0.0 0.0 -999 ""
FIBERMAP 831 R-6C18 APOGEE 0 0 0 1 0 0 161.07325307371028 -131.99327605550988 143.1 90.44714229786308 -187.5101241961214 306.3375 93.83638 -999.0 -999.0 -999.0 -999.0 -999.0 256.68670329973185 17.263485639183347 256.6191595090261 17.235483768981524 27.123669243519487 86.20374021714554 -999.0 16600.0 -999.0 2 -999 {-999.0 -999.0 -999.0 -999.0 -999.0} "" -999.0 -999.0 -999.0 -999.0 -999 -999 "" "" "" "" 0 0 0.0 0.0 -999 ""
FIBERMAP 831 R-6C18 BOSS 1 1 0 1 0 0 160.50913919669784 -132.4947368669868 143.1 89.72449011141758 -187.72719228845526 306.3375 93.83638 256.6836555027978 17.262293339457567 -1.5715963 -4.4337907 0.10417809 256.6836508869785 17.262280903863815 256.6157481612619 17.234460397877314 27.12604262212122 86.20649939959824 5400.0 5400.0 2016.0 1 288 {-999.0 17.291681 16.464315 16.177198 -999.0} sdss_psfmag 17.02675 16.489773 15.795228 14.375 63050395763846838 1061550375 bright_1x1 manual_mwm_halo_distant_kgiant_near_boss_single mwm_halo science 0 0 0.0 0.0 -999 ""
FIBERMAP 831 R-6C18 METROLOGY 0 0 0 1 0 0 160.36250667638825 -131.766336549902 143.1 89.89831963301422 -187.00502932822067 306.3375 93.83638 -999.0 -999.0 -999.0 -999.0 -999.0 256.68439653669265 17.2655947665415 256.61658811062614 17.237721204713775 27.12689569965442 86.20285009020091 -999.0 6231.0 -999.0 -1 -999 {-999.0 -999.0 -999.0 -999.0 -999.0} "" -999.0 -999.0 -999.0 -999.0 -999 -999 "" "" "" "" 0 0 0.0 0.0 -999 ""
FIBERMAP 835 R+3C22 APOGEE 1 1 0 1 0 0 197.5146919463702 70.7350612219975 143.1 208.86836236011897 -19.053448035612615 188.51665 58.160885 257.25579672881486 18.024262929291975 -3.8346083 -2.1509407 9.244572 257.2557854187315 18.02425689648 257.1857523563836 17.997564462716458 27.010911513877474 85.1625102746059 16000.0 16600.0 2016.0 2 31 {-999.0 11.579559 10.981754 10.705622 -999.0} sdss_psfmag_from_g3xp 11.412783 11.04556 10.34377 9.179 63050395763861836 996654749 bright_1x1 mwm_bin_gaia_sb_apogee mwm_bin science 0 0 0.0 0.0 -999 ""
FIBERMAP 835 R+3C22 BOSS 0 0 0 1 0 0 197.7961109577306 71.43532422006238 143.1 209.41843607177935 -18.53707487652228 188.51665 58.160885 -999.0 -999.0 -999.0 -999.0 -999.0 257.2588285649091 18.026385537923446 257.18841512503354 17.999890747319515 27.009780971662856 85.15886501818932 -999.0 5400.0 -999.0 1 192 {-999.0 -999.0 -999.0 -999.0 -999.0} "" -999.0 -999.0 -999.0 -999.0 -999 -999 "" "" "" "" 0 0 0.0 0.0 -999 ""
FIBERMAP 835 R+3C22 METROLOGY 0 0 0 1 0 0 198.257044593782 70.84643016030302 143.1 209.58832357700228 -19.265125608412916 188.51665 58.160885 -999.0 -999.0 -999.0 -999.0 -999.0 257.2594876047966 18.02313109996924 257.18918649068166 17.996586182135463 27.00757117737423 85.16174311719135 -999.0 6231.0 -999.0 -1 -999 {-999.0 -999.0 -999.0 -999.0 -999.0} "" -999.0 -999.0 -999.0 -999.0 -999 -999 "" "" "" "" 0 0 0.0 0.0 -999 ""
FIBERMAP 837 R+1C18 APOGEE 1 1 0 1 0 0 83.97852589172669 11.891806709937244 143.1 81.14782717290699 -24.586802943266267 240.26173 74.412094 256.6473759480817 18.002709456219108 -14.003611 -15.465371 0.6856844 256.64733464983584 18.00266607999661 256.5779624114126 17.974226927415607 27.509256799689936 85.49314305721246 16000.0 16600.0 2016.0 2 69 {-999.0 12.211203 11.562163 11.302575 -999.0} sdss_psfmag_from_g3xp 12.0422125 11.586232 10.957259 9.732 63050395765409402 1107761070 bright_1x1 mwm_tess_rgb_apogee mwm_tessrgb science 0 0 0.0 0.0 -999 ""
FIBERMAP 837 R+1C18 BOSS 0 0 0 1 0 0 83.46573339412437 12.411811305741839 143.1 80.90190801568404 -23.899370130773246 240.26173 74.412094 -999.0 -999.0 -999.0 -999.0 -999.0 256.64657947467765 18.005603579205996 256.5768384035632 17.977345606819163 27.511672727151264 85.49061377004847 -999.0 5400.0 -999.0 1 231 {-999.0 -999.0 -999.0 -999.0 -999.0} "" -999.0 -999.0 -999.0 -999.0 -999 -999 "" "" "" "" 0 0 0.0 0.0 -999 ""
FIBERMAP 837 R+1C18 METROLOGY 0 0 0 1 0 0 84.17703015481737 12.611507491036313 143.1 81.63091236476134 -24.017885911590124 240.26173 74.412094 -999.0 -999.0 -999.0 -999.0 -999.0 256.64995451671456 18.00510296023501 256.5803138808544 17.976802636073753 27.508502729605873 85.48939198058292 -999.0 6231.0 -999.0 -1 -999 {-999.0 -999.0 -999.0 -999.0 -999.0} "" -999.0 -999.0 -999.0 -999.0 -999 -999 "" "" "" "" 0 0 0.0 0.0 -999 ""
FIBERMAP 838 R-8C6 APOGEE 0 0 0 1 0 0 -106.54611159621226 -146.95005146553606 143.1 -158.4902009918929 -88.3596635542291 192.9289 69.65729 -999.0 -999.0 -999.0 -999.0 -999.0 255.5017063816274 17.71542237430112 255.43418857371228 17.683831688224938 28.331243825229542 86.36557736498759 -999.0 16600.0 -999.0 2 -999 {-999.0 -999.0 -999.0 -999.0 -999.0} "" -999.0 -999.0 -999.0 -999.0 -999 -999 "" "" "" "" 0 0 0.0 0.0 -999 ""
FIBERMAP 838 R-8C6 BOSS 1 1 0 1 0 0 -106.4711376826696 -146.22579238649243 143.1 -158.11719528202602 -87.73458744845506 192.9289 69.65729 255.50363543642845 17.718038826524406 42.507027 3.7593348 8.377534 255.503760594005 17.718049370410622 255.4358873951197 17.68664117852377 28.331148436292487 86.36189542088852 5400.0 5400.0 2016.0 1 411 {-999.0 17.877792 16.47229 15.246245 -999.0} sdss_psfmag 17.121815 16.116356 14.533201 12.283 63050395765403339 1095542913 bright_1x1 mwm_bin_vis_boss mwm_filler science 0 0 0.0 0.0 -999 ""
FIBERMAP 838 R-8C6 METROLOGY 0 0 0 1 0 0 -105.86348955230511 -146.64890511293683 143.1 -157.7444677398433 -88.37412245525712 192.9289 69.65729 -999.0 -999.0 -999.0 -999.0 -999.0 255.50545599283717 17.71520033295019 255.43768506555318 17.68374844755601 28.32827019351072 86.3638687936321 -999.0 6231.0 -999.0 -1 -999 {-999.0 -999.0 -999.0 -999.0 -999.0} "" -999.0 -999.0 -999.0 -999.0 -999 -999 "" "" "" "" 0 0 0.0 0.0 -999 ""
FIBERMAP 839 R+3C1 APOGEE 0 0 0 1 0 0 -270.86975494725044 73.20076712549125 143.1 -214.75572456210787 180.44777391883773 183.07054 53.95021 -999.0 -999.0 -999.0 -999.0 -999.0 255.23428525982044 18.932058058051535 255.16390120294466 18.899204345790295 29.12771471486267 85.27852643710276 -999.0 16600.0 -999.0 2 143 {-999.0 -999.0 -999.0 -999.0 -999.0} "" -999.0 -999.0 -999.0 -999.0 -999 -999 "" ops_sky_apogee_best_unassigned ops_sky sky_apogee 0 0 0.0 0.0 -999 ""
FIBERMAP 839 R+3C1 BOSS 1 1 0 1 0 0 -270.48787666539596 73.82537022398087 143.1 -214.1464341355635 180.85324012438707 183.07054 53.95021 255.23753948357577 18.93374865400806 -4.337483 -5.507459 0.09383123 255.23752662222975 18.933733207061792 255.1667932225475 18.90105744755628 29.126151215453284 85.27519376944089 5400.0 5400.0 2016.0 1 3 {-999.0 15.818523 15.189791 14.895546 -999.0} sdss_psfmag 15.639835 15.187798 14.557967 13.285 63050395765505552 1076061942 bright_1x1 mwm_halo_mp_xp_boss_single mwm_halo science 0 0 0.0 0.0 -999 ""
FIBERMAP 839 R+3C1 METROLOGY 0 0 0 1 0 0 -270.1225147777321 73.16162530321078 143.1 -214.09472145146935 180.09757675184784 183.07054 53.95021 -999.0 -999.0 -999.0 -999.0 -999.0 255.23765441618372 18.930393360699572 255.16702636795412 18.89767131724319 29.124384242056998 85.2785100460668 -999.0 6231.0 -999.0 -1 -999 {-999.0 -999.0 -999.0 -999.0 -999.0} "" -999.0 -999.0 -999.0 -999.0 -999 -999 "" "" "" "" 0 0 0.0 0.0 -999 ""
FIBERMAP 840 R+10C12 APOGEE 0 0 0 1 0 0 75.23831994170226 192.88502618058095 143.1 149.45093297669175 143.1924326759401 298.93243 158.68518 -999.0 -999.0 -999.0 -999.0 -999.0 256.9771430725958 18.76261599401254 256.9054934895066 18.734799165930124 27.59240796455085 84.5711577619079 -999.0 16600.0 -999.0 2 -999 {-999.0 -999.0 -999.0 -999.0 -999.0} "" -999.0 -999.0 -999.0 -999.0 -999 -999 "" "" "" "" 0 0 0.0 0.0 -999 ""
FIBERMAP 840 R+10C12 BOSS 1 1 0 1 0 0 75.36165044391852 192.1493105083843 143.1 149.25289564255652 142.47345114309374 298.93243 158.68518 256.97658944193506 18.759269016747307 0.17759138 -15.161698 2.549257 256.9765899679754 18.75922649224992 256.9045871305173 18.731591237217142 27.591666724468134 84.57481017090277 5400.0 5400.0 2016.0 1 141 {-999.0 22.026142 20.522873 18.923027 -999.0} sdss_psfmag 20.809202 19.6392 18.383677 15.866 63050395765449935 1095497325 bright_1x1 mwm_bin_vis_boss mwm_filler science 0 0 0.0 0.0 -999 ""
FIBERMAP 840 R+10C12 METROLOGY 0 0 0 1 0 0 74.65854916577943 192.4154222752547 143.1 148.7275023179279 143.01084185846307 298.93243 158.68518 -999.0 -999.0 -999.0 -999.0 -999.0 256.97397813468365 18.761727663259272 256.9020736929642 18.734032500232537 27.594912229950744 84.57363112821713 -999.0 6231.0 -999.0 -1 -999 {-999.0 -999.0 -999.0 -999.0 -999.0} "" -999.0 -999.0 -999.0 -999.0 -999 -999 "" "" "" "" 0 0 0.0 0.0 -999 ""
FIBERMAP 842 R-4C20 APOGEE 0 0 0 1 0 0 188.78319034865083 -78.7344366785268 143.1 138.00105640461277 -150.89316362991644 323.89676 144.18294 -999.0 -999.0 -999.0 -999.0 -999.0 256.9138974089707 17.428266829006365 256.845712474848 17.400848569117557 27.012545058585893 85.92462136128154 -999.0 16600.0 -999.0 2 -999 {-999.0 -999.0 -999.0 -999.0 -999.0} "" -999.0 -999.0 -999.0 -999.0 -999 -999 "" "" "" "" 0 0 0.0 0.0 -999 ""
FIBERMAP 842 R-4C20 BOSS 1 1 0 1 0 0 189.02162115969426 -79.41508329223093 143.1 137.93056819414556 -151.61069245442687 323.89676 144.18294 256.9139224773948 17.424852320236297 2.0730839 -18.675694 2.5871859 256.91392857149236 17.42479993992484 256.8453856034751 17.397573257754292 27.011257401116602 85.92801978334435 5400.0 5400.0 2016.0 1 286 {-999.0 15.2244005 14.350417 14.052825 -999.0} sdss_psfmag_from_g3xp 14.953911 14.401078 13.701567 12.301 63050395763856011 1095879658 bright_1x1 mwm_bin_vis_boss mwm_filler science 0 0 0.0 0.0 -999 ""
FIBERMAP 842 R-4C20 METROLOGY 0 0 0 1 0 0 188.29315897431232 -79.29704776326982 143.1 137.3198172374141 -151.19687457819776 323.89676 144.18294 -999.0 -999.0 -999.0 -999.0 -999.0 256.9109436352311 17.426735769802324 256.84250223062236 17.399445943050083 27.014568817428312 85.92764489540195 -999.0 6231.0 -999.0 -1 -999 {-999.0 -999.0 -999.0 -999.0 -999.0} "" -999.0 -999.0 -999.0 -999.0 -999 -999 "" "" "" "" 0 0 0.0 0.0 -999 ""
FIBERMAP 846 R+1C13 APOGEE 1 1 0 1 0 0 -17.154940969330493 3.5397556851426297 143.1 -14.062782567199797 10.434340427829596 275.9344 88.07067 256.19155147434446 18.163908845004617 -9.430844 -11.619929 0.4240891 256.19152363614415 18.16387625421742 256.12219001789146 18.13406054466502 27.96674148467335 85.56487617626772 16000.0 16600.0 2016.0 2 131 {-999.0 12.564006 11.380079 10.908401 -999.0} sdss_psfmag_from_g3xp 12.126591 11.37618 10.535691 8.655 63050395765415029 996687120 bright_1x1 mwm_bin_gaia_sb_apogee mwm_bin science 0 0 0.0 0.0 -999 ""
FIBERMAP 846 R+1C13 BOSS 0 0 0 1 0 0 -17.892006923455245 3.449247290321468 143.1 -14.769164917434413 10.66270473832771 275.9344 88.07067 -999.0 -999.0 -999.0 -999.0 -999.0 256.18848359308186 18.164749900705043 256.11879491180207 18.135105574179914 27.970079862618626 85.56555259274762 -999.0 5400.0 -999.0 1 13 {-999.0 -999.0 -999.0 -999.0 -999.0} "" -999.0 -999.0 -999.0 -999.0 -999 -999 "" "" "" "" 0 0 0.0 0.0 -999 ""
FIBERMAP 846 R+1C13 METROLOGY 0 0 0 1 0 0 -17.60623969280032 4.137261256757981 143.1 -14.220307701485105 11.166140961824489 275.9344 88.07067 -999.0 -999.0 -999.0 -999.0 -999.0 256.1910231356114 18.167088030015133 256.12142674297877 18.137398847352948 27.96895332020678 85.56192843770538 -999.0 6231.0 -999.0 -1 -999 {-999.0 -999.0 -999.0 -999.0 -999.0} "" -999.0 -999.0 -999.0 -999.0 -999 -999 "" "" "" "" 0 0 0.0 0.0 -999 ""
FIBERMAP 847 R+5C22 APOGEE 1 1 0 1 0 0 249.44980425133926 110.03839820821972 143.1 272.5085981588669 -5.292017602858141 89.0701 59.903927 257.5557861048193 18.084287799280197 50.524612 -52.449524 5.3025293 257.5559351767054 18.084140692375637 257.485445899368 18.058293805909653 26.788573504914346 84.9513319755218 16000.0 16600.0 2016.0 2 74 {-999.0 10.260452 9.957569 9.858408 -999.0} sdss_psfmag_from_g3xp 10.223059 9.961373 9.5319195 8.825 63050395763898801 975092183 "" ops_std_apogee ops_std standard_apogee 0 0 0.0 0.0 -999 ""
FIBERMAP 847 R+5C22 BOSS 0 0 0 1 0 0 250.10718790889945 109.66143975898777 143.1 272.94585702955936 -5.910653366668281 89.0701 59.903927 -999.0 -999.0 -999.0 -999.0 -999.0 257.55832818076317 18.081131753763522 257.4874695077559 18.055484312347595 26.785549262356888 84.95308505035115 -999.0 5400.0 -999.0 1 248 {-999.0 -999.0 -999.0 -999.0 -999.0} "" -999.0 -999.0 -999.0 -999.0 -999 -999 "" "" "" "" 0 0 0.0 0.0 -999 ""
FIBERMAP 847 R+5C22 METROLOGY 0 0 0 1 0 0 249.46686690536535 109.28835401620087 143.1 272.20817804763135 -5.979234174842659 89.0701 59.903927 -999.0 -999.0 -999.0 -999.0 -999.0 257.55476485219134 18.080907878743968 257.4840161626636 18.055196149558835 26.788305531550513 84.9551095168789 -999.0 6231.0 -999.0 -1 -999 {-999.0 -999.0 -999.0 -999.0 -999.0} "" -999.0 -999.0 -999.0 -999.0 -999 -999 "" "" "" "" 0 0 0.0 0.0 -999 ""
FIBERMAP 849 R+6C12 APOGEE 0 0 0 1 0 0 30.22603526160995 134.7670276628483 143.1 84.16328682782316 109.45698629527696 117.50356 54.428288 -999.0 -999.0 -999.0 -999.0 -999.0 256.6643102188775 18.612503655890237 256.59335843707083 18.583851359218997 27.783133415340096 84.87808308374565 -999.0 16600.0 -999.0 2 -999 {-999.0 -999.0 -999.0 -999.0 -999.0} "" -999.0 -999.0 -999.0 -999.0 -999 -999 "" "" "" "" 0 0 0.0 0.0 -999 ""
FIBERMAP 849 R+6C12 BOSS 1 1 0 1 0 0 30.96251984042114 134.6772184019387 143.1 84.79319914669077 109.0653811464156 117.50356 54.428288 256.6676137724165 18.610695242593664 36.062656 -44.996994 5.687829 256.667720499291 18.61056903806384 256.59641185946515 18.582107551957645 27.779759615500907 84.87829287002313 5400.0 5400.0 2016.0 1 117 {-999.0 18.920683 17.427122 16.173668 -999.0} sdss_psfmag 18.281353 16.832499 15.601495 13.322 63050395765418711 1094460629 bright_1x1 mwm_bin_vis_boss mwm_filler science 0 0 0.0 0.0 -999 ""
FIBERMAP 849 R+6C12 METROLOGY 0 0 0 1 0 0 30.52172182758455 134.08202296562794 143.1 84.1428743076126 108.7113922555676 117.50356 54.428288 -999.0 -999.0 -999.0 -999.0 -999.0 256.66448963035776 18.60902598178146 256.5932887078625 18.580505252156957 27.7816249617971 84.88145988186159 -999.0 6231.0 -999.0 -1 -999 {-999.0 -999.0 -999.0 -999.0 -999.0} "" -999.0 -999.0 -999.0 -999.0 -999 -999 "" "" "" "" 0 0 0.0 0.0 -999 ""
FIBERMAP 852 R0C15 APOGEE 0 0 0 1 0 0 29.214478110921842 19.000584888865887 143.1 34.48974049497181 4.922927980816879 123.587135 50.41957 -999.0 -999.0 -999.0 -999.0 -999.0 256.4243732276249 18.138032577057857 256.354876180157 18.108894724506648 27.759821660075175 85.47213290558301 -999.0 16600.0 -999.0 2 32 {-999.0 -999.0 -999.0 -999.0 -999.0} "" -999.0 -999.0 -999.0 -999.0 -999 -999 "" ops_sky_apogee_best_unassigned ops_sky sky_apogee 0 0 0.0 0.0 -999 ""
FIBERMAP 852 R0C15 BOSS 1 1 0 1 0 0 29.950242181576556 18.915986661568958 143.1 35.12119425114705 4.536350886068823 123.587135 50.41957 256.42777650331954 18.13607788297413 -0.48955122 0.36799794 -0.17994046 256.42777505847994 18.13607891510966 256.3579210826333 18.10713384949619 27.75643929836326 85.47234630312336 5400.0 5400.0 2016.0 1 180 {-999.0 19.888144 19.742882 19.61411 19.543488} sdss_psfmag_from_gaiadr2 19.828413 19.73346 19.335236 -999.0 63050395765414199 1056793073 dark_flexible_2x2 bhm_gua_dark bhm_filler science 0 0 0.0 0.0 -999 ""
FIBERMAP 852 R0C15 METROLOGY 0 0 0 1 0 0 29.51877271878731 18.315529416547463 143.1 34.47711110429314 4.17366252645362 123.587135 50.41957 -999.0 -999.0 -999.0 -999.0 -999.0 256.4245745080912 18.134489163442794 256.35482932267496 18.10548396670179 27.75825321001974 85.47555590646112 -999.0 6231.0 -999.0 -1 -999 {-999.0 -999.0 -999.0 -999.0 -999.0} "" -999.0 -999.0 -999.0 -999.0 -999 -999 "" "" "" "" 0 0 0.0 0.0 -999 ""
FIBERMAP 857 R+13C3 APOGEE 0 0 0 1 0 0 -111.44481305451981 256.3705136466279 143.1 6.931625278500237 279.3756141123252 142.3026 130.8537 -999.0 -999.0 -999.0 -999.0 -999.0 256.29537424195127 19.379079930624354 256.2227929162666 19.349050478314215 28.449328655371204 84.29494365979656 -999.0 16600.0 -999.0 2 106 {-999.0 -999.0 -999.0 -999.0 -999.0} "" -999.0 -999.0 -999.0 -999.0 -999 -999 "" ops_sky_apogee_best_unassigned ops_sky sky_apogee 0 0 0.0 0.0 -999 ""
FIBERMAP 857 R+13C3 BOSS 1 1 0 1 0 0 -111.48664879542402 257.1151364769765 143.1 7.207301504926289 280.068348866202 142.3026 130.8537 256.2972164975317 19.382452193411705 -54.3244 -172.1062 2.4145756 256.29705497840365 19.38196948160607 256.2241121538968 19.352116896489672 28.449641989282306 84.29119663979515 5400.0 5400.0 2016.0 1 87 {-999.0 16.555193 15.615766 15.233086 -999.0} sdss_psfmag 16.234789 15.624794 14.872965 13.315 63050395765476377 1072706519 bright_1x1 mwm_halo_local_high_boss_single mwm_halo science 0 0 0.0 0.0 -999 ""
FIBERMAP 857 R+13C3 METROLOGY 0 0 0 1 0 0 -110.81553786694182 256.78879761500355 143.1 7.678325299436455 279.48982614117125 142.3026 130.8537 -999.0 -999.0 -999.0 -999.0 -999.0 256.29920756868074 19.379441862031175 256.226368574778 19.349547569882503 28.446566576398702 84.29266904680264 -999.0 6231.0 -999.0 -1 -999 {-999.0 -999.0 -999.0 -999.0 -999.0} "" -999.0 -999.0 -999.0 -999.0 -999 -999 "" "" "" "" 0 0 0.0 0.0 -999 ""
FIBERMAP 859 R-9C1 APOGEE 0 0 0 1 0 0 -197.7569075863539 -172.6780526484005 143.1 -252.02247133645372 -73.27154262758413 83.03998 173.5439 -999.0 -999.0 -999.0 -999.0 -999.0 255.05978496724956 17.78427771482296 254.99251952274994 17.751406404860024 28.733884378753793 86.52432925835836 -999.0 16600.0 -999.0 2 272 {-999.0 -999.0 -999.0 -999.0 -999.0} "" -999.0 -999.0 -999.0 -999.0 -999 -999 "" ops_sky_apogee_best_unassigned ops_sky sky_apogee 0 0 0.0 0.0 -999 ""
FIBERMAP 859 R-9C1 BOSS 1 1 0 1 0 0 -197.59502494669366 -171.94099465158595 143.1 -251.56527908157247 -72.67146497771803 83.03998 173.5439 255.06224206067273 17.786842424023366 -1.5625544 -11.845765 0.12098369 255.0622374581238 17.786809199829275 254.99461986652327 17.754119132949985 28.733403477594983 86.52052483612569 5400.0 5400.0 2016.0 1 419 {-999.0 15.098672 15.17493 15.263249 -999.0} sdss_psfmag 15.18186 15.092898 14.930053 14.601 63050395765420913 1061105280 bright_1x1 manual_mwm_halo_distant_bhb_boss_single mwm_halo science 0 0 0.0 0.0 -999 ""
FIBERMAP 859 R-9C1 METROLOGY 0 0 0 1 0 0 -197.04148619598115 -172.44421913261954 143.1 -251.27535003339116 -73.3608448041338 83.03998 173.5439 -999.0 -999.0 -999.0 -999.0 -999.0 255.06352905980714 17.783743176535467 254.99601521679972 17.751008375222693 28.730762226024382 86.5229350712973 -999.0 6231.0 -999.0 -1 -999 {-999.0 -999.0 -999.0 -999.0 -999.0} "" -999.0 -999.0 -999.0 -999.0 -999 -999 "" "" "" "" 0 0 0.0 0.0 -999 ""
FIBERMAP 865 R-9C11 APOGEE 0 0 0 1 0 0 18.224857301545377 -161.87852772346199 143.1 -51.65343065964923 -154.4434010340069 193.02954 52.738235 -999.0 -999.0 -999.0 -999.0 -999.0 256.0109096484448 17.414610004281485 255.94365521816871 17.38459975310898 27.761624329648072 86.40263601928592 -999.0 16600.0 -999.0 2 179 {-999.0 -999.0 -999.0 -999.0 -999.0} "" -999.0 -999.0 -999.0 -999.0 -999 -999 "" ops_sky_apogee_best_unassigned ops_sky sky_apogee 0 0 0.0 0.0 -999 ""
FIBERMAP 865 R-9C11 BOSS 1 1 0 1 0 0 18.521861776124794 -161.19994451789515 143.1 -51.09835703066242 -153.95324794480646 193.02954 52.738235 256.01390766634483 17.41661847185584 -6.0472484 -13.435157 0.31927675 256.01388989047825 17.41658078984356 255.9462716086827 17.386762158748972 27.760458153112815 86.3991437498955 5400.0 5400.0 2016.0 1 374 {-999.0 17.752596 17.39088 17.247044 -999.0} sdss_psfmag 17.684406 17.386606 16.918556 16.147 63050395765396778 976253403 "" ops_std_boss ops_std standard_boss 0 0 0.0 0.0 -999 ""
FIBERMAP 865 R-9C11 METROLOGY 0 0 0 1 0 0 18.96526584757877 -161.80142301894767 143.1 -50.9496628592719 -154.68532562386747 193.02954 52.738235 -999.0 -999.0 -999.0 -999.0 -999.0 256.01450250088436 17.413328432802814 255.94699255083628 17.383460882076555 27.758281343452566 86.40205425143893 -999.0 6231.0 -999.0 -1 -999 {-999.0 -999.0 -999.0 -999.0 -999.0} "" -999.0 -999.0 -999.0 -999.0 -999 -999 "" "" "" "" 0 0 0.0 0.0 -999 ""
FIBERMAP 866 R+11C13 APOGEE 0 0 0 1 0 0 116.75033475852084 210.82062744533874 143.1 194.6417515910151 141.97053534754457 15.494714 91.03227 -999.0 -999.0 -999.0 -999.0 -999.0 257.1922615967018 18.754488931592025 257.12041854152665 18.727295992139023 27.408997354776893 84.47129540711677 -999.0 16600.0 -999.0 2 12 {-999.0 -999.0 -999.0 -999.0 -999.0} "" -999.0 -999.0 -999.0 -999.0 -999 -999 "" ops_sky_apogee_best_unassigned ops_sky sky_apogee 0 0 0.0 0.0 -999 ""
FIBERMAP 866 R+11C13 BOSS 1 1 0 1 0 0 116.96957507296003 210.10095831274018 143.1 194.53742944555754 141.22570891306512 15.494714 91.03227 257.1921490205535 18.750962300514097 0.46489626 1.8624178 2.4137776 257.19215039754715 18.750967524096556 257.11995121311526 18.723959066015187 27.407827030739526 84.47485065555186 5400.0 5400.0 2016.0 1 99 {-999.0 21.04943 20.848059 20.67468 20.543348} sdss_psfmag_from_gaiadr2 21.074535 20.855736 20.394419 -999.0 63050395765450096 1056793228 dark_flexible_2x2 bhm_gua_dark bhm_filler science 0 0 0.0 0.0 -999 ""
FIBERMAP 866 R+11C13 METROLOGY 0 0 0 1 0 0 116.23897586456577 210.26974665042746 143.1 193.9461160977423 141.68644204988937 15.494714 91.03227 -999.0 -999.0 -999.0 -999.0 -999.0 257.18923831092724 18.753132347397457 257.1171395188537 18.72606277718443 27.411164727023575 84.47416004444233 -999.0 6231.0 -999.0 -1 -999 {-999.0 -999.0 -999.0 -999.0 -999.0} "" -999.0 -999.0 -999.0 -999.0 -999 -999 "" "" "" "" 0 0 0.0 0.0 -999 ""
FIBERMAP 868 R+9C15 APOGEE 0 0 0 1 0 0 139.9313012817355 160.79914524915247 143.1 194.59172132527627 86.85542766100119 30.531425 28.41085 -999.0 -999.0 -999.0 -999.0 -999.0 257.19128611817035 18.505300538789704 257.1200858812713 18.478212377194712 27.29250004523457 84.71916643994052 -999.0 16600.0 -999.0 2 -999 {-999.0 -999.0 -999.0 -999.0 -999.0} "" -999.0 -999.0 -999.0 -999.0 -999 -999 "" "" "" "" 0 0 0.0 0.0 -999 ""
FIBERMAP 868 R+9C15 BOSS 1 1 0 1 0 0 139.5540523110775 160.150308058429 143.1 193.9764216052561 86.4260398336726 30.531425 28.41085 257.18880352017766 18.503326408876063 -12.77552 -38.13092 1.2383362 257.18876573499574 18.503219461867506 257.1172068945725 18.47630990647557 27.294017134913943 84.72249966452826 5400.0 5400.0 2016.0 1 229 {-999.0 14.387342 13.964365 13.811312 -999.0} sdss_psfmag_from_g3xp 14.304174 13.977264 13.47842 12.538 63050395765444503 1072462937 bright_1x1 mwm_halo_local_high_boss_single mwm_halo science 0 0 0.0 0.0 -999 ""
FIBERMAP 868 R+9C15 METROLOGY 0 0 0 1 0 0 139.18521158411346 160.80263001801376 143.1 193.91674390226345 87.17281168935543 30.531425 28.41085 -999.0 -999.0 -999.0 -999.0 -999.0 257.18838445171883 18.506654703775652 257.11692075008546 18.479690218267404 27.29584437711818 84.71928492872354 -999.0 6231.0 -999.0 -1 -999 {-999.0 -999.0 -999.0 -999.0 -999.0} "" -999.0 -999.0 -999.0 -999.0 -999 -999 "" "" "" "" 0 0 0.0 0.0 -999 ""
FIBERMAP 869 R+10C1 APOGEE 1 1 0 1 0 0 -195.24331510457594 196.78483775188946 143.1 -94.13982281797708 260.6447691578335 191.95923 93.93045 255.81080630732325 19.295444447320932 -3.6627784 -7.6410146 0.585861 255.81079542279977 19.29542301632409 255.73890602812344 19.264050456838945 28.815038370141018 84.6212630005081 16000.0 16600.0 2016.0 2 115 {-999.0 12.615376 11.848037 11.568467 -999.0} sdss_psfmag_from_g3xp 12.395647 11.885864 11.217371 9.894 63050395765442395 1107714192 bright_1x1 mwm_tess_rgb_apogee mwm_tessrgb science 0 0 0.0 0.0 -999 ""
FIBERMAP 869 R+10C1 BOSS 0 0 0 1 0 0 -195.40145718936057 197.50420782181152 143.1 -93.98023168297397 261.3635921999382 191.95923 93.93045 -999.0 -999.0 -999.0 -999.0 -999.0 255.81192653595826 19.298450883741175 255.73968035827488 19.267251283799006 28.815869076226107 84.61763768179992 -999.0 5400.0 -999.0 1 79 {-999.0 -999.0 -999.0 -999.0 -999.0} "" -999.0 -999.0 -999.0 -999.0 -999 -999 "" "" "" "" 0 0 0.0 0.0 -999 ""
FIBERMAP 869 R+10C1 METROLOGY 0 0 0 1 0 0 -194.68334268624707 197.28163774112483 143.1 -93.42288846158782 260.8593557224536 191.95923 93.93045 -999.0 -999.0 -999.0 -999.0 -999.0 255.8144808044315 19.296266435814584 255.74233632166522 19.26502655549965 28.81261758128918 84.61856723187583 -999.0 6231.0 -999.0 -1 -999 {-999.0 -999.0 -999.0 -999.0 -999.0} "" -999.0 -999.0 -999.0 -999.0 -999 -999 "" "" "" "" 0 0 0.0 0.0 -999 ""
FIBERMAP 870 R0C26 APOGEE 0 0 0 1 0 0 277.7276396332446 -7.931924517500976 143.1 248.4622012166026 -124.15980809775505 311.90002 125.359566 -999.0 -999.0 -999.0 -999.0 -999.0 257.436166468256 17.547807377450287 257.3671540846551 17.52185155352476 26.632975593984035 85.5397118357115 -999.0 16600.0 -999.0 2 38 {-999.0 -999.0 -999.0 -999.0 -999.0} "" -999.0 -999.0 -999.0 -999.0 -999 -999 "" ops_sky_apogee_best_unassigned ops_sky sky_apogee 0 0 0.0 0.0 -999 ""
FIBERMAP 870 R0C26 BOSS 1 1 0 1 0 0 277.59536193507813 -8.660078394386337 143.1 248.03560047103977 -124.76428126646805 311.90002 125.359566 257.4345005141298 17.544900424281227 -1.884069 -1.3993644 0.09784948 257.4344949720078 17.544896499439464 257.3651179637283 17.5191303319936 26.63338568111118 85.54342336239804 5400.0 5400.0 2016.0 1 173 {-999.0 17.780544 16.889214 16.526167 -999.0} sdss_psfmag_ps1 17.475605 16.914331 16.210747 14.612 63050395763854246 1061714587 bright_1x1 manual_mwm_halo_distant_kgiant_near_boss_single mwm_halo science 0 0 0.0 0.0 -999 ""
FIBERMAP 870 R0C26 METROLOGY 0 0 0 1 0 0 277.01689627573194 -8.158901075372405 143.1 247.7222091592785 -124.06625924329357 311.90002 125.359566 -999.0 -999.0 -999.0 -999.0 -999.0 257.4329741532113 17.54809958969824 257.36369645316074 17.52227279344423 26.636075008370774 85.54105550699234 -999.0 6231.0 -999.0 -1 -999 {-999.0 -999.0 -999.0 -999.0 -999.0} "" -999.0 -999.0 -999.0 -999.0 -999 -999 "" "" "" "" 0 0 0.0 0.0 -999 ""
FIBERMAP 871 R-7C18 APOGEE 1 1 0 1 0 0 176.23419856215068 -118.74475892557898 143.1 109.77264200200553 -181.88351802356672 107.88781 65.234055 256.7786304513862 17.28862016759566 -5.2762737 24.154728 8.691928 256.778614952611 17.28868791512848 256.710918290534 17.260939428833503 27.058844424532822 86.13159761767807 16000.0 16600.0 2016.0 2 234 {-999.0 12.929152 11.951656 11.566698 -999.0} sdss_psfmag_from_g3xp 12.6011715 12.038241 11.2011795 9.642 63050395763846826 1094101805 bright_1x1 mwm_bin_vis_apogee mwm_filler science 0 0 0.0 0.0 -999 ""
FIBERMAP 871 R-7C18 BOSS 0 0 0 1 0 0 176.97702888285767 -118.87318620563296 143.1 110.3920432739632 -182.31280893169847 107.88781 65.234055 -999.0 -999.0 -999.0 -999.0 -999.0 256.7819253195605 17.286518577876098 256.71386228332153 17.258971762309532 27.05543450984071 86.1320306299911 -999.0 5400.0 -999.0 1 276 {-999.0 -999.0 -999.0 -999.0 -999.0} "" -999.0 -999.0 -999.0 -999.0 -999 -999 "" "" "" "" 0 0 0.0 0.0 -999 ""
FIBERMAP 871 R-7C18 METROLOGY 0 0 0 1 0 0 176.512480709593 -119.45635074623229 143.1 109.72525221600452 -182.64588730246092 107.88781 65.234055 -999.0 -999.0 -999.0 -999.0 -999.0 256.77864013937796 17.28508470573646 256.710687815838 17.2574751198905 27.05738283419484 86.13513318834896 -999.0 6231.0 -999.0 -1 -999 {-999.0 -999.0 -999.0 -999.0 -999.0} "" -999.0 -999.0 -999.0 -999.0 -999 -999 "" "" "" "" 0 0 0.0 0.0 -999 ""
FIBERMAP 872 R+4C23 APOGEE 0 0 0 1 0 0 267.13708753778485 80.64324134497065 143.1 276.16472121889916 -39.392458590055355 69.869644 39.410057 -999.0 -999.0 -999.0 -999.0 -999.0 257.57127519617853 17.929832948691047 257.50116084509784 17.904099801199372 26.70237925030675 85.09547705204238 -999.0 16600.0 -999.0 2 77 {-999.0 -999.0 -999.0 -999.0 -999.0} "" -999.0 -999.0 -999.0 -999.0 -999 -999 "" ops_sky_apogee_best_unassigned ops_sky sky_apogee 0 0 0.0 0.0 -999 ""
FIBERMAP 872 R+4C23 BOSS 1 1 0 1 0 0 267.34999119730776 79.93292908816375 143.1 276.05859468057224 -40.1261328197699 69.869644 39.410057 257.5711529239995 17.926397249049224 -16.351606 -24.195139 0.85108674 257.5711047220733 17.92632938816786 257.50062570408585 17.900788892646013 26.701257734457926 85.09901039208023 5400.0 5400.0 2016.0 1 247 {-999.0 16.84062 16.153498 15.8834305 -999.0} sdss_psfmag 16.654135 16.176472 15.531396 14.215 63050395763860040 1073336566 bright_1x1 mwm_halo_local_high_boss_single mwm_halo science 0 0 0.0 0.0 -999 ""
FIBERMAP 872 R+4C23 METROLOGY 0 0 0 1 0 0 266.61876289635205 80.1009206879588 143.1 275.4663754079439 -39.665857098585676 69.869644 39.410057 -999.0 -999.0 -999.0 -999.0 -999.0 257.56825809316365 17.928483942072628 257.4978822258287 17.90287995300014 26.704547690479636 85.09833519918311 -999.0 6231.0 -999.0 -1 -999 {-999.0 -999.0 -999.0 -999.0 -999.0} "" -999.0 -999.0 -999.0 -999.0 -999 -999 "" "" "" "" 0 0 0.0 0.0 -999 ""
FIBERMAP 875 R+1C7 APOGEE 0 0 0 1 0 0 -133.18274129778754 11.132180163318218 143.1 -116.06219116614803 66.18452910841707 341.57047 102.69033 -999.0 -999.0 -999.0 -999.0 -999.0 255.702881764993 18.418052421635974 255.6333735295907 18.38673703976103 28.495231662930934 85.55917109740528 -999.0 16600.0 -999.0 2 138 {-999.0 -999.0 -999.0 -999.0 -999.0} "" -999.0 -999.0 -999.0 -999.0 -999 -999 "" ops_sky_apogee_best_unassigned ops_sky sky_apogee 0 0 0.0 0.0 -999 ""
FIBERMAP 875 R+1C7 BOSS 1 1 0 1 0 0 -133.27188918214688 10.389728411269477 143.1 -116.45570982140943 65.54892808253557 341.57047 102.69033 255.70129394531247 18.415011015494883 -999.0 -999.0 -999.0 255.70129394531247 18.415011015494883 255.631446223537 18.38386800604874 28.49550330821647 85.56303018561704 5400.0 5400.0 2015.5 1 21 {-999.0 -999.0 -999.0 -999.0 -999.0} "" -999.0 -999.0 -999.0 -999.0 27021603155087811 813301162 "" ops_sky_boss_good ops_sky sky_boss 0 0 0.0 0.0 -999 ""
FIBERMAP 875 R+1C7 METROLOGY 0 0 0 1 0 0 -133.87742604533494 10.836784823310731 143.1 -116.81643900719045 66.20928253808283 341.57047 102.69033 -999.0 -999.0 -999.0 -999.0 -999.0 255.69948116494152 18.418055646953793 255.62972619263098 18.38685643243351 28.49834537378434 85.56089619006752 -999.0 6231.0 -999.0 -1 -999 {-999.0 -999.0 -999.0 -999.0 -999.0} "" -999.0 -999.0 -999.0 -999.0 -999 -999 "" "" "" "" 0 0 0.0 0.0 -999 ""
FIBERMAP 877 R+13C4 APOGEE 0 0 0 1 0 0 -67.13271660587984 241.3163833969129 143.1 40.76713083015928 247.06416298516643 335.0858 97.406395 -999.0 -999.0 -999.0 -999.0 -999.0 256.4573661784594 19.23436436733347 256.3850046027277 19.20485729684147 28.246863756679048 84.35966541414109 -999.0 16600.0 -999.0 2 114 {-999.0 -999.0 -999.0 -999.0 -999.0} "" -999.0 -999.0 -999.0 -999.0 -999 -999 "" ops_sky_apogee_best_unassigned ops_sky sky_apogee 0 0 0.0 0.0 -999 ""
FIBERMAP 877 R+13C4 BOSS 1 1 0 1 0 0 -67.33484478138456 240.607592440227 143.1 40.28535480657067 246.50666364128872 335.0858 97.406395 256.4554149792172 19.231734306211997 -1.3874115 -1.0114679 0.015847962 256.45541085790666 19.231731469315676 256.38270284658824 19.20239540878091 28.24764898991048 84.36328548025368 5400.0 5400.0 2016.0 1 86 {-999.0 16.03367 14.901126 14.415524 -999.0} sdss_psfmag_from_g3xp 15.625512 14.879599 14.041737 12.151 63050395765471776 1061612409 bright_1x1 manual_mwm_halo_distant_kgiant_near_boss_single mwm_halo science 0 0 0.0 0.0 -999 ""
FIBERMAP 877 R+13C4 METROLOGY 0 0 0 1 0 0 -67.85414151530736 241.12188816412504 143.1 40.03113419933892 247.19165981973723 335.0858 97.406395 -999.0 -999.0 -999.0 -999.0 -999.0 256.45409426880866 19.234844038035718 256.38148004004734 19.20545316932252 28.250089302988997 84.36081708066462 -999.0 6231.0 -999.0 -1 -999 {-999.0 -999.0 -999.0 -999.0 -999.0} "" -999.0 -999.0 -999.0 -999.0 -999 -999 "" "" "" "" 0 0 0.0 0.0 -999 ""
FIBERMAP 880 R-8C1 APOGEE 1 1 0 1 0 0 -201.72961479670326 -143.2866038808319 143.1 -243.245783307714 -44.95052042055734 83.0204 125.22646 255.10004405088085 17.912423583542573 -7.9493403 -9.535308 0.6450774 255.10002061933662 17.91239683955998 255.03239058922418 17.879585467577687 28.76093634258254 86.37500955088139 16000.0 16600.0 2016.0 2 276 {-999.0 13.255517 12.427777 12.105101 -999.0} sdss_psfmag_from_g3xp 13.0077715 12.453614 11.749241 10.273 63050395765421184 1104490942 bright_1x1 mwm_tess_rgb_apogee mwm_tessrgb science 0 0 0.0 0.0 -999 ""
FIBERMAP 880 R-8C1 BOSS 0 0 0 1 0 0 -201.07562360696494 -142.90874800418067 143.1 -242.49370120062758 -44.88337211378867 83.0204 125.22646 -999.0 -999.0 -999.0 -999.0 -999.0 255.10387217608533 17.912523157381564 255.03589431282137 17.879897569366687 28.758143160002042 86.37290156170587 -999.0 5400.0 -999.0 1 418 {-999.0 -999.0 -999.0 -999.0 -999.0} "" -999.0 -999.0 -999.0 -999.0 -999 -999 "" "" "" "" 0 0 0.0 0.0 -999 ""
FIBERMAP 880 R-8C1 METROLOGY 0 0 0 1 0 0 -201.0795730339038 -143.6579965215754 143.1 -242.8128368875181 -45.56101779654148 83.0204 125.22646 -999.0 -999.0 -999.0 -999.0 -999.0 255.10230112839585 17.909505090654743 255.03442983424895 17.87682677289015 28.757923773317827 86.37674016663493 -999.0 6231.0 -999.0 -1 -999 {-999.0 -999.0 -999.0 -999.0 -999.0} "" -999.0 -999.0 -999.0 -999.0 -999 -999 "" "" "" "" 0 0 0.0 0.0 -999 ""
FIBERMAP 885 R+12C10 APOGEE 0 0 0 1 0 0 43.16095702694554 246.34584896515167 143.1 142.88353065708753 205.17265479189442 100.313324 112.41058 -999.0 -999.0 -999.0 -999.0 -999.0 256.94606087131206 19.042147861937153 256.87371766929596 19.014122504711455 27.749325668032583 84.30803551059142 -999.0 16600.0 -999.0 2 -999 {-999.0 -999.0 -999.0 -999.0 -999.0} "" -999.0 -999.0 -999.0 -999.0 -999 -999 "" "" "" "" 0 0 0.0 0.0 -999 ""
FIBERMAP 885 R+12C10 BOSS 1 1 0 1 0 0 43.782430889797915 246.76796426240134 143.1 143.62477118687653 205.293626130391 100.313324 112.41058 256.9500024622013 19.042524437441163 -10.485901 -15.159759 0.57289016 256.9499713494778 19.04248191838171 256.8772616526684 19.014647618485764 27.74660482788005 84.305747874767 5400.0 5400.0 2016.0 1 153 {-999.0 15.735295 15.23102 15.091143 -999.0} sdss_psfmag_ps1 15.591526 15.237594 14.710806 13.783 63050395765452308 1073337164 bright_1x1 mwm_halo_local_high_boss_single mwm_halo science 0 0 0.0 0.0 -999 ""
FIBERMAP 885 R+12C10 METROLOGY 0 0 0 1 0 0 43.833256346475316 246.0223128690641 143.1 143.35681232906714 204.5961727002388 100.313324 112.41058 -999.0 -999.0 -999.0 -999.0 -999.0 256.948588621737 19.039416171490917 256.8759906184971 19.011528255738117 27.74621603911831 84.30949934356931 -999.0 6231.0 -999.0 -1 -999 {-999.0 -999.0 -999.0 -999.0 -999.0} "" -999.0 -999.0 -999.0 -999.0 -999 -999 "" "" "" "" 0 0 0.0 0.0 -999 ""
FIBERMAP 886 R+3C2 APOGEE 0 0 0 1 0 0 -225.5454385759505 64.83068474425308 143.1 -177.1874196974992 153.7701318700416 26.236242 126.10774 -999.0 -999.0 -999.0 -999.0 -999.0 255.41194929744924 18.813649365316564 255.34170128876042 18.781345679603387 28.92394572263762 85.30845809616068 -999.0 16600.0 -999.0 2 -999 {-999.0 -999.0 -999.0 -999.0 -999.0} "" -999.0 -999.0 -999.0 -999.0 -999 -999 "" "" "" "" 0 0 0.0 0.0 -999 ""
FIBERMAP 886 R+3C2 BOSS 1 1 0 1 0 0 -224.90289493581284 64.51974102710723 143.1 -176.73581269577343 153.21759866512244 26.236242 126.10774 255.41440449627254 18.811104960153553 0.5172172 -29.483309 0.9100022 255.41440602878376 18.811022267379986 255.343818406832 18.77889786178203 28.921032717342904 85.30986830633032 5400.0 5400.0 2016.0 1 73 {-999.0 16.772343 16.046776 15.749879 -999.0} sdss_psfmag 16.560719 16.065767 15.402458 14.08 63050395765438516 1072706518 bright_1x1 mwm_halo_local_high_boss_single mwm_halo science 0 0 0.0 0.0 -999 ""
FIBERMAP 886 R+3C2 METROLOGY 0 0 0 1 0 0 -225.50539721320555 64.0856621474271 143.1 -177.46489117014525 153.07779039006292 26.236242 126.10774 -999.0 -999.0 -999.0 -999.0 -999.0 255.4108433355058 18.810411101958774 255.34035804274765 18.778228406853575 28.923621213521706 85.31228668897245 -999.0 6231.0 -999.0 -1 -999 {-999.0 -999.0 -999.0 -999.0 -999.0} "" -999.0 -999.0 -999.0 -999.0 -999 -999 "" "" "" "" 0 0 0.0 0.0 -999 ""
FIBERMAP 891 R+9C3 APOGEE 0 0 0 1 0 0 -130.70805004704377 175.82820817572735 143.1 -44.45481197172399 214.46456649270343 21.115456 100.57903 -999.0 -999.0 -999.0 -999.0 -999.0 256.0479403842002 19.089424267483192 255.97635787142656 19.05881013800152 28.521203242112428 84.71022911997932 -999.0 16600.0 -999.0 2 99 {-999.0 -999.0 -999.0 -999.0 -999.0} "" -999.0 -999.0 -999.0 -999.0 -999 -999 "" ops_sky_apogee_best_unassigned ops_sky sky_apogee 0 0 0.0 0.0 -999 ""
FIBERMAP 891 R+9C3 BOSS 1 1 0 1 0 0 -130.30376513026565 175.18846188648257 143.1 -44.3577022654928 213.7142686745052 21.115456 100.57903 256.04873657226557 19.08592011862767 -999.0 -999.0 -999.0 256.04873657226557 19.085920118627673 255.97681156575268 19.055483439576193 28.51927995537246 84.71335669533755 5400.0 5400.0 2015.5 1 58 {-999.0 -999.0 -999.0 -999.0 -999.0} "" -999.0 -999.0 -999.0 -999.0 27021603155091302 821093274 "" ops_sky_boss_good ops_sky sky_boss 0 0 0.0 0.0 -999 ""
FIBERMAP 891 R+9C3 METROLOGY 0 0 0 1 0 0 -131.04927865870408 175.15644137627947 143.1 -45.047110773054044 213.9992190454401 21.115456 100.57903 -999.0 -999.0 -999.0 -999.0 -999.0 256.0453345444059 19.08724083070816 255.9735088095889 19.056744674464184 28.522630479765148 84.71373353650569 -999.0 6231.0 -999.0 -1 -999 {-999.0 -999.0 -999.0 -999.0 -999.0} "" -999.0 -999.0 -999.0 -999.0 -999 -999 "" "" "" "" 0 0 0.0 0.0 -999 ""
FIBERMAP 894 R+13C9 APOGEE 0 0 0 1 0 0 37.184730118008254 267.4670011994948 143.1 146.3605861533515 226.83918719833403 96.5822 94.756874 -999.0 -999.0 -999.0 -999.0 -999.0 256.96257342306666 19.13898267090522 256.8899618687868 19.110963772220813 27.780786214908368 84.20308559478423 -999.0 16600.0 -999.0 2 56 {-999.0 -999.0 -999.0 -999.0 -999.0} "" -999.0 -999.0 -999.0 -999.0 -999 -999 "" ops_sky_apogee_best_unassigned ops_sky sky_apogee 0 0 0.0 0.0 -999 ""
FIBERMAP 894 R+13C9 BOSS 1 1 0 1 0 0 37.91333166956402 267.6271318247479 143.1 147.08861645101712 226.67751103286463 96.5822 94.756874 256.9664546502786 19.138113456322387 -15.8793335 -28.259916 0.8105563 256.96640750749566 19.138034194830627 256.89343305063284 19.110206158949126 27.777530160338372 84.20212042510352 5400.0 5400.0 2016.0 1 165 {-999.0 16.26522 15.720291 15.541372 -999.0} sdss_psfmag 16.120996 15.742518 15.190409 14.186 63050395765470525 1072759838 bright_1x1 mwm_halo_local_high_boss_single mwm_halo science 0 0 0.0 0.0 -999 ""
FIBERMAP 894 R+13C9 METROLOGY 0 0 0 1 0 0 37.69789285769087 266.9085267689393 143.1 146.5906389635464 226.11671963133065 96.5822 94.756874 -999.0 -999.0 -999.0 -999.0 -999.0 256.9639337930805 19.13560873347898 256.89107037929386 19.10772382799965 27.77835265377869 84.20577746147018 -999.0 6231.0 -999.0 -1 -999 {-999.0 -999.0 -999.0 -999.0 -999.0} "" -999.0 -999.0 -999.0 -999.0 -999 -999 "" "" "" "" 0 0 0.0 0.0 -999 ""
FIBERMAP 895 R+11C14 APOGEE 0 0 0 1 0 0 108.14448431250855 213.15043774874707 143.1 187.82045172215498 147.7073230246003 194.28737 103.23816 -999.0 -999.0 -999.0 -999.0 -999.0 257.15990607425454 18.780798170233783 257.0880273729889 18.753500504973537 27.448366768211507 84.46136966679012 -999.0 16600.0 -999.0 2 96 {-999.0 -999.0 -999.0 -999.0 -999.0} "" -999.0 -999.0 -999.0 -999.0 -999 -999 "" ops_sky_apogee_best_unassigned ops_sky sky_apogee 0 0 0.0 0.0 -999 ""
FIBERMAP 895 R+11C14 BOSS 1 1 0 1 0 0 107.79737400667912 213.81504496470538 143.1 187.78565007033683 148.45608132961192 194.28737 103.23816 257.16012922324006 18.784010686206283 2.0352786 0.02541165 -1.9691945 257.1601352527895 18.784010757479052 257.087882617686 18.756895489094916 27.450075823785753 84.45806047722908 5400.0 5400.0 2016.0 1 88 {-999.0 21.168789 20.872229 20.59819 20.371918} sdss_psfmag_from_gaiadr2 21.267792 20.932373 20.34772 -999.0 63050395765450172 1056793229 dark_flexible_2x2 bhm_gua_dark bhm_filler science 0 0 0.0 0.0 -999 ""
FIBERMAP 895 R+11C14 METROLOGY 0 0 0 1 0 0 108.54356188447825 213.78825530153483 143.1 188.45090137538034 148.11752648004415 194.28737 103.23816 -999.0 -999.0 -999.0 -999.0 -999.0 257.163184840728 18.7824900305352 257.0910365431689 18.755332352603457 27.446705002931857 84.45804341523393 -999.0 6231.0 -999.0 -1 -999 {-999.0 -999.0 -999.0 -999.0 -999.0} "" -999.0 -999.0 -999.0 -999.0 -999 -999 "" "" "" "" 0 0 0.0 0.0 -999 ""
FIBERMAP 896 R-8C17 APOGEE 0 0 0 1 0 0 163.03353838697274 -143.5884093580009 143.1 87.34101417605936 -198.84849357847963 63.610294 114.94161 -999.0 -999.0 -999.0 -999.0 -999.0 256.67152528669516 17.21246845373026 256.6041245338339 17.184445367590104 27.1118913160024 86.26182077892395 -999.0 16600.0 -999.0 2 230 {-999.0 -999.0 -999.0 -999.0 -999.0} "" -999.0 -999.0 -999.0 -999.0 -999 -999 "" ops_sky_apogee_best_unassigned ops_sky sky_apogee 0 0 0.0 0.0 -999 ""
FIBERMAP 896 R-8C17 BOSS 1 1 0 1 0 0 163.7665265620148 -143.57379866727914 143.1 88.01173417158088 -199.14395342721716 63.610294 114.94161 256.67507988343993 17.210993421764307 -1.1144342 -31.320742 4.445616 256.6750766112279 17.210905575484354 256.60731219016293 17.183082894030772 27.108565226737554 86.26152943037863 5400.0 5400.0 2016.0 1 275 {-999.0 19.333149 17.763792 16.59856 -999.0} sdss_psfmag 18.722197 17.300642 16.145596 13.958 63050395763846261 1077978175 bright_flexible_2x1 mwm_snc_ext_main_boss mwm_snc science 0 0 0.0 0.0 -999 ""
FIBERMAP 896 R-8C17 METROLOGY 0 0 0 1 0 0 163.4183334433662 -144.23348005620738 143.1 87.41821088775268 -199.59541040591276 63.610294 114.94161 -999.0 -999.0 -999.0 -999.0 -999.0 256.6721379202009 17.208940365231346 256.6044836981322 17.18105671973584 27.10996976410219 86.2649800763005 -999.0 6231.0 -999.0 -1 -999 {-999.0 -999.0 -999.0 -999.0 -999.0} "" -999.0 -999.0 -999.0 -999.0 -999 -999 "" "" "" "" 0 0 0.0 0.0 -999 ""
FIBERMAP 897 R-6C3 APOGEE 1 1 0 1 0 0 -190.0687620211835 -126.16333942355114 143.1 -225.4617601151679 -34.33675410734954 231.22015 107.55633 255.1834872928053 17.960566596822478 -6.0062203 -3.53407 1.0332913 255.1834695840008 17.960556684703143 255.115636444867 17.927960922792753 28.713889485757164 86.28375970168892 16000.0 16600.0 2016.0 2 298 {-999.0 11.491205 10.662025 10.339571 -999.0} sdss_psfmag_from_g3xp 11.241743 10.690214 9.986933 8.576 63050395765421698 1107612204 bright_1x1 mwm_tess_rgb_apogee mwm_tessrgb science 0 0 0.0 0.0 -999 ""
FIBERMAP 897 R-6C3 BOSS 0 0 0 1 0 0 -190.76194538547372 -125.90041690123054 143.1 -225.97950451358471 -33.80643198010673 231.22015 107.55633 -999.0 -999.0 -999.0 -999.0 -999.0 255.1813215626322 17.96277588673377 255.11314019631948 17.93034830666393 28.717109366254093 86.28263534157333 -999.0 5400.0 -999.0 1 445 {-999.0 -999.0 -999.0 -999.0 -999.0} "" -999.0 -999.0 -999.0 -999.0 -999 -999 "" "" "" "" 0 0 0.0 0.0 -999 ""
FIBERMAP 897 R-6C3 METROLOGY 0 0 0 1 0 0 -190.18755706971223 -125.42826257890165 143.1 -225.25987974443777 -33.620261930199895 231.22015 107.55633 -999.0 -999.0 -999.0 -999.0 -999.0 255.18462118361458 17.963674581598973 255.11653188607295 17.93120635170298 28.714667797974187 86.28003815771791 -999.0 6231.0 -999.0 -1 -999 {-999.0 -999.0 -999.0 -999.0 -999.0} "" -999.0 -999.0 -999.0 -999.0 -999 -999 "" "" "" "" 0 0 0.0 0.0 -999 ""
FIBERMAP 898 R+4C19 APOGEE 1 1 0 1 0 0 138.12512916371924 71.30066980084318 143.1 155.26080113890808 6.471983825681939 246.72002 60.233524 257.00214990773213 18.14204912958356 -2.1295123 -12.273829 3.5745342 257.00214362257117 18.142014704783744 256.93206356037234 18.114537464153937 27.278753421960666 85.17475201650211 16000.0 16600.0 2016.0 2 90 {-999.0 18.785967 17.352512 15.867486 -999.0} sdss_psfmag 18.156097 16.542036 15.3124 12.917 63050395765410852 1034942224 bright_1x1 mwm_yso_pms_apogee_sagitta_edr3_single mwm_yso science 0 0 0.0 0.0 -999 ""
FIBERMAP 898 R+4C19 BOSS 0 0 0 1 0 0 137.70718115392728 71.89844096750392 143.1 155.1336254151108 7.189979112736037 246.72002 60.233524 -999.0 -999.0 -999.0 -999.0 -999.0 257.00198643590613 18.14509802998802 256.93153188374515 18.11780552141979 27.280741346560234 85.1717786628459 -999.0 5400.0 -999.0 1 208 {-999.0 -999.0 -999.0 -999.0 -999.0} "" -999.0 -999.0 -999.0 -999.0 -999 -999 "" "" "" "" 0 0 0.0 0.0 -999 ""
FIBERMAP 898 R+4C19 METROLOGY 0 0 0 1 0 0 138.44605561274238 71.97774953895981 143.1 155.8369305142234 6.950698766334941 246.72002 60.233524 -999.0 -999.0 -999.0 -999.0 -999.0 257.0052148118934 18.144039431946624 256.93486336949036 18.116703981477226 27.277429990819655 85.17118983962138 -999.0 6231.0 -999.0 -1 -999 {-999.0 -999.0 -999.0 -999.0 -999.0} "" -999.0 -999.0 -999.0 -999.0 -999 -999 "" "" "" "" 0 0 0.0 0.0 -999 ""
FIBERMAP 899 R+4C21 APOGEE 1 1 0 1 0 0 198.19921362513645 97.15372579393035 143.1 220.61552133547556 4.610840687820722 150.06895 56.6138 257.3122167780501 18.13121960768502 15.297794 -18.060015 4.2430434 257.31226192601076 18.131168954182264 257.24189866054775 18.104593782677277 27.01447472835911 85.02832054366635 16000.0 16600.0 2016.0 2 33 {-999.0 11.8961115 11.438839 11.293962 -999.0} sdss_psfmag_from_g3xp 11.805027 11.469636 10.9614725 10.117 63050395763862103 1093988679 bright_1x1 mwm_bin_vis_apogee mwm_filler science 0 0 0.0 0.0 -999 ""
FIBERMAP 899 R+4C21 BOSS 0 0 0 1 0 0 198.86518986825791 97.48670093306592 143.1 221.3595676806334 4.632250054679457 150.06895 56.6138 -999.0 -999.0 -999.0 -999.0 -999.0 257.31619192103847 18.13104643385737 257.2454539889179 18.10467165232232 27.011533093980425 85.02645136876299 -999.0 5400.0 -999.0 1 193 {-999.0 -999.0 -999.0 -999.0 -999.0} "" -999.0 -999.0 -999.0 -999.0 -999 -999 "" "" "" "" 0 0 0.0 0.0 -999 ""
FIBERMAP 899 R+4C21 METROLOGY 0 0 0 1 0 0 198.81482749944254 96.73760876817416 143.1 220.9984173723812 3.974293491978347 150.06895 56.6138 -999.0 -999.0 -999.0 -999.0 -999.0 257.31434712261034 18.128130610574676 257.24372331047175 18.101698354740353 27.01157811611244 85.0302651141941 -999.0 6231.0 -999.0 -1 -999 {-999.0 -999.0 -999.0 -999.0 -999.0} "" -999.0 -999.0 -999.0 -999.0 -999 -999 "" "" "" "" 0 0 0.0 0.0 -999 ""
FIBERMAP 901 R+8C13 APOGEE 0 0 0 1 0 0 68.70060916179492 143.3619672966433 143.1 122.66626729642712 101.04559677832978 269.7113 126.54176 -999.0 -999.0 -999.0 -999.0 -999.0 256.84861768703547 18.57295904730266 256.77758509209843 18.544853408821073 27.610574718389984 84.82458535232576 -999.0 16600.0 -999.0 2 -999 {-999.0 -999.0 -999.0 -999.0 -999.0} "" -999.0 -999.0 -999.0 -999.0 -999 -999 "" "" "" "" 0 0 0.0 0.0 -999 ""
FIBERMAP 901 R+8C13 BOSS 1 1 0 1 0 0 68.09755452883009 142.91975736759525 143.1 121.93326353862217 100.89864908741365 269.7113 126.54176 256.8454958646245 18.57217726669817 7.259075 -1.2849762 -2.778673 256.84551734290335 18.572173662683227 256.77412764393216 18.544241718732966 27.61318350013284 84.82692925360138 5400.0 5400.0 2016.0 1 151 {-999.0 13.94977 13.747527 13.450736 -999.0} sdss_psfmag_from_g3xp 13.869421 13.996634 13.10618 12.267 63050395765417770 1068606540 bright_1x1 mwm_ob_core_boss_single mwm_ob science 0 0 0.0 0.0 -999 ""
FIBERMAP 901 R+8C13 METROLOGY 0 0 0 1 0 0 68.01480191403024 143.65578764894252 143.1 122.16822347080095 101.60082600197268 269.7113 126.54176 -999.0 -999.0 -999.0 -999.0 -999.0 256.84654108548744 18.57539590216994 256.77524464803275 18.54741386333477 27.613734967943095 84.82320675365554 -999.0 6231.0 -999.0 -1 -999 {-999.0 -999.0 -999.0 -999.0 -999.0} "" -999.0 -999.0 -999.0 -999.0 -999 -999 "" "" "" "" 0 0 0.0 0.0 -999 ""
FIBERMAP 903 R+10C13 APOGEE 0 0 0 1 0 0 75.64430000356828 201.23414075889397 143.1 153.33534525103275 150.59120597568423 169.85944 98.08046 -999.0 -999.0 -999.0 -999.0 -999.0 256.9957399990788 18.795831122890633 256.9239860517479 18.7680536540686 27.59247416632296 84.52875153866648 -999.0 16600.0 -999.0 2 -999 {-999.0 -999.0 -999.0 -999.0 -999.0} "" -999.0 -999.0 -999.0 -999.0 -999 -999 "" "" "" "" 0 0 0.0 0.0 -999 ""
FIBERMAP 903 R+10C13 BOSS 1 1 0 1 0 0 75.65545475042052 201.9685060881884 143.1 153.65474543707808 151.25232315290918 169.85944 98.08046 256.9976437782628 18.79866918800526 6.9482894 -8.339372 1.0016783 256.99766436448436 18.798645798303237 256.925538154594 18.771054449488116 27.592577527964956 84.52498326762952 5400.0 5400.0 2016.0 1 98 {-999.0 16.57241 15.86651 15.625261 -999.0} sdss_psfmag 16.365335 15.902365 15.2757225 14.109 63050395765449989 1094801244 bright_1x1 mwm_bin_vis_boss mwm_filler science 0 0 0.0 0.0 -999 ""
FIBERMAP 903 R+10C13 METROLOGY 0 0 0 1 0 0 76.29823345448557 201.59335242669334 143.1 154.07952277870407 150.64147475665635 169.85944 98.08046 -999.0 -999.0 -999.0 -999.0 -999.0 256.99957683874766 18.79591070374975 256.9275584219989 18.768274624526917 27.58958719363158 84.52674739077918 -999.0 6231.0 -999.0 -1 -999 {-999.0 -999.0 -999.0 -999.0 -999.0} "" -999.0 -999.0 -999.0 -999.0 -999 -999 "" "" "" "" 0 0 0.0 0.0 -999 ""
FIBERMAP 904 R+7C9 APOGEE 0 0 0 1 0 0 -54.178529760960274 140.28157647924886 143.1 9.960083291838583 150.00475942611487 226.75229 42.699665 -999.0 -999.0 -999.0 -999.0 -999.0 256.30849433041914 18.798166781498118 256.23741343971415 18.768416957608938 28.167501132499524 84.87176675352742 -999.0 16600.0 -999.0 2 23 {-999.0 -999.0 -999.0 -999.0 -999.0} "" -999.0 -999.0 -999.0 -999.0 -999 -999 "" ops_sky_apogee_best_unassigned ops_sky sky_apogee 0 0 0.0 0.0 -999 ""
FIBERMAP 904 R+7C9 BOSS 1 1 0 1 0 0 -54.18671058017809 141.01685199653863 143.1 10.262336149531993 150.67484523237036 226.75229 42.699665 256.3103352123527 18.80108133107432 -7.300021 -2.5476704 0.315967 256.31031358371683 18.801074185541005 256.2388685823228 18.771505512606257 28.167723107833226 84.86793881609205 5400.0 5400.0 2016.0 1 131 {-999.0 17.043825 16.658098 16.505045 -999.0} sdss_psfmag 16.977926 16.663748 16.174622 15.51 63050395765434720 976253443 "" ops_std_boss ops_std standard_boss 0 0 0.0 0.0 -999 ""
FIBERMAP 904 R+7C9 METROLOGY 0 0 0 1 0 0 -53.52915175302942 140.66365809340377 143.1 10.709762559620218 150.07768191031863 226.75229 42.699665 -999.0 -999.0 -999.0 -999.0 -999.0 256.3123556850728 18.79840328813641 256.2410159955775 18.76879141237832 28.16465860363521 84.86958628010956 -999.0 6231.0 -999.0 -1 -999 {-999.0 -999.0 -999.0 -999.0 -999.0} "" -999.0 -999.0 -999.0 -999.0 -999 -999 "" "" "" "" 0 0 0.0 0.0 -999 ""
FIBERMAP 905 R-1C5 APOGEE 0 0 0 1 0 0 -205.3343406326474 -8.891255100090195 143.1 -189.91182226451002 78.41770917960767 179.97801 75.03288 -999.0 -999.0 -999.0 -999.0 -999.0 255.3506885532996 18.472506994393466 255.28138143944227 18.440170951182978 28.81536440893079 85.6835189038685 -999.0 16600.0 -999.0 2 266 {-999.0 -999.0 -999.0 -999.0 -999.0} "" -999.0 -999.0 -999.0 -999.0 -999 -999 "" ops_sky_apogee_best_unassigned ops_sky sky_apogee 0 0 0.0 0.0 -999 ""
FIBERMAP 905 R-1C5 BOSS 1 1 0 1 0 0 -205.1588087969371 -8.172413135135917 143.1 -189.44992681234186 78.99552267334585 179.97801 75.03288 255.3533012164189 18.475007836224382 -40.333908 -9.50876 3.977025 255.35318194355386 18.474981166664307 255.28352244563578 18.442823733413537 28.814809974651148 85.67975865384066 5400.0 5400.0 2016.0 1 485 {-999.0 20.504284 19.150238 17.765593 -999.0} sdss_psfmag_ps1 19.3706 18.342642 16.91923 12.348 63050395765429275 1094479967 bright_1x1 mwm_bin_vis_boss mwm_filler science 0 0 0.0 0.0 -999 ""
FIBERMAP 905 R-1C5 METROLOGY 0 0 0 1 0 0 -204.61575906910252 -8.67612614820785 143.1 -189.16971342790526 78.3101174942214 179.97801 75.03288 -999.0 -999.0 -999.0 -999.0 -999.0 255.3544234724245 18.471926173458428 255.28486722749471 18.4397249357738 28.812232981108473 85.68220362827094 -999.0 6231.0 -999.0 -1 -999 {-999.0 -999.0 -999.0 -999.0 -999.0} "" -999.0 -999.0 -999.0 -999.0 -999 -999 "" "" "" "" 0 0 0.0 0.0 -999 ""
FIBERMAP 906 R+11C11 APOGEE 1 1 0 1 0 0 50.043569321751704 226.8875839438559 143.1 140.9285976602518 184.63205044555494 124.8304 103.91491 256.93668983081596 18.949987434158977 7.3625093 -9.110411 2.6776214 256.9367116639818 18.94996188189918 256.8646178990316 18.92194847934319 27.713999366798355 84.40470944274641 16000.0 16600.0 2016.0 2 1 {-999.0 10.991275 10.657173 10.564655 -999.0} sdss_psfmag_from_g3xp 10.945338 10.67322 10.238836 9.558 63050395765452025 975093926 "" ops_std_apogee ops_std standard_apogee 0 0 0.0 0.0 -999 ""
FIBERMAP 906 R+11C11 BOSS 0 0 0 1 0 0 50.523863609073565 227.45211831631605 143.1 141.60181867580087 184.94160603999276 124.8304 103.91491 -999.0 -999.0 -999.0 -999.0 -999.0 256.9403109824902 18.9511619692913 256.86784761084436 18.923339243909275 27.711944804442616 84.40171074029337 -999.0 5400.0 -999.0 1 108 {-999.0 -999.0 -999.0 -999.0 -999.0} "" -999.0 -999.0 -999.0 -999.0 -999 -999 "" "" "" "" 0 0 0.0 0.0 -999 ""
FIBERMAP 906 R+11C11 METROLOGY 0 0 0 1 0 0 50.78180889590217 226.75679019905863 143.1 141.54284004953368 184.20254742063216 124.8304 103.91491 -999.0 -999.0 -999.0 -999.0 -999.0 256.93992026132344 18.94788555266258 256.8675684085474 18.920011948355913 27.710627273795005 84.40517477724705 -999.0 6231.0 -999.0 -1 -999 {-999.0 -999.0 -999.0 -999.0 -999.0} "" -999.0 -999.0 -999.0 -999.0 -999 -999 "" "" "" "" 0 0 0.0 0.0 -999 ""
FIBERMAP 907 R-6C6 APOGEE 0 0 0 1 0 0 -125.99850743761525 -103.99104229563163 143.1 -158.03409238066877 -41.21810590618849 180.8759 66.95187 -999.0 -999.0 -999.0 -999.0 -999.0 255.50304700663443 17.929464987961474 255.43498365956304 17.89778755408799 28.43171049846206 86.15086717781821 -999.0 16600.0 -999.0 2 -999 {-999.0 -999.0 -999.0 -999.0 -999.0} "" -999.0 -999.0 -999.0 -999.0 -999 -999 "" "" "" "" 0 0 0.0 0.0 -999 ""
FIBERMAP 907 R-6C6 BOSS 1 1 0 1 0 0 -125.7095822868517 -103.29069711232721 143.1 -157.47717858574947 -40.70481953341639 180.8759 66.95187 255.50597542775472 17.931610636123114 1.1740726 -2.2026284 1.0389583 255.50597888883655 17.931604458341248 255.43755938740898 17.9001116744107 28.430646312569287 86.14722183173228 5400.0 5400.0 2016.0 1 465 {-999.0 21.182589 20.957445 20.759865 20.603771} sdss_psfmag_from_gaiadr2 20.87565 20.976845 20.12948 -999.0 63050395765420469 1056793102 dark_flexible_2x2 bhm_gua_dark bhm_filler science 0 0 0.0 0.0 -999 ""
FIBERMAP 907 R-6C6 METROLOGY 0 0 0 1 0 0 -125.260977919944 -103.87829394275923 143.1 -157.3179231159419 -41.42650150905009 180.8759 66.95187 -999.0 -999.0 -999.0 -999.0 -999.0 255.5066585837585 17.928377612350122 255.43834496138697 17.896837994241938 28.42844231481027 86.15010269634683 -999.0 6231.0 -999.0 -1 -999 {-999.0 -999.0 -999.0 -999.0 -999.0} "" -999.0 -999.0 -999.0 -999.0 -999 -999 "" "" "" "" 0 0 0.0 0.0 -999 ""
FIBERMAP 908 R+6C18 APOGEE 0 0 0 1 0 0 144.14741124758885 122.77939067107009 143.1 182.40180172675377 50.60900706027093 159.63847 110.304794 -999.0 -999.0 -999.0 -999.0 -999.0 257.13255682179187 18.341516072042726 257.06183545604597 18.314329225385286 27.264217942049314 84.91114115581263 -999.0 16600.0 -999.0 2 -999 {-999.0 -999.0 -999.0 -999.0 -999.0} "" -999.0 -999.0 -999.0 -999.0 -999 -999 "" "" "" "" 0 0 0.0 0.0 -999 ""
FIBERMAP 908 R+6C18 BOSS 1 1 0 1 0 0 144.1307925004422 123.52724579562975 143.1 182.7017023560627 51.294051949218385 159.63847 110.304794 257.13447983986765 18.344439370635893 -20.321531 -0.036574792 0.2570366 257.1344197918836 18.34443926804401 257.0633224720158 18.317442277186213 27.26443803622559 84.90730378066614 5400.0 5400.0 2016.0 1 203 {-999.0 16.916471 16.578703 16.396843 -999.0} sdss_psfmag 16.865646 16.555237 16.073257 15.05 63050395765412710 976253521 "" ops_std_boss ops_std standard_boss 0 0 0.0 0.0 -999 ""
FIBERMAP 908 R+6C18 METROLOGY 0 0 0 1 0 0 144.78576737529315 123.16560749454385 143.1 183.14322955730216 50.690320743742596 159.63847 110.304794 -999.0 -999.0 -999.0 -999.0 -999.0 257.13638959376004 18.341729761235705 257.06540099499 18.3146870527286 27.261400023438092 84.90899334444606 -999.0 6231.0 -999.0 -1 -999 {-999.0 -999.0 -999.0 -999.0 -999.0} "" -999.0 -999.0 -999.0 -999.0 -999 -999 "" "" "" "" 0 0 0.0 0.0 -999 ""
FIBERMAP 910 R+11C8 APOGEE 0 0 0 1 0 0 7.9882576020501865 216.53605777758705 143.1 98.43932025787245 192.95889438979498 57.339806 57.483253 -999.0 -999.0 -999.0 -999.0 -999.0 256.7335592200977 18.98955218926306 256.6615631884914 18.960938658039527 27.902105630324115 84.46687059641823 -999.0 16600.0 -999.0 2 15 {-999.0 -999.0 -999.0 -999.0 -999.0} "" -999.0 -999.0 -999.0 -999.0 -999 -999 "" ops_sky_apogee_best_unassigned ops_sky sky_apogee 0 0 0.0 0.0 -999 ""
FIBERMAP 910 R+11C8 BOSS 1 1 0 1 0 0 8.317833377104312 215.86280871314378 143.1 98.45458454310422 192.20968579601046 57.339806 57.483253 256.73400878906244 18.98603737903852 -999.0 -999.0 -999.0 256.73400878906244 18.986037379038518 256.66166202797484 18.95760552035715 27.900470941268843 84.47015912705416 5400.0 5400.0 2015.5 1 111 {-999.0 -999.0 -999.0 -999.0 -999.0} "" -999.0 -999.0 -999.0 -999.0 27021603155096886 821093643 "" ops_sky_boss_good ops_sky sky_boss 0 0 0.0 0.0 -999 ""
FIBERMAP 910 R+11C8 METROLOGY 0 0 0 1 0 0 7.576060703543771 215.90837739193213 143.1 97.80124530561751 192.5634071960605 57.339806 57.483253 -999.0 -999.0 -999.0 -999.0 -999.0 256.7307754226304 18.987701572607186 256.65852935583325 18.95920901739334 27.903839475037813 84.47011441227193 -999.0 6231.0 -999.0 -1 -999 {-999.0 -999.0 -999.0 -999.0 -999.0} "" -999.0 -999.0 -999.0 -999.0 -999 -999 "" "" "" "" 0 0 0.0 0.0 -999 ""
FIBERMAP 912 R+3C20 APOGEE 0 0 0 1 0 0 176.83840921407634 51.369454454284934 143.1 181.9660760207916 -27.9032870254299 305.22894 133.27437 -999.0 -999.0 -999.0 -999.0 -999.0 257.1279603777983 17.984948134635477 257.0581533341532 17.957903738308012 27.099066083984177 85.26623027646264 -999.0 16600.0 -999.0 2 62 {-999.0 -999.0 -999.0 -999.0 -999.0} "" -999.0 -999.0 -999.0 -999.0 -999 -999 "" ops_sky_apogee_best_unassigned ops_sky sky_apogee 0 0 0.0 0.0 -999 ""
FIBERMAP 912 R+3C20 BOSS 1 1 0 1 0 0 176.69725016036512 50.637192576372215 143.1 181.5296928268031 -28.507744240456315 305.22894 133.27437 257.12630806212013 17.98209047233188 -6.2765303 -25.786055 0.16237663 257.1262895540824 17.982018149363793 257.056123751481 17.955158262453995 27.099467658867155 85.26997353709473 5400.0 5400.0 2016.0 1 216 {-999.0 18.102308 17.732431 17.557184 -999.0} sdss_psfmag 18.048077 17.711342 17.248898 16.793 63050395763861332 976253452 "" ops_std_boss ops_std standard_boss 0 0 0.0 0.0 -999 ""
FIBERMAP 912 R+3C20 METROLOGY 0 0 0 1 0 0 176.13281806190787 51.13028609814083 143.1 181.22562050928852 -27.82296182400796 305.22894 133.27437 -999.0 -999.0 -999.0 -999.0 -999.0 257.12475845056883 17.985192755365354 257.054690295633 17.958273744676283 27.102143262740988 85.26761542744055 -999.0 6231.0 -999.0 -1 -999 {-999.0 -999.0 -999.0 -999.0 -999.0} "" -999.0 -999.0 -999.0 -999.0 -999 -999 "" "" "" "" 0 0 0.0 0.0 -999 ""
FIBERMAP 914 R+3C11 APOGEE 0 0 0 1 0 0 -15.41806780111985 52.93285404226528 143.1 8.314450928836079 54.48527697350667 27.239992 64.79897 -999.0 -999.0 -999.0 -999.0 -999.0 256.29943857168917 18.364258774852143 256.2294853059369 18.33466645759253 27.971139504371713 85.31016275304319 -999.0 16600.0 -999.0 2 124 {-999.0 -999.0 -999.0 -999.0 -999.0} "" -999.0 -999.0 -999.0 -999.0 -999 -999 "" ops_sky_apogee_best_unassigned ops_sky sky_apogee 0 0 0.0 0.0 -999 ""
FIBERMAP 914 R+3C11 BOSS 1 1 0 1 0 0 -15.368474280559397 52.192290233465165 143.1 8.047517828173632 53.79295506585969 27.239992 64.79897 256.29853900968146 18.361092624721934 -10.364111 -47.521137 2.9156651 256.2985083818961 18.36095934067499 256.228209021833 18.331545339984547 27.970743512327857 85.31392700030487 5400.0 5400.0 2016.0 1 14 {-999.0 16.70776 15.334748 14.762476 -999.0} sdss_psfmag 16.149622 15.301152 14.383044 12.341 63050395765415945 1094425167 bright_1x1 mwm_bin_vis_boss mwm_filler science 0 0 0.0 0.0 -999 ""
FIBERMAP 914 R+3C11 METROLOGY 0 0 0 1 0 0 -16.03467883065677 52.51790445256865 143.1 7.580637228408782 54.36875441105621 27.239992 64.79897 -999.0 -999.0 -999.0 -999.0 -999.0 256.2961720719076 18.36363390115351 256.2259683290122 18.334161397174892 27.973849798716152 85.31244271759084 -999.0 6231.0 -999.0 -1 -999 {-999.0 -999.0 -999.0 -999.0 -999.0} "" -999.0 -999.0 -999.0 -999.0 -999 -999 "" "" "" "" 0 0 0.0 0.0 -999 ""
FIBERMAP 916 R-13C3 APOGEE 0 0 0 1 0 0 -90.09231177698025 -271.0718737543961 143.1 -195.84768215244284 -207.82490143075023 8.703575 30.109552 -999.0 -999.0 -999.0 -999.0 -999.0 255.3297833706297 17.17740738920075 255.26379048936815 17.145557927535947 28.218417677698675 86.99106481036756 -999.0 16600.0 -999.0 2 198 {-999.0 -999.0 -999.0 -999.0 -999.0} "" -999.0 -999.0 -999.0 -999.0 -999 -999 "" ops_sky_apogee_best_unassigned ops_sky sky_apogee 0 0 0.0 0.0 -999 ""
FIBERMAP 916 R-13C3 BOSS 1 1 0 1 0 0 -90.6860072848842 -271.5184829998738 143.1 -196.57405324818896 -207.97977948554225 8.703575 30.109552 255.3267511616788 17.17656905331372 -2.4448671 -0.7124048 0.06630606 255.32674398436856 17.17656705520923 255.26040762692642 17.144890233597618 28.220939765609664 86.99348152560027 5400.0 5400.0 2016.0 1 342 {-999.0 16.501287 16.5602 16.658287 -999.0} sdss_psfmag 16.590616 16.488005 16.30817 16.209 63050395765286675 1061105268 bright_1x1 manual_mwm_halo_distant_bhb_boss_single mwm_halo science 0 0 0.0 0.0 -999 ""
FIBERMAP 916 R-13C3 METROLOGY 0 0 0 1 0 0 -90.7799476345844 -270.7721492253608 143.1 -196.34489727991595 -207.26354902193063 8.703575 30.109552 -999.0 -999.0 -999.0 -999.0 -999.0 255.32767943858047 17.179814920905503 255.26143271103138 17.148088094282286 28.221605012500355 86.98976162462634 -999.0 6231.0 -999.0 -1 -999 {-999.0 -999.0 -999.0 -999.0 -999.0} "" -999.0 -999.0 -999.0 -999.0 -999 -999 "" "" "" "" 0 0 0.0 0.0 -999 ""
FIBERMAP 918 R-4C10 APOGEE 0 0 0 1 0 0 -53.894465583343106 -95.2388996792032 143.1 -88.97461840084321 -63.65041712037069 290.4659 59.696884 -999.0 -999.0 -999.0 -999.0 -999.0 255.83251024494984 17.82714479434602 255.76438655561253 17.796447791250046 28.10748086924336 86.08408682722899 -999.0 16600.0 -999.0 2 -999 {-999.0 -999.0 -999.0 -999.0 -999.0} "" -999.0 -999.0 -999.0 -999.0 -999 -999 "" "" "" "" 0 0 0.0 0.0 -999 ""
FIBERMAP 918 R-4C10 BOSS 1 1 0 1 0 0 -54.60878236903144 -95.13070009850054 143.1 -89.57668690348582 -63.2514745475207 290.4659 59.696884 255.82994442083762 17.828773149390013 -1.3031368 -6.8961782 1.8257672 255.82994058150777 17.828753807459595 255.76146342833576 17.798228715591513 28.11077550719704 86.08380028213662 5400.0 5400.0 2016.0 1 408 {-999.0 16.14099 15.169397 14.917711 -999.0} sdss_psfmag_ps1 15.765893 15.177368 14.451075 13.069 63050395765405242 1095073686 bright_1x1 mwm_bin_vis_boss mwm_filler science 0 0 0.0 0.0 -999 ""
FIBERMAP 918 R-4C10 METROLOGY 0 0 0 1 0 0 -54.16268702971744 -94.54268187117422 143.1 -88.92458199003985 -62.90622393266646 290.4659 59.696884 -999.0 -999.0 -999.0 -999.0 -999.0 255.83296277914218 17.830375729156376 255.76457786106823 17.799807723143516 28.108909479878633 86.08063293571786 -999.0 6231.0 -999.0 -1 -999 {-999.0 -999.0 -999.0 -999.0 -999.0} "" -999.0 -999.0 -999.0 -999.0 -999 -999 "" "" "" "" 0 0 0.0 0.0 -999 ""
FIBERMAP 919 R-12C2 APOGEE 0 0 0 1 0 0 -138.87898101923335 -251.87020712462024 143.1 -231.99329195014877 -169.86855105066365 303.18674 61.260242 -999.0 -999.0 -999.0 -999.0 -999.0 255.15829120103913 17.348633541334248 255.09203349227857 17.31622467101534 28.44397134420842 86.90942080662876 -999.0 16600.0 -999.0 2 204 {-999.0 -999.0 -999.0 -999.0 -999.0} "" -999.0 -999.0 -999.0 -999.0 -999 -999 "" ops_sky_apogee_best_unassigned ops_sky sky_apogee 0 0 0.0 0.0 -999 ""
FIBERMAP 919 R-12C2 BOSS 1 1 0 1 0 0 -139.6196245928591 -251.9352904162188 143.1 -232.69220987817127 -169.61562821618824 303.18674 61.260242 255.15539195525747 17.34959551835499 -8.554465 8.106432 1.3840884 255.15536681863355 17.349618254720877 255.08876387828676 17.317379247094 28.447266180278113 86.9099552207615 5400.0 5400.0 2016.0 1 339 {-999.0 18.50858 17.469896 17.051178 -999.0} sdss_psfmag_gaia 16.433678 17.487047 14.962921 13.43 63050395765288776 1094802026 bright_1x1 mwm_bin_vis_boss mwm_filler science 0 0 0.0 0.0 -999 ""
FIBERMAP 919 R-12C2 METROLOGY 0 0 0 1 0 0 -139.31283374858378 -251.25128767461302 143.1 -232.12598089765285 -169.12468312991834 303.18674 61.260242 -999.0 -999.0 -999.0 -999.0 -999.0 255.15788760521224 17.351856168653182 255.09137419529816 17.319572856013725 28.44611815014236 86.90641227920781 -999.0 6231.0 -999.0 -1 -999 {-999.0 -999.0 -999.0 -999.0 -999.0} "" -999.0 -999.0 -999.0 -999.0 -999 -999 "" "" "" "" 0 0 0.0 0.0 -999 ""
FIBERMAP 920 R+5C2 APOGEE 0 0 0 1 0 0 -212.5454344998166 79.89488088612872 143.1 -159.0564509712886 161.95303653150364 299.1901 86.82785 -999.0 -999.0 -999.0 -999.0 -999.0 255.49843720430283 18.851130454098442 255.42800834028674 18.819055894033095 28.869159123335784 85.22692159796554 -999.0 16600.0 -999.0 2 -999 {-999.0 -999.0 -999.0 -999.0 -999.0} "" -999.0 -999.0 -999.0 -999.0 -999 -999 "" "" "" "" 0 0 0.0 0.0 -999 ""
FIBERMAP 920 R+5C2 BOSS 1 1 0 1 0 0 -213.15535718976062 79.55402694115921 143.1 -159.75299440107875 161.90087619467164 299.1901 86.82785 255.49543956562536 18.850730013435076 -1.9441377 -0.8690451 0.062589504 255.49543380379663 18.850727575996626 255.42466381118996 18.818816303684766 28.87185037582369 85.2288449719593 5400.0 5400.0 2016.0 1 71 {-999.0 17.782206 17.009974 16.706142 -999.0} sdss_psfmag 17.55694 17.024803 16.341677 15.004 63050395765438649 1061672892 bright_1x1 manual_mwm_halo_distant_kgiant_near_boss_single mwm_halo science 0 0 0.0 0.0 -999 ""
FIBERMAP 920 R+5C2 METROLOGY 0 0 0 1 0 0 -213.16972653266257 80.303441087613 143.1 -159.4503977402052 162.58638721342615 299.1901 86.82785 -999.0 -999.0 -999.0 -999.0 -999.0 255.49679644083204 18.853870962145955 255.42611468420228 18.821913617059444 28.872074851641585 85.22498440861494 -999.0 6231.0 -999.0 -1 -999 {-999.0 -999.0 -999.0 -999.0 -999.0} "" -999.0 -999.0 -999.0 -999.0 -999 -999 "" "" "" "" 0 0 0.0 0.0 -999 ""
FIBERMAP 921 R+2C21 APOGEE 1 1 0 1 0 0 164.42421008109173 40.14761539282186 143.1 165.98448396574784 -32.84922267855729 186.72864 103.62761 257.05190995803457 17.9630338507321 -16.303165 -30.741447 4.097672 257.05186188895635 17.96294762921113 256.98218815155604 17.935692263089972 27.152216511977485 85.3266452054716 16000.0 16600.0 2016.0 2 80 {-999.0 11.87888 11.430925 11.301335 -999.0} sdss_psfmag_from_g3xp 11.793814 11.466152 10.970093 10.151 63050395765410128 996687119 bright_1x1 mwm_bin_gaia_sb_apogee mwm_bin science 0 0 0.0 0.0 -999 ""
FIBERMAP 921 R+2C21 BOSS 0 0 0 1 0 0 164.12705122695897 40.82858206205476 143.1 166.00186096676381 -32.10666966068285 186.72864 103.62761 -999.0 -999.0 -999.0 -999.0 -999.0 257.05239870608756 17.966120671181827 256.9823481436623 17.939053578001243 27.153673268878492 85.32323646738541 -999.0 5400.0 -999.0 1 223 {-999.0 -999.0 -999.0 -999.0 -999.0} "" -999.0 -999.0 -999.0 -999.0 -999 -999 "" "" "" "" 0 0 0.0 0.0 -999 ""
FIBERMAP 921 R+2C21 METROLOGY 0 0 0 1 0 0 164.8683965570645 40.75989487736566 143.1 166.64507611796728 -32.481171561656 186.72864 103.62761 -999.0 -999.0 -999.0 -999.0 -999.0 257.05532709171376 17.96445639457694 256.98538183426115 17.93734534192906 27.15032228576755 85.32339240570712 -999.0 6231.0 -999.0 -1 -999 {-999.0 -999.0 -999.0 -999.0 -999.0} "" -999.0 -999.0 -999.0 -999.0 -999 -999 "" "" "" "" 0 0 0.0 0.0 -999 ""
FIBERMAP 925 R-13C12 APOGEE 1 1 0 1 0 0 80.06042378903301 -253.5311103637831 143.1 -34.19055325198436 -263.5833494859323 242.04259 45.078053 256.0936943180071 16.927071284127244 133.49074 -1132.1857 60.734062 256.0940856723974 16.92389580661585 256.02799470497047 16.894331739244365 27.456547862520296 86.84518632736949 16000.0 16600.0 2016.0 2 182 {-999.0 13.139141 11.689782 10.540605 -999.0} sdss_psfmag_from_g3xp 12.55043 11.236663 10.103023 8.073 63050395763844071 984847095 bright_1x1 mwm_snc_100pc_apogee mwm_snc science 0 0 0.0 0.0 -999 ""
FIBERMAP 925 R-13C12 BOSS 0 0 0 1 0 0 79.8230316819737 -252.8264581059716 143.1 -34.109013034067985 -262.844493315012 242.04259 45.078053 -999.0 -999.0 -999.0 -999.0 -999.0 256.0948422235747 16.926981844658453 256.02836887895364 16.89761272862173 27.457807223330782 86.84174829236781 -999.0 5400.0 -999.0 1 337 {-999.0 -999.0 -999.0 -999.0 -999.0} "" -999.0 -999.0 -999.0 -999.0 -999 -999 "" "" "" "" 0 0 0.0 0.0 -999 ""
FIBERMAP 925 R-13C12 METROLOGY 0 0 0 1 0 0 80.54773731481838 -252.96373011672566 143.1 -33.50976964313217 -263.2741699041762 242.04259 45.078053 -999.0 -999.0 -999.0 -999.0 -999.0 256.0975765213692 16.925113741571664 256.0312068351798 16.89570011762842 27.45450716675687 86.84217196421639 -999.0 6231.0 -999.0 -1 -999 {-999.0 -999.0 -999.0 -999.0 -999.0} "" -999.0 -999.0 -999.0 -999.0 -999 -999 "" "" "" "" 0 0 0.0 0.0 -999 ""
FIBERMAP 932 R0C19 APOGEE 0 0 0 1 0 0 93.06067447254236 4.457500697370927 143.1 86.2511454900693 -35.15219978134774 210.29372 61.58736 -999.0 -999.0 -999.0 -999.0 -999.0 256.6714914569569 17.95445039953738 256.60221767370115 17.926101751958125 27.46617210700274 85.52865044722006 -999.0 16600.0 -999.0 2 64 {-999.0 -999.0 -999.0 -999.0 -999.0} "" -999.0 -999.0 -999.0 -999.0 -999 -999 "" ops_sky_apogee_best_unassigned ops_sky sky_apogee 0 0 0.0 0.0 -999 ""
FIBERMAP 932 R0C19 BOSS 1 1 0 1 0 0 92.97462119468896 5.201878162606955 143.1 86.48662837924736 -34.4410647471251 210.29372 61.58736 256.6730413530253 17.95749504295288 0.4223412 -5.5953484 0.18047479 256.67304259823896 17.957479349501437 256.60339735711483 17.929318865400134 27.46670468181523 85.52485753065871 5400.0 5400.0 2016.0 1 242 {-999.0 15.490598 14.622214 14.281929 -999.0} sdss_psfmag_from_g3xp 15.226489 14.647914 13.925399 12.421 63050395765409287 1061612370 bright_1x1 manual_mwm_halo_distant_kgiant_near_boss_single mwm_halo science 0 0 0.0 0.0 -999 ""
FIBERMAP 932 R0C19 METROLOGY 0 0 0 1 0 0 93.67242896745759 4.93515598901943 143.1 87.00696524695904 -34.9767794673345 210.29372 61.58736 -999.0 -999.0 -999.0 -999.0 -999.0 256.67540673992414 17.95508505540088 256.6058677613298 17.926880027026 27.46348023772414 85.52602652451816 -999.0 6231.0 -999.0 -1 -999 {-999.0 -999.0 -999.0 -999.0 -999.0} "" -999.0 -999.0 -999.0 -999.0 -999 -999 "" "" "" "" 0 0 0.0 0.0 -999 ""
FIBERMAP 934 R+3C10 APOGEE 0 0 0 1 0 0 -55.62987211148559 50.38558923020728 143.1 -29.216545952631318 69.11146922137885 199.57011 170.32468 -999.0 -999.0 -999.0 -999.0 -999.0 256.11935513254076 18.431289906890342 256.0494064182499 18.401154613123637 28.153259025151527 85.3345058394707 -999.0 16600.0 -999.0 2 -999 {-999.0 -999.0 -999.0 -999.0 -999.0} "" -999.0 -999.0 -999.0 -999.0 -999 -999 "" "" "" "" 0 0 0.0 0.0 -999 ""
FIBERMAP 934 R+3C10 BOSS 1 1 0 1 0 0 -56.44884320639099 50.27525443528041 143.1 -30.00553803588056 69.35635317460483 199.57011 170.32468 256.11589955362604 18.432340145056134 1.9887639 -25.588627 1.3137907 256.1159054332093 18.432268375820723 256.0456041632244 18.402300903287838 28.156983222471695 85.33527621098727 5400.0 5400.0 2016.0 1 24 {-999.0 21.724926 20.030716 19.045788 -999.0} sdss_psfmag 20.258415 19.543186 18.299969 -999.0 63050395765431847 1092622470 dark_flexible_2x1 mwm_cb_galex_vol_boss mwm_cb science 0 0 0.0 0.0 -999 ""
FIBERMAP 934 R+3C10 METROLOGY 0 0 0 1 0 0 -56.121037039974645 50.94721098328861 143.1 -29.42532883094997 69.82752568057215 199.57011 170.32468 -999.0 -999.0 -999.0 -999.0 -999.0 256.1185998079487 18.4344517248802 256.04839012324715 18.40444066273824 28.155651529801553 85.33172671159076 -999.0 6231.0 -999.0 -1 -999 {-999.0 -999.0 -999.0 -999.0 -999.0} "" -999.0 -999.0 -999.0 -999.0 -999 -999 "" "" "" "" 0 0 0.0 0.0 -999 ""
FIBERMAP 936 R+2C20 APOGEE 0 0 0 1 0 0 143.11423482624747 20.670693851484085 143.1 138.46077633898946 -41.53309849083349 316.3085 6.775928 -999.0 -999.0 -999.0 -999.0 -999.0 256.92055920191603 17.924205911998254 256.85111416771656 17.896588516495584 27.243565328642454 85.43174902437062 -999.0 16600.0 -999.0 2 -999 {-999.0 -999.0 -999.0 -999.0 -999.0} "" -999.0 -999.0 -999.0 -999.0 -999 -999 "" "" "" "" 0 0 0.0 0.0 -999 ""
FIBERMAP 936 R+2C20 BOSS 1 1 0 1 0 0 142.5026109278158 21.09771747547071 143.1 138.08609127251074 -40.88834321182774 316.3085 6.775928 256.9192401324832 17.92697758663837 -7.470898 -12.582921 0.17210291 256.9192181093914 17.926942294918454 256.8494020229696 17.899506773311995 27.246382088999937 85.42972537644327 5400.0 5400.0 2016.0 1 222 {-999.0 18.152386 17.766514 17.614485 17.55516} sdss_psfmag_from_gaia 18.1002 17.7791 17.2955 16.229 63050395765407940 968547667 "" ops_std_boss_gdr2 ops_std standard_boss 0 0 0.0 0.0 -999 ""
FIBERMAP 936 R+2C20 METROLOGY 0 0 0 1 0 0 143.17850075946183 21.414018726851435 143.1 138.8321034044508 -40.88622651471509 316.3085 6.775928 -999.0 -999.0 -999.0 -999.0 -999.0 256.92265894873225 17.92698959056281 256.8529427376918 17.89951104263683 27.24341619214448 85.4279269868772 -999.0 6231.0 -999.0 -1 -999 {-999.0 -999.0 -999.0 -999.0 -999.0} "" -999.0 -999.0 -999.0 -999.0 -999 -999 "" "" "" "" 0 0 0.0 0.0 -999 ""
FIBERMAP 938 R+12C15 APOGEE 0 0 0 1 0 0 158.29529447476796 217.06923199489637 143.1 234.94032216493775 130.1387026597109 295.07693 97.79867 -999.0 -999.0 -999.0 -999.0 -999.0 257.38291652091596 18.69839618381004 257.3110272655365 18.671778746685256 27.223471723854665 84.43134964390043 -999.0 16600.0 -999.0 2 44 {-999.0 -999.0 -999.0 -999.0 -999.0} "" -999.0 -999.0 -999.0 -999.0 -999 -999 "" ops_sky_apogee_best_unassigned ops_sky sky_apogee 0 0 0.0 0.0 -999 ""
FIBERMAP 938 R+12C15 BOSS 1 1 0 1 0 0 157.6739862094325 216.6634061716881 143.1 234.2060922804924 130.0324304917259 295.07693 97.79867 257.3795070774735 18.697776409426517 -8.096897 3.4686096 0.16509442 257.37982407701935 18.69778613794454 257.30757103861583 18.671345216154773 27.22616120416265 84.43350589272157 5400.0 5400.0 2016.0 1 179 {-999.0 13.733254 12.90585 12.555186 -999.0} sdss_psfmag_from_g3xp 13.483779 12.915177 12.197828 10.674 63050395765445493 996737883 bright_1x1 mwm_bin_gaia_sb_boss mwm_bin science 0 0 1.1627236604690552 0.0 -999 ""
FIBERMAP 938 R+12C15 METROLOGY 0 0 0 1 0 0 157.62751780915397 217.40596812893236 143.1 234.47670032737943 130.72524784672032 295.07693 97.79867 -999.0 -999.0 -999.0 -999.0 -999.0 257.38099977150523 18.700940412582796 257.3088417396333 18.674449053281883 27.226552102364906 84.42978784732537 -999.0 6231.0 -999.0 -1 -999 {-999.0 -999.0 -999.0 -999.0 -999.0} "" -999.0 -999.0 -999.0 -999.0 -999 -999 "" "" "" "" 0 0 0.0 0.0 -999 ""
FIBERMAP 940 R+12C5 APOGEE 0 0 0 1 0 0 -86.78496194673524 231.40890754459178 143.1 18.77669622420595 246.3582889993515 228.03134 64.96755 -999.0 -999.0 -999.0 -999.0 -999.0 256.3518641336538 19.23175038873325 256.27961294115414 19.20194314780655 28.333710427444927 84.4149730166335 -999.0 16600.0 -999.0 2 -999 {-999.0 -999.0 -999.0 -999.0 -999.0} "" -999.0 -999.0 -999.0 -999.0 -999 -999 "" "" "" "" 0 0 0.0 0.0 -999 ""
FIBERMAP 940 R+12C5 BOSS 1 1 0 1 0 0 -87.06735001819494 232.08780080937635 143.1 18.806591972823497 247.09274126637044 228.03134 64.96755 256.35235738999586 19.23499689172537 4.257284 -42.0264 0.7440187 256.3523700365155 19.234879018940408 256.2797563650276 19.205246641064235 28.335120986582986 84.41157572532347 5400.0 5400.0 2016.0 1 157 {-999.0 15.048909 14.69423 14.566644 -999.0} sdss_psfmag_from_g3xp 14.989399 14.698533 14.235508 13.419 63050395765475837 1072498385 bright_1x1 mwm_halo_local_high_boss_single mwm_halo science 0 0 0.0 0.0 -999 ""
FIBERMAP 940 R+12C5 METROLOGY 0 0 0 1 0 0 -86.33682172632274 232.00542437030623 143.1 19.43423442269705 246.71038367490982 228.03134 64.96755 -999.0 -999.0 -999.0 -999.0 -999.0 256.35527766169787 19.233202024287973 256.2827655597405 19.203529211280507 28.33180688344863 84.41180905326394 -999.0 6231.0 -999.0 -1 -999 {-999.0 -999.0 -999.0 -999.0 -999.0} "" -999.0 -999.0 -999.0 -999.0 -999 -999 "" "" "" "" 0 0 0.0 0.0 -999 ""
FIBERMAP 941 R-13C14 APOGEE 0 0 0 1 0 0 151.01420668118632 -268.98369388243043 143.1 23.63192576805041 -307.4765228853188 321.0275 80.69352 -999.0 -999.0 -999.0 -999.0 -999.0 256.3667538769834 16.728403393458795 256.3008643181321 16.69971642227671 27.133945179656116 86.89604161501308 -999.0 16600.0 -999.0 2 -999 {-999.0 -999.0 -999.0 -999.0 -999.0} "" -999.0 -999.0 -999.0 -999.0 -999 -999 "" "" "" "" 0 0 0.0 0.0 -999 ""
FIBERMAP 941 R-13C14 BOSS 1 1 0 1 0 0 150.4635600235589 -269.47884584605544 143.1 22.924140733816824 -307.6935429162529 321.0275 80.69352 256.3637602815162 16.72730790159771 4.4909062 -2.4104052 1.4595736 256.3637734338381 16.72730114105731 256.29752687531754 16.698796843768896 27.136305040170924 86.89867591851394 5400.0 5400.0 2016.0 1 257 {-999.0 17.879585 16.589653 16.071514 -999.0} sdss_psfmag 17.392546 16.575481 15.707375 13.966 63050395763842357 1094963909 bright_1x1 mwm_bin_vis_boss mwm_filler science 0 0 0.0 0.0 -999 ""
FIBERMAP 941 R-13C14 METROLOGY 0 0 0 1 0 0 150.30602642052884 -268.7488690563859 143.1 23.088750697294202 -306.96535952049265 321.0275 80.69352 -999.0 -999.0 -999.0 -999.0 -999.0 256.3644624908999 16.730562754400196 256.29830961352206 16.70200503012826 27.137191449230862 86.89511025278148 -999.0 6231.0 -999.0 -1 -999 {-999.0 -999.0 -999.0 -999.0 -999.0} "" -999.0 -999.0 -999.0 -999.0 -999 -999 "" "" "" "" 0 0 0.0 0.0 -999 ""
FIBERMAP 942 R+1C24 APOGEE 0 0 0 1 0 0 215.73016774750008 16.837770125597608 143.1 202.68400794694332 -75.59129719758818 233.15826 61.99916 -999.0 -999.0 -999.0 -999.0 -999.0 257.2239282135005 17.768049881732487 257.1545747045269 17.7413791878006 26.915610065822037 85.4313808651126 -999.0 16600.0 -999.0 2 59 {-999.0 -999.0 -999.0 -999.0 -999.0} "" -999.0 -999.0 -999.0 -999.0 -999 -999 "" ops_sky_apogee_best_unassigned ops_sky sky_apogee 0 0 0.0 0.0 -999 ""
FIBERMAP 942 R+1C24 BOSS 1 1 0 1 0 0 215.3990701950882 17.498012501515554 143.1 202.66188601489583 -74.85324025301594 233.15826 61.99916 257.2242736816406 17.77118781157209 -999.0 -999.0 -999.0 257.2242736816406 17.77118781157209 257.154541881083 17.74470690439302 26.91721778897275 85.42811311890567 5400.0 5400.0 2015.5 1 183 {-999.0 -999.0 -999.0 -999.0 -999.0} "" -999.0 -999.0 -999.0 -999.0 27021603154859279 821077910 "" ops_sky_boss_good ops_sky sky_boss 0 0 0.0 0.0 -999 ""
FIBERMAP 942 R+1C24 METROLOGY 0 0 0 1 0 0 216.14934646442532 17.4559344963573 143.1 203.32440520869594 -75.20737821097678 233.15826 61.99916 -999.0 -999.0 -999.0 -999.0 -999.0 257.2272720888817 17.76962564417487 257.157645974901 17.743100261499464 26.913852955348077 85.42812444547246 -999.0 6231.0 -999.0 -1 -999 {-999.0 -999.0 -999.0 -999.0 -999.0} "" -999.0 -999.0 -999.0 -999.0 -999 -999 "" "" "" "" 0 0 0.0 0.0 -999 ""
FIBERMAP 943 R-4C19 APOGEE 0 0 0 1 0 0 142.1104755495815 -75.93709119819367 143.1 96.86319653173736 -128.70017074927696 185.97441 103.95114 -999.0 -999.0 -999.0 -999.0 -999.0 256.71936652346767 17.5291780679796 256.65112203917886 17.50115320414951 27.22354503302465 85.9248998293308 -999.0 16600.0 -999.0 2 223 {-999.0 -999.0 -999.0 -999.0 -999.0} "" -999.0 -999.0 -999.0 -999.0 -999 -999 "" ops_sky_apogee_best_unassigned ops_sky sky_apogee 0 0 0.0 0.0 -999 ""
FIBERMAP 943 R-4C19 BOSS 1 1 0 1 0 0 141.8519621658476 -75.23572694147859 143.1 96.92420228269489 -127.95540018024734 185.97441 103.95114 256.72008940777243 17.53233122425365 -2.2049272 -4.9360757 0.16434844 256.7200829222733 17.532317379885125 256.65146540129695 17.504481318247887 27.224841124592686 85.92143298024894 5400.0 5400.0 2016.0 1 291 {-999.0 16.609287 15.787357 15.453189 -999.0} sdss_psfmag 16.347637 15.79738 15.098911 13.677 63050395763857556 1061672655 bright_1x1 manual_mwm_halo_distant_kgiant_near_boss_single mwm_halo science 0 0 0.0 0.0 -999 ""
FIBERMAP 943 R-4C19 METROLOGY 0 0 0 1 0 0 142.58499030568305 -75.36329899995727 143.1 97.53507655665265 -128.37978739341958 185.97441 103.95114 -999.0 -999.0 -999.0 -999.0 -999.0 256.72286663488796 17.53044780515605 256.65435419360995 17.502567328099648 27.221507116370077 85.92185133236211 -999.0 6231.0 -999.0 -1 -999 {-999.0 -999.0 -999.0 -999.0 -999.0} "" -999.0 -999.0 -999.0 -999.0 -999 -999 "" "" "" "" 0 0 0.0 0.0 -999 ""
FIBERMAP 944 R-1C11 APOGEE 0 0 0 1 0 0 -51.03789244269671 -32.98176751666547 143.1 -60.1643638185569 -8.40783013653857 299.3351 108.37921 -999.0 -999.0 -999.0 -999.0 -999.0 255.97034157111852 18.078452059605244 255.90144289001057 18.048041093734255 28.111308577257525 85.76284046271257 -999.0 16600.0 -999.0 2 282 {-999.0 -999.0 -999.0 -999.0 -999.0} "" -999.0 -999.0 -999.0 -999.0 -999 -999 "" ops_sky_apogee_best_unassigned ops_sky sky_apogee 0 0 0.0 0.0 -999 ""
FIBERMAP 944 R-1C11 BOSS 1 1 0 1 0 0 -51.55619942743079 -33.50349107172562 143.1 -60.85401890655183 -8.662561640219641 299.3351 108.37921 255.96737262843638 18.077114161477834 -6.062691 -1.0596943 0.11161781 255.96735474130034 18.077111189318746 255.89810928932147 18.046871725215723 28.113553038454853 85.76570341024794 5400.0 5400.0 2016.0 1 440 {-999.0 15.645562 14.929392 14.613513 -999.0} sdss_psfmag_from_g3xp 15.443204 14.937728 14.26129 12.869 63050395765406281 1076117711 bright_1x1 mwm_halo_mp_xp_boss_single mwm_halo science 0 0 0.0 0.0 -999 ""
FIBERMAP 944 R-1C11 METROLOGY 0 0 0 1 0 0 -51.765515093500774 -32.79670050354875 143.1 -60.74612250130234 -7.9335914890709756 299.3351 108.37921 -999.0 -999.0 -999.0 -999.0 -999.0 255.9677809038464 18.08048369756498 255.89862641104958 18.050193161251833 28.11468465239333 85.76211932311503 -999.0 6231.0 -999.0 -1 -999 {-999.0 -999.0 -999.0 -999.0 -999.0} "" -999.0 -999.0 -999.0 -999.0 -999 -999 "" "" "" "" 0 0 0.0 0.0 -999 ""
FIBERMAP 948 R-8C9 APOGEE 0 0 0 1 0 0 -10.657770376873387 -150.89401137467448 143.1 -73.21371569492712 -132.3199851728087 15.924302 122.17086 -999.0 -999.0 -999.0 -999.0 -999.0 255.90808720515383 17.515103771606135 255.8406801438473 17.484756167783218 27.895684649427352 86.35586118136354 -999.0 16600.0 -999.0 2 -999 {-999.0 -999.0 -999.0 -999.0 -999.0} "" -999.0 -999.0 -999.0 -999.0 -999 -999 "" "" "" "" 0 0 0.0 0.0 -999 ""
FIBERMAP 948 R-8C9 BOSS 1 1 0 1 0 0 -10.097787585965582 -151.3900632200117 143.1 -72.91492329225535 -133.00557588583337 15.924302 122.17086 255.90980837607827 17.511831600243152 11.041954 -25.848265 0.7999962 255.90984085083338 17.511759102790702 255.8420862986964 17.481600529961902 27.893004833310293 86.35828135941135 5400.0 5400.0 2016.0 1 384 {-999.0 16.624216 15.963516 15.710909 -999.0} sdss_psfmag 16.4435 15.990655 15.352887 14.096 63050395765397230 1072706480 bright_1x1 mwm_halo_local_high_boss_single mwm_halo science 0 0 0.0 0.0 -999 ""
FIBERMAP 948 R-8C9 METROLOGY 0 0 0 1 0 0 -10.80672484642089 -151.62508903574312 143.1 -73.65666788545907 -132.9200855810192 15.924302 122.17086 -999.0 -999.0 -999.0 -999.0 -999.0 255.90621051485022 17.51221790646212 255.83855856903563 17.481997071087765 27.896153659960618 86.35969612200597 -999.0 6231.0 -999.0 -1 -999 {-999.0 -999.0 -999.0 -999.0 -999.0} "" -999.0 -999.0 -999.0 -999.0 -999 -999 "" "" "" "" 0 0 0.0 0.0 -999 ""
FIBERMAP 950 R-5C15 APOGEE 0 0 0 1 0 0 91.38221034618468 -101.28100855309422 143.1 40.196328864762776 -130.3135180496531 346.08063 113.6958 -999.0 -999.0 -999.0 -999.0 -999.0 256.44920846025497 17.522649951250738 256.38124906919336 17.49384983275949 27.446447373539932 86.07000347597852 -999.0 16600.0 -999.0 2 -999 {-999.0 -999.0 -999.0 -999.0 -999.0} "" -999.0 -999.0 -999.0 -999.0 -999 -999 "" "" "" "" 0 0 0.0 0.0 -999 ""
FIBERMAP 950 R-5C15 BOSS 1 1 0 1 0 0 91.51873552569567 -102.00543276389104 143.1 40.015010068465685 -131.02781923114725 346.08063 113.6958 256.448684039163 17.519202770273573 7.455031 -10.783558 1.5405227 256.4487059655529 17.519172525284695 256.3803951577269 17.490558628603754 27.445597997074444 86.07370215576151 5400.0 5400.0 2016.0 1 315 {-999.0 16.016453 15.177204 14.889396 -999.0} sdss_psfmag 15.764973 15.233836 14.552262 13.218 63050395765398316 1096101675 bright_1x1 mwm_bin_vis_boss mwm_filler science 0 0 0.0 0.0 -999 ""
FIBERMAP 950 R-5C15 METROLOGY 0 0 0 1 0 0 90.82079182222802 -101.77240576662938 143.1 39.48035883442211 -130.5225971224591 346.08063 113.6958 -999.0 -999.0 -999.0 -999.0 -999.0 256.4460605193583 17.52153356968848 256.37784828573047 17.492858381790203 27.44882863522956 86.07272496321173 -999.0 6231.0 -999.0 -1 -999 {-999.0 -999.0 -999.0 -999.0 -999.0} "" -999.0 -999.0 -999.0 -999.0 -999 -999 "" "" "" "" 0 0 0.0 0.0 -999 ""
FIBERMAP 951 R+2C24 APOGEE 0 0 0 1 0 0 256.2388459319183 53.19650200489742 143.1 254.72426813361753 -59.687225611451744 88.03416 80.02133 -999.0 -999.0 -999.0 -999.0 -999.0 257.4697635426037 17.838747979355002 257.39998282610463 17.812759964999746 26.743823197572503 85.23664937177051 -999.0 16600.0 -999.0 2 -999 {-999.0 -999.0 -999.0 -999.0 -999.0} "" -999.0 -999.0 -999.0 -999.0 -999 -999 "" "" "" "" 0 0 0.0 0.0 -999 ""
FIBERMAP 951 R+2C24 BOSS 1 1 0 1 0 0 256.96787821392405 53.052215465017525 143.1 255.324480045181 -60.12508416999835 88.03416 80.02133 257.4729512820518 17.83655734390738 -5.5504246 -0.28789923 0.1559616 257.4729349285549 17.83655653642659 257.4027835895191 17.810770262527196 26.740531846851084 85.23719314198777 5400.0 5400.0 2016.0 1 185 {-999.0 15.171806 14.633033 14.415017 -999.0} sdss_psfmag_from_g3xp 15.04454 14.648025 14.070599 12.893 63050395763859830 1093842273 bright_1x1 mwm_astar_core_boss_single mwm_ob science 0 0 0.0 0.0 -999 ""
FIBERMAP 951 R+2C24 METROLOGY 0 0 0 1 0 0 256.48011451983155 52.490491063765376 143.1 254.64567031623872 -60.42894626380997 88.03416 80.02133 -999.0 -999.0 -999.0 -999.0 -999.0 257.46962664642194 17.835256416241446 257.39958757293243 17.809406824192298 26.742562787341114 85.24015421714483 -999.0 6231.0 -999.0 -1 -999 {-999.0 -999.0 -999.0 -999.0 -999.0} "" -999.0 -999.0 -999.0 -999.0 -999 -999 "" "" "" "" 0 0 0.0 0.0 -999 ""
FIBERMAP 954 R+12C12 APOGEE 0 0 0 1 0 0 94.0464899213171 224.7469147141135 143.1 179.92244543466484 164.15885117523268 261.94104 149.87878 -999.0 -999.0 -999.0 -999.0 -999.0 257.1224496879142 18.855447144166238 257.05041530240305 18.82800938448144 27.514672000128222 84.40588388434458 -999.0 16600.0 -999.0 2 -999 {-999.0 -999.0 -999.0 -999.0 -999.0} "" -999.0 -999.0 -999.0 -999.0 -999 -999 "" "" "" "" 0 0 0.0 0.0 -999 ""
FIBERMAP 954 R+12C12 BOSS 1 1 0 1 0 0 93.59232644986123 224.1624765005459 143.1 179.2645332837586 163.8202443833359 261.94104 149.87878 257.11970383082377 18.85383615384088 0.5387214 -13.425924 0.10927126 257.1197054274582 18.85379849772412 257.04731342206935 18.8265359040291 27.516579652956814 84.4088993065254 5400.0 5400.0 2016.0 1 101 {-999.0 15.76596 14.768501 14.41969 -999.0} sdss_psfmag_from_g3xp 15.434333 14.809258 14.056668 12.468 63050395765450491 1061612391 bright_1x1 manual_mwm_halo_distant_kgiant_near_boss_single mwm_halo science 0 0 0.0 0.0 -999 ""
FIBERMAP 954 R+12C12 METROLOGY 0 0 0 1 0 0 93.30672207254842 224.84389672502255 143.1 179.29257721551352 164.5583423134756 261.94104 149.87878 -999.0 -999.0 -999.0 -999.0 -999.0 257.1197332975079 18.857168887719233 257.0474357931122 18.829853246269018 27.518026789924967 84.40553094397467 -999.0 6231.0 -999.0 -1 -999 {-999.0 -999.0 -999.0 -999.0 -999.0} "" -999.0 -999.0 -999.0 -999.0 -999 -999 "" "" "" "" 0 0 0.0 0.0 -999 ""
FIBERMAP 956 R+10C8 APOGEE 0 0 0 1 0 0 -31.501144209601996 188.29530839097538 143.1 50.74217576227901 183.9857422796758 190.59995 137.31664 -999.0 -999.0 -999.0 -999.0 -999.0 256.504757594775 18.950837758985426 256.4330878508762 18.921584913563073 28.075032374065287 84.6202577464789 -999.0 16600.0 -999.0 2 -999 {-999.0 -999.0 -999.0 -999.0 -999.0} "" -999.0 -999.0 -999.0 -999.0 -999 -999 "" "" "" "" 0 0 0.0 0.0 -999 ""
FIBERMAP 956 R+10C8 BOSS 1 1 0 1 0 0 -32.14018265010968 188.67772810897293 143.1 50.32384973100813 184.6016032173374 190.59995 137.31664 256.5031370693265 18.953490588021154 -3.7523587 2.8754733 1.1728272 256.50312594165206 18.9534986529521 256.4310944758607 18.924417436896967 28.078020010363844 84.61841164680875 5400.0 5400.0 2016.0 1 120 {-999.0 15.341258 14.580643 14.286375 -999.0} sdss_psfmag_from_g3xp 14.987955 14.83821 13.888815 12.72 63050395765435453 1095885876 bright_1x1 mwm_bin_vis_boss mwm_filler science 0 0 0.0 0.0 -999 ""
FIBERMAP 956 R+10C8 METROLOGY 0 0 0 1 0 0 -31.48718444379358 189.04127561910968 143.1 51.06900540715492 184.65619699571693 190.59995 137.31664 -999.0 -999.0 -999.0 -999.0 -999.0 256.506600333793 18.953764582541165 256.43466545895353 18.924643031112335 28.075135440121016 84.61640289424975 -999.0 6231.0 -999.0 -1 -999 {-999.0 -999.0 -999.0 -999.0 -999.0} "" -999.0 -999.0 -999.0 -999.0 -999 -999 "" "" "" "" 0 0 0.0 0.0 -999 ""
FIBERMAP 962 R-1C12 APOGEE 0 0 0 1 0 0 -19.550823744228417 -18.260590182144334 143.1 -25.416493770957725 -8.321971918518189 14.956981 107.15376 -999.0 -999.0 -999.0 -999.0 -999.0 256.1368949529484 18.078533017453424 256.0678328387387 18.04859758826808 27.972046790156675 85.67779232014334 -999.0 16600.0 -999.0 2 -999 {-999.0 -999.0 -999.0 -999.0 -999.0} "" -999.0 -999.0 -999.0 -999.0 -999 -999 "" "" "" "" 0 0 0.0 0.0 -999 ""
FIBERMAP 962 R-1C12 BOSS 1 1 0 1 0 0 -19.1430620310651 -18.87735252542939 143.1 -25.306551851812817 -9.052895548446374 14.956981 107.15376 256.1378223755731 18.075058417157763 -22.602915 -15.732755 0.6379472 256.13775568958033 18.075014290988978 256.0683466520501 18.045263371357304 27.97004401658014 85.68086084303543 5400.0 5400.0 2016.0 1 439 {-999.0 16.368027 15.955821 15.818883 -999.0} sdss_psfmag 16.273941 15.959449 15.462392 14.569 63050395765414830 1072605385 bright_1x1 mwm_halo_local_high_boss_single mwm_halo science 0 0 0.0 0.0 -999 ""
FIBERMAP 962 R-1C12 METROLOGY 0 0 0 1 0 0 -19.887441804318307 -18.926435706371322 143.1 -26.002118582610716 -8.783892607606532 14.956981 107.15376 -999.0 -999.0 -999.0 -999.0 -999.0 256.1343249276931 18.07630021205622 256.06501645032165 18.046487803790974 27.973413604517695 85.68132855213355 -999.0 6231.0 -999.0 -1 -999 {-999.0 -999.0 -999.0 -999.0 -999.0} "" -999.0 -999.0 -999.0 -999.0 -999 -999 "" "" "" "" 0 0 0.0 0.0 -999 ""
FIBERMAP 963 R+9C11 APOGEE 1 1 0 1 0 0 27.306450699313498 182.5318313968002 143.1 101.63294948625416 153.99274585195337 99.30629 141.97234 256.7485737930507 18.81368077371702 0.15391539 -16.208376 1.358162 256.74857424910806 18.813635313569716 256.6770199472394 18.785139243837097 27.807197104840753 84.63505759524644 16000.0 16600.0 2016.0 2 28 {-999.0 11.0999 10.112531 9.760341 -999.0} sdss_psfmag_from_g3xp 10.772743 10.151354 9.400995 7.799 63050395765451267 1103581678 bright_1x1 mwm_tess_2min_apogee mwm_planet science 0 0 0.0 0.0 -999 ""
FIBERMAP 963 R+9C11 BOSS 0 0 0 1 0 0 27.643913607904896 183.1926127974268 143.1 102.21720746714728 154.4497193160373 99.30629 141.97234 -999.0 -999.0 -999.0 -999.0 -999.0 256.7517697287288 18.815541100577033 256.67984660550474 18.787233651184767 27.805808470437093 84.63155107675993 -999.0 5400.0 -999.0 1 133 {-999.0 -999.0 -999.0 -999.0 -999.0} "" -999.0 -999.0 -999.0 -999.0 -999 -999 "" "" "" "" 0 0 0.0 0.0 -999 ""
FIBERMAP 963 R+9C11 METROLOGY 0 0 0 1 0 0 28.056841545290794 182.54097645698022 143.1 102.31714576456282 153.68500122656994 99.30629 141.97234 -999.0 -999.0 -999.0 -999.0 -999.0 256.75213322635096 18.812122794568992 256.68032068424327 18.783766820248207 27.803792853676306 84.63478004755666 -999.0 6231.0 -999.0 -1 -999 {-999.0 -999.0 -999.0 -999.0 -999.0} "" -999.0 -999.0 -999.0 -999.0 -999 -999 "" "" "" "" 0 0 0.0 0.0 -999 ""
FIBERMAP 964 R+8C14 APOGEE 0 0 0 1 0 0 110.14575524028655 160.89310797467317 143.1 167.62611572734207 99.48515627810548 81.72747 32.12243 -999.0 -999.0 -999.0 -999.0 -999.0 257.0632531186801 18.563895040134913 256.99203018200456 18.53641178964938 27.42704244687448 84.72548583280417 -999.0 16600.0 -999.0 2 -999 {-999.0 -999.0 -999.0 -999.0 -999.0} "" -999.0 -999.0 -999.0 -999.0 -999 -999 "" "" "" "" 0 0 0.0 0.0 -999 ""
FIBERMAP 964 R+8C14 BOSS 1 1 0 1 0 0 110.47082510019895 160.1916884019861 143.1 167.6254303628183 98.71230450514386 81.72747 32.12243 257.06364965925474 18.560326318015047 -0.38073498 -33.042942 0.8378969 257.0636485328082 18.56023364142492 256.9920698422064 18.53293689515631 27.425379133849518 84.72892337454468 5400.0 5400.0 2016.0 1 161 {-999.0 17.148289 16.531956 16.279501 -999.0} sdss_psfmag 16.97732 16.540209 15.9332905 14.765 63050395765444910 1073337169 bright_1x1 mwm_halo_local_high_boss_single mwm_halo science 0 0 0.0 0.0 -999 ""
FIBERMAP 964 R+8C14 METROLOGY 0 0 0 1 0 0 109.72133283520824 160.2794895243481 143.1 166.9828788241468 99.10756730925283 81.72747 32.12243 -999.0 -999.0 -999.0 -999.0 -999.0 257.0604818423765 18.562103913225176 256.98900469344017 18.53474518706457 27.42879392235041 84.72866018425577 -999.0 6231.0 -999.0 -1 -999 {-999.0 -999.0 -999.0 -999.0 -999.0} "" -999.0 -999.0 -999.0 -999.0 -999 -999 "" "" "" "" 0 0 0.0 0.0 -999 ""
FIBERMAP 965 R+5C15 APOGEE 0 0 0 1 0 0 67.40416347877465 99.61551241793245 143.1 103.0665001186539 61.92871984258318 149.65091 131.34052 -999.0 -999.0 -999.0 -999.0 -999.0 256.7541254392215 18.39594348639474 256.6836416798676 18.36764194979871 27.606089189583344 85.048370836618 -999.0 16600.0 -999.0 2 -999 {-999.0 -999.0 -999.0 -999.0 -999.0} "" -999.0 -999.0 -999.0 -999.0 -999 -999 "" "" "" "" 0 0 0.0 0.0 -999 ""
FIBERMAP 965 R+5C15 BOSS 1 1 0 1 0 0 67.24151712108656 100.34475082649078 143.1 103.22616360560025 62.65838707971778 149.65091 131.34052 256.7553499639598 18.39918237842344 -12.271744 -29.154148 0.92205554 256.7553136907589 18.399100608853896 256.6844591824223 18.370983796818635 27.60697473209634 85.04463055913756 5400.0 5400.0 2016.0 1 213 {-999.0 18.408817 17.517288 17.196749 -999.0} sdss_psfmag 18.12883 17.55765 16.858727 15.358 63050395765416727 1073337146 bright_1x1 mwm_halo_local_high_boss_single mwm_halo science 0 0 0.0 0.0 -999 ""
FIBERMAP 965 R+5C15 METROLOGY 0 0 0 1 0 0 67.94985684367816 100.12431565299694 143.1 103.77554362643525 62.160202989063876 149.65091 131.34052 -999.0 -999.0 -999.0 -999.0 -999.0 256.7578240494422 18.39686440239178 256.68707496756747 18.36870410688462 27.60371209875749 85.04558498956897 -999.0 6231.0 -999.0 -1 -999 {-999.0 -999.0 -999.0 -999.0 -999.0} "" -999.0 -999.0 -999.0 -999.0 -999 -999 "" "" "" "" 0 0 0.0 0.0 -999 ""
FIBERMAP 971 R+4C2 APOGEE 0 0 0 1 1 0 -241.5020677175432 80.97877260024514 143.1 -184.85359922393522 175.13118155432602 201.86856 78.95152 -999.0 -999.0 -999.0 -999.0 -999.0 255.3759264775226 18.909555297047255 255.3054643112598 18.877110464005614 28.998827386904196 85.22977049942222 -999.0 16600.0 -999.0 2 -999 {-999.0 -999.0 -999.0 -999.0 -999.0} "" -999.0 -999.0 -999.0 -999.0 -999 -999 "" "" "" "" 0 0 0.0 0.0 -999 ""
FIBERMAP 971 R+4C2 BOSS 1 0 0 1 1 0 -241.64455825770932 81.71358134125673 143.1 -184.6733153762648 175.85741029240015 201.86856 78.95152 255.39030492511884 18.857380190694148 3.4024615 1.2724392 4.17046 255.37712950791334 18.912668764851833 255.30631445252936 18.880396564085483 28.99964117444052 85.22601599267131 5400.0 5400.0 2016.0 1 72 {-999.0 20.294382 18.819513 17.325066 -999.0} sdss_psfmag 19.467932 18.455616 16.513184 14.072 63050395765438894 1095498695 bright_1x1 mwm_bin_vis_boss mwm_filler science 0 0 0.0 0.0 -999 ""
FIBERMAP 971 R+4C2 METROLOGY 0 0 0 1 1 0 -240.94484633868342 81.47492410478117 143.1 -184.13943222503474 175.34633880080617 201.86856 78.95152 -999.0 -999.0 -999.0 -999.0 -999.0 255.37956078879841 18.910437933338205 255.3088465410582 18.878125213176485 28.996464483562555 85.22704362946484 -999.0 6231.0 -999.0 -1 -999 {-999.0 -999.0 -999.0 -999.0 -999.0} "" -999.0 -999.0 -999.0 -999.0 -999 -999 "" "" "" "" 0 0 0.0 0.0 -999 ""
FIBERMAP 973 R+9C14 APOGEE 1 0 1 1 0 0 101.36291019964754 182.14878489381388 143.1 168.61519684241622 122.45569660908484 9.993537 170.08217 257.0193071293383 18.581226353546576 -2.6704116 -6.654177 0.08391385 257.0682950713265 18.66784814338844 256.9967993398385 18.64033468437356 27.471763514551405 84.61965395475067 16000.0 16600.0 2016.0 2 39 {-999.0 14.420383 13.409103 12.972114 -999.0} sdss_psfmag_from_g3xp 14.075129 13.400069 12.604679 10.849 63050395765449300 1155958406 bright_1x1 mwm_galactic_core_dist_apogee_extra mwm_galactic science 0 0 0.0 0.0 -999 ""
FIBERMAP 973 R+9C14 BOSS 0 0 1 1 0 0 102.11231065331012 182.18049000992215 143.1 169.30799661360837 122.16882326010378 9.993537 170.08217 -999.0 -999.0 -999.0 -999.0 -999.0 257.07199613889554 18.666356013076722 257.0001357589482 18.639037131582025 27.46836257643794 84.61927708902351 -999.0 5400.0 -999.0 1 162 {-999.0 -999.0 -999.0 -999.0 -999.0} "" -999.0 -999.0 -999.0 -999.0 -999 -999 "" "" "" "" 0 0 0.0 0.0 -999 ""
FIBERMAP 973 R+9C14 METROLOGY 0 0 1 1 0 0 101.75464737979956 181.51792880058196 143.1 168.70467430707683 121.71874374957717 9.993537 170.08217 -999.0 -999.0 -999.0 -999.0 -999.0 257.06900567985673 18.66439900987026 256.9972567320284 18.637020403910412 27.469828188694677 84.62272550050346 -999.0 6231.0 -999.0 -1 -999 {-999.0 -999.0 -999.0 -999.0 -999.0} "" -999.0 -999.0 -999.0 -999.0 -999 -999 "" "" "" "" 0 0 0.0 0.0 -999 ""
FIBERMAP 975 R-1C21 APOGEE 0 0 0 1 0 0 175.5611298272114 -10.860907570582102 143.1 154.5989687160842 -83.78674110851293 37.210434 128.48953 -999.0 -999.0 -999.0 -999.0 -999.0 256.99572404612536 17.73190637150237 256.9266912707069 17.704590622878623 27.089175131071904 85.583404770637 -999.0 16600.0 -999.0 2 -999 {-999.0 -999.0 -999.0 -999.0 -999.0} "" -999.0 -999.0 -999.0 -999.0 -999 -999 "" "" "" "" 0 0 0.0 0.0 -999 ""
FIBERMAP 975 R-1C21 BOSS 1 1 0 1 0 0 176.26486464410993 -11.01032193061332 143.1 155.17408494181493 -84.2185944965 37.210434 128.48953 256.998586389031 17.729730379823888 -7.9574013 -4.070643 0.15520549 256.99885497828535 17.7297189627608 256.92945738212285 17.702602040645687 27.08591183799126 85.58396503284376 5400.0 5400.0 2016.0 1 270 {-999.0 14.049598 13.35885 13.047197 -999.0} sdss_psfmag_from_g3xp 13.856207 13.36097 12.694377 11.31 63050395763858176 1076117496 bright_1x1 mwm_halo_mp_xp_boss_single mwm_halo science 0 0 1.0013421773910522 0.0 -999 ""
FIBERMAP 975 R-1C21 METROLOGY 0 0 0 1 0 0 175.76995554373087 -11.577185310451164 143.1 154.4866324610143 -84.52410649204293 37.210434 128.48953 -999.0 -999.0 -999.0 -999.0 -999.0 256.99546346959283 17.72840501560478 256.9261765943471 17.701225362494416 27.08800859912163 85.58699282877672 -999.0 6231.0 -999.0 -1 -999 {-999.0 -999.0 -999.0 -999.0 -999.0} "" -999.0 -999.0 -999.0 -999.0 -999 -999 "" "" "" "" 0 0 0.0 0.0 -999 ""
FIBERMAP 979 R+3C7 APOGEE 0 0 0 1 0 0 -111.15581372746394 56.005648083467705 143.1 -77.19239843637402 97.59232773087636 345.59348 122.24282 -999.0 -999.0 -999.0 -999.0 -999.0 255.88932290009578 18.560963317987273 255.8192650793411 18.530118051480553 28.406528638385964 85.32118869708506 -999.0 16600.0 -999.0 2 125 {-999.0 -999.0 -999.0 -999.0 -999.0} "" -999.0 -999.0 -999.0 -999.0 -999 -999 "" ops_sky_apogee_best_unassigned ops_sky sky_apogee 0 0 0.0 0.0 -999 ""
FIBERMAP 979 R+3C7 BOSS 1 1 0 1 0 0 -110.93083451020806 55.30063973074921 143.1 -77.2853428218605 96.85837654131457 345.59348 122.24282 255.88918526258558 18.557507122068184 -0.04891102 -4.4311385 1.7166526 255.88918511787926 18.557494693913107 255.81878617977168 18.526826251952546 28.405390552040345 85.32473805468501 5400.0 5400.0 2016.0 1 43 {-999.0 21.146885 20.697773 20.281586 19.928734} sdss_psfmag_from_gaiadr2 20.718534 20.845234 19.491674 -999.0 63050395765432846 1056793154 dark_flexible_2x2 bhm_gua_dark bhm_filler science 0 0 0.0 0.0 -999 ""
FIBERMAP 979 R+3C7 METROLOGY 0 0 0 1 0 0 -111.65577901347908 55.450328273607745 143.1 -77.87957341541615 97.29941122987086 345.59348 122.24282 -999.0 -999.0 -999.0 -999.0 -999.0 255.8862460818878 18.55953921333055 255.81594363873558 18.52881185906781 28.408701406824967 85.32417574593296 -999.0 6231.0 -999.0 -1 -999 {-999.0 -999.0 -999.0 -999.0 -999.0} "" -999.0 -999.0 -999.0 -999.0 -999 -999 "" "" "" "" 0 0 0.0 0.0 -999 ""
FIBERMAP 983 R+6C5 APOGEE 0 0 0 1 0 0 -139.37379901820142 133.59750043354492 143.1 -70.09761119764651 179.82561721182924 138.1751 78.46257 -999.0 -999.0 -999.0 -999.0 -999.0 255.92434733413867 18.93339225709775 255.85329134540348 18.90249137572447 28.551662329318766 84.92933369807048 -999.0 16600.0 -999.0 2 150 {-999.0 -999.0 -999.0 -999.0 -999.0} "" -999.0 -999.0 -999.0 -999.0 -999 -999 "" ops_sky_apogee_best_unassigned ops_sky sky_apogee 0 0 0.0 0.0 -999 ""
FIBERMAP 983 R+6C5 BOSS 1 1 0 1 0 0 -138.784430280072 134.0623298116421 143.1 -69.36748935870374 179.99883689002112 138.1751 78.46257 255.92819287207462 18.934047089600035 -3.318104 1.5599505 0.06340738 255.928183033335 18.934051464842458 255.85677171527777 18.903335088450394 28.549139561370303 84.92674049090374 5400.0 5400.0 2016.0 1 49 {-999.0 15.152432 14.182226 13.774859 -999.0} sdss_psfmag_from_g3xp 14.833033 14.18615 13.411674 11.739 63050395765439937 1061612413 bright_1x1 manual_mwm_halo_distant_kgiant_near_boss_single mwm_halo science 0 0 0.0 0.0 -999 ""
FIBERMAP 983 R+6C5 METROLOGY 0 0 0 1 0 0 -138.67744172413933 133.3192731704609 143.1 -69.58343491726659 179.28008224462909 138.1751 78.46257 -999.0 -999.0 -999.0 -999.0 -999.0 255.92704053410517 18.93084841416335 255.85573772933947 18.900080862507377 28.548492460003736 84.93053811319396 -999.0 6231.0 -999.0 -1 -999 {-999.0 -999.0 -999.0 -999.0 -999.0} "" -999.0 -999.0 -999.0 -999.0 -999 -999 "" "" "" "" 0 0 0.0 0.0 -999 ""
FIBERMAP 985 R+9C10 APOGEE 0 0 0 1 0 0 16.513664594506132 154.9459379947392 143.1 80.22950164575487 133.5274004301563 342.04205 49.309162 -999.0 -999.0 -999.0 -999.0 -999.0 256.6457531846066 18.721790377087434 256.5745376817508 18.69303833314998 27.84997757413987 84.77840802690326 -999.0 16600.0 -999.0 2 10 {-999.0 -999.0 -999.0 -999.0 -999.0} "" -999.0 -999.0 -999.0 -999.0 -999 -999 "" ops_sky_apogee_best_unassigned ops_sky sky_apogee 0 0 0.0 0.0 -999 ""
FIBERMAP 985 R+9C10 BOSS 1 1 0 1 0 0 15.886432770608963 154.559703395078 143.1 79.498152221102 133.44138549698732 342.04205 49.309162 256.64268968812087 18.721340560000073 -18.73813 -17.202276 0.26970947 256.6426341966983 18.721292312220836 256.5710639462657 18.692711445784386 27.852733724503338 84.78047452014592 5400.0 5400.0 2016.0 1 126 {-999.0 14.924662 14.381957 14.14514 -999.0} sdss_psfmag_from_g3xp 14.792721 14.388785 13.797952 12.636 63050395765419220 1071091357 bright_1x1 mwm_halo_vmp_xp_boss_single mwm_halo science 0 0 0.0 0.0 -999 ""
FIBERMAP 985 R+9C10 METROLOGY 0 0 0 1 0 0 15.862633951768013 155.31090093702983 143.1 79.79295070981298 134.13248477401967 342.04205 49.309162 -999.0 -999.0 -999.0 -999.0 -999.0 256.64394905543685 18.724456398213427 256.572470981681 18.695826992652503 27.853011707526406 84.77665473290187 -999.0 6231.0 -999.0 -1 -999 {-999.0 -999.0 -999.0 -999.0 -999.0} "" -999.0 -999.0 -999.0 -999.0 -999 -999 "" "" "" "" 0 0 0.0 0.0 -999 ""
FIBERMAP 986 R+2C13 APOGEE 0 0 1 1 0 0 0.5898211234706074 46.389857461753024 143.1 20.072403756796284 41.81113132415502 9.999181 169.96324 -999.0 -999.0 -999.0 -999.0 -999.0 256.3557307667235 18.306349657519633 256.28587065641204 18.27694311140624 27.896763697513947 85.33937061113909 -999.0 16600.0 -999.0 2 -999 {-999.0 -999.0 -999.0 -999.0 -999.0} "" -999.0 -999.0 -999.0 -999.0 -999 -999 "" "" "" "" 0 0 0.0 0.0 -999 ""
FIBERMAP 986 R+2C13 BOSS 1 0 1 1 0 0 1.3429434113434495 46.38976185345291 143.1 20.755184689906173 41.49385823214992 9.999181 169.96324 256.40722040823874 18.231567523550048 8.057278 -19.518503 0.5752982 256.3593737047959 18.304734409138664 256.2891569224921 18.275519646021962 27.89334033359451 85.33913244592173 5400.0 5400.0 2016.0 1 105 {-999.0 16.24955 15.732025 15.523799 -999.0} sdss_psfmag 16.119343 15.736738 15.183795 14.304 63050395765414529 1072759841 bright_1x1 mwm_halo_local_high_boss_single mwm_halo science 0 0 0.0 0.0 -999 ""
FIBERMAP 986 R+2C13 METROLOGY 0 0 1 1 0 0 0.9731719725019018 45.74977613328079 143.1 20.150392404768798 41.069346372960354 9.999181 169.96324 -999.0 -999.0 -999.0 -999.0 -999.0 256.3563607649784 18.30285799510506 256.2862530158318 18.273584200646322 27.894864270727815 85.34253192930043 -999.0 6231.0 -999.0 -1 -999 {-999.0 -999.0 -999.0 -999.0 -999.0} "" -999.0 -999.0 -999.0 -999.0 -999 -999 "" "" "" "" 0 0 0.0 0.0 -999 ""
FIBERMAP 988 R+7C6 APOGEE 0 0 0 1 0 0 -86.39563761673863 127.06258389491462 143.1 -24.817016573995165 151.58832742451747 358.04315 85.478516 -999.0 -999.0 -999.0 -999.0 -999.0 256.1413954201132 18.805747638306844 256.0704586652038 18.77551777689357 28.310647895644728 84.94830632582688 -999.0 16600.0 -999.0 2 -999 {-999.0 -999.0 -999.0 -999.0 -999.0} "" -999.0 -999.0 -999.0 -999.0 -999 -999 "" "" "" "" 0 0 0.0 0.0 -999 ""
FIBERMAP 988 R+7C6 BOSS 1 1 0 1 0 0 -86.54524684973853 126.22032021498514 143.1 -25.307389722484537 150.887695548924 358.04315 85.478516 256.1393737792969 18.802458528646397 -999.0 -999.0 -999.0 256.1393737792969 18.8024585286464 256.0680947066526 18.772400351543265 28.311174760476128 84.9526241880872 5400.0 5400.0 2015.5 1 67 {-999.0 -999.0 -999.0 -999.0 -999.0} "" -999.0 -999.0 -999.0 -999.0 27021603155090192 813301498 "" ops_sky_boss_good ops_sky sky_boss 0 0 0.0 0.0 -999 ""
FIBERMAP 988 R+7C6 METROLOGY 0 0 0 1 0 0 -87.07514688032435 126.75447816433986 143.1 -25.56285863667553 151.5951655944625 358.04315 85.478516 -999.0 -999.0 -999.0 -999.0 -999.0 256.13805665626165 18.805703001777832 256.0668704049855 18.775589799270517 28.313687056295713 84.95003287909884 -999.0 6231.0 -999.0 -1 -999 {-999.0 -999.0 -999.0 -999.0 -999.0} "" -999.0 -999.0 -999.0 -999.0 -999 -999 "" "" "" "" 0 0 0.0 0.0 -999 ""
FIBERMAP 990 R+4C7 APOGEE 0 0 0 1 0 0 -120.47852948200479 67.18077600808945 143.1 -80.93833626308016 111.65067277398998 230.9709 117.04641 -999.0 -999.0 -999.0 -999.0 -999.0 255.8714857810499 18.62478331065106 255.8012806546759 18.593860623968357 28.45139512591964 85.26617261130798 -999.0 16600.0 -999.0 2 95 {-999.0 -999.0 -999.0 -999.0 -999.0} "" -999.0 -999.0 -999.0 -999.0 -999 -999 "" ops_sky_apogee_best_unassigned ops_sky sky_apogee 0 0 0.0 0.0 -999 ""
FIBERMAP 990 R+4C7 BOSS 1 1 0 1 0 0 -121.21140652295912 67.30792558046645 143.1 -81.54925147770636 112.07461330143316 230.9709 117.04641 255.8688967416371 18.626637069419132 -7.377192 -22.522322 0.66717374 255.86887490689654 18.62657390034612 255.7983177062744 18.59581835985203 28.45479277123743 85.26569604408343 5400.0 5400.0 2016.0 1 51 {-999.0 16.186424 15.613995 15.378161 -999.0} sdss_psfmag 16.036882 15.628638 15.046471 13.936 63050395765433679 1072759848 bright_1x1 mwm_halo_local_high_boss_single mwm_halo science 0 0 0.0 0.0 -999 ""
FIBERMAP 990 R+4C7 METROLOGY 0 0 0 1 0 0 -120.7422644776582 67.88295931327166 143.1 -80.88171975451634 112.3983850804018 230.9709 117.04641 -999.0 -999.0 -999.0 -999.0 -999.0 255.87198726882187 18.62808765229637 255.80152210443725 18.597290709729243 28.4527951992211 85.26260159941012 -999.0 6231.0 -999.0 -1 -999 {-999.0 -999.0 -999.0 -999.0 -999.0} "" -999.0 -999.0 -999.0 -999.0 -999 -999 "" "" "" "" 0 0 0.0 0.0 -999 ""
FIBERMAP 991 R-3C20 APOGEE 0 0 0 1 0 0 180.05370129425873 -50.50254120804291 143.1 141.9766303391046 -121.620079604155 43.51578 106.27955 -999.0 -999.0 -999.0 -999.0 -999.0 256.9341257021523 17.560618473869454 256.86558724141616 17.533200136139076 27.058930270654912 85.78383862238695 -999.0 16600.0 -999.0 2 226 {-999.0 -999.0 -999.0 -999.0 -999.0} "" -999.0 -999.0 -999.0 -999.0 -999 -999 "" "" "" "" 0 0 0.0 0.0 -999 ""
FIBERMAP 991 R-3C20 BOSS 1 1 0 1 0 0 180.69748942438721 -50.8642624106087 143.1 142.40798012055706 -122.21917454199111 43.51578 106.27955 256.936107130717 17.557674125717522 8.524728 0.119434826 2.0466073 256.93655441003943 17.557674460698603 256.8676543160515 17.530453740056988 27.055889653911088 85.78549736822954 5400.0 5400.0 2016.0 1 290 {-999.0 11.913123 11.652119 11.589327 -999.0} sdss_psfmag_from_g3xp 11.890689 11.65537 11.262149 10.619 63050395763857406 996715465 bright_1x1 mwm_bin_gaia_sb_boss mwm_bin science 0 0 1.449117660522461 0.0 -999 ""
FIBERMAP 991 R-3C20 METROLOGY 0 0 0 1 0 0 180.06451653360574 -51.249149241277046 143.1 141.6719931646195 -122.30154959665693 43.51578 106.27955 -999.0 -999.0 -999.0 -999.0 -999.0 256.9329460499763 17.557372002135494 256.86415383851283 17.530087481224662 27.058650784727533 85.78764308249299 -999.0 6231.0 -999.0 -1 -999 {-999.0 -999.0 -999.0 -999.0 -999.0} "" -999.0 -999.0 -999.0 -999.0 -999 -999 "" "" "" "" 0 0 0.0 0.0 -999 ""
FIBERMAP 994 R+7C2 APOGEE 0 0 1 1 0 0 -189.79974085675258 143.28834330250234 143.1 -111.7350702963074 209.84934204176943 9.998439 169.95773 -999.0 -999.0 -999.0 -999.0 -999.0 255.72540520314732 19.067907263468758 255.6541926795461 19.036386155557143 28.78059116188909 84.8938197227186 -999.0 16600.0 -999.0 2 -999 {-999.0 -999.0 -999.0 -999.0 -999.0} "" -999.0 -999.0 -999.0 -999.0 -999 -999 "" "" "" "" 0 0 0.0 0.0 -999 ""
FIBERMAP 994 R+7C2 BOSS 1 0 1 1 0 0 -189.04528596061144 143.31761283323536 143.1 -111.03871367127809 209.55813172144047 9.998439 169.95773 255.72052001953125 19.069885505021986 -999.0 -999.0 -999.0 255.7290615953924 19.066470546019243 255.65750201705202 19.035132195748226 28.777237989884718 84.89343225726606 5400.0 5400.0 2015.5 1 70 {-999.0 -999.0 -999.0 -999.0 -999.0} "" -999.0 -999.0 -999.0 -999.0 27021603155091438 821093277 "" ops_sky_boss_good ops_sky sky_boss 0 0 0.0 0.0 -999 ""
FIBERMAP 994 R+7C2 METROLOGY 0 0 1 1 0 0 -189.41325443463057 142.65015036456964 143.1 -111.65344345087817 209.10794862317388 9.998439 169.95773 -999.0 -999.0 -999.0 -999.0 -999.0 255.72601620832165 19.064478679760093 255.654563204051 19.033083825153913 28.778749536276038 84.89697259219554 -999.0 6231.0 -999.0 -1 -999 {-999.0 -999.0 -999.0 -999.0 -999.0} "" -999.0 -999.0 -999.0 -999.0 -999 -999 "" "" "" "" 0 0 0.0 0.0 -999 ""
FIBERMAP 996 R-6C15 APOGEE 0 0 0 1 0 0 92.10061050696736 -134.6676989529628 143.1 26.786467387507017 -160.88625122964623 315.3297 74.90492 -999.0 -999.0 -999.0 -999.0 -999.0 256.38466165655973 17.38436756073531 256.3171146314078 17.35544233774741 27.43434664326233 86.23997288594478 -999.0 16600.0 -999.0 2 183 {-999.0 -999.0 -999.0 -999.0 -999.0} "" -999.0 -999.0 -999.0 -999.0 -999 -999 "" ops_sky_apogee_best_unassigned ops_sky sky_apogee 0 0 0.0 0.0 -999 ""
FIBERMAP 996 R-6C15 BOSS 1 1 0 1 0 0 91.44715785255022 -135.02753062137123 143.1 26.04246465518935 -160.93728462970347 315.3297 74.90492 256.3814964754297 17.383910979713505 -3.6337602 -2.9695559 0.14324825 256.38148579591257 17.3839026509055 256.31358239317467 17.355155211680657 27.437173656519718 86.24206794950022 5400.0 5400.0 2016.0 1 316 {-999.0 15.068892 15.162063 15.240807 -999.0} sdss_psfmag_ps1 15.087789 15.029212 14.925938 14.775 63050395765397522 1061078592 bright_1x1 manual_mwm_halo_distant_bhb_boss_single mwm_halo science 0 0 0.0 0.0 -999 ""
FIBERMAP 996 R-6C15 METROLOGY 0 0 0 1 0 0 91.4594236681279 -134.27143925504157 143.1 26.372022374823356 -160.25693739780152 315.3297 74.90492 -999.0 -999.0 -999.0 -999.0 -999.0 256.3829648693648 17.387038888544442 256.3151542297394 17.358241425581692 27.437325707303145 86.23820524820798 -999.0 6231.0 -999.0 -1 -999 {-999.0 -999.0 -999.0 -999.0 -999.0} "" -999.0 -999.0 -999.0 -999.0 -999 -999 "" "" "" "" 0 0 0.0 0.0 -999 ""
FIBERMAP 999 R0C27 APOGEE 0 0 0 1 0 0 302.10159693719635 -18.9122520485232 143.1 265.93644720144147 -144.3805460017773 12.791273 24.111662 -999.0 -999.0 -999.0 -999.0 -999.0 257.5161264561992 17.45672555384486 257.4472617703999 17.431043608859937 26.522506035210057 85.58820740927655 -999.0 16600.0 -999.0 2 -999 {-999.0 -999.0 -999.0 -999.0 -999.0} "" -999.0 -999.0 -999.0 -999.0 -999 -999 "" "" "" "" 0 0 0.0 0.0 -999 ""
FIBERMAP 999 R0C27 BOSS 1 1 0 1 0 0 301.52706386257086 -19.368916197852116 143.1 265.2232150567 -144.55261086023467 12.791273 24.111662 257.51315327833754 17.45576316108373 -6.2900605 4.5218415 0.06641353 257.5131347847524 17.455775843635575 257.4439004635227 17.430280012314665 26.524959731960976 85.59066810411235 5400.0 5400.0 2016.0 1 174 {-999.0 18.602335 18.256582 18.119087 -999.0} sdss_psfmag 18.560432 18.255362 17.81164 -999.0 63050395763853831 978225185 "" ops_std_boss ops_std standard_boss 0 0 0.0 0.0 -999 ""
FIBERMAP 999 R0C27 METROLOGY 0 0 0 1 0 0 301.41031376117184 -18.631557283596404 143.1 265.42791060731344 -143.83491088976177 12.791273 24.111662 -999.0 -999.0 -999.0 -999.0 -999.0 257.5140455081526 17.459052533129107 257.4449082429526 17.433502787946647 26.525652935966455 85.58698998171292 -999.0 6231.0 -999.0 -1 -999 {-999.0 -999.0 -999.0 -999.0 -999.0} "" -999.0 -999.0 -999.0 -999.0 -999 -999 "" "" "" "" 0 0 0.0 0.0 -999 ""
FIBERMAP 1004 R-13C1 APOGEE 0 0 0 1 0 0 -158.5840415370585 -260.5306867062439 143.1 -253.50642432823378 -169.4215873634624 227.6282 100.127914 -999.0 -999.0 -999.0 -999.0 -999.0 255.05782255435395 17.351254132722318 254.99165517512688 17.318559800021802 28.529367897500215 86.95896100030154 -999.0 16600.0 -999.0 2 199 {-999.0 -999.0 -999.0 -999.0 -999.0} "" -999.0 -999.0 -999.0 -999.0 -999 -999 "" ops_sky_apogee_best_unassigned ops_sky sky_apogee 0 0 0.0 0.0 -999 ""
FIBERMAP 1004 R-13C1 BOSS 1 1 0 1 0 0 -159.21496338810778 -260.1508601838973 143.1 -253.91848357785094 -168.81149595472576 227.6282 100.127914 255.05624866605328 17.35384547476587 -3.1698735 -0.9938455 0.06859903 255.05623935141458 17.35384268729552 254.9897222554071 17.32132081421126 28.53230458941335 86.95719606618943 5400.0 5400.0 2016.0 1 340 {-999.0 15.47092 14.56887 14.182896 -999.0} sdss_psfmag_from_g3xp 15.183743 14.571858 13.820323 12.209 63050395765288588 1061612316 bright_1x1 manual_mwm_halo_distant_kgiant_near_boss_single mwm_halo science 0 0 0.0 0.0 -999 ""
FIBERMAP 1004 R-13C1 METROLOGY 0 0 0 1 0 0 -158.5710693782974 -259.7787235722549 143.1 -253.1779648540009 -168.74528049401655 227.6282 100.127914 -999.0 -999.0 -999.0 -999.0 -999.0 255.0595844014134 17.354166117818853 254.99316085047178 17.321603139172133 28.52955146427543 86.95513580775264 -999.0 6231.0 -999.0 -1 -999 {-999.0 -999.0 -999.0 -999.0 -999.0} "" -999.0 -999.0 -999.0 -999.0 -999 -999 "" "" "" "" 0 0 0.0 0.0 -999 ""
FIBERMAP 1009 R-13C2 APOGEE 0 0 0 1 0 0 -141.9125212928513 -262.37767999300263 143.1 -239.16900999242844 -178.11757990774254 273.34824 36.077038 -999.0 -999.0 -999.0 -999.0 -999.0 255.1252579407451 17.31184360121569 255.0591248198067 17.27935683099352 28.45405570189721 86.96330713142623 -999.0 16600.0 -999.0 2 190 {-999.0 -999.0 -999.0 -999.0 -999.0} "" -999.0 -999.0 -999.0 -999.0 -999 -999 "" ops_sky_apogee_best_unassigned ops_sky sky_apogee 0 0 0.0 0.0 -999 ""
FIBERMAP 1009 R-13C2 BOSS 1 1 0 1 0 0 -142.37880378033836 -261.80304341447277 143.1 -239.34975176202445 -177.40020304328513 273.34824 36.077038 255.12472507186772 17.31492093435697 4.4290314 -6.8558283 0.6790374 255.12473808376754 17.314901705596977 255.05825225752324 17.282590820298275 28.456328131359577 86.96052359769065 5400.0 5400.0 2016.0 1 341 {-999.0 15.3054695 14.93387 14.810738 -999.0} sdss_psfmag_from_g3xp 15.242381 14.945123 14.479937 13.689 63050395765288222 977834296 "" ops_std_boss ops_std standard_boss 0 0 0.0 0.0 -999 ""
FIBERMAP 1009 R-13C2 METROLOGY 0 0 0 1 0 0 -141.63770995028776 -261.6842029181087 143.1 -238.6277851211761 -177.6045763335231 273.34824 36.077038 -999.0 -999.0 -999.0 -999.0 -999.0 255.12802177908296 17.314012786355917 255.06163271895582 17.281661021007807 28.453046834721498 86.95970569676331 -999.0 6231.0 -999.0 -1 -999 {-999.0 -999.0 -999.0 -999.0 -999.0} "" -999.0 -999.0 -999.0 -999.0 -999 -999 "" "" "" "" 0 0 0.0 0.0 -999 ""
FIBERMAP 1011 R+6C3 APOGEE 0 0 0 1 0 0 -174.9067956618136 106.9557576114045 143.1 -113.53422520026245 170.6359234227576 270.2965 139.39227 -999.0 -999.0 -999.0 -999.0 -999.0 255.71604452783612 18.891397625981448 255.6453002216398 18.859922770477315 28.706100046387533 85.07652291225884 -999.0 16600.0 -999.0 2 126 {-999.0 -999.0 -999.0 -999.0 -999.0} "" -999.0 -999.0 -999.0 -999.0 -999 -999 "" ops_sky_apogee_best_unassigned ops_sky sky_apogee 0 0 0.0 0.0 -999 ""
FIBERMAP 1011 R+6C3 BOSS 1 1 0 1 0 0 -175.3829925149312 106.39253821557611 143.1 -114.20317744338813 170.32583437376132 270.2965 139.39227 255.71333865982575 18.88991553826536 -61.3805 -22.491251 2.747565 255.71315670435555 18.889852456250114 255.6420723893589 18.858542523940287 28.708162507541992 85.07953556690136 5400.0 5400.0 2016.0 1 27 {-999.0 21.592192 20.068651 18.60741 -999.0} sdss_psfmag 20.885763 19.329027 18.13826 15.793 63050395765438235 1094461194 bright_1x1 mwm_bin_vis_boss mwm_filler science 0 0 0.0 0.0 -999 ""
FIBERMAP 1011 R+6C3 METROLOGY 0 0 0 1 0 0 -175.64870076828404 107.09013020437031 143.1 -114.15028368395758 171.07021500657632 270.2965 139.39227 -999.0 -999.0 -999.0 -999.0 -999.0 255.71332999849085 18.893252671521328 255.64233442462375 18.861893151143878 28.709500940113315 85.0760219539307 -999.0 6231.0 -999.0 -1 -999 {-999.0 -999.0 -999.0 -999.0 -999.0} "" -999.0 -999.0 -999.0 -999.0 -999 -999 "" "" "" "" 0 0 0.0 0.0 -999 ""
FIBERMAP 1012 R+1C12 APOGEE 0 0 0 1 0 0 -47.267707032773345 29.30767668188217 143.1 -30.51217058352858 46.479274005453135 170.94215 86.17447 -999.0 -999.0 -999.0 -999.0 -999.0 256.11292080758875 18.328264639963454 256.043243029462 18.29815456021023 28.11009099501667 85.44075816737984 -999.0 16600.0 -999.0 2 -999 {-999.0 -999.0 -999.0 -999.0 -999.0} "" -999.0 -999.0 -999.0 -999.0 -999 -999 "" "" "" "" 0 0 0.0 0.0 -999 ""
FIBERMAP 1012 R+1C12 BOSS 1 1 0 1 0 0 -47.108949068738134 30.053456784235692 143.1 -30.054137909261705 47.088575579930904 170.94215 86.17447 256.1154160979721 18.33089841895289 15.109222 -5.894054 4.0787487 256.1154607406312 18.330881887707232 256.04542068690915 18.300956364791325 28.10958150136552 85.4368529915372 5400.0 5400.0 2016.0 1 22 {-999.0 18.878296 17.474318 16.18904 -999.0} sdss_psfmag 18.28254 16.889854 15.727396 13.525 63050395765415590 1094849776 bright_1x1 mwm_bin_vis_boss mwm_filler science 0 0 0.0 0.0 -999 ""
FIBERMAP 1012 R+1C12 METROLOGY 0 0 0 1 0 0 -46.55921329282442 29.54155400221265 143.1 -29.771311812383583 46.392929206831774 170.94215 86.17447 -999.0 -999.0 -999.0 -999.0 -999.0 256.11671619601714 18.327756593079414 256.0467821822972 18.297785757119875 28.106951203414283 85.43933822677786 -999.0 6231.0 -999.0 -1 -999 {-999.0 -999.0 -999.0 -999.0 -999.0} "" -999.0 -999.0 -999.0 -999.0 -999 -999 "" "" "" "" 0 0 0.0 0.0 -999 ""
FIBERMAP 1013 R+10C15 APOGEE 0 0 0 1 0 0 128.3498215777575 214.4116308088952 143.1 206.67086440687424 140.34107044101555 169.43175 35.373047 -999.0 -999.0 -999.0 -999.0 -999.0 257.2493068325215 18.746353829635524 257.1774277446443 18.719329191274575 27.35755463949998 84.45076655834782 -999.0 16600.0 -999.0 2 68 {-999.0 -999.0 -999.0 -999.0 -999.0} "" -999.0 -999.0 -999.0 -999.0 -999 -999 "" ops_sky_apogee_best_unassigned ops_sky sky_apogee 0 0 0.0 0.0 -999 ""
FIBERMAP 1013 R+10C15 BOSS 1 1 0 1 0 0 129.01012904554713 214.74793521908134 143.1 207.41117329731708 140.3678857763415 169.43175 35.373047 257.25320515928564 18.746241295897395 -1.8300601 3.7186852 1.9860528 257.25319973891334 18.746251725811792 257.18095079169836 18.719422176135105 27.354649653432162 84.44891558221468 5400.0 5400.0 2016.0 1 228 {-999.0 20.845833 19.329424 17.932602 -999.0} sdss_psfmag 20.147717 18.70576 17.442495 15.137 63050395765445748 1094525085 bright_1x1 mwm_bin_vis_boss mwm_filler science 0 0 0.0 0.0 -999 ""
FIBERMAP 1013 R+10C15 METROLOGY 0 0 0 1 0 0 128.98384175233497 214.0062162559466 143.1 207.0749560599509 139.70647465076982 169.43175 35.373047 -999.0 -999.0 -999.0 -999.0 -999.0 257.2514942669205 18.743341521047313 257.1793579162962 18.71645637819433 27.354594457432846 84.45266139773946 -999.0 6231.0 -999.0 -1 -999 {-999.0 -999.0 -999.0 -999.0 -999.0} "" -999.0 -999.0 -999.0 -999.0 -999 -999 "" "" "" "" 0 0 0.0 0.0 -999 ""
FIBERMAP 1016 R+1C16 APOGEE 0 0 0 1 0 0 53.83106591207405 11.40012155881238 143.1 53.60743835184698 -12.335629851757167 194.98119 163.23174 -999.0 -999.0 -999.0 -999.0 -999.0 256.5157202428508 18.059037261615494 256.44633453569236 18.030195520878735 27.64603261911683 85.50418919789786 -999.0 16600.0 -999.0 2 51 {-999.0 -999.0 -999.0 -999.0 -999.0} "" -999.0 -999.0 -999.0 -999.0 -999 -999 "" ops_sky_apogee_best_unassigned ops_sky sky_apogee 0 0 0.0 0.0 -999 ""
FIBERMAP 1016 R+1C16 BOSS 1 1 0 1 0 0 53.089542759843376 11.40677346797651 143.1 52.93793508346533 -12.017297578448169 194.98119 163.23174 256.5129089355469 18.060309450550548 -999.0 -999.0 -999.0 256.5129089355469 18.060309450550545 256.4431628818012 18.031642349620327 27.649374392803125 85.50435636380874 5400.0 5400.0 2015.5 1 190 {-999.0 -999.0 -999.0 -999.0 -999.0} "" -999.0 -999.0 -999.0 -999.0 27021603155084692 813300812 "" ops_sky_boss_good ops_sky sky_boss 0 0 0.0 0.0 -999 ""
FIBERMAP 1016 R+1C16 METROLOGY 0 0 0 1 0 0 53.46197926264276 12.057745276007903 143.1 53.54977058058103 -11.583947564108781 194.98119 163.23174 -999.0 -999.0 -999.0 -999.0 -999.0 256.5157412215403 18.062325492413905 256.4460891251189 18.033613731357672 27.647851779366235 85.50091165943218 -999.0 6231.0 -999.0 -1 -999 {-999.0 -999.0 -999.0 -999.0 -999.0} "" -999.0 -999.0 -999.0 -999.0 -999 -999 "" "" "" "" 0 0 0.0 0.0 -999 ""
FIBERMAP 1017 R+5C18 APOGEE 0 0 0 1 0 0 132.84496027097774 88.85070866693003 143.1 157.86492342884662 24.607599541283218 225.30173 103.03458 -999.0 -999.0 -999.0 -999.0 -999.0 257.0150745250274 18.224374324924963 256.9447702907778 18.196898985299686 27.306958983272487 85.08662340749487 -999.0 16600.0 -999.0 2 70 {-999.0 -999.0 -999.0 -999.0 -999.0} "" -999.0 -999.0 -999.0 -999.0 -999 -999 "" ops_sky_apogee_best_unassigned ops_sky sky_apogee 0 0 0.0 0.0 -999 ""
FIBERMAP 1017 R+5C18 BOSS 1 1 0 1 0 0 132.31944296684406 89.34568153212665 143.1 157.5969248661192 25.277696443190177 225.30173 103.03458 257.0142415042378 18.22724955099937 -0.28826326 0.77150303 -1.2808152 257.0142406530257 18.227251714858447 256.9435643276491 18.199958396053013 27.309411698476318 85.08419476592968 5400.0 5400.0 2016.0 1 209 {-999.0 20.985558 20.795643 20.633244 20.51407} sdss_psfmag_from_gaiadr2 20.749594 20.798319 20.103458 -999.0 63050395765411422 1056793060 dark_flexible_2x2 bhm_gua_dark bhm_filler science 0 0 0.0 0.0 -999 ""
FIBERMAP 1017 R+5C18 METROLOGY 0 0 0 1 0 0 133.0241104189831 89.57471320388213 143.1 158.33227371627626 25.188569805391936 225.30173 103.03458 -999.0 -999.0 -999.0 -999.0 -999.0 257.0176276608824 18.226871475724145 256.94705242305247 18.199535507300286 27.306289988200902 85.08285641454518 -999.0 6231.0 -999.0 -1 -999 {-999.0 -999.0 -999.0 -999.0 -999.0} "" -999.0 -999.0 -999.0 -999.0 -999 -999 "" "" "" "" 0 0 0.0 0.0 -999 ""
FIBERMAP 1018 R-1C8 APOGEE 0 0 0 1 0 0 -124.23656409258615 -2.708112166379344 143.1 -113.78010913963891 49.86838626310556 120.28105 86.88082 -999.0 -999.0 -999.0 -999.0 -999.0 255.7137461369262 18.343872025684725 255.64441799868928 18.312618572561835 28.45122606841729 85.62805910901568 -999.0 16600.0 -999.0 2 -999 {-999.0 -999.0 -999.0 -999.0 -999.0} "" -999.0 -999.0 -999.0 -999.0 -999 -999 "" "" "" "" 0 0 0.0 0.0 -999 ""
FIBERMAP 1018 R-1C8 BOSS 1 1 0 1 0 0 -123.58050388868395 -2.364180081573146 143.1 -113.04043856134501 49.90390604446676 120.28105 86.88082 255.71733356513562 18.34390401543559 -22.889795 -7.9208784 0.74886596 255.71758200412248 18.34388179948415 255.64790102101736 18.31281531485066 28.448398137707258 85.6260974474538 5400.0 5400.0 2016.0 1 482 {-999.0 13.623907 13.057731 12.809729 -999.0} sdss_psfmag_from_g3xp 13.480239 13.062046 12.46363 11.232 63050395765424790 1076117708 bright_1x1 mwm_halo_mp_xp_boss_single mwm_halo science 0 0 1.080051064491272 0.0 -999 ""
FIBERMAP 1018 R-1C8 METROLOGY 0 0 0 1 0 0 -123.60762050440816 -3.1094747747543643 143.1 -113.3789136683703 49.239602248626014 120.28105 86.88082 -999.0 -999.0 -999.0 -999.0 -999.0 255.71587145743771 18.340904457280057 255.64629852221617 18.309784530775634 28.44831997549202 85.62995331045022 -999.0 6231.0 -999.0 -1 -999 {-999.0 -999.0 -999.0 -999.0 -999.0} "" -999.0 -999.0 -999.0 -999.0 -999 -999 "" "" "" "" 0 0 0.0 0.0 -999 ""
FIBERMAP 1019 R+3C24 APOGEE 1 1 0 1 0 0 244.82062148366768 68.39288266280045 143.1 250.77202775678074 -41.10044800597971 163.17412 91.27919 257.4517731516802 17.922988512435722 -2.7762005 -14.518747 1.8713868 257.4522555667287 17.922947791243306 257.3822797868574 17.896871240829203 26.798556063812654 85.16266664200279 16000.0 16600.0 2016.0 2 84 {-999.0 8.876134 7.5407276 6.9127264 -999.0} sdss_psfmag_from_g3xp 8.349388 7.4566236 6.5279636 4.607 63050395763860258 1110696207 bright_1x1 mwm_tess_rgb_apogee mwm_tessrgb science 0 0 1.6804455518722534 0.0 -999 ""
FIBERMAP 1019 R+3C24 BOSS 0 0 0 1 0 0 245.0210166808855 69.10425466025882 143.1 251.25331960500202 -40.53987868720881 163.17412 91.27919 -999.0 -999.0 -999.0 -999.0 -999.0 257.4549362574882 17.92527390991476 257.38457881543263 17.899395173597213 26.797826154996464 85.15901498842248 -999.0 5400.0 -999.0 1 246 {-999.0 -999.0 -999.0 -999.0 -999.0} "" -999.0 -999.0 -999.0 -999.0 -999 -999 "" "" "" "" 0 0 0.0 0.0 -999 ""
FIBERMAP 1019 R+3C24 METROLOGY 0 0 0 1 0 0 245.54287819679402 68.57714986793138 143.1 251.50447089011365 -41.237568444923234 163.17412 91.27919 -999.0 -999.0 -999.0 -999.0 -999.0 257.45596729723064 17.922163701067138 257.38572224405664 17.89623528003956 26.79537012479812 85.16155410671098 -999.0 6231.0 -999.0 -1 -999 {-999.0 -999.0 -999.0 -999.0 -999.0} "" -999.0 -999.0 -999.0 -999.0 -999 -999 "" "" "" "" 0 0 0.0 0.0 -999 ""
FIBERMAP 1025 R-7C7 APOGEE 1 1 0 1 0 0 -70.29785411548781 -140.3482097160783 143.1 -122.84513568864674 -97.64046324535042 294.21155 148.4787 255.6713035132677 17.673154016815015 2.7231896 -56.739067 4.3946886 255.6713115294085 17.67299487894946 255.6037375223202 17.641903992274056 28.169102463778152 86.32061839939739 16000.0 16600.0 2016.0 2 294 {-999.0 10.327067 9.891966 9.746504 -999.0} sdss_psfmag_from_g3xp 10.244583 9.916227 9.415907 8.559 63050395765403118 975093741 "" ops_std_apogee ops_std standard_apogee 0 0 0.0 0.0 -999 ""
FIBERMAP 1025 R-7C7 BOSS 0 0 0 1 0 0 -70.3779251304915 -141.08202745671446 143.1 -123.22678844903757 -98.27205904327737 294.21155 148.4787 -999.0 -999.0 -999.0 -999.0 -999.0 255.66980908746046 17.669914911537155 255.60189213078752 17.63900159859919 28.169275394544904 86.32446292030886 -999.0 5400.0 -999.0 1 410 {-999.0 -999.0 -999.0 -999.0 -999.0} "" -999.0 -999.0 -999.0 -999.0 -999 -999 "" "" "" "" 0 0 0.0 0.0 -999 ""
FIBERMAP 1025 R-7C7 METROLOGY 0 0 0 1 0 0 -70.98506754319385 -140.6431670860879 143.1 -123.5924251727367 -97.61845936371992 294.21155 148.4787 -999.0 -999.0 -999.0 -999.0 -999.0 255.66796859937938 17.672942958626997 255.60014526693124 17.64197206508949 28.17214909701209 86.3223907727916 -999.0 6231.0 -999.0 -1 -999 {-999.0 -999.0 -999.0 -999.0 -999.0} "" -999.0 -999.0 -999.0 -999.0 -999 -999 "" "" "" "" 0 0 0.0 0.0 -999 ""
FIBERMAP 1028 R+9C8 APOGEE 0 0 0 1 0 0 -16.23350226740854 187.16236172004955 143.1 64.1074876962697 176.52840287086156 102.75022 34.82274 -999.0 -999.0 -999.0 -999.0 -999.0 256.5688420774259 18.91679002214215 256.4971975757561 18.887734990390214 28.00559518097794 84.6221897726573 -999.0 16600.0 -999.0 2 2 {-999.0 -999.0 -999.0 -999.0 -999.0} "" -999.0 -999.0 -999.0 -999.0 -999 -999 "" ops_sky_apogee_best_unassigned ops_sky sky_apogee 0 0 0.0 0.0 -999 ""
FIBERMAP 1028 R+9C8 BOSS 1 1 0 1 0 0 -15.702164084812853 186.64891589709396 143.1 64.37298367483606 175.83910585903288 102.75022 34.82274 256.5704714617951 18.913562371813565 5.206395 -7.599828 1.0405567 256.57048689774274 18.913541056334363 256.4984918031848 18.884670239624754 28.00308376132775 84.62461494808241 5400.0 5400.0 2016.0 1 124 {-999.0 18.787548 17.496647 16.957012 -999.0} sdss_psfmag 18.249899 17.458845 16.59016 14.976 63050395765469658 1095385622 bright_1x1 mwm_bin_vis_boss mwm_filler science 0 0 0.0 0.0 -999 ""
FIBERMAP 1028 R+9C8 METROLOGY 0 0 0 1 0 0 -16.415778877038044 186.44191038960847 143.1 63.638799265643755 175.95197088150724 102.75022 34.82274 -999.0 -999.0 -999.0 -999.0 -999.0 256.56685973166344 18.91411534469604 256.49496778996195 18.885183481151547 28.006273086551644 84.62586020767736 -999.0 6231.0 -999.0 -1 -999 {-999.0 -999.0 -999.0 -999.0 -999.0} "" -999.0 -999.0 -999.0 -999.0 -999 -999 "" "" "" "" 0 0 0.0 0.0 -999 ""
FIBERMAP 1032 R+2C8 APOGEE 0 0 0 1 0 0 -127.67523519892116 41.85849411624903 143.1 -98.12803717217473 91.72310735297702 189.36266 94.61625 -999.0 -999.0 -999.0 -999.0 -999.0 255.788905297041 18.53422002883999 255.71901425139743 18.503100442101335 28.477915079210703 85.39891119547553 -999.0 16600.0 -999.0 2 -999 {-999.0 -999.0 -999.0 -999.0 -999.0} "" -999.0 -999.0 -999.0 -999.0 -999 -999 "" "" "" "" 0 0 0.0 0.0 -999 ""
FIBERMAP 1032 R+2C8 BOSS 1 1 0 1 0 0 -127.86059314370198 42.58743100326674 143.1 -97.98909222182081 92.46206646946644 189.36266 94.61625 255.78988763571405 18.537492423352376 -1.5086179 -18.973793 0.52502006 255.78988317289722 18.53743920695176 255.71963349803457 18.506496424362574 28.47898453598382 85.3951839522647 5400.0 5400.0 2016.0 1 44 {-999.0 17.227741 16.669422 16.723873 -999.0} sdss_psfmag 17.096243 16.688545 16.127531 15.387 63050395765432889 1072605383 bright_1x1 mwm_halo_local_high_boss_single mwm_halo science 0 0 0.0 0.0 -999 ""
FIBERMAP 1032 R+2C8 METROLOGY 0 0 0 1 0 0 -127.14462709960578 42.38301010785722 143.1 -97.42605316378452 91.97518986922087 189.36266 94.61625 -999.0 -999.0 -999.0 -999.0 -999.0 255.79248626360572 18.535273933873714 255.7223384618054 18.504289821584948 28.475685153018404 85.39603779122228 -999.0 6231.0 -999.0 -1 -999 {-999.0 -999.0 -999.0 -999.0 -999.0} "" -999.0 -999.0 -999.0 -999.0 -999 -999 "" "" "" "" 0 0 0.0 0.0 -999 ""
FIBERMAP 1034 R+13C2 APOGEE 1 1 0 1 0 0 -141.40271182985924 251.70058178704318 143.1 -22.196615445328803 287.75872790654347 215.86195 76.24642 256.15560868078325 19.416624052872262 -3.6587782 -15.386542 1.352116 256.15587447517987 19.416580897747494 256.0833316728291 19.386138544641362 28.583152541592817 84.32667027978218 16000.0 16600.0 2016.0 2 113 {-999.0 10.763292 9.5374775 9.053008 -999.0} sdss_psfmag_from_g3xp 10.301272 9.530848 8.679956 6.852 63050395765477351 1108383019 bright_1x1 mwm_tess_rgb_apogee mwm_tessrgb science 0 0 0.9393824338912964 0.0 -999 ""
FIBERMAP 1034 R+13C2 BOSS 0 0 0 1 0 0 -141.67524083272275 252.39696468483618 143.1 -22.15041496755629 288.50488495215797 215.86195 76.24642 -999.0 -999.0 -999.0 -999.0 -999.0 256.1564603983783 19.4196975072896 256.08355722969327 19.389428089470222 28.58448235446916 84.32323533215452 -999.0 5400.0 -999.0 1 95 {-999.0 -999.0 -999.0 -999.0 -999.0} "" -999.0 -999.0 -999.0 -999.0 -999 -999 "" "" "" "" 0 0 0.0 0.0 -999 ""
FIBERMAP 1034 R+13C2 METROLOGY 0 0 0 1 0 0 -140.94464869691586 252.29511836405698 143.1 -21.530914605571326 288.10484802942665 215.86195 76.24642 -999.0 -999.0 -999.0 -999.0 -999.0 256.15932286796334 19.417971374986234 256.08652092776265 19.38766197783095 28.581187138059207 84.32354971255484 -999.0 6231.0 -999.0 -1 -999 {-999.0 -999.0 -999.0 -999.0 -999.0} "" -999.0 -999.0 -999.0 -999.0 -999 -999 "" "" "" "" 0 0 0.0 0.0 -999 ""
FIBERMAP 1036 R0C17 APOGEE 0 0 0 1 0 0 78.51045414261955 -6.400811281326225 143.1 68.4860254102407 -38.86893148533334 330.9711 117.496544 -999.0 -999.0 -999.0 -999.0 -999.0 256.58642014933196 17.937892176180085 256.51727291669215 17.909305958426383 27.529442531862685 85.5884282983937 -999.0 16600.0 -999.0 2 47 {-999.0 -999.0 -999.0 -999.0 -999.0} "" -999.0 -999.0 -999.0 -999.0 -999 -999 "" ops_sky_apogee_best_unassigned ops_sky sky_apogee 0 0 0.0 0.0 -999 ""
FIBERMAP 1036 R0C17 BOSS 1 1 0 1 0 0 78.50491076489644 -7.153955125907627 143.1 68.16380399841027 -39.54943757003293 330.9711 117.496544 256.5852659578091 17.93460272940283 -1.5220156 -3.3036742 0.10036121 256.5852614709406 17.934593463482656 256.5157625608837 17.90618990245597 27.529235066556488 85.5922909163849 5400.0 5400.0 2016.0 1 181 {-999.0 16.187057 15.290056 14.920623 -999.0} sdss_psfmag 15.898325 15.302728 14.564037 12.926 63050395765408771 1061551332 bright_1x1 manual_mwm_halo_distant_kgiant_near_boss_single mwm_halo science 0 0 0.0 0.0 -999 ""
FIBERMAP 1036 R0C17 METROLOGY 0 0 0 1 0 0 77.848640489674 -6.759745683543904 143.1 67.73482004099053 -38.91563004160356 330.9711 117.496544 -999.0 -999.0 -999.0 -999.0 -999.0 256.5831133854512 17.937544548054362 256.51371140768356 17.9090812178617 27.532322177356747 85.59045910771732 -999.0 6231.0 -999.0 -1 -999 {-999.0 -999.0 -999.0 -999.0 -999.0} "" -999.0 -999.0 -999.0 -999.0 -999 -999 "" "" "" "" 0 0 0.0 0.0 -999 ""
FIBERMAP 1037 R+4C11 APOGEE 0 0 0 1 0 0 -24.927506940079528 64.09446502157775 143.1 4.393526809977154 68.6100076005504 264.55945 112.74576 -999.0 -999.0 -999.0 -999.0 -999.0 256.2807792267607 18.42861965532977 256.21067898320973 18.398946638685253 28.01706936368278 85.25536817827248 -999.0 16600.0 -999.0 2 -999 {-999.0 -999.0 -999.0 -999.0 -999.0} "" -999.0 -999.0 -999.0 -999.0 -999 -999 "" "" "" "" 0 0 0.0 0.0 -999 ""
FIBERMAP 1037 R+4C11 BOSS 1 1 0 1 0 0 -25.62877135400939 63.851021446091494 143.1 3.655193592758006 68.68463440075503 264.55945 112.74576 256.27759469588955 18.428824049122408 -1.1772548 0.85878986 1.2492445 256.2775912155222 18.4288264577976 256.20713816923904 18.399323424262036 28.02021338480624 85.25677660825579 5400.0 5400.0 2016.0 1 113 {-999.0 18.935547 17.52597 16.919794 -999.0} sdss_psfmag 18.356997 17.440903 16.502937 14.644 63050395765416232 1095493183 bright_1x1 mwm_bin_vis_boss mwm_filler science 0 0 0.0 0.0 -999 ""
FIBERMAP 1037 R+4C11 METROLOGY 0 0 0 1 0 0 -25.489339591158963 64.58538869455846 143.1 4.090897433736226 69.29172792712684 264.55945 112.74576 -999.0 -999.0 -999.0 -999.0 -999.0 256.27959063280326 18.43162756223665 256.2092288419225 18.40207837668784 28.019753641131587 85.25296634158855 -999.0 6231.0 -999.0 -1 -999 {-999.0 -999.0 -999.0 -999.0 -999.0} "" -999.0 -999.0 -999.0 -999.0 -999 -999 "" "" "" "" 0 0 0.0 0.0 -999 ""
FIBERMAP 1039 R-1C4 APOGEE 0 0 0 1 0 0 -216.17110973731005 2.138209047341647 143.1 -195.0918303778374 92.98164917755514 173.57126 21.113054 -999.0 -999.0 -999.0 -999.0 -999.0 255.32614542492092 18.5383590534783 255.2566922699209 18.505926379807203 28.866803062985326 85.62965509208425 -999.0 16600.0 -999.0 2 -999 {-999.0 -999.0 -999.0 -999.0 -999.0} "" -999.0 -999.0 -999.0 -999.0 -999 -999 "" "" "" "" 0 0 0.0 0.0 -999 ""
FIBERMAP 1039 R-1C4 BOSS 1 1 0 1 0 0 -215.448321439155 2.3353580658434243 143.1 -194.35347995200354 92.85598420056365 173.57126 21.113054 255.33012626634036 18.537869954049416 -58.509247 -76.66805 1.483574 255.3299531831604 18.537654920645696 255.26015440754563 18.505405621973225 28.863657052843777 85.62842941455679 5400.0 5400.0 2016.0 1 432 {-999.0 18.23876 17.134525 16.676788 -999.0} sdss_psfmag 17.854008 17.131159 16.318836 14.692 63050395765429406 1072759833 bright_1x1 mwm_halo_local_high_boss_single mwm_halo science 0 0 0.0 0.0 -999 ""
FIBERMAP 1039 R-1C4 METROLOGY 0 0 0 1 0 0 -215.64684442971443 1.6073532592376765 143.1 -194.8400794622904 92.27954617973168 173.57126 21.113054 -999.0 -999.0 -999.0 -999.0 -999.0 255.3275504880852 18.535076925068147 255.2578577847206 18.50277318558779 28.86435266245801 85.63224886800617 -999.0 6231.0 -999.0 -1 -999 {-999.0 -999.0 -999.0 -999.0 -999.0} "" -999.0 -999.0 -999.0 -999.0 -999 -999 "" "" "" "" 0 0 0.0 0.0 -999 ""
FIBERMAP 1040 R+5C11 APOGEE 0 0 0 1 0 0 -14.365848063628947 80.20641500261766 143.1 20.755034535177195 78.76980036327964 286.9962 85.8522 -999.0 -999.0 -999.0 -999.0 -999.0 256.35949697853476 18.474588552595012 256.28920111790444 18.445121215272803 27.972926921940108 85.1696139173045 -999.0 16600.0 -999.0 2 20 {-999.0 -999.0 -999.0 -999.0 -999.0} "" -999.0 -999.0 -999.0 -999.0 -999 -999 "" ops_sky_apogee_best_unassigned ops_sky sky_apogee 0 0 0.0 0.0 -999 ""
FIBERMAP 1040 R+5C11 BOSS 1 1 0 1 0 0 -15.099845912399202 80.05005711448898 143.1 20.02370059713383 78.93716981002677 286.9962 85.8522 256.3563537597656 18.47522286705353 -999.0 -999.0 -999.0 256.3563537597656 18.475222867053528 256.28570284661794 18.445925824479605 27.97623542182538 85.17057101909684 5400.0 5400.0 2015.5 1 137 {-999.0 -999.0 -999.0 -999.0 -999.0} "" -999.0 -999.0 -999.0 -999.0 27021603155086404 813300965 "" ops_sky_boss_good ops_sky sky_boss 0 0 0.0 0.0 -999 ""
FIBERMAP 1040 R+5C11 METROLOGY 0 0 0 1 0 0 -14.875503126293601 80.75943471957858 143.1 20.525864656249144 79.48584509346946 286.9962 85.8522 -999.0 -999.0 -999.0 -999.0 -999.0 256.35867008674506 18.477753907874153 256.2881113351841 18.44841153901679 27.97538271115652 85.16687196645887 -999.0 6231.0 -999.0 -1 -999 {-999.0 -999.0 -999.0 -999.0 -999.0} "" -999.0 -999.0 -999.0 -999.0 -999 -999 "" "" "" "" 0 0 0.0 0.0 -999 ""
FIBERMAP 1044 R+13C10 APOGEE 0 0 0 1 0 0 45.34915213087196 262.3318470430256 143.1 151.60015931927603 218.74483663329207 146.47755 104.090996 -999.0 -999.0 -999.0 -999.0 -999.0 256.9875847149393 19.102428922328716 256.9150435035583 19.074497443746118 27.742845299389003 84.22711306936009 -999.0 16600.0 -999.0 2 50 {-999.0 -999.0 -999.0 -999.0 -999.0} "" -999.0 -999.0 -999.0 -999.0 -999 -999 "" ops_sky_apogee_best_unassigned ops_sky sky_apogee 0 0 0.0 0.0 -999 ""
FIBERMAP 1044 R+13C10 BOSS 1 1 0 1 0 0 45.57587285223071 263.0441430561316 143.1 152.1057084647183 219.2951564068004 146.47755 104.090996 256.9905363056832 19.104706258058833 -60.559334 -8.242236 1.2018219 256.99035655258234 19.10468314070988 256.9174448417012 19.07693844797775 27.7419718407709 84.22347883081216 5400.0 5400.0 2016.0 1 164 {-999.0 16.381329 15.773604 15.545861 -999.0} sdss_psfmag 16.217167 15.788637 15.189706 13.967 63050395765452378 1073337173 bright_1x1 mwm_halo_local_high_boss_single mwm_halo science 0 0 0.0 0.0 -999 ""
FIBERMAP 1044 R+13C10 METROLOGY 0 0 0 1 0 0 46.083219185608186 262.4916230233053 143.1 152.33299557333342 218.5805370659372 146.47755 104.090996 -999.0 -999.0 -999.0 -999.0 -999.0 256.9913391929654 19.10151890587103 256.9185369996012 19.073727556291498 27.739564449742517 84.22614776345449 -999.0 6231.0 -999.0 -1 -999 {-999.0 -999.0 -999.0 -999.0 -999.0} "" -999.0 -999.0 -999.0 -999.0 -999 -999 "" "" "" "" 0 0 0.0 0.0 -999 ""
FIBERMAP 1046 R+5C21 APOGEE 0 0 0 1 0 0 207.8110827600641 111.98517495395954 143.1 235.5766004130667 14.009677734326173 127.46055 95.35567 -999.0 -999.0 -999.0 -999.0 -999.0 257.3832333366092 18.1731464044254 257.31269046309615 18.146759101339264 26.975091704463736 84.95094588998069 -999.0 16600.0 -999.0 2 -999 {-999.0 -999.0 -999.0 -999.0 -999.0} "" -999.0 -999.0 -999.0 -999.0 -999 -999 "" "" "" "" 0 0 0.0 0.0 -999 ""
FIBERMAP 1046 R+5C21 BOSS 1 1 0 1 0 0 208.33479651301204 112.50141377353273 143.1 236.26884760653988 14.257159356887357 127.46055 95.35567 257.38700821183977 18.17403279430942 -33.600147 5.798844 0.8350807 257.38690902431193 18.17404905848572 257.3159897974067 18.14786062468623 26.972848392739017 84.9481950989485 5400.0 5400.0 2016.0 1 237 {-999.0 15.423463 14.992407 14.836176 -999.0} sdss_psfmag 15.339328 15.010989 14.505619 13.569 63050395763900542 1073336577 bright_1x1 mwm_halo_local_high_boss_single mwm_halo science 0 0 0.0 0.0 -999 ""
FIBERMAP 1046 R+5C21 METROLOGY 0 0 0 1 0 0 208.52856517257985 111.78052655244514 143.1 236.14091847542227 13.521956228207413 127.46055 95.35567 -999.0 -999.0 -999.0 -999.0 -999.0 257.3861668878845 18.170776432803482 257.3153614900474 18.14453391974076 26.97180352253401 84.95180168338072 -999.0 6231.0 -999.0 -1 -999 {-999.0 -999.0 -999.0 -999.0 -999.0} "" -999.0 -999.0 -999.0 -999.0 -999 -999 "" "" "" "" 0 0 0.0 0.0 -999 ""
FIBERMAP 1051 R-5C20 APOGEE 1 1 0 1 0 0 185.0716548241711 -118.582619136957 143.1 117.85344258669089 -185.4585131728122 332.74637 18.55439 256.81672416671074 17.272560677487064 10.578173 -10.759036 3.483695 256.81675523680804 17.27253050127415 256.7490596432892 17.24490000322189 27.01918225122251 86.12787930377964 16000.0 16600.0 2016.0 2 233 {-999.0 13.274378 12.524071 12.233746 -999.0} sdss_psfmag_from_g3xp 13.057415 12.550694 11.883023 10.549 63050395763846918 1094113689 bright_1x1 mwm_bin_vis_apogee mwm_filler science 0 0 0.0 0.0 -999 ""
FIBERMAP 1051 R-5C20 BOSS 0 0 0 1 0 0 184.33025987169898 -118.51016387385226 143.1 117.21176941621746 -185.08057403009735 332.74637 18.55439 -999.0 -999.0 -999.0 -999.0 -999.0 256.81412348380695 17.27400872147594 256.74605912262837 17.246560854961423 27.022493102205864 86.12777854806245 -999.0 5400.0 -999.0 1 278 {-999.0 -999.0 -999.0 -999.0 -999.0} "" -999.0 -999.0 -999.0 -999.0 -999 -999 "" "" "" "" 0 0 0.0 0.0 -999 ""
FIBERMAP 1051 R-5C20 METROLOGY 0 0 0 1 0 0 184.759497354029 -117.90074071134174 143.1 117.85760503224213 -184.7088166620203 332.74637 18.55439 -999.0 -999.0 -999.0 -999.0 -999.0 256.8170924733208 17.275740334814014 256.74912470820755 17.248246300535293 27.020726524257753 86.1245461784589 -999.0 6231.0 -999.0 -1 -999 {-999.0 -999.0 -999.0 -999.0 -999.0} "" -999.0 -999.0 -999.0 -999.0 -999 -999 "" "" "" "" 0 0 0.0 0.0 -999 ""
FIBERMAP 1054 R-2C7 APOGEE 0 0 0 1 0 0 -140.47014868109247 -47.41414360365834 143.1 -147.32682745480153 16.172459270886648 209.48462 140.8925 -999.0 -999.0 -999.0 -999.0 -999.0 255.5535206080501 18.19042569720951 255.48474165977404 18.15878171212848 28.51289101531983 85.86360156960541 -999.0 16600.0 -999.0 2 255 {-999.0 -999.0 -999.0 -999.0 -999.0} "" -999.0 -999.0 -999.0 -999.0 -999 -999 "" ops_sky_apogee_best_unassigned ops_sky sky_apogee 0 0 0.0 0.0 -999 ""
FIBERMAP 1054 R-2C7 BOSS 1 1 0 1 0 0 -141.20052477372283 -47.27604386689368 143.1 -147.9308633831132 16.605274502577906 209.48462 140.8925 255.550978352214 18.192233656702676 -17.56522 -5.023357 0.15030476 255.55092649433925 18.192219567526863 255.481797710944 18.1607434690761 28.516282213131568 85.86312731935033 5400.0 5400.0 2016.0 1 471 {-999.0 18.364706 17.971994 17.831667 -999.0} sdss_psfmag 18.307491 17.971226 17.528862 -999.0 63050395765424029 976253269 "" ops_std_boss ops_std standard_boss 0 0 0.0 0.0 -999 ""
FIBERMAP 1054 R-2C7 METROLOGY 0 0 0 1 0 0 -140.71443538985173 -46.711023388983854 143.1 -147.25218349204565 16.91283015254646 209.48462 140.8925 -999.0 -999.0 -999.0 -999.0 -999.0 255.5540739192582 18.1936713753855 255.48503679962107 18.16215374504631 28.514228400518682 85.8600643620523 -999.0 6231.0 -999.0 -1 -999 {-999.0 -999.0 -999.0 -999.0 -999.0} "" -999.0 -999.0 -999.0 -999.0 -999 -999 "" "" "" "" 0 0 0.0 0.0 -999 ""
FIBERMAP 1056 R-6C9 APOGEE 0 0 0 1 0 0 -55.46832228661455 -120.74338892267296 143.1 -101.14308056215212 -86.11131126717342 184.66492 134.20976 -999.0 -999.0 -999.0 -999.0 -999.0 255.7745772532845 17.72513796647122 255.7067691447204 17.694319388631886 28.10748263952786 86.2155259007443 -999.0 16600.0 -999.0 2 -999 {-999.0 -999.0 -999.0 -999.0 -999.0} "" -999.0 -999.0 -999.0 -999.0 -999 -999 "" "" "" "" 0 0 0.0 0.0 -999 ""
FIBERMAP 1056 R-6C9 BOSS 1 1 0 1 0 0 -56.03322934355141 -120.26085885609132 143.1 -101.45203242736937 -85.43590621331676 184.66492 134.20976 255.77288786682837 17.72893709606906 -44.791317 -336.07333 20.948557 255.77340013374413 17.727994500460845 255.7052390956377 17.69734949737266 28.110201665156538 86.21328313679756 5400.0 5400.0 2016.0 1 399 {-999.0 10.977918 10.119928 9.797114 -999.0} sdss_psfmag_from_g3xp 10.708729 10.154878 9.448673 8.044 63050395765402135 1151007432 bright_1x1 mwm_snc_100pc_boss_single mwm_snc science 0 0 2.208834648132324 0.0 -999 ""
FIBERMAP 1056 R-6C9 METROLOGY 0 0 0 1 0 0 -55.32814376549928 -120.0105779219847 143.1 -100.70735510220038 -85.50594322492037 184.66492 134.20976 -999.0 -999.0 -999.0 -999.0 -999.0 255.776865981785 17.72772492451019 255.708796733417 17.69704104631614 28.10707048844666 86.21177117174216 -999.0 6231.0 -999.0 -1 -999 {-999.0 -999.0 -999.0 -999.0 -999.0} "" -999.0 -999.0 -999.0 -999.0 -999 -999 "" "" "" "" 0 0 0.0 0.0 -999 ""
FIBERMAP 1058 R-4C23 APOGEE 1 1 0 1 0 0 259.78909545859176 -60.65935698355396 143.1 209.991366337388 -164.4103049726305 123.1101 25.863731 257.2528631444811 17.366859582862027 1.816229 1.4199388 0.86462796 257.25286848182935 17.366863565409464 257.184496695607 17.340455584583715 26.699586395118537 85.81114690065186 16000.0 16600.0 2016.0 2 221 {-999.0 11.39036 10.673478 10.413765 -999.0} sdss_psfmag_from_g3xp 11.192056 10.711572 10.067963 8.797 63050395763851758 996654748 bright_1x1 mwm_bin_gaia_sb_apogee mwm_bin science 0 0 0.0 0.0 -999 ""
FIBERMAP 1058 R-4C23 BOSS 0 0 0 1 0 0 260.425682075157 -61.026217626472146 143.1 210.4140223026268 -165.0110266006136 123.1101 25.863731 -999.0 -999.0 -999.0 -999.0 -999.0 257.2551869950686 17.363962998172745 257.1864476959197 17.337756286134635 26.69666087818092 85.8128056974308 -999.0 5400.0 -999.0 1 252 {-999.0 -999.0 -999.0 -999.0 -999.0} "" -999.0 -999.0 -999.0 -999.0 -999 -999 "" "" "" "" 0 0 0.0 0.0 -999 ""
FIBERMAP 1058 R-4C23 METROLOGY 0 0 0 1 0 0 259.7842181074054 -61.41031612430739 143.1 209.67066889506145 -165.08911079225456 123.1101 25.863731 -999.0 -999.0 -999.0 -999.0 -999.0 257.2515829530986 17.363670532749843 257.1829535266212 17.337398728288292 26.699420437969394 85.8149405684876 -999.0 6231.0 -999.0 -1 -999 {-999.0 -999.0 -999.0 -999.0 -999.0} "" -999.0 -999.0 -999.0 -999.0 -999 -999 "" "" "" "" 0 0 0.0 0.0 -999 ""
FIBERMAP 1063 R0C13 APOGEE 0 0 0 1 0 0 -18.911866626836385 -12.867144724660687 143.1 -22.5656671609385 -3.701088377334195 287.08337 116.82731 -999.0 -999.0 -999.0 -999.0 -999.0 256.1506048061838 18.09955863828895 256.0814755438722 18.06965342645571 27.970533407036385 85.64984351212883 -999.0 16600.0 -999.0 2 292 {-999.0 -999.0 -999.0 -999.0 -999.0} "" -999.0 -999.0 -999.0 -999.0 -999 -999 "" ops_sky_apogee_best_unassigned ops_sky sky_apogee 0 0 0.0 0.0 -999 ""
FIBERMAP 1063 R0C13 BOSS 1 1 0 1 0 0 -19.4287608194823 -13.397283160094615 143.1 -23.25758536253604 -3.96404427864627 287.08337 116.82731 256.14765216832365 18.09816469812293 -9.165658 6.975222 1.1988372 256.14762512306254 18.09818426174827 256.07814733292395 18.068451526003585 27.972757553624497 85.65273237890736 5400.0 5400.0 2016.0 1 430 {-999.0 18.148464 16.762962 16.224968 -999.0} sdss_psfmag 17.334476 16.726374 15.781145 -999.0 63050395765414836 1092622422 dark_flexible_2x1 mwm_cb_galex_vol_boss mwm_cb science 0 0 0.0 0.0 -999 ""
FIBERMAP 1063 R0C13 METROLOGY 0 0 0 1 0 0 -19.64184062201092 -12.685770929971099 143.1 -23.151113141904787 -3.229207903817874 287.08337 116.82731 -999.0 -999.0 -999.0 -999.0 -999.0 256.1480445068879 18.10158383178987 256.0786579423748 18.07179980281975 27.97390748044277 85.64912957233378 -999.0 6231.0 -999.0 -1 -999 {-999.0 -999.0 -999.0 -999.0 -999.0} "" -999.0 -999.0 -999.0 -999.0 -999 -999 "" "" "" "" 0 0 0.0 0.0 -999 ""
FIBERMAP 1068 R-2C8 APOGEE 0 0 0 1 0 0 -124.06714187851465 -52.278460068858294 143.1 -134.50364339817207 4.853886768229305 261.83566 78.7077 -999.0 -999.0 -999.0 -999.0 -999.0 255.61474821242606 18.138997909641674 255.546041454739 18.107549310426755 28.437386631369193 85.88387355179037 -999.0 16600.0 -999.0 2 -999 {-999.0 -999.0 -999.0 -999.0 -999.0} "" -999.0 -999.0 -999.0 -999.0 -999 -999 "" "" "" "" 0 0 0.0 0.0 -999 ""
FIBERMAP 1068 R-2C8 BOSS 1 1 0 1 0 0 -124.77613047521557 -52.03195070632279 143.1 -135.04263026838373 5.375984403045177 261.83566 78.7077 255.61240528757804 18.141327303408126 18.826775 -46.42131 10.177583 255.6124608537068 18.14119710407488 255.54340452417813 18.109916727044393 28.44071210519764 85.88283879148861 5400.0 5400.0 2016.0 1 450 {-999.0 17.561558 16.13332 14.774283 -999.0} sdss_psfmag 16.963867 15.468681 14.276654 12.05 63050395765422908 1151020889 bright_1x1 mwm_snc_100pc_boss_single mwm_snc science 0 0 0.0 0.0 -999 ""
FIBERMAP 1068 R-2C8 METROLOGY 0 0 0 1 0 0 -124.21470763986487 -51.54710083661402 143.1 -134.32941382082083 5.579125485761312 261.83566 78.7077 -999.0 -999.0 -999.0 -999.0 -999.0 255.6157784570465 18.142172321118604 255.54681261282587 18.110851974129133 28.438293627937753 85.88016714813443 -999.0 6231.0 -999.0 -1 -999 {-999.0 -999.0 -999.0 -999.0 -999.0} "" -999.0 -999.0 -999.0 -999.0 -999 -999 "" "" "" "" 0 0 0.0 0.0 -999 ""
FIBERMAP 1069 R+11C10 APOGEE 0 0 0 1 0 0 38.292288886696035 205.0861873003855 143.1 121.0923368777481 169.8149223967081 265.85178 146.84851 -999.0 -999.0 -999.0 -999.0 -999.0 256.84185264999707 18.884230466061858 256.7700226850968 18.855972541301007 27.762402484232744 84.5178082457071 -999.0 16600.0 -999.0 2 18 {-999.0 -999.0 -999.0 -999.0 -999.0} "" -999.0 -999.0 -999.0 -999.0 -999 -999 "" ops_sky_apogee_best_unassigned ops_sky sky_apogee 0 0 0.0 0.0 -999 ""
FIBERMAP 1069 R+11C10 BOSS 1 1 0 1 0 0 37.856674179638226 204.48753047484416 143.1 120.44525369741709 169.4556122132161 265.85178 146.84851 256.83914443672523 18.882497323471032 0.121246554 -0.20121838 0.178944 256.839144796131 18.88249675910744 256.76696099468614 18.854412034994752 27.764237265524294 84.52089572768007 5400.0 5400.0 2016.0 1 109 {-999.0 19.255405 18.67881 18.192371 17.76056} sdss_psfmag_from_gaiadr2 19.538784 18.882053 18.088783 16.145 63050395765451437 1057674581 bright_flexible_2x1 bhm_gua_bright bhm_filler science 0 0 0.0 0.0 -999 ""
FIBERMAP 1069 R+11C10 METROLOGY 0 0 0 1 0 0 37.54136400767906 205.16088772973674 143.1 120.44296894142903 170.19891076988148 265.85178 146.84851 -999.0 -999.0 -999.0 -999.0 -999.0 256.8390307413034 18.88589372601703 256.76694046824764 18.857756153886875 27.765814509317387 84.51756316981863 -999.0 6231.0 -999.0 -1 -999 {-999.0 -999.0 -999.0 -999.0 -999.0} "" -999.0 -999.0 -999.0 -999.0 -999 -999 "" "" "" "" 0 0 0.0 0.0 -999 ""
FIBERMAP 1070 R+9C13 APOGEE 0 0 0 1 0 0 92.76776591806176 162.227639560081 143.1 152.43234916261366 108.01406131714245 2.6667879 65.63295 -999.0 -999.0 -999.0 -999.0 -999.0 256.99094534020776 18.60327225315028 256.91969311612706 18.575563521070805 27.505971041568976 84.72275533368241 -999.0 16600.0 -999.0 2 55 {-999.0 -999.0 -999.0 -999.0 -999.0} "" -999.0 -999.0 -999.0 -999.0 -999 -999 "" ops_sky_apogee_best_unassigned ops_sky sky_apogee 0 0 0.0 0.0 -999 ""
FIBERMAP 1070 R+9C13 BOSS 1 1 0 1 0 0 92.48288361570825 161.5486718598505 143.1 151.88810421288912 107.51845422738498 2.6667879 65.63295 256.9887517386787 18.600835858174786 -0.42852908 22.334784 2.0389116 256.98875047052553 18.60089850125233 256.91714314802323 18.573367331717428 27.507076787876542 84.7262200169774 5400.0 5400.0 2016.0 1 152 {-999.0 17.460096 16.092379 15.455165 -999.0} sdss_psfmag 16.573214 16.09923 14.629833 12.705 63050395765449360 1095525399 bright_1x1 mwm_bin_vis_boss mwm_filler science 0 0 0.0 0.0 -999 ""
FIBERMAP 1070 R+9C13 METROLOGY 0 0 0 1 0 0 92.0271767711582 162.14075087695474 143.1 151.72429698081473 108.24719128761814 2.6667879 65.63295 -999.0 -999.0 -999.0 -999.0 -999.0 256.9878683053395 18.604254751731226 256.9163557915258 18.576667918948647 27.509283113241352 84.72332725603246 -999.0 6231.0 -999.0 -1 -999 {-999.0 -999.0 -999.0 -999.0 -999.0} "" -999.0 -999.0 -999.0 -999.0 -999 -999 "" "" "" "" 0 0 0.0 0.0 -999 ""
FIBERMAP 1078 R-3C9 APOGEE 0 0 0 1 0 0 -73.88578914859082 -48.05067023019797 143.1 -87.22594425107374 -12.44744492777266 50.848534 131.27365 -999.0 -999.0 -999.0 -999.0 -999.0 255.84075691822065 18.060204097297955 255.7720314656931 18.029431515116368 28.21106628059792 85.84723624780804 -999.0 16600.0 -999.0 2 245 {-999.0 -999.0 -999.0 -999.0 -999.0} "" -999.0 -999.0 -999.0 -999.0 -999 -999 "" ops_sky_apogee_best_unassigned ops_sky sky_apogee 0 0 0.0 0.0 -999 ""
FIBERMAP 1078 R-3C9 BOSS 1 1 0 1 0 0 -73.14871715391466 -48.00900202990071 143.1 -86.54012605292726 -12.720092931285006 50.848534 131.27365 255.8443593343688 18.058748414031108 -5.2597985 8.935261 1.774639 255.84434381767733 18.058773475040464 255.77526722943335 18.02819028932945 28.20776761915998 85.84683301298098 5400.0 5400.0 2016.0 1 470 {-999.0 14.962978 14.321667 14.066467 -999.0} sdss_psfmag_from_g3xp 14.796996 14.365266 13.725764 12.547 63050395765406465 1096008011 bright_1x1 mwm_bin_vis_boss mwm_filler science 0 0 0.0 0.0 -999 ""
FIBERMAP 1078 R-3C9 METROLOGY 0 0 0 1 0 0 -73.50116446401391 -48.66735727097991 143.1 -87.13694789274939 -13.168555849642273 50.848534 131.27365 -999.0 -999.0 -999.0 -999.0 -999.0 255.84139711621864 18.056785616017848 255.7724276716715 18.026144409502418 28.209184790335648 85.85032467181418 -999.0 6231.0 -999.0 -1 -999 {-999.0 -999.0 -999.0 -999.0 -999.0} "" -999.0 -999.0 -999.0 -999.0 -999 -999 "" "" "" "" 0 0 0.0 0.0 -999 ""
FIBERMAP 1081 R-1C22 APOGEE 0 0 0 1 0 0 197.26351084888987 -24.846129700593806 143.1 168.3854727601724 -105.60671205705256 275.57462 154.91869 -999.0 -999.0 -999.0 -999.0 -999.0 257.06012474993753 17.63273584237368 256.99127794216406 17.60565029146428 26.988005221019698 85.64830466111886 -999.0 16600.0 -999.0 2 196 {-999.0 -999.0 -999.0 -999.0 -999.0} "" -999.0 -999.0 -999.0 -999.0 -999 -999 "" ops_sky_apogee_best_unassigned ops_sky sky_apogee 0 0 0.0 0.0 -999 ""
FIBERMAP 1081 R-1C22 BOSS 1 1 0 1 0 0 197.0164481332798 -25.54804473474616 143.1 167.8658525406701 -106.13905260352595 275.57462 154.91869 257.05806719754315 17.63013042938182 -6.193328 -5.3716917 0.19788288 257.0580489708405 17.630115363226476 256.98884250582853 17.603214844940243 26.988888979053385 85.6519478771777 5400.0 5400.0 2016.0 1 313 {-999.0 17.765057 17.472008 17.343967 -999.0} sdss_psfmag 17.715273 17.444595 17.014109 -999.0 63050395763856914 977088125 "" ops_std_boss ops_std standard_boss 0 0 0.0 0.0 -999 ""
FIBERMAP 1081 R-1C22 METROLOGY 0 0 0 1 0 0 196.5240440891204 -24.982508605778673 143.1 167.65759479935264 -105.4189252921789 275.57462 154.91869 -999.0 -999.0 -999.0 -999.0 -999.0 257.05698506222365 17.63343969088794 256.9878755804983 17.60648080851021 26.991252950739458 85.64921566642653 -999.0 6231.0 -999.0 -1 -999 {-999.0 -999.0 -999.0 -999.0 -999.0} "" -999.0 -999.0 -999.0 -999.0 -999 -999 "" "" "" "" 0 0 0.0 0.0 -999 ""
FIBERMAP 1083 R-3C10 APOGEE 0 0 0 1 0 0 -67.34633270014038 -73.53940391540453 143.1 -92.03180440486834 -38.31107256246041 275.5723 69.29925 -999.0 -999.0 -999.0 -999.0 -999.0 255.81780993667613 17.942471373635254 255.74940714963896 17.91168339105775 28.174500330854258 85.9765549414168 -999.0 16600.0 -999.0 2 -999 {-999.0 -999.0 -999.0 -999.0 -999.0} "" -999.0 -999.0 -999.0 -999.0 -999 -999 "" "" "" "" 0 0 0.0 0.0 -999 ""
FIBERMAP 1083 R-3C10 BOSS 1 1 0 1 0 0 -68.06908489107018 -73.34963452894509 143.1 -92.60716680610233 -37.83462174233585 275.5723 69.29925 255.815355523051 17.9444492404758 2.2915373 -1.5407363 1.9416803 255.8153622788286 17.94444491912355 255.7466055684608 17.913828208600115 28.17786297427471 85.9758377850514 5400.0 5400.0 2016.0 1 447 {-999.0 20.845839 19.277937 17.92633 -999.0} sdss_psfmag 19.977877 18.637566 17.27328 14.835 63050395765405793 1095215653 bright_1x1 mwm_bin_vis_boss mwm_filler science 0 0 0.0 0.0 -999 ""
FIBERMAP 1083 R-3C10 METROLOGY 0 0 0 1 0 0 -67.53650317024383 -72.8179490153502 143.1 -91.90037387677737 -37.576870165762344 275.5723 69.29925 -999.0 -999.0 -999.0 -999.0 -999.0 255.8186498821867 17.945668460371852 255.74998596171815 17.915010007956905 28.175585333287692 85.97293323660983 -999.0 6231.0 -999.0 -1 -999 {-999.0 -999.0 -999.0 -999.0 -999.0} "" -999.0 -999.0 -999.0 -999.0 -999 -999 "" "" "" "" 0 0 0.0 0.0 -999 ""
FIBERMAP 1085 R-2C13 APOGEE 0 0 0 1 0 0 -7.096112413905439 -54.912896652949414 143.1 -29.560936932588113 -46.79837541413046 277.3839 81.44119 -999.0 -999.0 -999.0 -999.0 -999.0 256.1167439229809 17.90328756356106 256.0481482144577 17.873369464745906 27.905831342361047 85.86265081681887 -999.0 16600.0 -999.0 2 -999 {-999.0 -999.0 -999.0 -999.0 -999.0} "" -999.0 -999.0 -999.0 -999.0 -999 -999 "" "" "" "" 0 0 0.0 0.0 -999 ""
FIBERMAP 1085 R-2C13 BOSS 1 1 0 1 0 0 -7.835828952270122 -54.923507169597954 143.1 -30.236072503537766 -46.49645506205304 277.3839 81.44119 256.11390161116526 17.90467623659301 -18.148388 -76.00136 10.477846 256.1138481192141 17.90446307316044 256.04489932362924 17.87471660563526 27.909193014751892 85.8629614696544 5400.0 5400.0 2016.0 1 355 {-999.0 16.690191 15.293678 14.197846 -999.0} sdss_psfmag 16.132261 14.8747635 13.765151 11.754 63050395765404964 1151022642 bright_1x1 mwm_snc_100pc_boss_single mwm_snc science 0 0 0.0 0.0 -999 ""
FIBERMAP 1085 R-2C13 METROLOGY 0 0 0 1 0 0 -7.467586453510529 -54.265850272532006 143.1 -29.625224011456122 -46.055277631519004 277.3839 81.44119 -999.0 -999.0 -999.0 -999.0 -999.0 256.1166818639267 17.90652101813281 256.04782313486805 17.876731457040307 27.90769317409673 85.85946376244328 -999.0 6231.0 -999.0 -1 -999 {-999.0 -999.0 -999.0 -999.0 -999.0} "" -999.0 -999.0 -999.0 -999.0 -999 -999 "" "" "" "" 0 0 0.0 0.0 -999 ""
FIBERMAP 1086 R-3C15 APOGEE 0 0 0 1 0 0 61.064272018245056 -47.688225457515884 143.1 35.27969222323902 -68.95465620302154 53.52232 126.69203 -999.0 -999.0 -999.0 -999.0 -999.0 256.426910215818 17.801516004575564 256.35826738378285 17.772530512436774 27.59802687605894 85.80515591686981 -999.0 16600.0 -999.0 2 -999 {-999.0 -999.0 -999.0 -999.0 -999.0} "" -999.0 -999.0 -999.0 -999.0 -999 -999 "" "" "" "" 0 0 0.0 0.0 -999 ""
FIBERMAP 1086 R-3C15 BOSS 1 1 0 1 0 0 61.81433130267394 -47.67487652056098 143.1 35.96535840270322 -69.25844972637636 53.52232 126.69203 256.43057695257204 17.79996059445197 -4.208663 -21.259472 0.50081956 256.4305645549248 17.79990096733484 256.361562528347 17.7711109828594 27.594591023110887 85.80488910093787 5400.0 5400.0 2016.0 1 274 {-999.0 15.547017 14.8826275 14.626616 -999.0} sdss_psfmag_from_g3xp 15.373514 14.912546 14.283079 13.07 63050395765408488 1072533839 bright_1x1 mwm_halo_local_high_boss_single mwm_halo science 0 0 0.0 0.0 -999 ""
FIBERMAP 1086 R-3C15 METROLOGY 0 0 0 1 0 0 61.45596817345879 -48.32323419958374 143.1 35.367383555038124 -69.69535679932127 53.52232 126.69203 -999.0 -999.0 -999.0 -999.0 -999.0 256.4275899042739 17.797981316827897 256.3586974859455 17.769131427031283 27.59605580952922 85.80831465785332 -999.0 6231.0 -999.0 -1 -999 {-999.0 -999.0 -999.0 -999.0 -999.0} "" -999.0 -999.0 -999.0 -999.0 -999 -999 "" "" "" "" 0 0 0.0 0.0 -999 ""
FIBERMAP 1091 R+10C17 APOGEE 0 0 0 1 0 0 171.85210621889766 198.94813481150737 143.1 239.59974173609874 107.99952816847488 95.6864 155.00023 -999.0 -999.0 -999.0 -999.0 -999.0 257.4046454674953 18.598216600604836 257.3329923784826 18.57170556258076 27.158156236862133 84.51974239700814 -999.0 16600.0 -999.0 2 49 {-999.0 -999.0 -999.0 -999.0 -999.0} "" -999.0 -999.0 -999.0 -999.0 -999 -999 "" ops_sky_apogee_best_unassigned ops_sky sky_apogee 0 0 0.0 0.0 -999 ""
FIBERMAP 1091 R+10C17 BOSS 1 1 0 1 0 0 172.07326546714435 199.65603162999108 143.1 240.09839577756122 108.54820167591471 95.6864 155.00023 257.407377710122 18.6004978587219 1.5014778 -7.828792 1.4852037 257.4073821534589 18.600475901059752 257.3353516553535 18.574157697056265 27.157332358147706 84.51612918854008 5400.0 5400.0 2016.0 1 170 {-999.0 21.395422 20.02219 18.612377 -999.0} sdss_psfmag 20.70649 19.340332 18.18431 15.714 63050395765445219 1095531408 bright_1x1 mwm_bin_vis_boss mwm_filler science 0 0 0.0 0.0 -999 ""
FIBERMAP 1091 R+10C17 METROLOGY 0 0 0 1 0 0 172.5865918685498 199.10465116537065 143.1 240.33158468040406 107.83209695214866 95.6864 155.00023 -999.0 -999.0 -999.0 -999.0 -999.0 257.40836436304113 18.59727963207223 257.33644528239165 18.570913127026873 27.154894105950234 84.51880230215818 -999.0 6231.0 -999.0 -1 -999 {-999.0 -999.0 -999.0 -999.0 -999.0} "" -999.0 -999.0 -999.0 -999.0 -999 -999 "" "" "" "" 0 0 0.0 0.0 -999 ""
FIBERMAP 1092 R-7C20 APOGEE 0 0 0 1 0 0 216.38661935912123 -143.21614921603154 143.1 135.87057066655277 -220.98126707482288 237.11794 162.33429 -999.0 -999.0 -999.0 -999.0 -999.0 256.9000788232837 17.11297282154667 256.832698048436 17.08565498727352 26.872822529185633 86.24186037380906 -999.0 16600.0 -999.0 2 200 {-999.0 -999.0 -999.0 -999.0 -999.0} "" -999.0 -999.0 -999.0 -999.0 -999 -999 "" "" "" "" 0 0 0.0 0.0 -999 ""
FIBERMAP 1092 R-7C20 BOSS 1 1 0 1 0 0 215.7666121986821 -143.61968758428625 143.1 135.13848382269092 -221.0860132888358 237.11794 162.33429 256.89662373190146 17.11234248192401 -16.179707 -15.646961 1.9514539 256.89699322630094 17.112298596388886 256.8292493300447 17.085164105044893 26.875481194383035 86.24411370630183 5400.0 5400.0 2016.0 1 332 {-999.0 12.43274 11.848268 11.644833 -999.0} sdss_psfmag_from_g3xp 12.290161 11.8859215 11.30643 10.271 63050395763842019 996715518 bright_1x1 mwm_bin_gaia_sb_boss mwm_bin science 0 0 1.4346592426300049 0.0 -999 ""
FIBERMAP 1092 R-7C20 METROLOGY 0 0 0 1 0 0 215.72262976943003 -142.87513017431684 143.1 135.41218619335396 -220.3924337452676 237.11794 162.33429 -999.0 -999.0 -999.0 -999.0 -999.0 256.89821950039914 17.1154617986428 256.8305703187142 17.08827518595395 26.875862900957095 86.24037395624771 -999.0 6231.0 -999.0 -1 -999 {-999.0 -999.0 -999.0 -999.0 -999.0} "" -999.0 -999.0 -999.0 -999.0 -999 -999 "" "" "" "" 0 0 0.0 0.0 -999 ""
FIBERMAP 1094 R+1C19 APOGEE 0 0 0 1 0 0 126.14283595705614 4.7910819687347495 143.1 116.38570531356531 -48.782702800490725 294.56442 103.91347 -999.0 -999.0 -999.0 -999.0 -999.0 256.815065552385 17.89176036757478 256.7458082103566 17.86385269380351 27.316339228978855 85.51758176888961 -999.0 16600.0 -999.0 2 -999 {-999.0 -999.0 -999.0 -999.0 -999.0} "" -999.0 -999.0 -999.0 -999.0 -999 -999 "" "" "" "" 0 0 0.0 0.0 -999 ""
FIBERMAP 1094 R+1C19 BOSS 1 1 0 1 0 0 125.56355777753625 4.329952058415839 143.1 115.66629019299023 -48.95681810085208 294.56442 103.91347 256.812086284914 17.890821667577 -14.29509 -16.451525 0.6649053 256.81204415372014 17.890775525457986 256.74242823010906 17.863045935373183 27.318790739124744 85.52009618146518 5400.0 5400.0 2016.0 1 232 {-999.0 16.122309 15.666116 15.462135 -999.0} sdss_psfmag 16.016838 15.657744 15.127135 14.186 63050395765407784 1072653080 bright_1x1 mwm_halo_local_high_boss_single mwm_halo science 0 0 0.0 0.0 -999 ""
FIBERMAP 1094 R+1C19 METROLOGY 0 0 0 1 0 0 125.44498481108886 5.055024687111217 143.1 115.86415852075935 -48.24948981682917 294.56442 103.91347 -999.0 -999.0 -999.0 -999.0 -999.0 256.8128976191274 17.89404560032037 256.7433755385332 17.866264275663166 27.319520511581104 85.5164250932591 -999.0 6231.0 -999.0 -1 -999 {-999.0 -999.0 -999.0 -999.0 -999.0} "" -999.0 -999.0 -999.0 -999.0 -999 -999 "" "" "" "" 0 0 0.0 0.0 -999 ""
FIBERMAP 1095 R+5C8 APOGEE 0 0 0 1 0 0 -72.37051995396516 102.39780079425745 143.1 -22.48895680019415 123.31906248838214 343.93323 161.2009 -999.0 -999.0 -999.0 -999.0 -999.0 256.1522497333055 18.677602423083886 256.08163390571053 18.647457234971906 28.241526676567887 85.07130588041167 -999.0 16600.0 -999.0 2 -999 {-999.0 -999.0 -999.0 -999.0 -999.0} "" -999.0 -999.0 -999.0 -999.0 -999 -999 "" "" "" "" 0 0 0.0 0.0 -999 ""
FIBERMAP 1095 R+5C8 BOSS 1 1 0 1 0 0 -71.75366060306247 101.98055053480664 143.1 -22.105408822021705 122.68096329459986 343.93323 161.2009 256.1544374681996 18.674582805180187 -3.0579612 -1.27221 1.0467792 256.154428414799 18.674579236972132 256.0834651135772 18.64461838463649 28.238666461636846 85.073235072306 5400.0 5400.0 2016.0 1 65 {-999.0 14.501248 14.103987 13.983811 -999.0} sdss_psfmag_from_g3xp 14.429604 14.124227 13.653409 12.824 63050395765434485 979152966 "" ops_std_boss ops_std standard_boss 0 0 0.0 0.0 -999 ""
FIBERMAP 1095 R+5C8 METROLOGY 0 0 0 1 0 0 -72.42362428068611 101.65359523730744 143.1 -22.850535062006568 122.6666911956231 343.93323 161.2009 -999.0 -999.0 -999.0 -999.0 -999.0 256.1507496564804 18.674561493875963 256.07988986367263 18.64454010569379 28.24162508544466 85.07510994087602 -999.0 6231.0 -999.0 -1 -999 {-999.0 -999.0 -999.0 -999.0 -999.0} "" -999.0 -999.0 -999.0 -999.0 -999 -999 "" "" "" "" 0 0 0.0 0.0 -999 ""
FIBERMAP 1096 R+1C25 APOGEE 0 0 0 1 0 0 264.17181976617366 39.061228273473915 143.1 255.9634905272763 -75.84409182200638 130.4118 42.40707 -999.0 -999.0 -999.0 -999.0 -999.0 257.474589818212 17.76568885448573 257.40498900705836 17.73974742874526 26.70495375258556 85.30605273568301 -999.0 16600.0 -999.0 2 -999 {-999.0 -999.0 -999.0 -999.0 -999.0} "" -999.0 -999.0 -999.0 -999.0 -999 -999 "" "" "" "" 0 0 0.0 0.0 -999 ""
FIBERMAP 1096 R+1C25 BOSS 1 1 0 1 0 0 264.9101239813691 38.98632067926212 143.1 256.6013286405781 -76.2229526793268 130.4118 42.40707 257.47761638478147 17.763780529624285 12.460928 -4.5821342 -0.57994294 257.47793153894247 17.763767677963266 257.40795884796086 17.73802891139417 26.70164832910813 85.30624088193028 5400.0 5400.0 2016.0 1 184 {-999.0 14.093169 13.514082 13.222253 -999.0} sdss_psfmag_from_g3xp 13.736802 13.766555 12.814879 11.903 63050395763859149 1093842272 bright_1x1 mwm_astar_core_boss_single mwm_ob science 0 0 0.9546437859535217 0.0 -999 ""
FIBERMAP 1096 R+1C25 METROLOGY 0 0 0 1 0 0 264.48099199772184 38.382203596638604 143.1 255.9578233939866 -76.58994370182681 130.4118 42.40707 -999.0 -999.0 -999.0 -999.0 -999.0 257.47478694309785 17.76217986978418 257.4049272081197 17.736378226686657 26.70340460098881 85.30940254058123 -999.0 6231.0 -999.0 -1 -999 {-999.0 -999.0 -999.0 -999.0 -999.0} "" -999.0 -999.0 -999.0 -999.0 -999 -999 "" "" "" "" 0 0 0.0 0.0 -999 ""
FIBERMAP 1098 R+5C1 APOGEE 0 0 0 1 0 0 -233.00240168864897 105.98354044845098 143.1 -166.6162891855411 194.22211442316595 40.565926 147.03246 -999.0 -999.0 -999.0 -999.0 -999.0 255.46311183722432 18.99606108009594 255.39234048986043 18.96382711227227 28.96628627463923 85.09835781173877 -999.0 16600.0 -999.0 2 122 {-999.0 -999.0 -999.0 -999.0 -999.0} "" -999.0 -999.0 -999.0 -999.0 -999 -999 "" ops_sky_apogee_best_unassigned ops_sky sky_apogee 0 0 0.0 0.0 -999 ""
FIBERMAP 1098 R+5C1 BOSS 1 1 0 1 0 0 -232.26798096705795 106.09426416616724 143.1 -165.9037912218327 194.0131924835466 40.565926 147.03246 255.46683575981706 18.995008666371888 -1.547429 -6.0798445 0.086055644 255.46683116975115 18.994991614038728 255.39571469528238 18.962939158881873 28.963047487965056 85.09756495095512 5400.0 5400.0 2016.0 1 1 {-999.0 16.641832 15.797045 15.432124 -999.0} sdss_psfmag 16.372 15.807683 15.085338 13.559 63050395765439560 1061672895 bright_1x1 manual_mwm_halo_distant_kgiant_near_boss_single mwm_halo science 0 0 0.0 0.0 -999 ""
FIBERMAP 1098 R+5C1 METROLOGY 0 0 0 1 0 0 -232.53600180919653 105.39041837620644 143.1 -166.44322636759586 193.48792817418402 40.565926 147.03246 -999.0 -999.0 -999.0 -999.0 -999.0 255.46415563928585 18.99265791476729 255.39314533719119 18.96055052697117 28.964091925285807 85.10127187328862 -999.0 6231.0 -999.0 -1 -999 {-999.0 -999.0 -999.0 -999.0 -999.0} "" -999.0 -999.0 -999.0 -999.0 -999 -999 "" "" "" "" 0 0 0.0 0.0 -999 ""
FIBERMAP 1100 R-9C17 APOGEE 0 0 0 1 0 0 165.5205734674509 -193.05843775012778 143.1 68.76100323241515 -244.7481282279279 302.0944 71.52999 -999.0 -999.0 -999.0 -999.0 -999.0 256.5817575497617 17.00676875485792 256.5149607661166 16.97857788416449 27.088154019565984 86.51068836655071 -999.0 16600.0 -999.0 2 -999 {-999.0 -999.0 -999.0 -999.0 -999.0} "" -999.0 -999.0 -999.0 -999.0 -999 -999 "" "" "" "" 0 0 0.0 0.0 -999 ""
FIBERMAP 1100 R-9C17 BOSS 1 1 0 1 0 0 164.78604892404488 -193.243458570321 143.1 68.01712002994249 -244.606524314337 302.0944 71.52999 256.57863274241515 17.007196988976723 -6.927697 -0.3516579 0.15608802 256.5786124234962 17.00719600266963 256.5114530589729 16.979186443109047 27.091389954177004 86.51189517356976 5400.0 5400.0 2016.0 1 269 {-999.0 16.541212 15.698321 15.383266 -999.0} sdss_psfmag 16.281855 15.723472 15.01448 13.62 63050395763843453 1061550372 bright_1x1 manual_mwm_halo_distant_kgiant_near_boss_single mwm_halo science 0 0 0.0 0.0 -999 ""
FIBERMAP 1100 R-9C17 METROLOGY 0 0 0 1 0 0 165.00346042407585 -192.52061242450318 143.1 68.51867224816478 -244.04271853342144 302.0944 71.52999 -999.0 -999.0 -999.0 -999.0 -999.0 256.58090185504324 17.00977119705054 256.5138370090915 16.98171310875252 27.090600341486464 86.50817670203173 -999.0 6231.0 -999.0 -1 -999 {-999.0 -999.0 -999.0 -999.0 -999.0} "" -999.0 -999.0 -999.0 -999.0 -999 -999 "" "" "" "" 0 0 0.0 0.0 -999 ""
FIBERMAP 1101 R-12C14 APOGEE 1 1 0 1 0 0 136.49480032912044 -254.9055362839836 143.1 16.397034029281212 -288.5974868480344 356.2375 11.959893 256.33255757441987 16.811932885080818 0.6864161 14.395581 1.4641281 256.33300035161807 16.811973260825223 256.26693709180665 16.78315170068086 27.202553828785092 86.83137567272753 16000.0 16600.0 2016.0 2 213 {-999.0 9.262628 7.9695015 7.417729 -999.0} sdss_psfmag_from_g3xp 8.762772 7.9321127 7.040992 5.053 63050395763842644 1152445595 bright_1x1 mwm_galactic_core_dist_apogee_sparse mwm_galactic science 0 0 1.5189385414123535 0.0 -999 ""
FIBERMAP 1101 R-12C14 BOSS 0 0 0 1 0 0 135.77264770587072 -255.04667165614194 143.1 15.682850753853355 -288.4213046066261 356.2375 11.959893 -999.0 -999.0 -999.0 -999.0 -999.0 256.32999345553975 16.812586601305668 256.26356882509344 16.78394639897532 27.2057636606028 86.8323345501446 -999.0 5400.0 -999.0 1 256 {-999.0 -999.0 -999.0 -999.0 -999.0} "" -999.0 -999.0 -999.0 -999.0 -999 -999 "" "" "" "" 0 0 0.0 0.0 -999 ""
FIBERMAP 1101 R-12C14 METROLOGY 0 0 0 1 0 0 136.0016968147447 -254.3358994845865 143.1 16.18986915674019 -287.87334705797497 356.2375 11.959893 -999.0 -999.0 -999.0 -999.0 -999.0 256.3322943690891 16.815063727408514 256.2659639711767 16.78637516985113 27.20491989076441 86.82870062622032 -999.0 6231.0 -999.0 -1 -999 {-999.0 -999.0 -999.0 -999.0 -999.0} "" -999.0 -999.0 -999.0 -999.0 -999 -999 "" "" "" "" 0 0 0.0 0.0 -999 ""
FIBERMAP 1103 R-2C9 APOGEE 0 0 0 1 0 0 -94.55109291823905 -30.314392077995066 143.1 -98.4923763875229 12.33665787600104 88.1329 143.53369 -999.0 -999.0 -999.0 -999.0 -999.0 255.7868462184514 18.17308945379668 255.7178847692652 18.1421156665199 28.309531936215365 85.76188624597575 -999.0 16600.0 -999.0 2 258 {-999.0 -999.0 -999.0 -999.0 -999.0} "" -999.0 -999.0 -999.0 -999.0 -999 -999 "" ops_sky_apogee_best_unassigned ops_sky sky_apogee 0 0 0.0 0.0 -999 ""
FIBERMAP 1103 R-2C9 BOSS 1 1 0 1 0 0 -94.09752446447497 -29.746975259434134 143.1 -97.84217247462173 12.66008275386037 88.1329 143.53369 255.79043061859818 18.174238111107094 -59.86093 54.414738 18.020533 255.79025390897309 18.174390729771233 255.72093957161402 18.143601842318333 28.3076694014922 85.75884562515495 5400.0 5400.0 2016.0 1 449 {-999.0 18.157478 16.634068 15.011178 -999.0} sdss_psfmag 17.534584 15.709237 14.43063 12.046 63050395765423202 1132548519 bright_2x1 mwm_snc_100pc_boss mwm_snc science 0 0 0.0 0.0 -999 ""
FIBERMAP 1103 R-2C9 METROLOGY 0 0 0 1 0 0 -93.81765577831854 -30.43511879638238 143.1 -97.87824829568471 11.918304761325947 88.1329 143.53369 -999.0 -999.0 -999.0 -999.0 -999.0 255.78999519810236 18.17106070575734 255.7207844909517 18.140224082475157 28.306210456657304 85.76230986952879 -999.0 6231.0 -999.0 -1 -999 {-999.0 -999.0 -999.0 -999.0 -999.0} "" -999.0 -999.0 -999.0 -999.0 -999 -999 "" "" "" "" 0 0 0.0 0.0 -999 ""
FIBERMAP 1104 R-13C7 APOGEE 0 0 0 1 0 0 -14.088176426273195 -264.7756308813803 143.1 -124.28650488816086 -234.12643428991458 255.4064 119.82325 -999.0 -999.0 -999.0 -999.0 -999.0 255.66772878475948 17.057538769748966 255.6017075458626 17.02670286488557 27.877880540658545 86.93450469023225 -999.0 16600.0 -999.0 2 299 {-999.0 -999.0 -999.0 -999.0 -999.0} "" -999.0 -999.0 -999.0 -999.0 -999 -999 "" ops_sky_apogee_best_unassigned ops_sky sky_apogee 0 0 0.0 0.0 -999 ""
FIBERMAP 1104 R-13C7 BOSS 1 1 0 1 0 0 -14.806689311914786 -264.96817587594643 143.1 -125.01903995546886 -233.99839569785897 255.4064 119.82325 255.66430610672765 17.05794334012051 6.251145 -1.0116459 0.18560149 255.66461738866437 17.05794050272423 255.59824517077965 17.027279451536877 27.881063698044635 86.93572345691973 5400.0 5400.0 2016.0 1 416 {-999.0 14.008021 13.329127 13.026424 -999.0} sdss_psfmag_from_g3xp 13.818738 13.33388 12.675069 11.362 63050395765282595 1071091341 bright_1x1 mwm_halo_vmp_xp_boss_single mwm_halo science 0 0 1.0081994533538818 0.0 -999 ""
FIBERMAP 1104 R-13C7 METROLOGY 0 0 0 1 0 0 -14.616203632454777 -264.24780602804253 143.1 -124.54294305765707 -233.42549493234736 255.4064 119.82325 -999.0 -999.0 -999.0 -999.0 -999.0 255.66674543587487 17.060541935135024 255.60046455421377 17.029833727058975 27.880421860205765 86.93203737813667 -999.0 6231.0 -999.0 -1 -999 {-999.0 -999.0 -999.0 -999.0 -999.0} "" -999.0 -999.0 -999.0 -999.0 -999 -999 "" "" "" "" 0 0 0.0 0.0 -999 ""
FIBERMAP 1105 R-7C6 APOGEE 0 0 0 1 0 0 -86.9525877228611 -130.2115693389292 143.1 -133.67604689565246 -81.43570038684736 38.472363 99.86389 -999.0 -999.0 -999.0 -999.0 -999.0 255.61952481092428 17.746652676918682 255.55181322357578 17.71538355981686 28.24747630996604 86.27377181084347 -999.0 16600.0 -999.0 2 -999 {-999.0 -999.0 -999.0 -999.0 -999.0} "" -999.0 -999.0 -999.0 -999.0 -999 -999 "" "" "" "" 0 0 0.0 0.0 -999 ""
FIBERMAP 1105 R-7C6 BOSS 1 1 0 1 0 0 -86.38810729568786 -130.70226586967172 143.1 -133.37092123944495 -82.11832991643745 38.472363 99.86389 255.6213104718479 17.743348962145184 -8.211111 -3.0143259 0.21485043 255.62128629166182 17.74334050776813 255.55323133145416 17.712257060454647 28.244806473586344 86.27617227321532 5400.0 5400.0 2016.0 1 437 {-999.0 17.063982 16.683706 16.534575 16.477583} sdss_psfmag_from_gaia 17.0114 16.696 16.2139 15.242 63050395765403240 968547021 "" ops_std_boss_gdr2 ops_std standard_boss 0 0 0.0 0.0 -999 ""
FIBERMAP 1105 R-7C6 METROLOGY 0 0 0 1 0 0 -87.09608594972381 -130.9437375159207 143.1 -134.11451144665847 -82.03908747698317 38.472363 99.86389 -999.0 -999.0 -999.0 -999.0 -999.0 255.61765649054354 17.743762753264228 255.54970312434023 17.712618007500982 28.247937811332143 86.27761734369244 -999.0 6231.0 -999.0 -1 -999 {-999.0 -999.0 -999.0 -999.0 -999.0} "" -999.0 -999.0 -999.0 -999.0 -999 -999 "" "" "" "" 0 0 0.0 0.0 -999 ""
FIBERMAP 1106 R-10C9 APOGEE 0 0 0 1 0 0 -16.610016810265474 -189.6740057201035 143.1 -94.94299849159954 -164.97315583400237 193.26422 83.90336 -999.0 -999.0 -999.0 -999.0 -999.0 255.80503074562574 17.367695497815685 255.73809636432554 17.337117202013907 27.911538935162 86.55550088746799 -999.0 16600.0 -999.0 2 -999 {-999.0 -999.0 -999.0 -999.0 -999.0} "" -999.0 -999.0 -999.0 -999.0 -999 -999 "" "" "" "" 0 0 0.0 0.0 -999 ""
FIBERMAP 1106 R-10C9 BOSS 1 1 0 1 0 0 -16.7324678715088 -188.93600002323248 143.1 -94.74319933781948 -164.2524684285606 193.26422 83.90336 255.8062664836467 17.370740338085202 9.839289 -8.092318 -0.01785921 255.80629539895182 17.37071764130272 255.73899851666323 17.34032451932181 27.91230921079046 86.55184529769058 5400.0 5400.0 2016.0 1 371 {-999.0 20.942137 20.593447 19.652584 -999.0} sdss_psfmag 20.66238 20.51159 19.17325 -999.0 63050395765396367 1092240382 dark_flexible_2x1 mwm_cb_galex_mag_boss mwm_cb science 0 0 0.0 0.0 -999 ""
FIBERMAP 1106 R-10C9 METROLOGY 0 0 0 1 0 0 -16.026870770924415 -189.20859979264597 143.1 -94.2182756656677 -164.79679266152922 193.26422 83.90336 -999.0 -999.0 -999.0 -999.0 -999.0 255.80870290303116 17.36831080069166 255.74150985147742 17.33787379523846 27.90903411018914 86.55299197382078 -999.0 6231.0 -999.0 -1 -999 {-999.0 -999.0 -999.0 -999.0 -999.0} "" -999.0 -999.0 -999.0 -999.0 -999 -999 "" "" "" "" 0 0 0.0 0.0 -999 ""
FIBERMAP 1107 R-13C5 APOGEE 0 0 0 1 0 0 -65.84379921438311 -258.7512302134376 143.1 -168.67369003765273 -206.86689234383095 201.56291 127.965454 -999.0 -999.0 -999.0 -999.0 -999.0 255.4574282377914 17.18084564410594 255.39130278252605 17.149357457352448 28.113159610305395 86.9213138034678 -999.0 16600.0 -999.0 2 283 {-999.0 -999.0 -999.0 -999.0 -999.0} "" -999.0 -999.0 -999.0 -999.0 -999 -999 "" ops_sky_apogee_best_unassigned ops_sky sky_apogee 0 0 0.0 0.0 -999 ""
FIBERMAP 1107 R-13C5 BOSS 1 1 0 1 0 0 -66.4968537573115 -258.40026813082335 143.1 -169.11797257899866 -206.27364954324963 201.56291 127.965454 255.4556569158931 17.183367000313375 -0.45087653 -13.2770405 1.4599177 255.45565559222246 17.1833297617758 255.38917590862144 17.152017037026432 28.11621494908446 86.91976387755493 5400.0 5400.0 2016.0 1 414 {-999.0 19.943167 18.553629 17.484983 -999.0} sdss_psfmag 19.369133 18.157724 17.053213 15.115 63050395765287163 1095116590 bright_1x1 mwm_bin_vis_boss mwm_filler science 0 0 0.0 0.0 -999 ""
FIBERMAP 1107 R-13C5 METROLOGY 0 0 0 1 0 0 -65.87361778290668 -258.0055471481767 143.1 -168.38667186543228 -206.17825749898776 201.56291 127.965454 -999.0 -999.0 -999.0 -999.0 -999.0 255.45899648443245 17.1837890229835 255.392611153335 17.15243427535828 28.11352956605205 86.91757187878972 -999.0 6231.0 -999.0 -1 -999 {-999.0 -999.0 -999.0 -999.0 -999.0} "" -999.0 -999.0 -999.0 -999.0 -999 -999 "" "" "" "" 0 0 0.0 0.0 -999 ""
FIBERMAP 1108 R-9C7 APOGEE 0 0 0 1 0 0 -45.87445899751114 -184.618275993401 143.1 -119.34643610665208 -148.0642912939794 326.73056 108.29289 -999.0 -999.0 -999.0 -999.0 -999.0 255.68881656678948 17.444511089670215 255.62180209678718 17.413568306088422 28.04553592702294 86.5391766465076 -999.0 16600.0 -999.0 2 178 {-999.0 -999.0 -999.0 -999.0 -999.0} "" -999.0 -999.0 -999.0 -999.0 -999 -999 "" ops_sky_apogee_best_unassigned ops_sky sky_apogee 0 0 0.0 0.0 -999 ""
FIBERMAP 1108 R-9C7 BOSS 1 1 0 1 0 0 -46.05139326699616 -185.34074886384474 143.1 -119.8111322797892 -148.6448061103886 326.73056 108.29289 255.68701181628558 17.44179734963211 -24.702263 -45.067398 0.9736388 255.68693919408233 17.441670947654707 255.61958200738428 17.410905549433917 28.046133004596605 86.5429722077131 5400.0 5400.0 2016.0 1 390 {-999.0 15.452714 14.992208 14.826224 -999.0} sdss_psfmag_from_g3xp 15.35692 15.011714 14.491551 13.52 63050395765400943 1072569170 bright_1x1 mwm_halo_local_high_boss_single mwm_halo science 0 0 0.0 0.0 -999 ""
FIBERMAP 1108 R-9C7 METROLOGY 0 0 0 1 0 0 -46.58657471599476 -184.81646645012955 143.1 -120.07554881144608 -147.94406542479214 326.73056 108.29289 -999.0 -999.0 -999.0 -999.0 -999.0 255.68557634479546 17.44490257567058 255.6183117887192 17.414080524517253 28.048709120045707 86.54046075742235 -999.0 6231.0 -999.0 -1 -999 {-999.0 -999.0 -999.0 -999.0 -999.0} "" -999.0 -999.0 -999.0 -999.0 -999 -999 "" "" "" "" 0 0 0.0 0.0 -999 ""
FIBERMAP 1109 R+8C19 APOGEE 0 0 0 1 0 0 205.39229537746093 175.57722283982432 143.1 260.16614485483046 72.68435198280176 139.2268 42.097652 -999.0 -999.0 -999.0 -999.0 -999.0 257.50078111217516 18.437383732674633 257.4294442319398 18.41122163046021 27.001993993043065 84.63056039396429 -999.0 16600.0 -999.0 2 60 {-999.0 -999.0 -999.0 -999.0 -999.0} "" -999.0 -999.0 -999.0 -999.0 -999 -999 "" ops_sky_apogee_best_unassigned ops_sky sky_apogee 0 0 0.0 0.0 -999 ""
FIBERMAP 1109 R+8C19 BOSS 1 1 0 1 0 0 206.14212398272107 175.6196539015044 143.1 260.8638501708449 72.40702303221568 139.2268 42.097652 257.5044250488281 18.435898451201084 -999.0 -999.0 -999.0 257.5044250488281 18.435898451201084 257.4327172260629 18.409935398911355 26.998648649713303 84.63019400046007 5400.0 5400.0 2015.5 1 168 {-999.0 -999.0 -999.0 -999.0 -999.0} "" -999.0 -999.0 -999.0 -999.0 27021603155091928 821093292 "" ops_sky_boss_good ops_sky sky_boss 0 0 0.0 0.0 -999 ""
FIBERMAP 1109 R+8C19 METROLOGY 0 0 0 1 0 0 205.797525296284 174.95026857040153 143.1 260.269498862059 71.94525409939834 139.2268 42.097652 -999.0 -999.0 -999.0 -999.0 -999.0 257.50151567161714 18.433902777777053 257.429921009729 18.40787892731548 27.000021779952903 84.6336317191998 -999.0 6231.0 -999.0 -1 -999 {-999.0 -999.0 -999.0 -999.0 -999.0} "" -999.0 -999.0 -999.0 -999.0 -999 -999 "" "" "" "" 0 0 0.0 0.0 -999 ""
FIBERMAP 1111 R+8C16 APOGEE 0 0 0 1 0 0 126.4729882710768 157.46808806604693 143.1 180.98677606654482 89.50344052261016 96.43873 165.74367 -999.0 -999.0 -999.0 -999.0 -999.0 257.1266799523528 18.517998531932413 257.0555117052087 18.49071819927328 27.352442544872595 84.73911065268493 -999.0 16600.0 -999.0 2 -999 {-999.0 -999.0 -999.0 -999.0 -999.0} "" -999.0 -999.0 -999.0 -999.0 -999 -999 "" "" "" "" 0 0 0.0 0.0 -999 ""
FIBERMAP 1111 R+8C16 BOSS 1 1 0 1 0 0 126.54876766182733 158.20473141366514 143.1 181.36572784739514 90.13940563649712 96.43873 165.74367 257.1286907923253 18.520667597506776 -26.946297 10.448772 0.24703382 257.1289058415924 18.52069690349432 257.05736254228486 18.49360639564804 27.352248886803693 84.73531177975107 5400.0 5400.0 2016.0 1 202 {-999.0 13.224211 13.04859 13.019714 -999.0} sdss_psfmag_from_g3xp 13.233313 13.027376 12.680812 12.023 63050395765444781 1070840611 bright_1x1 mwm_halo_distant_rrl_boss_single mwm_halo science 0 0 1.006159782409668 0.0 -999 ""
FIBERMAP 1111 R+8C16 METROLOGY 0 0 0 1 0 0 127.1584748681406 157.76265572509607 143.1 181.73233578162964 89.48181058331046 96.43873 165.74367 -999.0 -999.0 -999.0 -999.0 -999.0 257.1305251098323 18.51774689933718 257.0590913312494 18.49061008741423 27.349394425628162 84.73742354297985 -999.0 6231.0 -999.0 -1 -999 {-999.0 -999.0 -999.0 -999.0 -999.0} "" -999.0 -999.0 -999.0 -999.0 -999 -999 "" "" "" "" 0 0 0.0 0.0 -999 ""
FIBERMAP 1112 R-6C10 APOGEE 0 0 0 1 0 0 -27.245206177397332 -106.0481872739391 143.1 -69.36542556886693 -84.67435155296516 101.09379 129.45795 -999.0 -999.0 -999.0 -999.0 -999.0 255.9262493970084 17.73135370419019 255.8582772402657 17.700965037639822 27.983514339685215 86.13142470666543 -999.0 16600.0 -999.0 2 -999 {-999.0 -999.0 -999.0 -999.0 -999.0} "" -999.0 -999.0 -999.0 -999.0 -999 -999 "" "" "" "" 0 0 0.0 0.0 -999 ""
FIBERMAP 1112 R-6C10 BOSS 1 1 0 1 0 0 -26.77361102616399 -105.46086794093587 143.1 -68.69049550117563 -84.34047414237665 101.09379 129.45795 255.9298137337908 17.73264980491346 -7.2367406 -2.5345237 1.4950641 255.9297924242163 17.732642696253038 255.86146001928446 17.702444823896435 27.98154521275761 86.12832242855237 5400.0 5400.0 2016.0 1 367 {-999.0 19.42241 19.82483 20.142658 -999.0} sdss_psfmag 19.58799 19.614853 19.766537 -999.0 63050395765403836 1092240389 dark_flexible_2x1 mwm_cb_galex_mag_boss mwm_cb science 0 0 0.0 0.0 -999 ""
FIBERMAP 1112 R-6C10 METROLOGY 0 0 0 1 0 0 -26.506560186357156 -106.15337320661105 143.1 -68.74002966553051 -85.0808083244938 101.09379 129.45795 -999.0 -999.0 -999.0 -999.0 -999.0 255.92946365047385 17.729336078059823 255.8612397995406 17.699087457327916 27.980139334178013 86.13178299602652 -999.0 6231.0 -999.0 -1 -999 {-999.0 -999.0 -999.0 -999.0 -999.0} "" -999.0 -999.0 -999.0 -999.0 -999 -999 "" "" "" "" 0 0 0.0 0.0 -999 ""
FIBERMAP 1113 R-3C16 APOGEE 0 0 0 1 0 0 92.21300673870917 -72.05632723556923 143.1 53.2578956923962 -104.16674885848299 0.79698026 61.76588 -999.0 -999.0 -999.0 -999.0 -999.0 256.5121328982644 17.64113064325362 256.44381187533816 17.61245977642859 27.450349847144167 85.92046191169862 -999.0 16600.0 -999.0 2 235 {-999.0 -999.0 -999.0 -999.0 -999.0} "" -999.0 -999.0 -999.0 -999.0 -999 -999 "" ops_sky_apogee_best_unassigned ops_sky sky_apogee 0 0 0.0 0.0 -999 ""
FIBERMAP 1113 R-3C16 BOSS 1 1 0 1 0 0 91.8793594779663 -72.71671203030729 143.1 52.6772642184898 -104.62496974379344 0.79698026 61.76588 256.50973482740886 17.63877313236736 0.18201283 18.092974 1.7324722 256.50973536309084 17.638823878305974 256.44106159110333 17.61033289550271 27.451646501964518 85.92397415451886 5400.0 5400.0 2016.0 1 282 {-999.0 14.947788 14.303551 14.0914545 -999.0} sdss_psfmag_from_g3xp 14.778336 14.346382 13.742034 12.578 63050395765398851 1096053678 bright_1x1 mwm_bin_vis_boss mwm_filler science 0 0 0.0 0.0 -999 ""
FIBERMAP 1113 R-3C16 METROLOGY 0 0 0 1 0 0 91.46961637157472 -72.10221243093423 143.1 52.56457288009516 -103.89526315195545 0.79698026 61.76588 -999.0 -999.0 -999.0 -999.0 -999.0 256.50910734433455 17.642201733559457 256.4405275905108 17.61365494456124 27.45367220901651 85.92095215736151 -999.0 6231.0 -999.0 -1 -999 {-999.0 -999.0 -999.0 -999.0 -999.0} "" -999.0 -999.0 -999.0 -999.0 -999 -999 "" "" "" "" 0 0 0.0 0.0 -999 ""
FIBERMAP 1114 R-8C15 APOGEE 1 1 0 1 0 0 122.87380009027571 -162.54286573671152 143.1 42.94713928679615 -199.11987247078252 327.5464 117.89289 256.4607524964492 17.211616503490525 -6.116766 8.681572 2.7210405 256.46073453627326 17.211640852970632 256.39354659270225 17.183010075738007 27.287910600242142 86.37136088629605 16000.0 16600.0 2016.0 2 203 {-999.0 11.197555 10.913787 10.843798 -999.0} sdss_psfmag_from_g3xp 11.168524 10.92349 10.518829 9.807 63050395763847273 975092033 "" ops_std_apogee ops_std standard_apogee 0 0 0.0 0.0 -999 ""
FIBERMAP 1114 R-8C15 BOSS 0 0 0 1 0 0 122.84023603797405 -163.27134725461536 143.1 42.60989965549096 -199.766217122428 327.5464 117.89289 -999.0 -999.0 -999.0 -999.0 -999.0 256.45948954309534 17.20849765938404 256.3919474811041 17.180053406779933 27.287839419620056 86.37510478090906 -999.0 5400.0 -999.0 1 318 {-999.0 -999.0 -999.0 -999.0 -999.0} "" -999.0 -999.0 -999.0 -999.0 -999 -999 "" "" "" "" 0 0 0.0 0.0 -999 ""
FIBERMAP 1114 R-8C15 METROLOGY 0 0 0 1 0 0 122.2071796626631 -162.87709066514557 143.1 42.201982525681544 -199.14214365792398 327.5464 117.89289 -999.0 -999.0 -999.0 -999.0 -999.0 256.4574618125 17.21137416842342 256.3900173028834 17.18286938734315 27.290805064139022 86.37331314901667 -999.0 6231.0 -999.0 -1 -999 {-999.0 -999.0 -999.0 -999.0 -999.0} "" -999.0 -999.0 -999.0 -999.0 -999 -999 "" "" "" "" 0 0 0.0 0.0 -999 ""
FIBERMAP 1115 R-5C21 APOGEE 0 0 0 1 0 0 232.74332211419798 -101.15397709398025 143.1 168.4154217439586 -189.73425791198468 43.646294 48.293533 -999.0 -999.0 -999.0 -999.0 -999.0 257.05550080677955 17.253113780678554 256.98761308229746 17.226183767353586 26.81011066260711 86.02417460563737 -999.0 16600.0 -999.0 2 -999 {-999.0 -999.0 -999.0 -999.0 -999.0} "" -999.0 -999.0 -999.0 -999.0 -999 -999 "" "" "" "" 0 0 0.0 0.0 -999 ""
FIBERMAP 1115 R-5C21 BOSS 1 1 0 1 0 0 232.80023596549526 -101.87873446369623 143.1 168.16178271893205 -190.4153318955959 43.646294 48.293533 257.054391185448 17.249894019818942 -7.494833 -16.370953 0.20687097 257.05464338752995 17.24984810368647 256.9863948769609 17.2231094567634 26.80966248237926 86.02782327800588 5400.0 5400.0 2016.0 1 321 {-999.0 14.212982 13.505944 13.196336 -999.0} sdss_psfmag_from_g3xp 14.0132885 13.513716 12.843773 11.457 63050395763851020 1076117488 bright_1x1 mwm_halo_mp_xp_boss_single mwm_halo science 0 0 0.942764937877655 0.0 -999 ""
FIBERMAP 1115 R-5C21 METROLOGY 0 0 0 1 0 0 232.12139937678478 -101.56613493898656 143.1 167.6779679397697 -189.8460122395016 43.646294 48.293533 -999.0 -999.0 -999.0 -999.0 -999.0 257.0522919558984 17.252463423108573 256.9841439958818 17.225662260360103 26.812771355254043 86.02646313714803 -999.0 6231.0 -999.0 -1 -999 {-999.0 -999.0 -999.0 -999.0 -999.0} "" -999.0 -999.0 -999.0 -999.0 -999 -999 "" "" "" "" 0 0 0.0 0.0 -999 ""
FIBERMAP 1118 R-13C4 APOGEE 0 0 0 1 0 0 -77.75047030637727 -273.3801825086809 143.1 -185.63007611426232 -215.11565169806119 333.05005 39.285698 -999.0 -999.0 -999.0 -999.0 -999.0 255.37812459316797 17.14445442176123 255.31216753538 17.11275642513336 28.162135751173302 86.9987269524085 -999.0 16600.0 -999.0 2 279 {-999.0 -999.0 -999.0 -999.0 -999.0} "" -999.0 -999.0 -999.0 -999.0 -999 -999 "" ops_sky_apogee_best_unassigned ops_sky sky_apogee 0 0 0.0 0.0 -999 ""
FIBERMAP 1118 R-13C4 BOSS 1 1 0 1 0 0 -78.46155524608365 -273.5649480168287 143.1 -186.35260018278285 -214.98368817269272 333.05005 39.285698 255.37507106360607 17.144930441400515 4.152398 -12.307055 1.9470795 255.37508325157415 17.14489592341037 255.3087792777947 17.113370327153824 28.16527417614784 86.99986910179774 5400.0 5400.0 2016.0 1 413 {-999.0 20.70007 19.220358 17.836155 -999.0} sdss_psfmag 20.0674 18.57604 17.37812 14.859 63050395765287133 1095551893 bright_1x1 mwm_bin_vis_boss mwm_filler science 0 0 0.0 0.0 -999 ""
FIBERMAP 1118 R-13C4 METROLOGY 0 0 0 1 0 0 -78.26948191101174 -272.84679642226916 143.1 -185.8759980747223 -214.4134672550938 333.05005 39.285698 -999.0 -999.0 -999.0 -999.0 -999.0 255.37719099614802 17.14748081962219 255.31097690265506 17.115908892265608 28.164640849869713 86.99620142820106 -999.0 6231.0 -999.0 -1 -999 {-999.0 -999.0 -999.0 -999.0 -999.0} "" -999.0 -999.0 -999.0 -999.0 -999 -999 "" "" "" "" 0 0 0.0 0.0 -999 ""
FIBERMAP 1121 R-3C7 APOGEE 0 0 0 1 0 0 -143.1583880646522 -62.55435012419931 143.1 -156.14060800027357 3.5777171717435543 245.7743 52.319275 -999.0 -999.0 -999.0 -999.0 -999.0 255.51158667284864 18.133105782411175 255.44299511875624 18.101366894369875 28.52090759955273 85.94250079374706 -999.0 16600.0 -999.0 2 254 {-999.0 -999.0 -999.0 -999.0 -999.0} "" -999.0 -999.0 -999.0 -999.0 -999 -999 "" ops_sky_apogee_best_unassigned ops_sky sky_apogee 0 0 0.0 0.0 -999 ""
FIBERMAP 1121 R-3C7 BOSS 1 1 0 1 0 0 -143.48990466170133 -61.89220104728752 143.1 -156.16230683094258 4.317679319689237 245.7743 52.319275 255.5117705072192 18.136298242574703 -1.6483432 -1.3723397 0.027296409 255.51176564236658 18.13629439352978 255.44281824960814 18.104730780056684 28.522638383623217 85.93921233197625 5400.0 5400.0 2016.0 1 468 {-999.0 15.993126 15.040612 14.641971 -999.0} sdss_psfmag 15.672381 15.039951 14.271438 12.632 63050395765422960 1076050955 bright_1x1 mwm_halo_mp_xp_boss_single mwm_halo science 0 0 0.0 0.0 -999 ""
FIBERMAP 1121 R-3C7 METROLOGY 0 0 0 1 0 0 -142.7487551122218 -61.92628647948852 143.1 -155.50469624541486 3.9746316851480925 245.7743 52.319275 -999.0 -999.0 -999.0 -999.0 -999.0 255.51481311809013 18.13478796303289 255.44596500494504 18.10318374586135 28.519271197752452 85.93916478624175 -999.0 6231.0 -999.0 -1 -999 {-999.0 -999.0 -999.0 -999.0 -999.0} "" -999.0 -999.0 -999.0 -999.0 -999 -999 "" "" "" "" 0 0 0.0 0.0 -999 ""
FIBERMAP 1125 R0C22 APOGEE 0 0 0 1 0 0 188.2544075930035 -2.2098829731884226 143.1 169.75085939373147 -81.28918149657198 309.7678 149.27843 -999.0 -999.0 -999.0 -999.0 -999.0 257.0677486369293 17.742929262123244 256.9986157318609 17.715817086548224 27.03420760856421 85.53577536484909 -999.0 16600.0 -999.0 2 -999 {-999.0 -999.0 -999.0 -999.0 -999.0} "" -999.0 -999.0 -999.0 -999.0 -999 -999 "" "" "" "" 0 0 0.0 0.0 -999 ""
FIBERMAP 1125 R0C22 BOSS 1 1 0 1 0 0 188.36929064887448 -2.942985029177356 143.1 169.54626390564238 -82.00223564180473 309.7678 149.27843 257.0672239615656 17.739633577622698 -20.608671 -52.641624 1.5009203 257.0671632741905 17.739485931975583 256.9976719375954 17.712562667785352 27.033453484911817 85.53947009989494 5400.0 5400.0 2016.0 1 244 {-999.0 15.193018 14.624138 14.415174 -999.0} sdss_psfmag_from_g3xp 15.054655 14.650692 14.072546 12.949 63050395763858317 1072533739 bright_1x1 mwm_halo_local_high_boss_single mwm_halo science 0 0 0.0 0.0 -999 ""
FIBERMAP 1125 R0C22 METROLOGY 0 0 0 1 0 0 187.67479746939225 -2.6796851497682863 143.1 169.02749088670322 -81.47101973807028 309.7678 149.27843 -999.0 -999.0 -999.0 -999.0 -999.0 257.06461388431563 17.74196405308004 256.9952227493151 17.714978826324877 27.036654003407364 85.53832664542972 -999.0 6231.0 -999.0 -1 -999 {-999.0 -999.0 -999.0 -999.0 -999.0} "" -999.0 -999.0 -999.0 -999.0 -999 -999 "" "" "" "" 0 0 0.0 0.0 -999 ""
FIBERMAP 1126 R+3C12 APOGEE 0 0 1 1 0 0 -10.653240648611938 65.77195641085683 143.1 18.0418403283631 64.11913456605258 10.002958 169.99187 -999.0 -999.0 -999.0 -999.0 -999.0 256.3462757758194 18.407964395955748 256.2761641971032 18.378487521505292 27.952593538973353 85.24280917472458 -999.0 16600.0 -999.0 2 14 {-999.0 -999.0 -999.0 -999.0 -999.0} "" -999.0 -999.0 -999.0 -999.0 -999 -999 "" ops_sky_apogee_best_unassigned ops_sky sky_apogee 0 0 0.0 0.0 -999 ""
FIBERMAP 1126 R+3C12 BOSS 1 0 1 1 0 0 -9.921314868654246 65.78372277154666 143.1 18.710399175902023 63.821543334949325 10.002958 169.99187 256.3728332519531 18.406411043688024 -999.0 -999.0 -999.0 256.3498500641986 18.40645170026259 256.27938209362367 18.377165654067618 27.949276592856897 85.24250803946171 5400.0 5400.0 2015.5 1 114 {-999.0 -999.0 -999.0 -999.0 -999.0} "" -999.0 -999.0 -999.0 -999.0 27021603155085915 821092933 "" ops_sky_boss_good ops_sky sky_boss 0 0 0.0 0.0 -999 ""
FIBERMAP 1126 R+3C12 METROLOGY 0 0 1 1 0 0 -10.274940870451173 65.1303391503509 143.1 18.11460252758997 63.37808437478057 10.002958 169.99187 -999.0 -999.0 -999.0 -999.0 -999.0 256.34687959930096 18.404487853892316 256.2765207202481 18.375143138050635 27.950725123799472 85.24597255561781 -999.0 6231.0 -999.0 -1 -999 {-999.0 -999.0 -999.0 -999.0 -999.0} "" -999.0 -999.0 -999.0 -999.0 -999 -999 "" "" "" "" 0 0 0.0 0.0 -999 ""
FIBERMAP 1127 R-13C6 APOGEE 1 1 0 1 0 0 -35.81224736492085 -233.38239085414173 143.1 -130.76108040843852 -196.5142824392089 140.27396 66.23878 255.63591012638346 17.226342019839016 8.119504 -14.738877 1.0704334 255.63593396893094 17.226300681239852 255.56952084290742 17.19530099795292 27.985450303148745 86.78349498401559 16000.0 16600.0 2016.0 2 274 {-999.0 11.670671 10.717336 10.378326 -999.0} sdss_psfmag_from_g3xp 11.361639 10.759994 10.022174 8.526 63050395765396094 1105649906 bright_1x1 mwm_tess_rgb_apogee mwm_tessrgb science 0 0 0.0 0.0 -999 ""
FIBERMAP 1127 R-13C6 BOSS 0 0 0 1 0 0 -35.133304614885915 -233.06263057433407 143.1 -130.01084352541716 -196.51031537364506 140.27396 66.23878 -999.0 -999.0 -999.0 -999.0 -999.0 255.6398157253667 17.226089961125744 255.57304674580132 17.19528423535658 27.982482045045963 86.78169175723025 -999.0 5400.0 -999.0 1 415 {-999.0 -999.0 -999.0 -999.0 -999.0} "" -999.0 -999.0 -999.0 -999.0 -999 -999 "" "" "" "" 0 0 0.0 0.0 -999 ""
FIBERMAP 1127 R-13C6 METROLOGY 0 0 0 1 0 0 -35.189634820580025 -233.80992473673874 143.1 -130.37664734564524 -197.16412834504519 140.27396 66.23878 -999.0 -999.0 -999.0 -999.0 -999.0 255.6380100881274 17.223218665585023 255.57134991358419 17.19235726626265 27.982510082506465 86.78548043210708 -999.0 6231.0 -999.0 -1 -999 {-999.0 -999.0 -999.0 -999.0 -999.0} "" -999.0 -999.0 -999.0 -999.0 -999 -999 "" "" "" "" 0 0 0.0 0.0 -999 ""
FIBERMAP 1129 R-8C8 APOGEE 0 0 0 1 0 0 -40.50985791084805 -165.07552403095562 143.1 -106.25193762568178 -132.6051461106139 273.9143 136.56853 -999.0 -999.0 -999.0 -999.0 -999.0 255.75078280141048 17.514268702204458 255.68353172983814 17.483472581430398 28.026956653330863 86.4377831180455 -999.0 16600.0 -999.0 2 -999 {-999.0 -999.0 -999.0 -999.0 -999.0} "" -999.0 -999.0 -999.0 -999.0 -999 -999 "" "" "" "" 0 0 0.0 0.0 -999 ""
FIBERMAP 1129 R-8C8 BOSS 1 1 0 1 0 0 -40.97627171214026 -165.65401095486723 143.1 -106.9184501285208 -132.9331977709035 273.9143 136.56853 255.7479189177101 17.512605007657967 4.5679717 -13.76971 2.3274233 255.74793235232698 17.512566387315246 255.6803364954842 17.48194419855094 28.028912131636233 86.44094716128839 5400.0 5400.0 2016.0 1 389 {-999.0 21.241905 19.946308 18.562202 -999.0} sdss_psfmag -999.0 19.210081 -999.0 15.06 63050395765401498 1095051032 bright_1x1 mwm_bin_vis_boss mwm_filler science 0 0 0.0 0.0 -999 ""
FIBERMAP 1129 R-8C8 METROLOGY 0 0 0 1 0 0 -41.24590138340425 -164.9534503359218 143.1 -106.86786146372766 -132.1844740664295 273.9143 136.56853 -999.0 -999.0 -999.0 -999.0 -999.0 255.7480692151935 17.516016099451456 255.68056375665572 17.48534160051373 28.03033559240326 86.43744380501454 -999.0 6231.0 -999.0 -1 -999 {-999.0 -999.0 -999.0 -999.0 -999.0} "" -999.0 -999.0 -999.0 -999.0 -999 -999 "" "" "" "" 0 0 0.0 0.0 -999 ""
FIBERMAP 1130 R-3C13 APOGEE 0 0 0 1 0 0 10.700387326132017 -70.1455883391812 143.1 -19.84110171500903 -68.10436104773716 258.4618 128.29327 -999.0 -999.0 -999.0 -999.0 -999.0 256.1631203686969 17.80616821875164 256.0947259092611 17.776424492017554 27.8209028234685 85.93553401660427 -999.0 16600.0 -999.0 2 174 {-999.0 -999.0 -999.0 -999.0 -999.0} "" -999.0 -999.0 -999.0 -999.0 -999 -999 "" ops_sky_apogee_best_unassigned ops_sky sky_apogee 0 0 0.0 0.0 -999 ""
FIBERMAP 1130 R-3C13 BOSS 1 1 0 1 0 0 10.036621117076525 -70.47121100709143 143.1 -20.58004774363824 -68.12003505059921 258.4618 128.29327 256.15993898740624 17.805903429591655 -3.6453133 -6.0501523 1.4624175 256.1599282488833 17.805886460536843 256.0911815721443 17.77631604012021 27.823824419541502 85.93744887734356 5400.0 5400.0 2016.0 1 364 {-999.0 14.984587 14.447686 14.247495 -999.0} sdss_psfmag_from_g3xp 14.858812 14.471909 13.908513 12.885 63050395765404468 1095634815 bright_1x1 mwm_bin_vis_boss mwm_filler science 0 0 0.0 0.0 -999 ""
FIBERMAP 1130 R-3C13 METROLOGY 0 0 0 1 0 0 10.084725194969304 -69.7263738003755 143.1 -20.222736949718747 -67.46498515590498 258.4618 128.29327 -999.0 -999.0 -999.0 -999.0 -999.0 256.1615451343861 17.80892227733429 256.09288973615423 17.7793036216822 27.823806029952692 85.93360251756422 -999.0 6231.0 -999.0 -1 -999 {-999.0 -999.0 -999.0 -999.0 -999.0} "" -999.0 -999.0 -999.0 -999.0 -999 -999 "" "" "" "" 0 0 0.0 0.0 -999 ""
FIBERMAP 1131 R-8C19 APOGEE 1 1 0 1 0 0 195.97937081575782 -137.9199517998098 143.1 119.5988173358711 -207.5846940265435 144.32843 73.960304 256.8233385709615 17.173031566021994 -7.484315 5.3192077 0.626648 256.82393561249006 17.17304648497167 256.7564813099881 17.14548132679284 26.96541580920249 86.22206479145783 16000.0 16600.0 2016.0 2 185 {-999.0 17.049292 19.261059 10.19415 -999.0} sdss_psfmag_gaia 14.464395 10.269623 8.720648 3.6 63050395763846372 1105612121 bright_1x1 mwm_tess_rgb_apogee mwm_tessrgb science 0 0 2.1290953159332275 0.0 -999 ""
FIBERMAP 1131 R-8C19 BOSS 0 0 0 1 0 0 196.55800275376905 -137.44570376696905 143.1 120.32317139242642 -207.39841295798146 144.32843 73.960304 -999.0 -999.0 -999.0 -999.0 -999.0 256.8277538863013 17.173662504039942 256.7599266370802 17.14629947687844 26.962916430482075 86.21949119834505 -999.0 5400.0 -999.0 1 331 {-999.0 -999.0 -999.0 -999.0 -999.0} "" -999.0 -999.0 -999.0 -999.0 -999 -999 "" "" "" "" 0 0 0.0 0.0 -999 ""
FIBERMAP 1131 R-8C19 METROLOGY 0 0 0 1 0 0 196.69243461069686 -138.17028173804667 143.1 120.13988991924062 -208.11197191912004 144.32843 73.960304 -999.0 -999.0 -999.0 -999.0 -999.0 256.82674286021785 17.170520770724572 256.75902858349843 17.143102020677105 26.962139872534976 86.22310191660682 -999.0 6231.0 -999.0 -1 -999 {-999.0 -999.0 -999.0 -999.0 -999.0} "" -999.0 -999.0 -999.0 -999.0 -999 -999 "" "" "" "" 0 0 0.0 0.0 -999 ""
FIBERMAP 1132 R+2C1 APOGEE 1 1 0 1 0 0 -257.0910134416122 54.887515634607446 143.1 -209.97601959665 158.04091363210952 107.14148 54.584393 255.25638659813526 18.831606224196754 -1.4873015 -3.3652096 1.0582311 255.2563821907314 18.831596785686397 255.1862381025614 18.79884635598815 29.062378332809743 85.36899795326651 16000.0 16600.0 2016.0 2 145 {-999.0 11.303678 10.455108 10.132546 -999.0} sdss_psfmag_from_g3xp 11.045553 10.486932 9.77936 8.36 63050395765438823 1105487736 bright_1x1 mwm_tess_rgb_apogee mwm_tessrgb science 0 0 0.0 0.0 -999 ""
FIBERMAP 1132 R+2C1 BOSS 0 0 0 1 0 0 -256.41165812138513 54.63465978272067 143.1 -209.4665727492391 157.5255423352896 107.14148 54.584393 -999.0 -999.0 -999.0 -999.0 -999.0 255.25911741573364 18.829135611701645 255.18863419267961 18.79656430166935 29.059309074454305 85.37010293067135 -999.0 5400.0 -999.0 1 4 {-999.0 -999.0 -999.0 -999.0 -999.0} "" -999.0 -999.0 -999.0 -999.0 -999 -999 "" "" "" "" 0 0 0.0 0.0 -999 ""
FIBERMAP 1132 R+2C1 METROLOGY 0 0 0 1 0 0 -256.9672832507835 54.142105379662034 143.1 -210.17777754039946 157.31297413516225 107.14148 54.584393 -999.0 -999.0 -999.0 -999.0 -999.0 255.2556514067378 18.828193185017486 255.18527106515103 18.795564217449478 29.061662887296485 85.37280925931924 -999.0 6231.0 -999.0 -1 -999 {-999.0 -999.0 -999.0 -999.0 -999.0} "" -999.0 -999.0 -999.0 -999.0 -999 -999 "" "" "" "" 0 0 0.0 0.0 -999 ""
FIBERMAP 1135 R-2C11 APOGEE 0 0 0 1 0 0 -52.689006321091384 -40.53833324227393 143.1 -64.84389004976674 -14.563633075831483 121.98225 167.61089 -999.0 -999.0 -999.0 -999.0 -999.0 255.94790566633333 18.05044197880645 255.87910044528292 18.019978924402423 28.116817166579466 85.80225407409603 -999.0 16600.0 -999.0 2 268 {-999.0 -999.0 -999.0 -999.0 -999.0} "" -999.0 -999.0 -999.0 -999.0 -999 -999 "" ops_sky_apogee_best_unassigned ops_sky sky_apogee 0 0 0.0 0.0 -999 ""
FIBERMAP 1135 R-2C11 BOSS 1 1 0 1 0 0 -52.95820121128221 -39.85175626059055 143.1 -64.79879656419192 -13.827770802726855 121.98225 167.61089 255.94844248546667 18.05362181518489 -0.89776134 -5.7261863 0.35967723 255.9484398370998 18.053605754768167 255.8792731103936 18.023322326523108 28.118248697907234 85.79882329615873 5400.0 5400.0 2016.0 1 448 {-999.0 17.796003 17.364538 17.188261 17.108845} sdss_psfmag_from_gaia 17.7158 17.3787 16.8525 16.045 63050395765406271 971308489 "" ops_std_boss_gdr2 ops_std standard_boss 0 0 0.0 0.0 -999 ""
FIBERMAP 1135 R-2C11 METROLOGY 0 0 0 1 0 0 -52.21635471550091 -39.95834807863742 143.1 -64.17109101634988 -14.236850156237137 121.98225 167.61089 -999.0 -999.0 -999.0 -999.0 -999.0 255.95135233329313 18.051790339549726 255.8822872430144 18.02146519025366 28.114845361826177 85.79914808427839 -999.0 6231.0 -999.0 -1 -999 {-999.0 -999.0 -999.0 -999.0 -999.0} "" -999.0 -999.0 -999.0 -999.0 -999 -999 "" "" "" "" 0 0 0.0 0.0 -999 ""
FIBERMAP 1137 R-1C6 APOGEE 0 0 0 1 0 0 -180.08425709167568 -32.38812157518197 143.1 -176.9147223142647 46.47981243675967 258.4757 81.60239 -999.0 -999.0 -999.0 -999.0 -999.0 255.41247735604864 18.32785206384074 255.34348259014382 18.295750925583302 28.695658624949772 85.79759280755349 -999.0 16600.0 -999.0 2 -999 {-999.0 -999.0 -999.0 -999.0 -999.0} "" -999.0 -999.0 -999.0 -999.0 -999 -999 "" "" "" "" 0 0 0.0 0.0 -999 ""
FIBERMAP 1137 R-1C6 BOSS 1 1 0 1 0 0 -180.78206781611001 -32.14402844375479 143.1 -177.44459234834702 46.99501169256691 258.4757 81.60239 255.41026542130413 18.330024257893303 -6.4404764 -0.870895 0.12545638 255.41024639196198 18.330021815265386 255.34090253665912 18.29808770546379 28.698917981106973 85.79654912973493 5400.0 5400.0 2016.0 1 484 {-999.0 15.68575 14.868929 14.5316 -999.0} sdss_psfmag_from_g3xp 15.444792 14.886599 14.176372 12.67 63050395765424536 1061612392 bright_1x1 manual_mwm_halo_distant_kgiant_near_boss_single mwm_halo science 0 0 0.0 0.0 -999 ""
FIBERMAP 1137 R-1C6 METROLOGY 0 0 0 1 0 0 -180.21967832522623 -31.654416545885145 143.1 -176.72849389405735 47.20206316783479 258.4757 81.60239 -999.0 -999.0 -999.0 -999.0 -999.0 255.4135644745998 18.33101988274692 255.34431269371578 18.299045394873705 28.696507097944085 85.79385417783197 -999.0 6231.0 -999.0 -1 -999 {-999.0 -999.0 -999.0 -999.0 -999.0} "" -999.0 -999.0 -999.0 -999.0 -999 -999 "" "" "" "" 0 0 0.0 0.0 -999 ""
FIBERMAP 1140 R-5C12 APOGEE 0 0 0 1 0 0 9.245126095078827 -85.68162550053171 143.1 -27.703706689755084 -81.57726792234385 88.44433 128.20633 -999.0 -999.0 -999.0 -999.0 -999.0 256.1254073174966 17.744963401802757 256.05720524692583 17.715138088516643 27.823347267904992 86.01570331471669 -999.0 16600.0 -999.0 2 159 {-999.0 -999.0 -999.0 -999.0 -999.0} "" -999.0 -999.0 -999.0 -999.0 -999 -999 "" ops_sky_apogee_best_unassigned ops_sky sky_apogee 0 0 0.0 0.0 -999 ""
FIBERMAP 1140 R-5C12 BOSS 1 1 0 1 0 0 9.842070625349924 -85.23905756081305 143.1 -26.976091899449948 -81.42742229726883 88.44433 128.20633 256.1292357827391 17.745394179109574 -1.961489 5.9300795 0.1704477 256.12923000645424 17.74541081139189 256.06066681489654 17.71577888172023 27.820747243110368 86.01329861019029 5400.0 5400.0 2016.0 1 387 {-999.0 17.710094 17.355047 17.213278 -999.0} sdss_psfmag 17.636919 17.346992 16.887882 16.118 63050395765400333 976253394 "" ops_std_boss ops_std standard_boss 0 0 0.0 0.0 -999 ""
FIBERMAP 1140 R-5C12 METROLOGY 0 0 0 1 0 0 9.941284847784454 -85.97835231341206 143.1 -27.197501723065272 -82.13949195899275 88.44433 128.20633 -999.0 -999.0 -999.0 -999.0 -999.0 256.12806827541147 17.742234141190156 256.0596151389359 17.712548524164138 27.82009864320974 86.01705175670901 -999.0 6231.0 -999.0 -1 -999 {-999.0 -999.0 -999.0 -999.0 -999.0} "" -999.0 -999.0 -999.0 -999.0 -999 -999 "" "" "" "" 0 0 0.0 0.0 -999 ""
FIBERMAP 1143 R-2C5 APOGEE 1 1 0 1 0 0 -172.23430539181393 -52.46877415845859 143.1 -178.2547392674303 24.96751153450638 313.83023 100.53928 255.4062029369822 18.230140928200072 -1.5397022 -2.7383723 0.2290573 255.40619839032303 18.23013324780009 255.33746058821546 18.19805505304002 28.654868059026818 85.89898509348383 16000.0 16600.0 2016.0 2 249 {-999.0 14.000743 13.070261 12.684858 -999.0} sdss_psfmag_from_g3xp 13.703167 13.079513 12.322223 10.677 63050395765424365 1109133206 bright_flexible_2x1 mwm_tess_rgb_apogee mwm_tessrgb science 0 0 0.0 0.0 -999 ""
FIBERMAP 1143 R-2C5 BOSS 0 0 0 1 0 0 -172.657682545217 -53.080396010257495 143.1 -178.89618759798603 24.591292569161556 313.83023 100.53928 -999.0 -999.0 -999.0 -999.0 -999.0 255.40343962488944 18.22824840335429 255.33436313859363 18.196338062570923 28.656659639284207 85.90228719713747 -999.0 5400.0 -999.0 1 473 {-999.0 -999.0 -999.0 -999.0 -999.0} "" -999.0 -999.0 -999.0 -999.0 -999 -999 "" "" "" "" 0 0 0.0 0.0 -999 ""
FIBERMAP 1143 R-2C5 METROLOGY 0 0 0 1 0 0 -172.98278632466258 -52.40170898345068 143.1 -178.90510706879084 25.343548078163565 313.83023 100.53928 -999.0 -999.0 -999.0 -999.0 -999.0 255.40330557157998 18.231713941960074 255.33431840366472 18.19975220855587 28.658300374074308 85.89887483071294 -999.0 6231.0 -999.0 -1 -999 {-999.0 -999.0 -999.0 -999.0 -999.0} "" -999.0 -999.0 -999.0 -999.0 -999 -999 "" "" "" "" 0 0 0.0 0.0 -999 ""
FIBERMAP 1144 R+12C1 APOGEE 0 0 0 1 0 0 -160.4182572467051 219.4404387235642 143.1 -53.023875267470444 266.5185690477949 257.436 114.612656 -999.0 -999.0 -999.0 -999.0 -999.0 256.0077721270713 19.322186126905898 255.93562077150546 19.29136168861277 28.662991078901925 84.49577620768832 -999.0 16600.0 -999.0 2 129 {-999.0 -999.0 -999.0 -999.0 -999.0} "" -999.0 -999.0 -999.0 -999.0 -999 -999 "" ops_sky_apogee_best_unassigned ops_sky sky_apogee 0 0 0.0 0.0 -999 ""
FIBERMAP 1144 R+12C1 BOSS 1 1 0 1 0 0 -161.13594183336787 219.33305379820513 143.1 -53.719793178394674 266.72346949399423 257.436 114.612656 256.0047912597656 19.322920767202177 -999.0 -999.0 -999.0 256.0047912597656 19.32292076720218 255.9322912751398 19.292259561165007 28.666192904533432 84.49652398711581 5400.0 5400.0 2015.5 1 8 {-999.0 -999.0 -999.0 -999.0 -999.0} "" -999.0 -999.0 -999.0 -999.0 27021603155091645 813301653 "" ops_sky_boss_good ops_sky sky_boss 0 0 0.0 0.0 -999 ""
FIBERMAP 1144 R+12C1 METROLOGY 0 0 0 1 0 0 -160.88036867838528 220.02232928582055 143.1 -53.197780231865615 267.24076607455333 257.436 114.612656 -999.0 -999.0 -999.0 -999.0 -999.0 256.0072042527242 19.32527366479032 255.93479475109905 19.294569607416474 28.66516498600727 84.49294470765517 -999.0 6231.0 -999.0 -1 -999 {-999.0 -999.0 -999.0 -999.0 -999.0} "" -999.0 -999.0 -999.0 -999.0 -999 -999 "" "" "" "" 0 0 0.0 0.0 -999 ""
FIBERMAP 1148 R0C11 APOGEE 1 1 0 1 0 0 -75.88395733062173 -5.960094606578431 143.1 -71.31064456301819 26.55568856679078 188.18108 140.62344 255.91707234373868 18.237808841040867 -2.0436516 -11.224493 2.3423636 255.9170663086784 18.237777359348307 255.8478128325325 18.207146747660623 28.23116598544309 85.63081047817776 16000.0 16600.0 2016.0 2 285 {-999.0 10.086961 9.921528 9.893476 -999.0} sdss_psfmag_from_g3xp 10.103037 9.909812 9.571231 9.063 63050395765431086 975093911 "" ops_std_apogee ops_std standard_apogee 0 0 0.0 0.0 -999 ""
FIBERMAP 1148 R0C11 BOSS 0 0 0 1 0 0 -76.52154764046051 -5.581069279239712 143.1 -71.72908722908062 27.167862069739222 188.18108 140.62344 -999.0 -999.0 -999.0 -999.0 -999.0 255.91537636120862 18.240401642395994 255.8457650801356 18.209943465170305 28.23419745521192 85.62904647303134 -999.0 5400.0 -999.0 1 431 {-999.0 -999.0 -999.0 -999.0 -999.0} "" -999.0 -999.0 -999.0 -999.0 -999 -999 "" "" "" "" 0 0 0.0 0.0 -999 ""
FIBERMAP 1148 R0C11 METROLOGY 0 0 0 1 0 0 -75.87200852830196 -5.215339426680011 143.1 -70.98614863440173 27.22589131585757 188.18108 140.62344 -999.0 -999.0 -999.0 -999.0 -999.0 255.91884563693975 18.240711370228187 255.84932991527774 18.210212489300005 28.231335028223263 85.62697029687888 -999.0 6231.0 -999.0 -1 -999 {-999.0 -999.0 -999.0 -999.0 -999.0} "" -999.0 -999.0 -999.0 -999.0 -999 -999 "" "" "" "" 0 0 0.0 0.0 -999 ""
FIBERMAP 1149 R-5C9 APOGEE 0 0 0 1 0 0 -35.77753124705386 -97.54669976745978 143.1 -73.52078812089336 -73.37295524689047 53.219234 50.36728 -999.0 -999.0 -999.0 -999.0 -999.0 255.9063724507696 17.782785312837703 255.83828923441547 17.75231789862721 28.024601615506846 86.0904085676674 -999.0 16600.0 -999.0 2 284 {-999.0 -999.0 -999.0 -999.0 -999.0} "" -999.0 -999.0 -999.0 -999.0 -999 -999 "" ops_sky_apogee_best_unassigned ops_sky sky_apogee 0 0 0.0 0.0 -999 ""
FIBERMAP 1149 R-5C9 BOSS 1 1 0 1 0 0 -35.59568392063911 -98.26993723876325 143.1 -73.66051561009071 -74.10526842767091 53.219234 50.36728 255.90609003091163 17.779236851275403 -22.82161 0.67906386 0.54895407 255.90602281205184 17.77923875585593 255.8375956509168 17.748952739240718 28.023590574069942 86.09412079703232 5400.0 5400.0 2016.0 1 409 {-999.0 15.802118 15.33327 15.169113 -999.0} sdss_psfmag 15.694404 15.3490095 14.821806 13.785 63050395765404243 1072759807 bright_1x1 mwm_halo_local_high_boss_single mwm_halo science 0 0 0.0 0.0 -999 ""
FIBERMAP 1149 R-5C9 METROLOGY 0 0 0 1 0 0 -36.313324299374315 -98.07321814169184 143.1 -74.22831641399158 -73.62466952636815 53.219234 50.36728 -999.0 -999.0 -999.0 -999.0 -999.0 255.90321525269562 17.781488221096534 255.83488511374912 17.751141995372812 28.026900792290036 86.09332050882375 -999.0 6231.0 -999.0 -1 -999 {-999.0 -999.0 -999.0 -999.0 -999.0} "" -999.0 -999.0 -999.0 -999.0 -999 -999 "" "" "" "" 0 0 0.0 0.0 -999 ""
FIBERMAP 1150 R-9C10 APOGEE 1 1 0 1 0 0 1.19094894326202 -183.61634592360107 143.1 -76.25242941403748 -166.9780438684642 223.19078 115.68403 255.8936043007426 17.35830155855824 12.635771 8.728685 1.9628515 255.89390142600882 17.358326040176216 255.8269041732826 17.32800538321448 27.832658362657135 86.51888499025321 16000.0 16600.0 2016.0 2 180 {-999.0 9.582851 8.876883 8.596195 -999.0} sdss_psfmag_from_g3xp 9.3932905 8.905882 8.251724 6.954 63050395765396618 1109410859 bright_1x1 mwm_tess_rgb_apogee mwm_tessrgb science 0 0 0.893352746963501 0.0 -999 ""
FIBERMAP 1150 R-9C10 BOSS 0 0 0 1 0 0 0.5080824418371961 -183.35284785270173 143.1 -76.76057759019179 -166.45154498739709 223.19078 115.68403 -999.0 -999.0 -999.0 -999.0 -999.0 255.8918108799403 17.36047830135979 255.82445485200049 17.330334473749023 27.83582361854254 86.51782877304629 -999.0 5400.0 -999.0 1 375 {-999.0 -999.0 -999.0 -999.0 -999.0} "" -999.0 -999.0 -999.0 -999.0 -999 -999 "" "" "" "" 0 0 0.0 0.0 -999 ""
FIBERMAP 1150 R-9C10 METROLOGY 0 0 0 1 0 0 1.0939718050777216 -182.87839946957482 143.1 -76.02955918141882 -166.26813882143009 223.19078 115.68403 -999.0 -999.0 -999.0 -999.0 -999.0 255.89518975608416 17.36135650898189 255.82792873255835 17.331169961439162 27.833305894958933 86.5152116470627 -999.0 6231.0 -999.0 -1 -999 {-999.0 -999.0 -999.0 -999.0 -999.0} "" -999.0 -999.0 -999.0 -999.0 -999 -999 "" "" "" "" 0 0 0.0 0.0 -999 ""
FIBERMAP 1151 R-9C4 APOGEE 0 0 0 1 0 0 -133.69439239448315 -172.44976342063893 143.1 -193.84380045688903 -100.0452534916259 146.86356 136.76086 -999.0 -999.0 -999.0 -999.0 -999.0 255.33457745998876 17.662780950145095 255.26735519518797 17.630738347792587 28.446115219135656 86.50431041658175 -999.0 16600.0 -999.0 2 -999 {-999.0 -999.0 -999.0 -999.0 -999.0} "" -999.0 -999.0 -999.0 -999.0 -999 -999 "" "" "" "" 0 0 0.0 0.0 -999 ""
FIBERMAP 1151 R-9C4 BOSS 1 1 0 1 0 0 -133.86614945931007 -171.74770818538718 143.1 -193.70384574410437 -99.33639489976123 146.86356 136.76086 255.335103087037 17.665774631923714 -0.9032642 5.546411 1.9432774 255.3355237392307 17.665790188119075 255.2679464285046 17.633926684679363 28.447129345109467 86.50081338184354 5400.0 5400.0 2016.0 1 479 {-999.0 12.042498 11.68858 11.58265 -999.0} sdss_psfmag_from_g3xp 11.986955 11.702489 11.25315 10.516 63050395765402850 996784858 bright_1x1 mwm_bin_gaia_sb_boss mwm_bin science 0 0 1.4520559310913086 0.0 -999 ""
FIBERMAP 1151 R-9C4 METROLOGY 0 0 0 1 0 0 -133.15372358617964 -171.93562412021592 143.1 -193.1370651351587 -99.80681622933206 146.86356 136.76086 -999.0 -999.0 -999.0 -999.0 -999.0 255.3381262182006 17.66370951361242 255.270649421058 17.63180408611309 28.44385516481684 86.5015516016839 -999.0 6231.0 -999.0 -1 -999 {-999.0 -999.0 -999.0 -999.0 -999.0} "" -999.0 -999.0 -999.0 -999.0 -999 -999 "" "" "" "" 0 0 0.0 0.0 -999 ""
FIBERMAP 1152 R-9C3 APOGEE 1 1 0 1 0 0 -135.19690617514811 -156.60156145793883 143.1 -188.5314015783616 -85.04361908439651 120.74272 40.76334 255.35923141742805 17.730653370130657 7.648185 8.829382 1.0789442 255.35925393830945 17.730678134177627 255.2918358908998 17.69867665320188 28.457735557270624 86.4236874375593 16000.0 16600.0 2016.0 2 256 {-999.0 11.479677 10.596992 10.273111 -999.0} sdss_psfmag_from_g3xp 11.209795 10.637136 9.91912 8.439 63050395765419637 1107582289 bright_1x1 mwm_tess_rgb_apogee mwm_tessrgb science 0 0 0.0 0.0 -999 ""
FIBERMAP 1152 R-9C3 BOSS 0 0 0 1 0 0 -134.50220230877832 -156.83870926269012 143.1 -188.0014232820837 -85.55121284301414 120.74272 40.76334 -999.0 -999.0 -999.0 -999.0 -999.0 255.3620771771269 17.728175782182365 255.2943152126793 17.69636116639164 28.454558959094925 86.42473611465925 -999.0 5400.0 -999.0 1 477 {-999.0 -999.0 -999.0 -999.0 -999.0} "" -999.0 -999.0 -999.0 -999.0 -999 -999 "" "" "" "" 0 0 0.0 0.0 -999 ""
FIBERMAP 1152 R-9C3 METROLOGY 0 0 0 1 0 0 -135.0935807806416 -157.34239844695253 143.1 -188.74973352331844 -85.75881848967012 120.74272 40.76334 -999.0 -999.0 -999.0 -999.0 -999.0 255.3584534226159 17.727295002688336 255.29079561791912 17.695420119153674 28.45706741676694 86.42748391683386 -999.0 6231.0 -999.0 -1 -999 {-999.0 -999.0 -999.0 -999.0 -999.0} "" -999.0 -999.0 -999.0 -999.0 -999 -999 "" "" "" "" 0 0 0.0 0.0 -999 ""
FIBERMAP 1153 R-6C11 APOGEE 0 0 0 1 0 0 18.227498877498356 -124.249854416865 143.1 -35.80327238615706 -120.32833314741926 27.712883 56.434002 -999.0 -999.0 -999.0 -999.0 -999.0 256.086518063989 17.568989536187445 256.01879972935717 17.539128839021586 27.772058714558632 86.21048457601438 -999.0 16600.0 -999.0 2 -999 {-999.0 -999.0 -999.0 -999.0 -999.0} "" -999.0 -999.0 -999.0 -999.0 -999 -999 "" "" "" "" 0 0 0.0 0.0 -999 ""
FIBERMAP 1153 R-6C11 BOSS 1 1 0 1 0 0 18.164483959182366 -124.98684152331316 143.1 -36.170795987426146 -120.96998584093564 27.712883 56.434002 256.0851128914553 17.565849417386037 -3.937814 -1.3557265 0.12631242 256.08510130675734 17.565845614936535 256.01703597016024 17.53616571474899 27.77213094970208 86.2143344439866 5400.0 5400.0 2016.0 1 386 {-999.0 15.685991 15.04338 14.783701 -999.0} sdss_psfmag_ps1 15.512214 15.0684185 14.442729 13.165 63050395765399470 1071076167 bright_1x1 mwm_halo_vmp_xp_boss_single mwm_halo science 0 0 0.0 0.0 -999 ""
FIBERMAP 1153 R-6C11 METROLOGY 0 0 0 1 0 0 17.548694054843452 -124.5595090523095 143.1 -36.54912810448301 -120.32319598166804 27.712883 56.434002 -999.0 -999.0 -999.0 -999.0 -999.0 256.0831991181142 17.568847759584724 256.0152289837964 17.539109109506352 27.77504535439177 86.21233226798302 -999.0 6231.0 -999.0 -1 -999 {-999.0 -999.0 -999.0 -999.0 -999.0} "" -999.0 -999.0 -999.0 -999.0 -999 -999 "" "" "" "" 0 0 0.0 0.0 -999 ""
FIBERMAP 1156 R-11C14 APOGEE 1 1 0 1 0 0 133.84156887204048 -206.8504541624553 143.1 34.230440943377495 -243.9107230602058 29.543493 120.52441 256.4182939391158 17.010769854602998 -2.8169734 -5.898181 0.6480913 256.41828567678266 17.01075331178716 256.35164202757807 16.982089267689044 27.226920278043387 86.59137792587376 16000.0 16600.0 2016.0 2 239 {-999.0 13.48895 12.435936 12.061481 -999.0} sdss_psfmag_from_g3xp 13.126399 12.470008 11.695964 10.066 63050395763843773 1104177147 bright_1x1 mwm_tess_rgb_apogee mwm_tessrgb science 0 0 0.0 0.0 -999 ""
FIBERMAP 1156 R-11C14 BOSS 0 0 0 1 0 0 134.48866407242215 -207.2192322318825 143.1 34.6618170093045 -244.51760894531128 29.543493 120.52441 -999.0 -999.0 -999.0 -999.0 -999.0 256.42068104832947 17.00782156773041 256.353679321242 16.979355273333145 27.22389974819429 86.59302611930639 -999.0 5400.0 -999.0 1 255 {-999.0 -999.0 -999.0 -999.0 -999.0} "" -999.0 -999.0 -999.0 -999.0 -999 -999 "" "" "" "" 0 0 0.0 0.0 -999 ""
FIBERMAP 1156 R-11C14 METROLOGY 0 0 0 1 0 0 133.84454116815553 -207.5992488055333 143.1 33.9177720177054 -244.5908724020591 29.543493 120.52441 -999.0 -999.0 -999.0 -999.0 -999.0 256.41705090094007 17.007560822283025 256.35015627002826 16.97903047494628 27.226701309542683 86.59516288811562 -999.0 6231.0 -999.0 -1 -999 {-999.0 -999.0 -999.0 -999.0 -999.0} "" -999.0 -999.0 -999.0 -999.0 -999 -999 "" "" "" "" 0 0 0.0 0.0 -999 ""
FIBERMAP 1158 R-5C22 APOGEE 0 0 0 1 0 0 229.00373030545333 -84.40176604916086 143.1 172.08029945759526 -172.97082819963376 123.04533 110.194565 -999.0 -999.0 -999.0 -999.0 -999.0 257.07384483188406 17.328474249040976 257.005749755284 17.301563752396536 26.830925033454555 85.9407044974144 -999.0 16600.0 -999.0 2 211 {-999.0 -999.0 -999.0 -999.0 -999.0} "" -999.0 -999.0 -999.0 -999.0 -999 -999 "" ops_sky_apogee_best_unassigned ops_sky sky_apogee 0 0 0.0 0.0 -999 ""
FIBERMAP 1158 R-5C22 BOSS 1 1 0 1 0 0 229.44842230917183 -83.81055854612734 143.1 172.73247523285593 -172.62209498429877 123.04533 110.194565 257.0773315429687 17.329829702676562 -999.0 -999.0 -999.0 257.0773315429687 17.329829702676562 257.00885970340784 17.30312075813766 26.82906034358883 85.93758215922607 5400.0 5400.0 2015.5 1 251 {-999.0 -999.0 -999.0 -999.0 -999.0} "" -999.0 -999.0 -999.0 -999.0 27021603154857677 813276331 "" ops_sky_boss_good ops_sky sky_boss 0 0 0.0 0.0 -999 ""
FIBERMAP 1158 R-5C22 METROLOGY 0 0 0 1 0 0 229.74135442033878 -84.49394775623973 143.1 172.71024575727876 -173.36506426504877 123.04533 110.194565 -999.0 -999.0 -999.0 -999.0 -999.0 257.077070922974 17.32654525779438 257.0087123199344 17.29978262161476 26.827589256436617 85.94094380336293 -999.0 6231.0 -999.0 -1 -999 {-999.0 -999.0 -999.0 -999.0 -999.0} "" -999.0 -999.0 -999.0 -999.0 -999 -999 "" "" "" "" 0 0 0.0 0.0 -999 ""
FIBERMAP 1162 R-2C6 APOGEE 0 0 0 1 0 0 -147.71099052130663 -48.60869027533495 143.1 -154.3948619110733 18.138985623011486 314.34476 116.027565 -999.0 -999.0 -999.0 -999.0 -999.0 255.51981609375895 18.19932168963592 255.4510470517174 18.16757837469078 28.54528478977638 85.87189012475653 -999.0 16600.0 -999.0 2 -999 {-999.0 -999.0 -999.0 -999.0 -999.0} "" -999.0 -999.0 -999.0 -999.0 -999 -999 "" "" "" "" 0 0 0.0 0.0 -999 ""
FIBERMAP 1162 R-2C6 BOSS 1 1 0 1 0 0 -147.95431411593006 -49.322945872035525 143.1 -154.91628941693008 17.593881683082692 314.34476 116.027565 255.51762368338382 18.196669951030817 -0.81563586 -0.19908273 1.78085 255.51762127531708 18.19666939265713 255.44851420846422 18.16509654668814 28.546242853865138 85.8756714977632 5400.0 5400.0 2016.0 1 472 {-999.0 14.709353 14.113332 13.912036 -999.0} sdss_psfmag_from_g3xp 14.562453 14.15143 13.570779 12.341 63050395765424063 1096003967 bright_1x1 mwm_bin_vis_boss mwm_filler science 0 0 0.0 0.0 -999 ""
FIBERMAP 1162 R-2C6 METROLOGY 0 0 0 1 0 0 -148.44168095361994 -48.75953281786717 143.1 -155.12087431395804 18.309962621139857 314.34476 116.027565 -999.0 -999.0 -999.0 -999.0 -999.0 255.5165556134186 18.19997252506197 255.44753907495897 18.168345636181904 28.548587486934352 85.87290220265623 -999.0 6231.0 -999.0 -1 -999 {-999.0 -999.0 -999.0 -999.0 -999.0} "" -999.0 -999.0 -999.0 -999.0 -999 -999 "" "" "" "" 0 0 0.0 0.0 -999 ""
FIBERMAP 1163 R-8C7 APOGEE 0 0 0 1 0 0 -62.725230358555066 -142.4606438849669 143.1 -116.86906420069754 -102.74501031132851 75.086105 111.78708 -999.0 -999.0 -999.0 -999.0 -999.0 255.6998316230418 17.649768957624786 255.6322874933105 17.618769652571142 28.134178285829563 86.3290930702226 -999.0 16600.0 -999.0 2 -999 {-999.0 -999.0 -999.0 -999.0 -999.0} "" -999.0 -999.0 -999.0 -999.0 -999 -999 "" "" "" "" 0 0 0.0 0.0 -999 ""
FIBERMAP 1163 R-8C7 BOSS 1 1 0 1 0 0 -61.98328069124628 -142.34157782467042 143.1 -116.14622661279637 -102.949539539205 75.086105 111.78708 255.7035207089192 17.6486287450149 20.740705 -5.182204 2.3482828 255.70358175420688 17.648614210313827 255.6356860399971 17.617806244292442 28.1308696603584 86.32831346725945 5400.0 5400.0 2016.0 1 401 {-999.0 21.125788 19.71099 18.308651 -999.0} sdss_psfmag 20.250591 19.008224 17.800255 14.946 63050395765402069 1094748434 bright_1x1 mwm_bin_vis_boss mwm_filler science 0 0 0.0 0.0 -999 ""
FIBERMAP 1163 R-8C7 METROLOGY 0 0 0 1 0 0 -62.25873014909888 -143.0429149001215 143.1 -116.69134036642673 -103.46940066311653 75.086105 111.78708 -999.0 -999.0 -999.0 -999.0 -999.0 255.7009030195587 17.64631929551894 255.63311469523182 17.615453805143378 28.13191196372535 86.3319797421293 -999.0 6231.0 -999.0 -1 -999 {-999.0 -999.0 -999.0 -999.0 -999.0} "" -999.0 -999.0 -999.0 -999.0 -999 -999 "" "" "" "" 0 0 0.0 0.0 -999 ""
FIBERMAP 1167 R-3C5 APOGEE 0 0 0 1 0 0 -163.82590501364936 -74.64144026743847 143.1 -179.96951296933858 1.3232812739543767 312.2993 87.45481 -999.0 -999.0 -999.0 -999.0 -999.0 255.3982452326275 18.122703448744826 255.32979008448456 18.090647674835633 28.61082280745211 86.01090361448786 -999.0 16600.0 -999.0 2 264 {-999.0 -999.0 -999.0 -999.0 -999.0} "" -999.0 -999.0 -999.0 -999.0 -999 -999 "" ops_sky_apogee_best_unassigned ops_sky sky_apogee 0 0 0.0 0.0 -999 ""
FIBERMAP 1167 R-3C5 BOSS 1 1 0 1 0 0 -164.408457863419 -75.12972343502422 143.1 -180.70333299943673 1.1259265354712973 312.2993 87.45481 255.3950500488281 18.12162488102328 -999.0 -999.0 -999.0 255.3950500488281 18.12162488102328 255.32625456191175 18.08973595586273 28.613359783444878 86.01362084881993 5400.0 5400.0 2015.5 1 466 {-999.0 -999.0 -999.0 -999.0 -999.0} "" -999.0 -999.0 -999.0 -999.0 27021603155087630 821093033 "" ops_sky_boss_good ops_sky sky_boss 0 0 0.0 0.0 -999 ""
FIBERMAP 1167 R-3C5 METROLOGY 0 0 0 1 0 0 -164.52566325509636 -74.38458859606831 143.1 -180.4957753163276 1.8508683286978391 312.2993 87.45481 -999.0 -999.0 -999.0 -999.0 -999.0 255.39594097025525 18.124970046849825 255.32723410555604 18.093032518355628 28.614088615309342 86.00980806108231 -999.0 6231.0 -999.0 -1 -999 {-999.0 -999.0 -999.0 -999.0 -999.0} "" -999.0 -999.0 -999.0 -999.0 -999 -999 "" "" "" "" 0 0 0.0 0.0 -999 ""
FIBERMAP 1169 R-11C9 APOGEE 0 0 0 1 0 0 1.2412482686289934 -220.26495451889537 143.1 -91.64182270806741 -200.22682903032307 204.9088 126.3864 -999.0 -999.0 -999.0 -999.0 -999.0 255.8212815674583 17.208741318931928 255.75473098772568 17.1782781850928 27.82183757837378 86.70486664409816 -999.0 16600.0 -999.0 2 168 {-999.0 -999.0 -999.0 -999.0 -999.0} "" -999.0 -999.0 -999.0 -999.0 -999 -999 "" ops_sky_apogee_best_unassigned ops_sky sky_apogee 0 0 0.0 0.0 -999 ""
FIBERMAP 1169 R-11C9 BOSS 1 1 0 1 0 0 0.5719142478868547 -219.9363889980747 143.1 -92.11029767853097 -199.64703586236826 204.9088 126.3864 255.8194063321987 17.211123749165818 -6.833598 4.474231 0.10303814 255.8193862673 17.211136298182108 255.75247716252218 17.180850683901724 27.82495778008264 86.70347306304573 5400.0 5400.0 2016.0 1 361 {-999.0 15.270341 14.705248 14.470102 -999.0} sdss_psfmag_from_g3xp 15.132864 14.718509 14.126091 12.944 63050395765395714 1061923289 bright_1x1 manual_mwm_halo_vmp_wise_boss_single mwm_halo science 0 0 0.0 0.0 -999 ""
FIBERMAP 1169 R-11C9 METROLOGY 0 0 0 1 0 0 1.1949618237000479 -219.5167770919852 143.1 -91.36868466883328 -199.52899702096101 204.9088 126.3864 -999.0 -999.0 -999.0 -999.0 -999.0 255.8228038252925 17.21171147501863 255.7559902400235 17.18138326465859 27.82226276249908 86.70113220568959 -999.0 6231.0 -999.0 -1 -999 {-999.0 -999.0 -999.0 -999.0 -999.0} "" -999.0 -999.0 -999.0 -999.0 -999 -999 "" "" "" "" 0 0 0.0 0.0 -999 ""
FIBERMAP 1170 R-5C6 APOGEE 0 0 0 1 0 0 -120.06223556168848 -82.33515069270541 143.1 -143.5313125034566 -24.08384054605334 93.34977 100.88628 -999.0 -999.0 -999.0 -999.0 -999.0 255.57189235401535 18.007352993706082 255.5035635735643 17.975838142781527 28.410989355217495 86.03762016411065 -999.0 16600.0 -999.0 2 -999 {-999.0 -999.0 -999.0 -999.0 -999.0} "" -999.0 -999.0 -999.0 -999.0 -999 -999 "" "" "" "" 0 0 0.0 0.0 -999 ""
FIBERMAP 1170 R-5C6 BOSS 1 1 0 1 0 0 -119.34991373739335 -82.12985207904569 143.1 -142.79901924721267 -24.197708581515265 93.34977 100.88628 255.57567332535552 18.006648303552304 -0.14967023 -0.31191602 0.30514735 255.57567288395097 18.006647428711513 255.50699361399396 17.97532090580168 28.407868234616203 86.03639024315301 5400.0 5400.0 2016.0 1 456 {-999.0 20.29886 20.036583 19.79935 19.60595} sdss_psfmag_from_gaiadr2 20.20639 20.076548 19.366098 -999.0 63050395765422458 1056793118 dark_flexible_2x2 bhm_gua_dark bhm_filler science 0 0 0.0 0.0 -999 ""
FIBERMAP 1170 R-5C6 METROLOGY 0 0 0 1 0 0 -119.5349376177789 -82.86299428588481 143.1 -143.27554341489267 -24.78448975669063 93.34977 100.88628 -999.0 -999.0 -999.0 -999.0 -999.0 255.57331946697732 18.004030955986014 255.50474784811684 17.972648638388144 28.40849233678623 86.04021443670428 -999.0 6231.0 -999.0 -1 -999 {-999.0 -999.0 -999.0 -999.0 -999.0} "" -999.0 -999.0 -999.0 -999.0 -999 -999 "" "" "" "" 0 0 0.0 0.0 -999 ""
FIBERMAP 1172 R-3C6 APOGEE 0 0 0 1 0 0 -150.68882332058828 -69.35462114103709 143.1 -165.83212090982983 0.5837578402185348 238.17853 124.782036 -999.0 -999.0 -999.0 -999.0 -999.0 255.46547076738463 18.119440398070374 255.39695886988375 18.08757648196001 28.553034970912435 85.97978584159068 -999.0 16600.0 -999.0 2 -999 {-999.0 -999.0 -999.0 -999.0 -999.0} "" -999.0 -999.0 -999.0 -999.0 -999 -999 "" "" "" "" 0 0 0.0 0.0 -999 ""
FIBERMAP 1172 R-3C6 BOSS 1 1 0 1 0 0 -151.42821495983824 -69.4072923028375 143.1 -166.52467625068618 0.847406912545736 238.17853 124.782036 255.4624643901557 18.120468438779454 -1.2596798 -3.7679641 0.55360115 255.46246067272477 18.120457870650643 255.39360224139193 18.088760824075155 28.55640780412054 85.98030505588811 5400.0 5400.0 2016.0 1 467 {-999.0 16.340363 15.904541 15.750126 -999.0} sdss_psfmag 16.257366 15.92356 15.418373 14.471 63050395765423852 981776440 "" ops_std_boss_tic ops_std standard_boss 0 0 0.0 0.0 -999 ""
FIBERMAP 1172 R-3C6 METROLOGY 0 0 0 1 0 0 -151.1046055057862 -68.7351155680324 143.1 -165.9481792767665 1.320546547037158 238.17853 124.782036 -999.0 -999.0 -999.0 -999.0 -999.0 255.46511224053782 18.12266211035029 255.396343714443 18.090921876798184 28.555124816891784 85.97673817766321 -999.0 6231.0 -999.0 -1 -999 {-999.0 -999.0 -999.0 -999.0 -999.0} "" -999.0 -999.0 -999.0 -999.0 -999 -999 "" "" "" "" 0 0 0.0 0.0 -999 ""
FIBERMAP 1174 R-1C1 APOGEE 1 1 0 1 0 0 -266.2096945086198 -26.774207895868738 143.1 -252.63631268762583 87.84244097531092 350.56357 97.086136 255.05407987312265 18.513243313772893 2.3413959 -3.2015288 0.47444293 255.05408679849575 18.513234334343185 254.98496071135273 18.48004432520726 29.082566872077336 85.79341911201534 16000.0 16600.0 2016.0 2 293 {-999.0 13.371158 12.483485 12.154854 -999.0} sdss_psfmag_from_g3xp 13.095749 12.517514 11.798872 10.298 63050395765429833 1106834411 bright_1x1 mwm_tess_rgb_apogee mwm_tessrgb science 0 0 0.0 0.0 -999 ""
FIBERMAP 1174 R-1C1 BOSS 0 0 0 1 0 0 -266.1865979860282 -27.512206007868024 143.1 -252.92618881900995 87.16360479229266 350.56357 97.086136 -999.0 -999.0 -999.0 -999.0 -999.0 255.0530553574968 18.509987457215693 254.98359730465484 18.4769668526723 29.082272702913144 85.79722390917493 -999.0 5400.0 -999.0 1 425 {-999.0 -999.0 -999.0 -999.0 -999.0} "" -999.0 -999.0 -999.0 -999.0 -999 -999 "" "" "" "" 0 0 0.0 0.0 -999 ""
FIBERMAP 1174 R-1C1 METROLOGY 0 0 0 1 0 0 -266.85216675996696 -27.15347034548416 143.1 -253.3785435001428 87.76916605589287 350.56357 97.086136 -999.0 -999.0 -999.0 -999.0 -999.0 255.05083684334855 18.51275235429296 254.98147048772387 18.4796759045703 29.08532168372443 85.79556109756459 -999.0 6231.0 -999.0 -1 -999 {-999.0 -999.0 -999.0 -999.0 -999.0} "" -999.0 -999.0 -999.0 -999.0 -999 -999 "" "" "" "" 0 0 0.0 0.0 -999 ""
FIBERMAP 1176 R+12C11 APOGEE 0 0 0 1 0 0 49.02969715680091 245.28447195423723 143.1 147.7574347669198 201.7386635675941 218.92888 22.452896 -999.0 -999.0 -999.0 -999.0 -999.0 256.9693124048285 19.026442926831596 256.89698693665207 18.998491117954547 27.72257711260042 84.31209111835494 -999.0 16600.0 -999.0 2 -999 {-999.0 -999.0 -999.0 -999.0 -999.0} "" -999.0 -999.0 -999.0 -999.0 -999 -999 "" "" "" "" 0 0 0.0 0.0 -999 ""
FIBERMAP 1176 R+12C11 BOSS 1 1 0 1 0 0 49.371471204910534 245.93780720257672 143.1 148.3424654233359 202.18707026157784 218.92888 22.452896 256.97247681089425 19.028254320677465 0.04875214 0.14869414 -0.04723301 256.9724769555344 19.028254737724655 256.8997814238804 19.00049152358506 27.721170484062114 84.30870134459602 5400.0 5400.0 2016.0 1 102 {-999.0 18.917385 18.706812 18.524252 18.383259} sdss_psfmag_from_gaiadr2 18.803366 18.71884 18.097034 16.048 63050395765452238 1057674582 bright_flexible_2x1 bhm_gua_bright bhm_filler science 0 0 0.0 0.0 -999 ""
FIBERMAP 1176 R+12C11 METROLOGY 0 0 0 1 0 0 49.77548592889114 245.30594491248576 143.1 148.4426505982425 201.44403429624418 218.92888 22.452896 -999.0 -999.0 -999.0 -999.0 -999.0 256.9728499876083 19.024961468030558 256.90026521232255 18.997149663631294 27.719209330325064 84.31180145115627 -999.0 6231.0 -999.0 -1 -999 {-999.0 -999.0 -999.0 -999.0 -999.0} "" -999.0 -999.0 -999.0 -999.0 -999 -999 "" "" "" "" 0 0 0.0 0.0 -999 ""
FIBERMAP 1177 R+4C12 APOGEE 0 0 0 1 0 0 9.925896231367531 79.33592994076777 143.1 42.41262217296764 67.74981474612099 346.505 139.00296 -999.0 -999.0 -999.0 -999.0 -999.0 256.46335126982694 18.42402596594685 256.39308307914405 18.394877556198935 27.862315175751604 85.16750569446157 -999.0 16600.0 -999.0 2 -999 {-999.0 -999.0 -999.0 -999.0 -999.0} "" -999.0 -999.0 -999.0 -999.0 -999 -999 "" "" "" "" 0 0 0.0 0.0 -999 ""
FIBERMAP 1177 R+4C12 BOSS 1 1 0 1 0 0 10.362868192418542 78.7350830705867 143.1 42.55575066574021 67.02101869739569 346.505 139.00296 256.464414387058 18.420565081316667 -1.7492388 -2.0476773 0.1063063 256.464409215959 18.420559338131028 256.39379089236104 18.391596060777584 27.86018194963855 85.17042664384387 5400.0 5400.0 2016.0 1 115 {-999.0 17.07296 16.271214 15.919252 -999.0} sdss_psfmag 16.830715 16.26596 15.554162 14.027 63050395765417944 1061672865 bright_1x1 manual_mwm_halo_distant_kgiant_near_boss_single mwm_halo science 0 0 0.0 0.0 -999 ""
FIBERMAP 1177 R+4C12 METROLOGY 0 0 0 1 0 0 9.621925822686899 78.65456075217885 143.1 41.85005950333062 67.2600695207616 346.505 139.00296 -999.0 -999.0 -999.0 -999.0 -999.0 256.46091863072473 18.42170729047143 256.3904022016236 18.39268232433763 27.86353111625602 85.17104887630148 -999.0 6231.0 -999.0 -1 -999 {-999.0 -999.0 -999.0 -999.0 -999.0} "" -999.0 -999.0 -999.0 -999.0 -999 -999 "" "" "" "" 0 0 0.0 0.0 -999 ""
FIBERMAP 1189 R-13C11 APOGEE 1 1 0 1 0 0 82.09292764796687 -266.3620156150988 143.1 -37.751664206643596 -276.07255192648887 295.5987 106.18932 256.07728356444466 16.868409716906214 8.252948 -5.4868684 0.7870051 256.07730775246864 16.868394327710593 256.01135706431165 16.838812884427114 27.443879106425577 86.90868591659125 16000.0 16600.0 2016.0 2 189 {-999.0 10.861245 9.770828 9.319104 -999.0} sdss_psfmag_from_g3xp 10.476113 9.7672 8.950734 7.121 63050395763843990 1152445599 bright_1x1 mwm_galactic_core_dist_apogee_sparse mwm_galactic science 0 0 0.0 0.0 -999 ""
FIBERMAP 1189 R-13C11 BOSS 0 0 0 1 0 0 81.54639475837412 -266.8542267636419 143.1 -38.45448091812479 -276.2886382185259 295.5987 106.18932 -999.0 -999.0 -999.0 -999.0 -999.0 256.07434815314457 16.86726434134057 256.0080439800752 16.837862966117743 27.446204944944135 86.91134000753681 -999.0 5400.0 -999.0 1 336 {-999.0 -999.0 -999.0 -999.0 -999.0} "" -999.0 -999.0 -999.0 -999.0 -999 -999 "" "" "" "" 0 0 0.0 0.0 -999 ""
FIBERMAP 1189 R-13C11 METROLOGY 0 0 0 1 0 0 81.3958173192178 -266.09872868756884 143.1 -38.27281552880262 -275.5402455220858 295.5987 106.18932 -999.0 -999.0 -999.0 -999.0 -999.0 256.075101416491 16.87064052350163 256.0088898070013 16.841186540582697 27.44709000704949 86.90761663715273 -999.0 6231.0 -999.0 -1 -999 {-999.0 -999.0 -999.0 -999.0 -999.0} "" -999.0 -999.0 -999.0 -999.0 -999 -999 "" "" "" "" 0 0 0.0 0.0 -999 ""
FIBERMAP 1190 R+13C5 APOGEE 1 1 0 1 0 0 -42.26109484913083 239.4876725484914 143.1 62.546898397995506 234.93117600814662 358.84564 67.80332 256.56172806822696 19.179402659781694 4.787478 0.10456385 0.57340735 256.56174228492296 19.179402953054694 256.4894217626847 19.150217214082275 28.13414833107143 84.36270208129768 16000.0 16600.0 2016.0 2 111 {-999.0 12.421236 11.644067 11.341533 -999.0} sdss_psfmag_from_g3xp 12.202312 11.676515 10.990869 9.606 63050395765471428 1108461327 bright_1x1 mwm_tess_rgb_apogee mwm_tessrgb science 0 0 0.0 0.0 -999 ""
FIBERMAP 1190 R+13C5 BOSS 0 0 0 1 0 0 -42.53134007971555 238.7995730661633 143.1 62.01207824667851 234.4211249764083 358.84564 67.80332 -999.0 -999.0 -999.0 -999.0 -999.0 256.55954038486493 19.17698775690809 256.486871339393 19.147973335055124 28.13524132975813 84.36622379866304 -999.0 5400.0 -999.0 1 85 {-999.0 -999.0 -999.0 -999.0 -999.0} "" -999.0 -999.0 -999.0 -999.0 -999 -999 "" "" "" "" 0 0 0.0 0.0 -999 ""
FIBERMAP 1190 R+13C5 METROLOGY 0 0 0 1 0 0 -43.00504873507957 239.376452004503 143.1 61.825547910106515 235.1436625038748 358.84564 67.80332 -999.0 -999.0 -999.0 -999.0 -999.0 256.55854629508997 19.180272331219903 256.48597077751003 19.15120364212279 28.137493798106796 84.36342644784281 -999.0 6231.0 -999.0 -1 -999 {-999.0 -999.0 -999.0 -999.0 -999.0} "" -999.0 -999.0 -999.0 -999.0 -999 -999 "" "" "" "" 0 0 0.0 0.0 -999 ""
FIBERMAP 1192 R-11C4 APOGEE 0 0 0 1 0 0 -91.15934563453942 -210.67779128786222 143.1 -171.3794263822384 -152.61898182126654 350.90186 140.94817 -999.0 -999.0 -999.0 -999.0 -999.0 255.4424758065288 17.4248544797073 255.37575069899856 17.39321922637854 28.24239721993009 86.68610596077013 -999.0 16600.0 -999.0 2 164 {-999.0 -999.0 -999.0 -999.0 -999.0} "" -999.0 -999.0 -999.0 -999.0 -999 -999 "" ops_sky_apogee_best_unassigned ops_sky sky_apogee 0 0 0.0 0.0 -999 ""
FIBERMAP 1192 R-11C4 BOSS 1 1 0 1 0 0 -90.66075802545464 -211.2270544723026 143.1 -171.15870874403566 -153.32695948719467 350.90186 140.94817 255.4438731417763 17.421472401011876 -2.7588303 -7.309684 0.12304481 255.4438650319874 17.42145189930915 255.37679809086228 17.390002170433704 28.239988177861214 86.6887788829449 5400.0 5400.0 2016.0 1 349 {-999.0 17.227589 16.93428 16.82197 -999.0} sdss_psfmag 17.19481 16.923527 16.498377 15.983 63050395765401103 977089991 "" ops_std_boss ops_std standard_boss 0 0 0.0 0.0 -999 ""
FIBERMAP 1192 R-11C4 METROLOGY 0 0 0 1 0 0 -91.38564689532535 -211.39043194189736 143.1 -171.88474037177585 -153.1697907255989 350.90186 140.94817 -999.0 -999.0 -999.0 -999.0 -999.0 255.44033706925896 17.4222312715167 255.37337045476568 17.39072013503061 28.243206965670666 86.68982761055764 -999.0 6231.0 -999.0 -1 -999 {-999.0 -999.0 -999.0 -999.0 -999.0} "" -999.0 -999.0 -999.0 -999.0 -999 -999 "" "" "" "" 0 0 0.0 0.0 -999 ""
FIBERMAP 1194 R-7C9 APOGEE 0 0 0 1 0 0 -39.06790426702374 -141.56893496663486 143.1 -95.04450529852217 -111.90010325222254 143.89568 174.27657 -999.0 -999.0 -999.0 -999.0 -999.0 255.80388914530621 17.607982432002217 255.7363492415194 17.577297531722667 28.02718356244022 86.31714788546765 -999.0 16600.0 -999.0 2 171 {-999.0 -999.0 -999.0 -999.0 -999.0} "" -999.0 -999.0 -999.0 -999.0 -999 -999 "" ops_sky_apogee_best_unassigned ops_sky sky_apogee 0 0 0.0 0.0 -999 ""
FIBERMAP 1194 R-7C9 BOSS 1 1 0 1 0 0 -39.60327531790255 -141.0536408010364 143.1 -95.31287924103916 -111.20743194303486 143.89568 174.27657 255.80291748046872 17.610902910315502 -999.0 -999.0 -999.0 255.80291748046872 17.610902910315502 255.73501837133247 17.580395303483737 28.02977034715805 86.31474081583431 5400.0 5400.0 2015.5 1 388 {-999.0 -999.0 -999.0 -999.0 -999.0} "" -999.0 -999.0 -999.0 -999.0 27021603155083083 813300552 "" ops_sky_boss_good ops_sky sky_boss 0 0 0.0 0.0 -999 ""
FIBERMAP 1194 R-7C9 METROLOGY 0 0 0 1 0 0 -38.887648479775656 -140.8438771088805 143.1 -94.57570896046596 -111.31864364390047 143.89568 174.27657 -999.0 -999.0 -999.0 -999.0 -999.0 255.80633866446635 17.610448957646938 255.738537233515 17.579899941531448 28.026582404154617 86.3134315424432 -999.0 6231.0 -999.0 -1 -999 {-999.0 -999.0 -999.0 -999.0 -999.0} "" -999.0 -999.0 -999.0 -999.0 -999 -999 "" "" "" "" 0 0 0.0 0.0 -999 ""
FIBERMAP 1200 R+2C7 APOGEE 1 1 0 1 0 0 -129.20392475051008 25.501249386420294 143.1 -106.4030775483106 77.53657470937206 300.70996 108.067116 255.7491772093716 18.46972074032236 -1.4205921 -2.5858102 0.6060422 255.74917300861617 18.469713487818275 255.67948705055332 18.438507910025276 28.480820714335415 85.48381323476073 16000.0 16600.0 2016.0 2 146 {-999.0 11.968368 10.61154 9.923907 -999.0} sdss_psfmag_from_g3xp 11.432553 10.49031 9.530905 7.408 63050395765432738 1155958358 bright_1x1 mwm_galactic_core_dist_apogee_extra mwm_galactic science 0 0 0.0 0.0 -999 ""
FIBERMAP 1200 R+2C7 BOSS 0 0 0 1 0 0 -129.67021461439188 24.92420554227113 143.1 -107.0688699126186 77.20977922514814 300.70996 108.067116 -999.0 -999.0 -999.0 -999.0 -999.0 255.74628441716865 18.46808030109134 255.67625592793854 18.437042849463737 28.482843292408027 85.48691874158652 -999.0 5400.0 -999.0 1 47 {-999.0 -999.0 -999.0 -999.0 -999.0} "" -999.0 -999.0 -999.0 -999.0 -999 -999 "" "" "" "" 0 0 0.0 0.0 -999 ""
FIBERMAP 1200 R+2C7 METROLOGY 0 0 0 1 0 0 -129.93944971659766 25.62307294238949 143.1 -107.0186366295277 77.95680158885202 300.70996 108.067116 -999.0 -999.0 -999.0 -999.0 -999.0 255.7464394499683 18.47151962465699 255.67650095080683 18.440431403538845 28.48422433068574 85.48338832668907 -999.0 6231.0 -999.0 -1 -999 {-999.0 -999.0 -999.0 -999.0 -999.0} "" -999.0 -999.0 -999.0 -999.0 -999 -999 "" "" "" "" 0 0 0.0 0.0 -999 ""
FIBERMAP 1203 R-3C1 APOGEE 1 1 0 1 0 0 -252.80242457828896 -46.56148104921413 143.1 -248.8142055987609 64.25560298848694 65.44616 119.082 255.07209264140295 18.406744259144908 -11.8432045 7.9684 0.2516027 255.07205763333334 18.406766608366535 255.00318846232278 18.37367110361874 29.01755036545086 85.89173651254988 16000.0 16600.0 2016.0 2 269 {-999.0 12.961337 12.05506 11.667977 -999.0} sdss_psfmag_from_g3xp 12.675464 12.061733 11.307738 9.687 63050395765429659 1155958355 bright_1x1 mwm_galactic_core_dist_apogee_extra mwm_galactic science 0 0 0.0 0.0 -999 ""
FIBERMAP 1203 R-3C1 BOSS 0 0 0 1 0 0 -252.07453302006067 -46.49608735402499 143.1 -248.12671860405516 64.00833224555645 65.44616 119.082 -999.0 -999.0 -999.0 -999.0 -999.0 255.07561926887067 18.40550126757143 255.00640808312903 18.37258804938377 29.01434315568015 85.89119609746109 -999.0 5400.0 -999.0 1 496 {-999.0 -999.0 -999.0 -999.0 -999.0} "" -999.0 -999.0 -999.0 -999.0 -999 -999 "" "" "" "" 0 0 0.0 0.0 -999 ""
FIBERMAP 1203 R-3C1 METROLOGY 0 0 0 1 0 0 -252.37475082098334 -47.16843674319825 143.1 -248.6820801617354 63.52518440041156 65.44616 119.082 -999.0 -999.0 -999.0 -999.0 -999.0 255.07291446558895 18.403346317617657 255.00380827554147 18.370377705111 29.01548938388578 85.89475010039985 -999.0 6231.0 -999.0 -1 -999 {-999.0 -999.0 -999.0 -999.0 -999.0} "" -999.0 -999.0 -999.0 -999.0 -999 -999 "" "" "" "" 0 0 0.0 0.0 -999 ""
FIBERMAP 1207 R-4C13 APOGEE 0 0 0 1 0 0 34.28956183704202 -79.60220031985028 143.1 -2.436651122340177 -86.61309581985392 345.2624 123.7021 -999.0 -999.0 -999.0 -999.0 -999.0 256.2462154718881 17.72173079613257 256.1779533709922 17.692261461399188 27.711216872301442 85.97684971190722 -999.0 16600.0 -999.0 2 -999 {-999.0 -999.0 -999.0 -999.0 -999.0} "" -999.0 -999.0 -999.0 -999.0 -999 -999 "" "" "" "" 0 0 0.0 0.0 -999 ""
FIBERMAP 1207 R-4C13 BOSS 1 1 0 1 0 0 34.54391575471479 -80.27990520645646 143.1 -2.4914636439929283 -87.33466372198129 345.2624 123.7021 256.24595930389836 17.71820033209157 -6.7423735 7.380126 0.58011335 256.24630153997356 17.718221031364607 256.17769058065204 17.688937025635372 27.709861103538294 85.98029001936708 5400.0 5400.0 2016.0 1 363 {-999.0 13.423375 12.618229 12.289603 -999.0} sdss_psfmag_from_g3xp 13.185834 12.6367445 11.93396 10.461 63050395765400244 996784854 bright_1x1 mwm_bin_gaia_sb_boss mwm_bin science 0 0 1.241685390472412 0.0 -999 ""
FIBERMAP 1207 R-4C13 METROLOGY 0 0 0 1 0 0 33.80549954958467 -80.1699552690787 143.1 -3.114644793816194 -86.9239844244536 345.2624 123.7021 -999.0 -999.0 -999.0 -999.0 -999.0 256.2432242661363 17.720157823729974 256.1747126552268 17.69081216668888 27.713248055631276 85.97994462470876 -999.0 6231.0 -999.0 -1 -999 {-999.0 -999.0 -999.0 -999.0 -999.0} "" -999.0 -999.0 -999.0 -999.0 -999 -999 "" "" "" "" 0 0 0.0 0.0 -999 ""
FIBERMAP 1208 R-3C19 APOGEE 0 0 0 1 0 0 129.39278778371846 -44.45207134072012 143.1 98.59294689193105 -94.7979517504116 201.87979 37.355022 -999.0 -999.0 -999.0 -999.0 -999.0 256.7287398239053 17.68295292030921 256.66009768737206 17.6548875917296 27.289107816044798 85.76818279933889 -999.0 16600.0 -999.0 2 -999 {-999.0 -999.0 -999.0 -999.0 -999.0} "" -999.0 -999.0 -999.0 -999.0 -999 -999 "" "" "" "" 0 0 0.0 0.0 -999 ""
FIBERMAP 1208 R-3C19 BOSS 1 1 0 1 0 0 129.73838374753876 -43.814144842082406 143.1 99.17495312463606 -94.36512510347104 201.87979 37.355022 256.7318342115536 17.684680636822517 -62.103016 0.3176781 1.1663076 256.7319348109698 17.684681527739947 256.66292138693825 17.65681174926707 27.287653741552766 85.76483963565535 5400.0 5400.0 2016.0 1 289 {-999.0 13.6090765 13.246354 13.104969 -999.0} sdss_psfmag_from_g3xp 13.5413685 13.244034 12.771465 11.909 63050395765406933 1072533840 bright_1x1 mwm_halo_local_high_boss_single mwm_halo science 0 0 0.9720995426177979 0.0 -999 ""
FIBERMAP 1208 R-3C19 METROLOGY 0 0 0 1 0 0 130.1387586599806 -44.438307900725 143.1 99.27508087339571 -95.09964758127873 201.87979 37.355022 -999.0 -999.0 -999.0 -999.0 -999.0 256.7322779548201 17.681404216762214 256.6633752714721 17.65348395544961 27.28569267051249 85.7679037467982 -999.0 6231.0 -999.0 -1 -999 {-999.0 -999.0 -999.0 -999.0 -999.0} "" -999.0 -999.0 -999.0 -999.0 -999 -999 "" "" "" "" 0 0 0.0 0.0 -999 ""
FIBERMAP 1213 R+9C2 APOGEE 0 0 0 1 0 0 -169.15376574322462 188.17046642503414 143.1 -74.1136781461417 241.84659248729855 100.14618 112.19624 -999.0 -999.0 -999.0 -999.0 -999.0 255.90621276038135 19.211922242299423 255.83444872203802 19.180854744258067 28.696574301029955 84.65781286363745 -999.0 16600.0 -999.0 2 -999 {-999.0 -999.0 -999.0 -999.0 -999.0} "" -999.0 -999.0 -999.0 -999.0 -999 -999 "" "" "" "" 0 0 0.0 0.0 -999 ""
FIBERMAP 1213 R+9C2 BOSS 1 1 0 1 0 0 -168.5220425741287 188.56985038532943 143.1 -73.37271861658913 241.94263775507915 100.14618 112.19624 255.91014797900064 19.21228696780975 -13.61873 -28.8486 0.54090595 255.91010752932414 19.21220605521859 255.83799025940945 19.181321507711445 28.693825334482725 84.6555762682043 5400.0 5400.0 2016.0 1 19 {-999.0 16.671074 16.092613 15.867302 -999.0} sdss_psfmag 16.53477 16.106956 15.501785 14.286 63050395765442041 1072653069 bright_1x1 mwm_halo_local_high_boss_single mwm_halo science 0 0 0.0 0.0 -999 ""
FIBERMAP 1213 R+9C2 METROLOGY 0 0 0 1 0 0 -168.49428475042515 187.82154408317564 143.1 -73.66270997838936 241.25249244967392 100.14618 112.19624 -999.0 -999.0 -999.0 -999.0 -999.0 255.90860621645135 19.20916239050915 255.83659702266516 19.178226140505373 28.693559010400556 84.65939851903318 -999.0 6231.0 -999.0 -1 -999 {-999.0 -999.0 -999.0 -999.0 -999.0} "" -999.0 -999.0 -999.0 -999.0 -999 -999 "" "" "" "" 0 0 0.0 0.0 -999 ""
FIBERMAP 1215 R-1C15 APOGEE 0 0 0 1 0 0 38.89289789486148 -27.851215459355366 143.1 23.532523847275286 -41.63161740396681 273.2063 142.83163 -999.0 -999.0 -999.0 -999.0 -999.0 256.371125275254 17.92610410435174 256.30222104532254 17.896904687258992 27.703890173699847 85.70997370278207 -999.0 16600.0 -999.0 2 -999 {-999.0 -999.0 -999.0 -999.0 -999.0} "" -999.0 -999.0 -999.0 -999.0 -999 -999 "" "" "" "" 0 0 0.0 0.0 -999 ""
FIBERMAP 1215 R-1C15 BOSS 1 1 0 1 0 0 38.49276605345302 -28.475670799522728 143.1 22.90674599139637 -42.02926194017416 273.2063 142.83163 256.3685335861701 17.924078501630134 -13.600161 5.853637 0.42293134 256.3684934955727 17.924094919508445 256.2992384973146 17.89507191802671 27.705524627637203 85.71331356447035 5400.0 5400.0 2016.0 1 272 {-999.0 15.887766 15.552188 15.401498 -999.0} sdss_psfmag 15.816761 15.533837 15.074559 14.168 63050395765408975 979543209 "" ops_std_boss ops_std standard_boss 0 0 0.0 0.0 -999 ""
FIBERMAP 1215 R-1C15 METROLOGY 0 0 0 1 0 0 38.147631801431224 -27.815995713543963 143.1 22.87165871111426 -41.28580760821438 273.2063 142.83163 -999.0 -999.0 -999.0 -999.0 -999.0 256.3682326933138 17.927538779797516 256.29907065058217 17.898461678461466 27.707268010573706 85.71002505278204 -999.0 6231.0 -999.0 -1 -999 {-999.0 -999.0 -999.0 -999.0 -999.0} "" -999.0 -999.0 -999.0 -999.0 -999 -999 "" "" "" "" 0 0 0.0 0.0 -999 ""
FIBERMAP 1222 R+1C10 APOGEE 0 0 0 1 0 0 -97.53185904737859 11.273370693693867 143.1 -83.6797184948446 51.29774698871392 257.43423 48.9878 -999.0 -999.0 -999.0 -999.0 -999.0 255.8578966385426 18.350445093558292 255.78841123126392 18.319598755924268 28.333778182742265 85.54815450950707 -999.0 16600.0 -999.0 2 -999 {-999.0 -999.0 -999.0 -999.0 -999.0} "" -999.0 -999.0 -999.0 -999.0 -999 -999 "" "" "" "" 0 0 0.0 0.0 -999 ""
FIBERMAP 1222 R+1C10 BOSS 1 1 0 1 0 0 -97.99620725256854 11.868192007323236 143.1 -83.85020549876289 52.03260977437344 257.43423 48.9878 255.85739349963401 18.35364510188871 -0.8505767 -2.9848478 0.10871871 255.85739098613564 18.353636730191212 255.78754699812512 18.322964606182595 28.336081923262256 85.54521484308286 5400.0 5400.0 2016.0 1 30 {-999.0 17.962305 17.6858 17.607908 -999.0} sdss_psfmag 17.939257 17.681082 17.268492 14.908 63050395765431474 977090019 "" ops_std_boss ops_std standard_boss 0 0 0.0 0.0 -999 ""
FIBERMAP 1222 R+1C10 METROLOGY 0 0 0 1 0 0 -97.25264186260578 11.965252001606826 143.1 -83.1351711261626 51.80744818185845 257.43423 48.9878 -999.0 -999.0 -999.0 -999.0 -999.0 255.86072567112365 18.352657687246854 255.79098026493648 18.321945339225817 28.332725408354676 85.54450022474305 -999.0 6231.0 -999.0 -1 -999 {-999.0 -999.0 -999.0 -999.0 -999.0} "" -999.0 -999.0 -999.0 -999.0 -999 -999 "" "" "" "" 0 0 0.0 0.0 -999 ""
FIBERMAP 1226 R+8C2 APOGEE 0 0 0 1 0 0 -169.08993898962342 163.3958582605531 143.1 -84.489930247489 219.35771794461795 39.46219 116.30064 -999.0 -999.0 -999.0 -999.0 -999.0 255.8560361788852 19.11108127583349 255.78458418162052 19.079912889631046 28.691571324831983 84.78467378254089 -999.0 16600.0 -999.0 2 -999 {-999.0 -999.0 -999.0 -999.0 -999.0} "" -999.0 -999.0 -999.0 -999.0 -999 -999 "" "" "" "" 0 0 0.0 0.0 -999 ""
FIBERMAP 1226 R+8C2 BOSS 1 1 0 1 0 0 -168.40594193614595 163.10237777921924 143.1 -83.9933845007302 218.80355925113687 39.46219 116.30064 255.85873908291003 19.108465147687788 0.3648026 -1.924894 0.10377528 255.85874016574718 19.108459748876456 255.78694385448617 19.07747247764661 28.68846415490289 84.7859604275244 5400.0 5400.0 2016.0 1 69 {-999.0 16.238688 15.016376 14.543917 -999.0} sdss_psfmag 15.774416 15.015018 14.168633 12.287 63050395765441446 1061551346 bright_1x1 manual_mwm_halo_distant_kgiant_near_boss_single mwm_halo science 0 0 0.0 0.0 -999 ""
FIBERMAP 1226 R+8C2 METROLOGY 0 0 0 1 0 0 -168.99481488926568 162.65584921598477 143.1 -84.71534922846989 218.64672327090724 39.46219 116.30064 -999.0 -999.0 -999.0 -999.0 -999.0 255.85518187964104 19.107788454128105 255.7834894917487 19.07674251407745 28.6910184050176 84.78842284612745 -999.0 6231.0 -999.0 -1 -999 {-999.0 -999.0 -999.0 -999.0 -999.0} "" -999.0 -999.0 -999.0 -999.0 -999 -999 "" "" "" "" 0 0 0.0 0.0 -999 ""
FIBERMAP 1229 R-10C17 APOGEE 0 0 0 1 0 0 193.11744997824243 -181.32146472503823 143.1 98.72498253429546 -245.7295095428634 84.60668 67.234856 -999.0 -999.0 -999.0 -999.0 -999.0 256.72337708139713 17.002309950312466 256.65644983587197 16.974530188863408 26.96746245115184 86.44182959052762 -999.0 16600.0 -999.0 2 188 {-999.0 -999.0 -999.0 -999.0 -999.0} "" -999.0 -999.0 -999.0 -999.0 -999 -999 "" ops_sky_apogee_best_unassigned ops_sky sky_apogee 0 0 0.0 0.0 -999 ""
FIBERMAP 1229 R-10C17 BOSS 1 1 0 1 0 0 193.7560047145967 -181.67171757212978 143.1 99.15641747358826 -246.3160025463643 84.60668 67.234856 256.7257510395549 16.99957058033132 1.6121591 -27.888344 0.64646906 256.7257557678193 16.999492361006695 256.65846670770486 16.97191236997196 26.964514310951813 86.4433689093759 5400.0 5400.0 2016.0 1 329 {-999.0 17.435997 16.821795 16.592667 -999.0} sdss_psfmag 17.282736 16.844315 16.24398 15.316 63050395763841277 1073336549 bright_1x1 mwm_halo_local_high_boss_single mwm_halo science 0 0 0.0 0.0 -999 ""
FIBERMAP 1229 R-10C17 METROLOGY 0 0 0 1 0 0 193.13091662532744 -182.0660385071124 143.1 98.42360601783525 -246.410251845681 84.60668 67.234856 -999.0 -999.0 -999.0 -999.0 -999.0 256.7221853250566 16.99912895653543 256.65500444946827 16.971484535012078 26.967214792812698 86.44557206062325 -999.0 6231.0 -999.0 -1 -999 {-999.0 -999.0 -999.0 -999.0 -999.0} "" -999.0 -999.0 -999.0 -999.0 -999 -999 "" "" "" "" 0 0 0.0 0.0 -999 ""
FIBERMAP 1232 R-4C22 APOGEE 0 0 0 1 0 0 215.33094000964294 -83.80598140449939 143.1 159.93473368629958 -166.6721995325623 192.43126 138.14352 -999.0 -999.0 -999.0 -999.0 -999.0 257.01687883417793 17.35689893164342 256.94876978022785 17.329810596544288 26.892208265205106 85.94200647333673 -999.0 16600.0 -999.0 2 -999 {-999.0 -999.0 -999.0 -999.0 -999.0} "" -999.0 -999.0 -999.0 -999.0 -999 -999 "" "" "" "" 0 0 0.0 0.0 -999 ""
FIBERMAP 1232 R-4C22 BOSS 1 1 0 1 0 0 214.6800558793632 -83.45580395329404 143.1 159.49208850102437 -166.08058221614522 192.43126 138.14352 257.0152267137855 17.359342253386234 -4.121493 2.6771362 2.1323545 257.0152146024598 17.359349762034842 256.94673266673215 17.332446678317236 26.895175575530565 85.94045042754881 5400.0 5400.0 2016.0 1 322 {-999.0 21.157436 19.81193 18.344606 -999.0} sdss_psfmag 20.72475 19.047022 17.817389 15.631 63050395763855599 1094250575 bright_1x1 mwm_bin_vis_boss mwm_filler science 0 0 0.0 0.0 -999 ""
FIBERMAP 1232 R-4C22 METROLOGY 0 0 0 1 0 0 215.3122625163042 -83.06011738756709 143.1 160.23192916685048 -165.9880928235091 192.43126 138.14352 -999.0 -999.0 -999.0 -999.0 -999.0 257.018606893446 17.359821752688134 256.9502242925462 17.332874300141203 26.8924509946174 85.93824479800861 -999.0 6231.0 -999.0 -1 -999 {-999.0 -999.0 -999.0 -999.0 -999.0} "" -999.0 -999.0 -999.0 -999.0 -999 -999 "" "" "" "" 0 0 0.0 0.0 -999 ""
FIBERMAP 1240 R+7C16 APOGEE 0 0 0 1 0 0 135.6172461924803 148.46954440507912 143.1 185.48760876564026 77.49366355682047 79.35259 78.46201 -999.0 -999.0 -999.0 -999.0 -999.0 257.14784706824446 18.46333779617317 257.07679806126987 18.436142272948928 27.308982105186196 84.78266908283786 -999.0 16600.0 -999.0 2 66 {-999.0 -999.0 -999.0 -999.0 -999.0} "" -999.0 -999.0 -999.0 -999.0 -999 -999 "" ops_sky_apogee_best_unassigned ops_sky sky_apogee 0 0 0.0 0.0 -999 ""
FIBERMAP 1240 R+7C16 BOSS 1 1 0 1 0 0 136.30122923576207 148.18977965828674 143.1 185.9899183547241 76.95194618702439 79.35259 78.46201 257.15064255147104 18.46068559167586 -1.8404207 1.3996826 2.5558476 257.15063710954945 18.460689517410188 257.079226288835 18.433688055506014 27.30579542907453 84.7838887966868 5400.0 5400.0 2016.0 1 201 {-999.0 18.842371 17.844505 17.435291 -999.0} sdss_psfmag 18.496803 17.969803 17.053963 15.533 63050395765444447 1095531631 bright_1x1 mwm_bin_vis_boss mwm_filler science 0 0 0.0 0.0 -999 ""
FIBERMAP 1240 R+7C16 METROLOGY 0 0 0 1 0 0 135.72606367453716 147.72527955660541 143.1 185.27281255906513 76.7730432116821 79.35259 78.46201 -999.0 -999.0 -999.0 -999.0 -999.0 257.1471125386118 18.45996262765984 257.0758102941634 18.43289910207806 27.30828514659423 84.78638650508549 -999.0 6231.0 -999.0 -1 -999 {-999.0 -999.0 -999.0 -999.0 -999.0} "" -999.0 -999.0 -999.0 -999.0 -999 -999 "" "" "" "" 0 0 0.0 0.0 -999 ""
FIBERMAP 1241 R+7C13 APOGEE 0 0 0 1 0 0 50.48841016078994 148.99781669718774 143.1 108.52771249239917 113.82564537551838 121.61496 107.67632 -999.0 -999.0 -999.0 -999.0 -999.0 256.7811325809673 18.631477708166617 256.71001617501815 18.603152925645016 27.69447383503659 84.80031673911725 -999.0 16600.0 -999.0 2 48 {-999.0 -999.0 -999.0 -999.0 -999.0} "" -999.0 -999.0 -999.0 -999.0 -999 -999 "" ops_sky_apogee_best_unassigned ops_sky sky_apogee 0 0 0.0 0.0 -999 ""
FIBERMAP 1241 R+7C13 BOSS 1 1 0 1 0 0 50.97272778361804 149.56514055669484 143.1 109.20575610610156 114.1360355934471 121.61496 107.67632 256.78479385628435 18.632720902360028 -2.4125943 -1.0513692 0.052221056 256.7847867153186 18.6327179535513 256.7133022587145 18.604584617154217 27.692392478826896 84.7972410756654 5400.0 5400.0 2016.0 1 150 {-999.0 15.01134 14.065345 13.653225 -999.0} sdss_psfmag_from_g3xp 14.70122 14.061656 13.290844 11.661 63050395765417884 1076117710 bright_1x1 mwm_halo_mp_xp_boss_single mwm_halo science 0 0 0.0 0.0 -999 ""
FIBERMAP 1241 R+7C13 METROLOGY 0 0 0 1 0 0 51.224517143570935 148.86082669421899 143.1 109.1374117317475 113.39142265566898 121.61496 107.67632 -999.0 -999.0 -999.0 -999.0 -999.0 256.78433929871403 18.62938787136122 256.7129661605353 18.60120326638272 27.691090478591157 84.80078368049783 -999.0 6231.0 -999.0 -1 -999 {-999.0 -999.0 -999.0 -999.0 -999.0} "" -999.0 -999.0 -999.0 -999.0 -999 -999 "" "" "" "" 0 0 0.0 0.0 -999 ""
FIBERMAP 1251 R+6C7 APOGEE 0 0 0 1 0 0 -108.38849781688813 122.83029583244647 143.1 -46.539405752337274 157.0136619158022 209.00487 59.445152 -999.0 -999.0 -999.0 -999.0 -999.0 256.0371148847077 18.830396104511486 255.966216196485 18.79985885343657 28.409308225138716 84.9760956716529 -999.0 16600.0 -999.0 2 100 {-999.0 -999.0 -999.0 -999.0 -999.0} "" -999.0 -999.0 -999.0 -999.0 -999 -999 "" ops_sky_apogee_best_unassigned ops_sky sky_apogee 0 0 0.0 0.0 -999 ""
FIBERMAP 1251 R+6C7 BOSS 1 1 0 1 0 0 -108.35083100770686 123.57265481891675 143.1 -46.19260167990153 157.67086070249007 209.00487 59.445152 256.03912353515625 18.833246313453344 -999.0 -999.0 -999.0 256.03912353515625 18.833246313453344 255.96786397234283 18.802888816392755 28.409339543144682 84.97222136690101 5400.0 5400.0 2015.5 1 66 {-999.0 -999.0 -999.0 -999.0 -999.0} "" -999.0 -999.0 -999.0 -999.0 27021603155090251 813301474 "" ops_sky_boss_good ops_sky sky_boss 0 0 0.0 0.0 -999 ""
FIBERMAP 1251 R+6C7 METROLOGY 0 0 0 1 0 0 -107.70082943021582 123.14471979832523 143.1 -45.78350518959703 157.00911588631118 209.00487 59.445152 -999.0 -999.0 -999.0 -999.0 -999.0 256.04098331362417 18.8302923207162 255.9698291226324 18.799891720392054 28.40629716913685 84.97425114649809 -999.0 6231.0 -999.0 -1 -999 {-999.0 -999.0 -999.0 -999.0 -999.0} "" -999.0 -999.0 -999.0 -999.0 -999 -999 "" "" "" "" 0 0 0.0 0.0 -999 ""
FIBERMAP 1252 R+13C7 APOGEE 0 0 0 1 0 0 -23.11860813068566 269.85030021924285 143.1 92.69008886154408 254.39748244754875 187.7852 35.430725 -999.0 -999.0 -999.0 -999.0 -999.0 256.70613330980416 19.26509098722432 256.6334465230465 19.236282877464365 28.053559157300974 84.20475897328231 -999.0 16600.0 -999.0 2 46 {-999.0 -999.0 -999.0 -999.0 -999.0} "" -999.0 -999.0 -999.0 -999.0 -999 -999 "" ops_sky_apogee_best_unassigned ops_sky sky_apogee 0 0 0.0 0.0 -999 ""
FIBERMAP 1252 R+13C7 BOSS 1 1 0 1 0 0 -22.6029278683237 270.3806840847566 143.1 93.38100981440873 254.66117213015667 187.7852 35.430725 256.7098089280216 19.2660563257892 -4.123235 -0.077686936 0.20903301 256.7097966773747 19.266056107897775 256.63674560330384 19.237435051879327 28.0513333979614 84.20196599901209 5400.0 5400.0 2016.0 1 167 {-999.0 18.170263 17.746195 17.573929 17.497902} sdss_psfmag_from_gaia 18.0902 17.7602 17.2364 15.876 63050395765472047 971309010 "" ops_std_boss_gdr2 ops_std standard_boss 0 0 0.0 0.0 -999 ""
FIBERMAP 1252 R+13C7 METROLOGY 0 0 0 1 0 0 -22.398083435087347 269.66266116314375 143.1 93.26432890959256 253.92390123573486 187.7852 35.430725 -999.0 -999.0 -999.0 -999.0 -999.0 256.7091380593423 19.26282452068994 256.6361974697295 19.234152815188132 28.05027027913512 84.2055331409752 -999.0 6231.0 -999.0 -1 -999 {-999.0 -999.0 -999.0 -999.0 -999.0} "" -999.0 -999.0 -999.0 -999.0 -999 -999 "" "" "" "" 0 0 0.0 0.0 -999 ""
FIBERMAP 1254 R+2C6 APOGEE 0 0 0 1 0 0 -149.98200285421197 35.10382456060446 143.1 -121.19736270841568 94.99372088446525 256.47247 171.41641 -999.0 -999.0 -999.0 -999.0 -999.0 255.67847422023544 18.54887657171618 255.60865275773915 18.517437279911686 28.577123976458047 85.44018859351888 -999.0 16600.0 -999.0 2 -999 {-999.0 -999.0 -999.0 -999.0 -999.0} "" -999.0 -999.0 -999.0 -999.0 -999 -999 "" "" "" "" 0 0 0.0 0.0 -999 ""
FIBERMAP 1254 R+2C6 BOSS 1 1 0 1 0 0 -150.2384118812284 34.43256556540451 143.1 -121.7125456414679 94.49311106303655 256.47247 171.41641 255.6763645149915 18.546507906772604 -19.638622 -17.851875 0.707714 255.67630641664724 18.546457837041473 255.60614533223915 18.515187962511607 28.578174224477806 85.44371863812081 5400.0 5400.0 2016.0 1 48 {-999.0 16.829472 16.260008 15.9962 -999.0} sdss_psfmag 16.678108 16.266565 15.681119 14.674 63050395765433102 1072605377 bright_1x1 mwm_halo_local_high_boss_single mwm_halo science 0 0 0.0 0.0 -999 ""
FIBERMAP 1254 R+2C6 METROLOGY 0 0 0 1 0 0 -150.7200343911974 34.99441052619064 143.1 -121.9125828429981 95.2053509913011 256.47247 171.41641 -999.0 -999.0 -999.0 -999.0 -999.0 255.67526479349615 18.549731940934375 255.6051947121216 18.518408317148612 28.58047654751693 85.44095675395812 -999.0 6231.0 -999.0 -1 -999 {-999.0 -999.0 -999.0 -999.0 -999.0} "" -999.0 -999.0 -999.0 -999.0 -999 -999 "" "" "" "" 0 0 0.0 0.0 -999 ""
FIBERMAP 1256 R-7C15 APOGEE 0 0 0 1 0 0 114.8736704609921 -123.32799127012423 143.1 52.20960195475682 -160.1962069726926 84.11542 66.72563 -999.0 -999.0 -999.0 -999.0 -999.0 256.50577760351473 17.387168518229213 256.4381033666988 17.358590498063545 27.334332957532368 86.17486059645455 -999.0 16600.0 -999.0 2 -999 {-999.0 -999.0 -999.0 -999.0 -999.0} "" -999.0 -999.0 -999.0 -999.0 -999 -999 "" "" "" "" 0 0 0.0 0.0 -999 ""
FIBERMAP 1256 R-7C15 BOSS 1 1 0 1 0 0 115.58153116837667 -123.77882729485117 143.1 52.6615116159843 -160.90308313243628 84.11542 66.72563 256.508388964351 17.38370657011822 -33.11643 6.4624424 0.57986075 256.5082916362115 17.38372469551231 256.4402613779745 17.35534297749282 27.330974163346305 86.17696868604324 5400.0 5400.0 2016.0 1 317 {-999.0 16.450106 15.976587 15.807454 -999.0} sdss_psfmag 16.31275 15.969392 15.439419 14.369 63050395763847828 1072652963 bright_1x1 mwm_halo_local_high_boss_single mwm_halo science 0 0 0.0 0.0 -999 ""
FIBERMAP 1256 R-7C15 METROLOGY 0 0 0 1 0 0 114.89701527725859 -124.07372379594383 143.1 51.91669349941633 -160.88216016338532 84.11542 66.72563 -999.0 -999.0 -999.0 -999.0 -999.0 256.50463949924045 17.383891516063876 256.43671495445267 17.35544609046274 27.333998746577137 86.17868326181804 -999.0 6231.0 -999.0 -1 -999 {-999.0 -999.0 -999.0 -999.0 -999.0} "" -999.0 -999.0 -999.0 -999.0 -999 -999 "" "" "" "" 0 0 0.0 0.0 -999 ""
FIBERMAP 1260 R+1C4 APOGEE 0 0 0 1 0 0 -207.27433901795598 7.8618797245865295 143.1 -184.61494723710635 94.42405626776204 293.08868 120.06734 -999.0 -999.0 -999.0 -999.0 -999.0 255.375931788745 18.54516192958903 255.3064130004094 18.512867178704283 28.82835898303548 85.59750052582564 -999.0 16600.0 -999.0 2 -999 {-999.0 -999.0 -999.0 -999.0 -999.0} "" -999.0 -999.0 -999.0 -999.0 -999 -999 "" "" "" "" 0 0 0.0 0.0 -999 ""
FIBERMAP 1260 R+1C4 BOSS 1 1 0 1 0 0 -207.6990494767566 7.251346000459807 143.1 -185.25714613618462 94.04938539495362 293.08868 120.06734 255.37330501628097 18.54337702039815 -43.309917 -28.813437 1.3392574 255.3731768918189 18.54329620639348 255.30332129845493 18.51116701495562 28.830156820976043 85.60077991576317 5400.0 5400.0 2016.0 1 62 {-999.0 19.735502 18.274187 17.627947 -999.0} sdss_psfmag 19.131737 18.180323 17.217882 15.348 63050395765429341 1072653094 bright_1x1 mwm_halo_local_high_boss_single mwm_halo science 0 0 0.0 0.0 -999 ""
FIBERMAP 1260 R+1C4 METROLOGY 0 0 0 1 0 0 -208.01757074965252 7.92721404566786 143.1 -185.2612847999033 94.79631276260015 293.08868 120.06734 -999.0 -999.0 -999.0 -999.0 -999.0 255.3730728967763 18.546724475028885 255.30330583062232 18.514544755869217 28.83174778072157 85.59737869165696 -999.0 6231.0 -999.0 -1 -999 {-999.0 -999.0 -999.0 -999.0 -999.0} "" -999.0 -999.0 -999.0 -999.0 -999 -999 "" "" "" "" 0 0 0.0 0.0 -999 ""
FIBERMAP 1265 R+5C6 APOGEE 0 0 0 1 0 0 -129.18862028385632 110.98746279108319 143.1 -70.38566623751429 155.0365310436014 130.03983 94.869194 -999.0 -999.0 -999.0 -999.0 -999.0 255.9226136357595 18.821416064697154 255.8518499401389 18.790556777271878 28.500779030586244 85.04282136909228 -999.0 16600.0 -999.0 2 -999 {-999.0 -999.0 -999.0 -999.0 -999.0} "" -999.0 -999.0 -999.0 -999.0 -999 -999 "" "" "" "" 0 0 0.0 0.0 -999 ""
FIBERMAP 1265 R+5C6 BOSS 1 1 0 1 0 0 -128.71509663002476 111.54160196094203 143.1 -69.72296190589218 155.33951332070194 130.03983 94.869194 255.92610591224567 18.822666445848846 5.813391 -0.4703199 1.9255297 255.92612313847837 18.822665126726886 255.85500304368253 18.79198964342171 28.498805032628205 85.0397965392283 5400.0 5400.0 2016.0 1 50 {-999.0 22.031858 20.528233 19.111912 -999.0} sdss_psfmag 21.05245 19.84919 18.667658 16.138 63050395765434015 1095534361 bright_1x1 mwm_bin_vis_boss mwm_filler science 0 0 0.0 0.0 -999 ""
FIBERMAP 1265 R+5C6 METROLOGY 0 0 0 1 0 0 -128.45495585182732 110.85182178811084 143.1 -69.77761339874525 154.60456010905105 130.03983 94.869194 -999.0 -999.0 -999.0 -999.0 -999.0 255.92575678069176 18.819380832945356 255.8547442579927 18.78865643344627 28.49746919122837 85.04328255628673 -999.0 6231.0 -999.0 -1 -999 {-999.0 -999.0 -999.0 -999.0 -999.0} "" -999.0 -999.0 -999.0 -999.0 -999 -999 "" "" "" "" 0 0 0.0 0.0 -999 ""
FIBERMAP 1266 R-1C23 APOGEE 0 0 0 1 0 0 218.19260705916076 -26.49436115135494 143.1 186.66674552321717 -115.91562517653094 264.4919 153.04614 -999.0 -999.0 -999.0 -999.0 -999.0 257.1460844173078 17.585795201502066 257.0772695569142 17.558979583206142 26.893698382802448 85.6505984036487 -999.0 16600.0 -999.0 2 -999 {-999.0 -999.0 -999.0 -999.0 -999.0} "" -999.0 -999.0 -999.0 -999.0 -999 -999 "" "" "" "" 0 0 0.0 0.0 -999 ""
FIBERMAP 1266 R-1C23 BOSS 1 1 0 1 0 0 217.8048410200029 -27.13830196783079 143.1 186.04397262910672 -116.33614429896323 264.4919 153.04614 257.1435288013852 17.583691151326818 -1.4788319 -1.032996 0.007465595 257.14352445036434 17.583688254049882 257.074347784588 17.557056980339908 26.895233041189748 85.65398114777918 5400.0 5400.0 2016.0 1 312 {-999.0 17.53232 16.729797 16.396688 -999.0} sdss_psfmag 17.285202 16.71515 16.005514 14.44 63050395763856798 1061672654 bright_1x1 manual_mwm_halo_distant_kgiant_near_boss_single mwm_halo science 0 0 0.0 0.0 -999 ""
FIBERMAP 1266 R-1C23 METROLOGY 0 0 0 1 0 0 217.44684689282025 -26.471916668478066 143.1 186.00005198004413 -115.58119003704519 264.4919 153.04614 -999.0 -999.0 -999.0 -999.0 -999.0 257.14324701545695 17.587162030404887 257.07416658277805 17.560474317607383 26.897011612701817 85.65070346320596 -999.0 6231.0 -999.0 -1 -999 {-999.0 -999.0 -999.0 -999.0 -999.0} "" -999.0 -999.0 -999.0 -999.0 -999 -999 "" "" "" "" 0 0 0.0 0.0 -999 ""
FIBERMAP 1270 R+5C12 APOGEE 0 0 0 1 0 0 4.605672317055122 83.38469950695274 143.1 39.29420828914852 73.66132271665832 258.07205 103.49895 -999.0 -999.0 -999.0 -999.0 -999.0 256.44846370911154 18.4509906142579 256.37814090085 18.421788059079685 27.887462607895905 85.14814873229233 -999.0 16600.0 -999.0 2 8 {-999.0 -999.0 -999.0 -999.0 -999.0} "" -999.0 -999.0 -999.0 -999.0 -999 -999 "" ops_sky_apogee_best_unassigned ops_sky sky_apogee 0 0 0.0 0.0 -999 ""
FIBERMAP 1270 R+5C12 BOSS 1 1 0 1 0 0 3.8632339792044426 83.37920555834785 143.1 38.61875989177858 73.96902834292462 258.07205 103.49895 256.4456032052649 18.452260882313766 0.09300915 0.09419578 -0.16513424 256.4456034802692 18.452261146507674 256.3749225431889 18.42323016214659 27.89083577448092 85.14832855663883 5400.0 5400.0 2016.0 1 116 {-999.0 18.663465 18.489214 18.340681 18.238352} sdss_psfmag_from_gaiadr2 18.650732 18.486023 18.05393 -999.0 63050395765418008 1057674572 bright_flexible_2x1 bhm_gua_bright bhm_filler science 0 0 0.0 0.0 -999 ""
FIBERMAP 1270 R+5C12 METROLOGY 0 0 0 1 0 0 4.225041395414285 84.02195080622573 143.1 39.21749377328171 74.39939628129864 258.07205 103.49895 -999.0 -999.0 -999.0 -999.0 -999.0 256.4483794676116 18.4542512261696 256.37779195521045 18.42517626038676 27.889344479319945 85.14493904871637 -999.0 6231.0 -999.0 -1 -999 {-999.0 -999.0 -999.0 -999.0 -999.0} "" -999.0 -999.0 -999.0 -999.0 -999 -999 "" "" "" "" 0 0 0.0 0.0 -999 ""
FIBERMAP 1271 R-4C14 APOGEE 0 0 0 1 0 0 42.59048918270305 -59.61339619390151 143.1 13.507938953423132 -71.98620446378293 133.68927 74.32098 -999.0 -999.0 -999.0 -999.0 -999.0 256.3226815896755 17.788050597726343 256.25417590325526 17.758771827443002 27.67880657727276 85.87184360495723 -999.0 16600.0 -999.0 2 -999 {-999.0 -999.0 -999.0 -999.0 -999.0} "" -999.0 -999.0 -999.0 -999.0 -999 -999 "" "" "" "" 0 0 0.0 0.0 -999 ""
FIBERMAP 1271 R-4C14 BOSS 1 1 0 1 0 0 43.24090868022636 -59.26108810112006 143.1 14.246023019101807 -71.94071489221349 133.68927 74.32098 256.3265783351539 17.787965209045957 0.5981981 21.026217 1.9616419 256.3265800971757 17.7880241819439 256.25771255995465 17.758940122818178 27.675920182340867 85.86987449349895 5400.0 5400.0 2016.0 1 324 {-999.0 17.15234 15.84772 15.338312 -999.0} sdss_psfmag 16.635595 15.829347 14.958406 13.182 63050395765400454 1094422544 bright_1x1 mwm_bin_vis_boss mwm_filler science 0 0 0.0 0.0 -999 ""
FIBERMAP 1271 R-4C14 METROLOGY 0 0 0 1 0 0 43.22556186834282 -60.004988666334384 143.1 13.91880620326998 -72.6087116894717 133.68927 74.32098 -999.0 -999.0 -999.0 -999.0 -999.0 256.32490206207194 17.78504813822442 256.25614480014724 17.755908706560927 27.675798852793882 85.87368771532346 -999.0 6231.0 -999.0 -1 -999 {-999.0 -999.0 -999.0 -999.0 -999.0} "" -999.0 -999.0 -999.0 -999.0 -999 -999 "" "" "" "" 0 0 0.0 0.0 -999 ""
FIBERMAP 1272 R+1C9 APOGEE 0 0 0 1 0 0 -112.91303617172102 14.267846111245598 143.1 -96.36396256481575 60.490665240051186 200.52089 119.68395 -999.0 -999.0 -999.0 -999.0 -999.0 255.79716412679477 18.392254865444144 255.72763048400543 18.36121820405961 28.404252260790862 85.53712993905754 -999.0 16600.0 -999.0 2 147 {-999.0 -999.0 -999.0 -999.0 -999.0} "" -999.0 -999.0 -999.0 -999.0 -999 -999 "" ops_sky_apogee_best_unassigned ops_sky sky_apogee 0 0 0.0 0.0 -999 ""
FIBERMAP 1272 R+1C9 BOSS 1 1 0 1 0 0 -113.48930955341531 14.74872502083718 143.1 -96.68391515620407 61.16936032896496 200.52089 119.68395 255.7959069902306 18.39519589001911 9.94898 -1.2435989 7.0279636 255.79593639706812 18.395192402055372 255.72604810120225 18.364326609023337 28.407036086635422 85.53480888233412 5400.0 5400.0 2016.0 1 45 {-999.0 20.908741 19.3192 17.37225 -999.0} sdss_psfmag 19.998764 18.078522 16.587425 13.951 63050395765431577 1094388023 bright_1x1 mwm_bin_vis_boss mwm_filler science 0 0 0.0 0.0 -999 ""
FIBERMAP 1272 R+1C9 METROLOGY 0 0 0 1 0 0 -112.78263238677025 15.01206410623046 143.1 -95.93229521544228 61.11049222365088 200.52089 119.68395 -999.0 -999.0 -999.0 -999.0 -999.0 255.7994479246301 18.39497117299964 255.72965413877841 18.36406625934986 28.403890928214466 85.53324632795983 -999.0 6231.0 -999.0 -1 -999 {-999.0 -999.0 -999.0 -999.0 -999.0} "" -999.0 -999.0 -999.0 -999.0 -999 -999 "" "" "" "" 0 0 0.0 0.0 -999 ""
FIBERMAP 1276 R-2C3 APOGEE 0 0 0 1 0 0 -205.05954520267312 -28.835891420275072 143.1 -198.06259872461342 60.21909509587988 97.72597 28.44793 -999.0 -999.0 -999.0 -999.0 -999.0 255.3119741124868 18.389819048648295 255.24291721635507 18.35740783445814 28.80888528599369 85.78648705531509 -999.0 16600.0 -999.0 2 257 {-999.0 -999.0 -999.0 -999.0 -999.0} "" -999.0 -999.0 -999.0 -999.0 -999 -999 "" ops_sky_apogee_best_unassigned ops_sky sky_apogee 0 0 0.0 0.0 -999 ""
FIBERMAP 1276 R-2C3 BOSS 1 1 0 1 0 0 -204.59831495050216 -29.41858589689234 143.1 -197.8898312630809 59.4965403163248 97.72597 28.44793 255.31316589646545 18.38647041723716 -25.476957 -30.237036 4.7218413 255.31309059644144 18.386385610446823 255.24369822632116 18.354151770522847 28.806705558568254 85.78937421078977 5400.0 5400.0 2016.0 1 475 {-999.0 18.602959 17.145754 15.878992 -999.0} sdss_psfmag 18.038378 16.578833 15.405459 13.134 63050395765428470 1094503477 bright_1x1 mwm_bin_vis_boss mwm_filler science 0 0 0.0 0.0 -999 ""
FIBERMAP 1276 R-2C3 METROLOGY 0 0 0 1 0 0 -205.3474782699008 -29.525099601608886 143.1 -198.61392256237292 59.7154883007146 97.72597 28.44793 -999.0 -999.0 -999.0 -999.0 -999.0 255.30956746827113 18.387409564898064 255.2402722588281 18.355116717603106 28.81003044709381 85.7901390401546 -999.0 6231.0 -999.0 -1 -999 {-999.0 -999.0 -999.0 -999.0 -999.0} "" -999.0 -999.0 -999.0 -999.0 -999 -999 "" "" "" "" 0 0 0.0 0.0 -999 ""
FIBERMAP 1281 R+5C7 APOGEE 1 1 0 1 0 0 -84.22061639812101 100.80470123852469 143.1 -33.90384484035503 126.8654817394949 43.20269 83.66594 256.097090032378 18.693827427373108 -11.45176 -18.72392 1.9232714 256.09744671821625 18.69377491179402 256.0268432976264 18.663466451486368 28.294906080881667 85.08276079092323 16000.0 16600.0 2016.0 2 108 {-999.0 9.543823 8.338483 7.8581047 -999.0} sdss_psfmag_from_g3xp 9.097417 8.334605 7.4876213 5.634 63050395765433549 996665258 bright_1x1 mwm_bin_gaia_sb_apogee mwm_bin science 0 0 1.3319565057754517 0.0 -999 ""
FIBERMAP 1281 R+5C7 BOSS 0 0 0 1 0 0 -83.78928577421942 100.20588538284802 143.1 -33.76497570154902 126.14090303406229 43.20269 83.66594 -999.0 -999.0 -999.0 -999.0 -999.0 256.0984435986539 18.69036356625482 256.02749467491435 18.660236095019197 28.292851866147018 85.08567760394305 -999.0 5400.0 -999.0 1 54 {-999.0 -999.0 -999.0 -999.0 -999.0} "" -999.0 -999.0 -999.0 -999.0 -999 -999 "" "" "" "" 0 0 0.0 0.0 -999 ""
FIBERMAP 1281 R+5C7 METROLOGY 0 0 0 1 0 0 -84.52991316561477 100.12651109087302 143.1 -34.469897782661015 126.38086206310734 43.20269 83.66594 -999.0 -999.0 -999.0 -999.0 -999.0 256.0949625014137 18.69149639912434 256.02411406112174 18.661308489569922 28.296184880282304 85.08629920393798 -999.0 6231.0 -999.0 -1 -999 {-999.0 -999.0 -999.0 -999.0 -999.0} "" -999.0 -999.0 -999.0 -999.0 -999 -999 "" "" "" "" 0 0 0.0 0.0 -999 ""
FIBERMAP 1285 R+9C4 APOGEE 0 0 0 1 0 0 -106.67322031110925 170.61821574719235 143.1 -24.857792037448743 199.61835256401494 16.046953 83.78365 -999.0 -999.0 -999.0 -999.0 -999.0 256.1418132696354 19.022608754869264 256.070313047911 18.99228960294262 28.411650157533153 84.73034049607395 -999.0 16600.0 -999.0 2 -999 {-999.0 -999.0 -999.0 -999.0 -999.0} "" -999.0 -999.0 -999.0 -999.0 -999 -999 "" "" "" "" 0 0 0.0 0.0 -999 ""
FIBERMAP 1285 R+9C4 BOSS 1 1 0 1 0 0 -106.5307996274601 169.88375631989882 143.1 -25.03799210317039 198.89246995346076 16.046953 83.78365 256.1412601688227 19.019266215669663 7.900356 -18.318243 0.5773105 256.1412836066905 19.019214837909562 256.0694407243688 18.98907027178447 28.410884990788745 84.73401741667095 5400.0 5400.0 2016.0 1 15 {-999.0 15.407309 14.924207 14.734837 -999.0} sdss_psfmag_from_g3xp 15.304197 14.940749 14.398972 13.395 63050395765436726 1072462931 bright_1x1 mwm_halo_local_high_boss_single mwm_halo science 0 0 0.0 0.0 -999 ""
FIBERMAP 1285 R+9C4 METROLOGY 0 0 0 1 0 0 -107.23362795031267 170.12566599494974 143.1 -25.573330950649414 199.4078027914502 16.046953 83.78365 -999.0 -999.0 -999.0 -999.0 -999.0 256.1386209823333 19.02157848819406 256.06687416910586 18.99137587699641 28.414105136940826 84.73297799241061 -999.0 6231.0 -999.0 -1 -999 {-999.0 -999.0 -999.0 -999.0 -999.0} "" -999.0 -999.0 -999.0 -999.0 -999 -999 "" "" "" "" 0 0 0.0 0.0 -999 ""
FIBERMAP 1287 R+12C7 APOGEE 0 0 0 1 0 0 -3.667520631571513 237.7417385060303 143.1 96.80258902687264 217.09407546530457 62.56487 58.98902 -999.0 -999.0 -999.0 -999.0 -999.0 256.72580946258677 19.098073415110843 256.6535388589166 19.069391875894677 27.959276320914398 84.3622062213123 -999.0 16600.0 -999.0 2 -999 {-999.0 -999.0 -999.0 -999.0 -999.0} "" -999.0 -999.0 -999.0 -999.0 -999 -999 "" "" "" "" 0 0 0.0 0.0 -999 ""
FIBERMAP 1287 R+12C7 BOSS 1 1 0 1 0 0 -3.262418910357257 237.1160424478954 143.1 96.90635671389701 216.35617233592004 62.56487 58.98902 256.7266768342402 19.094607883866292 0.0382074 -0.22863515 -0.57099205 256.72667694764107 19.094607242606024 256.65405554488535 19.066107818512474 27.95731745896373 84.3652411576442 5400.0 5400.0 2016.0 1 155 {-999.0 20.079165 19.925642 19.792322 19.712612} sdss_psfmag_from_gaiadr2 20.06671 19.91718 19.541943 -999.0 63050395765470651 1056793328 dark_flexible_2x2 bhm_gua_dark bhm_filler science 0 0 0.0 0.0 -999 ""
FIBERMAP 1287 R+12C7 METROLOGY 0 0 0 1 0 0 -4.006814940752108 237.07725272569374 143.1 96.21511045606746 216.63451472734252 62.56487 58.98902 -999.0 -999.0 -999.0 -999.0 -999.0 256.72326350733846 19.095932448479058 256.6507437208469 19.06737216854144 27.960676514575127 84.36562103899269 -999.0 6231.0 -999.0 -1 -999 {-999.0 -999.0 -999.0 -999.0 -999.0} "" -999.0 -999.0 -999.0 -999.0 -999 -999 "" "" "" "" 0 0 0.0 0.0 -999 ""
FIBERMAP 1289 R-2C15 APOGEE 0 0 0 1 0 0 39.77141827503513 -52.44219762047563 143.1 13.972253110250385 -64.29712463906998 259.4525 107.95425 -999.0 -999.0 -999.0 -999.0 -999.0 256.3250119160841 17.823039986907325 256.2564151271198 17.79375278529349 27.693496180205052 85.83591081279712 -999.0 16600.0 -999.0 2 219 {-999.0 -999.0 -999.0 -999.0 -999.0} "" -999.0 -999.0 -999.0 -999.0 -999 -999 "" ops_sky_apogee_best_unassigned ops_sky sky_apogee 0 0 0.0 0.0 -999 ""
FIBERMAP 1289 R-2C15 BOSS 1 1 0 1 0 0 39.04213358169922 -52.53851584751031 143.1 13.270478789906386 -64.07730500566859 259.4525 107.95425 256.322021484375 17.823831689947582 -999.0 -999.0 -999.0 256.32202148437506 17.823831689947585 256.2530672703534 17.79471903913281 27.69676147879786 85.83665429045497 5400.0 5400.0 2015.5 1 273 {-999.0 -999.0 -999.0 -999.0 -999.0} "" -999.0 -999.0 -999.0 -999.0 27021603155082814 813300556 "" ops_sky_boss_good ops_sky sky_boss 0 0 0.0 0.0 -999 ""
FIBERMAP 1289 R-2C15 METROLOGY 0 0 0 1 0 0 39.31134362891686 -51.84096939767884 143.1 13.808339090984852 -63.558252864963755 259.4525 107.95425 -999.0 -999.0 -999.0 -999.0 -999.0 256.3245007499947 17.82624562992944 256.2556394353079 17.79708705957192 27.69572544183837 85.83298893871682 -999.0 6231.0 -999.0 -1 -999 {-999.0 -999.0 -999.0 -999.0 -999.0} "" -999.0 -999.0 -999.0 -999.0 -999 -999 "" "" "" "" 0 0 0.0 0.0 -999 ""
FIBERMAP 1296 R-5C7 APOGEE 0 0 0 1 0 0 -83.99271823316661 -98.67467474528824 143.1 -117.71033168987697 -54.08923865064159 24.190184 84.80386 -999.0 -999.0 -999.0 -999.0 -999.0 255.69527670164075 17.870823944054436 255.62717579883451 17.83971755250682 28.24304680409361 86.11088708924177 -999.0 16600.0 -999.0 2 262 {-999.0 -999.0 -999.0 -999.0 -999.0} "" -999.0 -999.0 -999.0 -999.0 -999 -999 "" ops_sky_apogee_best_unassigned ops_sky sky_apogee 0 0 0.0 0.0 -999 ""
FIBERMAP 1296 R-5C7 BOSS 1 1 0 1 0 0 -83.75139834195163 -99.38067287683418 143.1 -117.78887759801175 -54.830969296135315 24.190184 84.80386 255.69519780857965 17.86725466007735 2.8576567 -2.3531098 0.8930633 255.69520622969097 17.867248060235198 255.62676413030275 17.836321873610505 28.241787681743055 86.11449439995654 5400.0 5400.0 2016.0 1 464 {-999.0 20.410957 20.749857 20.97403 -999.0} sdss_psfmag 20.606272 20.60451 20.434696 -999.0 63050395765405599 1092240396 dark_flexible_2x1 mwm_cb_galex_mag_boss mwm_cb science 0 0 0.0 0.0 -999 ""
FIBERMAP 1296 R-5C7 METROLOGY 0 0 0 1 0 0 -84.47694106033468 -99.23902248563381 143.1 -118.38703592875235 -54.39697048308157 24.190184 84.80386 -999.0 -999.0 -999.0 -999.0 -999.0 255.6922596026242 17.869280230655107 255.62391429877323 17.83829415268046 28.24511044337305 86.11397640445944 -999.0 6231.0 -999.0 -1 -999 {-999.0 -999.0 -999.0 -999.0 -999.0} "" -999.0 -999.0 -999.0 -999.0 -999 -999 "" "" "" "" 0 0 0.0 0.0 -999 ""
FIBERMAP 1300 R+11C12 APOGEE 0 0 0 1 0 0 65.62078105627062 231.11108597863034 143.1 156.83051430551765 181.90077672090524 196.0837 25.217499 -999.0 -999.0 -999.0 -999.0 -999.0 257.0125606304347 18.93674861248914 256.94042502647744 18.90895943501355 27.644502815589718 84.37992387461634 -999.0 16600.0 -999.0 2 11 {-999.0 -999.0 -999.0 -999.0 -999.0} "" -999.0 -999.0 -999.0 -999.0 -999 -999 "" ops_sky_apogee_best_unassigned ops_sky sky_apogee 0 0 0.0 0.0 -999 ""
FIBERMAP 1300 R+11C12 BOSS 1 1 0 1 0 0 66.15478909719977 231.63685120572913 143.1 157.53610701434582 182.15255993543352 196.0837 25.217499 257.01630316560824 18.93767766870051 1.1700925 -0.092449546 0.1713417 257.01630663520564 18.937677409404294 256.94380187265926 18.910079739363873 27.642199513955973 84.37712329049013 5400.0 5400.0 2016.0 1 142 {-999.0 16.875599 16.077993 15.7879715 -999.0} sdss_psfmag 16.634706 16.097664 15.410402 14.087 63050395765451714 1061551353 bright_1x1 manual_mwm_halo_distant_kgiant_near_boss_single mwm_halo science 0 0 0.0 0.0 -999 ""
FIBERMAP 1300 R+11C12 METROLOGY 0 0 0 1 0 0 66.33855178920952 230.91068801808777 143.1 157.39688389845196 181.41678746375766 196.0837 25.217499 -999.0 -999.0 -999.0 -999.0 -999.0 257.0155349163559 18.93442319952524 256.9431421398872 18.90677339702602 27.641209445067176 84.38075336459565 -999.0 6231.0 -999.0 -1 -999 {-999.0 -999.0 -999.0 -999.0 -999.0} "" -999.0 -999.0 -999.0 -999.0 -999 -999 "" "" "" "" 0 0 0.0 0.0 -999 ""
FIBERMAP 1301 R+2C23 APOGEE 0 0 0 1 0 0 216.33636763849975 44.39631420057104 143.1 214.84022998340683 -50.860546215299884 105.825096 147.80743 -999.0 -999.0 -999.0 -999.0 -999.0 257.2825807219245 17.879819291866774 257.21288506614474 17.85326928625236 26.91983093073361 85.29137642334524 -999.0 16600.0 -999.0 2 82 {-999.0 -999.0 -999.0 -999.0 -999.0} "" -999.0 -999.0 -999.0 -999.0 -999 -999 "" ops_sky_apogee_best_unassigned ops_sky sky_apogee 0 0 0.0 0.0 -999 ""
FIBERMAP 1301 R+2C23 BOSS 1 1 0 1 0 0 216.53037488865135 45.11194608855216 143.1 215.31752427857091 -50.29342429063276 105.825096 147.80743 257.2852816812296 17.882185843517338 -2.9071417 -3.5303032 0.096290484 257.28527311357317 17.88217594196341 257.2151984303153 17.855822577545265 26.919102938524972 85.28768431468102 5400.0 5400.0 2016.0 1 225 {-999.0 15.595232 14.726312 14.377131 -999.0} sdss_psfmag_from_g3xp 15.326518 14.745544 14.018826 12.449 63050395763860814 1061611540 bright_1x1 manual_mwm_halo_distant_kgiant_near_boss_single mwm_halo science 0 0 0.0 0.0 -999 ""
FIBERMAP 1301 R+2C23 METROLOGY 0 0 0 1 0 0 217.05735917081523 44.56580419930572 143.1 215.5653024395056 -51.010531618935225 105.825096 147.80743 -999.0 -999.0 -999.0 -999.0 -999.0 257.28629448613833 17.8789745854556 257.21633173625946 17.852571826335144 26.91661176582803 85.29032051600348 -999.0 6231.0 -999.0 -1 -999 {-999.0 -999.0 -999.0 -999.0 -999.0} "" -999.0 -999.0 -999.0 -999.0 -999 -999 "" "" "" "" 0 0 0.0 0.0 -999 ""
FIBERMAP 1302 R-9C18 APOGEE 1 1 0 1 0 0 200.53494371211528 -160.8556904907365 143.1 114.06948578438922 -230.29810284351387 83.399994 83.95555 256.7972072654726 17.07112060419735 -197.08856 52.67542 13.356717 256.79662900704966 17.07126834380049 256.729459598122 17.04366822975711 26.939336200412257 86.33621197057974 16000.0 16600.0 2016.0 2 187 {-999.0 10.635342 9.924772 9.633352 -999.0} sdss_psfmag_from_g3xp 10.442337 9.941596 9.277284 7.947 63050395763841477 984795053 bright_1x1 mwm_snc_100pc_apogee mwm_snc science 0 0 0.0 0.0 -999 ""
FIBERMAP 1302 R-9C18 BOSS 0 0 0 1 0 0 201.2702288590583 -161.01070736181975 143.1 114.6708476732363 -230.74832356627567 83.399994 83.95555 -999.0 -999.0 -999.0 -999.0 -999.0 256.7998238843849 17.069045917564587 256.73228608454417 17.041649252381553 26.93599675766812 86.33674709180752 -999.0 5400.0 -999.0 1 330 {-999.0 -999.0 -999.0 -999.0 -999.0} "" -999.0 -999.0 -999.0 -999.0 -999 -999 "" "" "" "" 0 0 0.0 0.0 -999 ""
FIBERMAP 1302 R-9C18 METROLOGY 0 0 0 1 0 0 200.7756431477117 -161.57103612940693 143.1 113.98644052400257 -231.0480471297924 83.399994 83.95555 -999.0 -999.0 -999.0 -999.0 -999.0 256.796469150601 17.06776410670787 256.72904205737836 17.04030394761873 26.93807434727219 86.3397387670675 -999.0 6231.0 -999.0 -1 -999 {-999.0 -999.0 -999.0 -999.0 -999.0} "" -999.0 -999.0 -999.0 -999.0 -999 -999 "" "" "" "" 0 0 0.0 0.0 -999 ""
FIBERMAP 1303 R-7C11 APOGEE 0 0 0 1 0 0 2.484557058416417 -150.74470672509858 143.1 -61.23529288524235 -137.71966504209783 268.41074 85.50435 -999.0 -999.0 -999.0 -999.0 -999.0 255.96520218317136 17.490469459372438 255.897801316474 17.460295684150026 27.83612128944239 86.35090355810911 -999.0 16600.0 -999.0 2 151 {-999.0 -999.0 -999.0 -999.0 -999.0} "" -999.0 -999.0 -999.0 -999.0 -999 -999 "" ops_sky_apogee_best_unassigned ops_sky sky_apogee 0 0 0.0 0.0 -999 ""
FIBERMAP 1303 R-7C11 BOSS 1 1 0 1 0 0 1.7404039544100252 -150.67245672155696 143.1 -61.87955319184828 -137.34075037042888 268.41074 85.50435 255.9624546985429 17.49198921889334 1.9662045 -10.683901 0.28512204 255.9624604805859 17.49195925341691 255.89470348270368 17.461960115338613 27.839512430775947 86.35083680440451 5400.0 5400.0 2016.0 1 377 {-999.0 18.007557 17.615932 17.460909 17.399155} sdss_psfmag_from_gaia 17.9511 17.6288 17.139 17.418 63050395765397178 971308413 "" ops_std_boss_gdr2 ops_std standard_boss 0 0 0.0 0.0 -999 ""
FIBERMAP 1303 R-7C11 METROLOGY 0 0 0 1 0 0 2.167641222777812 -150.07182540654696 143.1 -61.23923386859027 -136.97612175057975 268.41074 85.50435 -999.0 -999.0 -999.0 -999.0 -999.0 255.9654151938331 17.493664020732922 255.89775147658247 17.46362073215212 27.837744174222777 86.34762123835867 -999.0 6231.0 -999.0 -1 -999 {-999.0 -999.0 -999.0 -999.0 -999.0} "" -999.0 -999.0 -999.0 -999.0 -999 -999 "" "" "" "" 0 0 0.0 0.0 -999 ""
FIBERMAP 1304 R+7C15 APOGEE 0 0 0 1 0 0 103.97253170137425 143.66815338575572 143.1 154.77464453989558 86.46801190149849 20.763393 155.97249 -999.0 -999.0 -999.0 -999.0 -999.0 257.0017626998602 18.50547339320282 256.9307513334653 18.47783794981866 27.450868527767128 84.814492250581 -999.0 16600.0 -999.0 2 -999 {-999.0 -999.0 -999.0 -999.0 -999.0} "" -999.0 -999.0 -999.0 -999.0 -999 -999 "" "" "" "" 0 0 0.0 0.0 -999 ""
FIBERMAP 1304 R+7C15 BOSS 1 1 0 1 0 0 104.69126786520027 143.62753978240988 143.1 155.40918452677107 86.12848513957631 20.763393 155.97249 257.00520227006723 18.503761878871558 -1.2885159 -5.5570135 0.20294161 257.0051984591102 18.503746292939045 256.9338237049559 18.476305310888286 27.44757616107183 84.81447568310986 5400.0 5400.0 2016.0 1 187 {-999.0 14.422398 13.704806 13.383464 -999.0} sdss_psfmag_from_g3xp 14.204676 13.724613 13.023458 11.652 63050395765413248 1076117707 bright_1x1 mwm_halo_mp_xp_boss_single mwm_halo science 0 0 0.0 0.0 -999 ""
FIBERMAP 1304 R+7C15 METROLOGY 0 0 0 1 0 0 104.29941435731745 142.99747484147738 143.1 154.78854970353456 85.72226811878514 20.763393 155.97249 -999.0 -999.0 -999.0 -999.0 -999.0 257.0021180631925 18.50197839041652 256.93085411208597 18.47447721126538 27.449204723498248 84.8177845308681 -999.0 6231.0 -999.0 -1 -999 {-999.0 -999.0 -999.0 -999.0 -999.0} "" -999.0 -999.0 -999.0 -999.0 -999 -999 "" "" "" "" 0 0 0.0 0.0 -999 ""
FIBERMAP 1306 R-11C6 APOGEE 0 0 0 1 0 0 -45.63444820126603 -219.89818372622423 143.1 -133.98738212469326 -180.15203783180095 322.39285 123.612366 -999.0 -999.0 -999.0 -999.0 -999.0 255.6201853705777 17.299985617199088 255.55360198435994 17.26890943328707 28.033914668389336 86.71842226296246 -999.0 16600.0 -999.0 2 177 {-999.0 -999.0 -999.0 -999.0 -999.0} "" -999.0 -999.0 -999.0 -999.0 -999 -999 "" ops_sky_apogee_best_unassigned ops_sky sky_apogee 0 0 0.0 0.0 -999 ""
FIBERMAP 1306 R-11C6 BOSS 1 1 0 1 0 0 -45.66592447236132 -220.63975264105056 143.1 -134.3282407740526 -180.81112751575287 322.39285 123.612366 255.6189249049727 17.296817338069122 -1.9900355 -2.1592596 0.052165143 255.61891905909044 17.29681128192511 255.55199326410516 17.265914938863645 28.033838123133044 86.72223424084024 5400.0 5400.0 2016.0 1 358 {-999.0 16.286558 15.396795 15.037162 -999.0} sdss_psfmag_ps1 15.994775 15.404073 14.666656 13.066 63050395765396204 1061551341 bright_1x1 manual_mwm_halo_distant_kgiant_near_boss_single mwm_halo science 0 0 0.0 0.0 -999 ""
FIBERMAP 1306 R-11C6 METROLOGY 0 0 0 1 0 0 -46.2958367999187 -220.23670275979464 143.1 -134.7296039415403 -180.1804057327587 322.39285 123.612366 -999.0 -999.0 -999.0 -999.0 -999.0 255.6169061245641 17.299718155020905 255.55007457632723 17.26876321290533 28.036806254965903 86.72038661341998 -999.0 6231.0 -999.0 -1 -999 {-999.0 -999.0 -999.0 -999.0 -999.0} "" -999.0 -999.0 -999.0 -999.0 -999 -999 "" "" "" "" 0 0 0.0 0.0 -999 ""
FIBERMAP 1308 R-4C5 APOGEE 0 0 0 1 0 0 -142.35315695012451 -66.94912549568954 143.1 -157.2614540483125 -0.7459553699652596 74.27663 74.14633 -999.0 -999.0 -999.0 -999.0 -999.0 255.50628106626849 18.11344197215238 255.43774495261823 18.081696289869452 28.516056732992865 85.96492751153 -999.0 16600.0 -999.0 2 252 {-999.0 -999.0 -999.0 -999.0 -999.0} "" -999.0 -999.0 -999.0 -999.0 -999 -999 "" ops_sky_apogee_best_unassigned ops_sky sky_apogee 0 0 0.0 0.0 -999 ""
FIBERMAP 1308 R-4C5 BOSS 1 1 0 1 0 0 -141.7401030429343 -67.36242362052346 143.1 -156.87969180172465 -1.378868637920162 74.27663 74.14633 255.50838762501647 18.110373684896324 1.338258 5.2678676 1.262891 255.5083915741119 18.110388459851933 255.4395139768104 18.078826157484418 28.51322237115646 85.96690910263492 5400.0 5400.0 2016.0 1 459 {-999.0 16.139992 15.416257 15.158536 -999.0} sdss_psfmag 15.786973 15.447487 14.650789 13.335 63050395765422815 1094786703 bright_1x1 mwm_bin_vis_boss mwm_filler science 0 0 0.0 0.0 -999 ""
FIBERMAP 1308 R-4C5 METROLOGY 0 0 0 1 0 0 -142.40131468796525 -67.70229301958248 143.1 -157.62232190537986 -1.4085353790296302 74.27663 74.14633 -999.0 -999.0 -999.0 -999.0 -999.0 255.504767984075 18.110300290792868 255.4359922727557 18.07867792415443 28.51610655628631 85.96885079971679 -999.0 6231.0 -999.0 -1 -999 {-999.0 -999.0 -999.0 -999.0 -999.0} "" -999.0 -999.0 -999.0 -999.0 -999 -999 "" "" "" "" 0 0 0.0 0.0 -999 ""
FIBERMAP 1312 R-11C11 APOGEE 1 1 0 1 0 0 69.93528206574733 -225.77706056403872 143.1 -31.68160352920322 -234.15571034329068 358.4647 69.94032 256.1060343840186 17.055231109045362 -30.107496 22.0231 6.9713964 256.1059460560952 17.05529287791476 256.0395019714105 17.025710770819316 27.50983902010259 86.70925745700288 16000.0 16600.0 2016.0 2 156 {-999.0 11.3308 10.807263 10.640381 -999.0} sdss_psfmag_from_g3xp 11.215133 10.846278 10.306176 9.354 63050395763844700 1103654332 bright_1x1 mwm_tess_2min_apogee mwm_planet science 0 0 0.0 0.0 -999 ""
FIBERMAP 1312 R-11C11 BOSS 0 0 0 1 0 0 69.66876475297101 -226.47387717778437 143.1 -32.21671507316517 -234.67523485245442 358.4647 69.94032 -999.0 -999.0 -999.0 -999.0 -999.0 256.1037648146971 17.052755620399957 256.03696883190025 17.023356076684163 27.510838285219577 86.71289566807638 -999.0 5400.0 -999.0 1 393 {-999.0 -999.0 -999.0 -999.0 -999.0} "" -999.0 -999.0 -999.0 -999.0 -999 -999 "" "" "" "" 0 0 0.0 0.0 -999 ""
FIBERMAP 1312 R-11C11 METROLOGY 0 0 0 1 0 0 69.19719219553647 -225.9015919770096 143.1 -32.4032434155967 -233.9577618977495 358.4647 69.94032 -999.0 -999.0 -999.0 -999.0 -999.0 256.10277958393635 17.056031850210484 256.036078018206 17.02657503997904 27.51312707613532 86.71016890498925 -999.0 6231.0 -999.0 -1 -999 {-999.0 -999.0 -999.0 -999.0 -999.0} "" -999.0 -999.0 -999.0 -999.0 -999 -999 "" "" "" "" 0 0 0.0 0.0 -999 ""
FIBERMAP 1314 R-13C8 APOGEE 0 0 0 1 0 0 4.839971292104916 -242.3001310068597 143.1 -97.65940337043429 -221.7207509815648 111.70709 127.89275 -999.0 -999.0 -999.0 -999.0 -999.0 255.79320945426835 17.112369916498185 255.726928103079 17.081868420792212 27.799121778205055 86.81497437190092 -999.0 16600.0 -999.0 2 273 {-999.0 -999.0 -999.0 -999.0 -999.0} "" -999.0 -999.0 -999.0 -999.0 -999 -999 "" ops_sky_apogee_best_unassigned ops_sky sky_apogee 0 0 0.0 0.0 -999 ""
FIBERMAP 1314 R-13C8 BOSS 1 1 0 1 0 0 5.223708822781212 -241.6767243292219 143.1 -97.04893113571289 -221.31715256030503 111.70709 127.89275 255.79644394371604 17.11396723979723 -3.9737172 -4.7529025 0.46945822 255.79643228214675 17.113953909180122 255.7297894519566 17.083645335807358 27.797568965511843 86.81173197394965 5400.0 5400.0 2016.0 1 417 {-999.0 15.824439 15.439362 15.325595 -999.0} sdss_psfmag 15.749924 15.454185 14.984094 14.069 63050395765394547 979543186 "" ops_std_boss ops_std standard_boss 0 0 0.0 0.0 -999 ""
FIBERMAP 1314 R-13C8 METROLOGY 0 0 0 1 0 0 5.579257325790247 -242.32543066581684 143.1 -96.9997821157308 -222.05504811938803 111.70709 127.89275 -999.0 -999.0 -999.0 -999.0 -999.0 255.79658369205757 17.11070361199242 255.73004911970554 17.08034468147667 27.795772983720923 86.81487501841355 -999.0 6231.0 -999.0 -1 -999 {-999.0 -999.0 -999.0 -999.0 -999.0} "" -999.0 -999.0 -999.0 -999.0 -999 -999 "" "" "" "" 0 0 0.0 0.0 -999 ""
FIBERMAP 1316 R-8C11 APOGEE 0 0 0 1 0 0 12.51665173169262 -138.59882773266 143.1 -47.02427453319278 -130.93269343173262 165.00543 63.54307 -999.0 -999.0 -999.0 -999.0 -999.0 256.03295229341126 17.52103601810306 255.9654077450416 17.49104277706872 27.794007827752452 86.28565611523453 -999.0 16600.0 -999.0 2 -999 {-999.0 -999.0 -999.0 -999.0 -999.0} "" -999.0 -999.0 -999.0 -999.0 -999 -999 "" "" "" "" 0 0 0.0 0.0 -999 ""
FIBERMAP 1316 R-8C11 BOSS 1 1 0 1 0 0 13.0027514663231 -138.0223095136304 143.1 -46.34074284715516 -130.6147176701949 165.00543 63.54307 256.03655636507096 17.52226202395033 -2.4900775 -11.048289 0.14282396 256.0365490412475 17.522231036461925 255.96864204538386 17.49243100915834 27.791953848209943 86.28261796090192 5400.0 5400.0 2016.0 1 373 {-999.0 15.68031 15.075874 14.802752 -999.0} sdss_psfmag 15.522122 15.075284 14.451749 13.183 63050395765399408 1061872868 bright_1x1 manual_mwm_halo_mp_wise_boss_single mwm_halo science 0 0 0.0 0.0 -999 ""
FIBERMAP 1316 R-8C11 METROLOGY 0 0 0 1 0 0 13.251156566459892 -138.7298415800782 143.1 -46.4135109584781 -131.36082308362933 165.00543 63.54307 -999.0 -999.0 -999.0 -999.0 -999.0 256.0361045163283 17.518910905089236 255.96830710203324 17.48905908478687 27.790631955261524 86.28614297415879 -999.0 6231.0 -999.0 -1 -999 {-999.0 -999.0 -999.0 -999.0 -999.0} "" -999.0 -999.0 -999.0 -999.0 -999 -999 "" "" "" "" 0 0 0.0 0.0 -999 ""
FIBERMAP 1317 R-12C9 APOGEE 0 0 0 1 0 0 39.976685099210215 -222.3388839503499 143.1 -57.39565095799648 -218.42105497237426 88.744865 45.583195 -999.0 -999.0 -999.0 -999.0 -999.0 255.9839368526691 17.126309514921427 255.91743336784373 17.096347419938134 27.64610786934466 86.70226295168436 -999.0 16600.0 -999.0 2 -999 {-999.0 -999.0 -999.0 -999.0 -999.0} "" -999.0 -999.0 -999.0 -999.0 -999 -999 "" "" "" "" 0 0 0.0 0.0 -999 ""
FIBERMAP 1317 R-12C9 BOSS 1 1 0 1 0 0 40.50257703825816 -222.88686998142725 143.1 -57.14963985638566 -219.13937424561902 88.744865 45.583195 255.98545706285768 17.122845649727232 -0.3662954 4.4540553 1.4791255 255.98545598784818 17.122858142157764 255.91860325261416 17.093087431536826 27.64356715552603 86.70489166987572 5400.0 5400.0 2016.0 1 405 {-999.0 15.705402 15.051472 14.8573675 -999.0} sdss_psfmag_ps1 15.547478 15.072401 14.434023 13.209 63050395765394357 1096342396 bright_1x1 mwm_bin_vis_boss mwm_filler science 0 0 0.0 0.0 -999 ""
FIBERMAP 1317 R-12C9 METROLOGY 0 0 0 1 0 0 39.78350187669843 -223.05953797486632 143.1 -57.87431327788246 -218.99307728535933 88.744865 45.583195 -999.0 -999.0 -999.0 -999.0 -999.0 255.9819188751555 17.123588785390975 255.9151684960966 17.093755147702375 27.646769794533306 86.70600161811228 -999.0 6231.0 -999.0 -1 -999 {-999.0 -999.0 -999.0 -999.0 -999.0} "" -999.0 -999.0 -999.0 -999.0 -999 -999 "" "" "" "" 0 0 0.0 0.0 -999 ""
FIBERMAP 1318 R-11C7 APOGEE 0 0 0 1 0 0 -45.440380788615464 -202.93586901940535 143.1 -126.6675495930203 -164.85482419543203 159.8735 93.852844 -999.0 -999.0 -999.0 -999.0 -999.0 255.65445264719068 17.368797899722093 255.5876625898561 17.337789736566496 28.038132708423234 86.63225704838874 -999.0 16600.0 -999.0 2 169 {-999.0 -999.0 -999.0 -999.0 -999.0} "" -999.0 -999.0 -999.0 -999.0 -999 -999 "" ops_sky_apogee_best_unassigned ops_sky sky_apogee 0 0 0.0 0.0 -999 ""
FIBERMAP 1318 R-11C7 BOSS 1 1 0 1 0 0 -45.261169636741144 -202.21460150393796 143.1 -126.20129672534931 -164.2763611548144 159.8735 93.852844 255.65697905199923 17.371189695406567 -2.7143147 -3.6177926 0.070841946 255.65697107526046 17.37117954846847 255.58982073827755 17.34035939610779 28.037544588962973 86.62858565965703 5400.0 5400.0 2016.0 1 359 {-999.0 16.02497 15.176428 14.850265 -999.0} sdss_psfmag_ps1 15.773595 15.193156 14.465525 12.886 63050395765400797 1061551342 bright_1x1 manual_mwm_halo_distant_kgiant_near_boss_single mwm_halo science 0 0 0.0 0.0 -999 ""
FIBERMAP 1318 R-11C7 METROLOGY 0 0 0 1 0 0 -44.717430256892584 -202.7322240901244 143.1 -125.92631624742222 -164.9746679566938 159.8735 93.852844 -999.0 -999.0 -999.0 -999.0 -999.0 255.65819791166697 17.36808221892506 255.5911537875062 17.33721538650881 28.03492863924874 86.63103162454576 -999.0 6231.0 -999.0 -1 -999 {-999.0 -999.0 -999.0 -999.0 -999.0} "" -999.0 -999.0 -999.0 -999.0 -999 -999 "" "" "" "" 0 0 0.0 0.0 -999 ""
FIBERMAP 1323 R+2C5 APOGEE 0 0 0 1 0 0 -195.19087179322142 53.63343222728372 143.1 -154.38219181688862 130.83391328971936 204.23225 29.532192 -999.0 -999.0 -999.0 -999.0 -999.0 255.52026024811389 18.71071862680043 255.4501741207763 18.678763743424085 28.78526620730404 85.35748901463091 -999.0 16600.0 -999.0 2 140 {-999.0 -999.0 -999.0 -999.0 -999.0} "" -999.0 -999.0 -999.0 -999.0 -999 -999 "" ops_sky_apogee_best_unassigned ops_sky sky_apogee 0 0 0.0 0.0 -999 ""
FIBERMAP 1323 R+2C5 BOSS 1 1 0 1 0 0 -194.76714099177778 54.244082733262644 143.1 -153.74083194383 131.20910263758714 204.23225 29.532192 255.52363190359233 18.712303274277446 -0.24748771 -5.206318 0.114919126 255.52363117071698 18.712288671952095 255.4531919036602 18.68051531469779 28.783553440008326 85.35420052147695 5400.0 5400.0 2016.0 1 34 {-999.0 15.422608 15.2738 15.118876 -999.0} sdss_psfmag 15.822558 15.539226 15.061306 14.25 63050395765437428 1070857648 bright_1x1 mwm_halo_distant_rrl_boss_single mwm_halo science 0 0 0.0 0.0 -999 ""
FIBERMAP 1323 R+2C5 METROLOGY 0 0 0 1 0 0 -194.43523335348374 53.56332386242708 143.1 -153.72661631015842 130.45210315720888 204.23225 29.532192 -999.0 -999.0 -999.0 -999.0 -999.0 255.52359905236494 18.70890819274456 255.4532664714809 18.677087247347806 28.78189297681734 85.35762331974956 -999.0 6231.0 -999.0 -1 -999 {-999.0 -999.0 -999.0 -999.0 -999.0} "" -999.0 -999.0 -999.0 -999.0 -999 -999 "" "" "" "" 0 0 0.0 0.0 -999 ""
FIBERMAP 1324 R-4C11 APOGEE 0 0 0 1 0 0 -37.6729310760576 -80.55452771566299 143.1 -68.08280427096588 -57.168667355896574 207.91747 98.82236 -999.0 -999.0 -999.0 -999.0 -999.0 255.93234804572108 17.85646096377562 255.86405221443113 17.82603617889899 28.03786623687226 86.0036828787998 -999.0 16600.0 -999.0 2 -999 {-999.0 -999.0 -999.0 -999.0 -999.0} "" -999.0 -999.0 -999.0 -999.0 -999 -999 "" "" "" "" 0 0 0.0 0.0 -999 ""
FIBERMAP 1324 R-4C11 BOSS 1 1 0 1 0 0 -38.12350618756658 -79.93988516997862 143.1 -68.2324558992641 -56.42163427667158 207.91747 98.82236 255.9319615518095 17.85968268492464 -4.367389 -10.78854 3.016497 255.93194868227928 17.859652425963386 255.86329240850367 17.829405416818894 28.040096774554293 86.00070683323973 5400.0 5400.0 2016.0 1 357 {-999.0 16.030024 14.758896 14.319726 -999.0} sdss_psfmag_from_g3xp 15.551611 14.820536 13.913488 12.111 63050395765404376 1096032130 bright_1x1 mwm_bin_vis_boss mwm_filler science 0 0 0.0 0.0 -999 ""
FIBERMAP 1324 R-4C11 METROLOGY 0 0 0 1 0 0 -37.390539553543974 -79.86393593427239 143.1 -67.53592197627441 -56.661472226992075 207.91747 98.82236 -999.0 -999.0 -999.0 -999.0 -999.0 255.9351873711738 17.858610941466328 255.8666299031787 17.828322785593954 28.036785198419487 86.00008554009958 -999.0 6231.0 -999.0 -1 -999 {-999.0 -999.0 -999.0 -999.0 -999.0} "" -999.0 -999.0 -999.0 -999.0 -999 -999 "" "" "" "" 0 0 0.0 0.0 -999 ""
FIBERMAP 1326 R-3C23 APOGEE 0 0 0 1 0 0 245.91203545455997 -57.42306604745712 143.1 198.77267928271587 -155.63162057111367 346.322 134.99606 -999.0 -999.0 -999.0 -999.0 -999.0 257.200741503171 17.406413816300184 257.1323228365409 17.379836775391087 26.762143795847123 85.79902521315347 -999.0 16600.0 -999.0 2 -999 {-999.0 -999.0 -999.0 -999.0 -999.0} "" -999.0 -999.0 -999.0 -999.0 -999 -999 "" "" "" "" 0 0 0.0 0.0 -999 ""
FIBERMAP 1326 R-3C23 BOSS 1 1 0 1 0 0 246.29888188549808 -58.03257293705382 143.1 198.8667140019318 -156.34715729638177 346.322 134.99606 257.20152892021514 17.402988937468468 -2.2552958 -1.1493522 0.1500594 257.20152229127393 17.402985713843723 257.13274030116173 17.376604920764013 26.760251168749306 85.80199289285603 5400.0 5400.0 2016.0 1 323 {-999.0 17.968212 17.18142 16.80258 -999.0} sdss_psfmag_ps1 17.702923 17.157528 16.461649 14.93 63050395763851856 1061714583 bright_1x1 manual_mwm_halo_distant_kgiant_near_boss_single mwm_halo science 0 0 0.0 0.0 -999 ""
FIBERMAP 1326 R-3C23 METROLOGY 0 0 0 1 0 0 245.55366589469014 -58.07746137069111 143.1 198.17215577900828 -156.07399898890347 346.322 134.99606 -999.0 -999.0 -999.0 -999.0 -999.0 257.19816332985647 17.40427699208573 257.1294866084552 17.377831322755245 26.763565113684976 85.80244585364846 -999.0 6231.0 -999.0 -1 -999 {-999.0 -999.0 -999.0 -999.0 -999.0} "" -999.0 -999.0 -999.0 -999.0 -999 -999 "" "" "" "" 0 0 0.0 0.0 -999 ""
FIBERMAP 1328 R-3C12 APOGEE 0 0 0 1 0 0 -15.222253267342438 -73.78828477371886 143.1 -44.878127775017305 -60.4893973051082 275.14133 95.3153 -999.0 -999.0 -999.0 -999.0 -999.0 256.0433476320602 17.84111926109234 255.9749820402733 17.811018000491607 27.93771347060148 85.96210297240765 -999.0 16600.0 -999.0 2 154 {-999.0 -999.0 -999.0 -999.0 -999.0} "" -999.0 -999.0 -999.0 -999.0 -999 -999 "" ops_sky_apogee_best_unassigned ops_sky sky_apogee 0 0 0.0 0.0 -999 ""
FIBERMAP 1328 R-3C12 BOSS 1 1 0 1 0 0 -15.940393330596654 -73.94476431770381 143.1 -45.59513542804694 -60.328816853073704 275.14133 95.3153 256.04025307846746 17.84165767803164 -2.1099212 -5.006521 0.10280386 256.04024686172215 17.84164363608229 255.97152816295406 17.811714720435564 27.940940230926557 85.96316905849676 5400.0 5400.0 2016.0 1 356 {-999.0 14.97266 13.953538 13.538247 -999.0} sdss_psfmag_from_g3xp 14.627314 13.959137 13.172047 11.45 63050395765404804 1061612363 bright_1x1 manual_mwm_halo_distant_kgiant_near_boss_single mwm_halo science 0 0 0.0 0.0 -999 ""
FIBERMAP 1328 R-3C12 METROLOGY 0 0 0 1 0 0 -15.715872742174495 -73.23355693630057 143.1 -45.092039531726094 -59.77855747950561 275.14133 95.3153 -999.0 -999.0 -999.0 -999.0 -999.0 256.04256062877454 17.84420084672907 255.97393361463526 17.81422604370025 27.940110495195682 85.95943821099041 -999.0 6231.0 -999.0 -1 -999 {-999.0 -999.0 -999.0 -999.0 -999.0} "" -999.0 -999.0 -999.0 -999.0 -999 -999 "" "" "" "" 0 0 0.0 0.0 -999 ""
FIBERMAP 1329 R+3C16 APOGEE 0 0 0 1 0 0 63.43648074742147 47.47772276351214 143.1 77.51073522685203 16.328830424228304 251.33087 73.80813 -999.0 -999.0 -999.0 -999.0 -999.0 256.6308119565746 18.189094317352232 256.56098024576227 18.160527197787992 27.61140630903064 85.3164607501393 -999.0 16600.0 -999.0 2 63 {-999.0 -999.0 -999.0 -999.0 -999.0} "" -999.0 -999.0 -999.0 -999.0 -999 -999 "" ops_sky_apogee_best_unassigned ops_sky sky_apogee 0 0 0.0 0.0 -999 ""
FIBERMAP 1329 R+3C16 BOSS 1 1 0 1 0 0 62.83702425065261 47.93129817165234 143.1 77.15826438125275 16.992534533864315 251.33087 73.80813 256.6295337289304 18.192018758389644 1.957259 -24.522764 1.4204152 256.6295395073459 18.191949978613117 256.5593412428706 18.163561039027833 27.61420958608523 85.3142691159212 5400.0 5400.0 2016.0 1 220 {-999.0 16.958021 15.914654 15.5021515 -999.0} sdss_psfmag 16.568121 15.93542 15.14074 13.491 63050395765410062 1094993926 bright_1x1 mwm_bin_vis_boss mwm_filler science 0 0 0.0 0.0 -999 ""
FIBERMAP 1329 R+3C16 METROLOGY 0 0 0 1 0 0 63.521641606864456 48.22729085003006 143.1 77.90363615963601 16.972562684905956 251.33087 73.80813 -999.0 -999.0 -999.0 -999.0 -999.0 256.6330006111638 18.191891530244412 256.56290088463015 18.16346081741456 27.611179064363427 85.31257021304242 -999.0 6231.0 -999.0 -1 -999 {-999.0 -999.0 -999.0 -999.0 -999.0} "" -999.0 -999.0 -999.0 -999.0 -999 -999 "" "" "" "" 0 0 0.0 0.0 -999 ""
FIBERMAP 1330 R-3C11 APOGEE 0 0 0 1 0 0 -43.80000546476554 -64.04576334489354 143.1 -66.68507722215274 -39.62044281795211 196.8148 130.0127 -999.0 -999.0 -999.0 -999.0 -999.0 255.93904248860662 17.936335598055187 255.87053685535022 17.905895831490035 28.07016623304375 85.92062786008137 -999.0 16600.0 -999.0 2 208 {-999.0 -999.0 -999.0 -999.0 -999.0} "" -999.0 -999.0 -999.0 -999.0 -999 -999 "" ops_sky_apogee_best_unassigned ops_sky sky_apogee 0 0 0.0 0.0 -999 ""
FIBERMAP 1330 R-3C11 BOSS 1 1 0 1 0 0 -44.41450960444744 -63.64553190763887 143.1 -67.07365751844522 -38.99876572955218 196.8148 130.0127 255.9375 17.938967911591703 -999.0 -999.0 -999.0 255.9375 17.938967911591707 255.86863591645846 17.90870275856477 28.073086350425 85.91879202863707 5400.0 5400.0 2015.5 1 347 {-999.0 -999.0 -999.0 -999.0 -999.0} "" -999.0 -999.0 -999.0 -999.0 27021603155083949 813300680 "" ops_sky_boss_good ops_sky sky_boss 0 0 0.0 0.0 -999 ""
FIBERMAP 1330 R-3C11 METROLOGY 0 0 0 1 0 0 -43.76252344564982 -63.29701474026295 143.1 -66.33574962665638 -38.9573730330132 196.8148 130.0127 -999.0 -999.0 -999.0 -999.0 -999.0 255.9409383687855 17.939205635315435 255.8721703294242 17.90889916153838 28.070214555046185 85.91679572836676 -999.0 6231.0 -999.0 -1 -999 {-999.0 -999.0 -999.0 -999.0 -999.0} "" -999.0 -999.0 -999.0 -999.0 -999 -999 "" "" "" "" 0 0 0.0 0.0 -999 ""
FIBERMAP 1331 R-10C3 APOGEE 0 0 0 1 0 0 -145.25668472643815 -178.92464865402337 143.1 -207.05377189605593 -101.04613600121979 161.01164 69.96422 -999.0 -999.0 -999.0 -999.0 -999.0 255.2722586802225 17.65838175589586 255.2051078588156 17.62616441414567 28.496194845996527 86.54086056450222 -999.0 16600.0 -999.0 2 242 {-999.0 -999.0 -999.0 -999.0 -999.0} "" -999.0 -999.0 -999.0 -999.0 -999 -999 "" ops_sky_apogee_best_unassigned ops_sky sky_apogee 0 0 0.0 0.0 -999 ""
FIBERMAP 1331 R-10C3 BOSS 1 1 0 1 0 0 -144.8302900861209 -178.32461660804242 143.1 -206.41446893401792 -100.68169582810057 161.01164 69.96422 255.27557373046875 17.659829707783402 -999.0 -999.0 -999.0 255.27557373046875 17.659829707783402 255.2080697392569 17.627798689663784 28.49448298255382 86.53770149053406 5400.0 5400.0 2015.5 1 478 {-999.0 -999.0 -999.0 -999.0 -999.0} "" -999.0 -999.0 -999.0 -999.0 27021603155086664 821092985 "" ops_sky_boss_good ops_sky sky_boss 0 0 0.0 0.0 -999 ""
FIBERMAP 1331 R-10C3 METROLOGY 0 0 0 1 0 0 -144.51751555191555 -178.99906599780772 143.1 -206.4149430892774 -101.42491665902469 161.01164 69.96422 -999.0 -999.0 -999.0 -999.0 -999.0 255.2755061843534 17.65652162837956 255.2081087086466 17.624441521563774 28.492859967672274 86.5410455705225 -999.0 6231.0 -999.0 -1 -999 {-999.0 -999.0 -999.0 -999.0 -999.0} "" -999.0 -999.0 -999.0 -999.0 -999 -999 "" "" "" "" 0 0 0.0 0.0 -999 ""
FIBERMAP 1333 R-5C14 APOGEE 1 1 0 1 0 0 50.430594827482516 -113.21597334903429 143.1 -1.9591621708173936 -123.8871395699394 278.97952 87.098206 256.2480743749853 17.552381903055842 3.7790997 0.9317265 2.3654568 256.24808549193347 17.55238451629851 256.18025063689316 17.522993635122532 27.62893230221613 86.14389119213097 16000.0 16600.0 2016.0 2 195 {-999.0 11.926877 11.396508 11.208774 -999.0} sdss_psfmag_from_g3xp 11.805522 11.425277 10.87065 9.842 63050395765399258 996687117 bright_1x1 mwm_bin_gaia_sb_apogee mwm_bin science 0 0 0.0 0.0 -999 ""
FIBERMAP 1333 R-5C14 BOSS 0 0 0 1 0 0 49.68681466489266 -113.27507180444121 143.1 -2.6584033142684595 -123.62746954911965 278.97952 87.098206 -999.0 -999.0 -999.0 -999.0 -999.0 256.2451071434742 17.553331572481458 256.17691367486066 17.524116685939227 27.632265694496326 86.14448314882083 -999.0 5400.0 -999.0 1 325 {-999.0 -999.0 -999.0 -999.0 -999.0} "" -999.0 -999.0 -999.0 -999.0 -999 -999 "" "" "" "" 0 0 0.0 0.0 -999 ""
FIBERMAP 1333 R-5C14 METROLOGY 0 0 0 1 0 0 50.01132334901109 -112.59306328668731 143.1 -2.076950277655798 -123.14579461249129 278.97952 87.098206 -999.0 -999.0 -999.0 -999.0 -999.0 256.247787749056 17.555572362243197 256.1796875496718 17.52631185467384 27.630981882720633 86.14088404665262 -999.0 6231.0 -999.0 -1 -999 {-999.0 -999.0 -999.0 -999.0 -999.0} "" -999.0 -999.0 -999.0 -999.0 -999 -999 "" "" "" "" 0 0 0.0 0.0 -999 ""
FIBERMAP 1334 R-4C16 APOGEE 0 0 0 1 0 0 69.17209259530874 -69.33927965763303 143.1 33.51207975518177 -91.9993722755195 235.19588 15.973405 -999.0 -999.0 -999.0 -999.0 -999.0 256.4180381729206 17.696722155785512 256.34966971995425 17.66775663776828 27.555562323483464 85.91360939152781 -999.0 16600.0 -999.0 2 -999 {-999.0 -999.0 -999.0 -999.0 -999.0} "" -999.0 -999.0 -999.0 -999.0 -999 -999 "" "" "" "" 0 0 0.0 0.0 -999 ""
FIBERMAP 1334 R-4C16 BOSS 1 1 0 1 0 0 69.40989375534006 -68.62295354925668 143.1 34.029372345233305 -91.45006525926283 235.19588 15.973405 256.42089843749994 17.698980723215584 -999.0 -999.0 -999.0 256.42089843749994 17.69898072321558 256.3521613867037 17.67020739283824 27.55463535240814 85.90990549182854 5400.0 5400.0 2015.5 1 283 {-999.0 -999.0 -999.0 -999.0 -999.0} "" -999.0 -999.0 -999.0 -999.0 27021603155082509 813300508 "" ops_sky_boss_good ops_sky sky_boss 0 0 0.0 0.0 -999 ""
FIBERMAP 1334 R-4C16 METROLOGY 0 0 0 1 0 0 69.90123622576142 -69.18112926502504 143.1 34.23976753222105 -92.16307212945667 235.19588 15.973405 -999.0 -999.0 -999.0 -999.0 -999.0 256.4217858948778 17.695796874104104 256.3531579778447 17.666975086445394 27.552265732708918 85.91260653801714 -999.0 6231.0 -999.0 -1 -999 {-999.0 -999.0 -999.0 -999.0 -999.0} "" -999.0 -999.0 -999.0 -999.0 -999 -999 "" "" "" "" 0 0 0.0 0.0 -999 ""
FIBERMAP 1335 R-7C1 APOGEE 1 1 0 1 0 0 -224.42297888056493 -143.92480042835697 143.1 -264.08959262274544 -35.97156358397134 222.43205 110.57959 255.00198514478794 17.95295556584705 -12.21995 -15.783524 3.726371 255.0019491169151 17.95291129729338 254.9343109262763 17.919805877765768 28.862207226321935 86.38474673940757 16000.0 16600.0 2016.0 2 260 {-999.0 10.977168 10.674401 10.593525 -999.0} sdss_psfmag_from_g3xp 10.941472 10.686079 10.270114 9.623 63050395765421529 975093891 "" ops_std_apogee ops_std standard_apogee 0 0 0.0 0.0 -999 ""
FIBERMAP 1335 R-7C1 BOSS 0 0 0 1 0 0 -225.08433374486413 -143.57759682587357 143.1 -264.542983610781 -35.3782326446998 222.43205 110.57959 -999.0 -999.0 -999.0 -999.0 -999.0 255.00014326905477 17.95541505566021 254.93215719739862 17.922477863895697 28.865273749921343 86.38315838074863 -999.0 5400.0 -999.0 1 500 {-999.0 -999.0 -999.0 -999.0 -999.0} "" -999.0 -999.0 -999.0 -999.0 -999 -999 "" "" "" "" 0 0 0.0 0.0 -999 ""
FIBERMAP 1335 R-7C1 METROLOGY 0 0 0 1 0 0 -224.45049995314744 -143.17899776005635 143.1 -263.80044104480965 -35.28378791831473 222.43205 110.57959 -999.0 -999.0 -999.0 -999.0 -999.0 255.0035240896754 17.95589778030905 254.93563048980513 17.92292063694459 28.862567593484833 86.38093422969035 -999.0 6231.0 -999.0 -1 -999 {-999.0 -999.0 -999.0 -999.0 -999.0} "" -999.0 -999.0 -999.0 -999.0 -999 -999 "" "" "" "" 0 0 0.0 0.0 -999 ""
FIBERMAP 1336 R-9C8 APOGEE 0 0 0 1 0 0 -31.635256825734654 -160.64809208365122 143.1 -96.34108102573806 -132.32864181220094 91.17363 107.33522 -999.0 -999.0 -999.0 -999.0 -999.0 255.79793807540827 17.515383021539286 255.73063811272527 17.484720891169786 27.988015995176518 86.41235783875345 -999.0 16600.0 -999.0 2 173 {-999.0 -999.0 -999.0 -999.0 -999.0} "" -999.0 -999.0 -999.0 -999.0 -999 -999 "" ops_sky_apogee_best_unassigned ops_sky sky_apogee 0 0 0.0 0.0 -999 ""
FIBERMAP 1336 R-9C8 BOSS 1 1 0 1 0 0 -30.939126679114334 -160.40271582136256 143.1 -95.60658883755895 -132.39935397679318 91.17363 107.33522 255.80176425360494 17.514835893595965 -3.7339096 -4.358856 0.19377899 255.8017532718669 17.51482366817309 255.73409795190904 17.48435456015958 27.984938375212387 86.41094712547017 5400.0 5400.0 2016.0 1 383 {-999.0 15.527841 15.752135 15.916389 -999.0} sdss_psfmag 15.673113 15.642734 15.577136 15.453 63050395765401472 1061105274 bright_1x1 manual_mwm_halo_distant_bhb_boss_single mwm_halo science 0 0 0.0 0.0 -999 ""
FIBERMAP 1336 R-9C8 METROLOGY 0 0 0 1 0 0 -31.068563122392 -161.1381833170159 143.1 -96.03369376604606 -133.01165469419192 91.17363 107.33522 -999.0 -999.0 -999.0 -999.0 -999.0 255.79963407008594 17.51211617007336 255.73208762032561 17.48159065384382 27.98531204533696 86.41473283351388 -999.0 6231.0 -999.0 -1 -999 {-999.0 -999.0 -999.0 -999.0 -999.0} "" -999.0 -999.0 -999.0 -999.0 -999 -999 "" "" "" "" 0 0 0.0 0.0 -999 ""
FIBERMAP 1338 R-8C12 APOGEE 0 0 0 1 0 0 53.03491408827797 -169.48487367512405 143.1 -23.296262737833075 -176.00039306151206 325.2159 90.43173 -999.0 -999.0 -999.0 -999.0 -999.0 256.1459299118293 17.31674713357001 256.0787889200102 17.287166101627857 27.601787960043502 86.42995831077195 -999.0 16600.0 -999.0 2 -999 {-999.0 -999.0 -999.0 -999.0 -999.0} "" -999.0 -999.0 -999.0 -999.0 -999 -999 "" "" "" "" 0 0 0.0 0.0 -999 ""
FIBERMAP 1338 R-8C12 BOSS 1 1 0 1 0 0 52.630444266304366 -170.08912935331105 143.1 -23.91746631248871 -176.37789650490362 325.2159 90.43173 256.1433759791223 17.314823861625996 -19.30736 -4.398789 7.4465938 256.14331925671814 17.31481152419485 256.07582952067287 17.285408584979916 27.603433528384954 86.43322223066953 5400.0 5400.0 2016.0 1 382 {-999.0 18.02619 18.074127 18.255188 -999.0} sdss_psfmag 18.064417 18.00245 17.954931 -999.0 63050395765395437 1092240472 dark_flexible_2x1 mwm_cb_galex_mag_boss mwm_cb science 0 0 0.0 0.0 -999 ""
FIBERMAP 1338 R-8C12 METROLOGY 0 0 0 1 0 0 52.290324546714665 -169.43745643030397 143.1 -23.95137735388748 -175.64380929454654 325.2159 90.43173 -999.0 -999.0 -999.0 -999.0 -999.0 256.1430629026113 17.31818877798627 256.0756645027375 17.288731835234415 27.605156823099136 86.43001078512646 -999.0 6231.0 -999.0 -1 -999 {-999.0 -999.0 -999.0 -999.0 -999.0} "" -999.0 -999.0 -999.0 -999.0 -999 -999 "" "" "" "" 0 0 0.0 0.0 -999 ""
FIBERMAP 1339 R-4C7 APOGEE 1 1 0 1 0 0 -102.8741469082977 -70.34204518960846 143.1 -122.896627241073 -20.449213574006706 29.201036 126.8353 255.66995308480276 18.023879201276046 1.2998221 -1.0387014 1.3281716 255.6702833876888 18.023876287997126 255.60181721513035 17.992633855517173 28.336487844718526 85.97071792759509 16000.0 16600.0 2016.0 2 259 {-999.0 10.087923 8.953307 8.512659 -999.0} sdss_psfmag_from_g3xp 9.6793785 8.963011 8.146103 6.345 63050395765422508 1155958337 bright_1x1 mwm_galactic_core_dist_apogee_extra mwm_galactic science 0 0 1.117614507675171 0.0 -999 ""
FIBERMAP 1339 R-4C7 BOSS 0 0 0 1 0 0 -102.19410555919134 -70.63182159517352 143.1 -122.40210793323313 -20.99834796109933 29.201036 126.8353 -999.0 -999.0 -999.0 -999.0 -999.0 255.6729405273642 18.021188504350903 255.60412831713302 17.990132786459352 28.33337025009078 85.9720467073929 -999.0 5400.0 -999.0 1 460 {-999.0 -999.0 -999.0 -999.0 -999.0} "" -999.0 -999.0 -999.0 -999.0 -999 -999 "" "" "" "" 0 0 0.0 0.0 -999 ""
FIBERMAP 1339 R-4C7 METROLOGY 0 0 0 1 0 0 -102.78597639889897 -71.09379089471666 143.1 -123.13329375603358 -21.167920748306038 29.201036 126.8353 -999.0 -999.0 -999.0 -999.0 -999.0 255.66936253913013 18.020470353967415 255.60065482769699 17.98935434593998 28.335916879279736 85.97459600201415 -999.0 6231.0 -999.0 -1 -999 {-999.0 -999.0 -999.0 -999.0 -999.0} "" -999.0 -999.0 -999.0 -999.0 -999 -999 "" "" "" "" 0 0 0.0 0.0 -999 ""
FIBERMAP 1340 R+9C17 APOGEE 0 0 0 1 0 0 180.7576559408148 165.74638445257332 143.1 233.69068038602856 74.14635617624175 344.85382 97.40761 -999.0 -999.0 -999.0 -999.0 -999.0 257.3761415421225 18.445595433003827 257.3049091101228 18.419068254793864 27.109950046652948 84.6852066675225 -999.0 16600.0 -999.0 2 -999 {-999.0 -999.0 -999.0 -999.0 -999.0} "" -999.0 -999.0 -999.0 -999.0 -999 -999 "" "" "" "" 0 0 0.0 0.0 -999 ""
FIBERMAP 1340 R+9C17 BOSS 1 1 0 1 0 0 180.67452214172184 165.01147745016752 143.1 233.30579198519274 73.51506272291444 344.85382 97.40761 257.37465066627533 18.44274573884388 17.594725 -58.376125 10.510729 257.374702686455 18.442582009462054 257.30311261843104 18.416237668620987 27.110122842528277 84.68891361192098 5400.0 5400.0 2016.0 1 240 {-999.0 17.930292 16.415442 14.920632 -999.0} sdss_psfmag 17.336487 15.653765 14.410546 12.064 63050395765443315 1151022706 bright_1x1 mwm_snc_100pc_boss_single mwm_snc science 0 0 0.0 0.0 -999 ""
FIBERMAP 1340 R+9C17 METROLOGY 0 0 0 1 0 0 180.0708405642054 165.45492841992916 143.1 232.94522642635886 74.17136691481852 344.85382 97.40761 -999.0 -999.0 -999.0 -999.0 -999.0 257.37290783177383 18.445622908053522 257.3014138387198 18.41922022364138 27.112948003697 84.68680835015402 -999.0 6231.0 -999.0 -1 -999 {-999.0 -999.0 -999.0 -999.0 -999.0} "" -999.0 -999.0 -999.0 -999.0 -999 -999 "" "" "" "" 0 0 0.0 0.0 -999 ""
FIBERMAP 1341 R-6C4 APOGEE 0 0 0 1 0 0 -153.07092873822097 -126.63213647337093 143.1 -192.11497266797616 -50.34386824372378 271.65262 135.70175 -999.0 -999.0 -999.0 -999.0 -999.0 255.3414460040268 17.88804228918533 255.2736447325766 17.855924104190777 28.547322613587546 86.27531641462429 -999.0 16600.0 -999.0 2 -999 {-999.0 -999.0 -999.0 -999.0 -999.0} "" -999.0 -999.0 -999.0 -999.0 -999 -999 "" "" "" "" 0 0 0.0 0.0 -999 ""
FIBERMAP 1341 R-6C4 BOSS 1 1 0 1 0 0 -153.55730007609554 -127.19028050004538 143.1 -192.79101209449922 -50.64507058462574 271.65262 135.70175 255.33856324279736 17.886509882045637 -5.731898 -8.6255455 1.7796403 255.33854634987344 17.886485689703196 255.27040600042378 17.854536296773446 28.549385199195576 86.27836589725065 5400.0 5400.0 2016.0 1 453 {-999.0 20.262238 18.785902 17.673265 -999.0} sdss_psfmag 19.671608 18.349771 17.22545 15.057 63050395765420563 1094390577 bright_1x1 mwm_bin_vis_boss mwm_filler science 0 0 0.0 0.0 -999 ""
FIBERMAP 1341 R-6C4 METROLOGY 0 0 0 1 0 0 -153.80113882169454 -126.47898552004273 143.1 -192.71251908459266 -49.89747668576116 271.65262 135.70175 -999.0 -999.0 -999.0 -999.0 -999.0 255.3388137379646 17.889930394304997 255.270761992006 17.857930459062146 28.550688624321083 86.27477734155639 -999.0 6231.0 -999.0 -1 -999 {-999.0 -999.0 -999.0 -999.0 -999.0} "" -999.0 -999.0 -999.0 -999.0 -999 -999 "" "" "" "" 0 0 0.0 0.0 -999 ""
FIBERMAP 1342 R+2C4 APOGEE 0 0 0 1 0 0 -204.77701256990719 21.251191744581938 143.1 -176.71166867620312 105.51174843181573 293.05457 80.0139 -999.0 -999.0 -999.0 -999.0 -999.0 255.41360302747282 18.595572903357787 255.34391772846732 18.563363831809827 28.820499867536242 85.52757914999268 -999.0 16600.0 -999.0 2 -999 {-999.0 -999.0 -999.0 -999.0 -999.0} "" -999.0 -999.0 -999.0 -999.0 -999 -999 "" "" "" "" 0 0 0.0 0.0 -999 ""
FIBERMAP 1342 R+2C4 BOSS 1 1 0 1 0 0 -205.48616579049408 21.07068211404811 143.1 -177.43064893073165 105.64675699840193 293.05457 80.0139 255.41052733056432 18.596051333620302 -14.936572 -12.179829 6.595291 255.41048312978887 18.596017172462503 255.34045645637394 18.563971020936343 28.823685063985998 85.52871474555135 5400.0 5400.0 2016.0 1 35 {-999.0 17.14101 15.652865 14.370508 -999.0} sdss_psfmag 16.416203 15.703179 13.822497 11.614 63050395765429476 1094393743 bright_1x1 mwm_bin_vis_boss mwm_filler science 0 0 0.0 0.0 -999 ""
FIBERMAP 1342 R+2C4 METROLOGY 0 0 0 1 0 0 -205.296057836998 21.78715255585682 143.1 -176.9565367808606 106.21628143626117 293.05457 80.0139 -999.0 -999.0 -999.0 -999.0 -999.0 255.4126561135758 18.598651770370576 255.34271655573536 18.566562461975423 28.823000107850184 85.52495727773703 -999.0 6231.0 -999.0 -1 -999 {-999.0 -999.0 -999.0 -999.0 -999.0} "" -999.0 -999.0 -999.0 -999.0 -999 -999 "" "" "" "" 0 0 0.0 0.0 -999 ""
FIBERMAP 1345 R-1C16 APOGEE 0 0 0 1 0 0 72.73123667582398 -22.15290000903412 143.1 56.61209630757147 -50.71663674479814 19.690905 85.16699 -999.0 -999.0 -999.0 -999.0 -999.0 256.52934318622334 17.88417213198216 256.46038908760283 17.85544510170203 27.551653417446623 85.67082967459811 -999.0 16600.0 -999.0 2 231 {-999.0 -999.0 -999.0 -999.0 -999.0} "" -999.0 -999.0 -999.0 -999.0 -999 -999 "" ops_sky_apogee_best_unassigned ops_sky sky_apogee 0 0 0.0 0.0 -999 ""
FIBERMAP 1345 R-1C16 BOSS 1 1 0 1 0 0 72.92330711775956 -22.878191388149908 143.1 56.48077261741741 -51.455117695628275 19.690905 85.16699 256.5291147683854 17.8805980419403 -8.091768 0.5973566 0.17452385 256.52909092129346 17.880599717363946 256.45978545693174 17.852058020284787 27.550556549481563 85.6745017683937 5400.0 5400.0 2016.0 1 281 {-999.0 18.229586 17.89049 17.762875 -999.0} sdss_psfmag 18.173409 17.885036 17.444798 -999.0 63050395765408714 976253378 "" ops_std_boss ops_std standard_boss 0 0 0.0 0.0 -999 ""
FIBERMAP 1345 R-1C16 METROLOGY 0 0 0 1 0 0 72.1998200374377 -22.687339749581362 143.1 55.90519972925528 -50.97737614008668 19.690905 85.16699 -999.0 -999.0 -999.0 -999.0 -999.0 256.5262385238709 17.882842888897642 256.4570323366879 17.854239727422954 27.55389751983467 85.67373294384203 -999.0 6231.0 -999.0 -1 -999 {-999.0 -999.0 -999.0 -999.0 -999.0} "" -999.0 -999.0 -999.0 -999.0 -999 -999 "" "" "" "" 0 0 0.0 0.0 -999 ""
FIBERMAP 1346 R+3C6 APOGEE 0 0 0 1 0 0 -144.00571511942928 37.94865247169908 143.1 -114.58080549252107 95.05601032389757 326.38983 53.582073 -999.0 -999.0 -999.0 -999.0 -999.0 255.7101373863161 18.54922763410915 255.64028425436607 18.517878064685984 28.550816202109203 85.42377861975478 -999.0 16600.0 -999.0 2 -999 {-999.0 -999.0 -999.0 -999.0 -999.0} "" -999.0 -999.0 -999.0 -999.0 -999 -999 "" "" "" "" 0 0 0.0 0.0 -999 ""
FIBERMAP 1346 R+3C6 BOSS 1 1 0 1 0 0 -144.69155793791015 37.696697990268746 143.1 -115.30874113056458 95.11642569037977 326.38983 53.582073 255.70702867862744 18.549338223982318 -24.674921 6.048941 0.55645174 255.70695567980093 18.549355189625814 255.63675695679203 18.518171292068544 28.553909952328063 85.42526385957153 5400.0 5400.0 2016.0 1 39 {-999.0 15.157363 14.69668 14.515988 -999.0} sdss_psfmag_from_g3xp 15.060076 14.708952 14.178941 13.196 63050395765433035 1072498380 bright_1x1 mwm_halo_local_high_boss_single mwm_halo science 0 0 0.0 0.0 -999 ""
FIBERMAP 1346 R+3C6 METROLOGY 0 0 0 1 0 0 -144.58487361644546 38.419011287759496 143.1 -114.90780454724431 95.72638243044851 326.38983 53.582073 -999.0 -999.0 -999.0 -999.0 -999.0 255.70878920241395 18.5521714489035 255.63867998133549 18.520942100792126 28.55359344299483 85.42150475565273 -999.0 6231.0 -999.0 -1 -999 {-999.0 -999.0 -999.0 -999.0 -999.0} "" -999.0 -999.0 -999.0 -999.0 -999 -999 "" "" "" "" 0 0 0.0 0.0 -999 ""
FIBERMAP 1349 R-5C10 APOGEE 0 0 0 1 0 0 -27.376767402867298 -113.65580755491955 143.1 -72.68874581487599 -91.5164209716705 324.4306 79.60007 -999.0 -999.0 -999.0 -999.0 -999.0 255.91039644781335 17.70029001512113 255.84251857579898 17.669869410935057 27.982000823121098 86.17048907478397 -999.0 16600.0 -999.0 2 289 {-999.0 -999.0 -999.0 -999.0 -999.0} "" -999.0 -999.0 -999.0 -999.0 -999 -999 "" ops_sky_apogee_best_unassigned ops_sky sky_apogee 0 0 0.0 0.0 -999 ""
FIBERMAP 1349 R-5C10 BOSS 1 1 0 1 0 0 -27.926827290079324 -114.17664753001608 143.1 -73.40681766300779 -91.75697826168785 324.4306 79.60007 255.90728759765625 17.698980723215584 -999.0 -999.0 -999.0 255.90728759765625 17.69898072321558 255.83906236564377 17.668733261404817 27.984362178855143 86.17338947043558 5400.0 5400.0 2015.5 1 398 {-999.0 -999.0 -999.0 -999.0 -999.0} "" -999.0 -999.0 -999.0 -999.0 27021603155083527 813300682 "" ops_sky_boss_good ops_sky sky_boss 0 0 0.0 0.0 -999 ""
FIBERMAP 1349 R-5C10 METROLOGY 0 0 0 1 0 0 -28.099010446736248 -113.4556489502355 143.1 -73.2592710531684 -91.03076516048944 324.4306 79.60007 -999.0 -999.0 -999.0 -999.0 -999.0 255.90789571400506 17.702338764017448 255.83976155282483 17.67204016839379 27.98534280457131 86.1697344086075 -999.0 6231.0 -999.0 -1 -999 {-999.0 -999.0 -999.0 -999.0 -999.0} "" -999.0 -999.0 -999.0 -999.0 -999 -999 "" "" "" "" 0 0 0.0 0.0 -999 ""
FIBERMAP 1351 R-3C8 APOGEE 0 0 0 1 0 0 -114.2924522250876 -65.81823074209302 143.1 -131.3438191253557 -11.53872484009332 225.56009 100.190865 -999.0 -999.0 -999.0 -999.0 -999.0 255.62991393952254 18.06442239426473 255.56138308179152 18.033048274505635 28.3894471482188 85.95079927689454 -999.0 16600.0 -999.0 2 -999 {-999.0 -999.0 -999.0 -999.0 -999.0} "" -999.0 -999.0 -999.0 -999.0 -999 -999 "" "" "" "" 0 0 0.0 0.0 -999 ""
FIBERMAP 1351 R-3C8 BOSS 1 1 0 1 0 0 -114.91971140435314 -65.40668435327706 143.1 -131.7391984006006 -10.90141707101484 225.56009 100.190865 255.62831066018865 18.067154307627632 1.2306312 -5.54151 0.09384261 255.6283142907905 18.06713876517802 255.55942895353655 18.035936239632704 28.3924466054305 85.94889836904247 5400.0 5400.0 2016.0 1 469 {-999.0 16.27029 15.919459 15.869017 -999.0} sdss_psfmag 16.34182 16.012829 15.617678 14.847 63050395765422584 1070857640 bright_1x1 mwm_halo_distant_rrl_boss_single mwm_halo science 0 0 0.0 0.0 -999 ""
FIBERMAP 1351 R-3C8 METROLOGY 0 0 0 1 0 0 -114.24777188554921 -65.07347195713609 143.1 -130.98964550515245 -10.88230409866024 225.56009 100.190865 -999.0 -999.0 -999.0 -999.0 -999.0 255.63180280421432 18.067277536345824 255.5630125401143 18.03603464963722 28.38948705191767 85.94697523380017 -999.0 6231.0 -999.0 -1 -999 {-999.0 -999.0 -999.0 -999.0 -999.0} "" -999.0 -999.0 -999.0 -999.0 -999 -999 "" "" "" "" 0 0 0.0 0.0 -999 ""
FIBERMAP 1353 R-12C3 APOGEE 0 0 0 1 0 0 -120.83210216059962 -235.9209986746027 143.1 -208.9138214613 -163.00879793556254 160.18922 149.25569 -999.0 -999.0 -999.0 -999.0 -999.0 255.26610368283607 17.378860103205525 255.19966554794405 17.346743881832445 28.368121617091035 86.82332620574516 -999.0 16600.0 -999.0 2 -999 {-999.0 -999.0 -999.0 -999.0 -999.0} "" -999.0 -999.0 -999.0 -999.0 -999 -999 "" "" "" "" 0 0 0.0 0.0 -999 ""
FIBERMAP 1353 R-12C3 BOSS 1 1 0 1 0 0 -121.31319208793083 -235.33329758919652 143.1 -209.10248618035774 -162.27333975663706 160.18922 149.25569 255.26552532791365 17.38199181098905 -1.2521117 -1.5649369 -0.025101056 255.26552164803184 17.381987421760797 255.19872908090935 17.35004743824922 28.370479465927858 86.82050708028795 5400.0 5400.0 2016.0 1 350 {-999.0 16.986496 16.196814 15.882683 -999.0} sdss_psfmag 16.750702 16.2061 15.510958 14.088 63050395765288819 1061551278 bright_1x1 manual_mwm_halo_distant_kgiant_near_boss_single mwm_halo science 0 0 0.0 0.0 -999 ""
FIBERMAP 1353 R-12C3 METROLOGY 0 0 0 1 0 0 -120.57363586275231 -235.22110071533373 143.1 -208.3847116554698 -162.48308893201994 160.18922 149.25569 -999.0 -999.0 -999.0 -999.0 -999.0 255.268807314879 17.381079465481896 255.2021121288741 17.3490984198136 28.36718758592874 86.8197099747203 -999.0 6231.0 -999.0 -1 -999 {-999.0 -999.0 -999.0 -999.0 -999.0} "" -999.0 -999.0 -999.0 -999.0 -999 -999 "" "" "" "" 0 0 0.0 0.0 -999 ""
FIBERMAP 1354 R+3C8 APOGEE 0 0 0 1 0 0 -87.75078346102171 65.90408135583326 143.1 -51.8032954298204 96.70947322397613 48.640533 98.84034 -999.0 -999.0 -999.0 -999.0 -999.0 256.0111608236129 18.5569362033033 255.94099446302062 18.526439480275737 28.302793286557716 85.26353473104683 -999.0 16600.0 -999.0 2 -999 {-999.0 -999.0 -999.0 -999.0 -999.0} "" -999.0 -999.0 -999.0 -999.0 -999 -999 "" "" "" "" 0 0 0.0 0.0 -999 ""
FIBERMAP 1354 R+3C8 BOSS 1 1 0 1 0 0 -87.11171465828555 65.47976362691554 143.1 -51.402587716108556 96.05561250722438 48.640533 98.84034 256.013451433896 18.55385236192469 -15.688403 -7.718261 0.535848 256.01340501976415 18.553830714267654 255.94289249126084 18.523518417106832 28.299836151108785 85.26551061191564 5400.0 5400.0 2016.0 1 52 {-999.0 14.645306 13.932766 13.662888 -999.0} sdss_psfmag_from_g3xp 14.45064 13.965088 13.314604 12.004 63050395765432358 1072498383 bright_1x1 mwm_halo_local_high_boss_single mwm_halo science 0 0 0.0 0.0 -999 ""
FIBERMAP 1354 R+3C8 METROLOGY 0 0 0 1 0 0 -87.78136138501398 65.15861038317495 143.1 -52.144982987409456 96.0464673748162 48.640533 98.84034 -999.0 -999.0 -999.0 -999.0 -999.0 256.00974524672256 18.553833659832833 255.93933590564313 18.523460880496195 28.302789632068333 85.26736032465408 -999.0 6231.0 -999.0 -1 -999 {-999.0 -999.0 -999.0 -999.0 -999.0} "" -999.0 -999.0 -999.0 -999.0 -999 -999 "" "" "" "" 0 0 0.0 0.0 -999 ""
FIBERMAP 1355 R0C10 APOGEE 0 0 0 1 0 0 -73.83765246712657 14.971874516676838 143.1 -60.63960670153259 44.67191271533367 121.589745 16.617397 -999.0 -999.0 -999.0 -999.0 -999.0 255.96833268296572 18.320232609696514 255.89881702121556 18.289713510436833 28.227194962210866 85.52225474358681 -999.0 16600.0 -999.0 2 -999 {-999.0 -999.0 -999.0 -999.0 -999.0} "" -999.0 -999.0 -999.0 -999.0 -999 -999 "" "" "" "" 0 0 0.0 0.0 -999 ""
FIBERMAP 1355 R0C10 BOSS 1 1 0 1 0 0 -73.27436350039241 14.482922884369245 143.1 -60.33482640275645 43.99136700231003 121.589745 16.617397 255.9701598851361 18.317019022192316 -17.249279 -15.034461 0.6762836 255.97010892342732 18.31697685455472 255.9002476743385 18.286642096325153 28.22455354198975 85.5246086542787 5400.0 5400.0 2016.0 1 491 {-999.0 15.067996 14.640626 14.481614 -999.0} sdss_psfmag_from_g3xp 14.979953 14.65319 14.145473 13.196 63050395765431159 1072569168 bright_1x1 mwm_halo_local_high_boss_single mwm_halo science 0 0 0.0 0.0 -999 ""
FIBERMAP 1355 R0C10 METROLOGY 0 0 0 1 0 0 -73.99019396577152 14.241536874416116 143.1 -61.08549941797841 44.073993967967425 121.589745 16.617397 -999.0 -999.0 -999.0 -999.0 -999.0 255.96641503051222 18.317402624642135 255.89665595798567 18.287006780306328 28.227735714065695 85.52606059942337 -999.0 6231.0 -999.0 -1 -999 {-999.0 -999.0 -999.0 -999.0 -999.0} "" -999.0 -999.0 -999.0 -999.0 -999 -999 "" "" "" "" 0 0 0.0 0.0 -999 ""
FIBERMAP 1356 R+8C9 APOGEE 0 0 0 1 0 0 -34.90584994052243 152.06527422068183 143.1 32.39657653092603 152.5715756890686 190.30147 121.39352 -999.0 -999.0 -999.0 -999.0 -999.0 256.41632890813975 18.80935761631537 256.3451130797122 18.779911321791268 28.08266746644292 84.80630360198512 -999.0 16600.0 -999.0 2 -999 {-999.0 -999.0 -999.0 -999.0 -999.0} "" -999.0 -999.0 -999.0 -999.0 -999 -999 "" "" "" "" 0 0 0.0 0.0 -999 ""
FIBERMAP 1356 R+8C9 BOSS 1 1 0 1 0 0 -35.41932553983996 152.6462555665034 143.1 32.17571912038547 153.314581001344 190.30147 121.39352 256.4156455640286 18.812601667331656 -0.2495769 0.10773594 0.0058023366 256.4156448245269 18.81260196950207 256.3440651590206 18.783330191485692 28.085139961676646 84.80340056765645 5400.0 5400.0 2016.0 1 123 {-999.0 20.496239 20.24919 20.028349 19.850039} sdss_psfmag_from_gaiadr2 20.5052 20.280485 19.702381 -999.0 63050395765435131 1056793163 dark_flexible_2x2 bhm_gua_dark bhm_filler science 0 0 0.0 0.0 -999 ""
FIBERMAP 1356 R+8C9 METROLOGY 0 0 0 1 0 0 -34.67849908533479 152.77588914394002 143.1 32.90198897862927 153.12010590768747 190.30147 121.39352 -999.0 -999.0 -999.0 -999.0 -999.0 256.4190287741438 18.811746260531876 256.34754881531353 18.782434148985363 28.081804605986825 84.80255503302527 -999.0 6231.0 -999.0 -1 -999 {-999.0 -999.0 -999.0 -999.0 -999.0} "" -999.0 -999.0 -999.0 -999.0 -999 -999 "" "" "" "" 0 0 0.0 0.0 -999 ""
FIBERMAP 1357 R+3C5 APOGEE 1 1 0 1 0 0 -176.12832036277348 38.18086780441761 143.1 -143.6070880150821 108.79536647290533 312.99207 34.992622 255.57119865393054 18.61121301574863 -14.451725 -20.239607 2.5404487 255.5714616554816 18.611156249074945 255.50158402473386 18.579387334127617 28.69581489926872 85.43181806097068 16000.0 16600.0 2016.0 2 148 {-999.0 9.521545 8.663732 8.34823 -999.0} sdss_psfmag_from_g3xp 9.265713 8.705808 7.9985023 6.575 63050395765437059 1106272513 bright_1x1 mwm_tess_rgb_apogee mwm_tessrgb science 0 0 1.0432127714157104 0.0 -999 ""
FIBERMAP 1357 R+3C5 BOSS 0 0 0 1 0 0 -176.86063566908803 38.32947109476113 143.1 -144.20845844238164 109.23852151448484 312.99207 34.992622 -999.0 -999.0 -999.0 -999.0 -999.0 255.56889457826432 18.61301227792236 255.498667157069 18.58140914242842 28.6992037934236 85.43125148500576 -999.0 5400.0 -999.0 1 40 {-999.0 -999.0 -999.0 -999.0 -999.0} "" -999.0 -999.0 -999.0 -999.0 -999 -999 "" "" "" "" 0 0 0.0 0.0 -999 ""
FIBERMAP 1357 R+3C5 METROLOGY 0 0 0 1 0 0 -176.3676820680246 38.88664623116445 143.1 -143.52685924145086 109.53607320889631 312.99207 34.992622 -999.0 -999.0 -999.0 -999.0 -999.0 255.57206292244686 18.614416243150504 255.50192705025484 18.582772330216294 28.69710780129543 85.428232446869 -999.0 6231.0 -999.0 -1 -999 {-999.0 -999.0 -999.0 -999.0 -999.0} "" -999.0 -999.0 -999.0 -999.0 -999 -999 "" "" "" "" 0 0 0.0 0.0 -999 ""
FIBERMAP 1358 R-3C14 APOGEE 0 0 0 1 0 0 27.645065290626473 -75.41074897009834 143.1 -6.69562971752311 -80.014491696612 286.71484 76.57453 -999.0 -999.0 -999.0 -999.0 -999.0 256.2259131262845 17.75180265352037 256.15759480105305 17.722262158147277 27.742514468114607 85.95739257483024 -999.0 16600.0 -999.0 2 215 {-999.0 -999.0 -999.0 -999.0 -999.0} "" -999.0 -999.0 -999.0 -999.0 -999 -999 "" ops_sky_apogee_best_unassigned ops_sky sky_apogee 0 0 0.0 0.0 -999 ""
FIBERMAP 1358 R-3C14 BOSS 1 1 0 1 0 0 26.900809828653376 -75.4677796214538 143.1 -7.394430912707382 -79.75274671536077 286.71484 76.57453 256.2229265096196 17.752798109580027 -0.23244028 -7.503401 0.32273135 256.22292582509033 17.752777064553236 256.15425065415224 17.72341080224094 27.745863906288328 85.95795539871058 5400.0 5400.0 2016.0 1 264 {-999.0 16.103918 15.831527 15.747597 -999.0} sdss_psfmag 16.078852 15.834189 15.433024 14.699 63050395765400278 981776426 "" ops_std_boss_tic ops_std standard_boss 0 0 0.0 0.0 -999 ""
FIBERMAP 1358 R-3C14 METROLOGY 0 0 0 1 0 0 27.2199240510361 -74.79244385070183 143.1 -6.820679092195935 -79.27484970857964 286.71484 76.57453 -999.0 -999.0 -999.0 -999.0 -999.0 256.22557546511797 17.755003593902572 256.15699315684856 17.725592073780607 27.744597125668562 85.95438627435306 -999.0 6231.0 -999.0 -1 -999 {-999.0 -999.0 -999.0 -999.0 -999.0} "" -999.0 -999.0 -999.0 -999.0 -999 -999 "" "" "" "" 0 0 0.0 0.0 -999 ""
FIBERMAP 1359 R-7C12 APOGEE 0 0 0 1 0 0 17.2465769566739 -129.5175684815115 143.1 -38.91118942031161 -124.69119929698563 190.54819 80.883484 -999.0 -999.0 -999.0 -999.0 -999.0 256.07167086849483 17.549234631565657 256.0040170479334 17.519339982633 27.77505997392271 86.2377338551899 -999.0 16600.0 -999.0 2 161 {-999.0 -999.0 -999.0 -999.0 -999.0} "" -999.0 -999.0 -999.0 -999.0 -999 -999 "" ops_sky_apogee_best_unassigned ops_sky sky_apogee 0 0 0.0 0.0 -999 ""
FIBERMAP 1359 R-7C12 BOSS 1 1 0 1 0 0 17.235857464416263 -128.78559006640012 143.1 -38.612626874023675 -124.02303362867407 190.54819 80.883484 256.07344165747054 17.55203066933184 -1.7949314 -2.1366234 -0.008332138 256.0734363773453 17.552024676676236 256.00541749576365 17.522317389366275 27.775299778822657 86.23405573030473 5400.0 5400.0 2016.0 1 381 {-999.0 16.326778 15.407805 15.008008 -999.0} sdss_psfmag 16.026691 15.402522 14.640914 12.972 63050395765399461 1061551325 bright_1x1 manual_mwm_halo_distant_kgiant_near_boss_single mwm_halo science 0 0 0.0 0.0 -999 ""
FIBERMAP 1359 R-7C12 METROLOGY 0 0 0 1 0 0 17.88586356572487 -129.13331043641827 143.1 -38.169742928105826 -124.6120534307017 190.54819 80.883484 -999.0 -999.0 -999.0 -999.0 -999.0 256.07545107952916 17.54940828582706 256.0075377007937 17.51965591597149 27.772256034324982 86.23561656545701 -999.0 6231.0 -999.0 -1 -999 {-999.0 -999.0 -999.0 -999.0 -999.0} "" -999.0 -999.0 -999.0 -999.0 -999 -999 "" "" "" "" 0 0 0.0 0.0 -999 ""
FIBERMAP 1362 R-12C4 APOGEE 0 0 0 1 0 0 -84.82275479413163 -214.49483576754795 143.1 -167.24192576566722 -158.7484503753135 119.761185 64.78286 -999.0 -999.0 -999.0 -999.0 -999.0 255.46223808720464 17.39713028712612 255.39556371741708 17.365563034459452 28.21261015718173 86.7035095256615 -999.0 16600.0 -999.0 2 -999 {-999.0 -999.0 -999.0 -999.0 -999.0} "" -999.0 -999.0 -999.0 -999.0 -999 -999 "" "" "" "" 0 0 0.0 0.0 -999 ""
FIBERMAP 1362 R-12C4 BOSS 1 1 0 1 0 0 -84.07425012524718 -214.4311243639764 143.1 -166.53645833255266 -159.00592783106978 119.761185 64.78286 255.46595659834617 17.395713941414012 -18.791119 12.853619 5.4998198 255.4659013682104 17.39574999235923 255.39887882537215 17.364373605743964 28.20926134885319 86.70298858523881 5400.0 5400.0 2016.0 1 351 {-999.0 21.129503 19.460516 17.59241 -999.0} sdss_psfmag 20.403696 18.339539 16.996038 14.45 63050395765401012 1094683213 bright_1x1 mwm_bin_vis_boss mwm_filler science 0 0 0.0 0.0 -999 ""
FIBERMAP 1362 R-12C4 METROLOGY 0 0 0 1 0 0 -84.39649770918093 -215.1071811586804 143.1 -167.11335469509817 -159.48315890448967 119.761185 64.78286 -999.0 -999.0 -999.0 -999.0 -999.0 255.46310113258818 17.3936661179657 255.396184191354 17.362232108799393 28.210504552561538 86.70651455320842 -999.0 6231.0 -999.0 -1 -999 {-999.0 -999.0 -999.0 -999.0 -999.0} "" -999.0 -999.0 -999.0 -999.0 -999 -999 "" "" "" "" 0 0 0.0 0.0 -999 ""
FIBERMAP 1363 R-6C13 APOGEE 0 0 0 1 0 0 61.826330561262125 -115.53793596017817 143.1 7.394903002175394 -130.79180547569737 33.51116 83.90606 -999.0 -999.0 -999.0 -999.0 -999.0 256.29265894746237 17.5209331084577 256.22485881264265 17.491684030995206 27.576620041007267 86.15214765724738 -999.0 16600.0 -999.0 2 -999 {-999.0 -999.0 -999.0 -999.0 -999.0} "" -999.0 -999.0 -999.0 -999.0 -999 -999 "" "" "" "" 0 0 0.0 0.0 -999 ""
FIBERMAP 1363 R-6C13 BOSS 1 1 0 1 0 0 62.17413354567724 -116.19265813546856 143.1 7.434495876119157 -131.53189320064493 33.51116 83.90606 256.2932729177053 17.51736781178746 -24.724901 -11.864304 0.6393284 256.2932001987131 17.51733453558472 256.2250496412229 17.48827375441669 27.574838032382956 86.15543436464961 5400.0 5400.0 2016.0 1 380 {-999.0 16.378109 16.054949 15.93999 -999.0} sdss_psfmag 16.315212 16.055067 15.595076 14.851 63050395765398115 976413459 "" ops_std_boss ops_std standard_boss 0 0 0.0 0.0 -999 ""
FIBERMAP 1363 R-6C13 METROLOGY 0 0 0 1 0 0 61.431664143974686 -116.17110292044795 143.1 6.770411391544142 -131.19965026392276 33.51116 83.90606 -999.0 -999.0 -999.0 -999.0 -999.0 256.2899324504035 17.518913243525017 256.2218827196351 17.489789950831266 27.578216110139593 86.15555040612571 -999.0 6231.0 -999.0 -1 -999 {-999.0 -999.0 -999.0 -999.0 -999.0} "" -999.0 -999.0 -999.0 -999.0 -999 -999 "" "" "" "" 0 0 0.0 0.0 -999 ""
FIBERMAP 1364 R+13C6 APOGEE 0 0 0 1 0 0 -28.471928158757958 269.3613551988228 143.1 87.63055579482926 256.2087929732465 108.93038 75.37069 -999.0 -999.0 -999.0 -999.0 -999.0 256.6819233941484 19.273406543360764 256.6092387630233 19.244525590140256 28.077631821615093 84.20848813469229 -999.0 16600.0 -999.0 2 105 {-999.0 -999.0 -999.0 -999.0 -999.0} "" -999.0 -999.0 -999.0 -999.0 -999 -999 "" ops_sky_apogee_best_unassigned ops_sky sky_apogee 0 0 0.0 0.0 -999 ""
FIBERMAP 1364 R+13C6 BOSS 1 1 0 1 0 0 -27.734118424524105 269.40375902301815 143.1 88.31735268411771 255.93650121816322 108.93038 75.37069 256.68518253696965 19.271977491364215 0.24054965 2.6247787 0.38249102 256.6855685851699 19.27198485316462 256.61252627944833 19.243291679612984 28.074309679305784 84.20809690159885 5400.0 5400.0 2016.0 1 84 {-999.0 13.416595 12.455993 12.07185 -999.0} sdss_psfmag_from_g3xp 13.105068 12.470924 11.708061 10.015 63050395765471930 996737885 bright_1x1 mwm_bin_gaia_sb_boss mwm_bin science 0 0 1.3094651699066162 0.0 -999 ""
FIBERMAP 1364 R+13C6 METROLOGY 0 0 0 1 0 0 -28.054340212764277 268.7386783391826 143.1 87.74691573660803 255.46836848964864 108.93038 75.37069 -999.0 -999.0 -999.0 -999.0 -999.0 256.68273782194456 19.269974191037274 256.60980484406105 19.241223693619755 28.075627820734546 84.21152341539096 -999.0 6231.0 -999.0 -1 -999 {-999.0 -999.0 -999.0 -999.0 -999.0} "" -999.0 -999.0 -999.0 -999.0 -999 -999 "" "" "" "" 0 0 0.0 0.0 -999 ""
FIBERMAP 1365 R+12C3 APOGEE 0 0 0 1 0 0 -117.27625020724747 213.51678104276561 143.1 -16.403828638550046 242.97809282964988 304.11075 57.82337 -999.0 -999.0 -999.0 -999.0 -999.0 256.18299474043323 19.217135215852018 256.11094708544556 19.18685260627623 28.467886314826742 84.51406420332302 -999.0 16600.0 -999.0 2 -999 {-999.0 -999.0 -999.0 -999.0 -999.0} "" -999.0 -999.0 -999.0 -999.0 -999 -999 "" "" "" "" 0 0 0.0 0.0 -999 ""
FIBERMAP 1365 R+12C3 BOSS 1 1 0 1 0 0 -118.01763005517549 213.4754074829666 143.1 -17.093428476955943 243.2528222737257 304.11075 57.82337 256.1799796700714 19.218294782468003 20.005732 -26.628172 0.86616164 256.1800390922789 19.218220097578026 256.1076397137153 19.18810230214561 28.471233586894108 84.51445016150072 5400.0 5400.0 2016.0 1 94 {-999.0 16.992828 16.363792 16.138702 -999.0} sdss_psfmag 16.821348 16.383825 15.775767 14.588 63050395765441116 1072706484 bright_1x1 mwm_halo_local_high_boss_single mwm_halo science 0 0 0.0 0.0 -999 ""
FIBERMAP 1365 R+12C3 METROLOGY 0 0 0 1 0 0 -117.6838374111043 214.14170875999696 143.1 -16.510173393817734 243.71634613039328 304.11075 57.82337 -999.0 -999.0 -999.0 -999.0 -999.0 256.182745444091 19.22033180976659 256.11043735585554 19.19017170330044 28.469850295080164 84.5109716060914 -999.0 6231.0 -999.0 -1 -999 {-999.0 -999.0 -999.0 -999.0 -999.0} "" -999.0 -999.0 -999.0 -999.0 -999 -999 "" "" "" "" 0 0 0.0 0.0 -999 ""
FIBERMAP 1369 R-1C18 APOGEE 1 1 0 1 0 0 111.08530544269601 -18.427747430497362 143.1 92.95485160225597 -63.49248513087217 342.99863 138.09874 256.7025009539167 17.825373567739753 0.13932033 -9.968765 1.1471707 256.7027763021012 17.825345608026876 256.63379972876805 17.79714308549732 27.378644020901802 85.64059030839704 16000.0 16600.0 2016.0 2 217 {-999.0 10.82381 9.592842 9.103717 -999.0} sdss_psfmag_from_g3xp 10.362825 9.586049 8.7314205 6.845 63050395765407414 1155958320 bright_1x1 mwm_galactic_core_dist_apogee_extra mwm_galactic science 0 0 0.9422605037689209 0.0 -999 ""
FIBERMAP 1369 R-1C18 BOSS 0 0 0 1 0 0 111.44591276225715 -19.071461686493898 143.1 93.01068969170728 -64.22798518176297 342.99863 138.09874 -999.0 -999.0 -999.0 -999.0 -999.0 256.70343079585 17.821781760723795 256.6340990031339 17.79376894052924 27.376794049288783 85.64378418266887 -999.0 5400.0 -999.0 1 295 {-999.0 -999.0 -999.0 -999.0 -999.0} "" -999.0 -999.0 -999.0 -999.0 -999 -999 "" "" "" "" 0 0 0.0 0.0 -999 ""
FIBERMAP 1369 R-1C18 METROLOGY 0 0 0 1 0 0 110.69941889699189 -19.07767553167585 143.1 92.33126114190722 -63.91922421887592 342.99863 138.09874 -999.0 -999.0 -999.0 -999.0 -999.0 256.70008322153603 17.823258177426663 256.6308539854655 17.79518229755957 27.3801846276356 85.64403154861054 -999.0 6231.0 -999.0 -1 -999 {-999.0 -999.0 -999.0 -999.0 -999.0} "" -999.0 -999.0 -999.0 -999.0 -999 -999 "" "" "" "" 0 0 0.0 0.0 -999 ""
FIBERMAP 1370 R0C23 APOGEE 0 0 0 1 0 0 212.73041965477026 3.533914664744933 143.1 194.36119792854805 -86.38990899487234 6.446803 128.92708 -999.0 -999.0 -999.0 -999.0 -999.0 257.18403727153583 17.719306596850856 257.1148471897526 17.69254180446244 26.925713910041473 85.4997404624819 -999.0 16600.0 -999.0 2 89 {-999.0 -999.0 -999.0 -999.0 -999.0} "" -999.0 -999.0 -999.0 -999.0 -999 -999 "" ops_sky_apogee_best_unassigned ops_sky sky_apogee 0 0 0.0 0.0 -999 ""
FIBERMAP 1370 R0C23 BOSS 1 1 0 1 0 0 213.16568118349667 2.9398523334106605 143.1 194.50563304054208 -87.11183344661558 6.446803 128.92708 257.1850872700203 17.715909662743478 2.4134393 -30.579882 0.60516244 257.18509437605627 17.715823894376978 257.115542465409 17.689253902098592 26.923568866956032 85.50263224889834 5400.0 5400.0 2016.0 1 245 {-999.0 15.082513 14.759978 14.63195 -999.0} sdss_psfmag_from_g3xp 15.029313 14.752319 14.297191 13.472 63050395763857115 1072569063 bright_1x1 mwm_halo_local_high_boss_single mwm_halo science 0 0 0.0 0.0 -999 ""
FIBERMAP 1370 R0C23 METROLOGY 0 0 0 1 0 0 212.4178631145855 2.8515603834863574 143.1 193.7904357264851 -86.87693120686703 6.446803 128.92708 -999.0 -999.0 -999.0 -999.0 -999.0 257.18161289653654 17.71695988387682 257.1121662133636 17.690325423864838 26.926908234818306 85.50328898429939 -999.0 6231.0 -999.0 -1 -999 {-999.0 -999.0 -999.0 -999.0 -999.0} "" -999.0 -999.0 -999.0 -999.0 -999 -999 "" "" "" "" 0 0 0.0 0.0 -999 ""
FIBERMAP 1372 R-11C10 APOGEE 0 0 0 1 0 0 27.489830527473924 -194.24512867548017 143.1 -56.8848862114893 -187.69075710899986 159.62456 53.049324 -999.0 -999.0 -999.0 -999.0 -999.0 255.98614846842105 17.264534201145395 255.91929599255423 17.234518228532288 27.710537937185975 86.5642251973087 -999.0 16600.0 -999.0 2 157 {-999.0 -999.0 -999.0 -999.0 -999.0} "" -999.0 -999.0 -999.0 -999.0 -999 -999 "" ops_sky_apogee_best_unassigned ops_sky sky_apogee 0 0 0.0 0.0 -999 ""
FIBERMAP 1372 R-11C10 BOSS 1 1 0 1 0 0 28.117488946443963 -193.84060804527104 143.1 -56.14544863354387 -187.5883427419593 159.62456 53.049324 255.99000932330554 17.264751680032585 -1.9522122 -1.0209019 0.029463058 255.99000358953046 17.264748816676438 255.92279049581504 17.234928577659282 27.707800617603105 86.56201912593225 5400.0 5400.0 2016.0 1 362 {-999.0 16.963749 16.086962 15.728134 -999.0} sdss_psfmag 16.682127 16.085339 15.342069 13.665 63050395765395354 1061672858 bright_1x1 manual_mwm_halo_distant_kgiant_near_boss_single mwm_halo science 0 0 0.0 0.0 -999 ""
FIBERMAP 1372 R-11C10 METROLOGY 0 0 0 1 0 0 28.161785001014255 -194.5837803233263 143.1 -56.418283289834996 -188.28079853741824 159.62456 53.049324 -999.0 -999.0 -999.0 -999.0 -999.0 255.9886126420709 17.261694246411626 255.9215094912953 17.231819000640474 27.707392064385957 86.56576520139367 -999.0 6231.0 -999.0 -1 -999 {-999.0 -999.0 -999.0 -999.0 -999.0} "" -999.0 -999.0 -999.0 -999.0 -999 -999 "" "" "" "" 0 0 0.0 0.0 -999 ""
FIBERMAP 1373 R-9C2 APOGEE 0 0 0 1 0 0 -166.44662618876256 -156.3981628509778 143.1 -216.77841587920696 -71.69801572556494 123.8673 72.30137 -999.0 -999.0 -999.0 -999.0 -999.0 255.22543997374015 17.79128213717898 255.1579970055801 17.758876203735912 28.598530540555387 86.43194033483132 -999.0 16600.0 -999.0 2 -999 {-999.0 -999.0 -999.0 -999.0 -999.0} "" -999.0 -999.0 -999.0 -999.0 -999 -999 "" "" "" "" 0 0 0.0 0.0 -999 ""
FIBERMAP 1373 R-9C2 BOSS 1 1 0 1 0 0 -165.74702166394812 -156.17812880053535 143.1 -216.05144680667632 -71.79316777904718 123.8673 72.30137 255.22918729011016 17.790663504104945 -2.5339077 -1.4124423 0.004284193 255.2291798262512 17.7906595425829 255.16138951332735 17.758440886043218 28.59547768244935 86.43063800789292 5400.0 5400.0 2016.0 1 490 {-999.0 16.466856 15.662923 15.310572 -999.0} sdss_psfmag 16.245712 15.679756 14.966867 13.507 63050395765419997 1061672868 bright_1x1 manual_mwm_halo_distant_kgiant_near_boss_single mwm_halo science 0 0 0.0 0.0 -999 ""
FIBERMAP 1373 R-9C2 METROLOGY 0 0 0 1 0 0 -165.90683240108538 -156.91322075771927 143.1 -216.50593254224677 -72.39233551795924 123.8673 72.30137 -999.0 -999.0 -999.0 -999.0 -999.0 255.22696482862656 17.78800044915071 255.159281219327 17.755726650259525 28.595964050126227 86.4344430640678 -999.0 6231.0 -999.0 -1 -999 {-999.0 -999.0 -999.0 -999.0 -999.0} "" -999.0 -999.0 -999.0 -999.0 -999 -999 "" "" "" "" 0 0 0.0 0.0 -999 ""
FIBERMAP 1374 R-5C8 APOGEE 0 0 0 1 0 0 -64.34276560663685 -111.64546566579057 143.1 -105.35742992331551 -74.12506703931771 8.347017 51.42588 -999.0 -999.0 -999.0 -999.0 -999.0 255.7543737948582 17.77964548707153 255.68644705604402 17.748746102916336 28.150301378388427 86.17155714057367 -999.0 16600.0 -999.0 2 -999 {-999.0 -999.0 -999.0 -999.0 -999.0} "" -999.0 -999.0 -999.0 -999.0 -999 -999 "" "" "" "" 0 0 0.0 0.0 -999 ""
FIBERMAP 1374 R-5C8 BOSS 1 1 0 1 0 0 -64.71075605689919 -112.29702050904365 143.1 -105.96547994212948 -74.56081817267098 8.347017 51.42588 255.7518032441166 17.77746546764739 -7.483646 -3.0219753 0.030042699 255.75178120197577 17.777456991816013 255.68351098834398 17.746731074672542 28.151811229588013 86.17507132768567 5400.0 5400.0 2016.0 1 463 {-999.0 15.813588 16.095213 16.338093 -999.0} sdss_psfmag 15.905851 15.948063 16.028645 16.115 63050395765405197 1166234351 bright_1x1 openfibertargets_mwm_strippedstars_boss open_fiber science 0 0 0.0 0.0 -999 ""
FIBERMAP 1374 R-5C8 METROLOGY 0 0 0 1 0 0 -65.08884305324239 -111.65098147745991 143.1 -106.03618694043124 -73.81584858135051 8.347017 51.42588 -999.0 -999.0 -999.0 -999.0 -999.0 255.75134648207478 17.780901033938918 255.68316751639406 17.75012141335613 28.153703767350358 86.17185943791799 -999.0 6231.0 -999.0 -1 -999 {-999.0 -999.0 -999.0 -999.0 -999.0} "" -999.0 -999.0 -999.0 -999.0 -999 -999 "" "" "" "" 0 0 0.0 0.0 -999 ""
FIBERMAP 1376 R+4C13 APOGEE 0 0 0 1 0 0 36.5657188316879 80.53394604388352 143.1 67.07027784354119 57.61632250926645 22.587582 106.00845 -999.0 -999.0 -999.0 -999.0 -999.0 256.5815226401422 18.37733820926594 256.511257617345 18.348548681523596 27.741542903067902 85.15420826763341 -999.0 16600.0 -999.0 2 -999 {-999.0 -999.0 -999.0 -999.0 -999.0} "" -999.0 -999.0 -999.0 -999.0 -999 -999 "" "" "" "" 0 0 0.0 0.0 -999 ""
FIBERMAP 1376 R+4C13 BOSS 1 1 0 1 0 0 37.03861698610809 79.96855308254332 143.1 67.2609107921512 56.904540138841675 22.587582 106.00845 256.58282637375845 18.37395077229597 -1.9318392 -3.9297075 0.10778469 256.58282066440154 18.373939750520243 256.51220346327506 18.34533712919108 27.73924153948586 85.15693487043025 5400.0 5400.0 2016.0 1 107 {-999.0 17.853752 17.978184 18.080772 -999.0} sdss_psfmag 17.95897 17.881548 17.740742 -999.0 63050395765416824 1061105276 bright_1x1 manual_mwm_halo_distant_bhb_boss_single mwm_halo science 0 0 0.0 0.0 -999 ""
FIBERMAP 1376 R+4C13 METROLOGY 0 0 0 1 0 0 36.305838778777144 79.83457179599408 143.1 66.54010681855728 57.09168375040567 22.587582 106.00845 -999.0 -999.0 -999.0 -999.0 -999.0 256.5792575486664 18.374856069427018 256.5087433796858 18.346191320212544 27.742541949512386 85.15782636091035 -999.0 6231.0 -999.0 -1 -999 {-999.0 -999.0 -999.0 -999.0 -999.0} "" -999.0 -999.0 -999.0 -999.0 -999 -999 "" "" "" "" 0 0 0.0 0.0 -999 ""
FIBERMAP 1378 R-3C2 APOGEE 0 0 0 1 0 0 -219.92520724974378 -66.08865077134169 143.1 -227.23005066087887 32.70458886968862 3.105824 83.155945 -999.0 -999.0 -999.0 -999.0 -999.0 255.1740198911881 18.26446714643014 255.1054180622001 18.231718186723416 28.86529816829323 85.98308267774769 -999.0 16600.0 -999.0 2 -999 {-999.0 -999.0 -999.0 -999.0 -999.0} "" -999.0 -999.0 -999.0 -999.0 -999 -999 "" "" "" "" 0 0 0.0 0.0 -999 ""
FIBERMAP 1378 R-3C2 BOSS 1 1 0 1 0 0 -219.95374601354396 -66.8398964422518 143.1 -227.5723214889358 32.03548855172936 3.105824 83.155945 255.17270896203559 18.261241528545323 2.0218217 6.0814424 3.0656884 255.1727149334376 18.26125858535996 255.1037801939867 18.228680121375024 28.8652469535295 85.98697970220998 5400.0 5400.0 2016.0 1 436 {-999.0 16.900492 15.480274 14.78014 -999.0} sdss_psfmag 16.28601 15.459244 14.298361 12.342 63050395765426355 1094793063 bright_1x1 mwm_bin_vis_boss mwm_filler science 0 0 0.0 0.0 -999 ""
FIBERMAP 1378 R-3C2 METROLOGY 0 0 0 1 0 0 -220.58620340255297 -66.43469421728926 143.1 -227.97508566096252 32.66923364826702 3.105824 83.155945 -999.0 -999.0 -999.0 -999.0 -999.0 255.1707184929098 18.264170796683988 255.1018746496659 18.231536720057903 28.868185318948925 85.98506840666363 -999.0 6231.0 -999.0 -1 -999 {-999.0 -999.0 -999.0 -999.0 -999.0} "" -999.0 -999.0 -999.0 -999.0 -999 -999 "" "" "" "" 0 0 0.0 0.0 -999 ""
FIBERMAP 1381 R-7C10 APOGEE 0 0 0 1 0 0 -22.546553136278227 -123.86893720971217 143.1 -72.61079461396955 -102.81049617733457 156.56374 90.84043 -999.0 -999.0 -999.0 -999.0 -999.0 255.910809863527 17.648980554361565 255.84306158007894 17.6185831435747 27.957228203984158 86.22133793890748 -999.0 16600.0 -999.0 2 170 {-999.0 -999.0 -999.0 -999.0 -999.0} "" -999.0 -999.0 -999.0 -999.0 -999 -999 "" ops_sky_apogee_best_unassigned ops_sky sky_apogee 0 0 0.0 0.0 -999 ""
FIBERMAP 1381 R-7C10 BOSS 1 1 0 1 0 0 -22.255195319873273 -123.18436051702908 143.1 -72.05831632081109 -102.31253091289591 156.56374 90.84043 255.9137373919372 17.651044708253647 9.356194 -12.872916 2.6061 255.91376493001306 17.651008603174326 255.84565528927808 17.620800284457395 27.956103649915143 86.21780079965318 5400.0 5400.0 2016.0 1 385 {-999.0 17.36259 16.020744 15.366133 -999.0} sdss_psfmag 16.799564 15.913995 14.947364 12.949 63050395765403754 1094334191 bright_1x1 mwm_bin_vis_boss mwm_filler science 0 0 0.0 0.0 -999 ""
FIBERMAP 1381 R-7C10 METROLOGY 0 0 0 1 0 0 -21.800749028604606 -123.7742424792314 143.1 -71.89472665838395 -103.038745107902 156.56374 90.84043 -999.0 -999.0 -999.0 -999.0 -999.0 255.9144549870543 17.647768013456528 255.84645246576292 17.617511835404986 27.95387491351231 86.22067017286736 -999.0 6231.0 -999.0 -1 -999 {-999.0 -999.0 -999.0 -999.0 -999.0} "" -999.0 -999.0 -999.0 -999.0 -999 -999 "" "" "" "" 0 0 0.0 0.0 -999 ""
FIBERMAP 1382 R+4C14 APOGEE 0 0 0 1 0 0 49.972888824398986 65.64829360009824 143.1 72.95667018008511 38.4735997558379 294.30307 117.44945 -999.0 -999.0 -999.0 -999.0 -999.0 256.6094139809505 18.290049449257783 256.53934514975117 18.26137742889289 27.677023327492535 85.22694855080414 -999.0 16600.0 -999.0 2 -999 {-999.0 -999.0 -999.0 -999.0 -999.0} "" -999.0 -999.0 -999.0 -999.0 -999 -999 "" "" "" "" 0 0 0.0 0.0 -999 ""
FIBERMAP 1382 R+4C14 BOSS 1 1 0 1 0 0 49.527181553291946 65.04205239619989 143.1 72.29724228685356 38.1116637701112 294.30307 117.44945 256.6066957547187 18.288260453320344 -16.989513 -2.3927479 0.36555728 256.6066455687905 18.28825374229774 256.5362239300722 18.2597569483476 27.678876451227133 85.23013802631226 5400.0 5400.0 2016.0 1 158 {-999.0 17.64671 17.265001 17.101099 -999.0} sdss_psfmag 17.59533 17.267132 16.80782 15.706 63050395765416497 976253343 "" ops_std_boss ops_std standard_boss 0 0 0.0 0.0 -999 ""
FIBERMAP 1382 R+4C14 METROLOGY 0 0 0 1 0 0 49.23252108671227 65.74058440952396 143.1 72.32428231405744 38.86909024868501 294.30307 117.44945 -999.0 -999.0 -999.0 -999.0 -999.0 256.6066797280698 18.291750438423765 256.53635103867975 18.263200566595696 27.680390038626655 85.22664248824213 -999.0 6231.0 -999.0 -1 -999 {-999.0 -999.0 -999.0 -999.0 -999.0} "" -999.0 -999.0 -999.0 -999.0 -999 -999 "" "" "" "" 0 0 0.0 0.0 -999 ""
FIBERMAP 1383 R-9C6 APOGEE 0 0 0 1 0 0 -86.0851783347135 -156.53740672095745 143.1 -143.97704636485994 -105.66944120974884 162.8784 56.553493 -999.0 -999.0 -999.0 -999.0 -999.0 255.5709781006164 17.636794746476586 255.50359231455946 17.605434331013313 28.235855958603338 86.40839338044844 -999.0 16600.0 -999.0 2 165 {-999.0 -999.0 -999.0 -999.0 -999.0} "" -999.0 -999.0 -999.0 -999.0 -999 -999 "" ops_sky_apogee_best_unassigned ops_sky sky_apogee 0 0 0.0 0.0 -999 ""
FIBERMAP 1383 R-9C6 BOSS 1 1 0 1 0 0 -85.5231555228296 -156.05430895177108 143.1 -143.26402386425355 -105.46814136291786 162.8784 56.553493 255.5746643385329 17.637486409403966 -0.11301266 -0.010721697 0.26650187 255.5746640059278 17.637486379332483 255.5069230264382 17.60631575598275 28.233478680364726 86.40580414476229 5400.0 5400.0 2016.0 1 402 {-999.0 18.6795 18.458105 18.264435 18.112202} sdss_psfmag_from_gaiadr2 18.574652 18.47556 17.83855 -999.0 63050395765402977 1057674564 bright_flexible_2x1 bhm_gua_bright bhm_filler science 0 0 0.0 0.0 -999 ""
FIBERMAP 1383 R-9C6 METROLOGY 0 0 0 1 0 0 -85.38217832415029 -156.78744188376922 143.1 -143.44497400186853 -106.19221336058207 162.8784 56.553493 -999.0 -999.0 -999.0 -999.0 -999.0 255.57372894274837 17.634263109822058 255.50609607052218 17.603040336969695 28.232619707224067 86.40950159001807 -999.0 6231.0 -999.0 -1 -999 {-999.0 -999.0 -999.0 -999.0 -999.0} "" -999.0 -999.0 -999.0 -999.0 -999 -999 "" "" "" "" 0 0 0.0 0.0 -999 ""
FIBERMAP 1384 R-12C6 APOGEE 0 0 0 1 0 0 -60.137658257878584 -227.30747353170068 143.1 -150.25728345335776 -180.7614993407802 183.3805 91.49366 -999.0 -999.0 -999.0 -999.0 -999.0 255.54325674531646 17.297602236350738 255.47675430218692 17.266308047259834 28.09719016581274 86.76064589226525 -999.0 16600.0 -999.0 2 -999 {-999.0 -999.0 -999.0 -999.0 -999.0} "" -999.0 -999.0 -999.0 -999.0 -999 -999 "" "" "" "" 0 0 0.0 0.0 -999 ""
FIBERMAP 1384 R-12C6 BOSS 1 1 0 1 0 0 -60.20541564377232 -226.57033359418355 143.1 -150.0082606947074 -180.06463177120634 183.3805 91.49366 255.54473876953122 17.300525227082787 -999.0 -999.0 -999.0 255.54473876953122 17.300525227082787 255.47787679469016 17.269415570194077 28.097728661753273 86.75696990365061 5400.0 5400.0 2015.5 1 403 {-999.0 -999.0 -999.0 -999.0 -999.0} "" -999.0 -999.0 -999.0 -999.0 27021603155053712 813297129 "" ops_sky_boss_good ops_sky sky_boss 0 0 0.0 0.0 -999 ""
FIBERMAP 1384 R-12C6 METROLOGY 0 0 0 1 0 0 -59.529185068566875 -226.8757069762559 143.1 -149.52376529173415 -180.62630226388953 183.3805 91.49366 -999.0 -999.0 -999.0 -999.0 -999.0 255.5469528787036 17.298043290445047 255.48019429702936 17.26688957237639 28.094579277916495 86.75829184938186 -999.0 6231.0 -999.0 -1 -999 {-999.0 -999.0 -999.0 -999.0 -999.0} "" -999.0 -999.0 -999.0 -999.0 -999 -999 "" "" "" "" 0 0 0.0 0.0 -999 ""
FIBERMAP 1388 R-10C8 APOGEE 0 0 0 1 0 0 -4.89585325984962 -194.3799439866344 143.1 -86.30426922180818 -174.17337203796458 35.278557 76.04253 -999.0 -999.0 -999.0 -999.0 -999.0 255.84620687026793 17.326011668054075 255.7793371169032 17.295568946946858 27.857128473842906 86.57560847738853 -999.0 16600.0 -999.0 2 -999 {-999.0 -999.0 -999.0 -999.0 -999.0} "" -999.0 -999.0 -999.0 -999.0 -999 -999 "" "" "" "" 0 0 0.0 0.0 -999 ""
FIBERMAP 1388 R-10C8 BOSS 1 1 0 1 0 0 -4.598490190095405 -195.094698115735 143.1 -86.3356910605062 -174.94664459325432 35.278557 76.04253 255.84640025221407 17.322310056027362 -0.5331329 -6.1511807 0.17715512 255.84639868587814 17.322292803615152 255.77918382467567 17.292035671214734 27.85557327900075 86.57920072006917 5400.0 5400.0 2016.0 1 372 {-999.0 17.910843 17.49059 17.320381 17.246082} sdss_psfmag_from_gaia 17.8391 17.5045 16.9902 16.013 63050395765396034 971308401 "" ops_std_boss_gdr2 ops_std standard_boss 0 0 0.0 0.0 -999 ""
FIBERMAP 1388 R-10C8 METROLOGY 0 0 0 1 0 0 -5.34713186501466 -194.97409009747932 143.1 -86.96365439406362 -174.52199552776577 35.278557 76.04253 -999.0 -999.0 -999.0 -999.0 -999.0 255.84331350301406 17.324280979465446 255.7761969944445 17.293962186814436 27.858998478410882 86.57882236189323 -999.0 6231.0 -999.0 -1 -999 {-999.0 -999.0 -999.0 -999.0 -999.0} "" -999.0 -999.0 -999.0 -999.0 -999 -999 "" "" "" "" 0 0 0.0 0.0 -999 ""
FIBERMAP 1391 R-5C4 APOGEE 0 0 0 1 0 0 -173.03986881908247 -105.04059248390402 143.1 -201.12635294765403 -22.357655788490376 199.11313 150.02106 -999.0 -999.0 -999.0 -999.0 -999.0 255.29822487253475 18.015023719707408 255.2301416221428 17.982729850903407 28.64362104541798 86.17019123286161 -999.0 16600.0 -999.0 2 -999 {-999.0 -999.0 -999.0 -999.0 -999.0} "" -999.0 -999.0 -999.0 -999.0 -999 -999 "" "" "" "" 0 0 0.0 0.0 -999 ""
FIBERMAP 1391 R-5C4 BOSS 1 1 0 1 0 0 -173.78254261896026 -104.91051194183216 143.1 -201.7449160184429 -21.926931864642395 199.11313 150.02106 255.29558304417432 18.016794173179953 0.093850985 -0.36663073 -2.8064651 255.29558332097375 18.016793144879074 255.22715274380195 17.984666516646236 28.647041085164318 86.16977062279821 5400.0 5400.0 2016.0 1 454 {-999.0 21.046774 20.82541 20.631773 20.479572} sdss_psfmag_from_gaiadr2 20.952974 20.842848 20.216959 -999.0 63050395765421776 1056793116 dark_flexible_2x2 bhm_gua_dark bhm_filler science 0 0 0.0 0.0 -999 ""
FIBERMAP 1391 R-5C4 METROLOGY 0 0 0 1 0 0 -173.29913738548964 -104.34099131824964 143.1 -201.06677443272102 -21.614165678542808 199.11313 150.02106 -999.0 -999.0 -999.0 -999.0 -999.0 255.2987003414746 18.018267670631985 255.2303607720488 17.98609953534165 28.645024502375726 86.16669243188363 -999.0 6231.0 -999.0 -1 -999 {-999.0 -999.0 -999.0 -999.0 -999.0} "" -999.0 -999.0 -999.0 -999.0 -999 -999 "" "" "" "" 0 0 0.0 0.0 -999 ""
FIBERMAP 1392 R-12C10 APOGEE 0 0 0 1 0 0 45.940696987220726 -245.2191242989814 143.1 -61.62464212971139 -241.67732683707817 269.2925 123.53451 -999.0 -999.0 -999.0 -999.0 -999.0 255.9641233576567 17.022210188540345 255.89789993360785 16.992236843027936 27.61269319284399 86.81553550701739 -999.0 16600.0 -999.0 2 -999 {-999.0 -999.0 -999.0 -999.0 -999.0} "" -999.0 -999.0 -999.0 -999.0 -999 -999 "" "" "" "" 0 0 0.0 0.0 -999 ""
FIBERMAP 1392 R-12C10 BOSS 1 1 0 1 0 0 45.31001434758636 -245.64565922553342 143.1 -62.37609321159594 -241.79842686350622 269.2925 123.53451 255.9609323451403 17.021531085423135 -4.734724 -19.282171 0.5587657 255.96091845714696 17.021477004103904 255.8943433139521 16.991680917365333 27.615413148149173 86.81792437846394 5400.0 5400.0 2016.0 1 406 {-999.0 15.947127 15.552606 15.387586 -999.0} sdss_psfmag 15.866237 15.548762 15.057749 14.168 63050395765394085 1072653061 bright_1x1 mwm_halo_local_high_boss_single mwm_halo science 0 0 0.0 0.0 -999 ""
FIBERMAP 1392 R-12C10 METROLOGY 0 0 0 1 0 0 45.26940585148765 -244.89350152398254 143.1 -62.09613089835959 -241.09937745861149 269.2925 123.53451 -999.0 -999.0 -999.0 -999.0 -999.0 255.9621359328708 17.024653934670052 255.89565256717526 16.994807239921368 27.615810794510523 86.81415021284693 -999.0 6231.0 -999.0 -1 -999 {-999.0 -999.0 -999.0 -999.0 -999.0} "" -999.0 -999.0 -999.0 -999.0 -999 -999 "" "" "" "" 0 0 0.0 0.0 -999 ""
FIBERMAP 1393 R-12C5 APOGEE 0 0 0 1 0 0 -49.64740310701663 -233.29393388638195 143.1 -143.26752251668694 -190.60724220999361 32.623436 79.59729 -999.0 -999.0 -999.0 -999.0 -999.0 255.57662168874853 17.253151240279298 255.51019855522372 17.22197114428728 28.04797640742965 86.78756087189424 -999.0 16600.0 -999.0 2 -999 {-999.0 -999.0 -999.0 -999.0 -999.0} "" -999.0 -999.0 -999.0 -999.0 -999 -999 "" "" "" "" 0 0 0.0 0.0 -999 ""
FIBERMAP 1393 R-12C5 BOSS 1 1 0 1 0 0 -49.365428355916045 -233.98665745824647 143.1 -143.3036178020969 -191.35405970298189 32.623436 79.59729 255.57694690175256 17.249628547083578 -46.994553 -14.4121 0.9700501 255.5768088870206 17.249588124961875 255.5100434663646 17.21859210139477 28.046495245335514 86.7910062263896 5400.0 5400.0 2016.0 1 352 {-999.0 17.107403 16.439577 16.169975 -999.0} sdss_psfmag 16.92303 16.463974 15.832027 14.554 63050395765283192 1072759749 bright_1x1 mwm_halo_local_high_boss_single mwm_halo science 0 0 0.0 0.0 -999 ""
FIBERMAP 1393 R-12C5 METROLOGY 0 0 0 1 0 0 -50.1045228303859 -233.8835978067795 143.1 -143.93031583326552 -190.94934184830123 32.623436 79.59729 -999.0 -999.0 -999.0 -999.0 -999.0 255.5737384414745 17.251479538302146 255.50707053916335 17.22042243375901 28.049864015286467 86.79071774720069 -999.0 6231.0 -999.0 -1 -999 {-999.0 -999.0 -999.0 -999.0 -999.0} "" -999.0 -999.0 -999.0 -999.0 -999 -999 "" "" "" "" 0 0 0.0 0.0 -999 ""
FIBERMAP 1395 R+4C20 APOGEE 0 0 0 1 0 0 187.8546039886748 73.56755690999438 143.1 201.30294595159216 -12.416894068030453 303.5213 145.5947 -999.0 -999.0 -999.0 -999.0 -999.0 257.2202433050166 18.05463394552347 257.1501663555056 18.027826176275013 27.055042050405355 85.15054814624159 -999.0 16600.0 -999.0 2 -999 {-999.0 -999.0 -999.0 -999.0 -999.0} "" -999.0 -999.0 -999.0 -999.0 -999 -999 "" "" "" "" 0 0 0.0 0.0 -999 ""
FIBERMAP 1395 R+4C20 BOSS 1 1 0 1 0 0 187.84647494873727 72.81270464434411 143.1 200.97766071738496 -13.097860116826608 303.5213 145.5947 257.21902849719817 18.051634707799778 -119.59673 -97.04995 10.783724 257.2190936415856 18.05136250840038 257.14865995094436 18.024739960839316 27.054844868835232 85.15436228963001 5400.0 5400.0 2016.0 1 205 {-999.0 13.117764 12.0675335 11.677067 -999.0} sdss_psfmag_from_g3xp 12.750472 12.098022 11.31927 9.737 63050395763861919 1150951324 bright_1x1 mwm_snc_100pc_boss_single mwm_snc science 0 0 1.4305466413497925 0.0 -999 ""
FIBERMAP 1395 R+4C20 METROLOGY 0 0 0 1 0 0 187.20355133026203 73.20314997196292 143.1 200.55919225560618 -12.473086440631995 303.5213 145.5947 -999.0 -999.0 -999.0 -999.0 -999.0 257.2170242486839 18.054266199581907 257.1466871060028 18.027584176871564 27.057842783421556 85.15254431915344 -999.0 6231.0 -999.0 -1 -999 {-999.0 -999.0 -999.0 -999.0 -999.0} "" -999.0 -999.0 -999.0 -999.0 -999 -999 "" "" "" "" 0 0 0.0 0.0 -999 ""
FIBERMAP 1396 R0C3 APOGEE 1 1 0 1 0 0 -261.69551296074235 -2.9402884557693683 143.1 -238.50557411280866 107.5503538498932 208.15854 99.464874 255.12076859745744 18.60278045896584 2.9672506 -1.3751105 0.63466686 255.12077737858763 18.602776602149472 255.05135611331693 18.569737704739744 29.068758430338896 85.6690354121544 16000.0 16600.0 2016.0 2 297 {-999.0 12.3348 11.508715 11.185405 -999.0} sdss_psfmag_from_g3xp 12.08657 11.53606 10.831417 9.372 63050395765430239 1108096335 bright_1x1 mwm_tess_rgb_apogee mwm_tessrgb science 0 0 0.0 0.0 -999 ""
FIBERMAP 1396 R0C3 BOSS 0 0 0 1 0 0 -262.14792741963873 -2.351234066099379 143.1 -238.6676701486669 108.27496199273297 208.15854 99.464874 -999.0 -999.0 -999.0 -999.0 -999.0 255.12035010850914 18.605873625166502 255.05057940236384 18.57300308335133 29.07093280929655 85.66612366813376 -999.0 5400.0 -999.0 1 422 {-999.0 -999.0 -999.0 -999.0 -999.0} "" -999.0 -999.0 -999.0 -999.0 -999 -999 "" "" "" "" 0 0 0.0 0.0 -999 ""
FIBERMAP 1396 R0C3 METROLOGY 0 0 0 1 0 0 -261.4172451699944 -2.2410578537895836 143.1 -237.95879227324556 108.06711815716679 208.15854 99.464874 -999.0 -999.0 -999.0 -999.0 -999.0 255.12359819220467 18.60501137631524 255.05392336725765 18.572101970622178 29.067708640185046 85.66534393056776 -999.0 6231.0 -999.0 -1 -999 {-999.0 -999.0 -999.0 -999.0 -999.0} "" -999.0 -999.0 -999.0 -999.0 -999 -999 "" "" "" "" 0 0 0.0 0.0 -999 ""
FIBERMAP 1400 R-5C13 APOGEE 0 0 0 1 0 0 44.630595676670765 -90.5364525970926 143.1 2.333996330414928 -100.88192680930922 30.721056 118.00609 -999.0 -999.0 -999.0 -999.0 -999.0 256.2688615009142 17.65679606286374 256.20074150972437 17.627419740483123 27.66134200188477 86.02967936448306 -999.0 16600.0 -999.0 2 155 {-999.0 -999.0 -999.0 -999.0 -999.0} "" -999.0 -999.0 -999.0 -999.0 -999 -999 "" ops_sky_apogee_best_unassigned ops_sky sky_apogee 0 0 0.0 0.0 -999 ""
FIBERMAP 1400 R-5C13 BOSS 1 1 0 1 0 0 45.280929501775404 -90.90271349614913 143.1 2.769368844058667 -101.48789447759981 30.721056 118.00609 256.27127961503135 17.653848206139937 4.9823375 -16.373215 2.1700969 256.27129427976814 17.653802283663495 256.20282164413226 17.62461821558692 27.658267434658804 86.03140108230406 5400.0 5400.0 2016.0 1 379 {-999.0 19.168936 17.812536 16.623854 -999.0} sdss_psfmag_ps1 18.63506 17.342665 16.139923 13.778 63050395765399904 1094213290 bright_1x1 mwm_bin_vis_boss mwm_filler science 0 0 0.0 0.0 -999 ""
FIBERMAP 1400 R-5C13 METROLOGY 0 0 0 1 0 0 44.64384127822653 -91.28572363507251 143.1 2.0304410969922335 -101.56683480118656 30.721056 118.00609 -999.0 -999.0 -999.0 -999.0 -999.0 256.2676598374333 17.653515019794064 256.1992925003515 17.624268670623714 27.6610619404329 86.03355082361315 -999.0 6231.0 -999.0 -1 -999 {-999.0 -999.0 -999.0 -999.0 -999.0} "" -999.0 -999.0 -999.0 -999.0 -999 -999 "" "" "" "" 0 0 0.0 0.0 -999 ""
